T,X_mp,DotX_mp,K_mp,has_k_inversion,always_negative,kh_val_signed_mp,perimeter_scaled_mp,perimeter_postnorm,perimeter_pre,period_post,state_post
0.004,0.62334130791193899550585698023127,4.3486947535640138521864829557607,-0.26459786427267485810544510542487,0.0,1.0,-0.0089938382572474218079605634557083,1.0,15.09996582107725,2.705678375944162,1.0,1.0
0.005,0.62767969470437638210296211137781,4.3280018356998965436713933336364,-0.25061323438543711177813685077403,,,,,,,,
0.006,0.63199715696833997164994195051918,4.3068451553304817769281510545816,-0.23776689398394160410741334052608,,,,,,,,
0.007,0.63629322923383691010482488027637,4.2852212146056122906102901342695,-0.22593404669326646449252353398157,,,,,,,,
0.008,0.64056744228365743712177062140257,4.263126016189026942047770494464,-0.2150054636518607109019628594795,,,,,,,,
0.009000000000000001,0.64481932265164875731981896376854,4.240555058791151178661613470744,-0.20488529109843450504592905648282,,,,,,,,
0.01,0.64904839211656642500039172401141,4.2175033327966776574997729346212,-0.19548920749169666556444343366225,,,,,,,,
0.011,0.65325416719161499793056292021947,4.1939653160217494912476308817694,-0.18674286894071846816616292150129,,,,,,,,
0.012,0.65743615860982722906419190383107,4.1699349696410131470746104167305,-0.17858059330054379599192309786603,,,,,,,,
0.013000000000000001,0.66159387080547419488759553862113,4.1454057343305897405255838177893,-0.17094424251188021934031446198236,,,,,,,,
0.014,0.66572680139174784185010683796481,4.1203705266791406727577757443492,-0.16378227014483380407475065611394,,,,,,,,
0.015,0.66983444063501282229605228662587,4.0948217359256935153273810615209,-0.15704890703771475017100331132282,,,,,,,,
0.016,0.67391627092598655922948327747789,4.0687512210897625224307919873672,-0.15070346270742351617059945884691,,,,,,,,
0.017,0.67797176624827561071579127307146,4.0421503085665589354907907381802,-0.14470972408472531707477342335093,,,,,,,,
0.018000000000000002,0.68200039164477299792247443607786,4.0150097902677505862316108833206,-0.13903543628091325346768600499894,,,,,,,,
0.019,0.68600160268250562360436218971504,3.9873199223963062662193951240569,-0.13365185266712010261386251409618,,,,,,,,
0.02,0.6899748449166136543003211095453,3.9590704249524520694598637727454,-0.12853334365817636148426230491442,,,,,,,,
0.021,0.69391955335424518554789868283429,3.9302504820766738604610686172551,-0.123657055329767678014323240735,,,,,,,,
0.022,0.69783515191926006764827150883266,3.9008487433450159612579309779536,-0.11900261043236506105200096846646,,,,,,,,
0.023,0.7017210529187568430806552806141,3.8708533261416382114936884852357,-0.11455184555499631312088612617708,,,,,,,,
0.024,0.70557665651256672205284599969892,3.8402518192436810646097282082384,-0.11028857918190274939889890309396,,,,,,,,
0.025,0.70940135018699876127963048822493,3.8090312877639216285077629880278,-0.10619840621191167095973606729182,,,,,,,,
0.026000000000000002,0.71319450823427123950546083345173,3.7771782796074424263992917334101,-0.10226851520319825752204065072341,,,,,,,,
0.027,0.71695549123922592220798409141186,3.7446788336095271490332815534507,-0.09848752518855148138575711992296,,,,,,,,
0.028,0.72068364557509469941934350821324,3.7115184895331783295910770746829,-0.094845339397294996128557887999246,,,,,,,,
0.029,0.72437830291027211386687105897313,3.6776823001159400681892536346484,-0.091333013635016573087440744448664,,,,,,,,
0.03,0.7280387797282426318943256602803,3.6431548453670070787216749498304,-0.087942637423698550754118804154261,,,,,,,,
0.031,0.73166437686301810027088456179242,3.607920249326793015892507388131,-0.084667226302863529641266692335658,,,,,,,,
0.032,0.73525437905265850479673069325937,3.5719621995120791041320377502964,-0.081500623945238440641902909725494,,,,,,,,
0.033,0.73880805451367757999414210448996,3.5352639692804086728386884596747,-0.078437412954987402771618552272308,,,,,,,,
0.034,0.74232465453937351953852474653449,3.4978084433573498096625147485074,-0.075472833398364452435830699293127,,,,,,,,
0.035,0.74580341312537331324806314869218,3.4595781467794059738329495616293,-0.072602708270328759761317765682789,,,,,,,,
0.036000000000000004,0.74924354662593617223839568924777,3.4205552775134738064566838911262,-0.069823375230119621978822377729571,,,,,,,,
0.037,0.75264425344482592904291100579662,3.3807217430205594642064131678522,-0.06713162404726810042007863766948,,,,,,,,
0.038,0.75600471376483275936537207080435,3.3400592010366694308439032800733,-0.06452463928980202112561082885791,,,,,,,,
0.039,0.7593240893202992958488923413663,3.2985491048470567916428300016273,-0.061999947860869277877049351626037,,,,,,,,
0.04,0.76260152321728307268177214300884,3.2561727533309648745504377121207,-0.059555371050740281085951627074659,,,,,,,,
0.041,0.76583613980626375325041946150002,3.2129113460522703027134371427585,-0.05718898081998608133102593592083,,,,,,,,
0.042,0.76902704461257683926959123767501,3.1687460436665590455637719680817,-0.054899060068196570394075709734858,,,,,,,,
0.043000000000000003,0.77217332433002218411629801867756,3.1236580339067149536476149108309,-0.052684066672371968134327802354022,,,,,,,,
0.044,0.77527404688335181027048200301681,3.0776286033965772737532425846056,-0.050542601101422237942563735781109,,,,,,,,
0.045,0.77832826156558294103348386448726,3.0306392155251266429951507466656,-0.048473377429256829891521873535445,,,,,,,,
0.046,0.78133499925630396655324691237178,2.9826715945914668377158265831401,-0.046475197579849965681766842674379,,,,,,,,
0.047,0.78429327272733791390542126136553,2.9337078164030522457079809741361,-0.044546928644436776013505846959305,,,,,,,,
0.048,0.78720207704229399044831935622283,2.8837304054756394272380027866679,-0.042687483114553738765552617703952,,,,,,,,
0.049,0.79006039005666650451272690141504,2.8327224389427979727711113948729,-0.040895801875815052861045527823411,,,,,,,,
0.05,0.79286717302522501756447962340941,2.7806676572350093028832551376478,-0.039170839806859346882675266113294,,,,,,,,
0.051000000000000004,0.79562137132347255445383548545019,2.7275505815329613596076610264737,-0.037511553826466105478943420212416,,,,,,,,
0.052000000000000005,0.79832191528992227764797768405141,2.6733566379362207203450500486188,-0.035916893229999679749653477554986,,,,,,,,
0.053,0.80096772119584904818407682653259,2.6180722882167193865046254193298,-0.03438579215457658034290169842069,,,,,,,,
0.054,0.80355769234900231809446478067916,2.5616851669462211606838242345952,-0.032917164011071044754964391390424,,,,,,,,
0.055,0.8060907203375122447336818231752,2.5041842246980483335153074976296,-0.031509897720595665242503655802675,,,,,,,,
0.056,0.8085656864198731954767023491856,2.4455598769259220619693688949286,-0.030162855593661899019066257754448,,,,,,,,
0.057,0.81098146306643948661424801317593,2.3858041580170478001764457696343,-0.028874872692010868377801551709687,,,,,,,,
0.058,0.81333691565730918778446057516675,2.3249108799030164360293419073173,-0.027644757516212798352366333562538,,,,,,,,
0.059000000000000004,0.81563090434079560899765597238148,2.2628757944913833900185725096997,-0.026471293866608863641825499159784,,,,,,,,
0.06,0.81786228605588597673085076240149,2.1996967590538840324502984695422,-0.025353243731005148780641769151053,,,,,,,,
0.061,0.82002991672115719693987985893244,2.1353739035753814599054325294629,-0.024289351059673872418217563649113,,,,,,,,
0.062,0.82213265359155528238336343839361,2.0699097989323638292505305688321,-0.02327834629658536075090902510108,,,,,,,,
0.063,0.82416935778324547616547540332992,2.0033096246329743352572439939244,-0.022318951545271667292822162097092,,,,,,,,
0.064,0.82613889696540384406754490927912,1.9355813347143557799159231067721,-0.021409886258176540455870242563565,,,,,,,,
0.065,0.82804014821634999788981759217728,1.8667358202600377082280929839159,-0.020549873349633042253638646868967,,,,,,,,
0.066,0.82987200103981918633560130502842,1.7967870668730160038859430243658,-0.019737645644582487091867423315856,,,,,,,,
0.067,0.83163336053544776134487850859468,1.7257523053221924916815628048939,-0.018971952587662873777832114917198,,,,,,,,
0.068,0.83332315071570975921256319062793,1.65365215347432953262048621103,-0.018251567150217551478624592853458,,,,,,,,
0.069,0.83494031795960827057424068587665,1.5805107475342084911984730394255,-0.017575292885986359087517233080529,,,,,,,,
0.07,0.83648383459141130536597028226248,1.5063558605459735196894305211946,-0.01694197109964235816988837552621,,,,,,,,
0.07100000000000001,0.83795270257064962828294169511751,1.431219006062458291731989851317,-0.016350488105851499162242587618504,,,,,,,,
0.07200000000000001,0.83934595727748893826961013237767,1.3551355248703526300910294201922,-0.015799782570110856205525761893403,,,,,,,,
0.073,0.8406626713754798339450568424747,1.2781446526709300767467547044468,-0.015288852936243682813055509189891,,,,,,,,
0.074,0.84190195873160871876328600930799,1.2002895666620055901732262059326,-0.014816764959108537571858272559414,,,,,,,,
0.075,0.84306297837155671099210688911242,1.1216174090496877087343571507091,-0.014382659374861017207575473269152,,,,,,,,
0.076,0.84414493844615988726409924055503,1.0421792856406392220813749286104,-0.013985759755071917374214143894416,,,,,,,,
0.077,0.84514710018329292916657017536433,0.9620302378285769832098284616863,-0.013625380605274451444041515717261,,,,,,,,
0.078,0.84606878179781079323367922647118,0.88122918649340746644241102275556,-0.013300935783245194408697985110244,,,,,,,,
0.079,0.84690936233082103470991350780627,0.79983884657753941145171237932177,-0.013011947327721424992049672010333,,,,,,,,
0.08,0.84766828538846384179340575793368,0.7179256113903094958721988755026,-0.012758054804570959989467768860451,,,,,,,,
0.081,0.84834506274958684450716199023395,0.63555940601573407572105663501282,-0.012539025294960289915354206583972,,,,,,,,
0.082,0.84893927781125355748186275204659,0.55281350955740514333148681753133,-0.012354764169171263284705784342897,,,,,,,,
0.083,0.84945058884094995115015392672237,0.46976434634252911681380001228964,-0.012205326810819575308752941414692,,,,,,,,
0.084,0.84987873200467983307927049353786,0.38649124661894345468320445937451,-0.012090931479829208451772239632215,,,,,,,,
0.085,0.85022352414088669976731110348872,0.30307617770742947507192502562248,-0.012011973529203263419960685995925,,,,,,,,
0.08600000000000001,0.8504848652513202248663761294821,0.21960344700879654926464368661355,-0.011969041221095071873051730070934,,,,,,,,
0.08700000000000001,0.85066274068158393167042743005989,0.13615937870227636552043180349482,-0.011962933422740206836524998137882,,,,,,,,
0.088,0.85075722296615212965816840115769,0.052831966399391933576124043299492,-0.011994679503425557128555166871068,,,,,,,,
0.089,0.8507684733151146216813914578694,-0.030289495574013724641413110676539,-0.012065561800992256547633762349494,,,,,,,,
0.09,0.85069674272277304173797742869371,-0.11311479921519754409053025952743,-0.012177141081760768780992718971957,,,,,,,,
0.091,0.85054237268143939301216292913902,-0.19555322480754343431504496641821,-0.012331285482862528557384267580563,,,,,,,,
0.092,0.85030579548733267086168263169476,-0.277513954121027275057362993947,-0.012530203502724948814023455629598,,,,,,,,
0.093,0.84998753412928217593166285233709,-0.35890649092272620961273888821568,-0.012776481696249953142323880868513,,,,,,,,
0.094,0.84958820175496763246398820604765,-0.43964108469266232556403188119287,-0.013073127838911480681880991038405,,,,,,,,
0.095,0.84910850071359180043561529685044,-0.51962915333023630607231565100931,-0.013423620452048886661382554269639,,,,,,,,
0.096,0.84854922117812161490989299270514,-0.59878370059748228625396614132733,-0.013831965734284889013928278741985,,,,,,,,
0.097,0.84791123935447687130157238972523,-0.67701972407928721602237142924019,-0.014302763126426869728111286284135,,,,,,,,
0.098,0.84719551528921798697626881925596,-0.75425460954759717688459148252326,-0.014841280955773708263590146343483,,,,,,,,
0.099,0.84640309029131422372801001571246,-0.83040850779459022275569886720762,-0.01545354386827250484108509976514,,,,,,,,
0.1,0.84553508398739160063242203603192,-0.90540469024506864026538543955642,-0.016146434073120610044113205110622,,,,,,,,
0.101,0.84459269103340086343130270550892,-0.97916987996539545389020893663044,-0.016927808806179052988143657203843,,,,,,,,
0.10200000000000001,0.84357717750885192851196521798789,-1.0516345550480787061915964342804,-0.01780663688087435334671476007036,,,,,,,,
0.10300000000000001,0.84248987702258159245563479139515,-1.1227332217591645997569874298653,-0.018793157756749579815288962544136,,,,,,,,
0.10400000000000001,0.8413321865614143775640763820469,-1.1924046552804567353242553353033,-0.019899067239835929295933947918725,,,,,,,,
0.105,0.84010556211501043132573482863386,-1.2605921063500172207874643825079,-0.021137734764933111416956295342297,,,,,,,,
0.106,0.8388115141116481205945194780878,-1.3272434725918089817271329082344,-0.022524458234814534802353501199927,,,,,,,,
0.107,0.83745160270065174366352526806675,-1.3923114338180270194435205321261,-0.024076763652356362933197475433307,,,,,,,,
0.108,0.83602743291764658437867115148372,-1.4557535510752243805088356390054,-0.025814758338520379303890534310487,,,,,,,,
0.109,0.83454064976881446618007010972332,-1.5175323296779196226760248363185,-0.027761548458570418885670794705567,,,,,,,,
0.11,0.83299293326985259365663173888972,-1.5776152469219670873456735552101,-0.029943733979193094171763434959402,,,,,,,,
0.111,0.83138599347443485373840211528043,-1.6359747455866309933948466165272,-0.032391997177148394213600709942372,,,,,,,,
0.112,0.82972156552567329028756385210787,-1.6925881947123154025026118224202,-0.035141804580044873972298528538607,,,,,,,,
0.113,0.82800140476241961155693196167436,-1.7474378194749040639661003950429,-0.038234246955833332436302990544153,,,,,,,,
0.114,0.82622728191027844145771068853032,-1.8005106022637139021486866167332,-0.04171704795973280221750046391799,,,,,,,,
0.115,0.82440097838497491230368029418895,-1.851798157305648161073809676121,-0.045645779664020248887938305774143,,,,,,,,
0.116,0.82252428173328026353710262513627,-1.9012965813621238221578684177024,-0.050085332924807745317567555389899,,,,,,,,
0.117,0.82059898123410196658753268465517,-1.9490062831579239253287860847685,-0.0551117030288623895651570614053,,,,,,,,
0.11800000000000001,0.81862686367964036206936846255809,-1.994931794283659184157076743494,-0.060814167179984841837605487984765,,,,,,,,
0.11900000000000001,0.81660970935375078815261454798848,-2.0390815643484285884855567039894,-0.067297951295797118375478851697889,,,,,,,,
0.12,0.81454928822187474676597677510309,-2.0814677431498375733340130457352,-0.074687510873097851960542707975826,,,,,,,,
0.121,0.81244735634415818773158880837439,-2.1221059525787587873140233111719,-0.083130586498734113332967472841386,,,,,,,,
0.122,0.81030565252069761010112172022254,-2.1610150508906208939459205268998,-0.092803241891797842596592555632978,,,,,,,,
0.123,0.80812589517527880081164483875876,-2.1982168918584481219582818588555,-0.10391615525143954426768746701449,,,,,,,,
0.124,0.80590977948152710267359801436445,-2.2337360811803907751523836750743,-0.11672251884709060678596137115163,,,,,,,,
0.125,0.80365897473309550632401352026967,-2.2675997323511565796039507659156,-0.13152801521390885138657817757081,,,,,,,,
0.126,0.80137512195739594405988745276974,-2.29983722402754132909890957012,-0.14870349230435685178307985212946,,,,,,,,
0.127,0.79905983177044341142365457772738,-2.3304799607279126617519901084734,-0.16870117060654487606963017484734,,,,,,,,
0.128,0.79671468246864083999441314264378,-2.3595611385084596545893679204764,-0.19207550573634546104916649171166,,,,,,,,
0.129,0.79434121835178962632339723549987,-2.3871155170593379373232806505214,-0.21951023394787875736068739811297,,,,,,,,
0.13,0.79194094827026717970231992839151,-2.4131791994651377849981982612321,-0.25185369457873678074281879419219,,,,,,,,
0.131,0.78951534438816618493109011864834,-2.43778942067954090228867796473,-0.29016532533978683230050336410858,,,,,,,,
0.132,0.78706584115323496287874718666971,-2.4609843455762939672387322060526,-0.33577737200850347565658465409581,,,,,,,,
0.133,0.78459383446368638317123967470808,-2.4828028772599227814528617159652,-0.39037750682779747198621633616021,,,,,,,,
0.134,0.78210068102134429384513549717471,-2.5032844761516896987482781535863,-0.45612045820839163786733971837498,,,,,,,,
0.135,0.77958769786015990665983555026631,-2.5224689902104736115937609800165,-0.53578029979970771149086333634062,,,,,,,,
0.136,0.77705616203884342779781444306593,-2.5403964965054386291639522225762,-0.63296032129191809240447572954556,,,,,,,,
0.137,0.77450731048620513876190958276082,-2.55710715422810300085333300117,-0.75238533177109449812469732547521,,,,,,,,
0.138,0.77194233998777141484628668727367,-2.5726410691159495589688527190083,-0.90031328713373501089397381183008,,,,,,,,
0.139,0.76936240730232103969661932873024,-2.5870381691579793034105240027376,-1.085121595921415340964025498195,,,,,,,,
0.14,0.7667686293971620306257648469808,-2.6003380913643109036800837906417,-1.3181520092538270132183721503596,,,,,,,,
0.14100000000000001,0.76416208379122581728490375017201,-2.612580079306586925076764676222,-1.6149424344315563525726197925424,,,,,,,,
0.14200000000000002,0.76154380899538136704628798898512,-2.6238028910729243459532550560014,-1.9970433456507340006753671096999,,,,,,,,
0.14300000000000002,0.75891480503975477481434861636714,-2.6340447172296869997722318950656,-2.4947242241396850007676972917846,,,,,,,,
0.14400000000000002,0.75627603407826878366818927310695,-2.6433431083416217919832042807737,-3.1510402605407573621746378825564,,,,,,,,
0.145,0.75362842106108139491536565180358,-2.6517349115709958316489918107142,-4.0279716073328626551876421811245,,,,,,,,
0.146,0.7509728544660937900185303095406,-2.6592562158543769611038727340041,-5.2156700464020452534206538522644,,,,,,,,
0.147,0.74831018708120677625926866922133,-2.665942305141688745661003544577,-6.8461709755200621292741116709236,,,,,,,,
0.148,0.74564123682952435861694256808133,-2.6718276191752286307957387468771,-9.1128830096618301100228168268268,,,,,,,,
0.149,0.74296678763022620931654863179975,-2.6769457212855781273617921114838,-12.295519231427075325352745684419,,,,,,,,
0.15,0.74028759028835199871374189677398,-2.6813292726859093428150206666748,-16.78337190148478337852833705584,,,,,,,,
0.151,0.737604363407254835230706328575,-2.6850100127553039317051329315662,-23.069573465361077024046295087348,,,,,,,,
0.152,0.73491779431798427871378092668925,-2.6880187448146040501537457364682,-31.641357977387181284563107040146,,,,,,,,
0.153,0.73222854002034809716803845224048,-2.6903853269143241194178096355214,-42.619051655055170367763350258287,,,,,,,,
0.154,0.72953722813087334348571140268681,-2.6921386671726417013110198144155,-55.020831750116794475245649496091,,,,,,,,
0.155,0.72684445783333924351122259256882,-2.6933067232218912741310898058362,-66.026647381511562335085448932611,,,,,,,,
0.156,0.72415080082798515054748301218923,-2.6939165053438022507523747943632,-71.617983000025132309191287156838,,,,,,,,
0.157,0.72145680227590524962457291164209,-2.6939940828965068389403411634064,-69.392509670558834536310620786749,,,,,,,,
0.158,0.71876298173552702007448328220162,-2.6935645936597049016667505633635,-60.754446670851348895960000834448,,,,,,,,
0.159,0.71606983408843228246746905491189,-2.6926522557479751938032742067723,-49.421211762999927579484525548478,,,,,,,,
0.16,0.71337783045211787278350608690213,-2.6912803817657777695432548687722,-38.51539830975760823369542863657,,,,,,,,
0.161,0.71068741907760777429501965934646,-2.6894713949009588488247171435759,-29.467253979415357516095981156637,,,,,,,,
0.162,0.70799902623012028860168950135408,-2.687246846676346257115897908456,-22.489983677062455626292063616171,,,,,,,,
0.163,0.70531305705126311587066341625559,-2.6846274361011473739569105896666,-17.281451640156033056556386886253,,,,,,,,
0.164,0.70262989640147676114532166453369,-2.6816330299852025069318770139829,-13.431924167042124645896830959517,,,,,,,,
0.165,0.69994990968167332380218031008184,-2.6782826841996046468786817375444,-10.580547256808131276998759810039,,,,,,,,
0.166,0.69727344363322438280687959116603,-2.6745946656866976989851006515505,-8.450354751035171401350895803158,,,,,,,,
0.167,0.69460082711563934559470650821682,-2.6705864750409583375033314605783,-6.8403202103181459925041481815291,,,,,,,,
0.168,0.6919323718614453085414666877937,-2.6662748694997200536741451151665,-5.6076669137409858827199145535054,,,,,,,,
0.169,0.68926837320793223039603004424485,-2.6616758861990969704586964106273,-4.6515007075996223222775997651987,,,,,,,,
0.17,0.68660911080556410252759356454438,-2.6568048655658089310123535608049,-3.9002696431598563090729863207593,,,,,,,,
0.171,0.68395484930297886179411299606298,-2.6516764747299093408769586576767,-3.3028188404566609883510962681991,,,,,,,,
0.17200000000000001,0.68130583900860806756194888014805,-2.6463047308566940073340386129934,-2.8221945361544125250359289000506,,,,,,,,
0.17300000000000001,0.67866231652904286342378533508933,-2.6407030243083512788818585795002,-2.4313953005616845537167839443123,,,,,,,,
0.17400000000000002,0.6760245053843564443140281396447,-2.6348841415572357429156154119312,-2.1104589166094618424497925379107,,,,,,,,
0.17500000000000002,0.67339261660066609181697746721665,-2.6288602877830488325139822778758,-1.8444546175663993630256570024602,,,,,,,,
0.176,0.67076684928028072428066785637449,-2.6226431090957325509301967444571,-1.6220880251770961762901484765926,,,,,,,,
0.177,0.66814739114983368980376063076657,-2.6162437143345720771558699202942,-1.434722397007229999704906170563,,,,,,,,
0.178,0.66553441908684601947459253112334,-2.6096726964019055861650143678228,-1.2756847678803270421362400111,,,,,,,,
0.179,0.66292809962520331894778345643009,-2.6029401530970021340350237509534,-1.1397687890030566294399684535888,,,,,,,,
0.18,0.66032858944006062511872734480977,-2.5960557074221378204670123372533,-1.022874702921797685203055175789,,,,,,,,
0.181,0.65773603581271456121547434544965,-2.5890285273387229882891524410296,-0.92174590268089862107900782961683,,,,,,,,
0.182,0.65515057707600161211021897573454,-2.5818673449565543024065889464722,-0.83377421308436288385831246707356,,,,,,,,
0.183,0.65257234304079589138592612667475,-2.5745804751439291936356416424297,-0.75685456542800123068506002532759,,,,,,,,
0.184,0.65000145540418991875617159087042,-2.5671758335505087914465926065281,-0.68927552488800985993849916094782,,,,,,,,
0.185,0.64743802813994816534985363375319,-2.5596609540384897549382346793756,-0.62963609136027200300765120967878,,,,,,,,
0.186,0.64488216787182590996027913034096,-2.5520430055208840710571084705343,-0.57678193174394858840485667052757,,,,,,,,
0.187,0.64233397423034569871744902703329,-2.5443288082085456364267344883213,-0.52975611079862784490641438831236,,,,,,,,
0.188,0.63979354019362079518712084228424,-2.5365248492700579223633264073284,-0.48776073176649645753777068483516,,,,,,,,
0.189,0.63726095241280979543728193880461,-2.5286372979107408076762857666093,-0.45012685288211219303695276196861,,,,,,,,
0.19,0.63473629152277937942092670669302,-2.5206720198788772447273097043655,-0.41629073041613593784923748422839,,,,,,,,
0.191,0.6322196324385432629116654250428,-2.5126345914088302556856709214659,-0.38577493383426310006333083096014,,,,,,,,
0.192,0.62971104463803506254858077429166,-2.5045303126120443037099327992538,-0.35817323949866194264977817950046,,,,,,,,
0.193,0.62721059243176122415439910521796,-2.4963642203280268887599784750775,-0.33313847454213363812996503366156,,,,,,,,
0.194,0.62471833521986760163294746594535,-2.4881411004483089703930615194792,-0.31037267896474257833447463807393,,,,,,,,
0.195,0.62223432773713989887531093290643,-2.4798654997271074424616657610177,-0.28961910056103509773059853427489,,,,,,,,
0.196,0.61975862028644416858213023013586,-2.4715417370929786183426168272441,-0.27065564742181726610942043630076,,,,,,,,
0.197,0.6172912589610990496768720574226,-2.4631739144761761808004004968006,-0.25328950608718059727571538617367,,,,,,,,
0.198,0.61483228585665655208293943614119,-2.4547659271667264596627837195135,-0.23735269689509014792299402160093,,,,,,,,
0.199,0.61238173927255308166669067544989,-2.4463214737184229681597816970007,-0.22269838671334757005767387568588,,,,,,,,
0.2,0.60993965390407714262983355077969,-2.4378440654140342841071028447924,-0.20919781675076035862873219718345,,,,,,,,
0.201,0.60750606102508485028103390068994,-2.4293370353070268072229139913303,-0.19673773223350985492830655767313,,,,,,,,
0.202,0.60508098866187911301594435986949,-2.4208035468550377203321942457848,-0.185218223420470472982525475963,,,,,,,,
0.203,0.60266446175865316704910094607806,-2.4122466021602036343491551099705,-0.174550905220831577530443813812,,,,,,,,
0.20400000000000001,0.60025650233488413002307340789196,-2.4036690498312659315437836160534,-0.16465737669840367039745498662938,,,,,,,,
0.20500000000000002,0.59785712963504743055283578291762,-2.395073592482142863981202595007,-0.1554679128527309150598480747695,,,,,,,,
0.20600000000000002,0.59546636027100841282478542058639,-2.386462793881388309973535373552,-0.14692034990581885498820821282113,,,,,,,,
0.20700000000000002,0.59308420835743314442886129458373,-2.3778390857666542752145683777137,-0.13895913239009671298602367620339,,,,,,,,
0.20800000000000002,0.59071068564054650134709876246865,-2.3692047743379445837343179230812,-0.13153449600843489624188064368267,,,,,,,,
0.209,0.58834580162055199062790197142945,-2.3605620464430959360206985926283,-0.12460176481414945745958515860206,,,,,,,,
0.21,0.5859895636680145180137504307965,-2.3519129754685542350146883493115,-0.11812074496562741308055861303393,,,,,,,,
0.211,0.58364197713449442958399184969695,-2.3432595269481328829963856644158,-0.11205520032395430612770222185804,,,,,,,,
0.212,0.58130304545770866440350233468838,-2.3346035639020492402217804762655,-0.10637239762166373091523416522392,,,,,,,,
0.213,0.57897277026148275692722048342281,-2.3259468519181387797133563471428,-0.10104271094573592035170785000675,,,,,,,,
0.214,0.57665115145074572822542525807218,-2.3172910639867464470208514440439,-0.096039276934564558883026211836542,,,,,,,,
0.215,0.57433818730180860609695745647014,-2.3086377851003937573995729294269,-0.091337693455249883040077266850924,,,,,,,,
0.216,0.57203387454815641570450806254467,-2.2999885166289203323555692288638,-0.086915755658782179691159261068548,,,,,,,,
0.217,0.56973820846197298242537592987698,-2.2913446804804017000897116314191,-0.082753224250039947333250051340226,,,,,,,,
0.218,0.56745118293160778341557742276864,-2.2827076230577528073591663273782,-0.078831621592018976061443053544889,,,,,,,,
0.219,0.56517279053518436875896719270378,-2.2740786190205401281354388352454,-0.075134051917504068309631316942782,,,,,,,,
0.22,0.562903022610540540631768937449,-2.2654588748611456134761290638734,-0.071645042469264385345455296649394,,,,,,,,
0.221,0.56064186932168152226059856293779,-2.2568495323040539278776068237937,-0.068350402850264283253683861157084,,,,,,,,
0.222,0.5583893197219187593562539693549,-2.2482516715366712154775851967618,-0.065237100253362185455856503792449,,,,,,,,
0.223,0.55614536181385876625314015045916,-2.2396663142797296436719338221418,-0.062293148567789243942242924116291,,,,,,,,
0.224,0.55390998260639854771944633343182,-2.2310944267049876611094415573037,-0.059507509637404627738803589753792,,,,,,,,
0.225,0.55168316816887658544966973107674,-2.2225369222076016462813298743523,-0.056870005181568503359137775553584,,,,,,,,
0.226,0.54946490368252116541913170357736,-2.213994664040220676021775620995,-0.054371238090256713826819825862528,,,,,,,,
0.227,0.54725517348933092816118919454145,-2.2054684678155426859737933460146,-0.052002521976380858064251248626953,,,,,,,,
0.228,0.54505396113851593807691961539477,-2.1969591038837674262658478151725,-0.049755818014828700137419305310853,,,,,,,,
0.229,0.54286124943062127949458496720526,-2.1884672995910893672179634099312,-0.047623678223369752909697549063616,,,,,,,,
0.23,0.54067702045944918575028883946048,-2.1799937414250920559580666074322,-0.045599194448500773840066041998223,,,,,,,,
0.231,0.53850125565188998250143807453152,-2.1715390770526342897835902091687,-0.043675952412225973461272926803776,,,,,,,,
0.232,0.53633393580576666734780410347954,-2.1631039172555577379153169162301,-0.041847990255929245470187005876513,,,,,,,,
0.233,0.53417504112579274429456101536663,-2.1546888377692951559718874520653,-0.040109761086790919392118405366491,,,,,,,,
0.234,0.53202455125773797349059991819476,-2.1462943810292179128801475031248,-0.038456099092219570464056435332256,,,,,,,,
0.23500000000000001,0.52988244532089197405370890236176,-2.1379210578293309788242555653297,-0.036882188839851104066417254299189,,,,,,,,
0.23600000000000002,0.52774870193891112091169369335257,-2.1295693488977025755358488415956,-0.035383537425945766132669934443556,,,,,,,,
0.23700000000000002,0.52562329926912989594325534964047,-2.1212397063928041205938930874787,-0.033955949174448590901057965810934,,,,,,,,
0.23800000000000002,0.52350621503041378004536849035215,-2.112932555324733646391611903184,-0.032595502623384612594675138714431,,,,,,,,
0.23900000000000002,0.52139742652962689710012005703514,-2.1046482949051022732225342911798,-0.031298529565329717189142558315269,,,,,,,,
0.24,0.51929691068678393445112162913843,-2.0963872998291782886922979827745,-0.03006159593502172046244205514862,,,,,,,,
0.241,0.51720464405895235899369239546672,-2.0881499214937066518986121980144,-0.028881484360258323037962912622581,,,,,,,,
0.242,0.51512060286296761518193269957862,-2.0799364891536530175127262881294,-0.027755178212500402411006835323912,,,,,,,,
0.243,0.51304476299702082329101219431791,-2.071747311020960378275745301898,-0.026679847011430453034146331835174,,,,,,,,
0.244,0.51097710006117548555940124590917,-2.0635826753082528715436719963918,-0.025652833053424461570729942553034,,,,,,,,
0.245,0.50891758937686684707027256206158,-2.0554428512202749055802554042419,-0.024671639147754338638258061118343,,,,,,,,
0.246,0.50686620600543484039002303033728,-2.0473280898957142567996947462462,-0.023733917356582711247770159922703,,,,,,,,
0.247,0.50482292476573896131639952991954,-2.0392386253019248968436089905267,-0.022837458645645721974279836101833,,,,,,,,
0.248,0.50278772025090097112143625220968,-2.0311746750849387600310124569365,-0.021980183362118304054345878361732,,,,,,,,
0.249,0.50076056684421899219310382169299,-2.0231364413770351948530201077273,-0.021160132464672506583724564987313,,,,,,,,
0.25,0.49874143873429435303141731455397,-2.0151241115640222015564013670843,-0.020375459438304967798063702297947,,,,,,,,
0.251,0.49673030992941043943986411828096,-2.0071378590142744919180069473196,-0.019624422833239399869137884985732,,,,,,,,
0.252,0.49472715427120081601757380819899,-1.9991778437714696745225563245771,-0.018905379373203886006641582804738,,,,,,,,
0.253,0.49273194544764199048675525377272,-1.991244213212865233958967275995,-0.01821677758372799957705288879306,,,,,,,,
0.254,0.49074465700540439800021206068998,-1.9833371026748652075359037806353,-0.017557151895877263162496720955797,,,,,,,,
0.255,0.48876526236159347860589090948196,-1.9754566360475363481412846887776,-0.016925117185108731378602332988808,,,,,,,,
0.256,0.48679373481491110395652786556169,-1.9676029263396488841128836559304,-0.016319363708749679865768637782787,,,,,,,,
0.257,0.48483004755626607480844653334668,-1.9597760762157365414624050699008,-0.015738652409022508140691180560694,,,,,,,,
0.258,0.48287417367886095472151922171086,-1.9519761785065940831224644008859,-0.015181810551607775351672910086295,,,,,,,,
0.259,0.48092608618778112371292303717209,-1.9442033166945580542224039480973,-0.014647727672493124167988698654729,,,,,,,,
0.26,0.47898575800911062467741347077761,-1.9364575653748475193457447365099,-0.014135351808333328129736141285247,,,,,,,,
0.261,0.47705316199859813159193171277587,-1.928738990694176162202825543644,-0.013643685987776325859267802222378,,,,,,,,
0.262,0.4751282709498951884694650128192,-1.9210476507677850222713744864585,-0.013171784963218792976128530865575,,,,,,,,
0.263,0.47321105760238774847756862811979,-1.9133835960759862058422584677065,-0.01271875216426631993528364864627,,,,,,,,
0.264,0.4713014946486409805096433373555,-1.9057468698412519765339514560492,-0.012283736855808632538922188004805,,,,,,,,
0.265,0.469399554741476302861428978422,-1.8981375083868305553497811023077,-0.011865931485098123020587517362261,,,,,,,,
0.266,0.46750521050069864773481114486062,-1.8905555414778196018629393412326,-0.011464569203556750101816712455442,,,,,,,,
0.267,0.46561843451949105341726355367453,-1.8830009926455805715170749792409,-0.011078921550246754911645320717871,,,,,,,,
0.268,0.46373919937049282065093632705379,-1.8754738794963318207890664127007,-0.010708296285037630205264032046685,,,,,,,,
0.269,0.46186747761157665351900932363937,-1.8679742140047153394064719455971,-0.010352035360496937367573200308019,,,,,,,,
0.27,0.46000324179133943086673981522925,-1.8605020027930912099368773266978,-0.010009513022436184306395625484466,,,,,,,,
0.271,0.45814646445432051968318941832901,-1.8530572473972752183156151752973,-0.0096801340298642320547763572147307,,,,,,,,
0.272,0.45629711814596084494837334868525,-1.8456399445193983579464573564081,-0.0093633319858477729913437215907502,,,,,,,,
0.273,0.45445517541731526925475900834296,-1.8382500862685321836365317067662,-0.0090585677714586272760079821342718,,,,,,,,
0.274,0.45262060882953020819569521497177,-1.8308876603896909833963791522471,-0.0087653280756074687504853616781612,,,,,,,,
0.275,0.45079339095809781232459793253111,-1.8235526504817904542810837089922,-0.0084831240141289616931928639863984,,,,,,,,
0.276,0.44897349439689748176519736013241,-1.8162450362051129056559927161138,-0.0082114898319993995343253795975196,,,,,,,,
0.277,0.44716089176203494371767295545174,-1.8089647934788008864942863316337,-0.0079499816830394777303868840564604,,,,,,,,
0.278,0.44535555569548861466186564888028,-1.8017118946688744635898194627734,-0.0076981764818860150445105709206367,,,,,,,,
0.279,0.4435574588685724865877554104964,-1.7944863087672420898375824363481,-0.0074556708234110408242524709850232,,,,,,,,
0.28,0.44176657398522431873900279061352,-1.7872880015621510246669074532781,-0.0072220799651280884289461733794947,,,,,,,,
0.281,0.43998287378512748186108408246164,-1.7801169358005005345431864293847,-0.0069970368684568336028601719025272,,,,,,,,
0.28200000000000003,0.43820633104667438959096277950993,-1.7729730713424195458169522541673,-0.0067801912950211437601118545949212,,,,,,,,
0.28300000000000003,0.43643691858977906026262709076674,-1.7658563653084899839731830189391,-0.0065712089544346402991879302408211,,,,,,,,
0.28400000000000003,0.43467460927854598094403927741937,-1.7587667722199776544898907333062,-0.0063697707002842584374935169315385,,,,,,,,
0.28500000000000003,0.43291937602380209293448550082735,-1.751704244132414145972052574686,-0.0061755717712580372028433746332798,,,,,,,,
0.28600000000000003,0.43117119178549838325904900602392,-1.7446687307628558137107551450923,-0.0059883210745803106907071521736652,,,,,,,,
0.28700000000000003,0.42943002957498724897194558693753,-1.7376601796111293817270901519325,-0.00580774050911725021365982889249,,,,,,,,
0.28800000000000003,0.42769586245718149944406759197015,-1.7306785360753580366389356961425,-0.0056335643256998183743261617260851,,,,,,,,
0.289,0.42596866355260057542942709680555,-1.7237237435620470326997161702345,-0.0054655385223809923398269245138901,,,,,,,,
0.29,0.4242484060393092917908921240913,-1.71679574359099374176688457033,-0.0053034202725008200106417212843257,,,,,,,,
0.291,0.42253506315475415256952494029357,-1.7098944758952737246180415807574,-0.0051469773835776007813812777809815,,,,,,,,
0.292,0.42082860819750204189490884141874,-1.7030198785165417328781672578655,-0.0049959877851772410654033418504627,,,,,,,,
0.293,0.41912901452888586138410928317822,-1.696171887895874537762650325169,-0.0048502390440365401957322098997624,,,,,,,,
0.294,0.41743625557456146352751954738058,-1.6893504389603710886652926765854,-0.0047095279048306479201872781364935,,,,,,,,
0.295,0.41575030482598002050726643571478,-1.682555465205714698898751210873,-0.0045736598550809585157222172600804,,,,,,,,
0.296,0.414071135841779768366149618479,-1.6757868987748917068901792901266,-0.0044424487127979587197089994385977,,,,,,,,
0.297,0.4123987222491008769002375254741,-1.6690446705332513397171219074158,-0.0043157162355446560420327342418584,,,,,,,,
0.298,0.41073303774482701557258228679832,-1.6623287101400822844328086717858,-0.0041932917496907539388932261606449,,,,,,,,
0.299,0.40907405609675701465226090518791,-1.6556389461168727250174809571707,-0.0040750117987062339525768794003498,,,,,,,,
0.3,0.40742175114470985821078037216185,-1.6489753059124123042173891330918,-0.0039607198094159299394669917102356,,,,,,,,
0.301,0.40577609680156609111961088751855,-1.642337715964886596511500391728,-0.0038502657752044724011326683380027,,,,,,,,
0.302,0.40413706705424857537390514416451,-1.6357261017611072087281899297518,-0.003743505955224040805358533015376,,,,,,,,
0.303,0.40250463596464539152565334386667,-1.6291403878930135373412251559092,-0.0036403025887160538181476363532981,,,,,,,,
0.304,0.40087877767047754837246297763885,-1.622580498111575486236911699645,-0.0035405236236125859369584241346,,,,,,,,
0.305,0.39925946638611403796312782020599,-1.6160463553782200668450151464165,-0.0034440424586342304903287514963809,,,,,,,,
0.306,0.39764667640333665311386479664486,-1.6095378819138987460447062619168,-0.0033507376981486142521108690323708,,,,,,,,
0.307,0.39604038209205687066269674900726,-1.6030549992459066592178913500144,-0.0032604929190980657333405026742622,,,,,,,,
0.308,0.39444055790098699532361373668108,-1.5965976282525593501458457411888,-0.0031731964493462841750339831076284,,,,,,,,
0.309,0.39284717835826765595217746492415,-1.5901656892058275208993945560976,-0.0030887411568324667464779706460365,,,,,,,,
0.31,0.39126021807205364803029104866256,-1.5837591018120253590300616821399,-0.003007024248957427287193769162145,,,,,,,,
0.311,0.38967965173106002296413165578544,-1.5773777852506433425631406102633,-0.0029279470816599649382190325836426,,,,,,,,
0.312,0.38810545410507023612323131332264,-1.5710216582114119925783039772182,-0.0028514149776732843919093430201324,,,,,,,,
0.313,0.3865376000454080812004865250644,-1.5646906389296788362771209581251,-0.0027773370534807870933008003626389,,,,,,,,
0.314,0.38497606448537505822451114447533,-1.558384645220176848764720309397,-0.0027056260545181881808177144287785,,,,,,,,
0.315,0.38342082244065474620055576059943,-1.552103594509258848312676290505,-0.0026361981981947997161501738686253,,,,,,,,
0.316,0.38187184900968567869824660704342,-1.5458474038656687172002269705144,-0.0025689730243310790490306609791893,,,,,,,,
0.317,0.3803291193740041515578380992214,-1.5396159900299168984789836945533,-0.0025038732526322848478396021949548,,,,,,,,
0.318,0.37879260879855832607532553767124,-1.5334092694423243688206270268873,-0.0024408246468394166670147845701238,,,,,,,,
0.319,0.37726229263199492838353136222936,-1.5272271582697962001287978987162,-0.0023797558852186333040375994997296,,,,,,,,
0.32,0.3757381463069197861126861477792,-1.5210695724313828894332172125536,-0.0023205984370691397784843544330436,,,,,,,,
0.321,0.37422014534013338663977017473206,-1.5149364276226848497855856770282,-0.0022632864449471850592580270025321,,,,,,,,
0.322,0.3727082653328425871783980980517,-1.5088276393391528069109722561637,-0.0022077566123203990881094960322153,,,,,,,,
0.323,0.37120248197084955548508538566149,-1.5027431228983343300992538778658,-0.0021539480963822890024085049023365,,,,,,,,
0.324,0.36970277102471897093504491900025,-1.4966827934611143344878282498344,-0.0021018024057713763912453262237119,,,,,,,,
0.325,0.36820910834992446902952129226108,-1.4906465660519951190834903532904,-0.0020512633029532508188230917666301,,,,,,,,
0.326,0.36672146988697526792161092186514,-1.4846343555784593445284523456593,-0.0020022767110367962343005357630879,,,,,,,,
0.327,0.3652398316615238731789790741422,-1.4786460768494573009817270381694,-0.001954790624808068741440088428463,,,,,,,,
0.328,0.36376416978445571663591053225753,-1.4726816445930578641126033419835,-0.001908755025776815289402125494782,,,,,,,,
0.329,0.36229446045196154672506495681097,-1.4667409734733006809231885160089,-0.0018641218010414685013088091787225,,,,,,,,
0.33,0.36083067994559335102752536401736,-1.460823978106285362037624401415,-0.0018208446657886752455459729894453,,,,,,,,
0.331,0.35937280463230455684936815039293,-1.4549305730755317785780616898116,-0.0017788790892530549158731336161609,,,,,,,,
0.332,0.35792081096447522233970166719924,-1.4490606729466439653954683108768,-0.0017381822239719742556056593379493,,,,,,,,
0.333,0.35647467547992289892885404237218,-1.443214192281308614069866180105,-0.0016987128381787029729397420960713,,,,,,,,
0.334,0.35503437480189981561013373729835,-1.4373910456506576947898027926083,-0.0016604312511854100695650754853837,,,,,,,,
0.335,0.35359988563907700674217827113776,-1.4315911476480233722205643072209,-0.0016232992716151043216623127805716,,,,,,,,
0.336,0.35217118478551597754283367354624,-1.4258144129011120732253307306493,-0.0015872801383488413057719082042551,,,,,,,,
0.337,0.35074824912062847521471203118481,-1.4200607560836233204480503254493,-0.001552338464061339507724856567748,,,,,,,,
0.338,0.34933105560912490862527648420269,-1.4143300919263377621107651850879,-0.0015184401812245934418614957815375,,,,,,,,
0.339,0.34791958130095193560182879354316,-1.4086223352276977018963038345178,-0.0014855524904651648095497694831666,,,,,,,,
0.34,0.3465138033312197141383968669414,-1.4029374008639023606111194114072,-0.0014536438111665945419668999997351,,,,,,,,
0.341,0.34511369892011929209430485276224,-1.3972752037985390807323552082916,-0.0014226837342138287403899757906776,,,,,,,,
0.342,0.34371924537283058924287240691529,-1.391635659091770713358194235867,-0.0013926429767817084194001906050421,,,,,,,,
0.343,0.34233042007942140575546097400758,-1.3860186819090985020544741525353,-0.0013634933390744537685776372491592,,,,,,,,
0.34400000000000003,0.34094720051473787233557500662241,-1.3804241875297188973027239683417,-0.0013352076629276944755658493447368,,,,,,,,
0.34500000000000003,0.33956956423828673920680705722328,-1.3748520913544918965038791457819,-0.0013077597921889735780416183779222,,,,,,,,
0.34600000000000003,0.33819748889410988396610397152863,-1.3693023089135377056897139698171,-0.0012811245347967974658620525333404,,,,,,,,
0.34700000000000003,0.33683095221065140190117754364381,-1.363774755873477758259378216352,-0.0012552776264822322858085308964294,,,,,,,,
0.34800000000000003,0.33546993200061762670086742960577,-1.358269348044335401311713766097,-0.0012301956960207695351109290797932,,,,,,,,
0.34900000000000003,0.33411440616083041452469844067056,-1.3527860013861108697017864583215,-0.0012058562319657127241873562671432,,,,,,,,
0.35000000000000003,0.33276435267207401010930764130012,-1.3473246320150445101199364530368,-0.0011822375507976835860149518318814,,,,,,,,
0.35100000000000003,0.33141974959893579994304686207762,-1.3418851562095815906675913944213,-0.0011593187664280206837794156383764,,,,,,,,
0.352,0.33008057508964124450565597462298,-1.3364674904160514340618690178394,-0.0011370797609968550711836076987782,,,,,,,,
0.353,0.32874680737588326911869935827251,-1.3310715512540730432939091094554,-0.001115501156909505960228918226963,,,,,,,,
0.354,0.3274184247726463810571198594659,-1.3256972555216988459206761871116,-0.0010945642900575526748515217191679,,,,,,,,
0.355,0.32609540567802576920678676395023,-1.3203445202003076658830515136831,-0.0010742511841735155327074496275705,,,,,,,,
0.356,0.32477772857304163169256274806172,-1.3150132624592575385767712039154,-0.0010545445262705252436762911206375,,,,,,,,
0.357,0.32346537202144896652266138472512,-1.30970339966030851468210966947,-0.0010354276431206850398273196299512,,,,,,,,
0.358,0.3221583146695430503755286304877,-1.3044148493618251498674000630088,-0.001016884478728038739274551816227,,,,,,,,
0.359,0.32085653524596082117386328508158,-1.2991475293227679498609905907547,-0.00099889957275415758779914220886205,,,,,,,,
0.36,0.31956001256147837102642981653994,-1.2939013575064826325298226498448,-0.00098145803985635494498961577415823,,,,,,,,
0.361,0.31826872550880474745273004760591,-1.2886762520842956795547850214922,-0.00096454554990043627202445316231662,,,,,,,,
0.362,0.3169826530623722525200373951874,-1.2834721314389242791455680181674,-0.00094814830901169770208432834570643,,,,,,,,
0.363,0.31570177427812342159929289494831,-1.2782889141677084071285730791064,-0.00093225304142960469763300081654543,,,,,,,,
0.364,0.31442606829329485586929098164951,-1.2731265190856724558512804255051,-0.000916846972133217605934099823983,,,,,,,,
0.365,0.31315551432619807545161841779427,-1.2679848652284234978969636102035,-0.00090191781020598773566161736090499,,,,,,,,
0.366,0.31189009167599755312688417737988,-1.2628638718548929638551531686235,-0.00088745373291003006605844139177798,,,,,,,,
0.367,0.31062977972248608195154487237057,-1.257763458449928219642950260269,-0.00087344337044139080598488624049375,,,,,,,,
0.368,0.30937455792585762375042807947099,-1.2526835447267402484522143461317,-0.0008598757913391734651857861579457,,,,,,,,
0.369,0.30812440582647777938987457664464,-1.2476240506292133746729271825774,-0.00084674048852266940087997741368594,,,,,,,,
0.37,0.30687930304465201592786895935908,-1.2425848963340827115101954282056,-0.00083402736593186128330863266756128,,,,,,,,
0.371,0.30563922928039178017880375076026,-1.2375660022529847698977125589957,-0.00082172672574783372700823763967964,,,,,,,,
0.372,0.3044041643131786229103817489758,-1.232567289034386433168642244693,-0.00080982925617073743287026391600724,,,,,,,,
0.373,0.30317408800172645279789365508015,-1.2275886775653972792572206213613,-0.00079832601973401439196205343543769,,,,,,,,
0.374,0.30194898028374203438650743218378,-1.2226300889734700194777744377339,-0.00078720844213460467747022273620172,,,,,,,,
0.375,0.30072882117568383964554773716588,-1.2176914446279936196933510626596,-0.00077646830155982261615882457150076,,,,,,,,
0.376,0.2995135907725193582307609158745,-1.2127726661417834754977275850641,-0.00076609771849251407225998424616868,,,,,,,,
0.377,0.29830326924748096729242128006874,-1.2078736753724728274679569088756,-0.00075608914597698945609661055647897,,,,,,,,
0.378,0.2970978368518204575704193373844,-1.2029943944238094251962379749161,-0.0007464353603290710302048504112263,,,,,,,,
0.379,0.29589727391456230859415765433,-1.1981347456468612792958110279092,-0.00073712945227440015927587187355868,,,,,,,,
0.38,0.29470156084225580204751498258,-1.1932946516411351785304593330437,-0.00072816481849992226411703837490479,,,,,,,,
0.381,0.29351067811872605876003044974306,-1.1884740352556114942934249571556,-0.00071953515360420622262100238571199,,,,,,,,
0.382,0.29232460630482408133785243210359,-1.183672819589698646528303521801,-0.00071123444243296254805640184454323,,,,,,,,
0.383,0.29114332603817588114525937857932,-1.178890927994110463526918479149,-0.00070325695278680251491837350906319,,,,,,,,
0.384,0.28996681803293076518336773956631,-1.1741282840716695325575978947197,-0.00069559722848893006064079774660663,,,,,,,,
0.385,0.28879506307950885538096309784523,-1.1693848116780395086863961645536,-0.00068825008280108125546354618621297,,,,,,,,
0.386,0.2876280420443479099074708183065,-1.1646604349223892251820113326496,-0.00068121059217662381716862515057932,,,,,,,,
0.387,0.28646573586964951333443329955419,-1.1599550781679913302838359275158,-0.00067447409034030289768759885926584,,,,,,,,
0.388,0.28530812557312469980424587614193,-1.1552686660327580616154861621868,-0.00066803616268467046508494505440239,,,,,,,,
0.389,0.28415519224773907080832657960426,-1.1506011233897166609087573104965,-0.00066189264097376526612975766336192,,,,,,,,
0.39,0.28300691706145746672658921400125,-1.1459523753674268277418809587374,-0.00065603959834511974275728112146194,,,,,,,,
0.391,0.28186328125698824893150545850779,-1.1413223473503425114784406619193,-0.00065047334460166049687103051909196,,,,,,,,
0.392,0.28072426615152724700883858913279,-1.1367109649791202453166384133655,-0.00064519042178554100747801703130488,,,,,,,,
0.393,0.27958985313650142348916539702278,-1.1321181541508761351296731740694,-0.00064018760002640030903255207008308,,,,,,,,
0.394,0.27846002367731230641561898735593,-1.1275438410193935284127753253261,-0.00063546187365698020145486820269858,,,,,,,,
0.395,0.27733475931307923809010804168203,-1.1229879519952833049755722018678,-0.00063101045758945719902712403055348,,,,,,,,
0.396,0.2762140416563824864389937053648,-1.1184504137460986508628027622879,-0.00062683078394625471525937855030944,,,,,,,,
0.397,0.27509785239300626361639260066956,-1.1139311531964061001926404755216,-0.00062292049893949676381656559593344,,,,,,,,
0.398,0.27398617328168169471563820768326,-1.1094300975278145560181487752041,-0.00061927745999364753584286454278207,,,,,,,,
0.399,0.27287898615382977778383594911424,-1.1049471741789639307988841236178,-0.00061589973310625236196685000789429,,,,,,,,
0.4,0.27177627291330437472789411688433,-1.1004823108454749794783078492547,-0.00061278559044205552169770749023495,,,,,,,,
0.401,0.27067801553613527116004248735937,-1.0960354354798618333667995847956,-0.00060993350815611983284830631635356,,,,,,,,
0.402,0.26958419607027134175393088776634,-1.091606476291408680904100300877,-0.00060734216444191262011315354219945,,,,,,,,
0.403,0.26849479663532385626632156084966,-1.0871953617460119817991608564055,-0.00060501043780065317982967520643676,,,,,,,,
0.404,0.26740979942230996002165940327414,-1.082802020565989543905351483724,-0.00060293740552853885751129319266792,,,,,,,,
0.405,0.26632918669339636135504213934581,-1.0784263817298577373757594348621,-0.00060112234241878094317772001450092,,,,,,,,
0.406,0.26525294078164325726104387376738,-1.0740683744720780680528145039365,-0.00059956471967568835248768734309398,,,,,,,,
0.40700000000000003,0.26418104409074852729929754286981,-1.0697279282827742815794296827331,-0.00059826420403833706472674084634517,,,,,,,,
0.40800000000000003,0.26311347909479222466063887936953,-1.0654049729074211212804375509752,-0.00059722065711165707854934282479664,,,,,,,,
0.40900000000000003,0.26205022833798139219797356997024,-1.0610994383465058163628510378728,-0.00059643413490305675224070152404313,,,,,,,,
0.41000000000000003,0.26099127443439523017195569576374,-1.0568112548551633323349795052943,-0.00059590488756298733008820104085871,,,,,,,,
0.41100000000000003,0.25993660006773064145124911774852,-1.0525403529427863726651807876977,-0.00059563335932812871806474974123857,,,,,,,,
0.41200000000000003,0.2588861879910481789388546579195,-1.0482866633726110795122259976597,-0.00059562018866615164426811701639709,,,,,,,,
0.41300000000000003,0.25784002102651841906807220686013,-1.0440501171612793417856234505367,-0.00059586620862128169336733882664029,,,,,,,,
0.41400000000000003,0.25679808206516878432254931839742,-1.0398306455783785807638761069988,-0.00059637244736015779873466155401104,,,,,,,,
0.41500000000000004,0.25576035406663083688303779073873,-1.0356281801459598469428156347201,-0.00059714012891774205916155043899117,,,,,,,,
0.41600000000000004,0.25472682005888806468749572522944,-1.031442652638035026639191386182,-0.00059817067414329965731330117171275,,,,,,,,
0.417,0.25369746313802418040965735550634,-1.0272739950800539230738179138049,-0.0005994657018467276235971034713652,,,,,,,,
0.418,0.25267226646797195311283069401885,-1.0231221397483619441437827403705,-0.00060102703014576963300931141722532,,,,,,,,
0.419,0.25165121328026259161921658545544,-1.0189870191696390978070965587053,-0.00060285667801491135762521731649038,,,,,,,,
0.42,0.25063428687377569794927105293093,-1.0148685661203209658908416972774,-0.00060495686703700753109145045987357,,,,,,,,
0.421,0.24962147061448980852940852686461,-1.0107667136260022981428340415285,-0.0006073300233589482155344095052519,,,,,,,,
0.422,0.24861274793523354023857067670143,-1.0066813949608238404268188899184,-0.00060997877985292819259830459993978,,,,,,,,
0.423,0.24760810233543735776381729166601,-1.0026125436468429840641920389604,-0.00061290597848514032166229291565319,,,,,,,,
0.424,0.24660751738088597816113219222934,-0.99856009345338879740514943055842,-0.00061611467289397150907500104000472,,,,,,,,
0.425,0.24561097670347142796912374997075,-0.99452397839640197572495544278068,-0.00061960813118003899925011803281352,,,,,,,,
0.426,0.2446184640009467676993246279314,-0.99050413273776022144447898201646,-0.00062338983891066541650356835214741,,,,,,,,
0.427,0.24362996303668049802648851195129,-0.98650049098458954342785047409042,-0.00062746350234165373912531889469664,,,,,,,,
0.428,0.242645457639411661524812147042,-0.98251298788856194167530408680433,-0.00063183305185948855732182225082882,,,,,,,,
0.429,0.24166493170300565334058610929602,-0.97854155844517992206885935568646,-0.00063650264564735793735311501223615,,,,,,,,
0.43,0.24068836918621075375764097748903,-0.9745861378930482649068677835359,-0.00064147667357866136915482067459073,,,,,,,,
0.431,0.23971575411241539519838532576192,-0.97064666171313345074646391172964,-0.00064675976134194399906359254002672,,,,,,,,
0.432,0.23874707056940617580954008536973,-0.96672306562801112752786558520799,-0.00065235677480147603002315347180167,,,,,,,,
0.433,0.23778230270912663140720425061951,-0.96281528560110198404983424912738,-0.00065827282459797919851519004254494,,,,,,,,
0.434,0.23682143474743677720001435969888,-0.95892325783589637657125965446026,-0.00066451327099429000333835013900499,,,,,,,,
0.435,0.23586445096387343037128896355513,-0.95504691877516803760079681035889,-0.00067108372897104226299263381032554,,,,,,,,
0.436,0.23491133570141132428061210764028,-0.9511862051001771787769166743905,-0.00067799007357775001700936252751871,,,,,,,,
0.437,0.23396207336622502474176668860983,-0.9473410537298632831078784035903,-0.00068523844554497616834771014804312,,,,,,,,
0.438,0.23301664842745165854676564599099,-0.94351140182002786570926164113821,-0.00069283525716358300086917348995883,,,,,,,,
0.439,0.23207504541695446413445777745921,-0.93969718676250746652106239720473,-0.00070078719843737821607778367205256,,,,,,,,
0.44,0.23113724892908717404634127664578,-0.93589834618433712328313574765938,-0.00070910124351579484182537461076504,,,,,,,,
0.441,0.23020324362045923857136100952139,-0.93211481794690455827402671285988,-0.00071778465741357570505055527618155,,,,,,,,
0.442,0.22927301420970189975517670730493,-0.92834654014509529795187065828065,-0.00072684500302477357145498159456353,,,,,,,,
0.443,0.22834654547723512473727199309455,-0.92459345110642893065576688015252,-0.00073629014843872698662149892989363,,,,,,,,
0.444,0.22742382226503540718095272646297,-0.92085548939018669391129081977213,-0.00074612827456602976405167759196083,,,,,,,,
0.445,0.22650482947640444537640197636058,-0.91713259378653056961478653787628,-0.00075636788308287942447547571398952,,,,,,,,
0.446,0.22558955207573870542518193077194,-0.91342470331561405242862731114341,-0.00076701780470256717663846699713883,,,,,,,,
0.447,0.22467797508829987775558295352845,-0.90973175722668474408524922289314,-0.00077808720778325973284896935249272,,,,,,,,
0.448,0.22377008359998623507171772733822,-0.90605369499717891395356213535116,-0.00078958560728162187492243290169357,,,,,,,,
0.449,0.22286586275710489970496249676434,-0.90239045633180815415001445380201,-0.0008015228740622387422905312063251,,,,,,,,
0.45,0.22196529776614502821399339887304,-0.89874198116163824566136951387378,-0.00081390924457321883153851849441766,,,,,,,,
0.451,0.22106837389355192096900579816249,-0.89510820964316034037089588597954,-0.00082675533089879321683118309184721,,,,,,,,
0.452,0.22017507646550206435650648184358,-0.89148908215735455252842284611684,-0.00084007213120017407932979148170847,,,,,,,,
0.453,0.2192853908676791131531161035327,-0.88788453930874604206226714333023,-0.0008538710405563968416121626513881,,,,,,,,
0.454,0.21839930254505082053991104966109,-0.88429452192445366118253265652154,-0.00086816386221734562686524471371378,,,,,,,,
0.455,0.21751679700164692316278326464112,-0.88071897105323122495626269717556,-0.00088296281928165200525190095943989,,,,,,,,
0.456,0.21663785980033798858893109381698,-0.87715782796450145593131035665887,-0.00089828056681266267153013927044243,,,,,,,,
0.457,0.21576247656261523246475536712061,-0.8736110341473826424338689374268,-0.0009141302044061934567464006046752,,,,,,,,
0.458,0.21489063296837131264597777756517,-0.87007853130970803985099134255923,-0.00093052528922432556922182601344988,,,,,,,,
0.459,0.21402231475568210754659135592809,-0.86656026137703803402105692681414,-0.00094747984951005586198691778428968,,,,,,,,
0.46,0.21315750772058948593917667459321,-0.86305616649166507577924121498863,-0.00096500839859818693120548304338137,,,,,,,,
0.461,0.21229619771688507543506613620804,-0.85956618901161138572910361354968,-0.00098312594943843567965659166760052,,,,,,,,
0.462,0.21143837065589503687871850059095,-0.85609027150961941842317723132155,-0.0010018480296473513692297054419729,,,,,,,,
0.463,0.21058401250626585190639499647435,-0.85262835677213506532290101145059,-0.0010211906971062668971538905986479,,,,,,,,
0.464,0.20973310929375113094473718788179,-0.8491803877982835661595678100455,-0.0010411705561231608459113078040514,,,,,,,,
0.465,0.20888564710099944896007716412797,-0.84574630779883808862155710307903,-0.0010618047741769835839180093045275,,,,,,,,
0.466,0.20804161206734321631421606972409,-0.84232606019518092663753804564007,-0.0010831110992636991651721183946129,,,,,,,,
0.467,0.20720099038858859213695231682938,-0.83891958861825725789928672095406,-0.0011051078778640168486936983057258,,,,,,,,
0.468,0.20636376831680644768980206795161,-0.83552683690752139166012138014066,-0.001127814073553532616475205810579,,,,,,,,
0.46900000000000003,0.20552993216012438726911885529557,-0.83214774910987542824470719275931,-0.0011512492862767730226509185070976,,,,,,,,
0.47000000000000003,0.20469946828251983428018458872135,-0.82878226947860024210221233070979,-0.0011754337723074319953643632454426,,,,,,,,
0.47100000000000003,0.20387236310361419020681962726455,-0.82543034247227869061669798721737,-0.0012003884649179168037458653758789,,,,,,,,
0.47200000000000003,0.20304860309846807430366475221664,-0.82209191275371094124546160589159,-0.0012261349957821732923909068883055,,,,,,,,
0.47300000000000003,0.20222817479737765195055318767779,-0.81876692518882179987715285132205,-0.0012526957171366437019713462530042,,,,,,,,
0.47400000000000003,0.2014110647856720597303573195248,-0.81545532484555991357622066118948,-0.0012800937247251239954770052356612,,,,,,,,
0.47500000000000003,0.2005972597035119354234141256786,-0.81215705699278871109803457140673,-0.0013083528815542326854041254819907,,,,,,,,
0.47600000000000003,0.19978674624568906125316779152667,-0.80887206709916893470927986417289,-0.0013374978424871808310825594544423,,,,,,,,
0.47700000000000004,0.19897951116142712886909035801384,-0.8056003008320326069203830246278,-0.0013675540797045443039475226212341,,,,,,,,
0.47800000000000004,0.19817554125418363471433492497249,-0.80234170405624826572019997500469,-0.0013985479090617857929659304206152,,,,,,,,
0.47900000000000004,0.19737482338145291459703489013209,-0.79909622283307729178738838246249,-0.0014305065173743565688219229879864,,,,,,,,
0.48,0.1965773444545703264657915507013,-0.7958638034190211409271421701068,-0.0014634579906623280059598695985226,,,,,,,,
0.481,0.19578309143851759058180640516693,-0.79264439226465928463559385435259,-0.0014974313433876615749331083777151,,,,,,,,
0.482,0.19499205135172929648243967307228,-0.78943793601347765121642482518953,-0.0015324565487184247998311583706311,,,,,,,,
0.483,0.19420421126590058634384970764444,-0.78624438150068734925422144042537,-0.0015685645698555009010253943232554,,,,,,,,
0.484,0.19341955830579602457393680736551,-0.78306367575203344447593826249955,-0.0016057873924586229249424878718646,,,,,,,,
0.485,0.19263807964905966370123812524582,-0.77989576598259355009443380887935,-0.0016441580582098905522168281795604,,,,,,,,
0.486,0.19185976252602631687086772061098,-0.77674059959556597961526237497945,-0.0016837106995543009654196734290028,,,,,,,,
0.487,0.19108459421953404751524832246011,-0.77359812418104719978843625870548,-0.0017244805756582456800287936252721,,,,,,,,
0.488,0.19031256206473788703543147559186,-0.77046828751479830988926551593414,-0.0017665041096283946706238715984515,,,,,,,,
0.489,0.18954365344892479160845435128363,-0.76735103755700026180502371772758,-0.0018098189270349090729168491800873,,,,,,,,
0.49,0.18877785581132984952765025471239,-0.76424632245099752347528758629492,-0.0018544638957844958671086079854973,,,,,,,,
0.491,0.18801515664295375078634326775689,-0.76115409052202987607137421851143,-0.0019004791673904439468895272384794,,,,,,,,
0.492,0.18725554348638153093115512773923,-0.75807429027595202289216474243846,-0.0019479062196884625907080189543157,,,,,,,,
0.493,0.18649900393560260153948625535221,-0.75500687039794067528735060791629,-0.0019967879010488823591196144236122,,,,,,,,
0.494,0.18574552563583208001686722695835,-0.75195177975118876798212656759089,-0.0020471684761375766672587902158195,,,,,,,,
0.495,0.18499509628333343176408912133969,-0.74890896737558644295669153313998,-0.0020990936732798215894316086834676,,,,,,,,
0.496,0.18424770362524243813160126478992,-0.74587838248638842751644905945228,-0.0021526107334832337493243218963448,,,,,,,,
0.497,0.18350333545939250395991645166135,-0.74285997447286741836108743039052,-0.0022077684611779133807759621737861,,,,,,,,
0.498,0.1827619796341413189000038128515,-0.73985369289695306930903383970944,-0.0022646172767339737967409909322422,,,,,,,,
0.499,0.18202362404819888711720911073674,-0.73685948749185616584407515655978,-0.0023232092708187616031916904718342,,,,,,,,
0.5,0.18128825665045694040646652952896,-0.73387730816067755480884873201529,-0.0023835982606582661032978997471318,,,,,,,,
0.501,0.18055586543981975018581471996832,-0.73090710497500138236071591128798,-0.0024458398482694835547218629008451,,,,,,,,
0.502,0.17982643846503635428987755556148,-0.72794882817347217771416251384286,-0.002509991480732844403519884503531,,,,,,,,
0.503,0.17909996382453421495540663671363,-0.7250024281603553042048702842793,-0.0025761125125762314890562769922427,,,,,,,,
0.504,0.17837642966625432487761356235968,-0.722067855504080282808120889951,-0.0026442642703446166932577309511326,,,,,,,,
0.505,0.17765582418748777871926695521208,-0.71914506093576647641196498047696,-0.0027145101194319248202754843729735,,,,,,,,
0.506,0.17693813563471382797483023489602,-0.71623399534773060586691597205044,-0.0027869155332543988901055136840478,,,,,,,,
0.507,0.17622335230343943762972616282681,-0.713334609791975551091662723565,-0.0028615481648474927846410913612665,,,,,,,,
0.508,0.17551146253804036361060559628934,-0.71044685547865987229081708899034,-0.00293847792097115758766864352327,,,,,,,,
0.509,0.17480245473160377059676091335331,-0.70757068377454746761791021389947,-0.0030177770388113193158474748744556,,,,,,,,
0.51,0.17409631732577241035606779693904,-0.70470604620143676437610238591568,-0.0030995201653683703590296750708966,,,,,,,,
0.511,0.17339303881059038138158997514337,-0.70185289443456882107121935604807,-0.0031837844396266171522232966715973,,,,,,,,
0.512,0.17269260772435049123778701680998,-0.69901118030101369729706282149188,-0.003270649577601844702506332746385,,,,,,,,
0.513,0.17199501265344324367869228433619,-0.69618085577803442752117675231422,-0.0033601979603674768976171822835189,,,,,,,,
0.514,0.17130024223220747327506414337864,-0.69336187299142791332949706294625,-0.0034525147251632323177080948988287,,,,,,,,
0.515,0.17060828514278265098396721218267,-0.69055418421384202655905876554658,-0.0035476878596937008221896163783066,,,,,,,,
0.516,0.16991913011496288481314232539047,-0.68775774186306819297702318644218,-0.0036458082997278987204727976751961,,,,,,,,
0.517,0.16923276592605264047452700550714,-0.68497249850030870272888594565304,-0.0037469700301146020459790866075032,,,,,,,,
0.518,0.16854918140072420768706877629734,-0.68219840682841796965530304186962,-0.0038512701893321104698602942163044,,,,,,,,
0.519,0.16786836541087693857923170457619,-0.67943541969011693674127068504212,-0.0039588091776950607808683441889637,,,,,,,,
0.52,0.1671903068754982854570568396356,-0.67668349006617979938840436103322,-0.0040696907693449906075908869980504,,,,,,,,
0.521,0.16651499476052666604504985093807,-0.67394257107359219186499222957362,-0.0041840222281555520617112259030977,,,,,,,,
0.522,0.16584241807871618517531045751217,-0.67121261596367995516274461698173,-0.0043019144276875930192313176705539,,,,,,,,
0.523,0.16517256588950324279599153027182,-0.66849357812020757654628112252136,-0.0044234819753337624869452193534588,,,,,,,,
0.524,0.1645054272988750590942122423583,-0.66578541105744536229307331906483,-0.0045488433407968574343798994539497,,,,,,,,
0.525,0.16384099145924014848180931968207,-0.66308806841820437545857310601081,-0.004678120989050812951234918642587,,,,,,,,
0.526,0.16317924756930077517568296850646,-0.66040150397183813993344537297385,-0.0048114415179380467728441047417308,,,,,,,,
0.527,0.1625201848739274241188997359345,-0.65772567161221008055605725495743,-0.0049489358005618040443555337545668,,,,,,,,
0.528,0.16186379266403532203510533177486,-0.65506052535562563657151544503904,-0.0050907391326372093720132103072869,,,,,,,,
0.529,0.16121006027646304448816090440369,-0.6524060193387279522554036311657,-0.0052369913849699211731164685547117,,,,,,,,
0.53,0.16055897709385324593226473909939,-0.64976210781635601401168733955708,-0.0053878371612365982219841015116582,,,,,,,,
0.531,0.15991053254453555088621097952134,-0.6471287451593640676746346066452,-0.0055434259612468299019269999282706,,,,,,,,
0.532,0.15926471610241164554995687263177,-0.64450588585240111305749681585697,-0.0057039123498717494479712255231558,,,,,,,,
0.533,0.15862151728684261040344646531634,-0.64189348449164923495834917933806,-0.0058694561318302424281772936963405,,,,,,,,
0.534,0.15798092566253853558783627389508,-0.63929149578251949081690140879504,-0.0060402225325294794375149039497869,,,,,,,,
0.535,0.15734293083945046216909148809377,-0.63669987453730403497496018459727,-0.0062163823851624405440195289454055,,,,,,,,
0.536,0.1567075224726646937246150028213,-0.63411857567278311798592118696958,-0.0063981123242711569609595484619782,,,,,,,,
0.537,0.15607469026229952407642356255089,-0.63154755420778555660216782121497,-0.0065855949859905696474210302787779,,,,,,,,
0.538,0.15544442395340442842072685848292,-0.62898676526070122589909788487417,-0.0067790192151941913289923896598613,,,,,,,,
0.539,0.15481671333586176657497304030249,-0.62643616404694407942474189824449,-0.0069785802797691533225426828814123,,,,,,,,
0.54,0.15419154824429104858092100697241,-0.62389570587636415624709022565322,-0.0071844800922547162954944146561829,,,,,,,,
0.541,0.15356891855795581446755752012187,-0.62136534615060698525822704402453,-0.0073969274390849185770202025403558,,,,,,,,
0.542,0.1529488142006731815922170397123,-0.61884504036041874703444141797,-0.0076161382176827198094504161029233,,,,,,,,
0.543,0.15233122514072611464365720239997,-0.61633474408289550189220129447757,-0.007842335681659763497954161011085,,,,,,,,
0.544,0.15171614139077847510871936502159,-0.61383441297867473946701465949011,-0.0080757506943827201809947066040689,,,,,,,,
0.545,0.15110355300779290877624306847533,-0.61134400278906745011970737083068,-0.0083166219911740730814799208933306,,,,,,,,
0.546,0.15049345009295163167984409141318,-0.60886346933312886168456250519334,-0.0085651964504221584644135021631481,,,,,,,,
0.547,0.14988582279158017676680534425181,-0.60639276850466592645616639810069,-0.0088217293738822603406492569381632,,,,,,,,
0.548,0.14928066129307416552552652585978,-0.60393185626917958280472879699637,-0.009086484776457568879935440143721,,,,,,,,
0.549,0.14867795583082917081065356387636,-0.6014806886607397533490151966384,-0.0093597356857558275037260891105351,,,,,,,,
0.55,0.14807769668217373917514888070386,-0.59903922177879097713558979143951,-0.0096417644517244968653676237887633,,,,,,,,
0.551,0.14747987416830564315422234998327,-0.59660741178488650670429622126142,-0.0099328630666742345607350161803366,,,,,,,,
0.552,0.14688447865423143614934399796357,-0.59418521489934863219193624679248,-0.010233333496007405076510960686329,,,,,,,,
0.553,0.14629150054870938483369869578496,-0.59177258739785292366565370422984,-0.010543488019975170496347958259964,,,,,,,,
0.554,0.14570093030419585634569045603536,-0.58936948560793400960879088324318,-0.010863649586793441673453397337063,,,,,,,,
0.555,0.14511275841679523995680675817933,-0.58697586590541043382655453817189,-0.011194152177454562077381116479229,,,,,,,,
0.556,0.14452697542621348539673859162743,-0.5845916847107260549156140801773,-0.01153534118257801956784731633538,,,,,,,,
0.557,0.14394357191571534259462911225578,-0.58221689848520537176687212068803,-0.011887573791649699048645859779811,,,,,,,,
0.558,0.14336253851208539025328776599244,-0.57985146372722007525732781846951,-0.012251219395005162054500987732881,,,,,,,,
0.559,0.14278386588559294341584050490309,-0.57749533696826404024543803406658,-0.012626659998918124946303659094,,,,,,,,
0.56,0.14220754474996093301436466695336,-0.57514847476893388312181723854416,-0.01301429065416065876527833795356,,,,,,,,
0.561,0.14163356586233885331044801578804,-0.57281083371481211838744764551286,-0.013414519898406599969530944638396,,,,,,,,
0.562,0.14106192002327987615128185276948,-0.57048237041224985293542208532524,-0.013827770212854186798595013093858,,,,,,,,
0.5630000000000001,0.1404925980767222340749156128558,-0.56816304148404585879680513485521,-0.01425447849344796061125711465605,,,,,,,,
0.5640000000000001,0.13992559090997497750783710764363,-0.56585280356501876397010841484195,-0.01469509653708342977382877174438,,,,,,,,
0.5650000000000001,0.13936088945370821461037894673871,-0.5635516132974689964770875704343,-0.015150091543180814549131211968757,,,,,,,,
0.5660000000000001,0.13879848468194794574397995730088,-0.56125942732652700886122327560906,-0.0156199466310162980187708739377,,,,,,,,
0.5670000000000001,0.13823836761207560806255875570468,-0.55897620229538419885154217395504,-0.01610516137320051707042965906988,,,,,,,,
0.5680000000000001,0.13768052930483244937181296495497,-0.55670189484040282673147557617497,-0.016606252345694448800517174794047,,,,,,,,
0.5690000000000001,0.13712496086432885415889387031024,-0.55443646158610111095412328261786,-0.01712375369475228394734624923337,,,,,,,,
0.5700000000000001,0.13657165343805874857450281489789,-0.55217985914000956060108668327422,-0.017658217721179225033377379358699,,,,,,,,
0.5710000000000001,0.13602059821691921515402536284197,-0.54993204408739447625692452418068,-0.018210215482289289308138372287185,,,,,,,,
0.5720000000000001,0.13547178643523545219801257391224,-0.54769297298584441962553715244974,-0.018780337411944013039404124270987,,,,,,,,
0.5730000000000001,0.13492520937079121699942816061334,-0.54546260235971531660381119578608,-0.01936919395904731244724601252801,,,,,,,,
0.5740000000000001,0.13438085834486489651004544643096,-0.54324088869442971840203530077622,-0.019977416244864515797704469912392,,,,,,,,
0.5750000000000001,0.13383872472227135358579073388885,-0.5410277884306256005050982858639,-0.020605656739524588338566267925159,,,,,,,,
0.5760000000000001,0.13329879991140970164543925579856,-0.5388232579581499296430803822451,-0.021254589958053662936869308144542,,,,,,,,
0.577,0.13276107536431716542378865421198,-0.5366272536098920743187394710196,-0.021924913176274988414232558493237,,,,,,,,
0.578,0.13222554257672919050434392072036,-0.53443973165545197465099070285586,-0.022617347166895125745799304222407,,,,,,,,
0.579,0.13169219308814596948290251175028,-0.53226064829463782216020924186425,-0.023332636956078456901843607007052,,,,,,,,
0.58,0.1311610184819055579476651459949,-0.53008995965078782945928727163486,-0.024071552600791605089610522545253,,,,,,,,
0.581,0.13063201038526375896923977334935,-0.52792762176391049343367041353343,-0.024834889987175966068886438826314,,,,,,,,
0.582,0.13010516046948096048097002839609,-0.52577359058363757319726962432588,-0.025623471650179969394287926729556,,,,,,,,
0.583,0.12958046044991611580242203115122,-0.52362782196198381569550493378605,-0.026438147614652660028942538197101,,,,,,,,
0.584,0.12905790208612806362282878175307,-0.52149027164590726708098608377896,-0.027279796258066430783381017523436,,,,,,,,
0.585,0.12853747718198439002325818387283,-0.51936089526966380669330784401819,-0.028149325194998941323066104417167,,,,,,,,
0.586,0.12801917758577804158289944718165,-0.5172396483469493324063480684951,-0.029047672183462106748482217140371,,,,,,,,
0.587,0.12750299519035190529304349411222,-0.51512648626282281103062840414069,-0.029975806053119183441478681915937,,,,,,,,
0.588,0.12698892193323157789919399803002,-0.51302136426540318513288863279068,-0.030934727655379055131038330183723,,,,,,,,
0.589,0.1264769497967665544146608207792,-0.51092423745733289780974101513173,-0.031925470835299437674582449532055,,,,,,,,
0.59,0.1259670708082800729055855535257,-0.50883506078700055936806718313018,-0.032949103425167462037004920121411,,,,,,,,
0.591,0.12545927704022786024552179701865,-0.50675378903951503425359876239323,-0.034006728259556520843642735675761,,,,,,,,
0.592,0.12495356061036603138560570419317,-0.50468037682742297265341423247196,-0.035099484211581907307101834868508,,,,,,,,
0.593,0.12444991368192840279245239925945,-0.502614778581161548690719950245,-0.036228547249994140911845302591828,,,,,,,,
0.594,0.12394832846381348907894059148858,-0.5005569485392378957340568155334,-0.037395131516657437484410637000524,,,,,,,,
0.595,0.1234487972107814605020427972168,-0.49850684073812644875039246564024,-0.038600490423860987428602998448518,,,,,,,,
0.596,0.12295131222366134793617678575435,-0.4964644090018751135240797421984,-0.039845917770801968868000312211772,,,,,,,,
0.597,0.12245586584956879115987376179046,-0.49442960693141088261191998653159,-0.04113274887846092372477482266948,,,,,,,,
0.598,0.12196245048213463582789416398496,-0.49240238789353520776758939274349,-0.042462361741961612504508125706409,,,,,,,,
0.599,0.12147105856174469435063346797615,-0.49038270500959911789358404340275,-0.043836178199368051585408198621624,,,,,,,,
0.6,0.12098168257579099607846771334723,-0.48837051114384774000040844290294,-0.045255665115720403845717396681363,,,,,,,,
0.601,0.12049431505893486270168285345492,-0.48636575889142353779301917737284,-0.046722335580947982406581431509413,,,,,,,,
0.602,0.12000894859338215563828919098443,-0.48436840056601722797239679734416,-0.048237750120121044644577838584327,,,,,,,,
0.603,0.11952557580917105340421577358203,-0.4823783881871549677307683033753,-0.049803517914312469199739825892166,,,,,,,,
0.604,0.11904418938447272855539514984182,-0.48039567346711002781353901835457,-0.051421298030134955283269245078199,,,,,,,,
0.605,0.11856478204590530577179795241263,-0.47842020779742677348591625597064,-0.053092800655798157090155864940864,,,,,,,,
0.606,0.1180873465688614950327120158125,-0.47645194223504437032891783243997,-0.054819788341292225896739401390658,,,,,,,,
0.607,0.11761187577785030662409115070123,-0.47449082748800721253373827642317,-0.05660407724004860191167732879037,,,,,,,,
0.608,0.1171383625468532679367055313292,-0.47253681390074863778492513710727,-0.058447538349154565704107181915911,,,,,,,,
0.609,0.11666679979969557567267883023471,-0.47058985143893404442442500451229,-0.060352098744903980172219110257844,,,,,,,,
0.61,0.11619718051043263119287233515014,-0.46864988967384906285595046386926,-0.06231974281015175215615517851785,,,,,,,,
0.611,0.11572949770375242132407211117293,-0.46671687776631795355009417697567,-0.064352513449602712546106026570197,,,,,,,,
0.612,0.11526374445539422201919201145223,-0.46479076445013690799451085865056,-0.066452513288805723794702736798023,,,,,,,,
0.613,0.11479991389258411784242333110252,-0.46287149801500641593055175866557,-0.068621905852239720733729218094249,,,,,,,,
0.614,0.11433799919448784635172104176398,-0.46095902628894633163848927813632,-0.070862916715468903664171292777918,,,,,,,,
0.615,0.11387799359268149309109635854225,-0.45905329662017672326803874986188,-0.073177834625908248998721769226731,,,,,,,,
0.616,0.11341989037164058010338575029649,-0.45715425585844702162832152541601,-0.075569012586276693951036442494362,,,,,,,,
0.617,0.11296368286924810864962906073443,-0.45526185033579539779898996138368,-0.078038868894322601635905616147965,,,,,,,,
0.618,0.11250936447732213519371973325479,-0.45337602584671969172671766880622,-0.080589888131883246111734261583886,,,,,,,,
0.619,0.11205692864216347870108059415238,-0.45149672762774058593016337679587,-0.083224622095785919057569397787097,,,,,,,,
0.62,0.11160636886512417692897204277508,-0.44962390033633706882934036668151,-0.085945690662511729335189879178385,,,,,,,,
0.621,0.11115767870319732967559346149325,-0.44775748802923356029475182561486,-0.088755782577923168051311361431189,,,,,,,,
0.622,0.11071085176962898792809088786136,-0.44589743414001737700474809961686,-0.091657656162702030420653783565441,,,,,,,,
0.623,0.11026588173455276952941827809815,-0.44404368145606449630692683559843,-0.094654139923454385433062205173189,,,,,,,,
0.624,0.10982276232564790439501281236049,-0.4421961720947508336743131606393,-0.097748133058713126151281456782173,,,,,,,,
0.625,0.10938148732882143547757417130914,-0.44035484747892547967460190482651,-0.10094260584830549749355430674513,,,,,,,,
0.626,0.1089420505889153256278904751006,-0.43851964831162154674688281384895,-0.10424059991375230775969959456445,,,,,,,,
0.627,0.10850444601043924525853552327908,-0.43669051454997945309092362091925,-0.10764522833652687805966442432464,,,,,,,,
0.628,0.10806866755832984131320850920507,-0.43486738537835661967417425863664,-0.111159675620124963079934701617,,,,,,,,
0.629,0.10763470925873731450629489697096,-0.43305019918059667577411478129069,-0.11478719748098191290838692846157,,,,,,,,
0.63,0.10720256519984015915468550711802,-0.43123889351143035758834634843617,-0.11853112045232053370588117546127,,,,,,,,
0.631,0.1067722295326889482078169018966,-0.42943340506697934221784400427213,-0.12239484128402304878509296124683,,,,,,,,
0.632,0.10634369647208007532416825824673,-0.42763366965433328468089877136222,-0.12638182612059421804976688268872,,,,,,,,
0.633,0.10591696029746039607604357616789,-0.42583962216016931743116134365429,-0.13049560943822140056894500989477,,,,,,,,
0.634,0.1054920153538637416234926544296,-0.42405119651838222898027988548502,-0.1347397927208429531654016736265,,,,,,,,
0.635,0.10506885605288031051796082198039,-0.42226832567669245947292075673839,-0.13911804285401116778543178247243,,,,,,,,
0.636,0.10464747687365997771319764882137,-0.42049094156219793519893887721911,-0.14363409021418285344436456980104,,,,,,,,
0.637,0.10422787236395059441284128437352,-0.41871897504583460978285369830338,-0.14829172642989319288276909535627,,,,,,,,
0.638,0.10381003714117238810996233321917,-0.41695235590570938585137708957471,-0.1530948017900708855299030113055,,,,,,,,
0.639,0.1033939658935296091140686171047,-0.4151910127892678559891529388111,-0.15804722227353984612101411147976,,,,,,,,
0.64,0.10297965338116060805738760952779,-0.41343487317425802435030916185148,-0.16315294617253074551866903062624,,,,,,,,
0.641,0.10256709443732756836782812006183,-0.41168386332844984895240567969257,-0.1684159802818012895892876628199,,,,,,,,
0.642,0.10215628396964715853551817277921,-0.40993790826806907794641893816999,-0.17384037562374520568254767903107,,,,,,,,
0.643,0.1017472169613634112293806946575,-0.40819693171490243948977226134931,-0.17943022267866545092746654443646,,,,,,,,
0.644,0.10133988847266417998756779704699,-0.40646085605202978265771401592782,-0.18518964608820741175263613481965,,,,,,,,
0.645,0.10093429364204256936007004857874,-0.40472960227813725446920179915191,-0.19112279879880440459959864645843,,,,,,,,
0.646,0.10053042768770478107445956756476,-0.40300308996036403388217501600895,-0.19723385561089362909264620093024,,,,,,,,
0.647,0.10012828590902586707924680810875,-0.40128123718563352578128379156881,-0.20352700609863043020650077974447,,,,,,,,
0.648,0.099727863688054930248238218109768,-0.39956396051041824473528524256934,-0.21000644686387851482948292965461,,,,,,,,
0.649,0.099329156491071365159914783934157,-0.39785117490888588778142232130457,-0.21667637308740162479246528846908,,,,,,,,
0.65,0.09893215987019378475643794655187,-0.39614279371937230578227621669393,-0.22354096933944794844774623254342,,,,,,,,
0.651,0.098536869465043333897604998821779,-0.39443872858912523201964474853465,-0.23060439961132408624174498374773,,,,,,,,
0.652,0.098143281004463147918103793202054,-0.3927388894172607126020617142579,-0.23787079652912457456176053906971,,,,,,,,
0.653,0.097751390308295773336008159731833,-0.39104318429587220386765485506652,-0.24534424971054188035883506022278,,,,,,,,
0.654,0.097361193289220428912994219885163,-0.38935151944923025509867726252751,-0.25302879322565871118184890742502,,,,,,,,
0.655,0.096972685954652048400822928583753,-0.38766379917100857829991320757348,-0.26092839212285005124421859967338,,,,,,,,
0.656,0.096585864408704111595066151019944,-0.38597992575947011823571345626448,-0.26904692798142949644013769780149,,,,,,,,
0.657,0.096200724854217337829021054322963,-0.38429979945054447300756909788226,-0.2773881834534985600770784199263,,,,,,,,
0.658,0.095817263594856385853825642413805,-0.38262331834872567575495135858084,-0.2859558257586363733709188592343,,,,,,,,
0.659,0.09543547703727677624298784819371,-0.38095037835571692907558249937499,-0.29475338909664067126375392539167,,,,,,,,
0.66,0.09505536169336432711143929229147,-0.37928087309674638291498730563291,-0.30378425594554146973109427413923,,,,,,,,
0.661,0.094676914182549471133998716627076,-0.37761469384447546132424289901869,-0.3130516372146009011679490837236,,,,,,,,
0.662,0.094300131234198901671636868123509,-0.37595172944041857091084236500972,-0.32255855122503277310778036998883,,,,,,,,
0.663,0.093925009690087078354787588335404,-0.37429186621379026121744131470571,-0.33230780149477182328609765179461,,,,,,,,
0.664,0.093551546506950207822593184226999,-0.37263498789769305178832827869272,-0.34230195330784512420579721170761,,,,,,,,
0.665,0.093179738759125403569756716986571,-0.37098097554255618937869860771516,-0.35254330905379754095593287592007,,,,,,,,
0.666,0.092809583641277820105934123929769,-0.36932970742673254860501136790744,-0.36303388232825116124524072622146,,,,,,,,
0.667,0.092441078471218650986730603917828,-0.36768105896415773722588943988921,-0.37377537079208695855456835855797,,,,,,,,
0.668,0.092074220692816977833903043686176,-0.36603490260897221000394817874423,-0.38476912779397692185186640986894,,,,,,,,
0.669,0.091709007879008558332065543227123,-0.36439110775700382947278618512803,-0.39601613276911660133516216012033,,,,,,,,
0.67,0.091345437734904745480096601304957,-0.3627495406440048345845796845539,-0.40751696043605955369608782205493,,,,,,,,
0.671,0.090983508101004838200977463594726,-0.36111006424053358572801842512911,-0.41927174882358158896758905927206,,,,,,,,
0.672,0.090623216956515274890828263585566,-0.35947253814336774349097247315421,-0.43128016617054498411866612250143,,,,,,,,
0.673,0.090264562422779196736860421815876,-0.35783681846333170522657088176033,-0.4435413767538265566029572773559,,,,,,,,
0.674,0.08990754276682002677884824167963,-0.35620275770941716431734847628191,-0.45605400571254759356250155428062,,,,,,,,
0.675,0.089552156405002833857243840784599,-0.3545702046690715682956040232175,-0.4688161029511187964303159997889,,,,,,,,
0.676,0.089198401906817377914683310235624,-0.35293900428452502987006541588286,-0.48182510621900044003732374124008,,,,,,,,
0.677,0.088846277998786864731659919683109,-0.35130899752502188555714136730521,-0.49507780348157601397040696477264,,,,,,,,
0.678,0.088495783568506574220781884848421,-0.34968002125481859607609996051507,-0.5085702947141322914979040925812,,,,,,,,
0.679,0.088146917668816667020475185101946,-0.34805190809680503692946004153704,-0.52229795326960003260754986617635,,,,,,,,
0.68,0.08779967952211361946546876555342,-0.34642448629160143257502009918268,-0.53625538699038961259870347015641,,,,,,,,
0.681,0.087454068524804887219251915301644,-0.34479757955197823916432550011754,-0.55043639925528707512488206296875,,,,,,,,
0.682,0.087110084251911553088432866855544,-0.34317100691244117477574858903451,-0.56483395017386854233897732292894,,,,,,,,
0.683,0.086767726461823874960290399142419,-0.34154458257381832815677371630322,-0.57944011816313021778907426988457,,,,,,,,
0.684,0.086426995101214815576809798831082,-0.33991811574268084290909040722424,-0.59424606216387633838033093317967,,,,,,,,
0.685,0.086087890310116807149466554091207,-0.33829141046542306945867423439577,-0.60924198477768847399913109861829,,,,,,,,
0.686,0.085750412427167180801662798014101,-0.33666426545682229767225215318635,-0.62441709662881579073063490912364,,,,,,,,
0.687,0.085414561995027873677123738828944,-0.33503647392289222420409831175395,-0.63975958227884389592606889614483,,,,,,,,
0.6880000000000001,0.085080339765985215454233096863917,-0.33340782337783816615570607050679,-0.65525656804525213491655902112928,,,,,,,,
0.6890000000000001,0.084747746707735791144170296304426,-0.33177809545491570196766578447605,-0.67089409209765290334014709656694,,,,,,,,
0.6900000000000001,0.084416784009364578615189065137489,-0.33014706571098789720004072353651,-0.6866570772272829447049494468461,,,,,,,,
0.6910000000000001,0.084087453087521767471261702575309,-0.32851450342456955256812350148721,-0.70252930670581098308872254177205,,,,,,,,
0.6920000000000001,0.083759755592804880919835632332993,-0.32688017138713998988240610579025,-0.71849340366832825141239697848096,,,,,,,,
0.6930000000000001,0.083433693416353044294223298151981,-0.32524382568749876403110034056296,-0.73453081447205435279397416002844,,,,,,,,
0.6940000000000001,0.083109268696660473159125428848021,-0.32360521548893135153087620749031,-0.75062179649634454279625388518748,,,,,,,,
0.6950000000000001,0.082786483826616490635199245158766,-0.32196408279894431421818800113597,-0.7667454108605216225734886194708,,,,,,,,
0.6960000000000001,0.082465341460779627946850364130186,-0.32032016223132166621132599281109,-0.78287952054334785545312043803639,,,,,,,,
0.6970000000000001,0.082145844522893614447067722433714,-0.3186731807602461793047124915683,-0.79900079439105294992373022233261,,,,,,,,
0.6980000000000001,0.081827996213653323728625193317535,-0.3170228574662211425580238027952,-0.81508471749918501839363222011416,,,,,,,,
0.6990000000000001,0.081511800018729011120659046643755,-0.31536890327351964226784376015474,-0.8311056084465911662946024313225,,,,,,,,
0.7000000000000001,0.081197259717057455125469610474641,-0.31371102067887974519850146152399,-0.84703664384700811026653779757472,,,,,,,,
0.7010000000000001,0.080884379389408901407816393787049,-0.31204890347115504755618716491526,-0.86284989066451361872601466333217,,,,,,,,
0.7020000000000001,0.080573163427239003046631057605351,-0.31038223644162089161813009523091,-0.87851634671294920673216882901985,,,,,,,,
0.7030000000000001,0.080263616541835255138574742093034,-0.30871069508462714836041240891315,-0.89400598972590962397810918774225,,,,,,,,
0.704,0.079955743773767735748487496765018,-0.30703394528827881536790683394563,-0.90928783534259994110887752327599,,,,,,,,
0.705,0.079649550502654288880108843338313,-0.30535164301481578262340837696839,-0.92433000430545542186687301993774,,,,,,,,
0.706,0.079345042457250618840015884540056,-0.30366343397035297273223488422656,-0.93909979910766260309876123685152,,,,,,,,
0.707,0.079042225725876109338559640370446,-0.30196895326363166547041808558309,-0.95356379026247952864258001003399,,,,,,,,
0.708,0.078741106767186535164735872262191,-0.30026782505342216848390854830551,-0.96768791229152098792467828064053,,,,,,,,
0.709,0.078441692421305199538945661185319,-0.29855966218420709631265289403855,-0.98143756944608418828301914406446,,,,,,,,
0.71,0.078143989921324406539917910547605,-0.29684406580976336909325078673877,-0.99477775108443167713672817921101,,,,,,,,
0.711,0.077848006905189565570348038897993,-0.2951206250042496414267784792132,-1.0076731565291826881172524823672,,,,,,,,
0.712,0.077553751427978623919225604636154,-0.29338891636039422286930457506387,-1.0200883291232357299703121438638,,,,,,,,
0.713,0.077261231974589934344249741051606,-0.29164850357436665703986497355432,-1.0319877990907910804137192224681,,,,,,,,
0.714,0.076970457472852087478851786952732,-0.28989893701690399009958198017165,-1.0433362346930975111289054414915,,,,,,,,
0.715,0.076681437307069674004689725960556,-0.28813975329025038600917041544497,-1.0540986010477495340523177054095,,,,,,,,
0.716,0.076394181332019389156357274475182,-0.28637047477045614130826657712051,-1.0642403258571446329093493082422,,,,,,,,
0.717,0.076108699887411352468381048609392,-0.284590609134569323186773685211,-1.0737274711677001138685931799008,,,,,,,,
0.718,0.075825003812830988955616963368038,-0.28279964887224020967646481394163,-1.0825269101584298899207769361218,,,,,,,,
0.719,0.075543104463177304348099306867932,-0.28099707078124545967529037113432,-1.0906065078374548520290344494363,,,,,,,,
0.72,0.075263013724613886780864321655919,-0.27918233544642549460661084441776,-1.0979353044100620031258415074086,,,,,,,,
0.721,0.074984744031049480656656518378602,-0.27735488670151494591489736630329,-1.1044836999742347011528580764752,,,,,,,,
0.722,0.074708308381165505429093783384693,-0.27551415107333222828715439831293,-1.1102236391014110997824727092674,,,,,,,,
0.723,0.074433720356008432954197069865637,-0.27365953720778035448032507638026,-1.1151287937738734603225401827299,,,,,,,,
0.724,0.074160994137165491969458071011582,-0.27179043527709703315301005477398,-1.1191747430778839068434661487831,,,,,,,,
0.725,0.073890144525542737301694922111452,-0.26990621636777790776272527031653,-1.1223391479956397734102160424839,,,,,,,,
0.726,0.073621186960765104674806021809945,-0.26800623184858252660760165298396,-1.1246019196013668360309074300102,,,,,,,,
0.727,0.073354137541218669557556001074061,-0.26608981271801830847813226272904,-1.1259453789492527443870957700649,,,,,,,,
0.728,0.073089013044755940402585927650057,-0.26415626893068341518561717613058,-1.1263544069450483069621445400914,,,,,,,,
0.729,0.072825830950085642892141039242088,-0.26220488870183509476810556163067,-1.1258165825203287081319127559459,,,,,,,,
0.73,0.072564609458869092399700016937562,-0.26023493778953575429294345945846,-1.1243223074795508854010221548757,,,,,,,,
0.731,0.072305367518545906737184810650028,-0.25824565875371479953712599299399,-1.1218649164657034229215037493914,,,,,,,,
0.732,0.07204812484591248027945815486989,-0.25623627019147018519538192672197,-1.1184407705906131320127318601912,,,,,,,,
0.733,0.071792901951477323589161466797163,-0.2542059659479197028214641937719,-1.1140493334004638845575689638612,,,,,,,,
0.734,0.071539720164618069501865715790196,-0.25215391430189834838252023552037,-1.1086932279949175854368856097958,,,,,,,,
0.735,0.071288601659565657013803564526043,-0.2500792571257847161396452334183,-1.1023782742880184152209388518526,,,,,,,,
0.736,0.071039569482241927920173272843826,-0.24798110901872632508640874957552,-1.0951135055889225363395943184352,,,,,,,,
0.737,0.070792647577977607591767509606718,-0.24585855641252116879706788379738,-1.0869111638880561033612843310996,,,,,,,,
0.738,0.070547860820138390088559907234053,-0.24371065664940066598968559394387,-1.077786673456743301989033363603,,,,,,,,
0.739,0.070305235039687608447876966032739,-0.24153643703094766089890540830594,-1.0677585926024366229986357181627,,,,,,,,
0.74,0.070064797055714742821804117410022,-0.23933489383737227043204580501081,-1.0568485436638506722802079172048,,,,,,,,
0.741,0.069826574706959801448843901491615,-0.23710499131635829756401745349646,-1.0450811215767000523798617896429,,,,,,,,
0.742,0.069590596884364401401265840255452,-0.23484566064068373432402795592527,-1.0324837815873283380984434522207,,,,,,,,
0.743,0.06935689356468117671356782787606,-0.23255579883381067872174485957265,-1.019086706934140780411217575725,,,,,,,,
0.744,0.069125495845173949810148352383911,-0.23023426766263291320486047881353,-1.0049226575512594996497659430047,,,,,,,,
0.745,0.068896435979441916922657417368622,-0.22787989249656357299173021330315,-0.9900268010711350398865356110434,,,,,,,,
0.746,0.068669747414401918089953443570487,-0.22549146113214091691442492342176,-0.97443652760908518161223591687216,,,,,,,,
0.747,0.068445464828463685884833758215528,-0.22306772258232735875041650152598,-0.95819124999928239158890943639922,,,,,,,,
0.748,0.068223624170933792566859985941409,-0.22060738582967579314550968626803,-0.94133219131533330213522864686752,,,,,,,,
0.749,0.068004262702684841098637111728174,-0.21810911854253803986300395796033,-0.92390216164649061808150920053752,,,,,,,,
0.75,0.067787419038127269373234152715727,-0.21557154575349312977168704597659,-0.9059453262104259347990887062748,,,,,,,,
0.751,0.067573133188521956868666837095082,-0.21299324849917837690889631665973,-0.88750696696365329546796548152729,,,,,,,,
0.752,0.067361446606672636338207844477045,-0.21037276242071394987985021396399,-0.86863323992001421425440838811191,,,,,,,,
0.753,0.067152402233037917394539153547674,-0.20770857632392221602008807964627,-0.84937093040562719428692490943832,,,,,,,,
0.754,0.066946044543303521031322040937555,-0.20499913069855674384526222768776,-0.82976720846551020661837258145189,,,,,,,,
0.755,0.066742419597456101057707105600475,-0.20224281619577279249005408796651,-0.80986938659346205982652519442969,,,,,,,,
0.756,0.066541575090400786620903427490889,-0.19943797206309168974363851582414,-0.78972468188408502772452569713504,,,,,,,,
0.757,0.066343560404165315671591187028699,-0.1965828845361360221485696490528,-0.76937998460593726363716049401612,,,,,,,,
0.758,0.066148426661734338269137995981257,-0.19367578518644137235844664793538,-0.74888163507009627983648996599447,,,,,,,,
0.759,0.065956226782558146558472929360388,-0.19071484922468380429551218668221,-0.72827521052168812850730945690036,,,,,,,,
0.76,0.065767015539780730232638972025551,-0.18769819375870080336587194163402,-0.70760532361632427863450012223085,,,,,,,,
0.761,0.065580849619232657078785745391349,-0.18462387600572734003303781263523,-0.68691543386227839784954878168684,,,,,,,,
0.762,0.065397787680234832118918030216635,-0.18148989145831857979579302108344,-0.66624767321618538072691686907172,,,,,,,,
0.763,0.065217890418259689775220926199027,-0.17829417200348697809286639821961,-0.64564268681869244669696012141528,,,,,,,,
0.764,0.06504122062949681480700614239257,-0.17503458399464457078862795329506,-0.62513948965046900984467004195636,,,,,,,,
0.765,0.064867843277370362365142955933285,-0.17170892627601172574369274394895,-0.60477533968183373732528805549528,,,,,,,,
0.766,0.064697825561055947731481474212965,-0.16831492815923201597970291458896,-0.58458562788436804304964309332684,,,,,,,,
0.767,0.064531236986044893922840814473762,-0.16485024735201980014055207242383,-0.56460378527341226072278157887626,,,,,,,,
0.768,0.064368149436803851502390545133315,-0.16131246783876317514916234499362,-0.54486120695915753501118851852054,,,,,,,,
0.769,0.064208637251577830175281769715882,-0.15769909771311085790812123115713,-0.52538719300369792612374697439526,,,,,,,,
0.77,0.064052777299384595893094947879434,-0.15400756696268795236519078067569,-0.50620890571407549671696546065749,,,,,,,,
0.771,0.063900649059248179382766754296431,-0.15023522520621319707027878689152,-0.48735134284883327461128437455695,,,,,,,,
0.772,0.06375233470171890062912382917772,-0.14637933938342993625754521676077,-0.46883732607928774023408073148175,,,,,,,,
0.773,0.063607919172726826465884951924946,-0.14243709139841552302727007623112,-0.45068750392764795231514139782515,,,,,,,,
0.774,0.063467490279814931829696656914088,-0.13840557571699999433600052792265,-0.43292036830285932777110303123245,,,,,,,,
0.775,0.063331138780797415299257428249156,-0.13428179691920554210974721169076,-0.41555228367188384538522070804101,,,,,,,,
0.776,0.063198958474887611262709383908408,-0.13006266720781447096660954793494,-0.39859752783894857730507406668334,,,,,,,,
0.777,0.063071046296338728468847351533543,-0.12574500387438594913694704410974,-0.38206834325769204808703284303868,,,,,,,,
0.778,0.062947502410639210870505035514515,-0.12132552672427193362240241076235,-0.36597499777042760885076949224622,,,,,,,,
0.779,0.062828430313302843582677130297231,-0.11680085546243123138650145681519,-0.35032585365400210728424910466798,,,,,,,,
0.78,0.062713936931291795407123581426978,-0.11216750704210883199761921978114,-0.33512744385183751861213035787447,,,,,,,,
0.781,0.062604132727108579567610611096848,-0.10742189297873653755181847352641,-0.32038455428542870773628985449772,,,,,,,,
0.782,0.06249913180559040476196377605874,-0.10256031663172168233528964783305,-0.30610031116444359537691900550102,,,,,,,,
0.783,0.062399052023436556898854517293752,-0.097578970457124570224367685717646,-0.29227627225116886548788234004543,,,,,,,,
0.784,0.062304015101496274270717892387118,-0.092473933234583385268642098564315,-0.27891252108086237696772820298503,,,,,,,,
0.785,0.06221414673984103050471119838965,-0.087241167272229000001791401241692,-0.26600776319310466347871611250852,,,,,,,,
0.786,0.062129576735641194255140935225998,-0.081876515593742588920998260906654,-0.25355942348900275585196647459054,,,,,,,,
0.787,0.062050439103862664796053216154872,-0.076375699112147540644706200137513,-0.24156374389365669432445463744199,,,,,,,,
0.788,0.06197687220079425968895878201713,-0.070734313795395152003050598875515,-0.23001588057129108336123050449374,,,,,,,,
0.789,0.061909018850411324482069110547486,-0.064947827829302285235432716641305,-0.21891000001060892786872013109982,,,,,,,,
0.79,0.061847026473575213584974141909924,-0.059011578783929875798659514196163,-0.20823937336907381021011271429243,,,,,,,,
0.791,0.061791047220061923403225267014405,-0.052920770790055179485103826363944,-0.19799646853591289440293814631255,,,,,,,,
0.792,0.061741238103406209582533050957054,-0.046670471732989205425313113979105,-0.18817303944371965275482915382208,,,,,,,,
0.793,0.061697761138539954629581246938597,-0.040255610471625120909934456343387,-0.17876021222680549184783676441584,,,,,,,,
0.794,0.061660783482195333872584030936026,-0.03367097409127470863606911879556,-0.16974856789020894474782966013689,,,,,,,,
0.795,0.061630477576034419184608179085894,-0.026911205199559314074975676865239,-0.1611282212159440173781801062331,,,,,,,,
0.796,0.061607021292457222534792352967954,-0.019970799275370162946385516760337,-0.15288889569219409870678910005655,,,,,,,,
0.797,0.061590598083029775702869955233822,-0.012844102081701375045995698562658,-0.14501999430638095820418896537646,,,,,,,,
0.798,0.061581397129462627979023575585109,-0.0055253071539882438392508817586943,-0.13751066609410644694753888112386,,,,,,,,
0.799,0.061579613497058079242218367424776,0.0019915466235459657818837440713405,-0.1303498683827160040903196421316,,,,,,,,
0.8,0.061585448290531509777030883801296,0.0097125773401188601436813406568844,-0.12352642471058890357342368316985,,,,,,,,
0.801,0.061599108812098278497048327328344,0.017644062264822803015748446245278,-0.11702907844121434805395398589517,,,,,,,,
0.802,0.061620808721702795693512875152692,0.025792439921896304546376893207354,-0.11084654212472248205296192349121,,,,,,,,
0.803,0.061650768199250492933477826941775,0.034164312018426489898774897349096,-0.10496754268891664871154172751414,,,,,,,,
0.804,0.061689214108686469607467401841185,0.042766445206995965723745941378033,-0.099380862567154196499055293750917,,,,,,,,
0.805,0.061736380163746551921364990757853,0.051605772664666680220976840397233,-0.094075376891840623427436013230707,,,,,,,,
0.806,0.061792507095187315997242168650987,0.060689395468533495814974416340485,-0.089040086900056884711415333312704,,,,,,,,
0.807,0.061857842819281263876133108006846,0.070024583746882914996573955394181,-0.08426414971217425068374685664162,,,,,,,,
0.808,0.061932642607341763280672424892101,0.079618777583759966309273760701775,-0.07973690465548138488476501820554,,,,,,,,
0.809,0.062017169256019535191355999559782,0.089479587653481463370333707523424,-0.075447896313118811878487612077942,,,,,,,,
0.81,0.062111693258088366903425230931202,0.099614795560340094728318829572696,-0.071386894484254246693515214895626,,,,,,,,
0.811,0.062216492973412315275359534678826,0.11003235385742515076122412042094,-0.067543911244704562649110648880568,,,,,,,,
0.812,0.062331854799759922791077085974087,0.12074038571714693802866963351414,-0.063909215298377514209177343105718,,,,,,,,
0.8130000000000001,0.062458073343102880455950048598913,0.13174718422469865706163733131336,-0.060473343809221450336921133802842,,,,,,,,
0.8140000000000001,0.062595451587007125061644336539039,0.14306121126432817290599652543596,-0.057227111901076099573853999033479,,,,,,,,
0.8150000000000001,0.062744301060693549522247420817624,0.15469109596693006543929165014701,-0.054161620009141288089990031579205,,,,,,,,
0.8160000000000001,0.062904942005313337210847389016352,0.16664563268611398590622631726317,-0.051268259261938196575067985110778,,,,,,,,
0.8170000000000001,0.063077703537949416825661104915082,0.17893377846856811639771723142672,-0.048538715066829340398146331079726,,,,,,,,
0.8180000000000001,0.063262923812820695616450984380235,0.19156464998322702174525452253417,-0.045964969065572991101504530762257,,,,,,,,
0.8190000000000001,0.063460950179129599325605886785303,0.20454751987248320201563789850495,-0.043539299619183374316946413853155,,,,,,,,
0.8200000000000001,0.063672139334956072901609705556691,0.2178918124874642808171721297932,-0.04125428097370186111503821078176,,,,,,,,
0.8210000000000001,0.063896857476562636631647212151378,0.2316070989682474243693480945424,-0.039102781250493039440099772298929,,,,,,,,
0.8220000000000001,0.064135480442435422640546107653617,0.24570309162881510315586809912638,-0.037077959396484358860480964245457,,,,,,,,
0.8230000000000001,0.064388393851345428086809431289438,0.26018963760558895739395215435873,-0.035173261221475802035769138863492,,,,,,,,
0.8240000000000001,0.064655993233672623243660364823379,0.27507671172753007806456005800784,-0.033382414641349794292955743713097,,,,,,,,
0.8250000000000001,0.064938684155193173902838425208481,0.29037440856508475967998012016968,-0.031699424237791436764719815496158,,,,,,,,
0.8260000000000001,0.065236882332487028163289126057802,0.30609293361470655419635276891813,-0.030118565237053235176207416249676,,,,,,,,
0.8270000000000001,0.065551013739079650255144180038837,0.3222425935753216363230649799278,-0.028634377002423807648601213617993,,,,,,,,
0.8280000000000001,0.06588151470138795533528810016003,0.33883378567294998486630293269501,-0.027241656127433467998681570898175,,,,,,,,
0.8290000000000001,0.066228831983496731562457180214169,0.35587698598977608720055703479179,-0.025935449209488782541295577156526,,,,,,,,
0.8300000000000001,0.06659342285974827871875675143374,0.37338273675430760423794985796487,-0.024711045376602609183276729180667,,,,,,,,
0.8310000000000001,0.0669757551740849241875885704605,0.3913616325498978447221560862595,-0.02356396863319779674626726431917,,,,,,,,
0.8320000000000001,0.067376307385041804992212748783107,0.40982430539986835397783448297174,-0.022489970084627181796716981627254,,,,,,,,
0.833,0.067795568595246167515677079506343,0.42878140868878283878910869113423,-0.021485020094079592666009506436764,,,,,,,,
0.834,0.068234038564239804993356624525987,0.44824359988112529651914684043726,-0.020545300419936127437130464243439,,,,,,,,
0.835,0.068692227703403530024160598806988,0.46822152200075647693061077566995,-0.019667196376403639074478828289693,,,,,,,,
0.836,0.069170657051727201389879808926523,0.48872578383709689196914398994881,-0.018847289055380163566120783555642,,,,,,,,
0.837,0.069669858231136260847733404673786,0.50976693884704470811435978444965,-0.018082347642993989593329332022506,,,,,,,,
0.838,0.070190373380056488756225554543597,0.53135546272521582030901175051428,-0.017369321860095751190824392200875,,,,,,,,
0.839,0.070732755063873292330214372972533,0.553501729619223193200536201509,-0.016705334552160912439193338500583,,,,,,,,
0.84,0.071297566160920863273286723790305,0.57621598697142380821372691148543,-0.016087674450566350475823643212309,,,,,,,,
0.841,0.071885379722620578527551492240892,0.59950832897388302809710527679806,-0.015513789124026324595057915282847,,,,,,,,
0.842,0.072496778806377692492418928176766,0.62338866862926413490083520014713,-0.014981278136096032933427704229397,,,,,,,,
0.843,0.073132356279841329596349455929338,0.64786670841696828910490305550619,-0.014487886422060787798555843117046,,,,,,,,
0.844,0.073792714595135702049137808925518,0.67295190957114637215442963711655,-0.014031497896210929075824999367355,,,,,,,,
0.845,0.074478465531681035350206480835988,0.69865345998519360842832528546026,-0.013610129298442273490274805627872,,,,,,,,
0.846,0.075190229906241581889318463278512,0.72498024076602950883424083116831,-0.013221924287304682372125204998691,,,,,,,,
0.847,0.075928637248866044842131026888115,0.75194079147086216282291538647071,-0.012865147785033092944382028301269,,,,,,,,
0.848,0.076694325443423423697423092336752,0.77954327406923259332595250664783,-0.012538180578722467472429352530102,,,,,,,,
0.849,0.07748794033148542367333358319895,0.80779543568391896987802336810352,-0.012239514180637561126545050384526,,,,,,,,
0.85,0.078310135278365821224297433083663,0.83670457017573004518964263208047,-0.011967745949667907729361719903146,,,,,,,,
0.851,0.07916157070019819721680202677239,0.86627747864930033351924632382812,-0.011721574475136499509275397494929,,,,,,,,
0.852,0.080042913551016851293885976650216,0.89652042896967349693729069162786,-0.011499795223536706406795618350004,,,,,,,,
0.853,0.080954836768902060011414705280538,0.92743911439267064707430521073894,-0.011301296448296407795334416250562,,,,,,,,
0.854,0.0818980186803606413940004078343,0.959038611425719834404947726794,-0.01112505536234246845119740400261,,,,,,,,
0.855,0.082873142362236470021151355500436,0.99132333704989178471814393948776,-0.010970134573055014904197582712337,,,,,,,,
0.856,0.083880894960583493119351787408263,1.0242970054482511907644307517035,-0.010835678779153000155206109909792,,,,,,,,
0.857,0.084921966966086172149975266029154,1.0579625844001847721452841905354,-0.010720911729134983134342430910454,,,,,,,,
0.858,0.085997051445779243879548946155365,1.0923222515159848381321206571848,-0.010625133441107799904796039478015,,,,,,,,
0.859,0.087106843231000258572705970602397,1.127377350500513970319355234405,-0.010547717684168033118740058948055,,,,,,,,
0.86,0.088252038061704366170749680470721,1.1631283476491024786982131495175,-0.010488109721955382909231410410495,,,,,,,,
0.861,0.089433331687480982554129812046662,1.1995747887927718595520245889918,-0.010445824319573086099323961628329,,,,,,,,
0.862,0.090651418925835805696011448680564,1.2367152569232584114608125462127,-0.010420444015769774319612156637867,,,,,,,,
0.863,0.091906992678538512160521822400784,1.274547330740943859944429820092,-0.010411617663102527719659060136258,,,,,,,,
0.864,0.093200742907085501775424318292326,1.3130675443804868259952177305769,-0.010419059239756975180125844014747,,,,,,,,
0.865,0.094533355568587224551717457772945,1.3522713485794847563136323739583,-0.01044254693779353864623063391109,,,,,,,,
0.866,0.095905511513659662585629409242607,1.3921530735646692441454096023806,-0.010481922533827721845673859264893,,,,,,,,
0.867,0.097317885348177981228601334500414,1.4327058939377340709780975580749,-0.010537091049547274863994014688166,,,,,,,,
0.868,0.098771144261035523912990327766817,1.4739217958487001501800858494781,-0.010608020711033092637979060954479,,,,,,,,
0.869,0.10026594682034130596097744430241,1.5157915467485233164914946514314,-0.01069474321759945415261183316416,,,,,,,,
0.87,0.10180294174078185827429132675906,1.5583046680142447613860742032922,-0.010797354332821280236583442533532,,,,,,,,
0.871,0.1033827666251663759424663885814,1.6014494107391756470208355589548,-0.010916014812593424527689152296411,,,,,,,,
0.872,0.10500604668346514623900420415188,1.6452127349772175236232498358994,-0.011050951687495335470614050702884,,,,,,,,
0.873,0.1066733934329375015143880848081,1.6895802927242880552401208233231,-0.011202459919443747751245506061182,,,,,,,,
0.874,0.10838540338322425215521146031673,1.734536414910809918311787261214,-0.011370904455641281479176210390347,,,,,,,,
0.875,0.11014265671054776618718552585989,1.7800641026672198314331124443842,-0.011556722706210448246787678149523,,,,,,,,
0.876,0.11194571592541754416835477583258,1.8261450231093865066013987230683,-0.011760427475687518792663281580639,,,,,,,,
0.877,0.1137951245384771991976769253821,1.8727595098726485993488550366841,-0.011982610382793343975977182756244,,,,,,,,
0.878,0.11569140572934707770375451535146,1.9198865686018935402885492436568,-0.012223945807661453262569421467365,,,,,,,,
0.879,0.11763506102351225081038151789524,1.9675038875807350478375844797322,-0.012485195411060426091169780241266,,,,,,,,
0.88,0.11962656898247523410694091355947,2.0155878536554959005816370636755,-0.012767213276182020353287111213631,,,,,,,,
0.881,0.12166638391253362935763427095727,2.0641135735794950444457303456448,-0.013070951730376662381045962932993,,,,,,,,
0.882,0.12375493459765215477130268534487,2.1130549008702544643481216096459,-0.013397467911917149064855621649217,,,,,,,,
0.883,0.12589262306197367507631098469416,2.1623844682369101934021521817516,-0.013747931155591623058194097901234,,,,,,,,
0.884,0.12807982336755254575633566840913,2.2120737255976100499348388052307,-0.014123631280821397140377490462214,,,,,,,,
0.885,0.13031688045289383437690827872643,2.2620929836673311813547580259321,-0.014525987877246622702093783837396,,,,,,,,
0.886,0.13260410901784210802428655591677,2.3124114630557198840428668815882,-0.014956560695531449686272697722039,,,,,,,,
0.887,0.13494179246028219847858975272418,2.3629973487726509908779030057244,-0.015417061265753606971286767320664,,,,,,,,
0.888,0.13733018186999081938363225685647,2.4138178499966660407389813067738,-0.015909365882446082105592596149574,,,,,,,,
0.889,0.13976949508481171277086188583486,2.4648392649187495219059965799502,-0.01643553011448471654796228770819,,,,,,,,
0.89,0.14225991581411822927062371039949,2.5160270504315344944332976097616,-0.016997805019957220368385023025619,,,,,,,,
0.891,0.14480159283427648269593212872851,2.5673458963925018883395818643346,-0.017598655271367775688190211022248,,,,,,,,
0.892,0.14739463926053056422249061724554,2.6187598041495679175421761419321,-0.018240779425571010695449611341452,,,,,,,,
0.893,0.15003913189940036908439868980212,2.6702321689791560053986102278557,-0.018927132606332235221127644328671,,,,,,,,
0.894,0.15273511068531450471368341341598,2.7217258660509275706282178238527,-0.019660951906137974863307679445579,,,,,,,,
0.895,0.15548257820479813389366669746126,2.77320333950028458785020781357,-0.020445784858734104650599171489401,,,,,,,,
0.896,0.15828149931110155116920845191069,2.8246266941600120586582879039969,-0.02128552138592052622818014081574,,,,,,,,
0.897,0.16113180083169332498164980911383,2.8759577894764191819247887149007,-0.022184429682658707677219280358226,,,,,,,,
0.898,0.16403337137055588800805659362748,2.9271583351134374296248283400428,-0.02314719657507662365376096697642,,,,,,,,
0.899,0.16698606120671579770293959157827,2.9781899877306623722126434198733,-0.024178972968309839994205793119246,,,,,,,,
0.9,0.1699896822899200830528240909632,3.0290144484085450261999506507813,-0.025285425097487074551877883208992,,,,,,,,
0.901,0.17304400833383893612928567014159,3.0795935601860440021785743165589,-0.026472792408186272613717924225029,,,,,,,,
0.902,0.176148775006638454347777458252,3.1298894051731691695889448999931,-0.027747953025526834811714999193097,,,,,,,,
0.903,0.17930368021823023926714061076359,3.1798644007030365737503507642875,-0.029118497927560938030692702363515,,,,,,,,
0.904,0.18250838450297247733874933865469,3.2294813939952955558187191644863,-0.030592815123430043628307769798145,,,,,,,,
0.905,0.18576251149607468037772580280128,3.2787037548149921803454997535801,-0.032180185355509432299844175173583,,,,,,,,
0.906,0.18906564850145043575590932930696,3.3274954656279366895165712811141,-0.033890891104355270873849473170673,,,,,,,,
0.907,0.19241734714827399962125374904663,3.3758212087752171754357052526337,-0.035736340984103544427578221667483,,,,,,,,
0.908,0.19581712413303179018156508518203,3.4236464502153537285318653494116,-0.037729211984352189278003501314588,,,,,,,,
0.909,0.19926446204342290883446263934522,3.4709375194123657680895087344719,-0.039883612455152089250090384052831,,,,,,,,
0.91,0.20275881026005746386397056613157,3.5176616849813277358021797645439,-0.042215269260154636909547376135877,,,,,,,,
0.911,0.20629958593153099899638267283467,3.563787225739369068338502182641,-0.044741743158527231095377941925282,,,,,,,,
0.912,0.20988617501812057776858667193384,3.6092834968490526294421109244734,-0.047482677242919692774857843884408,,,,,,,,
0.913,0.21351793339905539036109476717351,3.6541209907821348358310774360006,-0.050460084188383142931988581100259,,,,,,,,
0.914,0.21719418803806396232676232061329,3.6982713928743470424649832959101,-0.053698679192987077496023829532013,,,,,,,,
0.915,0.2209142382016924565190148498235,3.7417076312855103771206858166782,-0.057226266861688306561733307585642,,,,,,,,
0.916,0.22467735672472494159853867195445,3.78440392122347581634274287388,-0.061074191959588187723376359852829,,,,,,,,
0.917,0.22848279131691709907517810627712,3.8263358033345490092408928217623,-0.065277866013351633900976185254398,,,,,,,,
0.918,0.23232976590517939203461067499529,3.867480176206714999296223430119,-0.069877384264429695095160083476267,,,,,,,,
0.919,0.23621748200531347094088078580695,3.9078153229746475874397845544553,-0.074918250594703427863947240763101,,,,,,,,
0.92,0.2401451201174153355665081807778,3.9473209320567305168035382579477,-0.080452231907458351659513506186856,,,,,,,,
0.921,0.24411184113910887530490776468512,3.9859781120937304238224920618163,-0.086538368250830287347490240183192,,,,,,,,
0.922,0.24811678779086185975914256544555,4.0237694011959853427331446021805,-0.093244170970458720777886937169941,,,,,,,,
0.923,0.25215908604776089840038790637501,4.0606787706406950883607006211933,-0.10064704870110924679954305828453,,,,,,,,
0.924,0.25623784657227969521241325619799,4.0966916231928580615946826753513,-0.10883601048008758385278831340264,,,,,,,,
0.925,0.26035216614276321685638659322667,4.1317947862523806975265216209945,-0.11791370724566427541009616699927,,,,,,,,
0.926,0.26450112907256610964464156106168,4.165976500055729846916587515452,-0.12799888820292893648798778721476,,,,,,,,
0.927,0.26868380861502364445577300226975,4.1992264011830943477968916499912,-0.13922936796218273461291018322516,,,,,,,,
0.928,0.27289926834969435680384379651513,4.2315355016413084670041307732573,-0.15176562525966185799974596974899,,,,,,,,
0.929,0.27714656354559206090747426390776,4.2628961638087520955159888425065,-0.16579518615990891896530979676629,,,,,,,,
0.93,0.28142474249741773859716375261244,4.2933020715411096678561885971868,-0.18153798619293136911291563468949,,,,,,,,
0.931,0.2857328478311056725912685535926,4.3227481977463110673129142741459,-0.19925295996420835203781692853148,,,,,,,,
0.932,0.29006991777530993318745621824105,4.3512307687432988162162243720187,-0.21924617753867492680954685035211,,,,,,,,
0.933,0.2944349873957738837422357374181,4.3787472257226040633785055009419,-0.24188093997703609636141571111707,,,,,,,,
0.934,0.29882708978984384092336829914606,4.405296183627234048800867615001,-0.26759036949147347703862509778929,,,,,,,,
0.935,0.30324525723870568462421128729394,4.4308773877702633449156350575696,-0.2968931933504197530913671688396,,,,,,,,
0.936,0.30768852231523753055720642386258,4.4554916685009858291132139573703,-0.33041363945692341624177816042589,,,,,,,,
0.937,0.31215591894568023956711914304089,4.4791408942247431811399819248565,-0.36890665559819288120455110751245,,,,,,,,
0.9380000000000001,0.3166464834236284494042899544443,4.5018279230728270838745982532817,-0.41329006168580979290128566028802,,,,,,,,
0.9390000000000001,0.32115925537513611610830954480499,4.5235565535083897185506913346929,-0.46468578380152484733062966809696,,,,,,,,
0.9400000000000001,0.32569327867401061675567703098941,4.5443314741423253940840293905554,-0.52447305474917152092740969142325,,,,,,,,
0.9410000000000001,0.33024760230663690062562221563322,4.5641582130198379253528389293457,-0.59435747351173415177824915064412,,,,,,,,
0.9420000000000001,0.33482128118592681967860814570607,4.5830430866241111825489115423198,-0.67646119998198607894891923244257,,,,,,,,
0.9430000000000001,0.33941337691422768324739684975761,4.600993148828373721822324594392,-0.77344146488992632647914132387905,,,,,,,,
0.9440000000000001,0.3440229584952475423944421750124,4.6180161400119020999268002843284,-0.88864719119730598355923504762401,,,,,,,,
0.9450000000000001,0.34864910299526219654109763570747,4.6341204365393389032560535079168,-1.0263271046918487567352725568181,,,,,,,,
0.9460000000000001,0.35329089615406009967551156437834,4.6493150007862947456105048466713,-1.1919075685054128413830307229359,,,,,,,,
0.9470000000000001,0.35794743294625607349927520089543,4.6636093318777279964603943950485,-1.3923648451965525505901216750449,,,,,,,,
0.9480000000000001,0.3626178180937630199511369117692,4.677013417289205951316349454045,-1.6367248216971071515300851544161,,,,,,,,
0.9490000000000001,0.36730116653035282162360522901964,4.6895376854449849463834917208339,-1.936733293084133126104023477555,,,,,,,,
0.9500000000000001,0.3719966038193636120860367998936,4.7011929594310270475186605001176,-2.3077504522759905416495170806624,,,,,,,,
0.9510000000000001,0.37670326652572099005042504476425,4.7119904119257041208210076113791,-2.769930298862828991024236820763,,,,,,,,
0.9520000000000001,0.3814203025435360416211126617023,4.7219415214361175888821402020029,-3.3497390170141643753283438562653,,,,,,,,
0.9530000000000001,0.38614687138062380727730397654773,4.7310580299137603534658668062976,-4.0818221779913910584961349330744,,,,,,,,
0.9540000000000001,0.39088214440135273765494072718021,4.7393519018097283644281954432653,-5.0110974411278359563773801626541,,,,,,,,
0.9550000000000001,0.39562530502928943289764001689116,4.74683528461690187679822549993,-6.1946237784907802299203312346686,,,,,,,,
0.9560000000000001,0.40037554891114430502677167841276,4.7535204709344968155928092965322,-7.7020920373834694685730306354313,,,,,,,,
0.9570000000000001,0.40513208404355352254461256931496,4.7594198620791596071190925497906,-9.6124120143697008792052840006509,,,,,,,,
0.9580000000000001,0.40989413086425149185617716316904,4.7645459332563586011087205415429,-12.001598360351110200466230153871,,,,,,,,
0.9590000000000001,0.41466092230919701105855084352772,4.7689112002962166303644002021174,-14.914418171702470862028290448673,,,,,,,,
0.96,0.41943170383721590873478879129461,4.7725281879491287776303880792828,-18.311878580131675508003656147004,,,,,,,,
0.961,0.42420573342371425681785791307776,4.7754093997285061335717018059766,-21.99632451679160527695998281429,,,,,,,,
0.962,0.42898228152499991140689065963289,4.7775672892807629755157327051966,-25.546372757072994510966138157766,,,,,,,,
0.963,0.43376063101472695763960723835449,4.7790142332561987269923051093053,-28.338662646973991704054870486606,,,,,,,,
0.964,0.43854007709394835840915742963863,4.7797625056486901511710211944702,-29.733253510509412482753379067309,,,,,,,,
0.965,0.4433199271762274469182857935382,4.7798242535670727456650492171258,-29.375460170150482252045733127167,,,,,,,,
0.966,0.44809950074921954262828130991638,4.7792114743967196746988392838117,-27.395326128984958746553118154633,,,,,,,,
0.967,0.45287812921409155725061672847728,4.7779359943060861331431078294666,-24.322667726216895425697241865936,,,,,,,,
0.968,0.45765515570410060377757094859928,4.7760094480498396865323753446632,-20.802750581373183846029188532644,,,,,,,,
0.969,0.46242993488360290132135633505845,4.7734432600176049341433171215876,-17.349581585725380515587797475808,,,,,,,,
0.97,0.46720183272871221776276163604304,4.7702486264752755521834956429895,-14.25905042158728723697464899768,,,,,,,,
0.971,0.47197022629077320873001543441531,4.7664364989442503029416607283063,-11.642701111460441437400455738823,,,,,,,,
0.972,0.47673450344375975522903282762093,4.7620175686627944193046334358007,-9.4990985478868697374823317329816,,,,,,,,
0.973,0.48149406261665219622556924097003,4.7570022520729772808055512311811,-7.7739161376667212456744106643911,,,,,,,,
0.974,0.48624831251179058350598363886139,4.7514006772762560829940835116597,-6.3968163102942738081834672595182,,,,,,,,
0.975,0.49099667181014410638765528816466,4.7452226714007293142362567778231,-5.299735633947326180623617004615,,,,,,,,
0.976,0.49573856886437996234289145603346,4.7384777488233409925090015253075,-4.4240118658213358105606198784229,,,,,,,,
0.977,0.50047344138055847396463921699115,4.7311751001908462886744731386055,-3.7218951554216512261261554463922,,,,,,,,
0.978,0.50520073608922543102807445402564,4.7233235821841228126091095701843,-3.1556658309326966008234088490704,,,,,,,,
0.979,0.50991990840661769922317720024167,4.7149317079714029246800400559116,-2.695979959586917349213361440099,,,,,,,,
0.98,0.51463042208664428947999892361388,4.7060076382971864972751703264387,-2.3201627599489744670141340477528,,,,,,,,
0.981,0.519331748864252505306083701138,4.6965591731549482438905255619524,-2.0107193993987287081252487457093,,,,,,,,
0.982,0.52402336809073764054846285960665,4.6865937439932588395501905728011,-1.75412820859346919085663541194,,,,,,,,
0.983,0.52870476636150512767100105206644,4.6761184064065764833113188093645,-1.5398988888934496163922326649317,,,,,,,,
0.984,0.53337543713674616115402348079748,4.6651398332637193140568327219321,-1.3598519159221374937444342674684,,,,,,,,
0.985,0.5380348803554417511827376228024,4.653664308228885272293021334393,-1.207572590617912306141784139852,,,,,,,,
0.986,0.54268260204306599570832066023446,4.6416977196320327255869050656249,-1.0779990294677853904491061249142,,,,,,,,
0.987,0.54731811391331717967537604717833,4.6292455546474625535073965037058,-0.96711130741267047827438948884017,,,,,,,,
0.988,0.5519409329641651952285910866382,4.616312893741542464656599261623,-0.87169642214549295676913564952998,,,,,,,,
0.989,0.5565505810684657955464259006699,4.6029044053526810183390507145306,-0.7891699395494277543632209157201,,,,,,,,
0.99,0.5611465845593564119476845027387,4.5890243407688878932448499397704,-0.71744002704970227282605967065581,,,,,,,,
0.991,0.56572847381061474005824841593947,4.5746765291705458952479977205135,-0.65480326013510288022171567867885,,,,,,,,
0.992,0.57029578281213009545789390068798,4.5598643728083682411294755668878,-0.59986433202564305183651558660575,,,,,,,,
0.993,0.57484804874060871174237008871605,4.5445908422889226573300500937207,-0.5514738263556676885906698439194,,,,,,,,
0.994,0.57938481152560776538804923458023,4.5288584719425742465635551958154,-0.50867970808027104273434674422283,,,,,,,,
0.995,0.58390561341096902647629087306558,4.5126693552512358905463358102933,-0.47068928851549372450449343125542,,,,,,,,
0.996,0.58840999851170172123918784920011,4.4960251403159236475552941397051,-0.43683923169745096211838485436766,,,,,,,,
0.997,0.5928975123663455267376573562895,4.4789270253468020732576550237873,-0.40657176881256797922425894612695,,,,,,,,
0.998,0.59736770148482868258520967892885,4.4613757541611789259951552314569,-0.37941573217020949500229130674186,,,,,,,,
0.999,0.60182011289182309124653687105001,4.4433716116777799253040802264197,-0.35497135146010452210710810609048,,,,,,,,
1.0,0.60625429366558808908382963565747,4.4249144193986130026039678551937,-0.33289800295529711957992230604573,,,,,,,,
1.0010000000000001,0.61066979047228741851301301659506,4.4060035308728299248881002478636,-0.31290428877552957820600647225831,,,,,,,,
1.002,0.6150661490957599435804268081842,4.3866378271402245587618888185042,-0.29473996426702384136404430713677,,,,,,,,
1.0030000000000001,0.6194429139627239670200365708147,4.3668157121553857468135868209523,-0.27818933864097154187148642588757,,,,,,,,
1.004,0.62379962766339778133909248240641,4.3465351081970641950582677300215,-0.2630658557966342748095393135175,,,,,,,,
1.0050000000000001,0.62813583046752549052974401523705,4.3257934512710332739647462603468,-0.24920762503480080627278363001003,,,,,,,,
1.006,0.63245105983580736023162189604881,4.304587686518640430590916281233,-0.23647371980353466643497642204509,,,,,,,,
1.0070000000000001,0.63674484992674819779211093972062,4.2829142636473769627483145697688,-0.22474110017420497196471759484338,,,,,,,,
1.008,0.64101673109895575319565010165471,4.260769132404157813346154648852,-0.21390204400814336832407348535943,,,,,,,,
1.0090000000000001,0.6452662294089441096191171289478,4.2381477381166188815802310319046,-0.20386199468361023460280211709703,,,,,,,,
1.01,0.64949286610452476002317665556338,4.215045017332626504806014780627,-0.19453775127228294589480471064136,,,,,,,,
1.0110000000000001,0.65369615711390082477467052846754,4.1914553935933717358366912953362,-0.18585594129267055325395337157334,,,,,,,,
1.012,0.65787561253061795532948611412848,4.1673727733809101906167731008389,-0.17775172746844023766669071921804,,,,,,,,
1.0130000000000001,0.66203073609456921019252618787686,4.1427905422868255294725366039493,-0.17016770892782865056157928196347,,,,,,,,
1.014,0.66616102466930092003761018245704,4.1177015614548592901506063893859,-0.16305298449178421850254257596092,,,,,,,,
1.0150000000000001,0.67026596771592263505112281044321,4.0920981643568789363438246027947,-0.15636235149575400797703237797067,,,,,,,,
1.016,0.67434504676398704168784922452264,4.0659721539684652068989337840843,-0.15005561826956344555408109914637,,,,,,,,
1.0170000000000001,0.6783977348797756351361057689217,4.0393148004177026976634411604458,-0.14409701219240691012827342341785,,,,,,,,
1.018,0.68242349613250333721900606674137,4.0121168391884650230384335864565,-0.13845466832593882176727566113183,,,,,,,,
1.0190000000000001,0.68642178505904056591939468786275,3.984368469967605575835976189042,-0.13310018614936425226213688759995,,,,,,,,
1.02,0.69039204612784490667547186223405,3.9560593562340005302324683163127,-0.1280082439877656646487144684288,,,,,,,,
1.0210000000000001,0.69433371320289692288250445545629,3.9271786256963411940668087775759,-0.12315626242681295327146515843988,,,,,,,,
1.022,0.6982462090085461855728702462771,3.8977148716959312490737740923539,-0.1185241094134181557014947523656,,,,,,,,
1.0230000000000001,0.70212894459629470178877012516186,3.8676561557004971786346990706097,-0.11409384090847749142089149258938,,,,,,,,
1.024,0.70598131881467596196306205212474,3.836990011025145708775641517322,-0.10984947192903680292986817828289,,,,,,,,
1.025,0.70980271778352916689428130742689,3.805703447927069637067420262376,-0.10577677362861379273370907392754,,,,,,,,
1.026,0.71359251437412015695317120870266,3.7737829602313717007866339686065,-0.10186309274459271000705482418826,,,,,,,,
1.027,0.71735006769672342511416892626028,3.7412145336563918032058865627228,-0.098097190313586350986551559407451,,,,,,,,
1.028,0.72107472259745356637003173038153,3.7079836560181189946846501478073,-0.094469097038012235563203194567475,,,,,,,,
1.029,0.72476580916631973965613877615651,3.6740753295045637627024055256062,-0.090969983094888313273172131810483,,,,,,,,
1.03,0.7284226422586732444264592193837,3.6394740852222589414555235990956,-0.08759204052321863946871117049482,,,,,,,,
1.031,0.73204452103242608349537529134011,3.6041640002282304003569311896055,-0.08432837661924145736857989504154,,,,,,,,
1.032,0.73563072850363720887731628509955,3.5681287172716921502327394154157,-0.08117291701736187343809734292277,,,,,,,,
1.033,0.73918053112329268955839130965289,3.5313514674802122500549647225317,-0.078120317345441100470935797867313,,,,,,,,
1.034,0.7426931783783457862364752951342,3.4938150962349787036444840027258,-0.075165882521747745658749557136219,,,,,,,,
1.035,0.74616790242033215448585556081783,3.4555020924888545043744698891249,-0.072305492911842312853052266956982,,,,,,,,
1.036,0.74960391772513318298054084457117,3.4163946217889057846062946958931,-0.069535536690765172142494757288396,,,,,,,,
1.037,0.75300042078772560859523701991686,3.3764745632717443626416939313355,-0.066852847862335835905415430394788,,,,,,,,
1.038,0.75635658985602654884283543825472,3.3357235509050423605998706469623,-0.064254649475877734223945729974157,,,,,,,,
1.039,0.75967158470821814818906802761393,3.2941230192516164516518661983486,-0.061738501653609962348550650270211,,,,,,,,
1.04,0.76294454647821299057072611313437,3.2516542540331747577911088635192,-0.059302254101346300984672453361092,,,,,,,,
1.041,0.76617459753419774417566749964169,3.2082984477687704475838192979696,-0.056944002822821208288652440232133,,,,,,,,
1.042,0.76936084141546521882987408840127,3.1640367607577816673093023150246,-0.054662050795536086301121849141864,,,,,,,,
1.043,0.77250236283301072808981246669254,3.1188503876683776070023571795335,-0.052454872394940120299677719835757,,,,,,,,
1.044,0.77559822773962348108579726768629,3.0727206299794494789969393959381,-0.050321081375346853442256436487045,,,,,,,,
1.045,0.77864748347544331015993525784857,3.025628974506375851263235194072,-0.048259402231442495340709684407319,,,,,,,,
1.046,0.78164915899517248087532697677838,2.9775571782182316224536428053635,-0.046268644774663004391485730297191,,,,,,,,
1.047,0.78460226518332621543508865301964,2.9284873595256086870274747264038,-0.044347681765106621435973628105204,,,,,,,,
1.048,0.78750579526406794307378639470143,2.8784020961835654966491758487226,-0.042495429442918074213885595368482,,,,,,,,
1.049,0.7903587253122997027717442333956,2.8272845299128470248838475016566,-0.040710830804052861277868237414484,,,,,,,,
1.05,0.79316001487275759288975614630611,2.7751184777939277899488385040378,-0.038992841464740207844032282796863,,,,,,,,
1.051,0.79590860769388924895798430982513,2.721888550432183200631098601904,-0.037340417957459973963634715816515,,,,,,,,
1.052,0.79860343258325717839109584731462,2.6675802768282043540842364336766,-0.035752508299394206217360707395653,,,,,,,,
1.053,0.80124340439111018769496040693139,2.6121802358146360416079673142186,-0.034228044672585085116643688645459,,,,,,,,
1.054,0.80382742512858664987019205119365,2.5556761938397390512696897902975,-0.032765938053821151825616292080074,,,,,,,,
1.055,0.80635438522674938763893523857547,2.4980572487880869208466876578311,-0.031365074631895595364549613625074,,,,,,,,
1.056,0.80882316494229390868924984835904,2.4393139794304904485454000795824,-0.030024313850569899196836014584659,,,,,,,,
1.057,0.81123263591531121457324738061236,2.3794385999886695433442345918109,-0.028742487917497286987774466943206,,,,,,,,
1.058,0.81358166288391537935280331407668,2.3184251191858408777931947674506,-0.027518402622611347390109115267398,,,,,,,,
1.059,0.81586910555985711783284795735232,2.2562695030329786237329862662724,-0.026350839314105226455284356105956,,,,,,,,
1.06,0.81809382066843104365339311172669,2.1929698404730154616682478759199,-0.02523855788610384900433471835237,,,,,,,,
1.061,0.82025466415504078492955339741108,2.1285265108729504189625043160223,-0.024180300639410618693440125248127,,,,,,,,
1.062,0.82235049355970853003862359796539,2.0629423522182938859109525327848,-0.02317479688520106006835294865617,,,,,,,,
1.063,0.82438017055960160335543548876806,1.996222828727403887206401649444,-0.022220768171122718115941251713286,,,,,,,,
1.064,0.82634256367829806391419504016001,1.9283761964672741693700853499132,-0.021316934019809117633186164929202,,,,,,,,
1.065,0.82823655115902820878899129215922,1.859413665419771984394725296355,-0.020462018081181406719985968619464,,,,,,,,
1.066,0.83006102399751408299292027886781,1.7893495563210523497443218775817,-0.019654754611947480252534960263589,,,,,,,,
1.067,0.83181488912829249170801882555252,1.7182014504800446728591006882877,-0.018893895208272004996380441216656,,,,,,,,
1.068,0.83349707275655969862250360255611,1.6459903306779150516217716456117,-0.018178215730549107132580784469956,,,,,,,,
1.069,0.83510652382563259732214164087105,1.572740711162847694822312572576,-0.017506523372445261602256717364059,,,,,,,,
1.07,0.8366422176080999468752728598972,1.498480754687083702654620035419,-0.016877663839795896617018175764939,,,,,,,,
1.071,0.8381031594066603049994342198182,1.4232423744896699545553400077063,-0.016290528618462031952487488420093,,,,,,,,
1.072,0.83948838834853635523466803065073,1.347061319112513465457342221403,-0.015744062323836634153434266071871,,,,,,,,
1.073,0.84079698125524782438711272470619,1.2699772379526452474690582123018,-0.015237270138317791471953624539643,,,,,,,,
1.074,0.84202805656744994005471663163066,1.1920337255033142525471266645309,-0.014769225356752821005271030224438,,,,,,,,
1.075,0.84318077830253724027295378578691,1.1132783423234674172959132629486,-0.01433907707365361275771262562338,,,,,,,,
1.076,0.84425436002081191099306075948083,1.033762610901566978590861263409,-0.01394605805997448231773741520945,,,,,,,,
1.077,0.84524806877426198260821765744772,0.95354198474708214125799636323328,-0.013589492891553194312782243480276,,,,,,,,
1.078,0.84616122901042907473550318291686,0.87267578925205642879023629175607,-0.01326880640610772323902175709708,,,,,,,,
1.079,0.84699322640250956427920225697343,0.7912271331156170347491171279296,-0.012983532581163213533895912501112,,,,,,,,
1.08,0.84774351157576788699746015047677,0.70926278941481259071395823954157,-0.012733323941710110325660442058978,,,,,,,,
1.081,0.84841160369958507608923531169096,0.62685304573325014651780442465458,-0.012517961624072186562121439846247,,,,,,,,
1.082,0.848997093914055417950026148936,0.54407152312096984930936756073739,-0.012337366241757111380580996925971,,,,,,,,
1.083,0.84949964856001080998492858755474,0.46099496404996889361930469307518,-0.012191609720403575188817742180357,,,,,,,,
1.084,0.84991901218172211983538478195553,0.37770298994372604174277471728185,-0.012080928292835767714978266872655,,,,,,,,
1.085,0.85025501027231906433351609428231,0.29427782928886706587846207718372,-0.012005736872285881719364843837161,,,,,,,,
1.086,0.85050755173319674014346263107044,0.21080401777468374743277897448718,-0.011966645052752131659556924432203,,,,,,,,
1.087,0.85067663102034136758549918066237,0.12736807234273614566429595424634,-0.011964475021054118061044889967772,,,,,,,,
1.088,0.85076232995260434082939724360341,0.044058141454838722188455615192881,-0.01200028170641224420067590958746,,,,,,,,
1.089,0.85076481915946703604120487562874,-0.039036365706330595229165998884258,-0.012075375541480716015031727151371,,,,,,,,
1.09,0.85068435914874402311184099172936,-0.1218251680136477734483634367359,-0.012191348265096018766484592754575,,,,,,,,
1.091,0.8505213009779347929975504488577,-0.20421751572174830184557324827932,-0.012350102263229882899409107949672,,,,,,,,
1.092,0.85027608651651016979197413964014,-0.28612260462690616193102098854973,-0.012553884022758001785815084716279,,,,,,,,
1.093,0.84994924829025718915543051019117,-0.36744999711147490255832708224325,-0.012805322365085333088619642718679,,,,,,,,
1.094,0.8495414089028460663895272125523,-0.4481100459533297396476843563625,-0.013107472236325379462370306258954,,,,,,,,
1.095,0.84905328003395966470046403276004,-0.52801431667805530914571946203637,-0.013463864961161258472343905907928,,,,,,,,
1.096,0.84848566101756993113995250284861,-0.60707600420022978324994057581384,-0.013878566023044794327492540720007,,,,,,,,
1.097,0.84783943700818477100047953774028,-0.68521033954179217445547150257004,-0.014356241619306599720148001040648,,,,,,,,
1.098,0.84711557674704967434029823475515,-0.76233498252997399035201008323482,-0.01490223546254990484504847842716,,,,,,,,
1.099,0.84631512994429911656786121256909,-0.838370396562538989660747029461,-0.015522657567384586836407934036498,,,,,,,,
1.1,0.84543922429684438375366143874634,-0.91324020178015206897487805908597,-0.016224487084015679286647360843355,,,,,,,,
1.101,0.84448906216529291439273921044457,-0.98687150329889710540825642894179,-0.017015691629700835683905794069169,,,,,,,,
1.102,0.84346591693636188199514832174967,-1.0591951915230390945594268083065,-0.017905366040905384355376865439095,,,,,,,,
1.103,0.8423711291000258680111760334375,-1.1301462119705252365534722339962,-0.018903894042190103646131109836213,,,,,,,,
1.104,0.84120610207298448210045629445978,-1.1996638024918695353574568488498,-0.020023137026387020979692242914997,,,,,,,,
1.105,0.83997229780192001835615538672099,-1.2676916962366915278576771385579,-0.021276654994558837904027166583681,,,,,,,,
1.106,0.8386712321814175194789488646543,-1.3341782892106420690443632115867,-0.022679965751635105609317111715681,,,,,,,,
1.107,0.83730447032233046569007833524618,-1.3990767717580802983589626755736,-0.024250849742721109028906556320546,,,,,,,,
1.108,0.83587362170679576593365021871863,-1.462345223792296894305179104003,-0.026009709507335001347735900621848,,,,,,,,
1.109,0.83438033526604295392356340151799,-1.5239466740655391833142230651067,-0.027979994702844928713242228600121,,,,,,,,
1.11,0.83282629441662498844378564499287,-1.5838491242166762472861113113271,-0.030188706105125179092243949760674,,,,,,,,
1.111,0.83121321208975071635161457653724,-1.6420255387472214366112948828588,-0.032666995064235727828210504453234,,,,,,,,
1.112,0.82954282578705798072113875178702,-1.6984538024500298224155395932492,-0.035450878744703360679272762436559,,,,,,,,
1.113,0.82781689269447354979190207049697,-1.7531166471440960523379425794082,-0.038582096333865163097052017034463,,,,,,,,
1.114,0.82603718488380801425934613828171,-1.8060015498497016011994700795647,-0.04210913754596198341419782864358,,,,,,,,
1.115,0.82420548462948013772325783441309,-1.857100604768333302869633102084,-0.046088482563644489917215277191282,,,,,,,,
1.116,0.82232357986530710383751801727993,-1.9064103716103335236129051678699,-0.050586102544399233298970439019891,,,,,,,,
1.117,0.82039325980368626651561676606097,-1.9539317029404589383258147980928,-0.055679282645395382648529966890632,,,,,,,,
1.118,0.81841631073678104735779410849204,-1.9996695532889072155863092741842,-0.061458846081020710043933891384353,,,,,,,,
1.119,0.81639451203655719363346883384577,-2.0436327728054334353535270602363,-0.068031879227839812452890079011187,,,,,,,,
1.12,0.81432963236774140786688808628175,-2.0858338882202952241585978677722,-0.075525085864965488731879828355054,,,,,,,,
1.121,0.81222342612503435232311074870707,-2.1262888738219949090902453003109,-0.084088935511849013404936694575469,,,,,,,,
1.122,0.81007763010324186008587428365096,-2.1650169150726895421111865591877,-0.09390281956053012793781071405834,,,,,,,,
1.123,0.80789396040642475082558870096556,-2.2020401673626050035467055242407,-0.10518149372875660856812069186798,,,,,,,,
1.124,0.80567410959973687093286755931867,-2.2373835122598717748205625456333,-0.11818317218329058958495807327171,,,,,,,,
1.125,0.80341974410534569969168745170454,-2.2710743134469642197885077227118,-0.13321975578281931613696637069449,,,,,,,,
1.1260000000000001,0.80113250184172791287140984541161,-2.3031421743543209954760592117658,-0.15066983599165791791711886998058,,,,,,,,
1.127,0.79881399010371665753870385590199,-2.3336186993104705728484625240104,-0.17099533385045725293998681815881,,,,,,,,
1.1280000000000001,0.79646578367895638623003683440399,-2.3625372598304821787037951262879,-0.19476293403986229472053772801936,,,,,,,,
1.129,0.79408942319489913401782328633248,-2.3899327674648199105364057465981,-0.22267189250445475877213877475733,,,,,,,,
1.1300000000000001,0.79168641368915351143897306441069,-2.4158414544322712487893070571992,-0.2555903835544534421650637529527,,,,,,,,
1.131,0.78925822339487149873363620170753,-2.4403006630666605961612054905718,-0.29460338461502631366343421280631,,,,,,,,
1.1320000000000001,0.78680628273192255954548947356556,-2.463348644920177091107901461397,-0.34107628701522312856948709112112,,,,,,,,
1.133,0.78433198349385144663347657166583,-2.4850243701885037477081486593987,-0.39674014004471750869124662212344,,,,,,,,
1.1340000000000001,0.78183667822003522034633577784947,-2.505367347956234417970160151719,-0.46380694279633923795786961041067,,,,,,,,
1.135,0.77932167974203483073366395621268,-2.5244174576065768332940459254209,-0.54512709355553637455882767870265,,,,,,,,
1.1360000000000001,0.77678826089286444598847168760116,-2.54221479159793626253350710851,-0.64440660967147689911320624424325,,,,,,,,
1.137,0.77423765436776417440069233745447,-2.5587995096821674349428600620141,-0.76651001239940590118155514542656,,,,,,,,
1.1380000000000001,0.77167105272504520546801062700018,-2.5742117045252665481186220185764,-0.91788736135200811243631676012279,,,,,,,,
1.139,0.76908960851566691642847837163501,-2.5884912785909698199982502225,-1.1071832471435446553783863712624,,,,,,,,
1.1400000000000001,0.76649443453038958143122197380873,-2.6016778320608179103034929450953,-1.3461154573864128039565932713284,,,,,,,,
1.141,0.76388660415361082059296770331275,-2.6138105614902346131566159206808,-1.6507575970521485246434689574784,,,,,,,,
1.1420000000000001,0.7612671518133262543574667879207,-2.6249281688384013094076910441957,-2.0434326018453924549736823204379,,,,,,,,
1.143,0.75863707351704311584924662573834,-2.6350687804594199970402736704552,-2.5555368960243219986566067658828,,,,,,,,
1.1440000000000001,0.75599732746390875985005317622587,-2.6442698756026011097431320665749,-3.2317869933185987059125773513062,,,,,,,,
1.145,0.7533488347237839051563827508954,-2.6525682239397906080291244455652,-4.1366313658147262927721307491886,,,,,,,,
1.1460000000000001,0.75069247997448378279201246629984,-2.6599998316165413741517857598394,-5.3638993851336338934861422077972,,,,,,,,
1.147,0.7480291122889207873438824609134,-2.6665998953107104696714438251009,-7.0510690872846372986494521264991,,,,,,,,
1.1480000000000001,0.7453595459644023145043407236639,-2.6724027637758144175636728527051,-9.3994030893358596881118966898734,,,,,,,,
1.149,0.74268456138686068515718327098748,-2.6774419063463164383638868515277,-12.699239794282292908300582005093,,,,,,,,
1.1500000000000001,0.74000490592331273897674971399349,-2.6817498878871100100110932751015,-17.352049386189967170380707267844,,,,,,,,
1.151,0.7373212948363599810523464973609,-2.6853583496790087150721375900439,-23.858419558248429318629837555834,,,,,,,,
1.1520000000000001,0.73463441221504200245568126011153,-2.6882979957453145574246865618818,-32.689970413938227177490067396288,,,,,,,,
1.153,0.73194491191684289824030429157847,-2.6905985841408360462207452831782,-43.891690433836529378878672245262,,,,,,,,
1.154,0.72925341851611985184104563116095,-2.6922889227434443720699661614348,-56.313418198601259076412458864059,,,,,,,,
1.155,0.72656052825467280936202242123523,-2.6933968691088330702922798931967,-66.938661930304060127861580823182,,,,,,,,
1.156,0.7238668099906026245668001502717,-2.6939493339710860319380771620843,-71.76028805708847566933468421991,,,,,,,,
1.157,0.72117280614201107756265882735383,-2.6939722879945212566384373981846,-68.727495628335021957907351550666,,,,,,,,
1.158,0.7184790336224790305023428360482,-2.6934907714056796575788823550166,-59.619831194912651257697488567137,,,,,,,,
1.159,0.71578598476561831259897992013808,-2.6925289061579382485065317512383,-48.212813690534332006480442668497,,,,,,,,
1.16,0.71309412823632866142114996178758,-2.6911099103047626677220575897647,-37.463019820573313364803815095594,,,,,,,,
1.161,0.71040390992670338456778842115293,-2.6892561142808376509298308188794,-28.637045720583765192556546530872,,,,,,,,
1.162,0.70771575383481675893771527669309,-2.6869889788130291399462118894632,-21.864593343841657704172427825361,,,,,,,,
1.163,0.70503006292489314521443707207611,-2.6843291142051785844011232639985,-16.818475266494007034255602318645,,,,,,,,
1.164,0.70234721996760309694490404386483,-2.6812963007619821333117789151071,-13.089780489917561069670124158005,,,,,,,,
1.165,0.6996675883594562323086579350538,-2.6779095101375676421182359702539,-10.326038917064252164327909202007,,,,,,,,
1.166,0.69699151292046524196101182750925,-2.6741869274137793359455298808244,-8.2589977439520314522046665642368,,,,,,,,
1.167,0.69431932066944111771766045197849,-2.6701459737315645998695796739279,-6.6946285019648871383160631942675,,,,,,,,
1.168,0.69165132157644753291628291509966,-2.665803329316200064460238866628,-5.4952802462267790834636001013281,,,,,,,,
1.169,0.68898780929209333581626453817224,-2.6611749567533817425173322501667,-4.5636749149071871259164357590274,,,,,,,,
1.17,0.68632906185347738818928553640791,-2.6562761243884371453531727461626,-3.8307774853893240222372543289549,,,,,,,,
1.171,0.68367534236672054147665139409378,-2.6511214297351082867333936932659,-3.2471824679855692803970578478065,,,,,,,,
1.172,0.68102689966612642460715409086397,-2.6457248227935249227871444420877,-2.7771580557779583953976743166505,,,,,,,,
1.173,0.67838396895010692726226430992298,-2.6400996291891664994316709749025,-2.3945635279278518696397857190342,,,,,,,,
1.174,0.67574677239409077420853713474129,-2.6342585730558342390145924586852,-2.0800490897645905070943980551811,,,,,,,,
1.175,0.67311551974070533694039316082788,-2.6282137995959612499951997428324,-1.8191245190617683010145852786064,,,,,,,,
1.176,0.67049040886758371355839827474756,-2.6219768972610214057132097218056,-1.6008159014218100393432717769597,,,,,,,,
1.177,0.66787162633320197771762410852572,-2.6155589195034021296382300283441,-1.4167222064120650785859684270552,,,,,,,,
1.178,0.66525934790119615794991353529485,-2.6089704060589285620214713346555,-1.2603457262838604222450975417808,,,,,,,,
1.179,0.662653739043645718281541095853,-2.6022214037263138223919256221811,-1.126611784573035242042289751464,,,,,,,,
1.18,0.66005495542384078146571310784047,-2.5953214866162090872315887765272,-1.0115205415354020212522839207703,,,,,,,,
1.181,0.65746314335907473236275917281445,-2.588279775848284225800619504234,-0.91189193511956241226764356871642,,,,,,,,
1.182,0.65487844026402278029474899222253,-2.5811049586799300052266942175537,-0.82517696131619621634973616223284,,,,,,,,
1.183,0.65230097507528112026998836025689,-2.5738053070547802565299057066756,-0.74931668557162264434854412305652,,,,,,,,
1.184,0.64973086865765104543102742266334,-2.5663886955633491417984399933963,-0.68263593559252180913739523365364,,,,,,,,
1.185,0.64716823419275821717428251519985,-2.5588626188117052332486348275789,-0.62376243434927209483016092198674,,,,,,,,
1.186,0.64461317755059974587176787117613,-2.5512342081972990262479259063401,-0.57156476610391383499474287336529,,,,,,,,
1.187,0.64206579764461118723409991044808,-2.5435102480938602578788683531208,-0.5251044072782712491998833619088,,,,,,,,
1.188,0.63952618677084239486184046133451,-2.5356971914497204192507249312842,-0.48359834991728537405612444760666,,,,,,,,
1.189,0.63699443093182573282477897588521,-2.5278011748060264801412326398989,-0.44638976711873410234943711130343,,,,,,,,
1.19,0.63447061014571275626162671006916,-2.5198280327431243658568661824747,-0.41292483105254801706891725740669,,,,,,,,
1.191,0.63195479874124639682552988184148,-2.5117833117649333808503205521687,-0.38273427272794861351283263585323,,,,,,,,
1.192,0.62944706563912519988758360068498,-2.5036722836324318212208971095459,-0.35541862185599132741713109063538,,,,,,,,
1.193,0.62694747462030448303008187219569,-2.495499958158453800869050088679,-0.33063632200338920961279337114674,,,,,,,,
1.194,0.62445608458176662837811118668345,-2.4872710954768803338893689696012,-0.30809410661667932397100766253788,,,,,,,,
1.195,0.62197294978027927098355551098059,-2.4789902178000147096115346831294,-0.28753916365875275201244912402116,,,,,,,,
1.196,0.61949812006464606814336590730306,-2.4706616206784822357887545809497,-0.26875272351098041749882233042176,,,,,,,,
1.197,0.61703164109694017828671025731514,-2.4622893837784049980607934872861,-0.2515447857440140582180470091812,,,,,,,,
1.198,0.61457355456319567424998593123161,-2.4538773811908893891908854648211,-0.23574976205483987412765981090028,,,,,,,,
1.199,0.61212389837401698042832555686759,-2.4454292912890424017045214124856,-0.22122285998289189775231970830859,,,,,,,,
1.2,0.60968270685555115855955794214663,-2.4369486061478153480040486534118,-0.20783706852460261527707795819714,,,,,,,,
1.201,0.60725001093125256219460928004857,-2.42843864054197285065900761468,-0.19548063509619507489155230254867,,,,,,,,
1.202,0.60482583829485411316505450230445,-2.419902540537411578634290637574,-0.18405494540247208451190056836818,,,,,,,,
1.203,0.60241021357494429208683054034556,-2.4113432916909171902851953696924,-0.17347273511391678478066209805439,,,,,,,,
1.204,0.60000315849153393724543160369052,-2.4027637268732582092764110058307,-0.16365657593195994297394212012088,,,,,,,,
1.205,0.59760469200498216172340242518335,-2.3941665337302801396883224721441,-0.15453758946148527740567535573779,,,,,,,,
1.206,0.5952148304576361693691573258462,-2.3855542617963892338491463567696,-0.14605435094046353589143000902026,,,,,,,,
1.207,0.59283358770852551135095941962697,-2.3769293292745094187070167484554,-0.13815195178049429641979125584294,,,,,,,,
1.208,0.59046097526143740566798920080701,-2.3682940294962637306134469094115,-0.13078119541893109682946282008362,,,,,,,,
1.209,0.58809700238668616573229900143648,-2.3596505370757783394432698660794,-0.12389790545886911906991675590117,,,,,,,,
1.21,0.58574167623687656977883561937674,-2.351000913770137420211177692152,-0.11746232869931306829308510978463,,,,,,,,
1.211,0.58339500195694816490049113675212,-2.3423471140591347886161622848522,-0.11143861860721555228564745436828,,,,,,,,
1.212,0.581056982788775048643340868349,-2.3336909904565769147738218701565,-0.10579438719122671615263179655772,,,,,,,,
1.213,0.57872762017058361469685367261365,-2.3250342985649947934166543995844,-0.10050031521049710252697904182077,,,,,,,,
1.214,0.57640691383143909170997819945297,-2.3163787018852219148618136610329,-0.095529812274943982868672025670107,,,,,,,,
1.215,0.57409486188104044753538362592371,-2.3077257763918946318947646800371,-0.090858719732852535777058212719157,,,,,,,,
1.216,0.57179146089505237490855407669335,-2.2990770148855316180636699169056,-0.086465050350776578051297520223185,,,,,,,,
1.217,0.56949670599619261644466818227819,-2.2904338311314526411877963378843,-0.082328759712009113092786075218076,,,,,,,,
1.218,0.56721059093128282297532854268695,-2.2817975637954050536970808354712,-0.078431545027593776150180040214412,,,,,,,,
1.219,0.56493310814446146433598369446017,-2.2731694801853805201404210779779,-0.074756667695486316757233473699151,,,,,,,,
1.22,0.56266424884674801925343658756824,-2.2645507798087256475329508305473,-0.071288796481320118795148061438176,,,,,,,,
1.221,0.56040400308213875347905574081404,-2.2559425977532792584461592035383,-0.068013868646349512385866536144887,,,,,,,,
1.222,0.5581523597904058444559855171242,-2.2473460079009067890189838584797,-0.064918966729247262114468865195565,,,,,,,,
1.223,0.55590930686676341762126390955845,-2.2387620259814492987822541156997,-0.061992209010529448572664014724102,,,,,,,,
1.224,0.55367483121855621442071718233621,-2.2301916124747613126936539526302,-0.059222651961311761308459181870799,,,,,,,,
1.225,0.55144891881911910534153927017626,-2.2216356753681785314877913798068,-0.056600203209951275375016560215973,,,,,,,,
1.226,0.54923155475894848252761451693475,-2.2130950727764335984856531970911,-0.054115543757560319974157774064768,,,,,,,,
1.227,0.54702272329431970540926107570699,-2.2045706154307257665483392471924,-0.051760058341901089750253345867461,,,,,,,,
1.228,0.54482240789347821869715101368027,-2.1960630690433485592076748943095,-0.049525772993345317629181004487773,,,,,,,,
1.229,0.54263059128052570444711345285595,-2.1875731565539883905846815936722,-0.047405298950205527027435870261231,,,,,,,,
1.23,0.54044725547711665808950258398386,-2.1791015602635265680152122553573,-0.045391782206973417363008049105659,,,,,,,,
1.231,0.53827238184207508178154598671292,-2.1706489238609070689419144952826,-0.043478858060476775662732149740452,,,,,,,,
1.232,0.53610595110903555673313379477063,-2.1622158543483728374853147406929,-0.041660610097899748288139650975882,,,,,,,,
1.233,0.53394794342220777896569460616427,-2.1538029238701239287441911974111,-0.039931533138858248033105068624113,,,,,,,,
1.234,0.53179833837035871015263722726707,-2.145410671449211453261032783223,-0.03828649970284436667307603115094,,,,,,,,
1.235,0.5296571150191017968205241002852,-2.1370396046372517286532379962171,-0.03672072962466799995724918741868,,,,,,,,
1.236,0.52752425194157823754682611419862,-2.1286902010813250985493550268668,-0.035229762485143789063874106039843,,,,,,,,
1.237,0.5253997272476110193968774366322,-2.1203629100122132830176950258144,-0.033809432563140072701604850811614,,,,,,,,
1.238,0.5232835186114083924778033749107,-2.1120581536579276194169386674418,-0.032455846049024495033873724210801,,,,,,,,
1.239,0.52117560329788959619422156402433,-2.1037763285862878683543069014633,-0.031165360289189363273430889666491,,,,,,,,
1.24,0.51907595818770198388617490544111,-2.0955178069801271197648502568114,-0.029934564857299421805163811671434,,,,,,,,
1.241,0.51698455980099520560962507039111,-2.0872829378485224581848667650875,-0.028760264270671335112949300629989,,,,,,,,
1.242,0.51490138432001479376167035543643,-2.0790720481772831508987264229568,-0.027639462190192252936165152688354,,,,,,,,
1.243,0.51282640761057434521780721988189,-2.0708854440217679240421548995143,-0.026569346959778247134407928749031,,,,,,,,
1.244,0.51075960524246249908176939143462,-2.0627234115449501071654220449768,-0.02554727835687472150767977493703,,,,,,,,
1.245,0.50870095250883806377623077496646,-2.0545862180035037756973923316772,-0.024570775439179065951073215312941,,,,,,,,
1.246,0.50665042444466394403031254126205,-2.0464741126845452261046442333693,-0.023637505384852707065624112201206,,,,,,,,
1.247,0.50460799584422795062775713467515,-2.0383873277955319075476662532309,-0.022745273234185503688959745810405,,,,,,,,
1.248,0.50257364127779613711844560272495,-2.03032607930969503886443554241,-0.021892012450153314939593338835464,,,,,,,,
1.249,0.50054733510744199188105678420353,-2.0222905677692622989030032368628,-0.02107577622371955639829022216074,,,,,,,,
1.25,0.49852905150209261503025878516596,-2.0142809790486129360259963082769,-0.020294729457203842453398115703545,,,,,,,,
1.2510000000000001,0.49651876445183092201426718197997,-2.0062974850793991501931618387784,-0.019547141365688535046567849041964,,,,,,,,
1.252,0.49451644778149093391960849286182,-1.9983402445395644166164345191675,-0.018831378642355667226238816609096,,,,,,,,
1.2530000000000001,0.49252207516358133329934586182692,-1.99040940350809130909341801871,-0.018145899138928138398093993977794,,,,,,,,
1.254,0.49053562013057067880947119203914,-1.9825050960872181167433606298721,-0.017489246017105239107115367897641,,,,,,,,
1.2550000000000001,0.48855705608656597733949441996918,-1.9746274449937749105522760830371,-0.016860042331098984572625005580109,,,,,,,,
1.256,0.48658635631841470413694741648375,-1.9667765621212054940656713474287,-0.016256986005151786966528356321098,,,,,,,,
1.2570000000000001,0.4846234940062588353390452626402,-1.9589525490737616615666752227486,-0.015678845173297971166159229209072,,,,,,,,
1.258,0.4826684422335680092259671298775,-1.9511554976742801905615180216071,-0.015124453851665689128891959138861,,,,,,,,
1.2590000000000001,0.4807211739966775584797989302214,-1.9433854904468808243105963602415,-0.014592707916340724077730508313815,,,,,,,,
1.26,0.47878166221385585203711396897454,-1.9356426010758549728707001279608,-0.014082561362263655662299716308758,,,,,,,,
1.2610000000000001,0.47684987973392414820540517811316,-1.9279268948419498033399135261148,-0.013593022820836983187376357543568,,,,,,,,
1.262,0.47492579934445098718878938575802,-1.9202384290371906345738265936988,-0.013123152315905635988204177809153,,,,,,,,
1.2630000000000001,0.47300939377954203781487771320335,-1.9125772533593259384273035923712,-0.012672058239566301323904843141029,,,,,,,,
1.264,0.47110063572724525700745607507507,-1.9049434102869236252581832637909,-0.012238894530878922757432279446668,,,,,,,,
1.2650000000000001,0.46919949783659021849362847894508,-1.8973369354360945093420030436362,-0.01182285804201594122959241238615,,,,,,,,
1.266,0.46730595272427951659774891866676,-1.8897578578997687697773121094896,-0.011423186077707656287218853765443,,,,,,,,
1.2670000000000001,0.46541997298104924912327960747896,-1.8822062005704037104506447065791,-0.011039154095039932504658198611578,,,,,,,,
1.268,0.46354153117771472775405470274153,-1.8746819804469560507710296968141,-0.010670073551746209614284355496862,,,,,,,,
1.2690000000000001,0.46167059987091675273965793673938,-1.8671852089269092251136618758483,-0.010315289892120817237195020993644,,,,,,,,
1.27,0.45980715160858301860632380628387,-1.8597158920841056168074395612208,-0.009974180660575116645666518816248,,,,,,,,
1.2710000000000001,0.45795115893511848710921958062069,-1.8522740309330951910701499901471,-0.0096461537336710569849065723227184,,,,,,,,
1.272,0.4561025943963378705767944941236,-1.8448596216806755147739112866401,-0.0093306456622064286347554864717317,,,,,,,,
1.2730000000000001,0.45426143054415271125896362667685,-1.837472655965263558571843426469,-0.009027120115599643837214577495858,,,,,,,,
1.274,0.45242763994102491844240937674078,-1.8301131210847068728185237092272,-0.0087350664214357302530958814690475,,,,,,,,
1.2750000000000001,0.45060119516419803319600176387435,-1.8227810002131106215825743771039,-0.0084539981935951634347484779648245,,,,,,,,
1.276,0.44878206880971692900408446427118,-1.8154762726072274620255106079174,-0.0081834520428983631690476329201603,,,,,,,,
1.2770000000000001,0.44697023349624612366668624238461,-1.8081989138029292868993002456129,-0.007922986364665774519718320577608,,,,,,,,
1.278,0.44516566186869637220569763278243,-1.8009488958022533273521110930372,-0.0076721801980206091235731607325495,,,,,,,,
1.2790000000000001,0.4433683266016687307033871300331,-1.7937261872514899669691542216247,-0.0074306321521522737942589360723661,,,,,,,,
1.28,0.4415782004027248256757942578914,-1.7865307536107557750678867966252,-0.007197959395116621860223705616013,,,,,,,,
1.281,0.43979525601549163147916221933181,-1.7793625573154726603141575843303,-0.0069737967010774510375802039075849,,,,,,,,
1.282,0.43801946622260864815898869352505,-1.7722215579301526107120099275206,-0.006757795552194862320889866974917,,,,,,,,
1.283,0.43625080384852498293719759417896,-1.7651077122948671621563388957069,-0.0065496232916426408856880915552982,,,,,,,,
1.284,0.43448924176215346911132264092785,-1.7580209746647614673131704189116,-0.0063489623244909354747691635260642,,,,,,,,
1.285,0.43273475287938860548463409050767,-1.7509612968429545648280458944723,-0.0061555093634241951589537722773577,,,,,,,,
1.286,0.43098731016549476658539266604723,-1.743928628307150123772905935421,-0.0059689747164793769330284307238181,,,,,,,,
1.287,0.42924688663737081794508479393877,-1.7369229163302655104991885000048,-0.0057890816141874967007121471206407,,,,,,,,
1.288,0.4275134553656969707158368258028,-1.7299441060953714478735533440372,-0.0056155655736841370860477401913145,,,,,,,,
1.289,0.42578698947696942508806128863681,-1.7229921408052197658443112515314,-0.0054481737975228861441139758864263,,,,,,,,
1.29,0.42406746215542808153582761378786,-1.716066961786622735322570282621,-0.0052866646050810741750646971522955,,,,,,,,
1.291,0.42235484664488234212554658068091,-1.7091685085899341945404449085878,-0.0051308068945907015702732082630794,,,,,,,,
1.292,0.4206491162504397802682638424212,-1.7022967190838700805164321774605,-0.0049803796339601076197063772735502,,,,,,,,
1.293,0.41895024434014222570898705862677,-1.6954515295458940321279985284514,-0.0048351713786746257896979258703218,,,,,,,,
1.294,0.41725820434651359159478265124519,-1.6886328747483824015435047003735,-0.0046949798151780300472997312530015,,,,,,,,
1.295,0.41557296976802356154675713179275,-1.6818406880407722651529536927871,-0.0045596113282417499131341621276418,,,,,,,,
1.296,0.4138945141704710562107672811326,-1.6750749014278858330962652149521,-0.0044288805909263024712311773518234,,,,,,,,
1.297,0.41222281118829121023882364955267,-1.6683354456446149890533750890299,-0.0043026101758297802662308680204141,,,,,,,,
1.298,0.41055783452578941154690398869979,-1.6616222502271405216833690173619,-0.0041806301864021127021896791011073,,,,,,,,
1.299,0.40889955795830578452124178892302,-1.6549352435808519099698179048277,-0.00406277790718170337085656146171,,,,,,,,
1.3,0.4072479553333133371453863624009,-1.6482743530451252721010980078058,-0.003948897471883409831826991556956,,,,,,,,
1.301,0.40560300057145283835972357664909,-1.6416395049551092580369066082139,-0.003838839548334108108552404576018,,,,,,,,
1.302,0.4039646676675073459317106975732,-1.6350306247006612374622039747222,-0.0037324610393146669250477697148317,,,,,,,,
1.303,0.40233293069131916631836119432049,-1.6284476367825690864482034093883,-0.003629624798425408281889853727565,,,,,,,,
1.304,0.40070776378865189607246469670849,-1.6218904648661871879710793961064,-0.0035301993601463826502938612267499,,,,,,,,
1.305,0.39908914118200006892992052431335,-1.6153590318326089146730796931346,-0.0034340586833143424204732071624864,,,,,,,,
1.306,0.39747703717134881348498682121015,-1.6088532598274918390694344515145,-0.0033410819072854346302262526870521,,,,,,,,
1.307,0.39587142613488581299813212444113,-1.6023730703076461999291245450655,-0.0032511531200966088259788949186957,,,,,,,,
1.308,0.3942722825296677510888825459172,-1.5959183840854917277997720923748,-0.0031641611379797826720099365434797,,,,,,,,
1.309,0.39267958089224332456050889876691,-1.5894891213714827824617695636897,-0.0030799992956211420733785024735494,,,,,,,,
1.31,0.39109329583923480711625898139759,-1.5830852018145968661385763690961,-0.0029985652465937721880435908097247,,,,,,,,
1.311,0.38951340206788005500373951253455,-1.5767065445409769349702805487296,-0.0029197607734253029909610806959277,,,,,,,,
1.312,0.38793987435653675742384534171206,-1.5703530681908135247046038371419,-0.0028434916067935757542879405373492,,,,,,,,
1.313,0.38637268756515065063470472735335,-1.5640246909535485225813622779776,-0.0027696672533726494278109927428283,,,,,,,,
1.314,0.38481181663568933485271042594028,-1.5577213306014784444341952671227,-0.0026982008318789108477240836513286,,,,,,,,
1.315,0.3832572365925432570963301838663,-1.5514429045218313031676798111409,-0.0026290089168927613049116067671457,,,,,,,,
1.316,0.38170892254289535083917840663748,-1.5451893297473875716263363245956,-0.0025620113900554454655535046067913,,,,,,,,
1.317,0.38016684967706075455201144831272,-1.5389605229857123396385438940433,-0.0024971312982631788714805114540754,,,,,,,,
1.318,0.37863099326879796574366515094715,-1.5327564006470625323945160675466,-0.0024342947185019206578889383160575,,,,,,,,
1.319,0.37710132867559272479231928155901,-1.5265768788710299864947351963455,-0.0023734306289860243069166541617709,,,,,,,,
1.32,0.37557783133891586353325809102482,-1.520421873551978262639063390679,-0.0023144707862826696364510346792251,,,,,,,,
1.321,0.37406047678445629708803097124138,-1.5142913003633283021119126003934,-0.0022573496081215156526216887360607,,,,,,,,
1.322,0.37254924062233028364082908760557,-1.5081850747807454004660952101589,-0.0022020040616054921723829692296825,,,,,,,,
1.323,0.37104409854726802565650044563162,-1.5021031121042774690218599387348,-0.0021483735565541384893683901319296,,,,,,,,
1.324,0.36954502633877863726335193263757,-1.496045327479492176255608766615,-0.0020963998437254649356752352448408,,,,,,,,
1.325,0.36805199986129445607170167935653,-1.4900116359176583004854089469213,-0.0020460269176760183984978702473052,,,,,,,,
1.326,0.36656499506429563345121865550559,-1.4840019523150144764324540868103,-0.0019972009240317317593430898244213,,,,,,,,
1.327,0.36508398798241589513746431159875,-1.4780161914711664755303747452558,-0.0019498700709542819122406272977786,,,,,,,,
1.328,0.3636089547355303238773463952281,-1.4720542681066522178486908249117,-0.0019039845445991198758556780469715,,,,,,,,
1.329,0.36213987152882597755629680555119,-1.4661160968797118670573885656464,-0.0018594964283721145302538746429171,,,,,,,,
1.33,0.36067671465285611978378231896274,-1.4602015924022986041198728516496,-0.001816359625801910528534370736396,,,,,,,,
1.331,0.35921946048357880515987642995781,-1.4543106692553640057490113551165,-0.0017745297868546799011115470712663,,,,,,,,
1.332,0.35776808548238052832018048610864,-1.4484432420034503657240928349927,-0.0017339642375269820484974314581295,,,,,,,,
1.333,0.35632256619608561427975734672194,-1.4425992252086207868017338811504,-0.0016946219125609719890699052013124,,,,,,,,
1.334,0.3548828792569519974933401504511,-1.4367785334437564342334640386559,-0.0016564632911342433784989975430343,,,,,,,,
1.335,0.35344900138265400834713609817621,-1.4309810813052489751037228647474,-0.0016194503353841903094770447600661,,,,,,,,
1.336,0.35202090937625275842891960325787,-1.425206783425114927294734534464,-0.0015835464316339476282422566648405,,,,,,,,
1.337,0.35059858012615468982309697601342,-1.4194555544825574045229333157109,-0.0015487163341937490381325039245574,,,,,,,,
1.338,0.34918199060605882878458089936965,-1.4137273092149995664026512591688,-0.0015149261116179494787077606925861,,,,,,,,
1.339,0.3477711178748932604012819206382,-1.40802196242861296186841153663,-0.0014821430953040154813018015831623,,,,,,,,
1.34,0.34636593907674131820438031244337,-1.4023394290083628876748643848144,-0.0014503358303255152611199309264509,,,,,,,,
1.341,0.34496643144075796107563735946257,-1.3966796239275918683880897198523,-0.0014194740283965587124047029666627,,,,,,,,
1.342,0.34357257228107678918182742512798,-1.3910424622571613977182708372889,-0.0013895285228702644700883431453358,,,,,,,,
1.343,0.34218433899670813099040672096785,-1.3854278591741711607885049861916,-0.0013604712256786838636702464888385,,,,,,,,
1.344,0.34080170907142861464263711274461,-1.3798357299702740806799509760235,-0.0013322750861262059050177232863344,,,,,,,,
1.345,0.33942466007366261903765704957774,-1.3742659900596046981505077592832,-0.0013049140514528183984024053722831,,,,,,,,
1.346,0.33805316965635598287267268018241,-1.3687185549863375987160963138214,-0.0012783630290877218739680494450536,,,,,,,,
1.347,0.33668721555684233355178924600937,-1.363193340431891844340223397388,-0.0012525978505176984837768032559842,,,,,,,,
1.348,0.33532677559670238228219398210847,-1.3576902622217966459295975100247,-0.0012275952366983396043567475063519,,,,,,,,
1.349,0.33397182768161651678643608830664,-1.3522092363322328259075128683999,-0.0012033327649397452413344174006858,,,,,,,,
1.35,0.33262234980121100884015386130215,-1.3467501788962639656494749901507,-0.0011797888372016362999374373132556,,,,,,,,
1.351,0.33127832002889814026414054534413,-1.3413130062097705089199089538533,-0.0011569426497359775766743121556584,,,,,,,,
1.352,0.3299397165217105380280417761216,-1.3358976347370994981289068518657,-0.0011347741640182045303399897439755,,,,,,,,
1.353,0.32860651752012999673163854542125,-1.3305039811164420537950561285761,-0.0011132640789109895147796518484162,,,,,,,,
1.354,0.32727870134791105489139221448267,-1.3251319621649501676887202995391,-0.0010923938040071816717945080892624,,,,,,,,
1.355,0.32595624641189958014884486046852,-1.3197814948836038654432307828071,-0.0010721454341011170557930952524619,,,,,,,,
1.356,0.32463913120184660770897514348324,-1.3144524964618393037284320829217,-0.0010525017247399292860331516476008,,,,,,,,
1.357,0.32332733429021766598730240251564,-1.3091448842819478992132477788275,-0.001033446068808803149939029447971,,,,,,,,
1.358,0.32202083433199781357214420678297,-1.3038585759232561403917162822216,-0.0010149624741063107513653798063134,,,,,,,,
1.359,0.32071961006449260217178096865982,-1.2985934891660953078565017265958,-0.00099703554186805826349523783446976,,,,,,,,
1.36,0.31942364030712517119520837568852,-1.2933495419955699227744368807442,-0.00097965044619885699789652387618017,,,,,,,,
1.361,0.31813290396122967099048266252177,-1.2881266526051333561996754485155,-0.00096279291437552089046594558757895,,,,,,,,
1.362,0.31684738000984120351812994934015,-1.282924739399978662548645512317,-0.00094644920798418886499581762015145,,,,,,,,
1.363,0.31556704751748246135132393363508,-1.2777437210002523481995160152849,-0.00093060610485777980128493148470957,,,,,,,,
1.364,0.31429188562994723835299712226499,-1.2725835162440984499524788356376,-0.00091525088178081466293427984410689,,,,,,,,
1.365,0.31302187357408097816699485029449,-1.267444044190539977221617567859,-0.00090037129793038912384524514336378,,,,,,,,
1.366,0.31175699065755851976081862075389,-1.2623252241222044655888370499905,-0.00088595557902355491950088927846497,,,,,,,,
1.367,0.31049721626865919265716308342453,-1.2572269755479000970361875365908,-0.00087199240214277305587268816011711,,,,,,,,
1.368,0.309242529876039408176738100792,-1.2521492182050485631205445338445,-0.00085847088121244063482944903000245,,,,,,,,
1.369,0.30799291102850288697284046651094,-1.2470918720619805809325183774392,-0.00084538055310076889603699237382091,,,,,,,,
1.37,0.30674833935476865735647132062274,-1.2420548573200997172894079901102,-0.00083271136432250643586521315186094,,,,,,,,
1.371,0.30550879456323695337774283739157,-1.237038094415919933679347823485,-0.00082045365831916156815662206060842,,,,,,,,
1.372,0.30427425644175313633369549131839,-1.232041504022982032458005060386,-0.00080859816329448439507669840001767,,,,,,,,
1.373,0.3030447048573697583037983452787,-1.2270650070536539631844235742553,-0.00079713598058402515480248747024694,,,,,,,,
1.374,0.30182011975610688146217563458294,-1.2221085246608197362783596169008,-0.00078605857353859345301742844547136,,,,,,,,
1.375,0.30060048116271076227031812669619,-1.2171719782394614889212217115055,-0.00077535775690240557280297852633824,,,,,,,,
1.3760000000000001,0.2993857691804110052064769881616,-1.2122552894281390548628357265778,-0.00076502568666762656580904399238575,,,,,,,,
1.377,0.29817596399067628642931361435934,-1.2073583801103712051146829604405,-0.00075505485038789250511590058032335,,,,,,,,
1.3780000000000001,0.29697104585296874369531515476765,-1.2024811724159225500055407535814,-0.0007454380579342382581574247426808,,,,,,,,
1.379,0.29577099510449712494399799639872,-1.1976235887219999243656480610508,-0.00073616843267765943711365622350337,,,,,,,,
1.3800000000000001,0.29457579215996878422439854748586,-1.1927855516543619163272137045014,-0.00072723940308330572086462874490814,,,,,,,,
1.381,0.2933854175113406100535351215201,-1.1879669840883450460364745781071,-0.00071864469470203833544281682881569,,,,,,,,
1.3820000000000001,0.29219985172756896786549676634221,-1.1831678091498099531365019833392,-0.00071037832254578885508000647955739,,,,,,,,
1.383,0.29101907545435873492197580928846,-1.1783879502160108108873290742245,-0.00070243458383383128254382229333718,,,,,,,,
1.3840000000000001,0.28984306941391150290511760576833,-1.1736273309163910499425928709454,-0.00069480805109772614262643661375808,,,,,,,,
1.385,0.2886718144046730203955113085306,-1.1688858751333083458159362575801,-0.00068749356563331555623652161325459,,,,,,,,
1.3860000000000001,0.28750529130107994454626419388105,-1.1641635070026917006756924665613,-0.00068048623128874336158402714196343,,,,,,,,
1.387,0.2863434810533059684929276519209,-1.1594601509146333320455989164706,-0.00067378140857804565182842407299327,,,,,,,,
1.3880000000000001,0.28518636468700738838336491671763,-1.1547757315139179680174651561509,-0.00066737470911040587899032385880234,,,,,,,,
1.389,0.28403392330306817136649763324906,-1.1501101737004920404655300970532,-0.0006612619903256961446370326990248,,,,,,,,
1.3900000000000001,0.28288613807734458343949681259629,-1.1454634026298751642694584985731,-0.00065543935052743361412382009320614,,,,,,,,
1.391,0.28174299026040943371486690914687,-1.1408353437135161914918601106656,-0.00064990312420476925412239367962795,,,,,,,,
1.3920000000000001,0.28060446117729598942768959066258,-1.136225922619096034615201591011,-0.00064464987763559635289482064905404,,,,,,,,
1.393,0.27947053222724161385492305393421,-1.1316350652707793621298806953307,-0.00063967640476331954128511302479931,,,,,,,,
1.3940000000000001,0.27834118488343117725915783059242,-1.1270626978494171827969581692077,-0.00063497972334026224642418387167013,,,,,,,,
1.395,0.27721640069274028899485404054031,-1.1225087467927022516111172374574,-0.00063055707133111259373424548701444,,,,,,,,
1.3960000000000001,0.27609616127547839702224144694527,-1.117973138795279150695549979974,-0.00062640590357021559986499790069446,,,,,,,,
1.397,0.2749804483251317992593282792138,-1.1134558008088108219121427513146,-0.00062252388866691390576976750128245,,,,,,,,
1.3980000000000001,0.27386924360810660946256823165075,-1.1089566600420032547164379777577,-0.00061890890615352108572627648984317,,,,,,,,
1.399,0.27276252896347171865855549126598,-1.1044756439605899625833136753416,-0.00061555904387088150174467287372345,,,,,,,,
1.4000000000000001,0.27166028630270179154967397298604,-1.1000126802872778140387647876519,-0.00061247259558682948903819104871659,,,,,,,,
1.401,0.27056249760942033578307218926434,-1.0955676970016557198245782683594,-0.00060964805884320906304845066594707,,,,,,,,
1.4020000000000001,0.26946914493914288050195035922224,-1.0911406223400676158711089251434,-0.00060708413302745401013966894606026,,,,,,,,
1.403,0.26838021041902029918833452888147,-1.0867313847954511224395884937292,-0.00060477971766505781467938341590429,,,,,,,,
1.4040000000000001,0.26729567624758231045479312148056,-1.0823399131171432029057200172854,-0.00060273391092958401255805885884677,,,,,,,,
1.405,0.26621552469448118914655504537671,-1.0779661363106540910822216600575,-0.00060094600836718085014214686330433,,,,,,,,
1.4060000000000001,0.26513973810023571887295183709466,-1.073609983637410703615948452206,-0.00059941550183287015168371241385142,,,,,,,,
1.407,0.26406829887597541589586704918213,-1.0692713846144707037464182526061,-0.00059814207863617962080455355159981,,,,,,,,
1.408,0.26300118950318505316086850109322,-1.064950269014208334482673379398,-0.0005971256208939809676602002813539,,,,,,,,
1.409,0.26193839253344951216194956132006,-1.0606465668639730929543716174402,-0.00059636620508868379021680976581343,,,,,,,,
1.41,0.26087989058819898928142878421744,-1.0563602084457222732348388287741,-0.00059586410183021755703286804277611,,,,,,,,
1.411,0.25982566635845458224075147747763,-1.0520911242956283622364226193485,-0.00059561977582051183633029480736758,,,,,,,,
1.412,0.2587757026045742813339808670848,-1.0478392452036622322634417123839,-0.00059563388601945857439856357068931,,,,,,,,
1.413,0.25772998215599938919201584848539,-1.0436045022131530344004175952848,-0.00059590728601161021513347975907066,,,,,,,,
1.414,0.25668848791100139194045548545759,-1.0393868266203256590415332605971,-0.00059644102457313422963446980341492,,,,,,,,
1.415,0.25565120283642930376604602866928,-1.0351861499738165934629985672811,-0.00059723634643880863734899561156209,,,,,,,,
1.416,0.25461810996745750609435972462447,-1.0310024040741689713378509768503,-0.00059829469326910478551159759567548,,,,,,,,
1.417,0.25358919240733410180339543178446,-1.0268355209733075754302050807825,-0.00059961770481766343990909070522587,,,,,,,,
1.418,0.2525644333271298041528495087768,-1.0226854329739945223233501172671,-0.00060120722029972854761190155572914,,,,,,,,
1.419,0.25154381596548737939563046138197,-1.0185520726292663268762606615507,-0.00060306527996236027436283305768489,,,,,,,,
1.42,0.25052732362837166135558716860497,-1.0144353727418530141113993194163,-0.00060519412685750550257102465210441,,,,,,,,
1.421,0.24951493968882015560224632998136,-1.0103352663635799173608883781914,-0.00060759620881926030152572806504276,,,,,,,,
1.422,0.2485066475866942502285193886626,-1.0062516867947527736882028748105,-0.00061027418064691534594809928639523,,,,,,,,
1.423,0.2475024308284310496398008143255,-1.0021845675835267008106315484168,-0.00061323090649563225473503065441914,,,,,,,,
1.424,0.24650227298679584719164333088653,-0.99813384252525961392805129366192,-0.00061646946247685673782366330427495,,,,,,,,
1.425,0.24550615770063525196731133227125,-0.9940994456618506159721993570004,-0.00061999313947083366204266668412158,,,,,,,,
1.426,0.24451406867463098446507416181905,-0.99008131128106387078559448321764,-0.00062380544615385006126590045512833,,,,,,,,
1.427,0.24352598967905435546724007507135,-0.98607937391583844558030814145255,-0.00062791011224309510559668119380809,,,,,,,,
1.428,0.24254190454952144188782289739389,-0.98209356834358458667535563004411,-0.00063231109196229149161572688600287,,,,,,,,
1.429,0.24156179718674897294258772019898,-0.9781238295854668709306006284322,-0.00063701256773152100398441031918038,,,,,,,,
1.43,0.24058565155631093955328674108067,-0.97417009290567465444930570012422,-0.00064201895408493851175122296450187,,,,,,,,
1.431,0.23961345168839593948645354132834,-0.97023229381068021997682587546602,-0.00064733490182034378582737758441176,,,,,,,,
1.432,0.23864518167756527033548899991547,-0.96631036804848500494682386756081,-0.0006529653023848596445923387962672,,,,,,,,
1.433,0.23768082568251178208229190354327,-0.96240425160785427328748875977127,-0.00065891529250124844244869600010401,,,,,,,,
1.434,0.23672036792581950062074002960764,-0.95851388071754057586852058259529,-0.00066519025903968720464951817115605,,,,,,,,
1.435,0.23576379269372403328832039978768,-0.9546391918454963268162462089698,-0.0006717958441401151780530525116188,,,,,,,,
1.436,0.23481108433587376713357615731584,-0.95078012169807580582143437254676,-0.00067873795059056661331696615012266,,,,,,,,
1.437,0.23386222726509187034524492219074,-0.94693660721922687998553279081755,-0.00068602274746720662624597357468088,,,,,,,,
1.438,0.23291720595713910698349846735734,-0.9431085855896727226705354944631,-0.00069365667604209941709484575102762,,,,,,,,
1.439,0.23197600495047747488407020905342,-0.93929599422608379121085392684563,-0.0007016464559650563754773163120695,,,,,,,,
1.44,0.23103860884603467635181357310062,-0.93549877078024031018868664240711,-0.00070999909172623709094722641307629,,,,,,,,
1.441,0.23010500230696943102093232419787,-0.93171685313818549224461394130879,-0.00071872187940650945864920470907546,,,,,,,,
1.442,0.22917517005843764003434739005827,-0.92795017941936971407047489431387,-0.00072782241372291635717599591210738,,,,,,,,
1.443,0.22824909688735941048401915013704,-0.92419868797578585129079707867657,-0.00073730859537694623217249957515015,,,,,,,,
1.444,0.22732676764218694885715600169746,-0.92046231739109596236167855219679,-0.00074718863871366380391367807232194,,,,,,,,
1.445,0.22640816723267333204975578136733,-0.9167410064797494983823155676713,-0.00075747107970012549966907476689229,,,,,,,,
1.446,0.22549328062964216433851223559213,-0.91303469428609320280525356675531,-0.00076816478423188257237256862628725,,,,,,,,
1.447,0.22458209286475812854445887703411,-0.90934332008347285242847982038177,-0.00077927895677676369740448331649197,,,,,,,,
1.448,0.22367458903029843947652004130526,-0.90566682337332697873784790833696,-0.00079082314936552864249925714164196,,,,,,,,
1.449,0.22277075427892520761011411044724,-0.90200514388427269662477616562163,-0.00080280727093939589776258300795137,,,,,,,,
1.45,0.22187057382345872083484401378558,-0.89835822157118375571498703334739,-0.00081524159706487046252515190739479,,,,,,,,
1.451,0.220974032936651651995869018655,-0.89472599661426091799305834986104,-0.00082813678002673385610005549141573,,,,,,,,
1.452,0.22008111695096419985554919730617,-0.89110840941809475407903223785626,-0.00084150385931050740774751016632059,,,,,,,,
1.453,0.21919181125834017101517499429899,-0.88750540061072093939202073258515,-0.0008553542724861625597371327665319,,,,,,,,
1.454,0.21830610130998401026083924734572,-0.88391691104266812050683846224344,-0.00086969986650532887461476190611959,,,,,,,,
1.455,0.21742397261613878673259267706577,-0.88034288178599841125876514731838,-0.00088455290942474227842930124698319,,,,,,,,
1.456,0.21654541074586514326177532494871,-0.87678325413334056756455813861611,-0.0008999261025691834177734229753479,,,,,,,,
1.457,0.21567040132682121617767860769858,-0.87323796959691587949111764415239,-0.00091583259314767949998512947276457,,,,,,,,
1.458,0.21479893004504353285132200524919,-0.86970696990755680880340797429485,-0.00093228598733728328133378085141883,,,,,,,,
1.459,0.21393098264472889422099453365968,-0.86619019701371839004732143365129,-0.00094930036384930064543276026382513,,,,,,,,
1.46,0.21306654492801724953119658642944,-0.86268759308048240315839143230604,-0.00096689028799341417155086105996056,,,,,,,,
1.461,0.21220560275477557051361758194095,-0.8591991004885543156211409114612,-0.00098507082625574494885764138391619,,,,,,,,
1.462,0.21134814204238273224570660518866,-0.85572466183325298232416303333595,-0.00100385756140750938847050946966,,,,,,,,
1.463,0.21049414876551540793915646509339,-0.85226421992349308145077437644046,-0.0010232666081615626833841249824712,,,,,,,,
1.464,0.20964360895593498493715778306807,-0.84881771778076025500246816698831,-0.001043314629394776653021285112301,,,,,,,,
1.465,0.20879650870227550923553205349879,-0.84538509863807891286083003299982,-0.0010640188529548777942471981586466,,,,,,,,
1.466,0.20795283414983266588877574958345,-0.84196630593897264964163931566051,-0.0010853970890710722789614302415125,,,,,,,,
1.467,0.2071125715003538027176075078786,-0.83856128333641721397129991919832,-0.0011074677483885092500747399266893,,,,,,,,
1.468,0.20627570701182900479978442512718,-0.83516997469178596020940077090366,-0.0011302498606473829593701604308766,,,,,,,,
1.469,0.20544222699828322730072981685088,-0.83179232407378770304109534247051,-0.0011537630940282489761602533135356,,,,,,,,
1.47,0.20461211782956949428489264107268,-0.82842827575739688575821773332059,-0.0011780277751859308164605808081407,,,,,,,,
1.471,0.20378536593116317124274825227817,-0.82507777422277596342781632923175,-0.0012030649099952218690532644521089,,,,,,,,
1.472,0.20296195778395731917197205419451,-0.8217407641541898925003577219445,-0.0012288962050324444273583704713476,,,,,,,,
1.473,0.20214187992405913816460349473729,-0.81841719043891260872656678334919,-0.0012555440898178140049244172938739,,,,,,,,
1.474,0.20132511894258750857500986465229,-0.81510699816612536552110262068571,-0.0012830317398444739792880913728768,,,,,,,,
1.475,0.20051166148547163797621029926977,-0.81181013262580679512243466518846,-0.0013113831004210140676806614387815,,,,,,,,
1.476,0.19970149425325082225469359720449,-0.80852653930761454504080488428582,-0.0013406229113552673151820560981786,,,,,,,,
1.477,0.19889460400087532934633288883186,-0.80525616389975833234946967728115,-0.0013707767325081953317100585664283,,,,,,,,
1.478,0.19809097753750841427845031525136,-0.80199895228786424834792494678993,-0.001401870970247721643402614701088,,,,,,,,
1.479,0.19729060172632947435561081489571,-0.79875485055383013599892051352327,-0.001433932904833459456455170541285,,,,,,,,
1.48,0.19649346348433835350943158815169,-0.79552380497467185230311573981096,-0.0014669907187644041332518734569643,,,,,,,,
1.481,0.19569954978216080502569922407286,-0.79230576202136021741551326106904,-0.0015010735261228235543385649673265,,,,,,,,
1.482,0.19490884764385512206551696765339,-0.78910066835764844181556064041698,-0.0015362114029487826255288639328864,,,,,,,,
1.483,0.19412134414671994561119813243844,-0.78590847083888981220717757856673,-0.001572435418680982865424416525443,,,,,,,,
1.484,0.1933370264211032596923270721818,-0.7827291165108454060350007801433,-0.001609777668700885691846947874037,,,,,,,,
1.485,0.19255588165021258398298626914697,-0.77956255260848159354778244051523,-0.001648271308018420172465724748437,,,,,,,,
1.486,0.19177789706992637410776794530218,-0.77640872655475707520795154181679,-0.0016879505861389541115293074784141,,,,,,,,
1.487,0.191003059968606640252033373072,-0.77326758595939919092653311865398,-0.0017288508831526329477695310506825,,,,,,,,
1.488,0.1902313576869127949411463621506,-0.770139078617669226083452303604,-0.001771008747088665615805998233854,,,,,,,,
1.489,0.18946277761761674113429438393707,-0.76702315250911642756309580794697,-0.0018144619325786618935471923248348,,,,,,,,
1.49,0.18869730720541921207123834074611,-0.76391975579632043108205357620711,-0.0018592494408747034815086582956496,,,,,,,,
1.491,0.18793493394676737461512887350712,-0.76082883682362178889821505114281,-0.0019054115612694628387416410873321,,,,,,,,
1.492,0.18717564538967370815163421454193,-0.75775034411584027455563817562225,-0.0019529899139673713781385406581732,,,,,,,,
1.493,0.1864194291335361714342951357164,-0.75468422637698062862541381382426,-0.0020020274944575837870654642737602,,,,,,,,
1.494,0.18566627282895967010852226929273,-0.75163043248892539643644637945607,-0.0020525687194412898151180541733298,,,,,,,,
1.495,0.18491616417757883800225853327958,-0.74858891151011449553874470820843,-0.0021046594743677907283435853652609,,,,,,,,
1.496,0.18416909093188214564033616933641,-0.74555961267421113709228098779975,-0.0021583471626356866786496681603875,,,,,,,,
1.497,0.18342504089503734982226891781028,-0.74254248538875371151326365771149,-0.0022136807565175154289726561159836,,,,,,,,
1.498,0.18268400192071829849995364324178,-0.73953747923379323452301917871131,-0.0022707108498682441995396148114771,,,,,,,,
1.499,0.18194596191293310560284473532429,-0.73654454396051593521851085254673,-0.002329489712680146887479348663833,,,,,,,,
1.5,0.1812109088258537108839555354222,-0.7335636294898505529034344383418,-0.0023900713475488006280569364693366,,,,,,,,
1.5010000000000001,0.18047883066364684030089514554183,-0.73059468591105989417006816835297,-0.0024525115481172107141151155459744,,,,,,,,
1.502,0.17974971548030638290244246532686,-0.72763766348031618608950399128642,-0.0025168679595674234087077508848655,,,,,,,,
1.5030000000000001,0.17902355137948720066328367702442,-0.72469251261925974533605230790066,-0.0025832001412314143448550470563795,,,,,,,,
1.504,0.1783003265143403881979018548839,-0.72175918391354046662460100125727,-0.0026515696313955482066683484098356,,,,,,,,
1.5050000000000001,0.17758002908734999978963121018171,-0.71883762811134161696121200459624,-0.0027220400143754954563871193107371,,,,,,,,
1.506,0.17686264735017126169301351704877,-0.71592779612188540488051112329282,-0.0027946769899411662655312627245508,,,,,,,,
1.5070000000000001,0.17614816960347028820727728768011,-0.71302963901391977605127173721347,-0.0028695484451739828001732848336925,,,,,,,,
1.508,0.17543658419676532057647550107598,-0.71014310801418586835633948382989,-0.002946724528841660892607624566949,,,,,,,,
1.5090000000000001,0.17472787952826950834805727580248,-0.70726815450586554077652884325897,-0.0030262777283786132099919463738593,,,,,,,,
1.51,0.17402204404473525341692337242527,-0.70440473002700837111166553647951,-0.0031082829495631206187882560192881,,,,,,,,
1.5110000000000001,0.17331906624130013759685431727983,-0.7015527862689374977363374832453,-0.0031928175989855488589241398983819,,,,,,,,
1.512,0.17261893466133445519615224806703,-0.69871227507463366019338149114367,-0.0032799616694051161973206169826893,,,,,,,,
1.5130000000000001,0.17192163789629037272997234340428,-0.69588314843709677245432326425862,-0.0033697978280960467307794929483404,,,,,,,,
1.514,0.17122716458555273857872661177418,-0.69306535849768434110195272485541,-0.0034624115082873757399228912064372,,,,,,,,
1.5150000000000001,0.17053550341629156610073284222289,-0.69025885754442601849437687639196,-0.0035578910038042102201710793625816,,,,,,,,
1.516,0.16984664312331621442858752299335,-0.68746359801031355813001972928039,-0.003656327567021891659283945411188,,,,,,,,
1.5170000000000001,0.1691605724889312919232189429087,-0.68467953247156541592622857398099,-0.0037578155102482614758195178955708,,,,,,,,
1.518,0.1684772803427943080279041849102,-0.68190661364586521692679173733565,-0.0038624523106530944053901511596714,,,,,,,,
1.5190000000000001,0.1677967555617751000574139512694,-0.6791447943905732820414399380423,-0.0039703387188677435804915795034524,,,,,,,,
1.52,0.16711898706981706227560948592753,-0.67639402770091038376820030486916,-0.004081578871382135072590660366679,,,,,,,,
1.5210000000000001,0.16644396383780020545900912255583,-0.67365426670811287343142317610689,-0.0041962804068704611341765756042642,,,,,,,,
1.522,0.16577167488340607601484730909643,-0.67092546467755829525771699316499,-0.0043145545865812520642314649350721,,,,,,,,
1.5230000000000001,0.16510210927098456462077257217958,-0.66820757500686057458137150677122,-0.0044365164189319581648450831365275,,,,,,,,
1.524,0.16443525611142263528040698904127,-0.6655005512239338385917139049818,-0.0045622847884527471534723521845781,,,,,,,,
1.5250000000000001,0.16377110456201500664538139307111,-0.6628043469850238982779079654763,-0.0046919825892289199701273037812311,,,,,,,,
1.526,0.16310964382633681844106060093413,-0.66011891607270638956171296991705,-0.0048257368629961703061626397670073,,,,,,,,
1.5270000000000001,0.16245086315411831685090500844818,-0.6574442123938505400044308327757,-0.0049636789420478613002759566018156,,,,,,,,
1.528,0.16179475184112159376423429211007,-0.65478018997754749489843885573289,-0.0051059445971185673749988974352902,,,,,,,,
1.5290000000000001,0.16114129922901941587505377542337,-0.65212680297300210297303525380325,-0.0052526741904133305291548103544266,,,,,,,,
1.53,0.16049049470527618073659621267527,-0.64948400564738702732443191534982,-0.0054040128339574086622322839868154,,,,,,,,
1.5310000000000001,0.15984232770303103802837818913347,-0.64685175238365801148510445492971,-0.0055601105534467484525361458325994,,,,,,,,
1.532,0.15919678770098321548096400664402,-0.64422999767832909374167738289224,-0.0057211224577849963362990345968642,,,,,,,,
1.5330000000000001,0.15855386422327959012940106516103,-0.64161869613920652485519713589983,-0.0058872089144985672204411114024813,,,,,,,,
1.534,0.15791354683940454683060811922028,-0.63901780248308010519389035449485,-0.0060585357312271202317378205439603,,,,,,,,
1.5350000000000001,0.15727582516407216728406992150812,-0.63642727153337061691588429762908,-0.0062352743434927420810998957864255,,,,,,,,
1.536,0.15664068885712079414026830410367,-0.63384705821773198519610181677368,-0.0064176020089572089712077391981265,,,,,,,,
1.537,0.15600812762341001616865280312974,-0.63127711756560675953446392336591,-0.0066057020083828842585144766441498,,,,,,,,
1.538,0.15537813121272012188795950357242,-0.62871740470573346186702580326893,-0.0067997638535191074893445177265725,,,,,,,,
1.539,0.1547506894196540705377062222776,-0.62616787486360430248163085217667,-0.0069999835021423364267684944427074,,,,,,,,
1.54,0.15412579208354203079215368813032,-0.62362848335887171756743887847173,-0.0072065635804848119335968543466772,,,,,,,,
1.541,0.15350342908834853918840269800881,-0.62109918560270213355401411013386,-0.0074197136132931198681031553069076,,,,,,,,
1.542,0.15288359036258233186012308369714,-0.61857993709507531316963216711758,-0.0076396502617647173218937738895589,,,,,,,,
1.543,0.15226626587920890483926024483096,-0.61607069342202758631745084453578,-0.0078665975696172643851910829502187,,,,,,,,
1.544,0.15165144565556585991157102867808,-0.61357141025283721537777642564648,-0.0081007872175524478358454660220592,,,,,,,,
1.545,0.1510391197532810947896902384334,-0.61108204333715008933859201253455,-0.0083424587863828891586046542418282,,,,,,,,
1.546,0.15042927827819389820136659868013,-0.60860254850204388417663596761813,-0.0085918600290976842201280786678378,,,,,,,,
1.547,0.14982191138027901238233631374856,-0.60613288164902876809749045044178,-0.0088492471521491124140632455559755,,,,,,,,
1.548,0.14921700925357372741488828930415,-0.60367299875098266953318007294924,-0.0091148851062500642394461233970603,,,,,,,,
1.549,0.14861456213610807386644575209842,-0.6012228558490190631253886024964,-0.0093890478869787514727435208565489,,,,,,,,
1.55,0.14801456030983818225943789042988,-0.59878240904928516422508389706459,-0.0096720188454942648839245480091323,,,,,,,,
1.551,0.14741699410058288004642336392055,-0.59635161451968835564633337293725,-0.0099640910096735103808823976871052,,,,,,,,
1.552,0.1468218538779635989749861445311,-0.59393042848654860145227836066412,-0.010265567415986962939429110258786,,,,,,,,
1.553,0.1462291300553476680075565263562,-0.59151880723117453135106505788511,-0.010576761452437503754209633807494,,,,,,,,
1.554,0.14563881308979506931429445850759,-0.58911670708636080576293085527665,-0.010897997212893322281411630229861,,,,,,,,
1.555,0.1450508934820087372848641612666,-0.58672408443280429570793582174778,-0.011229609863152441077126747678054,,,,,,,,
1.556,0.14446536177628848300976385386725,-0.58434089569543653327562573208833,-0.011571946019082824481862857412871,,,,,,,,
1.557,0.14388220856048862926637070131338,-0.58196709733966980748903262311593,-0.011925364137188226028273535065877,,,,,,,,
1.558,0.14330142446597944371162274890893,-0.57960264586755419677878165297538,-0.012290234917955874330577624622477,,,,,,,,
1.559,0.14272300016761246073497919906153,-0.57724749781384274294859945470399,-0.012666941722347749876422876657463,,,,,,,,
1.56,0.14214692638368978526476206126771,-0.57490160974196188234802381392476,-0.013055881001802518387668528742476,,,,,,,,
1.561,0.14157319387593747475106492281064,-0.57256493823988415787519626065486,-0.013457462742120108832228341238271,,,,,,,,
1.562,0.14100179344948309857209535057558,-0.57023743991590014031254753324703,-0.013872110921605399813615069284667,,,,,,,,
1.563,0.14043271595283757723117469359591,-0.56791907139428638924778319956832,-0.014300263983851446137899055629973,,,,,,,,
1.564,0.13986595227788140693183621339084,-0.56560978931086618234509635339528,-0.014742375325546071847482344683911,,,,,,,,
1.565,0.13930149335985537844183151029434,-0.5633095503084596368965344245734,-0.015198913799688405319141155385503,,,,,,,,
1.566,0.13873933017735590258678046788916,-0.56101831103221973928666016505227,-0.01567036423460395856790488737039,,,,,,,,
1.567,0.13817945375233505825420197004471,-0.55873602812485068612684425003337,-0.016157227969148072690184125238456,,,,,,,,
1.568,0.1376218551501054824423822887569,-0.55646265822170482523637919560513,-0.016660023404487873577429249014162,,,,,,,,
1.569,0.13706652547935022565974056893683,-0.55419815794575436523953617795545,-0.017179286572852208466638362703999,,,,,,,,
1.57,0.13651345589213769987293028186135,-0.55194248390243389917972681841496,-0.01771557172363725856886244702913,,,,,,,,
1.571,0.13596263758394185021989914892592,-0.54969559267434966008855904872948,-0.018269451927252531575565201122987,,,,,,,,
1.572,0.13541406179366768585168298261747,-0.54745744081585129474855608406157,-0.018841519697087607011072096718848,,,,,,,,
1.573,0.13486771980368230954813894186295,-0.54522798484746180580852859352098,-0.019432387629974204394316746589339,,,,,,,,
1.574,0.13432360293985159017258626592045,-0.54300718125016117179989049770398,-0.020042689065510726080411193674804,,,,,,,,
1.575,0.13378170257158262659302580752278,-0.54079498645951900930519822788277,-0.020673078764607239771744415157218,,,,,,,,
1.576,0.13324201011187215640801988577969,-0.53859135685967149138606878302305,-0.021324233607597744844031176990672,,,,,,,,
1.577,0.13270451701736106767836096472451,-0.5363962487771375812199869281068,-0.021996853312253334451917502707199,,,,,,,,
1.578,0.13216921478839517688644056711177,-0.53420961847446947955213864836763,-0.022691661172014331532737573940888,,,,,,,,
1.579,0.13163609496909244152902298110255,-0.53203142214373201886109319522006,-0.023409404814741437238315370041293,,,,,,,,
1.58,0.13110514914741678110138733972594,-0.52986161589980556588146930223262,-0.024150856982265166338086240708695,,,,,,,,
1.581,0.13057636895525868575716980928532,-0.52770015577350681713179596558702,-0.024916816330989121654681817441534,,,,,,,,
1.582,0.13004974606852279763455235151405,-0.52554699770452168916408559436859,-0.025708108253775728175328752609407,,,,,,,,
1.583,0.12952527220722265573174422117803,-0.52340209753414431617875146039297,-0.026525585723312639411070441691632,,,,,,,,
1.584,0.12900293913558280129923339690919,-0.52126541099781597222285693848483,-0.027370130157123857885900767136098,,,,,,,,
1.585,0.12848273866214844699950912843052,-0.51913689371745753319232547340311,-0.028242652304351373114950396384593,,,,,,,,
1.586,0.12796466263990291957355808657269,-0.51701650119358888506306216494719,-0.029144093154390488577504468998391,,,,,,,,
1.587,0.1274487029663930924543301339428,-0.5149041887972284689474166411252,-0.030075424867414637164138076623277,,,,,,,,
1.588,0.12693485158386303168770900232742,-0.51279991176156593046833276075749,-0.031037651726773003101105785681223,,,,,,,,
1.589,0.12642310047939608566870861348456,-0.51070362517340061031268061267445,-0.032031811113186284608044850920479,,,,,,,,
1.59,0.1259134416850656565823034265752,-0.50861528396433837440766680156283,-0.03305897450060202803198329117525,,,,,,,,
1.591,0.1254058672780948990624115530482,-0.50653484290173903569079898793962,-0.034120248473500697610820962534,,,,,,,,
1.592,0.12490036938102559945727671021532,-0.50446225657940636463616350621065,-0.035216775765366545077913524353704,,,,,,,,
1.593,0.12439694016189649722331696566784,-0.50239747940801242226955005325487,-0.036349736317952911639278009562572,,,,,,,,
1.594,0.12389557183443131837119545237631,-0.50034046560524767705394065316963,-0.037520348360879303799268701954018,,,,,,,,
1.595,0.12339625665823679956649507203443,-0.49829116918568808544636218843655,-0.038729869510996876073515625105367,,,,,,,,
1.596,0.12289898693901099045233398762602,-0.49624954395037002479758560692998,-0.039979597890849238347319721058931,,,,,,,,
1.597,0.12240375502876213102225481795124,-0.49421554347606366625698009458631,-0.041270873265436161552169915641439,,,,,,,,
1.598,0.12191055332603841043880767266596,-0.49218912110423506411378557678817,-0.042605078196358126999085751730618,,,,,,,,
1.599,0.12141937427616892357682344547529,-0.49017022992968691619898849050307,-0.043983639212279062294100482914412,,,,,,,,
1.6,0.12093021037151615178119736605189,-0.4881588227888676172223443733482,-0.045408027994492305242002056990721,,,,,,,,
1.601,0.12044305415174030487820483885677,-0.48615485224783788284756295077344,-0.046879762576210075609807804003381,,,,,,,,
1.602,0.11995789820407587237846911426315,-0.48415827058988386652269749387944,-0.04840040855401871573613124603134,,,,,,,,
1.603,0.11947473516362074307060975643685,-0.48216902980276532317610799159476,-0.049971580309749850607625726234917,,,,,,,,
1.604,0.11899355771363826383965190002275,-0.48018708156558699344058056245136,-0.051594942240810545094538489794952,,,,,,,,
1.605,0.11851435858587262056622633152859,-0.47821237723528098864421567783951,-0.053272209996792592584574085486603,,,,,,,,
1.606,0.11803713056087793638463950141484,-0.47624486783268754995632325879387,-0.055005151719941310806310641989255,,,,,,,,
1.607,0.11756186646836149541369869387776,-0.47428450402822113433388849225323,-0.056795589286806666897206422841101,,,,,,,,
1.608,0.11708855918754151333787273188782,-0.47233123612710834479709437205219,-0.058645399548123189698967301761465,,,,,,,,
1.609,0.11661720164751988992257519195339,-0.47038501405418377257203984737436,-0.060556515563668904550916222427244,,,,,,,,
1.61,0.11614778682767039271120504654403,-0.46844578733822935325897821492957,-0.062530927828536364931226994197093,,,,,,,,
1.611,0.11568030775804273578872395073026,-0.46651350509584235788100052462089,-0.064570685486909647882790248310078,,,,,,,,
1.612,0.11521475751978303262318838293249,-0.46458811601481664188845718971575,-0.06667789752907879243911448066188,,,,,,,,
1.613,0.11475112924557111762954904715418,-0.46266956833702126036674814766768,-0.068854733967036436783305147372798,,,,,,,,
1.614,0.11428941612007524725652149946955,-0.46075780984076002522781955222948,-0.071103426983589178236659329887497,,,,,,,,
1.615,0.11382961138042470809536480250001,-0.45885278782259502944672107524858,-0.07342627204947725664221273542828,,,,,,,,
1.616,0.11337170831670087676754564440963,-0.45695444907861659380069135162267,-0.075825629002529357788656548831262,,,,,,,,
1.617,0.11291570027244729418572436881747,-0.45506273988514150242438368104133,-0.078303923082383463671656490805063,,,,,,,,
1.618,0.11246158064519933521915363010737,-0.45317760597882078413337126744378,-0.080863645913778566971004708117944,,,,,,,,
1.619,0.11200934288703407385099604683504,-0.45129899253613766618800143941106,-0.083507356430864566700662002802139,,,,,,,,
1.62,0.11155898050514096361252337155004,-0.44942684415227567524592007132909,-0.08623768173438765316120425176947,,,,,,,,
1.621,0.11111048706241397343967288744506,-0.44756110481933618593418452340679,-0.089057317872984903196111595577217,,,,,,,,
1.622,0.11066385617806584014378630265256,-0.44570171790388401998513873190147,-0.091969030539163634240314731219121,,,,,,,,
1.623,0.11021908152826512044411055472297,-0.44384862612379897742190063745078,-0.094975655669847380769956759393479,,,,,,,,
1.624,0.10977615684679674799918274415576,-0.44200177152441043501976055115227,-0.098080099940640332103681891497947,,,,,,,,
1.625,0.10933507592574682412278069405853,-0.44016109545389137535106114289504,-0.10128534114219500005255636654316,,,,,,,,
1.6260000000000001,0.10889583261621239490379666627701,-0.43832653853788741125606801499522,-0.1045944284262632084402190717297,,,,,,,,
1.627,0.10845842082903699229518698651907,-0.43649804065335554465364262299358,-0.10801048240816782673530497026684,,,,,,,,
1.6280000000000001,0.10802283453557274242299994848255,-0.43467554090158654426479123493769,-0.11153669511155182275842085805697,,,,,,,,
1.629,0.1075890677684698709212879525396,-0.43285897758038394308889123522903,-0.11517632974034223687434338000462,,,,,,,,
1.6300000000000001,0.10715711462249446255236391785429,-0.43104828815537174233299857437655,-0.11893272026190990766900771074738,,,,,,,,
1.631,0.10672696925537536075529368706397,-0.42924340923040196290139501370984,-0.12280927078441184583825182211398,,,,,,,,
1.6320000000000001,0.10629862588868112211071774777297,-0.42744427651703220742252729969219,-0.126809454710273055727860481007,,,,,,,,
1.633,0.10587207880872797105016041317524,-0.42565082480304238400453308563036,-0.13093681364669974569500163493218,,,,,,,,
1.6340000000000001,0.10544732236751973150714371178579,-0.42386298791995869631206561199498,-0.13519495605301811104278221617534,,,,,,,,
1.635,0.10502435098372074464108344907716,-0.42208069870955192195102659372454,-0.13958755560350459442341425821986,,,,,,,,
1.6360000000000001,0.10460315914366281529972787323921,-0.42030388898927588129932171213132,-0.1441183492432176836060299355535,,,,,,,,
1.637,0.10418374140238726455968185866765,-0.41853248951661084055523128572998,-0.14879113491316149471018083056757,,,,,,,,
1.6380000000000001,0.10376609238472320153651483640673,-0.41676642995227539457273742719591,-0.15360976891991192514761690727654,,,,,,,,
1.639,0.10335020678640316472659142128944,-0.41500563882226913565416721636347,-0.15857816292362215095474475430016,,,,,,,,
1.6400000000000001,0.10293607937521732147398555278524,-0.41325004347870713246924718377905,-0.16370028051710166708025929219757,,,,,,,,
1.641,0.10252370499220745379096607979531,-0.41149957005940591721474074713258,-0.16898013336743886442802801727341,,,,,,,,
1.6420000000000001,0.10211307855290199974437300612846,-0.40975414344617930752176041888086,-0.17442177689041929138021480437091,,,,,,,,
1.643,0.10170419504859346199906060389406,-0.40801368722180097091167976639731,-0.18002930542678939197223195855323,,,,,,,,
1.6440000000000001,0.10129704954765953893135952961195,-0.40627812362558917219961886767352,-0.1858068468882390233002346087369,,,,,,,,
1.645,0.10089163719692937903972031759103,-0.40454737350756762649892832861465,-0.19175855683983715280530720644513,,,,,,,,
1.6460000000000001,0.10048795322309640623753449074768,-0.40282135628115481069065812921292,-0.19788861198456699524665144208288,,,,,,,,
1.647,0.10008599293417921206750343986274,-0.4010999898743324626345194053913,-0.20420120301458420218706520286204,,,,,,,,
1.6480000000000001,0.099685751721032060982537252860902,-0.39938319067924231820293636462865,-0.21070052679288096419715982003609,,,,,,,,
1.649,0.099287225058906606651551497246941,-0.39767087350015839955140858925184,-0.21739077782819820426282709256838,,,,,,,,
1.6500000000000001,0.098890408509066470828120179333386,-0.39596295149978037197248670973234,-0.22427613900530748893718499165144,,,,,,,,
1.651,0.09849529772045639172612201070974,-0.39425933614379162923368822619219,-0.23136077153220590557235090770945,,,,,,,,
1.6520000000000001,0.098101888431427706141682817852139,-0.39255993714362384642728018560794,-0.23864880406535507545627977660674,,,,,,,,
1.653,0.097710176471521988809342917459837,-0.39086466239736775295542338626029,-0.24614432097387599047573520216165,,,,,,,,
1.6540000000000001,0.097320157763314733749076338732965,-0.38917341792876782416747016354413,-0.25385134970361301980833068321251,,,,,,,,
1.655,0.096931828324321025718373321625293,-0.38748610782423646612199236545402,-0.26177384720223408917803907561058,,,,,,,,
1.6560000000000001,0.096545184268965215401151283198545,-0.38580263416782107166278834883618,-0.26991568536707290073693685626971,,,,,,,,
1.657,0.096160221810616679716200481261417,-0.38412289697405505510639259991265,-0.27828063547827872800615651711815,,,,,,,,
1.6580000000000001,0.095776937263693818688020643676177,-0.38244679411862162490022142851841,-0.28687235158105775363026435552969,,,,,,,,
1.659,0.095395327045838512770558885659226,-0.38077422126675662611692512173605,-0.29569435278240742249852262295583,,,,,,,,
1.6600000000000001,0.095015387680163339430356453741268,-0.37910507179931427502182056402337,-0.30475000442980442786702315893575,,,,,,,,
1.661,0.09463711579757392526340753246064,-0.37743923673641701353387849811219,-0.31404249814185244842124848176765,,,,,,,,
1.6620000000000001,0.094260508139168890025772180235113,-0.37577660465860802947036287960556,-0.32357483066397430199558277572778,,,,,,,,
1.663,0.093885561558719921790575629067217,-0.37411706162542221621986962238405,-0.33334978152589321973135716099318,,,,,,,,
1.6640000000000001,0.093512273025234608095214644835834,-0.37246049109128848005153361291575,-0.34336988948193937393142054063495,,,,,,,,
1.665,0.093140639625604736507040194272388,-0.37080677381867334168641443414704,-0.35363742772019160736961368483306,,,,,,,,
1.666,0.092770658567342869611147803150329,-0.36915578778837271800015492423074,-0.36415437783217214974603715996357,,,,,,,,
1.667,0.092402327181410094110905467838552,-0.36750740810685560668572290197887,-0.37492240254130571346234999909895,,,,,,,,
1.668,0.092035642925137941634353874893083,-0.36586150691056012819488698648027,-0.38594281719568495071431319445902,,,,,,,,
1.669,0.091670603385247580064720859933288,-0.36421795326703900203192442699233,-0.39721656003890176708602071036939,,,,,,,,
1.67,0.091307206280969478871401854225116,-0.3625766130728480451490465549449,-0.40874416128185622871632380733924,,,,,,,,
1.671,0.090945449467266860122654106100979,-0.36093734894806767536759773567178,-0.42052571100858645842007605470406,,,,,,,,
1.672,0.090585330938166358730180106299365,-0.35930002012734367892125545690025,-0.43256082596031444849701156768357,,,,,,,,
1.673,0.090226848830199431129520264286436,-0.35766448234732965480833518075199,-0.44484861525410910440140602932057,,,,,,,,
1.674,0.089870001425958171163139395087653,-0.35603058773040957599383921245839,-0.45738764510585719039626313237164,,,,,,,,
1.675,0.089514787157769315533373090839653,-0.35439818466457480488595003689007,-0.47017590264162490228537770914159,,,,,,,,
1.676,0.089161204611490348961865294367654,-0.35276711767932566411940774899032,-0.48321075889699721445346895467479,,,,,,,,
1.677,0.088809252530431751266487589481614,-0.35113722731746328962979268608171,-0.49648893112059675412820694688985,,,,,,,,
1.678,0.088458929819409565085609566896329,-0.34950835000263297734744331827909,-0.5100064445156927772378421564339,,,,,,,,
1.679,0.088110235548932604086598926080487,-0.34788031790247557355851085411859,-0.52375859357258206459842606143545,,,,,,,,
1.68,0.087763168959528767338232555909115,-0.34625295878723864798905930471966,-0.53773990316420746739515926151034,,,,,,,,
1.681,0.087417729466215076257074198051903,-0.3446260958836942238198656735227,-0.55194408959820647293738815315274,,,,,,,,
1.682,0.087073916663116206311774505942082,-0.34299954772420471593053064889846,-0.56636402184015916724869493961213,,,,,,,,
1.683,0.086731730328236446646860575397261,-0.34137312799077344344435200830591,-0.58099168314511527336596202534842,,,,,,,,
1.684,0.086391170428390187133371291405629,-0.33974664535391063079491022966369,-0.59581813335737955035186436520367,,,,,,,,
1.685,0.086052237124296204236455774863776,-0.33811990330614018871432711044482,-0.61083347216185069118345078239744,,,,,,,,
1.686,0.085714930775841194682943797777661,-0.33649269998996676836939769532434,-0.62602680359373685023480237950222,,,,,,,,
1.687,0.08537925194751818939247496458912,-0.33486482802011660393543625585214,-0.64138620213697413838545409767402,,,,,,,,
1.688,0.085045201414045669686013518760378,-0.33323607429985949676986067449006,-0.65689868076488163754545346621083,,,,,,,,
1.689,0.084712780166173403591888072291881,-0.33160621983121294358987363353312,-0.67255016129919113462085092083426,,,,,,,,
1.69,0.084381989416681222322729419016399,-0.32997503951882286723371845035581,-0.68832544748524932375063073759082,,,,,,,,
1.691,0.084052830606577165892115943821927,-0.32834230196730866726827302139289,-0.7042082012015261645375078357242,,,,,,,,
1.692,0.083725305411501642577068936850728,-0.32670776927185336449829237455886,-0.72018092224016160213257059940487,,,,,,,,
1.693,0.083399415748344469715843457533795,-0.32507119680181246397554939172042,-0.73622493211169631914582494144964,,,,,,,,
1.694,0.083075163782081893368140696954194,-0.3234323329771078010964027708565,-0.75232036234088153506419764667166,,,,,,,,
1.695,0.082752551932840921869599460999964,-0.32179091903716506058406850300317,-0.76844614773104101506766341257098,,,,,,,,
1.696,0.082431582883198553501067253000724,-0.32014668880214586443945713000961,-0.78458002508133484032696041315494,,,,,,,,
1.697,0.082112259585723731586648157613902,-0.31849936842621730828738205879757,-0.80069853784390085611431432874825,,,,,,,,
1.698,0.081794585270770121557776456088083,-0.31684867614259358205479500215759,-0.81677704720566713055172893832402,,,,,,,,
1.699,0.081478563454528074102282870139366,-0.31519432200007583686706780205762,-0.83278975007207607136010977739382,,,,,,,,
1.7,0.081164197947344416689951349734815,-0.31353600759080775189819568471454,-0.84870970441648448358684003673026,,,,,,,,
1.701,0.08085149286231900276518771895346,-0.31187342576895530934029934745902,-0.86450886243906900767739751976038,,,,,,,,
1.702,0.080540452624187243962114946119594,-0.31020626036001009959674230984957,-0.88015811195216958089334653151019,,,,,,,,
1.703,0.080231081978498156069581271450025,-0.30853418586040604946730947142807,-0.89562732637468648570807665365105,,,,,,,,
1.704,0.079923386001097764397750257268301,-0.30685686712712979102333712927774,-0.91088542367601094691431356190016,,,,,,,,
1.705,0.079617370107928038920949817131144,-0.30517395905699496597165354021316,-0.92590043455969285257086786884504,,,,,,,,
1.706,0.079313040065151864341996257928379,-0.30348510625524058789624431378034,-0.94063958011840229085149180523282,,,,,,,,
1.707,0.079010401999614895291441629281955,-0.30178994269310316162369097979202,-0.9550693591246039972683117779881,,,,,,,,
1.708,0.078709462409655502492250320574115,-0.30008809135400158437423428560208,-0.96915564504574170242160272851209,,,,,,,,
1.709,0.078410228176274382137853792224626,-0.29837916386796292719752489333243,-0.98286379278877186916226271850237,,,,,,,,
1.71,0.078112706574675778200746432295303,-0.29666276013390601794687816867369,-0.99615875508690093664330158730084,,,,,,,,
1.711,0.077816905286192656160315990775239,-0.29493846792938831991495649194401,-1.0090052083418468865423622122301,,,,,,,,
1.712,0.077522832410608566961416858044241,-0.29320586250740992520741043798641,-1.0213676876285289400827790499529,,,,,,,,
1.713,0.077230496478889352135872358656606,-0.29146450617985656179103203038626,-1.0332107304566461185292226902266,,,,,,,,
1.714,0.076939906466338265180929177992013,-0.28971394788715135167767326005771,-1.0444990287661930240047505605219,,,,,,,,
1.715,0.076651071806188520730714820986974,-0.28795372275367265968034916656331,-1.0551975885128371186317973842287,,,,,,,,
1.716,0.076364002403647732012659232295233,-0.28618335162848274351509569010501,-1.0652718960757014797690234376764,,,,,,,,
1.717,0.076078708650409158777807875012342,-0.28440234061089906386425455022748,-1.0746880905961057306061263133601,,,,,,,,
1.718,0.075795201439645162551343411380742,-0.2826101805604270458520549570718,-1.0834131412330368322539056442425,,,,,,,,
1.719,0.075513492181498753877603064304572,-0.28080634659055981116725317911131,-1.0914150282015281820430506528917,,,,,,,,
1.72,0.075233592819089617431841480244562,-0.27899029754593693435461094259777,-1.0986629263458278553176147918608,,,,,,,,
1.721,0.074955515845051515625944940147517,-0.27716147546234063088149758248507,-1.1051273898924409816407483233063,,,,,,,,
1.722,0.074679274318618499820025576131542,-0.27531930500899397365357268047204,-1.1107805369311034627763494379024,,,,,,,,
1.723,0.074404881883277900622888788999643,-0.27346319291261177594374962883374,-1.1155962320867673144665395127285,,,,,,,,
1.724,0.07413235278500862516000995532481,-0.27159252736264069167864687284291,-1.1195502657750025083753977229518,,,,,,,,
1.725,0.073861701891123859725456124200462,-0.26970667739711089057794834678846,-1.1226205283790121455660125432993,,,,,,,,
1.726,0.073592944709737861008551882580893,-0.26780499226850739025985136495491,-1.1247871776507425104936047211626,,,,,,,,
1.727,0.073326097409877118165532363916586,-0.26588680078905479743289546619883,-1.1260327976231748006677019217919,,,,,,,,
1.728,0.073061176842256781430635824851618,-0.26395141065479485606963196140271,-1.1263425473273840099190695446517,,,,,,,,
1.729,0.072798200560743880737740978801133,-0.26199810774782185567944245017554,-1.1257042976376050834386362505352,,,,,,,,
1.73,0.072537186844529499924991495229634,-0.26002615541602665470555641537785,-1.1241087546212571892207517668338,,,,,,,,
1.731,0.072278154721032728453978210959538,-0.25803479372968586374290865900816,-1.1215495678491349071279839875342,,,,,,,,
1.732,0.072021123989559883081954939671609,-0.25602323871421865592228595935464,-1.1180234222238231763051215378453,,,,,,,,
1.733,0.071766115245743176422820576304483,-0.2539906815584197770972114821907,-1.1135301120113952933604281223674,,,,,,,,
1.734,0.071513149906783707610752500754869,-0.25193628779746367085654080544726,-1.1080725959116763854562862705228,,,,,,,,
1.735,0.071262250237524362072972155520844,-0.24985919646996127246790391091799,-1.1016570321743593335687893245556,,,,,,,,
1.736,0.071013439377378932396379793244415,-0.247758519248338026762976153306,-1.0942927929601069626632950806706,,,,,,,,
1.737,0.070766741368144510039868635539804,-0.24563333954178911876616141038079,-1.0859924573550439069715702036717,,,,,,,,
1.738,0.070522181182724947728970177584936,-0.24348271157105584996781530480643,-1.0767717826708674296392654965542,,,,,,,,
1.739,0.070279784754793954220248419733926,-0.24130565941425563179529410279653,-1.0666496538979224785340783986906,,,,,,,,
1.74,0.070039579009427156099853875764048,-0.23910117602298729258678755380656,-1.0556480114213868337386773658687,,,,,,,,
1.741,0.06980159189473324464875994749342,-0.2368682222079234045865755971585,-1.0437917573573243959161378880279,,,,,,,,
1.742,0.069565852414515118727831367244595,-0.23460572559309224087627054649152,-1.0311086411117301739717429805259,,,,,,,,
1.743,0.069332390661992736158276983416095,-0.23231257953804388538583844073878,-1.0176291250076555812821800700398,,,,,,,,
1.744,0.069101237854620195125109962312372,-0.22998764202708806837785216177352,-1.003386231058913190304223881964,,,,,,,,
1.745,0.068872426370030382509650493634971,-0.22762973452478562143009739373111,-0.98841537018965947969007439257366,,,,,,,,
1.746,0.068645989783141346416804629437375,-0.22523764079687118716406998390846,-0.9727541554034802813473431770129,,,,,,,,
1.747,0.0684219629044593740058574379216,-0.22281010569578213854391382764728,-0.95644220058988276837862005349137,,,,,,,,
1.748,0.068200381819614581396998759747919,-0.220345833909967731565004506372,-0.93952090681713140930359258059532,,,,,,,,
1.749,0.067981283930165648069388506680187,-0.21784348867615351770699350971543,-0.92203323809540790324768777416111,,,,,,,,
1.75,0.067764707995711151758875662674623,-0.21530169045373917668489620754239,-0.90402348870110020353535151433196,,,,,,,,
1.7510000000000001,0.067550694177345779167773926252724,-0.21271901556051340859155991651605,-0.88553704422997768660707767775435,,,,,,,,
1.752,0.067339284082500500358083271964781,-0.21009399476887757593412956835921,-0.86662013859303985280062972457513,,,,,,,,
1.7530000000000001,0.067130520811206597819285348491091,-0.20742511186178065535872515629707,-0.8473196091835130014128495607861,,,,,,,,
1.754,0.06692444900382423193465811322564,-0.20471080214758200862023400851976,-0.82768265242702078809226747406021,,,,,,,,
1.7550000000000001,0.0667211148902769996964921886069,-0.2019494509330757937420989693397,-0.80775658188019297878599162066171,,,,,,,,
1.756,0.066520566340834699530317596328577,-0.19913939195393181109008667495322,-0.78758859096730867201360221320191,,,,,,,,
1.7570000000000001,0.066322852918487248159913410249833,-0.1962789057618325367134074069266,-0.76722552234194069968322688297246,,,,,,,,
1.758,0.066128025932953401424853982531397,-0.19336621806761538005405416930286,-0.74671364573340110388929430040305,,,,,,,,
1.7590000000000001,0.065936138496368605342374673208207,-0.19039949803976318121396295321624,-0.72609844598891711460575928595704,,,,,,,,
1.76,0.06574724558069694159895926621096,-0.18737685655762502475294699280902,-0.70542442285505728200705318109254,,,,,,,,
1.7610000000000001,0.06556140407691272777488506411012,-0.18429634441879400815149776648915,-0.6847349038593890827073216671917,,,,,,,,
1.762,0.065378672855997881228779246257643,-0.18115595050011910584407703199283,-0.66407187145925208197868557025664,,,,,,,,
1.7630000000000001,0.065199112831801650524789746888336,-0.17795359987188518412678936887827,-0.64347580542251544201750365889234,,,,,,,,
1.764,0.065022787025809752913578441961543,-0.17468715186475904731095571304808,-0.62298554119888186804727501791349,,,,,,,,
1.7650000000000001,0.064849760633870323507252943543721,-0.17135439808917066054324823574519,-0.60263814483323380967357160498746,,,,,,,,
1.766,0.064680101094924373699853170131253,-0.1679530604068779605604012698336,-0.58246880476805516433749578658529,,,,,,,,
1.7670000000000001,0.064513878161788664784310910654069,-0.16448078885455152582998222823687,-0.56251074068323250471577620256474,,,,,,,,
1.768,0.064351163974039018698721698894323,-0.16093515951931245949378208914381,-0.54279512933138488728262979826383,,,,,,,,
1.7690000000000001,0.064192033133042101849248291138457,-0.15731367236626380477276105758682,-0.52335104714779862311121153657728,,,,,,,,
1.77,0.064036562779183619773479230979348,-0.1536137490181733616414232912624,-0.5042054292481954181360607123365,,,,,,,,
1.7710000000000001,0.06388483267134063907894128378392,-0.14983273048759464140437760132867,-0.48538304427669461308721030328416,,,,,,,,
1.772,0.063736925268645396914335461791444,-0.14596787486185365612803485891817,-0.46690648443180167595133880163306,,,,,,,,
1.7730000000000001,0.063592925814587454710378911977871,-0.14201635494148310535601174344058,-0.44879616988102826485135744613933,,,,,,,,
1.774,0.063452922423500388734979476331601,-0.13797525583285314531521154614138,-0.43107036667540089262467447764828,,,,,,,,
1.7750000000000001,0.063317006169478370943841252130573,-0.13384157249593019800937877258853,-0.41374521719385533260716677856853,,,,,,,,
1.776,0.063185271177766964560282965383945,-0.12961220724829311153824538328443,-0.39683478208421142627719412889785,,,,,,,,
1.7770000000000001,0.063057814718671223722353018641011,-0.12528396722675039127595287990194,-0.38035109262163806151431730192769,,,,,,,,
1.778,0.062934737304022728333909705785421,-0.12085356180813419681123436030021,-0.36430421237653851164239266340599,,,,,,,,
1.7790000000000001,0.062816142786245485859462567533295,-0.11631759999109739386205058713756,-0.3487023070706667197077624032979,,,,,,,,
1.78,0.062702138460058672049083410404475,-0.11167258774101025431138554735881,-0.33355172150188807149692609678103,,,,,,,,
1.7810000000000001,0.062592835166851942199143420116924,-0.10691492530034453881041366217956,-0.31885706243303560121769318295274,,,,,,,,
1.782,0.062488347401766502130988985601902,-0.10204090446724583812938014322588,-0.30462128636738614923444221398763,,,,,,,,
1.7830000000000001,0.062388793423512261007139500701386,-0.097046705845331387630714708682257,-0.29084579117092114611306340812754,,,,,,,,
1.784,0.062294295366948172596094453157329,-0.09192839606811132989656434281168,-0.2775305105482387501802481849179,,,,,,,,
1.7850000000000001,0.062204979358449282595798021705566,-0.086681925001817835986352144473161,-0.26467401043324128589185669222765,,,,,,,,
1.786,0.062120975634080010821979655683709,-0.081303122930839880250350000766647,-0.25227358641605489955892022439497,,,,,,,,
1.7870000000000001,0.062042418660588780867710507161175,-0.075787697730403087935980320596741,-0.24032536139262035009777027780207,,,,,,,,
1.788,0.061969447259234237354708071598045,-0.070131232031605240273994237456771,-0.22882438269167213221260327447877,,,,,,,,
1.7890000000000001,0.061902204732447931931788893443227,-0.06432918038442003278225817317048,-0.21776471800413602418079789950673,,,,,,,,
1.79,0.061840838993332482235413471212641,-0.058376866424815838427762274795721,-0.20713954951116518000265596942657,,,,,,,,
1.7910000000000001,0.061785502697987780322810243030047,-0.052269480052703812440129223709073,-0.19694126567805800491278388381114,,,,,,,,
1.792,0.061736353380650814558594567362474,-0.046002074628031948492937729263921,-0.18716155025123237032986778358432,,,,,,,,
1.793,0.061693553591627036279576138880331,-0.039569564192979876783012767620486,-0.17779146806346698249539745122754,,,,,,,,
1.794,0.061657271037982913282947217313406,-0.032966720728884450807531026366392,-0.1688215473180799468941935559456,,,,,,,,
1.795,0.061627678726960328648912080128273,-0.02618817145723960045066698030278,-0.16024185808503328590564417809663,,,,,,,,
1.796,0.061604955112063766931207562452313,-0.019228396194866547120994276886918,-0.15204208680068054046389102545786,,,,,,,,
1.797,0.061589284241760740677608713713273,-0.012081724774143188707422589956663,-0.144211606617669961122019129972,,,,,,,,
1.798,0.061580855910724608082775474157038,-0.0047423345400150463442438121004093,-0.1367395435021349438258884300412,,,,,,,,
1.799,0.06157986581353677612896246187537,0.0027957520636147530168931179111504,-0.12961483802159384664294607663616,,,,,,,,
1.8,0.061586515700752231099353109518575,0.010538669804601958483930856266967,-0.12282630280887224174998845638419,,,,,,,,
1.801,0.061601013537218347773328699820398,0.018492712855910435556657769157473,-0.11636267572485314389080389441998,,,,,,,,
1.802,0.061623573662521957733265645822205,0.026664336856119076921922181120749,-0.1102126687760184030306901055199,,,,,,,,
1.803,0.061654416953423663968963376064432,0.035060160820568019467765690713296,-0.10436501287168390942167386417836,,,,,,,,
1.804,0.061693770988121331734706697136743,0.043686968885541229241671744328845,-0.09880849853071320270309428031328,,,,,,,,
1.805,0.061741870212166523542485887545377,0.052551711866757597062114329796048,-0.093532012668514622962100060406309,,,,,,,,
1.806,0.061798956105838339559632664022936,0.061661508612278777128650617456474,-0.088524571612509888860753369386302,,,,,,,,
1.807,0.061865277352758635390498312084392,0.071023647128740901496097100289027,-0.083775350508250703925441601372325,,,,,,,,
1.808,0.061941090009510881177859230055626,0.080645585458581316501539626296593,-0.079273709289212018288718732161607,,,,,,,,
1.809,0.062026657676001965652603530728011,0.090534952284663468767867746031873,-0.075009215391270962372387073826675,,,,,,,,
1.81,0.062122251666282005838310655848972,0.10069954723740648499170010017369,-0.070971663398256860026260951433872,,,,,,,,
1.811,0.062228151179511671026279658052826,0.11114734087820497956241902141458,-0.067151091807995943039631993998785,,,,,,,,
1.812,0.062344643470739646322213082371794,0.1218864743315840599650033659508,-0.063537797109234721566932730233119,,,,,,,,
1.813,0.062472024021124629741309288835622,0.13292525853718005497318137719612,-0.060122345358960129704990206400674,,,,,,,,
1.814,0.06261059670720666680852039842644,0.1442721730912757060083347943825,-0.056895581447183249510275831044159,,,,,,,,
1.815,0.062760673968801674223855256382641,0.15593586464625691648756656037128,-0.053848636232444392387659076218341,,,,,,,,
1.816,0.062922576975060693674441590330156,0.16792514483500513449812493902442,-0.050972931726344055141437738546185,,,,,,,,
1.817,0.06309663578820176163187521819949,0.18024898768590461696490262279653,-0.048260184499504999533733324359796,,,,,,,,
1.818,0.063283189524387304416754862195845,0.19291652649283790475219717434624,-0.04570240747470787021561679994213,,,,,,,,
1.819,0.063482586511183704713756370168386,0.20593705010327776307004772960073,-0.043291910265682806830686558721404,,,,,,,,
1.82,0.06369518444100218342427385684198,0.2193199985863728310610068429764,-0.04102129821233293537293075283971,,,,,,,,
1.821,0.063921350519881460483743490317557,0.23307495824178184788803983689695,-0.038883470255147338842340831086439,,,,,,,,
1.822,0.064161461610932876549133566030442,0.24721165590895355513645095224174,-0.036871615783350892510040448428605,,,,,,,,
1.823,0.064415904371727867479755398985015,0.26173995253559364789125383622046,-0.034979210583041531872028610545886,,,,,,,,
1.824,0.064685075384865996668978198476929,0.27666983596322538743964215062429,-0.033200012003273742083362908748862,,,,,,,,
1.825,0.06496938128091929760242281645671,0.29201141288705715197506529751349,-0.031528053449839123857209450944323,,,,,,,,
1.826,0.065269238852905612812085025022744,0.30777489994684028579628787567229,-0.029957638308437685912749354576628,,,,,,,,
1.827,0.065585075161400110727964724122251,0.32397061390505765324664256096769,-0.028483333391082936917898059749214,,,,,,,,
1.828,0.065917327629350418166875779720585,0.34060896086865237610093830779784,-0.027099961991985764522472761819168,,,,,,,,
1.829,0.066266444125617048520861225464474,0.35770042451061388050591835903984,-0.025802596631853267580847734347029,,,,,,,,
1.83,0.066632883036217286556961596148194,0.37525555324811256709208905659456,-0.024586551562547752208320225036775,,,,,,,,
1.831,0.067017113322207691193226604612427,0.39328494633454443284770241698181,-0.023447375097399335437649873684537,,,,,,,,
1.832,0.067419614563098208646954839274814,0.41179923882384329844083236242105,-0.0223808418261679146694563318981,,,,,,,,
1.833,0.067840876984649891948392090875354,0.43080908536677244535878229040961,-0.021382944767715922943563144527645,,,,,,,,
1.834,0.068281401469868772914127973697857,0.45032514280065179000972448085787,-0.020449887507886690948507491786339,,,,,,,,
1.835,0.06874169955197093587869010520868,0.47035805149614414975200555478422,-0.019578076364884592332701827125254,,,,,,,,
1.836,0.069222293388058738496730958197527,0.49091841542734791722469062732665,-0.018764112619619142591879981738857,,,,,,,,
1.837,0.069723715712215886694696374032811,0.51201678093455673812805803296822,-0.01800478484399959303314444647183,,,,,,,,
1.838,0.070246509766700204312850327958498,0.53366361415268233001228357138752,-0.017297061356040640017731931157865,,,,,,,,
1.839,0.070791229209887981422206482583528,0.55586927708252624684224992794134,-0.016638082826853058181469746127503,,,,,,,,
1.84,0.071358437999603308223355156583292,0.57864400228686065789886974958273,-0.016025155061133270852638584268616,,,,,,,,
1.841,0.071948710250450402877771758123652,0.60199786619866559027744590689052,-0.015455741969619885513090104224352,,,,,,,,
1.842,0.072562630063757247918040719044467,0.62594076103489653066934926120858,-0.014927458749139068154310915309896,,,,,,,,
1.843,0.073200791328735511745982455728718,0.65048236531584449446843007301662,-0.01443806528329985419427931052978,,,,,,,,
1.844,0.073863797493465420644648431175043,0.67563211299751936815733616478425,-0.013985459774610426760487685971009,,,,,,,,
1.845,0.074552261304325650594521681997649,0.7013991612325504703288617955321,-0.013567672616752377527581022231439,,,,,,,,
1.846,0.075266804512508126119693471412652,0.72779235678386422087775774364752,-0.013182860513957547336813928991337,,,,,,,,
1.847,0.076008057546286549727186798976247,0.75482020112486946001084398434863,-0.012829300852867140650291371128319,,,,,,,,
1.848,0.076776659147746242873633611959338,0.78249081427005086496052840017161,-0.012505386330901848983149949543683,,,,,,,,
1.849,0.077573255972732150917358456042224,0.81081189739072634722800375049074,-0.012209619844021765826040741740523,,,,,,,,
1.85,0.078398502152832325066074040462337,0.83979069428224236109805395070161,-0.011940609635793725567142372356453,,,,,,,,
1.851,0.079253058818286490897433223641628,0.86943395176102870250132857509798,-0.011697064708899968546967665683422,,,,,,,,
1.852,0.080137593580794054171275238298087,0.89974787908266764100281283193449,-0.011477790499605234904318729766791,,,,,,,,
1.853,0.081052779975293639111767337708969,0.93073810648539532552453045690804,-0.011281684815239990442586157702757,,,,,,,,
1.854,0.081999296859897498863956016381922,0.96240964297717801065657849963719,-0.011107734034446971504256857669211,,,,,,,,
1.855,0.082977827773289304300086535793289,0.99476683349861024767660987420903,-0.010955009569769151049458246695119,,,,,,,,
1.856,0.083989060249033239309539778407226,1.0278133156082715449578209166148,-0.010822664592123236684516258199646,,,,,,,,
1.857,0.085033685086396239455825180817075,1.0615519758517428272211213169694,-0.010709931016798737055026837889224,,,,,,,,
1.858,0.086112395577453721313623373771795,1.0959849059901007683119415771303,-0.010616116750844511791196832527055,,,,,,,,
1.859,0.08722588669043224614092596768515,1.1311133592782389942360771749964,-0.010540603202049855024996716229501,,,,,,,,
1.86,0.088374854209440083296825547040096,1.1669377069976586017729838272883,-0.010482843050194184913137569898131,,,,,,,,
1.861,0.089559993830948267108057319503866,1.203457395462261426637436749934,-0.010442358281828352660600347662817,,,,,,,,
1.862,0.090782000217609985537897132506346,1.2406709037289905759895660392863,-0.010418738490562957861804789577644,,,,,,,,
1.863,0.092041566010244326649225535756477,1.2785757022577052064051211349532,-0.010411639445677956676560848441351,,,,,,,,
1.864,0.0933393807990606724043766688465,1.3171682127762519645837986242286,-0.010420781932838066114177260500964,,,,,,,,
1.865,0.094676130055461299243643715346787,1.3564437696170977004404958686313,-0.010445950871806626465526825921463,,,,,,,,
1.866,0.096052494026030742389208128384156,1.396396582800905278108898901551,-0.010486994717305307284602832509248,,,,,,,,
1.867,0.097469146590599713783751363090544,1.4370197031498519442212966343784,-0.010543825150579144042435708894979,,,,,,,,
1.868,0.098926754086557125039110945487922,1.4783049897190932894087436484794,-0.010616417070809106574946534442502,,,,,,,,
1.869,0.10042597410187413675324291127705,1.5202430798383543535937076175489,-0.01070480889728365125882620097297,,,,,,,,
1.87,0.10196745423959700630295473676849,1.5628233620569789899438653202932,-0.010809103195215430657102272038467,,,,,,,,
1.871,0.1035518308568585112716202061152,1.606033952284696352858167756928,-0.010929467640291846875464383190509,,,,,,,,
1.872,0.10517972778174837291640936235462,1.649861673416691590008344677466,-0.011066136339504585734654414828549,,,,,,,,
1.873,0.10685175501166871302539433164777,1.6942920387251381740802262359966,-0.011219411528544154298725137729636,,,,,,,,
1.874,0.10856850739707832084091186101278,1.7393092392900272020539356832847,-0.011389665669106221317625550709924,,,,,,,,
1.875,0.11033056331479643615544302338642,1.7848961357298078260246717672498,-0.011577343972878366739362203918017,,,,,,,,
1.8760000000000001,0.11213848333528983109767190607375,1.8310342544769583461381623046258,-0.011782967382806348914304761232621,,,,,,,,
1.877,0.1139928088886031007213112539769,1.8777037888251010936341995629304,-0.012007136046533388469509676128603,,,,,,,,
1.8780000000000001,0.11589406093380813675680707073661,1.9248836049526574653296632057213,-0.012250533321728138796354031210897,,,,,,,,
1.879,0.11784273863704166783586320048373,1.9725512531033565814615633685953,-0.012513930358440943498719256971245,,,,,,,,
1.8800000000000001,0.11983931806336647794929524762285,2.0206829840762516626101190166631,-0.012798191309739371193444952370278,,,,,,,,
1.881,0.12188425088782955079093424949276,2.0692537711473992638372932352492,-0.013104279228772221874690455787645,,,,,,,,
1.8820000000000001,0.1239779631311961799412870603712,2.1182373375122032287700990269756,-0.01343326271821151170530563622297,,,,,,,,
1.883,0.12612085392591049208885021803051,2.1676061893018514665130112401497,-0.013786323406858310948628170386523,,,,,,,,
1.8840000000000001,0.1283132943178675690582457382626,2.2173316541895610723955958220797,-0.014164764338226547701362479584996,,,,,,,,
1.885,0.13055562610957844558697912031347,2.2673839255628236516855301176453,-0.014570019367320506729634454451038,,,,,,,,
1.8860000000000001,0.13284816075026507450368128123486,2.3177321121968789937773168691475,-0.015003663674808506277850224632563,,,,,,,,
1.887,0.13519117827833665126571528643624,2.3683442933226519602900411866111,-0.015467425522614570273309759330587,,,,,,,,
1.8880000000000001,0.13758492632157066598383736474331,2.4191875789398096475574397569644,-0.015963199391891457578958714325272,,,,,,,,
1.889,0.1400296191601513533131344620873,2.4702281751829073414798783367869,-0.016493060663741761516402346001627,,,,,,,,
1.8900000000000001,0.14252543685750497450803191537893,2.5214314545062882550571462737299,-0.017059282025317861471953985454986,,,,,,,,
1.891,0.14507252446361623074444970734246,2.5727620304119937144806725309366,-0.017664351809525752929984335097135,,,,,,,,
1.8920000000000001,0.14767099129521422574381953894322,2.6241838364049437665003913539452,-0.018310994506035755313803537649762,,,,,,,,
1.893,0.15032091029688143798299096054528,2.6756602088215771015675929825478,-0.019002193715318806016192824048097,,,,,,,,
1.8940000000000001,0.15302231748676730656283564864831,2.7271539731424962741557012061931,-0.019741217856754764956745205276419,,,,,,,,
1.895,0.15577521149018195140938706596355,2.7786275333669314782598982402103,-0.020531648987417449445801297864399,,,,,,,,
1.8960000000000001,0.15857955316390837718387641296187,2.8300429639974661199618733764155,-0.021377415141022107996718370809412,,,,,,,,
1.897,0.16143526531360682451809663668092,2.8813621041578744789145174532075,-0.022282826658026033447588116966023,,,,,,,,
1.8980000000000001,0.16434223250619669728602449052589,2.932546653345473962079061038783,-0.02325261704955609940877812997906,,,,,,,,
1.899,0.16730030097859401775983270321554,2.9835582683024063100314098906052,-0.024291989021558462786656032409115,,,,,,,,
1.9000000000000001,0.17030927864366023484026552932384,3.034358660477988093820294294101,-0.025406666383557619947701786551916,,,,,,,,
1.901,0.17336893519368624848635463430173,3.0849096935469001307608825851169,-0.026602952681359239387341958644793,,,,,,,,
1.9020000000000001,0.17647900230119868521437306647372,3.1351734804456379531896572601333,-0.027887797528171124290644491148076,,,,,,,,
1.903,0.1796391739163388184129514109936,3.185112479392369171534126828167,-0.029268871767863070039746404440559,,,,,,,,
1.9040000000000001,0.18284910665953313803159695429554,3.2346895883631133811412918877725,-0.030754652792183245714029579060144,,,,,,,,
1.905,0.1861084203076534401700945425437,3.2838682375098783025762511531755,-0.032354521556461878439189563933904,,,,,,,,
1.9060000000000001,0.18941669837135829788979657305521,3.3326124790238832869624859359332,-0.034078873102689754202564406298363,,,,,,,,
1.907,0.19277348876082155682732246863115,3.3808870739690416145980588224649,-0.035939242713448581174530001336878,,,,,,,,
1.9080000000000001,0.1961783045365914710133833328317,3.4286575756371565043985578591563,-0.03794845019552166731412455802477,,,,,,,,
1.909,0.19963062474189032493906571342103,3.4758904090064554906677490379495,-0.04012076524107258480034649416778,,,,,,,,
1.9100000000000001,0.20312989531226256387448055565812,3.5225529459187365029274194860421,-0.042472097353013380783528264681971,,,,,,,,
1.911,0.2066755300581128329598092110777,3.5686135756270767424347472308802,-0.045020214469347766212432403131459,,,,,,,,
1.9120000000000001,0.21026691171534669626426791839799,3.6140417704052783839505010481235,-0.047784995203391148341479170035174,,,,,,,,
1.913,0.21390339305903846225670733309798,3.6588081459514842965634318394021,-0.050788720563380880921916874174838,,,,,,,,
1.9140000000000001,0.21758429807480425673947123251418,3.7028845163611676360084694950701,-0.054056412164268314262382543198257,,,,,,,,
1.915,0.22130892318235550428870360651207,3.7462439434884500779877068538926,-0.057616225344304880588210743186726,,,,,,,,
1.9160000000000001,0.22507653850554901996315525106161,3.7888607805589060178282338902681,-0.061499907309663559540292260234291,,,,,,,,
1.917,0.22888638918313516617451458579796,3.8307107099411469833169493125815,-0.065743332527922105688251733558818,,,,,,,,
1.9180000000000001,0.232737696714334678665562153091,3.8717707750280540331433476810707,-0.070387130172360427756845318507344,,,,,,,,
1.919,0.23662966033334700915124320405385,3.9120194062210652300478765447334,-0.075477421606684888023651615479372,,,,,,,,
1.92,0.24056145840690711441209498632187,3.9514364410519930961014515933694,-0.081066689851247048139866789422539,,,,,,,,
1.921,0.24453224984906186840897957915549,3.9900031385160451197384890383967,-0.087214807888987785995480657066384,,,,,,,,
1.922,0.24854117554742963458716619841396,4.0277021877266944311124349854785,-0.09399025881257076075663665126514,,,,,,,,
1.923,0.25258735979533462811824752797074,4.0645177110374904168532435139134,-0.10147158852067632686918219836831,,,,,,,,
1.924,0.25666991172436885790676862335993,4.1004352618075525991923091065758,-0.10974914137990712905306945645136,,,,,,,,
1.925,0.26078792673212576894824279852843,4.1354418170161487256666846154451,-0.1189271415525898691351523055083,,,,,,,,
1.926,0.26494048790006812901253118490183,4.1695257649572640181524669652633,-0.1291261983028945024431769281449,,,,,,,,
1.927,0.26912666739673501122331369241454,4.2026768882673176715493486717926,-0.14048633352766009347023877174323,,,,,,,,
1.928,0.27334552786175562684795788201032,4.2348863425581185853820458432996,-0.15317065533152797110864409000384,,,,,,,,
1.929,0.27759612376641793852323474589164,4.2661466309427650467283810909953,-0.16736983443403124614472714373969,,,,,,,,
1.93,0.28187750274683412332943968965886,4.2964515747545161779926202153262,-0.18330758291049340223661637065824,,,,,,,,
1.931,0.28618870690604980144874338188844,4.3257962807677697543939359309359,-0.20124739039412215567484595210981,,,,,,,,
1.932,0.29052877408175633504286114834294,4.3541771052362805949342350553903,-0.22150084568589387158947774981203,,,,,,,,
1.933,0.29489673907658239409729449227516,4.38159161506678666617436212566,-0.24443796755465169578919223771042,,,,,,,,
1.934,0.29929163484825949629096352509393,4.4080385464464437040912763601438,-0.27050009531896952783624134242268,,,,,,,,
1.935,0.30371249365727365034494767388928,4.4335177612400931757403579755122,-0.30021605850834805104079944298097,,,,,,,,
1.936,0.30815834816992905947386246020162,4.4580302014686099951773773073252,-0.33422257056703425742630606970118,,,,,,,,
1.937,0.31262823251505778034410814024258,4.4815778421726158967793013746309,-0.37329009504132418875353019916951,,,,,,,,
1.938,0.31712118329290921522850197904986,4.5041636429569308443768747220416,-0.41835584294027508375823185591557,,,,,,,,
1.939,0.32163624053504350450121325409785,4.5257914985005021109791458422311,-0.47056611728826860028180958333593,,,,,,,,
1.94,0.32617244861433168147303998318395,4.5464661883044334425360235988284,-0.53133098143831453464673069015618,,,,,,,,
1.941,0.33072885710443148383811888979375,4.5661933259373673019823451760212,-0.60239526956616549361903111210711,,,,,,,,
1.942,0.33530452158835984747760670677068,4.5849793080230783729655438210628,-0.68593138897621822106647311742223,,,,,,,,
1.943,0.33989850441602042377332298347674,4.6028312631999349675000846934076,-0.78466133246952917923920139785784,,,,,,,,
1.944,0.34450987541076625933375754787576,4.6197570012660850687621706162561,-0.90201802413722931339787238193141,,,,,,,,
1.945,0.34913771252528355792753652176794,4.6357649627080216231948334406059,-1.0423598223513234864593615086866,,,,,,,,
1.946,0.35378110244727189873215283273498,4.6508641687937599455239719067061,-1.2112570149431168072539085473672,,,,,,,,
1.947,0.35843914115556927832413233643468,4.6650641723953866172533674094232,-1.4158757982982517631822645596712,,,,,,,,
1.948,0.36311093442752690199844969329443,4.6783750096893665562511693124022,-1.6654937635200082602834689942857,,,,,,,,
1.949,0.36779559829857894348553712483231,4.690807152866859736010747728539,-1.9721911132594147731208404738209,,,,,,,,
1.95,0.37249225947507682017971818610986,4.7023714639705221609381678764347,-2.3517722747678894878941350894889,,,,,,,,
1.951,0.37720005570156630577038683254813,4.7130791499589522231471883061391,-2.824978834574590577656878328886,,,,,,,,
1.952,0.38191813608377953317133609983472,4.7229417190851831467911102281936,-3.4190455569009131022992836015113,,,,,,,,
1.953,0.38664566136869321956338615239531,4.7319709386614896946842584765438,-4.1696007618506262345112284799301,,,,,,,,
1.954,0.39138180418306993158242772803845,4.7401787942693333579160527885955,-5.1227649395134653233220484114715,,,,,,,,
1.955,0.39612574923195161554086156166865,4.7475774504605622521403154850451,-6.3369463347016813917748792316935,,,,,,,,
1.956,0.40087669345861469951204922195481,4.7541792129840448964568107258943,-7.883070725453307160190144010254,,,,,,,,
1.957,0.40563384616752461478872861364982,4.7599964925607745444813119290341,-9.8405251995768365974930450351564,,,,,,,,
1.958,0.41039642911184538562028758945106,4.7650417702201459930998713478113,-12.283730497104063711539105037905,,,,,,,,
1.959,0.41516367654706780868394477527565,4.7693275642005837094918933301474,-15.251567322423484602927526882926,,,,,,,,
1.96,0.41993483525231849756627176430286,4.7728663984089843117356024128694,-18.692093596686118022270072168817,,,,,,,,
1.961,0.42470916452090250465132040590766,4.7756707724255162870259780432813,-22.386406465899894869342827594327,,,,,,,,
1.962,0.42948593612161514042620251753371,4.7777531330331774621718821381721,-25.888408171666550184169523663584,,,,,,,,
1.963,0.43426443423233475492611564344843,4.779125847245122992784758602647,-28.561160095744125030067933597446,,,,,,,,
1.964,0.43904395534737836902508748376055,4.7798011767971159676377475370095,-29.78012403624784279207458425123,,,,,,,,
1.965,0.4438238081600668563351565330222,4.7797912540674880574839294454843,-29.236475276221953967140585443499,,,,,,,,
1.966,0.44860331342190655889288146676742,4.779108059382695151744206889529,-27.111583262147067016115752830383,,,,,,,,
1.967,0.4533818037797504159846676359449,4.777763399662876776413454213963,-23.962100130498401398504945885947,,,,,,,,
1.968,0.45815862359225450320642376841065,4.7757688883587410580388595479149,-20.428620768859819672611479376934,,,,,,,,
1.969,0.4629331287268958883330473357841,4.773135926628561097529135059534,-17.003465171265064434990440006965,,,,,,,,
1.97,0.4677046863387654437904648203736,4.7698756857020455932610369035669,-13.960220486545623530830524599678,,,,,,,,
1.971,0.47247267463229520629431621471719,4.7659990903762983586361801107499,-11.39510869155291045930288177712,,,,,,,,
1.972,0.4772364826070244985859265495877,4.7615168035879705715627818354625,-9.2986814092157686241763698583137,,,,,,,,
1.973,0.48199550978845274520255957493527,4.7564392120049996750126371288528,-7.6135706491826641239662639358513,,,,,,,,
1.974,0.486749165944970107008230562909,4.7507764125809845568539124283976,-6.2690679437254998161987070207629,,,,,,,,
1.975,0.49149687079180007638443730185185,4.7445382000152341868686992156228,-5.1978991465153255346912205277004,,,,,,,,
1.976,0.49623805368283133217195661020849,4.7377340550618141626891748877058,-4.3425423049214300980911879341462,,,,,,,,
1.977,0.5009721532911597350847570637978,4.7303731336314723221154765547602,-3.6563691800344212246208222678268,,,,,,,,
1.978,0.50569861727910560547503173751613,4.7224642566311223666942058681405,-3.1026257708762784417586481497009,,,,,,,,
1.979,0.51041690195841659376200453885004,4.7140159004865769876665565507036,-2.6527491077195238876452378505638,,,,,,,,
1.98,0.51512647194131273200993351630539,4.7050361882954250519750508890012,-2.2846758961826621204833963753635,,,,,,,,
1.981,0.51982679978297782233441059249038,4.6955328815583188714957200093722,-1.9813821526408850442378716158332,,,,,,,,
1.982,0.52451736561605033225526066668434,4.6855133724384574503466144479419,-1.7297059418101892780445505531181,,,,,,,,
1.983,0.52919765677761756809372814022128,4.6749846765007020133233768679598,-1.5194311371875974607925124895036,,,,,,,,
1.984,0.53386716742916920750987243841644,4.6639534258835252963518899447175,-1.3425873675871834298982440007372,,,,,,,,
1.985,0.53852539816992039904361222771696,4.6524258628588623314492013646729,-1.1929199736653010086877577640196,,,,,,,,
1.986,0.54317185564387067513305427949427,4.6404078337368861182414457643176,-1.0654900695053885576587893728938,,,,,,,,
1.987,0.54780605214092295993961563197365,4.6279047830747669580619703945443,-0.95637275398810211581409679988481,,,,,,,,
1.988,0.5524275051923470600998276086484,4.6149217481505815810391856897525,-0.86242885797040493499647638149514,,,,,,,,
1.989,0.55703573716083427412500376587843,4.601463353665711640930642844334,-0.78113165943618150168251758525037,,,,,,,,
1.99,0.56163027482535420849088083658641,4.587533806641306622052511512346,-0.71043471228902017434252620014312,,,,,,,,
1.991,0.56621064896099160622742736484882,4.5731368914766813900091194591351,-0.64867050334883329352752654666107,,,,,,,,
1.992,0.57077639391391003630861948912797,4.5582759651398729145043243262245,-0.59447231174635923058959497871053,,,,,,,,
1.993,0.57532704717156071884443313157325,4.5429539524629951312951185257985,-0.54671361067748114428634938298798,,,,,,,,
1.994,0.57986214892822863331421691942108,4.5271733415175081096974612577548,-0.50446079927926430071131707563631,,,,,,,,
1.995,0.58438124164598443956183466737097,4.5109361790470618010787415947138,-0.46693611815720942137437892198903,,,,,,,,
1.996,0.58888386961108970360057352236676,4.4942440659381912890894656222168,-0.43348838779835739563395241717043,,,,,,,,
1.997,0.59336957848588453839550838406874,4.4770981527118366960823159454711,-0.40356978997547040610060510757584,,,,,,,,
1.998,0.59783791485617112739187008647148,4.4594991350214451484124072996343,-0.37671734328153341836529477203593,,,,,,,,
1.999,0.60228842577409378842083946201737,4.441447249146294214946458031132,-0.35253804516375441487211935751214,,,,,,,,
2.0,0.60672065829650636090828956931093,4.4229422674716670272038377966635,-0.330696893352350373728947751654,,,,,,,,
2.001,0.61113415901881087483803242571223,4.4039834939506211007798494058521,-0.31090718056979866366755155793347,,,,,,,,
2.0020000000000002,0.61552847360424781329811596553501,4.3845697595453390980324229799938,-0.29292259329104609173443188892749,,,,,,,,
2.003,0.61990314630861795322997656705285,4.3646994176494448870446442726895,-0.27653074938608479988694858019965,,,,,,,,
2.004,0.62425771950041891777218730674844,4.3443703394962277697810357102692,-0.26154788899236690682098681402646,,,,,,,,
2.005,0.62859173317638637089576472161287,4.32357990956145812317072718052,-0.24781449403648400259746961370657,,,,,,,,
2.0060000000000002,0.63290472447244042030182427835026,4.3023250209734162194860232360218,-0.23519165896795426648741151263984,,,,,,,,
2.007,0.63719622717005247490899257171075,4.2806020709469107064306441105787,-0.22355807184061981430417837390711,,,,,,,,
2.008,0.64146577119806675416945626171544,4.258406956262452786386885932783,-0.21280749338776972501042840497252,,,,,,,,
2.009,0.64571288213003411229035768906208,4.2357350688163956570183121153448,-0.20284664406901516135818811071345,,,,,,,,
2.0100000000000002,0.6499370806771440848523517594776,4.2125812912727656707124217295151,-0.19359342664082662060967752980596,,,,,,,,
2.011,0.65413788217687437142984942351117,4.18893999285272143143190008898,-0.18497542569529685812986988556653,,,,,,,,
2.012,0.65831479607751563818453750945179,4.1648050253030990109415071042559,-0.17692863664314004217010245243459,,,,,,,,
2.013,0.66246732541877388072426292129924,4.1401697190913545299533006876306,-0.16939638541457430024588072065659,,,,,,,,
2.0140000000000002,0.66659496630870297003599260929371,4.1150268798804176443559993773167,-0.16232840719777882548112963342527,,,,,,,,
2.015,0.67069720739727677084783547069694,4.0893687853435379854268394034122,-0.15568005820136375960801225738811,,,,,,,,
2.016,0.67477352934697374641291145458182,4.0631871823861567213114257278587,-0.14941163900342859311659937349916,,,,,,,,
2.017,0.678823404300817634892966549887,4.0364732848491804378039515025152,-0.14348781176011998192172192755801,,,,,,,,
2.0180000000000002,0.68284629534839600072631924234935,4.0092177717757851115377817038467,-0.13787709656691566193992212190127,,,,,,,,
2.019,0.68684165599046463909313859950414,3.9814107863320413717856732587912,-0.13255143473415309795205201416675,,,,,,,,
2.02,0.69080892960284035767433114785636,3.9530419354802317492497461559893,-0.12748580876333401431189201201916,,,,,,,,
2.021,0.69474754890038799302107658160534,3.9241002905127245119830967018129,-0.12265791047847510131343968477657,,,,,,,,
2.0220000000000002,0.69865693540202005017135555611929,3.8945743885636694616205916923624,-0.11804785014549916176948504392927,,,,,,,,
2.023,0.70253649889774948394529574415606,3.8644522352255742859978035752181,-0.11363790055672025023204646030743,,,,,,,,
2.024,0.70638563691896825055577196256153,3.8337213084079832671940968535143,-0.10941227101028144034662151041827,,,,,,,,
2.025,0.71020373421326670369909332419051,3.8023685635859815390230111296882,-0.105356906910728400673201315459,,,,,,,,
2.0260000000000002,0.71399016222526200803774275916987,3.7703804405970451827821537168619,-0.10145931138467798771480701366627,,,,,,,,
2.027,0.71774427858506776438295362980066,3.7377428721557955468223636880762,-0.097708385867264171159039662452444,,,,,,,,
2.028,0.72146542660621219289142684807227,3.7044412942674267577081873196483,-0.094094287088877677866344380015575,,,,,,,,
2.029,0.72515293479499863503300882687365,3.6704606587318744062147111910833,-0.090608298292365171132671366526581,,,,,,,,
2.0300000000000002,0.72880611637349985122031598380772,3.6357854479420794433688776549506,-0.087242712850255011478909719697533,,,,,,,,
2.031,0.73242426881858653722260844617266,3.6003996921908537860003299147821,-0.083990728739448675744431734349704,,,,,,,,
2.032,0.73600667341961045617957740930188,3.5642869897117312237213501146124,-0.080846352575101182656279179179424,,,,,,,,
2.033,0.73955259485759322837571577872174,3.5274305296896240459124442405476,-0.077804312112626887111227052269272,,,,,,,,
2.0340000000000003,0.74306128080901260487015890929635,3.4898131184869124377057794573866,-0.074859976302283721377057208115654,,,,,,,,
2.035,0.74653196157752823731515833208075,3.4514172093395533092152957656874,-0.072009282129070917233330876007898,,,,,,,,
2.036,0.74996384975724757757089253563406,3.4122249357856623998715900416666,-0.06924866759545424465631901017948,,,,,,,,
2.037,0.75335613993139836940883659822104,3.3722181490955227103705088726076,-0.066575010308858651684735686123749,,,,,,,,
2.0380000000000003,0.75670800841054571196875155291412,3.3313784599767967194029278319583,-0.063985571222627114100155406112293,,,,,,,,
2.039,0.76001861301476703913120366138337,3.2896872848315304926899933211938,-0.061477943150553578492300709497334,,,,,,,,
2.04,0.76328709290447537388481496619772,3.2471258968419633522091895805999,-0.059050003733179695565381121613883,,,,,,,,
2.041,0.76651256846485729800329950696224,3.2036754821597938975335693675013,-0.056699872580586052100499160557786,,,,,,,,
2.0420000000000003,0.76969414124916422190787540730853,3.1593172014679676819805805572634,-0.054425872353004069605494083715636,,,,,,,,
2.043,0.77283089398636029574500564402268,3.1140322571747808819307095919027,-0.052226493568662559406607126775105,,,,,,,,
2.044,0.77592189065888374284549908868211,3.0678019664866495973664694604722,-0.050100362949168565094482379965843,,,,,,,,
2.045,0.77896617665651609414323462279631,3.0206078405877669352901620615551,-0.04804621512759623692037605607834,,,,,,,,
2.0460000000000003,0.78196277901257081315897211888058,2.9724316701315360381596750461891,-0.046062867554407885547612181120449,,,,,,,,
2.047,0.78491070672880365427475955695045,2.9232556172195961656907672681526,-0.044149198442350666749734989374429,,,,,,,,
2.048,0.78780895119560579069726849351729,2.8730623140089231184360263063079,-0.042304127594462436903029434288591,,,,,,,,
2.049,0.79065648671416075973108663172424,2.8218349680453716096745399018494,-0.040526599960094682564429505040015,,,,,,,,
2.05,0.79345227112732057867066491665121,2.7695574743726510836749764544054,-0.038815571763145237348062063581941,,,,,,,,
2.051,0.79619524656597749804094157872593,2.7162145344086481067169337848602,-0.037169999045128138264784905227996,,,,,,,,
2.052,0.79888434031766788348017239496195,2.6617917815158512201277665692476,-0.035588828463845610699261520215307,,,,,,,,
2.053,0.80151846582403542024803237170938,2.6062759131191054546321343568148,-0.034070990186735830199597060118534,,,,,,,,
2.054,0.80409652381359374102094199410355,2.5496548291418379185407535663768,-0.03261539271683455081438867990465,,,,,,,,
2.055,0.80661740357595509226046456594101,2.4919177764411991287610901731201,-0.031220919489013306378868488793659,,,,,,,,
2.056,0.80907998438332320392023666938247,2.4330554988233613650927801590165,-0.029886427074969708420479042728847,,,,,,,,
2.057,0.81148313706457673327477518141582,2.3730603921127952011035128800401,-0.028610744837503144839397358036205,,,,,,,,
2.058,0.81382572573668653214653585312228,2.3119266636342117824374388908387,-0.027392675878003553076773313656414,,,,,,,,
2.059,0.81610660969750817506482496691534,2.2496504953437553375377874884444,-0.026230999125845393979320541193673,,,,,,,,
2.06,0.81832464548316419627386598871597,2.186230209717968204041335272451,-0.025124472424496545198200690298857,,,,,,,,
2.061,0.82047868909227298168099971641374,2.1216664373763291881346221296259,-0.024071836476563356161299223804853,,,,,,,,
2.062,0.82256759837818936608131712474908,2.0559622852773935629681149316949,-0.023071819518605500806774360759609,,,,,,,,
2.063,0.82459023560919358273682593052107,1.989123504191669285460019273304,-0.022123142606249057858471853234738,,,,,,,,
2.064,0.82654547019520028145127857234722,1.9211586540186064433134607555627,-0.021224525400767807355071049158546,,,,,,,,
2.065,0.82843218157806027271828765545444,1.8520792653830373709518905903619,-0.020374692359746134596110821437825,,,,,,,,
2.066,0.83024926228089960813334361652814,1.7818999958209757802896283844074,-0.019572379246535316556736471822718,,,,,,,,
2.067,0.83199562111019174727927386201575,1.7106387787490416269619778518387,-0.018816339885826233233269369062646,,,,,,,,
2.068,0.83367018650240036813057374356338,1.6383169633093458479169835936887,-0.018105353105654349566798437334384,,,,,,,,
2.069,0.83527191000507785274526706174299,1.5649594430960569178421933320336,-0.017438229819411787927046800063913,,,,,,,,
2.07,0.83679976988027630127703353800429,1.4905947717048101314062913521911,-0.016813820214871560083056628251008,,,,,,,,
2.071,0.83825277481604652904591874613441,1.4152552630053746617085642176522,-0.016231021030759901965083161706096,,,,,,,,
2.072,0.83962996772969205658656087938357,1.3389770740252587935088617153006,-0.01568878291500090236615703288798,,,,,,,,
2.073,0.84093042964433939892745200195556,1.2618002683507231287249527839986,-0.015186117872390010111142846982688,,,,,,,,
2.074,0.8421532836183161544727165291586,1.1837688580051878699762251619961,-0.014722106823148575887479155226723,,,,,,,,
2.075,0.84329769870483063427526657608636,1.1049308218560210557765867643014,-0.014295907307623630652426101519472,,,,,,,,
2.076,0.8443628939175596846336570960379,1.0253380987313523514387253015084,-0.013906761386415125399714637282042,,,,,,,,
2.077,0.84534814217601538726964557703376,0.9450465536003199875442530963575,-0.013554003799564648987278018756098,,,,,,,,
2.078,0.84625277420301794995435419094138,0.86411591538361797493957972318797,-0.013237070463293715064542168246293,,,,,,,,
2.079,0.84707618234529291675423949844921,0.78260968521598108131702323383251,-0.012955507398348318935942458811326,,,,,,,,
2.08,0.84781782428717650459527719901236,0.70059501427686300966517502867057,-0.01270898020054946532448358041288,,,,,,,,
2.081,0.84847722662669205122572932213581,0.61814255063741398197872201870825,-0.012497284181979209522562735764685,,,,,,,,
2.082,0.8490539882828886694352819190379,0.53532625493713996149085450774672,-0.012320355330719938053620204653913,,,,,,,,
2.083,0.84954778370334126753612047367993,0.45222318509732426939098909507416,-0.012178282258649980853029550411693,,,,,,,,
2.084,0.84995836584112455540679156214092,0.36891325069425621238694442356701,-0.012071319330997944076864842661941,,,,,,,,
2.085,0.85028556887141124765214916453712,0.28547893804631625481523899876067,-0.011999901198779417565640952116109,,,,,,,,
2.086,0.85052931061911743572271351618532,0.2020050075068566222866717897928,-0.011964658986599098472774106306112,,,,,,,,
2.087,0.85068959467072851493440054778548,0.11857816489068225146784569746661,-0.011966438424444225994423141490563,,,,,,,,
2.088,0.850766512145580414146901679305,0.035286709386344867561712598166047,-0.012006320254022360925037914647105,,,,,,,,
2.089,0.85076024310442688799841947412708,-0.047779839290288328552424441915344,-0.012085643289096987841899970906589,,,,,,,,
2.09,0.85067105757606828181530974936472,-0.13053113137331820358634077343083,-0.012206030566566082530170842779723,,,,,,,,
2.091,0.8504993161861149162362296140471,-0.21287639169484915045207532022795,-0.012369419092409086166849862382286,,,,,,,,
2.092,0.85024547037556445852502558812957,-0.29472483476033779195705492394283,-0.012578093766136538970777912776463,,,,,,,,
2.093,0.84991006220073449153474764916686,-0.3759860862811225609289114456414,-0.012834726161474752452464679911265,,,,,,,,
2.094,0.84949372371014893778056100634301,-0.45657060703047640895245469153257,-0.013142418952685019605225236141061,,,,,,,,
2.095,0.84899717589816422110558128933613,-0.53639011479421035530055035806085,-0.013504756908774097896613067864963,,,,,,,,
2.096,0.8484212272393680121131755858479,-0.61535800016311140075290021102831,-0.01392586553631639333910994772983,,,,,,,,
2.097,0.84776677181201761059326123701857,-0.69338973196385659967348998619387,-0.014410478641083489789966287954369,,,,,,,,
2.098,0.84703478702293339064475192987278,-0.77040324824713133835243852019589,-0.014964016305801442820306725623925,,,,,,,,
2.099,0.84622633095025352872748280159907,-0.84631932894420387002892583343307,-0.015592675054310936793662159825903,,,,,,,,
2.1,0.84534253932422093343962423523547,-0.9210619465620259478450129862605,-0.016303532301305768622337042247407,,,,,,,,
2.101,0.84438462216964839960399751108661,-0.99455859160617432237903424536521,-0.017104667584223820098041026312688,,,,,,,,
2.102,0.84335386013683666926109120214859,-1.0667405697932248794949418819558,-0.01800530355539319490356100530512,,,,,,,,
2.103,0.84225160055045350741620786358986,-1.1375432685307855830546554062911,-0.019015970297729924804626865809057,,,,,,,,
2.104,0.84107925320818049475771834476935,-1.2069063905947435737864058289039,-0.020148697240646581084706819384941,,,,,,,,
2.105,0.83983828596276843085782903077998,-1.2747741534089767848848669975116,-0.021417237825215357410419299223854,,,,,,,,
2.106,0.83853022012249297998098284388262,-1.3410954528221826513716156553584,-0.022837333138029998159884286942672,,,,,,,,
2.107,0.83715662570586111093938107413633,-1.4058239907689349629315091107828,-0.024427022051112885267931029676528,,,,,,,,
2.108,0.83571911658678812756159996572169,-1.4689183666872750346780784318271,-0.026207007033670649110472300885303,,,,,,,,
2.109,0.83421934556635683140911920152442,-1.5303421330333840776393004940395,-0.028201086821200090662356469371166,,,,,,,,
2.11,0.83265899940670604452196087736718,-1.5900638156763671634021783033488,-0.030436669642089510928826048497568,,,,,,,,
2.111,0.83103979386160505593621971434946,-1.6480569003652048160330793610533,-0.032945383845342607687577875106295,,,,,,,,
2.112,0.82936346873689033013642843618936,-1.7042997868290594966134863929311,-0.035763806719061482106096229303822,,,,,,,,
2.113,0.82763178301221357452894153568694,-1.7587757123962960015226232318132,-0.038934337264273697073852607185861,,,,,,,,
2.114,0.82584651005352290764883167922751,-1.8114726472931458388631010871936,-0.042506244989209913073184051591598,,,,,,,,
2.115,0.82400943294342122849305962792357,-1.862383164007698332579058276523,-0.046536934805912005957136034854762,,,,,,,,
2.116,0.82212233995406931236823658146704,-1.9115042832779931355169887503271,-0.051093478361421152909471490139583,,,,,,,,
2.117,0.82018702018467719274035310352645,-1.9588372993848626893047782734995,-0.056254475308716791471864091045181,,,,,,,,
2.118,0.81820525938290653973087746412157,-2.0043875875024321942053663621917,-0.062112325040936804998687886260049,,,,,,,,
2.119,0.8161788359667374001551619394779,-2.0481643958844420487171533700603,-0.068776011520002084231457688708945,,,,,,,,
2.12,0.81410951726058015851786804665648,-2.0901806256462684119440128555038,-0.076374532714522919604804335463867,,,,,,,,
2.121,0.81199905595667944813251544011534,-2.1304526008448005687842544876744,-0.085061144124806196281185794481457,,,,,,,,
2.122,0.80984918681019814501516112113621,-2.1689998314657929679609664742881,-0.095018636080596205193332872780475,,,,,,,,
2.123,0.8076616235738188994911050334922,-2.2058447718058595293703832107141,-0.10646593133234903375677352275671,,,,,,,,
2.124,0.80543805617528528554393294085556,-2.2410125765889795143583897233552,-0.11966637903126646316827386998282,,,,,,,,
2.125,0.80318014813904688726615501864051,-2.2745308569902981809464472715016,-0.13493824209638541340682781073489,,,,,,,,
2.126,0.80088953425108980194766702522879,-2.3064294385580609513997078019459,-0.15266803936630730019233605088478,,,,,,,,
2.1270000000000002,0.79856781846413860946051329445749,-2.3367401228324061206444550970452,-0.17332762920793922048096039932666,,,,,,,,
2.128,0.79621657203871579509174213117085,-2.3654964542618195610132282072194,-0.19749623244149116442751109282587,,,,,,,,
2.129,0.7938373319140437064502074319017,-2.3927334938182925004140961022237,-0.22588902592817754828511986469902,,,,,,,,
2.13,0.79143159930147241318828030461202,-2.418487600514147208668786442886,-0.25939454732633085757398529212543,,,,,,,,
2.1310000000000002,0.78900083849201106483549309395502,-2.4427962218301652447092268072007,-0.29912401537267811749284330890428,,,,,,,,
2.132,0.78654647586862442928219150415577,-2.4656976938786517865313262676311,-0.34647690670890504223092423209218,,,,,,,,
2.133,0.78406989911322181874821868717536,-2.4872310519485082922969608354488,-0.40322891804574391272350558779396,,,,,,,,
2.134,0.78157245659770226654439269467588,-2.5074358519139198942153039490148,-0.47165105310820682444610220217922,,,,,,,,
2.1350000000000002,0.77905545694801586306197691396438,-2.5263520028351204981353960513973,-0.55467242559936668508333494045917,,,,,,,,
2.136,0.77652016876994382314919889435839,-2.5440196109397099236201233117324,-0.65610511206816861375871572442513,,,,,,,,
2.137,0.77396782052517571819537622366962,-2.5604788350466403397019347840992,-0.78095803992393294112879441274801,,,,,,,,
2.138,0.77139960054625762733052521017032,-2.5757697533824269400049334668073,-0.93588006193022874014321469196131,,,,,,,,
2.1390000000000002,0.76881665717908598122861873313424,-2.5899322416402632213784054935552,-1.1297925955931412686285535113412,,,,,,,,
2.14,0.76622009904181505133862592110311,-2.603005862047200195045730316053,-1.3748035341789265739363979954487,,,,,,,,
2.141,0.76361099538931826956368831860439,-2.6150297631318616989431923774188,-1.687542937469290298484561012401,,,,,,,,
2.142,0.76099037657268233700186199201196,-2.6260425898246488531372848661246,-2.0911371473236633256054283764422,,,,,,,,
2.1430000000000002,0.75835923458360660757506051588359,-2.6360824034732598624055611062587,-2.6181560545923401265268933526243,,,,,,,,
2.144,0.75571852367401754232323683077581,-2.6451866113177639434230568914252,-3.3150477731348038256858034897613,,,,,,,,
2.145,0.75306916104167903114204762229802,-2.6533919049405191397628016600381,-4.2488350209189856945796552730629,,,,,,,,
2.146,0.75041202757307489351960361909541,-2.6607342071859892278546334008116,-5.5171819949803705971668431131107,,,,,,,,
2.1470000000000002,0.74774796863535164748596621926012,-2.6672486270330692461145937514839,-7.2632332000594591142146035162479,,,,,,,,
2.148,0.74507779490963034447349309260813,-2.6729694218969629178650084054906,-9.6963923606103631860175327828939,,,,,,,,
2.149,0.74240228325851947039281772399725,-2.6779299668380892502779365097372,-13.117892914359063968288986289222,,,,,,,,
2.15,0.73972217762118103245650400202788,-2.682162730161092190602481283072,-17.941319941863533119689962230518,,,,,,,,
2.1510000000000002,0.73703818992981422302233612192639,-2.6856992548969984429086015488242,-24.673441680189128690554195409818,,,,,,,,
2.152,0.73435100104192147246687478567181,-2.6885701456751819183255684966542,-33.766001222216843682552657267152,,,,,,,,
2.153,0.73166126168320697246157537048575,-2.6908050605083754237158171698679,-45.179788610856143775341240428576,,,,,,,,
2.154,0.72896959339642521166193012024847,-2.6924327070329085515048097504702,-57.587309515173460706676183721707,,,,,,,,
2.1550000000000002,0.72627658949194464233953219449281,-2.6934808427670938587180366206125,-67.784264192222184744250557713859,,,,,,,,
2.156,0.72358281599621773478115727104438,-2.6939762789727399221462540292252,-71.811170655690969487095813638115,,,,,,,,
2.157,0.72088881259475228439284101710638,-2.6939448877277064039613315918515,-67.993042704911035944797891620657,,,,,,,,
2.158,0.71819509356655922782711151036732,-2.6934116118408548586455720572045,-58.460748850166146694133478829275,,,,,,,,
2.1590000000000003,0.71550214870740906422765000749949,-2.692400477264363696855048995097,-47.013441825959535579986382106169,,,,,,,,
2.16,0.71281044423956223243619076578392,-2.6909346076818889174157912227726,-36.433053405281363683123723659738,,,,,,,,
2.161,0.71012042370594868630029777368878,-2.6890362409742308572311448981318,-27.830031316918548933071121789851,,,,,,,,
2.162,0.70743250884705887208947908537691,-2.6867267472868187627077234852716,-21.258434030580650768568272939069,,,,,,,,
2.1630000000000003,0.70474710045907295241245204149673,-2.6840266484452935028978107944717,-16.370075744877690805193807353917,,,,,,,,
2.164,0.7020645792319981871570624166065,-2.6809556384866309660532856569261,-12.758279507379576840442805595855,,,,,,,,
2.165,0.69938530656680672954620849441672,-2.6775326050935103091374173731064,-10.079204483502282703161169158048,,,,,,,,
2.166,0.69670962537076866142187333913538,-2.6737756517389233799664690076937,-8.0731756876372348326092711787273,,,,,,,,
2.1670000000000003,0.69403786083035887090943655836096,-2.6697021203662975117317384881833,-6.5529568341107916270283699537367,,,,,,,,
2.168,0.69137032116128239929039419678236,-2.6653286144476357187201943203461,-5.3858435949099797978231708262688,,,,,,,,
2.169,0.68870729833531220330204828910799,-2.6606710222783545031917458306751,-4.478039721877884530621786923021,,,,,,,,
2.17,0.68604906878376694985320908604492,-2.6557445403826220326557723876967,-3.7629322377218243982668780354324,,,,,,,,
2.1710000000000003,0.68339589407757553011489272415405,-2.6505636969170816755962457507047,-3.1927995828526312559331621974486,,,,,,,,
2.172,0.6807480215839804788484244114607,-2.6451423749739103268750992029911,-2.7330870739126163729794985713372,,,,,,,,
2.173,0.67810568510002541603303713146702,-2.6394938356962375329635517388669,-2.35848395345478031429540986458,,,,,,,,
2.174,0.67546910546305296178162257780883,-2.6336307411300758341695049980301,-2.0502316380009256711724118662712,,,,,,,,
2.1750000000000003,0.6728384911385102446353867124984,-2.6275651767471250303619191341959,-1.7942656907792023373362256246154,,,,,,,,
2.176,0.67021403878542001833513655429981,-2.6213086735821564456854893630715,-1.5799222897856040999111849022715,,,,,,,,
2.177,0.66759593379992736948185822853896,-2.6148722299372030122060310801859,-1.3990287515149495292195471807154,,,,,,,,
2.178,0.66498435083737583855642395840376,-2.6082663326125236196416661903243,-1.2452573393997385577200300885247,,,,,,,,
2.179,0.66237945431340324320535387342136,-2.6015009776313226620535373684695,-1.1136612147574888295629879619196,,,,,,,,
2.18,0.65978139888457729221034710842763,-2.594585690431534874224996906222,-1.0003376451324480668692658289421,,,,,,,,
2.181,0.65719032990911487130774129104053,-2.5875295455036775535661677215657,-0.90218103285202353843191809506269,,,,,,,,
2.182,0.65460638388824728251435123612985,-2.5803411854588722045250403256602,-0.81669999002041797720083686193335,,,,,,,,
2.183,0.65202968888880729692654625531899,-2.5730288395156892303863277652616,-0.74188054315853028777322246768684,,,,,,,,
2.184,0.64946036494762316425965700054732,-2.5656003413985146055285822952036,-0.67608288977912502365513208819949,,,,,,,,
2.185,0.64689852445831019667756640821082,-2.5580631466437167450877664706642,-0.61796279084120087341046740117379,,,,,,,,
2.186,0.64434427254105265642974287528347,-2.550424349313043357614000568339,-0.5664112180206098988804157676445,,,,,,,,
2.187,0.64179770739596783586729108672218,-2.5426906981164382005780269139284,-0.52050764633815333876824666256577,,,,,,,,
2.188,0.63925892064064079870591889837195,-2.5348686119488705680863685638701,-0.47948363235288495300316562502244,,,,,,,,
2.189,0.63672799763241259392907551133435,-2.5269641948478481523340320318266,-0.44269420767944554191464359051639,,,,,,,,
2.19,0.63420501777599716837426533185896,-2.5189832503800666958707578787387,-0.40959525642068431811980610680598,,,,,,,,
2.191,0.63169005481699297167330705109296,-2.5109312954671656213577746770701,-0.37972550782802524562864667580542,,,,,,,,
2.192,0.6291831771218446216394627817095,-2.5028135736618336433189970170937,-0.35269211344122812617832549711251,,,,,,,,
2.193,0.62668444794479820813417949719634,-2.49463506788656637667691113822,-0.32815902673730278357580040759972,,,,,,,,
2.194,0.62419392568238106440627614745151,-2.4864005126482414702531393137861,-0.30583758786581942554379705470639,,,,,,,,
2.195,0.62171166411592331095109720102882,-2.4781144057423663703345302579256,-0.28547885395809201109911561149384,,,,,,,,
2.196,0.61923771264262434243894538109071,-2.4697810194613883581376636788421,-0.2668673192865442796957751279098,,,,,,,,
2.197,0.61677211649565282945858115535992,-2.4614044113218533325021444940059,-0.2498157481913906382213743983006,,,,,,,,
2.198,0.61431491695375387338075149080376,-2.4529884343254747730020003195363,-0.23416090366685146725090718595061,,,,,,,,
2.199,0.61186615154082179909043107899303,-2.4445367467693418789219056369881,-0.21976000052543317673443065074913,,,,,,,,
2.2,0.60942585421588179738252572774867,-2.4360528216205691992498102359675,-0.2064877475929474879827690008362,,,,,,,,
2.201,0.60699405555390832463048363924439,-2.4275399554706811025521997898589,-0.19423387097918172228469874535874,,,,,,,,
2.202,0.60457078291789290870069613029365,-2.4190012770849440151766383824765,-0.18290103201337067039412694597361,,,,,,,,
2.203,0.60215606062255886347282061597735,-2.4104397555617172733750120024489,-0.17240307034523737737794908539439,,,,,,,,
2.204,0.59974991009010543690760815794599,-2.4018582081166985202037228433518,-0.16266351605556916743052387535451,,,,,,,,
2.205,0.59735234999834915816840829061424,-2.3932593075066997759769910589565,-0.15361432519994179212510968232196,,,,,,,,
2.206,0.59496339642161564910782681552956,-2.3846455891073127513568104888719,-0.14519480163747376381030280850564,,,,,,,,
2.207,0.59258306296472095898413037644921,-2.376019457658513036915844096576,-0.13735067474154538659735983470691,,,,,,,,
2.208,0.59021136089036759704535146917671,-2.367383193691918189674470740113,-0.13003330801116568853449053392823,,,,,,,,
2.209,0.58784829924026689870512573844156,-2.3587389596530595176296500123213,-0.12319901797821694280486655032423,,,,,,,,
2.21,0.58549388495028618574325610954287,-2.3500888057316560391997838823105,-0.11680848635309229137204325615934,,,,,,,,
2.211,0.58314812295990638336813671749595,-2.3414346754124956482465290484104,-0.1108262512377372454434270281095,,,,,,,,
2.212,0.58081101631626334740688931615798,-2.3327784107591364578583335565015,-0.10522026559284685674622588943063,,,,,,,,
2.213,0.57848256627303414037804054458557,-2.3241217574422437109460804089879,-0.099961513078896800701978866662438,,,,,,,,
2.214,0.57616277238441787989951519710677,-2.3154663695239772297754333414891,-0.09502367298097029109479143345574,,,,,,,,
2.215,0.57385163259444956842106276460169,-2.3068138140094434775429038294304,-0.090382827240215104987393414406558,,,,,,,,
2.216,0.57154914332187449908677619352776,-2.2981655751758269560309667465094,-0.086017203702216750172014129991408,,,,,,,,
2.217,0.56925529954080041618288586911985,-2.2895230586894196142962606133262,-0.081906950596203054459006619017942,,,,,,,,
2.218,0.5669700948573345860405538098014,-2.2808875955203756903152641829769,-0.07803393801220992906975350938402,,,,,,,,
2.219,0.56469352158240329999476209556339,-2.272260445664634219137168293473,-0.074381582773065224092428836629357,,,,,,,,
2.22,0.56242557080094207843533530842579,-2.2636428016820733827297738235637,-0.070934693626068078915121064801471,,,,,,,,
2.221,0.56016623243763596653839494719906,-2.255035792059590832518678614424,-0.067679334123232647324522492088838,,,,,,,,
2.222,0.55791549531938079954783228930925,-2.246440484407442808657153858768,-0.064602700933322659666423153131501,,,,,,,,
2.223,0.55567334723462815944827043398626,-2.2378578884968228904660352241997,-0.061693015645386715160897998093214,,,,,,,,
2.224,0.55343977498976893597938628760746,-2.2292889591463189940082099920999,-0.058939428391750263348716565482696,,,,,,,,
2.225,0.55121476446270293323543666084597,-2.2207345989645551277369469620336,-0.056331931846349922765781598937065,,,,,,,,
2.226,0.54899830065373481833013740856414,-2.2121956609560026699848832753298,-0.05386128434843892160148533347761,,,,,,,,
2.227,0.54679036773392988034186266893837,-2.2036729509966347014092189659882,-0.051518941067447399175610591239606,,,,,,,,
2.228,0.54459094909105654542321982714872,-2.1951672301857962952874335995176,-0.049296992266623440706597096198411,,,,,,,,
2.229,0.54240002737323636694748453812604,-2.1866792170803736577838283670064,-0.047188107844730219163942837894369,,,,,,,,
2.23,0.54021758453041626726691473567702,-2.1782095898170655819618761532291,-0.045185487439632052139933040770089,,,,,,,,
2.231,0.53804360185377213953106074078004,-2.1697589881282917482798524616124,-0.043282815467658297746427280813314,,,,,,,,
2.232,0.53587806001314751361948911101116,-2.1613280152570138444478131461792,-0.041474220550358957074666243319917,,,,,,,,
2.233,0.53372093909262583928944395730264,-2.1529172397754971280341421067059,-0.039754238847481850700328789932224,,,,,,,,
2.234,0.53157221862433003200725435403083,-2.1445271973128017262391380990918,-0.038117780873241992414927403654668,,,,,,,,
2.235,0.52943187762053825270739150540287,-2.1361583921955644449176211171188,-0.036560101423513116280063384056754,,,,,,,,
2.236,0.52729989460420044221364243406516,-2.1278112990064129097549676892721,-0.035076772285543128898963432126727,,,,,,,,
2.237,0.5251762476379358948131728030166,-2.1194863640641442373361351892812,-0.033663657440106456161265170703165,,,,,,,,
2.238,0.52306091435158812430209199386018,-2.1111840068295998713436174239893,-0.032316890499443892664173742448475,,,,,,,,
2.239,0.52095387196840944079246968243107,-2.1029046212409764487632836208438,-0.031032854153574347908360225967234,,,,,,,,
2.24,0.51885509732994400903151502452942,-2.0946485769821293057555673893468,-0.029808161423163818623376523486766,,,,,,,,
2.241,0.51676456691967469055902240586644,-2.0864162206872502115839644878704,-0.028639638539592809286909547848792,,,,,,,,
2.242,0.51468225688549567462682418271462,-2.0782078770851338483596876720204,-0.027524309292591811340146812035872,,,,,,,,
2.243,0.51260814306106976861513767037776,-2.0700238500860881506451408860098,-0.026459380703173399089279172307569,,,,,,,,
2.244,0.51054220098612624017989009558111,-2.0618644238143915995609131260134,-0.025442229894886630867859009239599,,,,,,,,
2.245,0.50848440592575227330838373090552,-2.0537298635890556507705281084267,-0.024470392049919521690765396007128,,,,,,,,
2.246,0.50643473288872841188257772976805,-2.0456204168555123878888040901496,-0.023541549348506652916595271362296,,,,,,,,
2.247,0.50439315664495581055890717188066,-2.0375363140707159602181083417117,-0.022653520800658656152595650396489,,,,,,,,
2.248,0.50235965174202068734973962191221,-2.0294777695440211192085532727956,-0.021804252888588907973403799629764,,,,,,,,
2.249,0.50033419252093906907727310727234,-2.0214449822360829504474892864306,-0.020991810946518087310513177495605,,,,,,,,
2.25,0.49831675313112273396697176541041,-2.0134381365179084524483016080232,-0.02021437121191754358551863883,,,,,,,,
2.251,0.49630730754460517940709151281904,-2.0054574028920826919299568869664,-0.019470213488819195261743953147387,,,,,,,,
2.2520000000000002,0.49430582956956447192062369559169,-1.997502938678089626639035987528,-0.018757714369669989998936611402057,,,,,,,,
2.253,0.49231229286317796551061165267521,-1.9895748886635500973631843108349,-0.018075340967427437236330643133903,,,,,,,,
2.254,0.49032667094384209881377791082239,-1.9816733857231067243970829458439,-0.017421645114253264770068288857626,,,,,,,,
2.255,0.48834893720278879621767961278193,-1.9737985514065972817092109489039,-0.016795257987329464322455395404295,,,,,,,,
2.2560000000000002,0.48637906491512839876495474132189,-1.9659504964980743534098621191758,-0.016194885126051452118952373504329,,,,,,,,
2.257,0.48441702725034753299359206255034,-1.9581293215471494984597282219385,-0.01561930180819638462756779068278,,,,,,,,
2.258,0.48246279728228888575309064335893,-1.9503351173740645650987763963686,-0.015067348755664389757172622013919,,,,,,,,
2.259,0.48051634799863848659342462578597,-1.942567965549821017952970070455,-0.014537928143084888768061101071395,,,,,,,,
2.2600000000000002,0.47857765230994480283199462839825,-1.9348279388526299873471949191193,-0.014029999885002998057982237469945,,,,,,,,
2.261,0.47664668305819272232551341221722,-1.9271151017018810484665074469553,-0.013542578179541918525064543079439,,,,,,,,
2.262,0.47472341302495433194128764227885,-1.9194295105707663212633706340326,-0.013074728288402457138540974743695,,,,,,,,
2.263,0.47280781493913729253076052652196,-1.9117712143786381909916731838914,-0.012625563534833540866923158965373,,,,,,,,
2.2640000000000002,0.4708998614843505608086058287202,-1.9041402548641236313565675165655,-0.012194242502808263717590831396734,,,,,,,,
2.265,0.46899952530590621203351977645893,-1.8965366669399656215260730754128,-0.011779966422086795765047073912929,,,,,,,,
2.266,0.46710677901747517201529503141322,-1.8889604790305123451119124972848,-0.011381976725156463501278950192359,,,,,,,,
2.267,0.46522159520741377011634222677466,-1.8814117133927276103819774137863,-0.010999552763224760065307431470127,,,,,,,,
2.2680000000000002,0.46334394644477717408439104990942,-1.8738903864215511091333586626473,-0.010632009669515647107264159443159,,,,,,,,
2.269,0.46147380528503496038084863907083,-1.866396508940394615374847848338,-0.010278696359094550632325594614316,,,,,,,,
2.27,0.45961114427550330790904479057589,-1.8589300864775198983999931017699,-0.0099389936553329782461764366212347,,,,,,,,
2.271,0.45775593596050757656429651118021,-1.8514911195290058775455176947943,-0.0096123125339286502670458478133068,,,,,,,,
2.2720000000000002,0.45590815288628834279713501522023,-1.8440796038089762727000944580454,-0.0092980924761294327534379282503314,,,,,,,,
2.273,0.45406776760566331047861946449091,-1.8366955304877246052328069408951,-0.0089957999234763233642133721454411,,,,,,,,
2.274,0.45223475268245689495668096852082,-1.8293388864183407830298103330649,-0.0087049268269886515171818167248192,,,,,,,,
2.275,0.45040908069570868956226469598967,-1.8220096543524125699492332681869,-0.0084249892842692222554955986856924,,,,,,,,
2.2760000000000002,0.4485907242436714653196237753045,-1.8147078131453459078304882494007,-0.0081555262585134729404041492025452,,,,,,,,
2.277,0.44677965594760882467669105858264,-1.8074333379518202460543675180316,-0.0078960983738694087493013782337215,,,,,,,,
2.278,0.44497584845540212721937206760962,-1.8001862004118686614186657286155,-0.0076462867820182518594341353541782,,,,,,,,
2.279,0.44317927444497582816440061878263,-1.7929663688280475455117481417225,-0.0074056920952330761539306582398549,,,,,,,,
2.2800000000000002,0.44138990662754991760801108351748,-1.7857738083341369272695440193855,-0.0071739333815275270357352992805471,,,,,,,,
2.281,0.43960771775072771877982748618276,-1.7786084810557900179541764349834,-0.0069506472178320342626520185708461,,,,,,,,
2.282,0.43783268060142689571610815476998,-1.7714703462635292507262114846394,-0.006735486797433407151792955277586,,,,,,,,
2.283,0.4360647680086611336889240257013,-1.7643593605184658768402530029293,-0.0065281210881877829430821522238151,,,,,,,,
2.2840000000000003,0.43430395284617958833201154980051,-1.7572754778111010178799176904096,-0.0063282340382687698783674875169277,,,,,,,,
2.285,0.43255020803497085066987496925825,-1.7502186496935479038850625129168,-0.0061355238264442632867799413852217,,,,,,,,
2.286,0.43080350654563784421724244712738,-1.7431888254054977990120926796504,-0.0059497021540886017594176896293247,,,,,,,,
2.287,0.42906382140064975605459688915037,-1.736185951994235780453221587312,-0.0057704935763330865676117440119111,,,,,,,,
2.2880000000000003,0.42733112567647680543338090439603,-1.7292099744289970461861709166575,-0.0055976348699388726972167517517427,,,,,,,,
2.289,0.42560539250561337019812085071551,-1.7222608357099397385904332980045,-0.0054308744356431783614234614498424,,,,,,,,
2.29,0.42388659507849472235162515445342,-1.7153384769719963421858834349775,-0.0052699717328838519170675091315999,,,,,,,,
2.291,0.42217470664531236869385715688399,-1.7084428375838525050254542350321,-0.0051146967449496696435876634805526,,,,,,,,
2.2920000000000003,0.42046970051773274993399381619956,-1.7015738552422896069648244831296,-0.0049648294727353034447316248128948,,,,,,,,
2.293,0.41877155007052382134414492477686,-1.6947314660621155184527554506301,-0.0048201594554015924125438626006762,,,,,,,,
2.294,0.41708022874309381926255864763674,-1.6879156046618967268071112427315,-0.0046804853163543930560644285119421,,,,,,,,
2.295,0.41539571004094630996715309997922,-1.681126204245694321098454993157,-0.004545614333059612990322941640726,,,,,,,,
2.2960000000000003,0.4137179675370554200613861755132,-1.6743631966809961913644307134458,-0.0044153620293087287165461434957086,,,,,,,,
2.297,0.41204697487316496000789223703867,-1.667626512573028184122068280462,-0.0042895517886387664676736186680395,,,,,,,,
2.298,0.41038270576101497430310114149516,-1.6609160813356178367378962159947,-0.0041680144876939482978746060542611,,,,,,,,
2.299,0.40872513398349908252691105111557,-1.6542318312587756622943502060756,-0.0040505881483934868529403171455233,,,,,,,,
2.3000000000000003,0.40707423339575581466928857970092,-1.6475736895731507496497609867343,-0.0039371176078418202309375158230736,,,,,,,,
2.301,0.40542997792619699129815135526219,-1.6409415825115096572098582115838,-0.0038274542049843413237381022216476,,,,,,,,
2.302,0.40379234157747605388038491161834,-1.6343354353673801915136701676523,-0.0037214554830737856975560686422265,,,,,,,,
2.303,0.40216129842739911251210750856203,-1.6277551725509946522458402773472,-0.0036189849070702568630891665589934,,,,,,,,
2.3040000000000003,0.40053682262978134708735913493022,-1.6212007176426604739779364171195,-0.003519911595151715948322551364211,,,,,,,,
2.305,0.39891888841525127318750876106463,-1.614671993443679883110648421473,-0.003424110063561945118291761169173,,,,,,,,
2.306,0.39730747009200526537630640060437,-1.608168922024934198420021414447,-0.0033314599840697864189517409745212,,,,,,,,
2.307,0.39570254204651461782435877048904,-1.6016914247732427185214601859023,-0.0032418459533571131643887798572134,,,,,,,,
2.308,0.39410407874418731496492035436053,-1.5952394224356007435578205288207,-0.003155157273693741946096080949169,,,,,,,,
2.309,0.39251205472998658291878072042353,-1.5888128351613961564338988712587,-0.0030712877442955533611599183305595,,,,,,,,
2.31,0.39092644462900819545286694215614,-1.5824115825426991266951060672549,-0.0029901354627976549662527338816011,,,,,,,,
2.311,0.38934722314701841600202399237772,-1.5760355836527148841719101730752,-0.0029116026363076713943804060570259,,,,,,,,
2.312,0.3877743650709543695464945018099,-1.569684757082485126985672477058,-0.0028355954015353503064376758755371,,,,,,,,
2.313,0.38620784526938855467155809306546,-1.5633590209759194673131059924423,-0.0027620236535237820673757884532377,,,,,,,,
2.314,0.38464763869295912672507535309391,-1.5570582930632343669527775926876,-0.0026908008825347869287305196442736,,,,,,,,
2.315,0.38309372037476750742895544024875,-1.5507824906928732623507137546798,-0.0026218440186665562894034144133355,,,,,,,,
2.316,0.38154606543074480439806005310798,-1.5445315308619780150198583515874,-0.0025550732838055644769970787202572,,,,,,,,
2.317,0.38000464905998845559103000438854,-1.5383053302454784384697957359391,-0.0024904120505372054245047479885804,,,,,,,,
2.318,0.37846944654507044858773442169135,-1.5321038052238634376032169068086,-0.0024277867076606571592337547222892,,,,,,,,
2.319,0.37694043325231840259225688696892,-1.5259268719096942422756767254289,-0.0023671265319732309830108048973095,,,,,,,,
2.32,0.37541758463207074204183352378473,-1.5197744461729173150581762250924,-0.0023083635660080093138335500949515,,,,,,,,
2.321,0.37390087621890713451230774993561,-1.5136464436650317563277063931195,-0.0022514325014259975655985509538505,,,,,,,,
2.322,0.37239028363185531210847937116099,-1.5075427798421634101923785832706,-0.0021962705677803863566182452040196,,,,,,,,
2.323,0.37088578257457534457946529759869,-1.5014633699870953853799898331805,-0.0021428174263859104396929957092025,,,,,,,,
2.324,0.36938734883552238387798690666596,-1.4954081292303023393974271646113,-0.0020910150690407646453804809444728,,,,,,,,
2.325,0.36789495828808885366799373287153,-1.4893769725700336256698298992462,-0.0020408077213621547656047655329326,,,,,,,,
2.326,0.36640858689072701326302919998279,-1.4833698148914882659918830400488,-0.001992141750509378315629999120106,,,,,,,,
2.327,0.3649282106870527835398882395654,-1.4773865709851226787826597987658,-0.0019449655770803981730854040869443,,,,,,,,
2.328,0.3634538058059316824155916042659,-1.4714271555641301619416514771109,-0.0018992295909792392214378293438429,,,,,,,,
2.329,0.36198534846154767940293631688203,-1.4654914832811292924506867184518,-0.0018548860710622489665327262907453,,,,,,,,
2.33,0.36052281495345574247827640535358,-1.4595794687440966584151005968061,-0.0018118891083813591779988636526233,,,,,,,,
2.331,0.35906618166661881591685492599266,-1.4536910265315776784013993532967,-0.001770194532852005584140420193141,,,,,,,,
2.332,0.35761542507142993479252489911831,-1.4478260712072076833608501322571,-0.0017297598431823425111405489164508,,,,,,,,
2.333,0.35617052172372015042087334011739,-1.4419845173335739340086936782411,-0.001690544139908862636619425961705,,,,,,,,
2.334,0.35473144826475291107242113391751,-1.4361662794854478173514912753941,-0.0016525080613915299790493661402751,,,,,,,,
2.335,0.3532981814212055137243371212919,-1.4303712722624151064182094685626,-0.0016156137226290860158236255452418,,,,,,,,
2.336,0.35187069800513821538720763972098,-1.4245994103009308736442382543019,-0.0015798246567623216091122800830102,,,,,,,,
2.337,0.35044897491395156657349090221919,-1.4188506082858244174541281373911,-0.0015451057591398466056810657382173,,,,,,,,
2.338,0.3490329891303325047052474302788,-1.4131247809612783902335301176005,-0.0015114232338272582722389348036174,,,,,,,,
2.339,0.34762271772218972163253412151324,-1.4074218431413052010822102801418,-0.0014787445424466312823828617645222,,,,,,,,
2.34,0.34621813784257879689535458089516,-1.4017417097197427056614807335483,-0.0014470383552389464903871782698015,,,,,,,,
2.341,0.34481922672961756685890886102532,-1.3960842956797901854009570930702,-0.0014162745042474625742696639285314,,,,,,,,
2.342,0.34342596170639217933433844733741,-1.3904495161031046567601057468844,-0.0013864239385251319218822719914521,,,,,,,,
2.343,0.34203832018085426371795864727889,-1.384837286178476635730001588151,-0.0013574586812739868258470164697688,,,,,,,,
2.344,0.34065627964570962799620868004155,-1.3792475212101036110150886841279,-0.0013293517888289900241531247464578,,,,,,,,
2.345,0.33927981767829887612856334582305,-1.3736801366254786491765510445839,-0.0013020773114031697477207877942741,,,,,,,,
2.346,0.33790891194047032229589337970874,-1.3681350479829107643829859462137,-0.0012756102555149576544469372048263,,,,,,,,
2.347,0.33654354017844556224870040328555,-1.3626121709786929323411685799044,-0.001249926548022531411107221107926,,,,,,,,
2.348,0.3351836802226780464716613530863,-1.3571114214539329106108859264361,-0.0012250030016936444889172734888291,,,,,,,,
2.349,0.33382930998770498506318192211978,-1.3516327154010613440792497719262,-0.0012008172822429154683787207020616,,,,,,,,
2.35,0.33248040747199290007808283959277,-1.3461759689700309832078007980515,-0.0011773478767718586018447464444551,,,,,,,,
2.351,0.33113695075777712756666138893227,-1.340741098474220222181667725174,-0.0011545740635500766975659234938198,,,,,,,,
2.352,0.32979891801089555863426569725107,-1.3353280203960535727765085927049,-0.0011324758830790160920227118960407,,,,,,,,
2.353,0.3284662874806168965137421645454,-1.3299366513923511261850445405876,-0.0011110341103825105195819587343442,,,,,,,,
2.354,0.3271390374994636948616123281862,-1.3245669082994185178524500523668,-0.0010902302284710244853415022372124,,,,,,,,
2.355,0.3258171464830304312318733865258,-1.3192187081378883982692854258207,-0.0010700464029290552128045123172063,,,,,,,,
2.356,0.32450059292979685892442192655407,-1.313891968117323924437901817278,-0.0010504654575775728185793266133305,,,,,,,,
2.357,0.32318935542093687012499144806366,-1.3085866056405943212010280221141,-0.001031470851165678069165863957004,,,,,,,,
2.358,0.321883412620123093428022093143,-1.3033025383080321176959107584946,-0.0010130466550478424974417508524709,,,,,,,,
2.359,0.32058274327332743944197222584476,-1.2980396839213812408258666571702,-0.00099517753180517301208556261095359,,,,,,,,
2.36,0.3192873262086177991981842872733,-1.2927979604875447438280593311626,-0.00097784871477111827564681962974797,,,,,,,,
2.361,0.31799714033595109150044994838458,-1.2875772862221405628163561728235,-0.00096104598842391257314929125406092,,,,,,,,
2.362,0.31671216464696284714472174936785,-1.2823775795528733266932493039895,-0.00094475566960983984409443018697887,,,,,,,,
2.363,0.31543237821475351008970523523344,-1.2771987591227298952019805495379,-0.0009289645895631009115758859449949,,,,,,,,
2.364,0.31415776019367162815288372460563,-1.2720407437930059653187428249153,-0.00091366007668968534033877277515309,,,,,,,,
2.365,0.31288828981909409862721399749638,-1.2669034526461707668951078417715,-0.00089882994008419015795783123373356,,,,,,,,
2.366,0.31162394640720362734637276882498,-1.2617868049885765637209553912919,-0.00088446245374999500235024842142387,,,,,,,,
2.367,0.31036470935476355315683159428813,-1.2566907203530193852928187751939,-0.00087054634149460100757475082934349,,,,,,,,
2.368,0.30911055813889018346967053532511,-1.2516151185011571368808759294799,-0.00085707076247327258578980441609027,,,,,,,,
2.369,0.3078614723168227805510315236277,-1.2465599194257909703616944724715,-0.00084402529735539068140138737877866,,,,,,,,
2.37,0.30661743152569133245519639726426,-1.2415250433530155451262195508659,-0.000831399935089136348667107421817,,,,,,,,
2.371,0.30537841548228223699676971639831,-1.2365104107442435666157763797547,-0.00081918506024127774239953204153757,,,,,,,,
2.372,0.30414440398280202188722389207576,-1.2315159422981097591434027534825,-0.0008073714408899347509148225359604,,,,,,,,
2.373,0.3029153769026392191155213225211,-1.2265415589522592091105203730824,-0.00079595021704924632093255013072656,,,,,,,,
2.374,0.30169131419612450682256298401308,-1.2215871818850248040418682612666,-0.00078491288960586865700960425413786,,,,,,,,
2.375,0.30047219589628922729519899924074,-1.2166527325169982915707280077142,-0.00077425130974819041467123860193101,,,,,,,,
2.376,0.29925800211462238527830042354917,-1.2117381325124992901704274118804,-0.0007639576688700661064410230714103,,,,,,,,
2.3770000000000002,0.29804871304082622656418964714041,-1.2068433037809463996271116196273,-0.00075402448893174343932970105375843,,,,,,,,
2.378,0.29684430894257049275922570042263,-1.2019681684781343835834613633143,-0.00074444461326149632023758785695236,,,,,,,,
2.379,0.2956447701652454442395962288327,-1.1971126490074212285734722558153,-0.00073521119778227481154371758386621,,,,,,,,
2.38,0.29445007713171373958480647893718,-1.1922766680208287234530770273451,-0.00072631770264844829884572409190272,,,,,,,,
2.3810000000000002,0.29326021034206125621075649817619,-1.1874601484200600496662890563163,-0.00071775788427845035489502549804089,,,,,,,,
2.382,0.29207515037334693350777570642474,-1.1826630133574377260442900027083,-0.00070952578776983496497417794018104,,,,,,,,
2.383,0.29089487787935171651597327686916,-1.1778851862367651115038858075542,-0.00070161573968392554953834872633988,,,,,,,,
2.384,0.28971937359032667503450162276888,-1.1731265907141145347954204743383,-0.0006940223411878821286544698572561,,,,,,,,
2.3850000000000002,0.28854861831274037005684639079807,-1.1683871506985449920662193432848,-0.00068674046154262949159013127119839,,,,,,,,
2.386,0.28738259292902553654535289770547,-1.1636667903527522301851209700375,-0.0006797652319256817634309526915073,,,,,,,,
2.387,0.28622127839732514879944142966719,-1.1589654340936539162606961432753,-0.00067309203957846763022984806973788,,,,,,,,
2.388,0.28506465575123793202816755968159,-1.1542830065929124813366090617603,-0.00066671652226830696202097870522843,,,,,,,,
2.3890000000000002,0.28391270609956338120400181500328,-1.149619432777398118630124466434,-0.00066063456305571486558220657637068,,,,,,,,
2.39,0.28276541062604634584621539257726,-1.1449746378295943136729142209925,-0.00065484228535821445551468560108415,,,,,,,,
2.391,0.28162275058912123705456072829059,-1.1403485471879481851064622331736,-0.00064933604830232594862774137347476,,,,,,,,
2.392,0.28048470732165591088272870787633,-1.1357410865471678204768693308266,-0.00064411244235586810765974575303693,,,,,,,,
2.3930000000000002,0.27935126223069528000224515716072,-1.131152181858468700974555407772,-0.00063916828523315958314182014734503,,,,,,,,
2.394,0.27822239679720470355712158397508,-1.1265817593297712224910868138728,-0.00063450061806614327882204459647722,,,,,,,,
2.395,0.27709809257581320314396042122112,-1.1220297454258512374445269558932,-0.00063010670183487740622236145112339,,,,,,,,
2.396,0.27597833119455655096776418900044,-1.1174960668684454623908627768372,-0.00062598401405124326739133540508454,,,,,,,,
2.3970000000000002,0.27486309435462027441700355381366,-1.1129806506363135203344855326896,-0.00062213024569011284396401768757856,,,,,,,,
2.398,0.27375236383008261956930771729466,-1.1084834239652583137250485949264,-0.00061854329836259977210899042493717,,,,,,,,
2.399,0.27264612146765751447834524143436,-1.1040043143481063542379359340445,-0.00061522128172638601044438815653182,,,,,,,,
2.4,0.271544349186437571500097632538,-1.0995432495346496084443586596441,-0.00061216251112847419388788707891667,,,,,,,,
2.4010000000000002,0.27044702897763716638995858401074,-1.0951001575315503542543925988355,-0.0006093655054760630136475154988785,,,,,,,,
2.402,0.26935414290433563043821286406744,-1.0906749666022104814377405333536,-0.00060682898533158064756003472284001,,,,,,,,
2.403,0.26826567310122059050787602191737,-1.086267605266606610474042212534,-0.00060455187122823993526395904525383,,,,,,,,
2.404,0.26718160177433149049314082575971,-1.0818780023010923473440094292707,-0.00060253328220279927452418681684901,,,,,,,,
2.4050000000000002,0.26610191120080332642642062801042,-1.0775060867381689375365653262796,-0.0006007725345425257109562334772199,,,,,,,,
2.406,0.26502658372861062622495114626088,-1.0731517878662255304124853843423,-0.00059926914074366198473573589927411,,,,,,,,
2.407,0.2639556017763117038819585848429,-1.0688150352292502150334375373403,-0.00059802280867899794607432687196437,,,,,,,,
2.408,0.26288894783279321677046781538816,-1.064495758626512940542935302789,-0.00059703344097243929923224886306054,,,,,,,,
2.4090000000000003,0.26182660445701505363794542024163,-1.060193888112221388082938976768,-0.00059630113457875360830787079469996,,,,,,,,
2.41,0.26076855427775557982527228577382,-1.0559093539951508169611023738437,-0.00059582618056695540665159516023401,,,,,,,,
2.411,0.25971477999335726524222624030793,-1.0516420868382488652672560366375,-0.00059560906410606959028567164039026,,,,,,,,
2.412,0.2586652643714727196720139516673,-1.0473920174582162442955997277515,-0.00059565046465228552520478337489504,,,,,,,,
2.4130000000000003,0.25761999024881115905778620298543,-1.0431590769250642268866960920897,-0.00059595125633678392722989699316552,,,,,,,,
2.414,0.25657894053088532554293789898473,-1.0389431965616497920894859641695,-0.00059651250855378503787130282065104,,,,,,,,
2.415,0.25554209819175888319283949770097,-1.0347443079431892522901202714303,-0.00059733548674863036642509791682713,,,,,,,,
2.416,0.25450944627379431051704233903422,-1.0305623428967511540963725433475,-0.00059842165340597173354861575095485,,,,,,,,
2.4170000000000003,0.25348096788740131013658248157612,-1.0263972335007292107415763300056,-0.00059977266923840096227749457931196,,,,,,,,
2.418,0.25245664621078575519947289982015,-1.0222489120842959915209706316148,-0.00060139039457611173836360818889581,,,,,,,,
2.419,0.25143646448969919143757711418345,-1.0181173112268380627391809357609,-0.00060327689095844231533825479143125,,,,,,,,
2.42,0.25042040603718891307860901026834,-1.0140023637573732447759363914407,-0.00060543442292840427697764476728766,,,,,,,,
2.4210000000000003,0.24940845423334863017686742454678,-1.0099040027539506211160049167149,-0.00060786546003155889153494738485233,,,,,,,,
2.422,0.24840059252506974430440459295933,-1.0058221615430339074889419975199,-0.00061057267902085909416823605958383,,,,,,,,
2.423,0.24739680442579324894960803692865,-1.0017567736988687625769571027269,-0.00061355896626933220845433818317137,,,,,,,,
2.424,0.24639707351526227040165577083883,-0.99770777304283459602940050624901,-0.00061682742039273655353300846619056,,,,,,,,
2.4250000000000003,0.24540138343927526435603935574327,-0.99367509364278140472639702409119,-0.00062038135508458446656975933020515,,,,,,,,
2.426,0.24440971790943988295743553138422,-0.98965866981235214432018085894848,-0.00062422430216618538534848255348028,,,,,,,,
2.427,0.24342206070292752650078310337163,-0.98565843611029112001065316019361,-0.00062836001485462586627239604735884,,,,,,,,
2.428,0.2424383956622285935386648365658,-0.98167432733973885824319930669419,-0.00063279247125186914177557872785483,,,,,,,,
2.4290000000000003,0.24145870669490844269221929040999,-0.97770627854751389951506684248163,-0.0006375258780584254312407159760287,,,,,,,,
2.43,0.24048297777336407903306584357304,-0.97375422502338193170633380790501,-0.00064256467451531609494642947459628,,,,,,,,
2.431,0.23951119293458157749440316643625,-0.96981810229931266327885021031766,-0.00064791353657833024677929440927543,,,,,,,,
2.432,0.23854333627989425537985583168381,-0.96589784614872481627904528200623,-0.00065357738132885200600906021898106,,,,,,,,
2.433,0.23757939197474160566814613486589,-0.96199339258571960030699979831631,-0.0006595613716258205616470155197767,,,,,,,,
2.434,0.23661934424842900245963959074602,-0.95810467786430301044476973806574,-0.00066587092100367403844842827723469,,,,,,,,
2.435,0.23566317739388818957666335966057,-0.95423163847759727454288209525829,-0.00067251169882142218911308607721207,,,,,,,,
2.436,0.23471087576743856301266558840538,-0.95037421115704175821759867462511,-0.00067948963566829259489065389730716,,,,,,,,
2.437,0.23376242378854925762523593685322,-0.94653233287158361938642302636697,-0.00068681092903170074400329858755856,,,,,,,,
2.438,0.23281780593960204818423504191094,-0.94270594082685848813989137641608,-0.00069448204923360648723925300644523,,,,,,,,
2.439,0.23187700676565507461830001166035,-0.93889497246436143218939064185056,-0.00070250974564163836232231428523763,,,,,,,,
2.44,0.23094001087420740105034499759476,-0.93509936546060845301995564388635,-0.0007109010531616935597984105736678,,,,,,,,
2.441,0.23000680293496441797492440365625,-0.93131905772628874319095794442394,-0.00071966329901905530737790350249316,,,,,,,,
2.442,0.22907736767960409670705763592026,-0.92755398740540792094438522932633,-0.00072880410983541161932116846724325,,,,,,,,
2.443,0.22815168990154410502293628235842,-0.92380409287442244437888617743405,-0.00073833141900951014376603860465142,,,,,,,,
2.444,0.22722975445570979271747580347913,-0.92006931274136539390753292174743,-0.00074825347440954370451627169913323,,,,,,,,
2.445,0.2263115462583030556215828074407,-0.91634958584496379851865302725181,-0.00075857884638573054544158937242159,,,,,,,,
2.446,0.22539705028657208645295371207214,-0.91264485125374766848309993532482,-0.00076931643611193272666038223038943,,,,,,,,
2.447,0.22448625157858202071788767941195,-0.90895504826515088457959740306319,-0.00078047548426554608476916216374893,,,,,,,,
2.448,0.22357913523298648573769082708572,-0.90528011640460408162454592131369,-0.0007920655800552961591720931172035,,,,,,,,
2.449,0.22267568640880006074149203154605,-0.90161999542461965207672530258598,-0.00080409667060698702025346629232571,,,,,,,,
2.45,0.22177589032517165584742221671849,-0.89797462530386898372401589668936,-0.00081657907071767454315852545443854,,,,,,,,
2.451,0.22087973226115881764588433774131,-0.89434394624625203393245007914424,-0.00082952347298917289762327916925184,,,,,,,,
2.452,0.2199871975555029690018316909299,-0.89072789867995933163193647539444,-0.0008429409583522534284867100096695,,,,,,,,
2.453,0.21909827160640559060736450542482,-0.88712642325652648711266679722118,-0.00085684300699335925731889181050844,,,,,,,,
2.454,0.21821293987130535174135078579418,-0.88353946084988127879674185079206,-0.00087124150969613743299560937113881,,,,,,,,
2.455,0.21733118786665619762899343891404,-0.87996695255538337541656405995926,-0.00088614877961058390462637164516446,,,,,,,,
2.456,0.21645300116770640074113237788823,-0.87640883968885674146104110728757,-0.0009015775644631056078740835167838,,,,,,,,
2.457,0.21557836540827858333043191451486,-0.87286506378561476332898521376529,-0.0009175410592213291872664161717291,,,,,,,,
2.458,0.21470726628055071846931817026989,-0.86933556659947812334296225621361,-0.00093405291922802798318719174624783,,,,,,,,
2.459,0.21383968953483811683246945105382,-0.86582029010178543861324026388309,-0.00095112727381909857289530649451576,,,,,,,,
2.46,0.21297562097937640645470839876147,-0.86231917648039667168769118208088,-0.00096877874044109607038031416986925,,,,,,,,
2.461,0.21211504648010551269319469039728,-0.85883216813868930996706324073486,-0.00098702243928443428129276207078634,,,,,,,,
2.462,0.211257951960454645630779865171,-0.85535920769454730099376065907131,-0.0010058740084489734194419862749001,,,,,,,,
2.463,0.21040432340112830217518237187406,-0.85190023797934272092416692550776,-0.0010253496196593551857502461222149,,,,,,,,
2.464,0.20955414683989329013620386299378,-0.84845520203691014375786018417426,-0.0010454659945481033776402982078643,,,,,,,,
2.465,0.20870740837136678160048150933544,-0.84502404312251366921021720713223,-0.0010662404215251886491814446750163,,,,,,,,
2.466,0.20786409414680540297021154972165,-0.84160670470180655746648131015087,-0.0010876907732534594173069263738692,,,,,,,,
2.467,0.20702419037389536908885363071587,-0.83820313044978340943412972996227,-0.0011098355247500680700285465169677,,,,,,,,
2.468,0.20618768331654366894301211653774,-0.83481326424972482150520594906446,-0.0011326937721347734682176320108851,,,,,,,,
2.469,0.20535455929467031050547889393978,-0.8314370501921344342401924365161,-0.0011562852520467781598217290163783,,,,,,,,
2.47,0.204524804684001632369812631029,-0.8280744325736682847791050275049,-0.0011806303617525626890155236311761,,,,,,,,
2.471,0.20369840591586468992183318113036,-0.82472535589605636316299721174612,-0.0012057501799680108562722519295385,,,,,,,,
2.472,0.20287534947698272389804881715046,-0.82138976486501626309925074739115,-0.001231666488418979771901434873592,,,,,,,,
2.473,0.20205562190927171929534089225169,-0.818067604389158808016237159471,-0.0012584017941653580789435332853254,,,,,,,,
2.474,0.20123920980963806272024864052587,-0.81475881957888552351654586602927,-0.001285979352714575866476928084333,,,,,,,,
2.475,0.20042609982977730639998004931821,-0.81146335574527781754240138519963,-0.0013144231919514816485492772154755,,,,,,,,
2.476,0.19961627867597404722088752430286,-0.80818115839897771970156172626085,-0.0013437581369124864772094703799798,,,,,,,,
2.477,0.19880973310890292931366447185723,-0.8049121732490600212563306698308,-0.001374009835432893954352217096133,,,,,,,,
2.478,0.19800644994343077886802656083082,-0.80165634620189564724174263139892,-0.0014052047846973888046915375122886,,,,,,,,
2.479,0.1972064160484198800332355157769,-0.7984136233600060820408769875599,-0.0014373703587247470048617152916035,,,,,,,,
2.48,0.19640961834653240094461068724977,-0.79518395102090865949497436856171,-0.0014705348368189585011786548062857,,,,,,,,
2.481,0.19561604381403597911027187432101,-0.79196727567595251825285030359805,-0.0015047274330201205975569502219735,,,,,,,,
2.482,0.19482567948061047559689421613453,-0.78876354400914501255725234659888,-0.0015399783265896674995537452595292,,,,,,,,
2.483,0.19403851242915590766837151894429,-0.78557270289596835801442303362171,-0.0015763186935657506427714014434247,,,,,,,,
2.484,0.19325452979560156975712814809253,-0.78239469940218628108625363605948,-0.0016137807394258767349970287084753,,,,,,,,
2.485,0.19247371876871635288455260939966,-0.779229480782640430070973125497,-0.0016523977328952473620160692891746,,,,,,,,
2.486,0.19169606658992027289482032057492,-0.77607699448003629418711927768837,-0.001692204040940627047517185910077,,,,,,,,
2.487,0.19092156055309721812541224129152,-0.7729371881237183660352525950016,-0.0017332351649909973588902607249636,,,,,,,,
2.488,0.19015018800440892740811480789426,-0.7698100095284342711710149770302,-0.0017755277784277345949069942702545,,,,,,,,
2.489,0.18938193634211020957641138823432,-0.76669540669308757677005418627168,-0.0018191197653885794014381674931256,,,,,,,,
2.49,0.18861679301636541594916435520392,-0.76359332779947897938820254284347,-0.0018640502609312500022422368563561,,,,,,,,
2.491,0.18785474552906617756656992101569,-0.76050372121103555960709017328037,-0.0019103596926041883099614811685584,,,,,,,,
2.492,0.18709578143365041927278725180326,-0.75742653547152777889385724672433,-0.0019580898234736217461469024083697,,,,,,,,
2.493,0.18633988833492266307065360996874,-0.75436171930377388128135062885069,-0.0020072837966578749386227238094422,,,,,,,,
2.494,0.18558705388887563351776543909608,-0.751309221608331349479455189564,-0.0020579861814216764117338264601393,,,,,,,,
2.495,0.18483726580251317829021132057948,-0.74826899146217505174607286340594,-0.0021102430208850778133876263378608,,,,,,,,
2.496,0.18409051183367451741067957816361,-0.74524097811736170226450990902858,-0.0021641018814035390467342746315511,,,,,,,,
2.497,0.1833467797908598350218373260301,-0.742225130999680243879167851018,-0.0022196119036777338487070788591559,,,,,,,,
2.498,0.1826060575330572279841089324894,-0.73922139970728774781966062368159,-0.0022768238556536988770360364588623,,,,,,,,
2.499,0.18186833296957102598960414112356,-0.73622973400933041048068892100648,-0.0023357901872760872650430993388634,,,,,,,,
2.5,0.18113359405985149831130766550186,-0.73325008384454921240675099739467,-0.0023965650871594969503490578082812,,,,,,,,
2.501,0.18040182881332596274910577765679,-0.73028239931986978934226771004946,-0.0024592045412451269865001838726502,,,,,,,,
2.5020000000000002,0.1796730252892313127921690400498,-0.72732663070897604953379426440914,-0.0025237663935123736467962152907704,,,,,,,,
2.503,0.17894717159644797949102702522346,-0.72438272845086705539614565125095,-0.0025903104088174146010350702527766,,,,,,,,
2.504,0.17822425589333534502276950087124,-0.72145064314839667116254103748617,-0.0026588983379333459923736923780103,,,,,,,,
2.505,0.17750426638756862543961414839084,-0.71853032556679546121392025579929,-0.0027295939848690360944013389213373,,,,,,,,
2.5060000000000002,0.1767871913359772406150350187483,-0.71562172663217430640761223666372,-0.0028024632765465426436405676121224,,,,,,,,
2.507,0.17607301904438468994320721636005,-0.71272479743000918788329418199283,-0.0028775743349197111968513001665347,,,,,,,,
2.508,0.17536173786744995290716782797648,-0.709839489203606569496949568324,-0.0029549975516194312496475451874152,,,,,,,,
2.509,0.17465333620851043420931493547404,-0.70696575335254879120309527237113,-0.0030348056652139776797218038747908,,,,,,,,
2.5100000000000002,0.17394780251942647375517819903799,-0.70410354143111886635316965026161,-0.0031170738411759096589161869759889,,,,,,,,
2.511,0.17324512530042744239832750094411,-0.70125280514670405598438327660811,-0.003201879754650139830337121959495,,,,,,,,
2.512,0.17254529309995944499139157930903,-0.69841349635817757271870199960016,-0.0032893036761210255827696801005795,,,,,,,,
2.513,0.17184829451453465294600765429198,-0.69558556707425774585554599026256,-0.0033794285600796739773424005433126,,,,,,,,
2.5140000000000002,0.17115411818858228918370766729844,-0.69276896945184395760323167735221,-0.0034723401367960945751709420350193,,,,,,,,
2.515,0.17046275281430128906088015697915,-0.68996365579432863813151028521634,-0.0035681270073043823376076192572666,,,,,,,,
2.516,0.16977418713151466157466419457663,-0.68716957854988458421846831652637,-0.0036668807417127681451831826744255,,,,,,,,
2.517,0.16908840992752557590359104172401,-0.68438669030972684268657441343871,-0.0037686959809541394840635427988477,,,,,,,,
2.5180000000000002,0.16840541003697519910767144983948,-0.6816149438063483755511016791037,-0.0038736705420965105997153342856444,,,,,,,,
2.519,0.16772517634170231160813701084223,-0.67885429191172869881511138677384,-0.0039819055273369119672574406266778,,,,,,,,
2.52,0.16704769777060472788791270369366,-0.67610468763551466111348052236746,-0.0040935054368062752449522969502862,,,,,,,,
2.521,0.16637296329950255070088033387905,-0.67336608412317250190813151842288,-0.0042085782853171138325782534296662,,,,,,,,
2.5220000000000002,0.16570096195100328795187087343823,-0.6706384346541103016409003013487,-0.0043272357231901425079093699258566,,,,,,,,
2.523,0.16503168279436886231090691640381,-0.66792169263976990813173313103816,-0.004449593161300443989340752026973,,,,,,,,
2.524,0.16436511494538454455534176956203,-0.66521581162168739453962924357445,-0.0045757699004883771480665455090859,,,,,,,,
2.525,0.16370124756622984259307525985035,-0.66252074526952107435252896610874,-0.0047058892654851322756237128123279,,,,,,,,
2.5260000000000002,0.16304006986535137910986420177504,-0.65983644737904606810982454564235,-0.0048400787435076744150736829876396,,,,,,,,
2.527,0.16238157109733779180481452348141,-0.65716287187011438485600240021496,-0.0049784701276827771814533554201798,,,,,,,,
2.528,0.1617257405627966912314010368408,-0.65449997278457944864375424036566,-0.005121199665464937379211873816417,,,,,,,,
2.529,0.1610725676082337123478013732168,-0.65184770428418396671631130975662,-0.005268408212218175446797966793645,,,,,,,,
2.5300000000000002,0.16042204162593369700097826190796,-0.6492060206484100012672608281479,-0.0054202413901370683911832826361618,,,,,,,,
2.531,0.15977415205384404572485973395095,-0.6465748762722900708660662265244,-0.0055768497526878301475588388553589,,,,,,,,
2.532,0.15912888837546027842524683381786,-0.64395422566417807071213139891489,-0.0057383889547558485640620569402535,,,,,,,,
2.533,0.15848624011971384475385726404023,-0.64134402344347876280150899432665,-0.0059050199286918074029385480167029,,,,,,,,
2.5340000000000003,0.15784619686086222624236396124001,-0.63874422433833454781898167720227,-0.0060769090664543643416336515116962,,,,,,,,
2.535,0.1572087482183813735756227141049,-0.6361547831832681900636689782743,-0.0062542284080533199153374450239308,,,,,,,,
2.536,0.15657388385686052373275663702065,-0.63357565491678012493660754999762,-0.0064371558365032950727351383214526,,,,,,,,
2.537,0.15594159348589944311667427771565,-0.63100679457889893542059875385532,-0.0066258752795041333113299915291778,,,,,,,,
2.5380000000000003,0.15531186686000814422828307371038,-0.62844815730868353952124669448443,-0.006820576918070553336489404461793,,,,,,,,
2.539,0.1546846937785091249225070038772,-0.62589969834167558476725525892964,-0.0070214574023399952307238622026621,,,,,,,,
2.54,0.154060064085442180810659869803,-0.62336137300730049853989513466439,-0.0072287200747941218016958338460107,,,,,,,,
2.541,0.15343796766947184294924556720983,-0.62083313672621559416666407290896,-0.0074425752011360507934603535393206,,,,,,,,
2.5420000000000003,0.15281839446379749458038610550668,-0.61831494500760358232145366219908,-0.0076632402090720957291674716323966,,,,,,,,
2.543,0.15220133444606622236540108802136,-0.61580675344640978527018707327241,-0.0078909399352535749918110400575899,,,,,,,,
2.544,0.15158677763828845928221666513554,-0.61330851772052129783230246459645,-0.008125906880641100890053497060569,,,,,,,,
2.545,0.1509747141067564781409609273091,-0.61082019358788628353817471450873,-0.0083683814745606722071293557560014,,,,,,,,
2.5460000000000003,0.15036513396196579651205702783747,-0.60834173688357153729222779244679,-0.0086186123477278530547382271965633,,,,,,,,
2.547,0.149758027358539555759165080847,-0.6058731035167563868407425518965,-0.0088768566145233142521282548979321,,,,,,,,
2.548,0.149153384495155938827320502652,-0.6034142494676609444298080556994,-0.0091433801648100258403942997261998,,,,,,,,
2.549,0.14855119561447869345650484709135,-0.60096513078440665715797082799355,-0.009418457965589403923882230538553,,,,,,,,
2.5500000000000003,0.14795145100309082957466584291851,-0.59852570357980703961317645739502,-0.0097023743728007131464931131945163,,,,,,,,
2.551,0.14735414099143156177394465108356,-0.59609592402808640536556322200513,-0.0099954234535749870920309725504921,,,,,,,,
2.552,0.14675925595373656999170888089092,-0.59367574836152434469518925987436,-0.010297909319261629902500888565665,,,,,,,,
2.553,0.14616678630798165380614077897647,-0.59126513286702362449304098925531,-0.010610146469552678246616333100526,,,,,,,,
2.5540000000000003,0.1455767225158298581168774463036,-0.58886403388259911250833850839083,-0.010932460148036405718558026883883,,,,,,,,
2.555,0.14498905508258215041690780319363,-0.58647240779378525194626131146911,-0.011265186709518511346285579809791,,,,,,,,
2.556,0.14440377455713173237504347870665,-0.58409021102995953376609007292921,-0.011608673999455516734509762307094,,,,,,,,
2.557,0.1438208715319220710413250872875,-0.58171740006057933280591420034024,-0.011963281745851165880186419080068,,,,,,,,
2.5580000000000003,0.14324033664290873766331464009699,-0.57935393139132938997909918311766,-0.012329381963972537880788496741381,,,,,,,,
2.559,0.14266216056952514486206117627925,-0.57699976156017713615924056539632,-0.012707359374248201933324725008253,,,,,,,,
2.56,0.14208633403465227576540409749659,-0.57465484713333296390083349236185,-0.013097611833716018567336858728124,,,,,,,,
2.561,0.14151284780459250163608627787864,-0.57231914470111246073561156767653,-0.013500550781393069092161517443456,,,,,,,,
2.562,0.14094169268904758756587433936295,-0.56999261087369752233936793128331,-0.013916601697944620330218844131794,,,,,,,,
2.563,0.14037285954110098893761587569548,-0.56767520227679316527751695313482,-0.014346204580032942521316191441022,,,,,,,,
2.564,0.13980633925720454458809755230981,-0.56536687554717675720255657140823,-0.014789814429730128235131098293708,,,,,,,,
2.565,0.13924212277716967593900755290833,-0.56306758732813627718211019506774,-0.015247901759381737010248762658748,,,,,,,,
2.566,0.13868020108416320480466718350597,-0.56077729426479411016768455219508,-0.015720953112310036011088365321184,,,,,,,,
2.567,0.13812056520470790613701263257675,-0.55849595299931276735302171785945,-0.016209471599746736569494336573834,,,,,,,,
2.568,0.13756320620868791563423267363402,-0.55622352016597880819417966225239,-0.016713977454385348464383968160334,,,,,,,,
2.569,0.13700811520935911592328012443752,-0.55395995238616112004421452396329,-0.017235008600942489220629040879815,,,,,,,,
2.57,0.13645528336336462893208201009753,-0.55170520626313958756211606131253,-0.01777312124411558772428547331169,,,,,,,,
2.571,0.13590470187075554609871719469077,-0.54945923837680005615245431590713,-0.018328890474321294786228184100951,,,,,,,,
2.572,0.13535636197501703222629068852556,-0.54722200527819136153829043840076,-0.018902910891594433691959562144887,,,,,,,,
2.573,0.13481025496309994308803402059888,-0.54499346348394006101965200276373,-0.019495797248021357430663471738578,,,,,,,,
2.574,0.13426637216545810132177225833751,-0.54277356947051836087256844416024,-0.020108185109073982181610982632038,,,,,,,,
2.575,0.13372470495609137973094504279132,-0.54056227966836058854335348531735,-0.02074073153420138387370308923974,,,,,,,,
2.576,0.13318524475259474583563462304145,-0.53835955045582340762812398545236,-0.021394115777024509797758487452457,,,,,,,,
2.577,0.13264798301621342639648573510879,-0.53616533815298481793144984612872,-0.022069040005466091638634109332666,,,,,,,,
2.578,0.13211291125190435567211759760237,-0.53397959901527682199770635937361,-0.022766230042132058165376045974184,,,,,,,,
2.579,0.1315800210084040763719204357025,-0.53180228922694647322529007207451,-0.023486436125242429597788183015598,,,,,,,,
2.58,0.13104930387830326763647290434262,-0.52963336489433984882226341397858,-0.024230433690388611115323251613938,,,,,,,,
2.581,0.13052075149812807992287597775652,-0.52747278203900331325065400672163,-0.024999024173369954311699109140046,,,,,,,,
2.582,0.12999435554842846239793160517324,-0.52532049659059625423730688748389,-0.025793035834335170409279411587653,,,,,,,,
2.583,0.12947010775387367435436068661173,-0.52317646437960928369670491397723,-0.026613324603423388135845022155689,,,,,,,,
2.584,0.12894799988335517827042341272415,-0.52104064112988169980320199590007,-0.027460774948065064386466657283741,,,,,,,,
2.585,0.12842802375009711843786047238819,-0.51891298245091180374690592640799,-0.028336300762064269841370352251702,,,,,,,,
2.586,0.12791017121177459559372436155903,-0.51679344382995345518157517183081,-0.029240846276540756889964501452537,,,,,,,,
2.587,0.12739443417063995471535570510876,-0.51468198062389203378898257483246,-0.030175386992762324365650630287075,,,,,,,,
2.588,0.12688080457365731008165927212164,-0.5125785480508927504986482204389,-0.031140930636844951019832976373726,,,,,,,,
2.589,0.12636927441264553887537519946798,-0.51048310118181402046253923043969,-0.032138518136239581987827158772066,,,,,,,,
2.59,0.12585983572442998200790630892241,-0.50839559493137837063034918873078,-0.0331692246178598995616428309626,,,,,,,,
2.591,0.12535248059100309849840124111834,-0.50631598404909310743225677526995,-0.034234160427634445285791699324845,,,,,,,,
2.592,0.12484720113969432764042910698923,-0.50424422310991271437313496300031,-0.035334472171188611547898559790852,,,,,,,,
2.593,0.12434398954334942135122248953185,-0.50218026650463468498578250243438,-0.036471343775276786029024786959741,,,,,,,,
2.594,0.12384283802051951752891421375591,-0.50012406843002022328151189896036,-0.037645997569491780823128675937658,,,,,,,,
2.595,0.1233437388356602339515562065178,-0.49807558287863096126452358080056,-0.038859695387677048459697902552136,,,,,,,,
2.596,0.1228466842993410712474080682509,-0.49603476362837255092126842134703,-0.040113739688356486628377483560246,,,,,,,,
2.597,0.12235166676846542275876697898742,-0.49400156423173568602559065480513,-0.041409474693376236663509036662205,,,,,,,,
2.598,0.12185867864650149872156518807784,-0.49197593800472479677139821375439,-0.042748287543822128772475448876544,,,,,,,,
2.599,0.12136771238372448210052193292345,-0.489957838015464337301480382349,-0.044131609472134626079570314964941,,,,,,,,
2.6,0.12087876047747024366560015643941,-0.4879472170724722522760256111469,-0.045560916989189541027764274378751,,,,,,,,
2.601,0.1203918154724009544810560468617,-0.48594402771258986333668764904499,-0.047037733084946676807440702898815,,,,,,,,
2.602,0.11990686996078294491503970983669,-0.48394822218855705927772456129025,-0.048563628441089082063994684563478,,,,,,,,
2.603,0.11942391658277717057746751774551,-0.48195975245622130452706976358178,-0.050140222653881961154074758291322,,,,,,,,
2.604,0.11894294802674265726911497152037,-0.47997857016136859874524905734955,-0.051769185465271579693003545545909,,,,,,,,
2.605,0.11846395702955330908837661067103,-0.47800462662616412553219142002565,-0.053452238000019834232575837361206,,,,,,,,
2.606,0.117986936376928476307154175411,-0.47603787283518991993934458582825,-0.055191154006428567342622887948708,,,,,,,,
2.607,0.11751187890377769250757308794128,-0.47407825942106646224952103588785,-0.056987761097948221127185341493719,,,,,,,,
2.608,0.11703877749456000378087327129075,-0.47212573664964466882572135418288,-0.058843941992687014654539989680622,,,,,,,,
2.609,0.1165676250836583265435484649335,-0.47018025440475429924214441233373,-0.06076163574753845221694135271403,,,,,,,,
2.61,0.11609841465576928473880294185191,-0.46824176217249433187763857361958,-0.062742838983325537034288141473693,,,,,,,,
2.611,0.11563113924630899187936729781549,-0.46631020902505037713793234828902,-0.064789607097018467838994854833379,,,,,,,,
2.612,0.1151657919418352585669224739575,-0.46438554360402369792347130807158,-0.066904055456717697433418214348165,,,,,,,,
2.613,0.11470236588048672181064428436015,-0.46246771410325589030072463694302,-0.069088360574704875321486063870157,,,,,,,,
2.614,0.11424085425243940868010408253876,-0.46055666825113274297268564877922,-0.0713447612534492070130949342198,,,,,,,,
2.615,0.11378125030038126358395338058608,-0.45865235329235024146471708708004,-0.073675559699014956012415619874718,,,,,,,,
2.616,0.11332354732000518578411461042869,-0.45675471596912511130940264878865,-0.076083122595846002263004599056055,,,,,,,,
2.617,0.11286773866052114165487655318235,-0.45486370250183170327124877452748,-0.078569882136404368203723688144633,,,,,,,,
2.618,0.11241381772518793469729970560624,-0.45297925856904641211886293913438,-0.081138336998610258778213473688259,,,,,,,,
2.619,0.11196177797186523544231416230719,-0.45110132928698018792513281680862,-0.083791053263470286306896209437193,,,,,,,,
2.62,0.11151161291358649314219613926872,-0.44922985918827904462727680615871,-0.086530665264687052013247428124298,,,,,,,,
2.621,0.11106331611915337158183480978193,-0.44736479220017179385578266101361,-0.089359876361416069167700312583985,,,,,,,,
2.622,0.11061688121375237246120990700754,-0.44550607162194353206575139432606,-0.092281459624674138781319450843851,,,,,,,,
2.623,0.11017230187959433163244550200902,-0.44365364010171268497093253598694,-0.095298258427205810104889508650325,,,,,,,,
2.624,0.10972957185657749604315819094052,-0.44180743961248866435718383388664,-0.098413186925880659179982204458921,,,,,,,,
2.625,0.10928868494297491256789703107259,-0.43996741142748641767722955854457,-0.10162923042492310750381677919535,,,,,,,,
2.626,0.10884963499614688402747192370209,-0.43813349609467334951213597420035,-0.10494944560746783618269540491342,,,,,,,,
2.6270000000000002,0.10841241593327927262898605761072,-0.4363056334105232651063353618289,-0.10837696062208716141179487551715,,,,,,,,
2.628,0.10797702173214845683546186136134,-0.43448376239295112879056999974301,-0.11191497501005186382989716936499,,,,,,,,
2.629,0.10754344643191377432208178268536,-0.43266782125340154321686022694053,-0.11556675945816398648852689070153,,,,,,,,
2.63,0.10711168413393831122625868658387,-0.43085774736806293792438641694434,-0.11933565536103939034570989090223,,,,,,,,
2.6310000000000002,0.10668172900263892638204348197749,-0.4290534772481785067836314325865,-0.12322507417572005691090898460547,,,,,,,,
2.632,0.1062535752663664286778764357816,-0.42725494650942395224157163615234,-0.1272384965504622922439690673196,,,,,,,,
2.633,0.10582721721831685612360498953641,-0.42546208984032107889005300141536,-0.13137947120847856378903978567957,,,,,,,,
2.634,0.10540264921747483669237796946399,-0.42367484096965522854216286060077,-0.1356516135663096049501997127995,,,,,,,,
2.6350000000000002,0.10497986568959004355101689430893,-0.42189313263286346252818527153398,-0.14005860406537208749665516711906,,,,,,,,
2.636,0.10455886112818779094551168005378,-0.42011689653735927307458480897791,-0.14460418619406860879376409899846,,,,,,,,
2.637,0.1041396300956148518044018782137,-0.41834606332675844312638800520381,-0.14929216417666464080566393701789,,,,,,,,
2.638,0.10372216722412161410129813501309,-0.41658056254396947149311495322941,-0.15412640030393583530990516358469,,,,,,,,
2.6390000000000002,0.10330646721698173021932811219331,-0.41482032259311073637541762293721,-0.15911081187937386926200857350251,,,,,,,,
2.64,0.10289252484965045202690083106259,-0.41306527070021528375348391264834,-0.16424936775351592182703530466937,,,,,,,,
2.641,0.1024803349709628841493506495607,-0.41131533287268279633278450393404,-0.16954608441773894444227625553506,,,,,,,,
2.642,0.10206989250437342904970402009999,-0.40957043385743692224433289380653,-0.17500502162764322082053704815434,,,,,,,,
2.6430000000000002,0.10166119244923774006049368295042,-0.40783049709774471893318351379981,-0.18063027752494957323968309726246,,,,,,,,
2.644,0.10125422988213854248528786122773,-0.4060954446886534950383865661368,-0.18642598322566146725620461124388,,,,,,,,
2.645,0.1008489999582567283630957125532,-0.40436519733099880991677029970702,-0.19239629684110906884508808188518,,,,,,,,
2.646,0.10044549791278917751242361111585,-0.40263967428393581508582687389281,-0.19854539689741034863708343071231,,,,,,,,
2.6470000000000002,0.10004371906241480609759142494954,-0.40091879331594449249772930482651,-0.20487747511786951082959619258705,,,,,,,,
2.648,0.099643658806810394242862946214127,-0.39920247065425765939180589848215,-0.21139672853190193215739549058235,,,,,,,,
2.649,0.099245312630217796216732731949796,-0.39749062093265886663455928718027,-0.21810735087324579901474670098244,,,,,,,,
2.65,0.098848676103064190477976587141397,-0.39578315713759551501426504655155,-0.22501352322951399180775792865068,,,,,,,,
2.6510000000000002,0.098453744883637082477408492686062,-0.39407999055255064992145298740273,-0.23211940390457774387679581646233,,,,,,,,
2.652,0.0980605147198158306073069167708,-0.39238103070061496716630180317083,-0.23942911745488054863768751221019,,,,,,,,
2.653,0.097668981450861525148874057621334,-0.3906861852851985692459140771629,-0.24694674286058323312300376942517,,,,,,,,
2.654,0.097279141009267111553713580571369,-0.38899536012881995000155695518576,-0.25467630079246784460015789530026,,,,,,,,
2.6550000000000002,0.096890989422669712977206251635559,-0.38730845910990755405607996631822,-0.26262173993581011209051267572495,,,,,,,,
2.656,0.096504522815827172731154263536484,-0.3856253840975470533861828383899,-0.27078692233300120890831025508437,,,,,,,,
2.657,0.096119737412660905313822203948653,-0.38394603488410520448650609274973,-0.2791756077075951981827030808531,,,,,,,,
2.658,0.095736629538367214983604683705425,-0.38227030911565879337704216620164,-0.28779143673371710566447839085762,,,,,,,,
2.6590000000000003,0.095355195621599313546557474932004,-0.38059810222015473967613066278273,-0.29663791321642858038272956982934,,,,,,,,
2.66,0.094975432196722344209052129630137,-0.37892930733322491252074679932489,-0.30571838515075637534669591981821,,,,,,,,
2.661,0.09459733590614379608858881394777,-0.37726381522157660760362770299553,-0.31503602462968833977886705177128,,,,,,,,
2.662,0.094220903502721774364760966807442,-0.37560151420387694327890301122463,-0.32459380657457914987170080294498,,,,,,,,
2.6630000000000003,0.093846131852253674177712273940195,-0.37394229006904665175537439405211,-0.33439448626513222832314153851633,,,,,,,,
2.664,0.093473017936047892335211971763711,-0.37228602599187586596474188656608,-0.34444057565048524882006613931219,,,,,,,,
2.665,0.093101558853581299766672197897584,-0.37063260244587153079964281339506,-0.354734318427975374399952525229,,,,,,,,
2.666,0.092731751825245289561014377610883,-0.36898189711324299602479510627876,-0.36527766388194861490803434587454,,,,,,,,
2.6670000000000003,0.092363594195183310446311325483543,-0.36733378479192917415737668424549,-0.37607223948155712962750837582911,,,,,,,,
2.668,0.091997083434222893816794278241846,-0.36568813729956736679524302351933,-0.38711932224391006404259272391584,,,,,,,,
2.669,0.091632217142905283994559968915941,-0.36404482337430047397026993025571,-0.3984198088772573522125274781659,,,,,,,,
2.67,0.091268993054615886439895404071309,-0.36240370857231579976684035768773,-0.40997418472813936361782789306177,,,,,,,,
2.6710000000000003,0.090907409038818857209702033886114,-0.36076465516200505024143086732804,-0.4217824915666726221457250207611,,,,,,,,
2.672,0.090547463104399269225661394125456,-0.3591275220146313830991718878568,-0.43384429425540301648995744442408,,,,,,,,
2.673,0.090189153403116406973704135749212,-0.35749216449138550904008519746565,-0.44615864635947727993648788366637,,,,,,,,
2.674,0.089832478233171861238812401466747,-0.35585843432670885851732104171901,-0.45872405476928834966310501653787,,,,,,,,
2.6750000000000003,0.089477436042896219512692722217843,-0.35422617950775771111204504905383,-0.47153844342125926870547147064264,,,,,,,,
2.676,0.089124025434558275928671439516859,-0.35259524414987793401003198657552,-0.48459911621805207614424427344046,,,,,,,,
2.677,0.088772245168300817114406744332019,-0.35096546836795558727609532409223,-0.49790271926621909821635126877461,,,,,,,,
2.678,0.088422094166207177348723317865482,-0.34933668814350412280617142098418,-0.51144520256713666704993442488565,,,,,,,,
2.6790000000000003,0.088073571516502898008092130257792,-0.34770873518734422696708029126056,-0.52522178131594197029165521618528,,,,,,,,
2.68,0.087726676477896972639092951742573,-0.34608143679772752991957870646759,-0.53922689698308069534841073751833,,,,,,,,
2.681,0.087381408484067310247826483669236,-0.34445461571375042330871166762221,-0.55345417837389418412550064863676,,,,,,,,
2.682,0.08703776714829520571208429502849,-0.34282808996389908818668894274385,-0.5678964028833350926239331886241,,,,,,,,
2.6830000000000003,0.086695752268253767757772241749952,-0.34120167270956153244492931212075,-0.58254545818528025314890117019945,,,,,,,,
2.684,0.086355363830955421862537802468618,-0.33957517208333696736358195007229,-0.59739230461886160710829794991978,,,,,,,,
2.685,0.086016602017863777926025934379336,-0.33794839102196721178757266228052,-0.61242693855758447377686025016338,,,,,,,,
2.686,0.085679467210175330751302758757975,-0.33632112709370899552246961836784,-0.62763835707053955656640399637697,,,,,,,,
2.6870000000000003,0.085343959994276645493762333102886,-0.33469317231996003639896757426537,-0.64301452420850048768286627323679,,,,,,,,
2.688,0.08501008116738287043471170594508,-0.33306431299094558365122284641724,-0.65854233927085748162660838577962,,,,,,,,
2.689,0.084677831743363615913691537638608,-0.33143432947526574935283170546185,-0.67420760743185946370387938308023,,,,,,,,
2.69,0.084347212958762441197750594717546,-0.32980299602309738521833753770014,-0.68999501312617552464700106751148,,,,,,,,
2.691,0.084018226279016400673099779088455,-0.32817008056283749968523450937312,-0.70588809661395944988737775267726,,,,,,,,
2.692,0.08369087340488231721498253594568,-0.32653534449096824544612353366605,-0.72186923416399092099517274664066,,,,,,,,
2.693,0.083365156279076674129746826948791,-0.32489854245491633614921430920012,-0.73791962230962271095178699825307,,,,,,,,
2.694,0.083041077093136247877849048010977,-0.32325942212867236853157074299422,-0.75401926664570259664392069752542,,,,,,,,
2.695,0.082718638294506842090982161883868,-0.32161772398092792857228789287213,-0.77014697564485200080042682574397,,,,,,,,
2.696,0.082397842593867729407994326351438,-0.31997318103548054322544670271872,-0.78628035997793783400948874410643,,,,,,,,
2.697,0.082078692972699661594116673902459,-0.31832551862364849890396194112974,-0.8023958378257198864535014400442,,,,,,,,
2.698,0.08176119269110457050155986298316,-0.31667445412842928026262933445026,-0.81846864666593384044439206790395,,,,,,,,
2.699,0.081445345295885352905871770254086,-0.31501969672012688426292298531858,-0.83447286201191869649003966313189,,,,,,,,
2.7,0.08113115462889441134429198499175,-0.31336094708316453147592382012615,-0.85038142356476497789405185808379,,,,,,,,
2.701,0.080818624835659911025820702909557,-0.31169789713379032579717091727592,-0.86616616922031438927477164106952,,,,,,,,
2.702,0.080507760374299009917140031224207,-0.31003022972837420216643868362988,-0.8817978773446832658652265922433,,,,,,,,
2.703,0.080198566024727625476084382099221,-0.30835761836198504675453593882429,-0.89724631769685844453760334155568,,,,,,,,
2.704,0.079891046898176617449844290071836,-0.30667972685692717297488796816902,-0.91248031133393412077298194002386,,,,,,,,
2.705,0.079585208447024591925536993694385,-0.3049962090409053875472749407701,-0.92746779978340853190277939933424,,,,,,,,
2.706,0.079281056474957867665068230740567,-0.30330670841447768204837670198075,-0.94217592370742095472010386144901,,,,,,,,
2.707,0.078978597147468491924631314820946,-0.30161085780744413575826946665168,-0.95657111121577484022008214843983,,,,,,,,
2.708,0.078677837002701549702945450029221,-0.29990827902380991450274172882027,-0.97061917590808243755877119592179,,,,,,,,
2.709,0.078378782962663377932996428336764,-0.29819858247494929752473555008538,-0.9842854246405450832746024693141,,,,,,,,
2.71,0.078081442344802674780939181858739,-0.29648136680058646076111154905785,-0.99753477492007652454072820572585,,,,,,,,
2.711,0.077785822873976884193368055797328,-0.29475621847719729152809228857886,-1.0103318817281830559981116630826,,,,,,,,
2.712,0.077491932694816637389112907256157,-0.29302271141342480858629798688427,-1.0226412734699181173643039598149,,,,,,,,
2.713,0.077199780384501446370353495570138,-0.29128040653208881578077288084852,-1.0344274966302087460768841995361,,,,,,,,
2.714,0.076909374965960269973055402097419,-0.28952885133835823079497704322664,-1.0456552686019848419899352303744,,,,,,,,
2.715,0.076620725921511010727039187237275,-0.2877675794736421079200908151463,-1.0562896380291082617438488598104,,,,,,,,
2.716,0.076333843206953451084462524448022,-0.28599611025474272115836365978676,-1.0662961518835732824856421973252,,,,,,,,
2.717,0.076048737266130600628535957462986,-0.28421394819780119873090267893365,-1.0756410283724975053609679116132,,,,,,,,
2.718,0.075765419045973901910371807796108,-0.28242058252655311078316048804895,-1.0842913346478815621558490917641,,,,,,,,
2.719,0.075483900012048231790080981741148,-0.28061548666439811889323440019587,-1.0922151681729796214581379753215,,,,,,,,
2.72,0.075204192164613137776769357033442,-0.27879811770977431061995743543382,-1.0993818404855105046558598988193,,,,,,,,
2.721,0.074926308055217265056532963395279,-0.27696791589431417826605851406165,-1.1057620619920655849415488185726,,,,,,,,
2.722,0.074650260803843459839070970392659,-0.27512430402324537367072436440905,-1.1113281263322047465088734051558,,,,,,,,
2.723,0.074376064116622578496873226178001,-0.27326668689748539765154638676206,-1.1160540927671573057876255359946,,,,,,,,
2.724,0.074103732304134589852266252484253,-0.27139445071686528340076539841955,-1.119915964979005207033630048604,,,,,,,,
2.725,0.073833280300316130002175844491916,-0.26950696246390312985228508529631,-1.1228918646138746988087878469022,,,,,,,,
2.726,0.073564723681994255350095484471823,-0.26760356926753405855719238716409,-1.1249621978690073541554708298454,,,,,,,,
2.727,0.073298078689066740105057390982559,-0.26568359774618883357042848838778,-1.1261098134104252981305957174012,,,,,,,,
2.728,0.073033362245349879444852352971719,-0.26374635332959902897457654130152,-1.1263201499167916117723620334755,,,,,,,,
2.729,0.072770591980115388829443745035428,-0.26179111955869228698986800663793,-1.1255813715772217832289926445188,,,,,,,,
2.73,0.072509786250338633558765122069071,-0.25981715736292691877291535632901,-1.1238844899270848744617137418423,,,,,,,,
2.731,0.072250964163681080525633428770737,-0.25782370431440090148994063948115,-1.1212234704866893612928215853514,,,,,,,,
2.732,0.071994145602230536104547179946959,-0.25580997385805626473078040542987,-1.117595322773172045450731548268,,,,,,,,
2.733,0.071739351247023420077983903617704,-0.25377515451728598696121677349987,-1.1130001723854115758347566956212,,,,,,,,
2.734,0.071486602603374025218239663363806,-0.25171840907423689347182735607228,-1.1074413140143840596744464377133,,,,,,,,
2.735,0.071235922027036425342100976802659,-0.24963887372408872133604171157167,-1.1009252444055745339536585271856,,,,,,,,
2.736,0.070987332751225421002024997731619,-0.24753565720257655997241632395387,-1.0934616744938637691967784274601,,,,,,,,
2.737,0.070740858914523651066658914825313,-0.24540783988601135972742245365011,-1.0850635201422565144912394807277,,,,,,,,
2.738,0.070496525589702749796206615291943,-0.24325447286304120357639003930385,-1.0757468711409937984753533348944,,,,,,,,
2.739,0.070254358813487192073585909438674,-0.24107457697738464357193408855629,-1.0655309383596932893690651714732,,,,,,,,
2.74,0.070014385617290243561122646348657,-0.23886714184075670639735190461414,-1.0544379791885506538062688652342,,,,,,,,
2.741,0.069776634058952216969070845194417,-0.23663112481519827152458360228532,-1.042493201651414824388750291783,,,,,,,,
2.742,0.069541133255512029496523379350316,-0.23436544996401052966651096419258,-1.0297246478196483684007740806065,,,,,,,,
2.743,0.069307913417043858874197274379744,-0.23206900697048825607887305926699,-1.0161630573969423859199195111872,,,,,,,,
2.744,0.069077005881591505216676743115083,-0.22974065002363881003690599506704,-1.0018417125775251487000137370291,,,,,,,,
2.745,0.068848443151233881861215111862878,-0.22737919667006823595872019498973,-0.98679626549944434333187326557143,,,,,,,,
2.746,0.068622258929315879170498207009623,-0.22498342663121174156427190819901,-0.9710645498169783072482989985123,,,,,,,,
2.747,0.068398488158879669393072992255311,-0.22255208058508332417025401871112,-0.95468637809820381448630265793559,,,,,,,,
2.748,0.068177167062332346426511949744071,-0.22008385891171858013180319125427,-0.93770332691216255266711392466935,,,,,,,,
2.749,0.067958333182386619854961651872848,-0.21757742040148595012084753645341,-0.92015851160223181415458472917563,,,,,,,,
2.75,0.067742025424312105882166109935204,-0.2150313809254450239348623498914,-0.90209635284604859191890808700672,,,,,,,,
2.751,0.067528284099535576494107323119682,-0.21244431206693626726359040687817,-0.88356233717606715492931932917348,,,,,,,,
2.7520000000000002,0.067317150970629339880610545694526,-0.20981473971359486945706452336983,-0.8646027736775652504348631432157,,,,,,,,
2.753,0.06710866929772772710274885033912,-0.20714114260899259267307917894791,-0.84526454909229821135785658210557,,,,,,,,
2.754,0.066902883886412449237194861831692,-0.20442195086312579333376793259479,-0.82559488353630691015250002886975,,,,,,,,
2.755,0.066699841137108362510602697185504,-0.20165554442098546976082301513875,-0.80564108899050052325094919571294,,,,,,,,
2.7560000000000002,0.06649958909603193271451117588882,-0.19884025148846656808283526718575,-0.78545033264402421592900592998155,,,,,,,,
2.757,0.066302177507735420608782830381198,-0.19597434691489917572127916373561,-0.76506940706508357883145161622283,,,,,,,,
2.758,0.066107657869290512889300281324035,-0.19305605053151399359697518085273,-0.74454450904430283391371610786818,,,,,,,,
2.759,0.065916083486155794066525317872736,-0.19008352544518897336747556574835,-0.7239210288047147681706662071907,,,,,,,,
2.7600000000000002,0.065727509529773088347840214268603,-0.18705487628686362747439994726502,-0.70324335110331143735877386290817,,,,,,,,
2.761,0.06554199309693829200499489970073,-0.18396814741405268597245998498779,-0.68255466956515754901051730830133,,,,,,,,
2.762,0.065359593270992859973476077182633,-0.18082132106694193013188346245122,-0.66189681539596436668603751156463,,,,,,,,
2.763,0.06518037118488259934923701744259,-0.17761231547760665167076470741491,-0.64131010141638428910604376771188,,,,,,,,
2.7640000000000002,0.065004390086130850308528956401018,-0.17433898293195777035857662601003,-0.62083318215473529943372615308145,,,,,,,,
2.765,0.06483171540377349454983469840934,-0.17099910778409272421198613850305,-0.60050293052791765297523671140231,,,,,,,,
2.766,0.064662414817303514866110353840431,-0.16759040442280838978840429537812,-0.58035433143628403107119532382938,,,,,,,,
2.767,0.064496558327673028543147638616693,-0.16411051519012209222846907111582,-0.56042039240027055337935684318695,,,,,,,,
2.7680000000000002,0.064334218330400822974357442886084,-0.1605570082517448567933574970624,-0.54073207117749721872904009318681,,,,,,,,
2.769,0.064175469690833424563547875951068,-0.15692737541955910194139937190666,-0.5213182201212733641792058972706,,,,,,,,
2.77,0.064020389821607621350939712128534,-0.15321902992627168098948704277487,-0.50220554687709902972645415203095,,,,,,,,
2.771,0.063869058762362124818303071730745,-0.14942930415254328484777855645015,-0.48341859086455073733655215586029,,,,,,,,
2.7720000000000002,0.063721559261745685222546994974648,-0.14555544730703750008008320472066,-0.46497971485919697119392332255384,,,,,,,,
2.773,0.063577976861768454991906948552752,-0.14159462305998809142217505773363,-0.44690911087382590419354779010271,,,,,,,,
2.774,0.063438399984542712777091502177211,-0.13754390713105220222704337306924,-0.42922481944082274802592010490185,,,,,,,,
2.775,0.063302920021458202387095592448025,-0.13340028483240103644065666146456,-0.41194276131817908192623820984721,,,,,,,,
2.7760000000000002,0.063171631424836290845139159447262,-0.12916064856819913823171561295885,-0.39507678058018650172302807771244,,,,,,,,
2.777,0.063044631802105892006899501886049,-0.12482179529183959714213033888,-0.37863869800989159953952932659905,,,,,,,,
2.778,0.062922022012542619426567718367999,-0.12038042392253639440197356787313,-0.36263837368312989615725177277576,,,,,,,,
2.779,0.062803906266610906235410134879788,-0.11583313272312772604266486058538,-0.3470837776224453653230857736868,,,,,,,,
2.7800000000000002,0.062690392227946841436118957841057,-0.11117641664121658521649462030057,-0.33198106740228437072214425729512,,,,,,,,
2.781,0.062581591118017200824756533464368,-0.10640666461606829125038064885409,-0.31733467160322655738964613667115,,,,,,,,
2.782,0.062477617823487575191708731437089,-0.1015201568540001830920766047821,-0.30314737804127292264033296792355,,,,,,,,
2.783,0.062378591006329595801713295466118,-0.096513062075337549285226591203352,-0.28942042573687798491713212511724,,,,,,,,
2.7840000000000003,0.062284633216694003474237726623086,-0.091381434736373274398695681179326,-0.27615359963598227775483108846043,,,,,,,,
2.785,0.062195871008572677700520194377731,-0.086121212230157897788721006239287,-0.26334532715026815127602819219303,,,,,,,,
2.786,0.062112435058268709697775369799357,-0.080728212070363080928047889498719,-0.25099277564475107677052187573544,,,,,,,,
2.787,0.062034460285689140384992187314635,-0.075198129062906156556666899060195,-0.23909195006621047044122122299268,,,,,,,,
2.7880000000000003,0.061962085978470061941316166742203,-0.069526532470497788569362274014809,-0.2276377899745145934314831764274,,,,,,,,
2.789,0.061895455918938369546311078925456,-0.063708863175780110183889458787392,-0.2166242653093521170714268342423,,,,,,,,
2.79,0.061834718513908516468526590337598,-0.057740430849260327694163241830478,-0.20604447029610256914959787824375,,,,,,,,
2.791,0.061780026927306137940796735106589,-0.051616411128815960219694535719047,-0.19589071496552740785493885512414,,,,,,,,
2.7920000000000003,0.061731539215603333043954945143879,-0.045331842818153887405921752421195,-0.18615461383173076902131908828173,,,,,,,,
2.793,0.061689418466042693685268040623172,-0.038881625112247412287196924358315,-0.17682717134063359079762037534774,,,,,,,,
2.794,0.061653832937618809084491998019525,-0.032260514858454776623951265084516,-0.16789886376635752803175034122446,,,,,,,,
2.795,0.061624956204776915222252158176815,-0.025463123862740081830831537619129,-0.1593597172948745852873357075351,,,,,,,,
2.7960000000000003,0.061602967303778562667373983190018,-0.018483916251174372678401053976835,-0.1511993820926065215159227249269,,,,,,,,
2.797,0.061588050881673603336654593376586,-0.011317205897691627414557494723474,-0.1434072022120230197963548667898,,,,,,,,
2.798,0.061580397347806406476469577882057,-0.0039571539299123302077827369530436,-0.13597228123645613681544369282208,,,,,,,,
2.799,0.061580203027771965226818645726266,0.0036022336742732121717071102462082,-0.12888354361217724419723352416379,,,,,,,,
2.8000000000000003,0.061587670319724405752168292597013,0.011367108385748182402123468408228,-0.12212979165720869810941479901111,,,,,,,,
2.801,0.061603007852926318995283987151097,0.019343781304261909268086692716427,-0.11569975827337399060015734164564,,,,,,,,
2.802,0.061626430648412258432527321932818,0.027538725203988767947585183992429,-0.1095821554207967688162729158144,,,,,,,,
2.803,0.061658160281623643753641760037968,0.035958576427922559175725340453861,-0.10376571844256257021911613025399,,,,,,,,
2.8040000000000003,0.061698425046855138596780274956257,0.04461013661338672387426105429317,-0.09823924635172221358780805310254,,,,,,,,
2.805,0.061747460123334289590216448369481,0.053500374229811649186574633819397,-0.09299163821344188854858759506338,,,,,,,,
2.806,0.061805507742736784427490075753439,0.062636425908762397837624041605842,-0.088011925772118157402953302206256,,,,,,,,
2.807,0.061872817357919070595716867667991,0.072025597544995297784687381001917,-0.08328930248692181935995574980884,,,,,,,,
2.8080000000000003,0.061949645812628237851085550344631,0.081675365146082320824879733139295,-0.078813149149771306801496584351181,,,,,,,,
2.809,0.062036257511925973387571989256706,0.091593375406870974455444072893441,-0.074573056267429540294943535941791,,,,,,,,
2.81,0.062132924593039018892029970706276,0.1017874459837480654697732531514,-0.070558843394535606261549912681387,,,,,,,,
2.811,0.062239927096322867206926859973459,0.11226556544235237913915338801311,-0.066760575607189640621711115952105,,,,,,,,
2.8120000000000003,0.062357553135998411594860714657329,0.12303589285103900841606736823348,-0.063168577307465426654987416127569,,,,,,,,
2.813,0.062486099070292886432504141692976,0.13410675699104252476140897075417,-0.059773443548181102375278035921491,,,,,,,,
2.814,0.062625869670586704564921027796437,0.14548665515292404265040097345641,-0.056566049064653427587295281736743,,,,,,,,
2.815,0.06277717828913670063677256532919,0.15718425148752607525623112724734,-0.05353755519622160522985410564225,,,,,,,,
2.816,0.062940347024913836680860699342109,0.1692083748783075066578387872073,-0.050679414875264587155054957911416,,,,,,,,
2.817,0.063115706887059630417682086131649,0.18156801630059870032371769608132,-0.04798337585544770671658173722959,,,,,,,,
2.818,0.063303597955430452690034846176029,0.19427232563201456600159425045977,-0.045441482344201128535896953965232,,,,,,,,
2.819,0.063504369537662444260925404395274,0.2073306078770033851564896266683,-0.043046075197118743040367531157578,,,,,,,,
2.82,0.063718380322152172586258852428654,0.22075231876730470894278513427506,-0.0407897908242206086690291029532,,,,,,,,
2.821,0.063945998526309348913805037353356,0.23454705969895540733138893424307,-0.03866555894997813549525706629824,,,,,,,,
2.822,0.064187602039398033350614519146548,0.24872457196543508980431184313971,-0.036666599360777137776204100709124,,,,,,,,
2.823,0.064443578559241865429204173069425,0.26329473024559822403384646548972,-0.034786417765193505924529848051065,,,,,,,,
2.824,0.064714325722027083569668753057659,0.27826753530421943692934992083991,-0.033018800884169806793037967807784,,,,,,,,
2.825,0.065000251224394571912061679905615,0.29365310586230130932046073655601,-0.031357810879986121905618719195828,,,,,,,,
2.826,0.06530177293696905190081109422839,0.30946166959378263217810910802011,-0.029797779224880557171105321841839,,,,,,,,
2.827,0.065619319008429996293142774735874,0.32570355320496328152185051305596,-0.02833330010234890088472565183814,,,,,,,,
2.828,0.06595332795918508695487662146855,0.34238917155285481479457951237753,-0.026959223426583730815998046125558,,,,,,,,
2.829,0.066304248763663292884962885276889,0.35952901575880029469232508061382,-0.025670647558236743703653488853305,,,,,,,,
2.83,0.06667254092020116677230814753891,0.37713364027411081677369633006717,-0.02446291178773199496738381332576,,,,,,,,
2.831,0.067058674507453031206476669285231,0.39521364885516917456798411432846,-0.0233315886507426983102257178079,,,,,,,,
2.832,0.067463130226213663631494486146052,0.41377967940648364020615503760388,-0.022272476134184506685166140977671,,,,,,,,
2.833,0.067886399425501237564913343925929,0.43284238765156858311670558915753,-0.021281589825182495526965008205409,,,,,,,,
2.834,0.068328984111709013853965445593448,0.45241242959331601469460985947099,-0.020355155049941315645009926600606,,,,,,,,
2.835,0.068791396939597009880719771213496,0.47250044272773611172873297504093,-0.01948959904428799066811912472447,,,,,,,,
2.836,0.06927416118386004986859787954169,0.49311702597761857652138288633604,-0.018681543192860948598879296314884,,,,,,,,
2.837,0.069777810689976692223197323912443,0.51427271831583349416431603949812,-0.017927795369480560049317467751535,,,,,,,,
2.838,0.070302889803015049552348550432108,0.53597797605168282238684727527548,-0.017225342407146812017163337797348,,,,,,,,
2.839,0.070849953273047005292287927980431,0.55824314875796353623884584028728,-0.016571342722358000727480422218599,,,,,,,,
2.84,0.071419566135802360418793149598759,0.58107845382124104218952603130641,-0.015963119115018251792425546536094,,,,,,,,
2.841,0.072012303567179616580438727816881,0.60449394960328505349226156656467,-0.015398151762087968090754258323594,,,,,,,,
2.842,0.072628750710221047206127134075201,0.62849950720771532014304145389987,-0.014874071420315923194019160904165,,,,,,,,
2.843,0.073269502473157078798049967246548,0.65310478085266374846135584513959,-0.014388652850860173014137000249933,,,,,,,,
2.844,0.073935163297129474160967277219091,0.67831917685770078246618950401873,-0.013939808476342573176861048266376,,,,,,,,
2.845,0.074626346892215067074477910657368,0.70415182126141085798903271390638,-0.013525582278873819272860674753204,,,,,,,,
2.846,0.075343675940392543858512154470292,0.73061152609484200463333379296177,-0.013144143945818149711393828375385,,,,,,,,
2.847,0.076087781764124705906643340610139,0.75770675434559943054619897300319,-0.01279378326852513126309404792118,,,,,,,,
2.848,0.07685930395926848058018382020214,0.78544558365759589804423532588871,-0.012472904797926776363660446655398,,,,,,,,
2.849,0.077658889991075367492021564803711,0.81383566882239823342968976395088,-0.012180022759768753778820350842561,,,,,,,,
2.85,0.078487194752106685568802675505667,0.84288420312969547409314492568399,-0.011913756231302529336357217483914,,,,,,,,
2.851,0.07934488008096156681114160886868,0.87259787865662581153256988165633,-0.011672824580499619110173217659421,,,,,,,,
2.852,0.080232614240801729233473807497021,0.90298284558849144936748717602267,-0.011456043168249363097363309554362,,,,,,,,
2.853,0.08115107135675620685302467452684,0.93404467067670569087343351423118,-0.011262319313558306561484638855315,,,,,,,,
2.854,0.082100930811401908285892076805546,0.96578829495358531316281750417343,-0.011090648521474001903455061456911,,,,,,,,
2.855,0.083082876597642530706682033798024,0.99821799083774063413271083356755,-0.010940110973301479561081491037754,,,,,,,,
2.856,0.084097596628449296063524781172954,1.0313373187782289365911916665854,-0.010809868278660564114137078990531,,,,,,,,
2.857,0.085145782003082421215138745133094,1.0651490836002132854611522631299,-0.010699160489041580619425855941785,,,,,,,,
2.858,0.086228126229582284856823219057959,1.0996552907294832117648219768256,-0.010607303372751973087027804025995,,,,,,,,
2.859,0.087345324403503881361461276334451,1.1348571024877070131604938121702,-0.010533685951504381898521156833719,,,,,,,,
2.86,0.088498072343067178418233076905187,1.1707547946645444469804998729141,-0.010477768299376575389192349827187,,,,,,,,
2.861,0.089687065681109085265004173075594,1.2073477135865870211162116780545,-0.010439079605475485972146890599836,,,,,,,,
2.862,0.090912998914449382428945635436085,1.2446342339163322233336966978097,-0.01041721650236313839647682959554,,,,,,,,
2.863,0.0921765644115224688921715276157,1.2826117174268480612246119926932,-0.010411841663154744151319552691643,,,,,,,,
2.864,0.093478451379378260444657696512933,1.321276473009245878847365502502,-0.010422682671183648793615797937521,,,,,,,,
2.865,0.094819344791417932335608679201265,1.3606237181803456628542231998253,-0.010449531167250985443591111371273,,,,,,,,
2.866,0.096199924277502139100219360588742,1.4006475423667767838978706144158,-0.010492242280748651738572725074684,,,,,,,,
2.867,0.09762086297834934984253011137492,1.4413408722489935988730686229212,-0.010550734352373646591756679253347,,,,,,,,
2.868,0.099082826366428278743372697572132,1.4826954394540852936230163763443,-0.010624988957753381192245636388304,,,,,,,,
2.869,0.10058647103583912593431134148489,1.5247017508896123427505151705645,-0.010715051243091541657407905831806,,,,,,,,
2.87,0.10213244346397132394061541648996,1.5673490620118050885667476328272,-0.010821030585941700891566596853352,,,,,,,,
2.871,0.10372137874801836292659490802787,1.6106253533201217305643129455394,-0.010943101596443855634359707235277,,,,,,,,
2.872,0.1053538993197205132273161796612,1.6545173103662075905413591734993,-0.011081505476843981468182804352849,,,,,,,,
2.873,0.10703061364199117905881118746562,1.6990103075585688498533019730644,-0.011236551759889542261818741353404,,,,,,,,
2.874,0.10875211489135936149855061907285,1.7440883960346401917115436474686,-0.011408620449790681054791730729,,,,,,,,
2.875,0.11051897963042632247381771807575,1.7897342958592835292898967273504,-0.011598164592899340574214301686745,,,,,,,,
2.876,0.11233176647478597781115630456431,1.8359293927930334726722562958562,-0.011805713309135223193759312440811,,,,,,,,
2.8770000000000002,0.11419101475909270676110196044359,1.8826537398545701081446421976754,-0.012031875319534352658604741786518,,,,,,,,
2.878,0.11609724320717403366614198868566,1.9298860638799568141766076096511,-0.012277343010177929979548086288155,,,,,,,,
2.879,0.11805094861127592754568024056329,1.9776037772561791367793024136901,-0.012542897078251316171951003436303,,,,,,,,
2.88,0.12005260452569226183557736702601,2.0257829949785547362560603112657,-0.012829411812172367785807420015439,,,,,,,,
2.8810000000000002,0.12210265998016438198122757760559,2.0743985571507960641354036595802,-0.013137861064715917466114985215288,,,,,,,,
2.882,0.12420153821853901180940700340703,2.123424057013087123031846884074,-0.013469324985964056483791333505707,,,,,,,,
2.883,0.1263496354682403740485073536069,2.1728318745477223308367646620849,-0.013824997591866129641437083541381,,,,,,,,
2.884,0.1285473197461431523670016996214,2.2225932156739357744610081977756,-0.014206195254356326708662053588302,,,,,,,,
2.8850000000000002,0.13079492970642483792917017682901,2.2726781570038554526463122775075,-0.014614366210534917265305763896921,,,,,,,,
2.886,0.13309277353592749300597330426676,2.3230556960904248601182056544855,-0.015051101201586774544825566528385,,,,,,,,
2.887,0.13544112790246883316080902950936,2.3736938070560578260488904635427,-0.015518145367139432899897093738113,,,,,,,,
2.888,0.13784023696141001531839432092099,2.4245595014481802625152134265251,-0.016017411537947027516955099211809,,,,,,,,
2.8890000000000002,0.14029031142561232192300248294946,2.4756188941251408323189209643897,-0.016550995089471453783937351977931,,,,,,,,
2.89,0.14279152770369723934768296947588,2.5268372739337391543748870810691,-0.017121190541523737898602017375193,,,,,,,,
2.891,0.14534402711126493478888111967352,2.5781791788983362713142450549844,-0.017730510115104570823193196201871,,,,,,,,
2.892,0.14794791515942604776172036251516,2.6296084756016942947440685639446,-0.01838170448750654121122625930485,,,,,,,,
2.8930000000000002,0.15060326092466275333550106224884,2.6810884423998536244841933852094,-0.019077786021277494442583969065755,,,,,,,,
2.894,0.15331009650365945552683701535458,2.732581856077997724031953365449,-0.019822054782582912370275020674469,,,,,,,,
2.895,0.15606841655633395274626764480943,2.7840510815218564590633096947584,-0.020618127710780639568187530233928,,,,,,,,
2.896,0.15887817793985966967687014162402,2.8354581639502083641256786136855,-0.021469971354746038500152868713193,,,,,,,,
2.8970000000000002,0.16173929943600218833154989326867,2.8867649232288697472785180129055,-0.022381938653985486463631504544627,,,,,,,,
2.898,0.16465166157360283913128889839407,2.9379330497655670485704978948985,-0.023358810315434689668298669944642,,,,,,,,
2.899,0.16761510654753287069316108381395,2.9889242014685867773289416633989,-0.024405841421951732895926249194694,,,,,,,,
2.9,0.17062943823491832325301748499961,3.03970010124033248614901793064,-0.025528814008158830790171286549371,,,,,,,,
2.9010000000000002,0.17369442230890301923079748100304,3.090222634470072649588562500174,-0.026734096456199375830541198763661,,,,,,,,
2.902,0.17680978644968003683927422665985,3.1404539459883494231608653200582,-0.028028710701460493916590137061138,,,,,,,,
2.903,0.17997522065198570681621409509233,3.1903565359487763744234968658897,-0.029420408400359385142135874827167,,,,,,,,
2.904,0.18319037762771963007393405118574,3.2398933541112505897169041235547,-0.030917757403746159925256235913626,,,,,,,,
2.9050000000000002,0.18645487330183444781804247615039,3.2890278920138356074274600153021,-0.03253024010622325720393788453666,,,,,,,,
2.906,0.18976828739913495696797248085217,3.3377242725385602649763568761481,-0.034268365510898444232193444824519,,,,,,,,
2.907,0.1931301641191422938577922510118,3.3859473363988813322464496819883,-0.036143797169549211461028610329592,,,,,,,,
2.908,0.19654001289571967437845184168815,3.4336627251032687429881248046681,-0.038169499540640506057493967214361,,,,,,,,
2.9090000000000003,0.19999730923772561026910971072077,3.4808369599799287320836606769954,-0.040359905765338606327228589271093,,,,,,,,
2.91,0.20350149564656226248492509222142,3.5274375168816700629386271795645,-0.04273111041092832793080885530003,,,,,,,,
2.911,0.20705198260612385305506062611843,3.5734328962268879240696290477332,-0.045301091392076212234150987177291,,,,,,,,
2.912,0.2106481496403255750296411101517,3.6187926880721020148237768060258,-0.048089966078281565605050372013518,,,,,,,,
2.9130000000000003,0.21428934643310945464535812296281,3.663487631952928776922220397926,-0.051120287561883995831182750098813,,,,,,,,
2.914,0.2179748940055818501254446784845,3.7074896712732668024502866053603,-0.054417388234237928156464871204737,,,,,,,,
2.915,0.2217040859447389075832826561354,3.7507720020662977760699805942461,-0.058009779247164533828636242297436,,,,,,,,
2.916,0.22547618967808199597750234703144,3.7933091159951250627561300041642,-0.061929616184309064223412988044716,,,,,,,,
2.9170000000000003,0.22929044778831504721203618092435,3.8350768375049726424653731694449,-0.066213243410632554982336444501573,,,,,,,,
2.918,0.233146079362249465454830014724,3.876052355082353262416534990987,-0.070901832207010279449622165035901,,,,,,,,
2.919,0.23704228136801899073431663324652,3.9162142466190188531083787844196,-0.076042131056992411846217435148323,,,,,,,,
2.92,0.24097823005472530403850896763228,3.9555424989193950247668402578597,-0.081687350495631696561463466583495,,,,,,,,
2.9210000000000003,0.24495308236869352866589623293622,3.9940185214291810786978451713169,-0.087898209963254988168542475696997,,,,,,,,
2.922,0.24896597738061302762216949878101,4.0316251542995178025622935160197,-0.094744180397651367782702091309224,,,,,,,,
2.923,0.25301603771797060546152019264481,4.068346670935285224633541080965,-0.10230496419298366730396246935411,,,,,,,,
2.924,0.2571023709973477037656524316925,4.1041687752074390915769072557404,-0.1106722641039610092305632533562,,,,,,,,
2.9250000000000003,0.26122407125134751410188347035486,4.139078593537626671705482387508,-0.11995190526939234170093850026261,,,,,,,,
2.926,0.26538022034513902662093073237634,4.1730646620884892519455553064568,-0.13026639054528065681088323926129,,,,,,,,
2.927,0.2695698893778496672093382295278,4.2061169093149603892947493651708,-0.14175798979740101580079949472375,,,,,,,,
2.928,0.27379214006430305655951153540095,4.2382266341504542331383693206989,-0.15459249006441213917833444870727,,,,,,,,
2.9290000000000003,0.27804602609288022788830413884772,4.2693864801171018768006643432162,-0.16896376737505757119719013843515,,,,,,,,
2.93,0.2823305944555780601962877967043,4.2995904056611736192393055661647,-0.18509938491249888794536731489727,,,,,,,,
2.931,0.2866448867466444727154468343049,4.3288336510235985255793689285088,-0.20326747943217631746751588141408,,,,,,,,
2.932,0.2909879404264829306717429726794,4.3571127019611724013634865269551,-0.22378527277911896109945029478859,,,,,,,,
2.9330000000000003,0.29535879004783600830364969195023,4.3844252506367748181840069970193,-0.24702964403273129661459584527567,,,,,,,,
2.934,0.29975646844157627499714127995753,4.4107701539968651037566226781452,-0.2734503284569680264399265086493,,,,,,,,
2.935,0.30418000785974992840519498938957,4.4361473899518879302881122082491,-0.30358648334913167187022865828322,,,,,,,,
2.936,0.30862844107383190913721469926465,4.4605580116702001173703747293408,-0.33808759364676999902082982013946,,,,,,,,
2.9370000000000003,0.31310080242645842515262928099327,4.4840041002889529537975943231347,-0.37774000335312352578251319060933,,,,,,,,
2.938,0.31759612883520184645392291940773,4.5064887163362585099533041466824,-0.4235007824616898117657049375914,,,,,,,,
2.939,0.32211346074724199037318458485932,4.5280158501481681244091977091387,-0.47654121484045172737202635182818,,,,,,,,
2.94,0.32665184304406532765649578548761,4.5485903715517311412601510502935,-0.53830297861193516447141533064242,,,,,,,,
2.9410000000000003,0.3312103258955882561492026602647,4.5682179790719138879385621308784,-0.61057116776073950956426566026553,,,,,,,,
2.942,0.33578796556335119783070701402809,4.5869051489056688745617747860794,-0.69556978378742467507164997819472,,,,,,,,
2.943,0.34038382515266598397046999169136,4.6046590838911699544193806677044,-0.79608736211503149023248487353717,,,,,,,,
2.944,0.34499697531381912258608340514842,4.6214876626843778480745100416895,-0.91564319470972106222901043268133,,,,,,,,
2.945,0.34962649489263761358893655073069,4.6373993893388668016785331905697,-1.0587084332669967516656841530497,,,,,,,,
2.946,0.35427147153091169944709691333752,4.6524033434684082915651716638992,-1.2310015265807611422617733411,,,,,,,,
2.947,0.35893100221734019608001245422126,4.6665091311553379089467036071736,-1.4398842930937371004191590719886,,,,,,,,
2.948,0.3636041937898188818537373779598,4.6797268367513777223023971999184,-1.694893659189546263429030273587,,,,,,,,
2.949,0.36829016339003101676900500096561,4.6920669757014835690062104553539,-2.0084544196584287004908132620226,,,,,,,,
2.95,0.37298803887142173112241191219183,4.70354044850555402269119219881,-2.3968286636532302950805841088305,,,,,,,,
2.951,0.37769695916174518622925502497414,4.7141584959175786397979456063464,-2.8813628448979307521969373334572,,,,,,,,
2.952,0.38241607458146558808849801042536,4.7239326554671055840626213537702,-3.4900815370404338546068123937204,,,,,,,,
2.953,0.38714454711937092764252079618021,4.7328747193738461620843343033806,-4.2596195429273610886821996864769,,,,,,,,
2.954,0.39188155066682239423974739539754,4.7409966939128654216611448579968,-5.2373212097790384582992093302997,,,,,,,,
2.955,0.39662627121211348031196513373513,4.7483107602751797963983729390149,-6.4829489779437173364489513633913,,,,,,,,
2.956,0.40137790699645162319981714248662,4.7548292369567285681478465755072,-8.0686230504230363873165710224096,,,,,,,,
2.957,0.40613566863310260058016941244477,4.7605645436976281129769183226763,-10.074065946708662622067265538242,,,,,,,,
2.958,0.41089877919125461237985026433678,4.7655291669833686849223668205589,-12.571772908177936297302290171488,,,,,,,,
2.959,0.41566647424616585520731720617315,4.7697356271101758500105318055214,-15.594123266268667242235231945635,,,,,,,,
2.96,0.42043800189715723480750104418268,4.7731964468081274193392531329546,-19.075348581658170632749895386146,,,,,,,,
2.961,0.42521262275500146860976844876239,4.7759241214077795137858228198545,-22.774549296867202619262524666167,,,,,,,,
2.962,0.42998960990024198937504383328657,4.7779310905289937501910665286181,-26.221233400774852683523116355845,,,,,,,,
2.963,0.43476824881395053638920293738987,4.7792297112643478051157251251764,-28.76719536278113524109465359208,,,,,,,,
2.964,0.43954783728240185084715610583411,4.7798322328239258332695446945384,-29.806915055747748892392644708919,,,,,,,,
2.965,0.44432768527710818553142548292147,4.7797507726033919924419002194612,-29.079549922938071111514645629253,,,,,,,,
2.966,0.44910711481161607131958670649142,4.7789972936330155875244238885784,-26.816388245607966844703717050598,,,,,,,,
2.967,0.45388545977642359506536233407914,4.7775835833617040734827769962188,-23.597424100240329809267652353138,,,,,,,,
2.968,0.45866206575332893887456344167966,4.7755212337270730278222339722096,-20.055908951659523130045656057033,,,,,,,,
2.969,0.46343628981047067589600479880092,4.7728216224601021724354517090007,-16.661758085317474720257051121133,,,,,,,,
2.97,0.46820750027926784043793355023837,4.7694958955709553429821594469182,-13.666798442474078662082909948372,,,,,,,,
2.971,0.47297507651441358031084607906191,4.765554950961041970097972529687,-11.152765624683796064304369385429,,,,,,,,
2.972,0.47773840863802070888608683460301,4.7610094231053307919575203687934,-9.1028453084267897851390112027587,,,,,,,,
2.973,0.48249689726896111864961891623527,4.7558696687482567822203063361146,-7.4570060011446936462730332224901,,,,,,,,
2.974,0.48724995323838417645532498975225,4.7501457535562545342100491538517,-6.1443476457334948766684321584524,,,,,,,,
2.975,0.4919969972923422382900905423413,4.7438474396699719722236326369027,-5.0984507855861003974778920316516,,,,,,,,
2.976,0.49673745978239461041275198677227,4.7369841740995353333111269721803,-4.2629437892692353076269132724043,,,,,,,,
2.977,0.50147078034500492545733735386565,4.7295650779068197852710226353173,-3.5923074127464907681325811045473,,,,,,,,
2.978,0.50619640757049124861026645637256,4.7215989361195016789665591764189,-3.0507340699979815713254607941396,,,,,,,,
2.979,0.51091379866223350526550781717993,4.7130941883227021700181100175132,-2.610422765430943673388170870714,,,,,,,,
2.98,0.51562241908678922755106071648618,4.7040589198752537700250375791093,-2.2499054275176860449416596625085,,,,,,,,
2.981,0.52032174221551632976614233541626,4.6945008536990094034541333013547,-1.9526158645110048712369347702029,,,,,,,,
2.982,0.52501124895825079819996738385515,4.6844273425911479848596239097766,-1.70574173631079980367777895877,,,,,,,,
2.983,0.52969042738953795644262439571319,4.6738453620110937453331638666295,-1.4993333518691329294304584002478,,,,,,,,
2.984,0.53435877236786846397443091603548,4.6627615032954429801450162836788,-1.325623639455745069474614426677,,,,,,,,
2.985,0.5390157851483245298503252112098,4.6511819672561680816264147755653,-1.1785135640567507546941744681014,,,,,,,,
2.986,0.54366097298899806853507504708259,4.6391125581193332079750362699693,-1.0531839059210488911839997033165,,,,,,,,
2.987,0.54829384875150077478639437163522,4.6265586777635992422659172032428,-0.9458022681138159930168934098027,,,,,,,,
2.988,0.55291393049584642380843260963257,4.6135253202199102627036671664918,-0.85330140147409220520821338637728,,,,,,,,
2.989,0.55752074106994817997427951218347,4.6000170663959338887665720859646,-0.7732108365654436867297352564017,,,,,,,,
2.99,0.56211380769393838573325270755087,4.5860380789910697116606767323447,-0.70352839443617701355400981686671,,,,,,,,
2.991,0.56669266153948526237067119627423,4.5715920975701414357774859574856,-0.64262160997512335218961541220897,,,,,,,,
2.992,0.57125683730425024529404482147217,4.5566824337662489178260636791304,-0.58915167860185507528279470308299,,,,,,,,
2.993,0.57580587278160135808930206073275,4.5413119665856771947204349865521,-0.54201444062695918811339197350373,,,,,,,,
2.994,0.5803393084256721633301267644482,4.5254831377902436224347936573327,-0.50029431938393192880096540266219,,,,,,,,
2.995,0.58485668691183247918826097109931,4.5091979473350157132397514064475,-0.46322816119324442707557088618615,,,,,,,,
2.996,0.58935755269261628948603207566294,4.4924579488419569373300120956757,-0.43017668618471868871496332348907,,,,,,,,
2.997,0.59384145154913417765126907223543,4.4752642450927628462022188382385,-0.40060182178489359769720706218298,,,,,,,,
2.998,0.59830793013798226666401462169706,4.4576174835269439472812192693287,-0.37404860846620492730952959058184,,,,,,,,
2.999,0.60275653553364714133977289692207,4.4395178517341046974680437764623,-0.35013067886423291843302691552538,,,,,,,,
3.0,0.60718681476639667051317438975786,4.4209650729323709373403357179058,-0.32851854473641711672952751624677,,,,,,,,
3.001,0.61159831435564015096593833052756,4.4019584014280434171749180054664,-0.30893010193228800156327594897955,,,,,,,,
3.0020000000000002,0.61599057983873789132089618854364,4.3824966180548162811555876170885,-0.29112289649817052016198707363897,,,,,,,,
3.003,0.62036315529524038569583826773356,4.3625780255943110739709613756128,-0.27488779616606560800058996289786,,,,,,,,
3.004,0.62471558286654075188375838959184,4.3422004441832546259574733201398,-0.26004378879221273698442911117565,,,,,,,,
3.005,0.62904740227093130149141162398961,4.3213612067163896031476423666429,-0.24643368872469605163915693015863,,,,,,,,
3.0060000000000002,0.63335815031406616108931090384969,4.300057154258166959430150636121,-0.23392057796713984531955846860906,,,,,,,,
3.007,0.63764736039484698302300986377745,4.2782846314804481101595354344323,-0.22238484462247691734587773104239,,,,,,,,
3.008,0.64191456200676819954922744679222,4.2560394821478600700220130800033,-0.21172170888043182442422751123418,,,,,,,,
3.009,0.64615928023478223078011326896859,4.2333170446771182208237403587622,-0.20183914858252346798458474687066,,,,,,,,
3.0100000000000002,0.65038103524777382124271455739012,4.2101121478015782251205072970161,-0.19265615353851686631842221606865,,,,,,,,
3.011,0.65457934178676653686353850220922,4.186419106377520368021139186146,-0.1841012513244244074122194457469,,,,,,,,
3.012,0.65875370864902370846349645053581,4.1622317173742255963979767038862,-0.17611125806139930555198845600033,,,,,,,,
3.013,0.66290363816825108308434649530844,4.137543256095791565476924395564,-0.16863021626727646342569857676211,,,,,,,,
3.0140000000000002,0.6670286256911594828126765472851,4.11234647268887712615237345167,-0.16160848875724453004303849285117,,,,,,,,
3.015,0.67112815905070323183769713108927,4.0866335889971717299041333275185,-0.15500198310954987041809442214028,,,,,,,,
3.016,0.67520171803637437194920816403891,4.0603962958303773918354866020973,-0.14877148568735835770414888827573,,,,,,,,
3.017,0.67924877386200413439690802107368,4.0336257507228781858383320338369,-0.14288208783794480604455511489044,,,,,,,,
3.0180000000000002,0.68326878863160217357005010017019,4.0063125762650660627850537825817,-0.13730268984656563892735022806841,,,,,,,,
3.019,0.68726121480385110556677219496943,3.9784468590984989939679339128004,-0.13200557063924747865520290496931,,,,,,,,
3.02,0.69122549465596934755392330496057,3.9500181496746908023703768622724,-0.1269660132123630502442268698788,,,,,,,,
3.021,0.69516105974775953734646170876885,3.9210154628863693037138671025531,-0.12216197740118859696232562333915,,,,,,,,
3.0220000000000002,0.69906733038677333719240644129066,3.8914272796894823337460446311365,-0.11757381295127205539024539083444,,,,,,,,
3.023,0.70294371509564659005060050984781,3.8612415498440646745006036282133,-0.11318400697845886397957585013735,,,,,,,,
3.024,0.70678961008279198021000194099139,3.8304456959122794200323605080161,-0.10897696083822383741201670117607,,,,,,,,
3.025,0.71060439871777990442867962657397,3.799026618662482092336779749438,-0.10493879220651844577937470673456,,,,,,,,
3.0260000000000002,0.71438745101289249821980502261362,3.7669707040389811246530432577075,-0.10105715882996162603654831994945,,,,,,,,
3.027,0.71813812311250094807198627061172,3.7342638318682280954799314603944,-0.097321100954870319767616872372825,,,,,,,,
3.028,0.72185575679209255491962861224063,3.7008913864833952508342117445124,-0.093720899910104858584799988964196,,,,,,,,
3.029,0.72553967896896161994868938667819,3.6668382694606006006528033547123,-0.090247950712376837938128641227858,,,,,,,,
3.0300000000000002,0.72918920122677712929893607370626,3.6320889146713188839521796051634,-0.086894646896212100044879302788201,,,,,,,,
3.031,0.73280361935645033498263546035552,3.5966273058666472032856410028258,-0.083654276053691445921468786088265,,,,,,,,
3.032,0.73638221291594644767647457977274,3.5604369970199330037810287931726,-0.080520924809182648124664859560513,,,,,,,,
3.033,0.73992424481191639963113159283318,3.5235011356646518722990638997475,-0.077489392157913101789723689963886,,,,,,,,
3.0340000000000003,0.74342896090626644955213498335018,3.485802489474150678539159080882,-0.074555110269681794824360101636604,,,,,,,,
3.035,0.74689558965103452664015870235386,3.4473234763387281158202951341718,-0.071714072004648835215634196797271,,,,,,,,
3.036,0.75032334175520165473546745576789,3.4080461982032611949114587752651,-0.068962764510634588847910855587622,,,,,,,,
3.037,0.75371140988733330284680580379331,3.3679524789349239203503683750414,-0.066298108373804359569906058279523,,,,,,,,
3.0380000000000003,0.75705896841821752401504373396049,3.3270239064951730408863477515864,-0.063717401879651719418020931896285,,,,,,,,
3.039,0.76036517320794239299124937010381,3.2852418796927530543557801551545,-0.061218270011106891055401147723943,,,,,,,,
3.04,0.76362916144213229856928864072729,3.2425876597946238217852361600757,-0.058798617867381195209988389691119,,,,,,,,
3.041,0.76685005152233846180784168139894,3.1990424272690325383308030910111,-0.056456588232578898268316191434673,,,,,,,,
3.0420000000000003,0.77002694301585058787636040756498,3.1545873439290000994265734692956,-0.054190523058741067664469337199523,,,,,,,,
3.043,0.77315891667046031618873249182411,3.1092036207348043734492284779027,-0.051998928655255182075534853314049,,,,,,,,
3.044,0.77624503449995913163527975445235,3.0628725915001288527892855807707,-0.049880444396761882895217543011703,,,,,,,,
3.045,0.77928433994638915862112608896588,3.0155757927278936904783201293477,-0.047833814775995726709395607010727,,,,,,,,
3.0460000000000003,0.78227585812527978033693163140012,2.9672950497778724008117299779221,-0.045857864637487589940654963583483,,,,,,,,
3.047,0.78521859616029078076291628839663,2.9180125695384907582224634567339,-0.043951477433715368122124487608115,,,,,,,,
3.048,0.78811154361383763921862975101138,2.8677110397391779161296906809334,-0.042113576348009286387877413659201,,,,,,,,
3.049,0.79095367302039013984712141768451,2.8163737349967827030562910987831,-0.04034310812910274503993517520823,,,,,,,,
3.0500000000000003,0.79374394052920451730066164206668,2.7639846296393997837250384355351,-0.038639029481386165133244053188795,,,,,,,,
3.051,0.79648128666326441227896525618143,2.7105285172930368148655185053089,-0.037000295853300035489504041789609,,,,,,,,
3.052,0.79916463720115902057823613826476,2.6559911371505261150169215207635,-0.035425852464438425248479016835919,,,,,,,,
3.053,0.80179290418850972361224065222502,2.6003593067676602744206144315736,-0.033914627410284756322561903676936,,,,,,,,
3.0540000000000003,0.80436498708536069392319468659166,2.5436210611485376020082016038326,-0.032465526682443760889135545613463,,,,,,,,
3.055,0.80687977405566587509601604531667,2.4857657977905018888044358486136,-0.031077430942063414226194130475647,,,,,,,,
3.056,0.80933614340462578058894386345004,2.4267844272589742322448615149438,-0.02974919388507848648316370305824,,,,,,,,
3.057,0.81173296516914439365163609183877,2.3666695287542137050889018091325,-0.028479642040102788872588615503482,,,,,,,,
3.0580000000000003,0.81406910286608115097500553252662,2.3054155100161358505852627020879,-0.027267575843335353963903251215225,,,,,,,,
3.059,0.81634341540225827313224810065683,2.2430187707905342034397736085688,-0.026111771839754490212584897006427,,,,,,,,
3.06,0.81855475914934318565092357094613,2.1794778689514301502802854124173,-0.025010985866131097645952708613199,,,,,,,,
3.061,0.82070199018575426005739662199251,2.1147936882411520068961048125425,-0.023963957078935647695656395688081,,,,,,,,
3.0620000000000003,0.82278396670663188402839631311466,2.0489696064537568139811520655045,-0.022969412698945680744302258901258,,,,,,,,
3.063,0.82479955160167403554100093512566,1.9820116627505222601520906468376,-0.022026073354161895381242064379601,,,,,,,,
3.064,0.82674761519925630724015127361077,1.9139287226607432275631714460788,-0.021132658913373917141498169245676,,,,,,,,
3.065,0.82862703817374337813450434701054,1.8447326391895831577674315250941,-0.020287894714236179178192488582286,,,,,,,,
3.0660000000000003,0.83043671461125770556756581037813,1.7744384083301786925777415386195,-0.019490518101873358913094201708626,,,,,,,,
3.067,0.83217555522741022380629350464466,1.7030643171627817604652951594625,-0.018739285206692259257367662501061,,,,,,,,
3.068,0.83384249072862892786027660146119,1.6306320826228908840690284611924,-0.018032977903103004091123530997543,,,,,,,,
3.069,0.83543647530675977492518135986182,1.5571669789367005140854405284327,-0.017370410904133529683288514303917,,,,,,,,
3.0700000000000003,0.83695649025457942350250812194651,1.4826979516595222408618132597611,-0.01675043896036508967763007165074,,,,,,,,
3.071,0.83840154768777378238613978971572,1.4072577162148666945492364030752,-0.01617196414515495170451983711155,,,,,,,,
3.072,0.83977069435682672028722406516341,1.3308828388223021824046168949809,-0.015633943221705445822657794692066,,,,,,,,
3.073,0.84106301553015974851678483718236,1.2536137977245119518511944340338,-0.015135395101176101761625912171809,,,,,,,,
3.074,0.84227763892779952602635832552363,1.175495022681318819471555709935,-0.014675408414740336148069960337335,,,,,,,,
3.075,0.84341373868286208456384658638921,1.0965749107935362676161076489618,-0.014253149236317042858105865293512,,,,,,,,
3.076,0.84447053930626958253642052140855,1.0169058168544416411454015081462,-0.013867869006753936372883725097937,,,,,,,,
3.077,0.84544731962839776511196450178159,0.93654401660281382175237278565703,-0.013518912724635561352744210112199,,,,,,,,
3.078,0.84634341668983167046353357392182,0.85554964146932838801400967916105,-0.013205727483807481171464834564008,,,,,,,,
3.079,0.84715822955212502188577366863586,0.77398658366716280265097703206384,-0.012927871453366365736082022507027,,,,,,,,
3.08,0.84789122299845569585700928519224,0.69192237077635096076443064151141,-0.012685023412528656040690793087582,,,,,,,,
3.081,0.84854193109338401443461647922409,0.60942800930700126848788603599636,-0.012476992970776532667480838320838,,,,,,,,
3.082,0.84910996057058739915226055778942,0.52657779709502115715547928688869,-0.0123037316233672308195047545072,,,,,,,,
3.083,0.84959499401749463287369399022993,0.44344910478034639307899126310088,-0.012165344814126836139418894771268,,,,,,,,
3.084,0.84999679282620038935222439301324,0.36012212703558112903954508546618,-0.012062105201958250833928074440192,,,,,,,,
3.085,0.85031519988092377920660559942268,0.27667960464508461451725843037022,-0.01199446735529361254617718309762,,,,,,,,
3.086,0.85055014195359359617712031795572,0.1932065189726477055680504111076,-0.011963084130542777243895320190236,,,,,,,,
3.087,0.85070163178089927202953967341311,0.10978976079101220355147781157366,-0.011968825027291935206457354918006,,,,,,,,
3.088,0.85076976979833255942061735668238,0.026517775869122837046895025625267,-0.01201279685560900757700974452389,,,,,,,,
3.089,0.85075474550934333868453867342993,-0.0565198098865472285945063276208,-0.012096367100526246189920121790011,,,,,,,,
3.09,0.85065683847071665536592543258309,-0.1392325825716488342235999650442,-0.012221190427040232616778600556343,,,,,,,,
3.091,0.850476418878610606349257015264,-0.22152974621216892627840122099694,-0.012389238837525549287298624477449,,,,,,,,
3.092,0.85021394774333048678382761519904,-0.30332053871107052716701287990656,-0.012602836074381025716470485555188,,,,,,,,
3.093,0.84986997664480001719843511960847,-0.38451465382291043280807455396853,-0.012864696956527148707151275356709,,,,,,,,
3.094,0.84944514706476478856112394722943,-0.46502266500943980431183095939051,-0.013177972452091003902635964635182,,,,,,,,
3.095,0.84894018929595994585737639610018,-0.54475644694129549767626704223599,-0.013546301424948076314532459183401,,,,,,,,
3.096,0.84835592093272319382326254432026,-0.62362959039481261984023368853465,-0.013973870154249046640733656374708,,,,,,,,
3.097,0.84769324495176280540373935963861,-0.70155780635006506941071313306934,-0.014465480919166904361391758935428,,,,,,,,
3.098,0.84695314739592541652589324407045,-0.7784593152258934826350721145345,-0.015026631172640012110816681138014,,,,,,,,
3.099,0.84613669467777850848659981838444,-0.85425521738741924962959527643623,-0.01566360510622438061172484332978,,,,,,,,
3.1,0.84524503052355954047222635714827,-0.92886984132703619295222012710381,-0.016383579743650232722704796621129,,,,,,,,
3.101,0.84427937258148482818335251510964,-1.002231066245080144642487300174,-0.017194748106148103225531415587255,,,,,,,,
3.102,0.84324100872150040864737331345953,-1.0742706161337584902476496805526,-0.018106462484068718483461939184647,,,,,,,,
3.103,0.84213129305624641587384281776806,-1.1449243228886835353105077519405,-0.019129401446772929738137568332993,,,,,,,,
3.104,0.84095164171525734414747356844202,-1.2141323564267469138206026491955,-0.020275764951314896741871906381679,,,,,,,,
3.105,0.83970352840620451489388295055583,-1.2818394202667174646029844717118,-0.021559502801701112021038711516597,,,,,,,,
3.106,0.83838847979828616407683208938773,-1.3479949115191684616653550582413,-0.02299658280445908511213893647215,,,,,,,,
3.107,0.83700807076367758520415051760104,-1.4125530447245108749649385212386,-0.024605306313647595586081752516921,,,,,,,,
3.108,0.83556391951327192850632773776796,-1.4754729394617606687911212988951,-0.026406680523986743450640369328037,,,,,,,,
3.109,0.83405768266278476118228340544803,-1.5367186721165910781320496108206,-0.02842485893731264624853638861123,,,,,,,,
3.11,0.83249105026468470029596205441074,-1.5962592926365195230960845933476,-0.030687664001580242419240113042653,,,,,,,,
3.111,0.83086574084037885284268224780804,-1.6540688075061792083101268064183,-0.033227209140734977193438944004484,,,,,,,,
3.112,0.82918349644566289646541735125859,-1.7101261305402314554133961117898,-0.036080641436519422891944974547394,,,,,,,,
3.113,0.82744607780068448145083398864952,-1.7644150034106699331173105758171,-0.039291031322570080111973765221338,,,,,,,,
3.114,0.82565525951361250705332655064026,-1.8169238880955619088695844159709,-0.042908442112288150708566613617757,,,,,,,,
3.115,0.82381282542490377718411475617184,-1.8676458336555948433495851556417,-0.04699122040724855799683049311951,,,,,,,,
3.116,0.82192056409656400569196641970377,-1.9165783199124470729543960208774,-0.051607558955406088471581050321928,,,,,,,,
3.117,0.81998026446816360914668622945851,-1.9637230807195503934607768618801,-0.056837397058384838405605248645237,,,,,,,,
3.118,0.81799371169864052810811269951852,-2.0090859095829772598915965496186,-0.062774741116800466241832277088443,,,,,,,,
3.119,0.81596268321015056172535269712802,-2.0526764504106761513788098766579,-0.069530510635877239817596388929257,,,,,,,,
3.12,0.81388894494745535394186734259084,-2.0945079761456288155589432615731,-0.077236044733244524710225369481332,,,,,,,,
3.121,0.81177424786361033014602804046108,-2.1345971579768911676358483882685,-0.086047443277527850301605670593512,,,,,,,,
3.122,0.80962032464006622178343123590687,-2.1729638277265502130758113305693,-0.096150968515184867664200666298551,,,,,,,,
3.123,0.80742888664676019900271677975975,-2.2096307358853198428057861428926,-0.10776980195125275883774249098547,,,,,,,,
3.124,0.80520162114537290789509374942147,-2.2446233076198767170006438141798,-0.12117254367008617033593778690336,,,,,,,,
3.125,0.8029401887366876577049637390449,-2.2779693989061559414730954848001,-0.13668396612196085147769349105292,,,,,,,,
3.126,0.80064622105092441256612194344747,-2.3096990547595936620357082710128,-0.15469870428917427456257691361541,,,,,,,,
3.1270000000000002,0.79832131867804610823765664489817,-2.3398442713403784731405764120412,-0.17569879713475585077853958809632,,,,,,,,
3.128,0.79596704933335563667802873637327,-2.3684387635134781887934969560395,-0.20027631736026862957487567901277,,,,,,,,
3.129,0.7935849462522219928623985208137,-2.3955177392434655458230180277891,-0.22916277562760047137965786295193,,,,,,,,
3.13,0.79117650680649322842121534496939,-2.4211176820064544663311922551186,-0.26326761713418790789873270294281,,,,,,,,
3.1310000000000002,0.78874319133406842933142649375193,-2.4452761422087874371679042893197,-0.30372902517474485094953576899815,,,,,,,,
3.132,0.78628642217220458263102246101593,-2.4680315384170171269796617499539,-0.35198153137897097690270810142809,,,,,,,,
3.133,0.78380758288441827639770072245339,-2.4894229690282633831362777406951,-0.4098467919958479489700133972893,,,,,,,,
3.134,0.78130801767029621109167983945713,-2.5094900348458092177188854168935,-0.4796566081808354642804068870025,,,,,,,,
3.1350000000000002,0.77878903094714061823617916127522,-2.5282726728730099879844598475882,-0.56442128368554554603239552398981,,,,,,,,
3.136,0.77625188709213302857834766036272,-2.5458110015000216793315800106247,-0.66806240658791115835913797985946,,,,,,,,
3.137,0.77369781033358893677841977800888,-2.5621451771329487027391795649607,-0.79573818039433620322582017886356,,,,,,,,
3.138,0.77112798477988302021752778125108,-2.5773152622039015946963260251486,-0.95430319967772130581178402990677,,,,,,,,
3.1390000000000002,0.76854355457473593642251461098082,-2.5913611044030074574913628289817,-1.1529657397744213289570368219728,,,,,,,,
3.14,0.7659456241677558455112760542487,-2.6043222268892752299166110088536,-1.4042384498601398948370316060597,,,,,,,,
3.141,0.76333525868940762926562478766354,-2.6162377291658470486335800934948,-1.7253294839605057201283408879996,,,,,,,,
3.142,0.76071348441992786637196868928209,-2.627146198245886969111882326548,-2.1402008825237867479653145866303,,,,,,,,
3.1430000000000002,0.75808128934210226854519530945273,-2.6370856296873838049404877992636,-2.6826445875692947132258963852367,,,,,,,,
3.144,0.75543962376826360403344441110938,-2.6460933580376165633950556881599,-3.4009137159314435206293619429839,,,,,,,,
3.145,0.75278940103234213687546088227014,-2.6542059962000443648251509600361,-4.3647157758436718796597760278502,,,,,,,,
3.146,0.7501314982382982124358285386445,-2.6614593832170127643721234408281,-5.6757134196003273239712670418599,,,,,,,,
3.1470000000000002,0.74746675705677966880519127829702,-2.6678885399499904049153003502936,-7.4829489230024448198036467480682,,,,,,,,
3.148,0.74479598456236801330858609504362,-2.6735276321341570238721794586094,-10.004258488359811599229933106524,,,,,,,,
3.149,0.74211995410430042938294397660844,-2.6784099402851807752953645377477,-13.552026502799539655032006965601,,,,,,,,
3.15,0.73943940620407418201216396382668,-2.6825678359421168246375133977905,-18.551817437971779788449347913299,,,,,,,,
3.1510000000000002,0.73675504947385118840642588965962,-2.6860327637407478801646543486113,-25.51508980562559551246516739753,,,,,,,,
3.152,0.73406756155007948806219748995746,-2.6888352288256443611267143677569,-34.869004571762426187336792751051,,,,,,,,
3.153,0.73137759003723185301615950715862,-2.6910047891260802436306769892156,-46.480870845818894494084281548185,,,,,,,,
3.154,0.72868575345702723189522500183651,-2.6925700520400941861602586713418,-58.837674695764195288839499005078,,,,,,,,
3.1550000000000002,0.72599264219894610266642759072208,-2.6935586750918892583872686491623,-68.558999420624049669815487811984,,,,,,,,
3.156,0.72329881946827461617086974763923,-2.6939973701499333157688916551396,-71.770768447091179237222555879242,,,,,,,,
3.157,0.7206048222283135989948161407051,-2.6939119108161284261539785570669,-67.193535881696516116496840170006,,,,,,,,
3.158,0.71791116213376640298452113100186,-2.6933271426198894124034397813742,-57.28165473845916027493254217028,,,,,,,,
3.1590000000000003,0.71521832645267393896242608199043,-2.6922669956745878437485380716464,-45.825383610849377283534836692313,,,,,,,,
3.16,0.71252677897459600953338416177986,-2.6907544994773059882691051950473,-35.426010902208831525806755649584,,,,,,,,
3.161,0.70983696090304550618323162537203,-2.6888117995559767231723296302604,-27.045915952484535817575696673526,,,,,,,,
3.162,0.70714929173046661328234570015525,-2.6864601756905717025307394688307,-20.671007678036169183724840945201,,,,,,,,
3.1630000000000003,0.70446417009431049030385201752564,-2.6837200614568888788334245479708,-15.935794373322228503531114665883,,,,,,,,
3.164,0.70178197461300274359979440953752,-2.6806110648625617332560616855244,-12.437063593282106436128403959461,,,,,,,,
3.165,0.69910306470081721593921615087835,-2.6771519898650748340764139125139,-9.8397828990749157054526663952766,,,,,,,,
3.166,0.69642778136087115983394863516518,-2.6733608585807572105520166670699,-7.8927029294361710209150177905882,,,,,,,,
3.1670000000000003,0.69375644795563871885475583990015,-2.6692549340118918535778945890146,-6.4151741343808297561575108004092,,,,,,,,
3.168,0.69108937095454385411854214684056,-2.6648507431362004885565684840248,-5.2792641994692391019378509390832,,,,,,,,
3.169,0.68842684065834147312567934377481,-2.6601641002190275650752480749427,-4.3945289895757320461367739671446,,,,,,,,
3.17,0.68576913190012760052969568472015,-2.6552101302235594839421530505406,-3.6966862650884434081954832002654,,,,,,,,
3.1710000000000003,0.68311650472293702158939659233867,-2.6500032922083888121004531234245,-3.1396354873719626226526262286689,,,,,,,,
3.172,0.6804692050339909562988579418611,-2.6445574026146920160952670836201,-2.6899560186602165419549938652755,,,,,,,,
3.173,0.6778274652357489856861541392105,-2.6388856583572636773152988994278,-2.3231375093773004669927642582928,,,,,,,,
3.174,0.67519150483399961815751018132158,-2.6330006596446764523485603526,-2.0209921805148255871473432216822,,,,,,,,
3.1750000000000003,0.67256153102329348124559220869948,-2.6269144324639546493490717530799,-1.7698671673584782071812730201979,,,,,,,,
3.176,0.66993773925008303886026926214704,-2.6206384506744036712549276156964,-1.5593987414193909857729245328181,,,,,,,,
3.177,0.66732031375398380775661934634545,-2.6141836576636731917671766279527,-1.3816354576587078524055843577889,,,,,,,,
3.178,0.66470942808761507495542237198794,-2.6075604875267953694874048417011,-1.2304144428923780628641086067087,,,,,,,,
3.1790000000000003,0.66210524561551384896104675661297,-2.6007788857358776543229949498137,-1.1009129870244837758805716056008,,,,,,,,
3.18,0.65950791999264491358090648294253,-2.5938483292743895724733311288953,-0.98932274342532705564822691612233,,,,,,,,
3.181,0.65691759562305304926204320858309,-2.5867778462156103603471080714799,-0.89261056204938529305079950632013,,,,,,,,
3.182,0.65433440809922135288101774224346,-2.5795760347298444178695282865455,-0.80834116221533572717839449551464,,,,,,,,
3.1830000000000003,0.65175848462271268833227970088143,-2.5722510815095078146140847957674,-0.73454439219704165590975948329082,,,,,,,,
3.184,0.64918994440668015980161131996163,-2.5648107796051833975061106677631,-0.66961495149389994905319638474685,,,,,,,,
3.185,0.64662889906083759904470963243463,-2.5572625456692744718881206138092,-0.6122359725076390573111779271739,,,,,,,,
3.186,0.64407545295948283999122071848024,-2.5496134366069956568999691042198,-0.56132029829884433535239213637674,,,,,,,,
3.1870000000000003,0.64152970359316542415061698199408,-2.541870165637160415350117864408,-0.515964999960947437655108566234,,,,,,,,
3.188,0.63899174190458670916856364246117,-2.5340391177675919176508831876774,-0.47541588231697776476465218321405,,,,,,,,
3.189,0.63646165260931447808261406494206,-2.5261263646920292273871144202704,-0.43903958533042607963989968811694,,,,,,,,
3.19,0.63393951450188637509201140943166,-2.5181376791171541373340506617766,-0.4063015058532363214370908517185,,,,,,,,
3.1910000000000003,0.63142540074786710289787131276983,-2.5100785485298531587723790948313,-0.37674821180498592197603310379318,,,,,,,,
3.192,0.62891937916241355796766147989439,-2.5019541884160800232621012560185,-0.34999334795771030226961621591358,,,,,,,,
3.193,0.62642151247589017962010125237587,-2.4937695549437205418272222482288,-0.32570627348280165563277403846031,,,,,,,,
3.194,0.623931858587063949773984749323,-2.4855293571227059038785817917419,-0.30360285032168636831202590714558,,,,,,,,
3.1950000000000003,0.62145047080439488447332822022921,-2.4772380684562928681533646686023,-0.2834379352372065248547628668579,,,,,,,,
3.196,0.61897739807592366826090588637034,-2.4688999380979485287954290079381,-0.26499922916786325504423923653136,,,,,,,,
3.197,0.61651268520824344255212524152039,-2.4605190015286605980993976978094,-0.24810221391026346042374076011882,,,,,,,,
3.198,0.61405637307502779736663771802137,-2.4520990907697571303997086713531,-0.23258596446275379996516705177344,,,,,,,,
3.1990000000000003,0.61160849881557184511101373661669,-2.4436438441464766381728559292198,-0.21830967013871283117269057239764,,,,,,,,
3.2,0.60916909602378797490934514677488,-2.4351567156175936531582514206334,-0.20514973214780610790792544434071,,,,,,,,
3.201,0.60673819492808258316228161614401,-2.4266409836863877944060940985408,-0.19299733221844384137093505241788,,,,,,,,
3.202,0.60431582256252482622298235849358,-2.4180997599081570399990076672225,-0.1817563878308212981635710740136,,,,,,,,
3.203,0.60190200292970330975915991538101,-2.409535997009327846490481680479,-0.17134182612034067300455273064556,,,,,,,,
3.204,0.59949675715565167276840138926793,-2.4009524966330147535240195246924,-0.16167812152895445663052739726462,,,,,,,,
3.205,0.59710010363720929028542216957668,-2.3923519167256380060021724855722,-0.15269805260880665522077211281914,,,,,,,,
3.206,0.59471205818216884807512699348377,-2.3837367785789265703808758696194,-0.14434164161343754287826161870132,,,,,,,,
3.207,0.59233263414254836888260075964948,-2.3751094735413220221567313176949,-0.13655524710201012387256441549492,,,,,,,,
3.208,0.58996184254131142098585849793615,-2.3664722694124617672018482432344,-0.12929078508169001307010171508962,,,,,,,,
3.209,0.58759969219284573843045775630253,-2.3578273165340629395591090563273,-0.122505058493186275249012790955,,,,,,,,
3.21,0.58524618981749734625555034577071,-2.3491766535901555371023455164935,-0.11615917831485622887695979590158,,,,,,,,
3.211,0.5829013401504445269038305403558,-2.3405222131292288446454994215802,-0.11021806238585485557308788786318,,,,,,,,
3.212,0.58056514604518359580489366874896,-2.3318658268204624155343676535856,-0.10465000035729040181642260877548,,,,,,,,
3.213,0.57823760857188648154561320458655,-2.3232092304558148784017718486113,-0.099426275073608244459267409110888,,,,,,,,
3.214,0.57591872711087853295872457599608,-2.3145540687093432639546794721964,-0.094520832244645741169579761954831,,,,,,,,
3.215,0.57360849944147380325563714571773,-2.3059018996647247203420395024992,-0.089909991555659568589792024187156,,,,,,,,
3.216,0.5713069218263942892307173756995,-2.2972541991215534065841750838094,-0.085572193428897513192423541168744,,,,,,,,
3.217,0.56901398909198922894167478708916,-2.288612364690589743675128725861,-0.081487776536609325783567045019087,,,,,,,,
3.218,0.56672969470446057989989032166158,-2.2799777196877485331721748511911,-0.077638781904417418224303170594529,,,,,,,,
3.219,0.56445403084229120610481804001205,-2.2713515168362279694361567452975,-0.074008780062025553416764032737201,,,,,,,,
3.22,0.56218698846506308950346834330355,-2.2627349417858043194333189379319,-0.070582718216635497668059895439074,,,,,,,,
3.221,0.55992855737884404197091686014544,-2.2541291164579478894231646009009,-0.067346784860464190398517753964312,,,,,,,,
3.222,0.55767872629831291922711230695767,-2.2455351022250555480889394756238,-0.064288289591496742594603356650445,,,,,,,,
3.223,0.55543748290578521913012958470899,-2.2369539029317440967859383287553,-0.061395556237587328619052523058917,,,,,,,,
3.224,0.55320481390729317391517248746564,-2.2283864677658076109204990779514,-0.058657827637669098105762956989095,,,,,,,,
3.225,0.55098070508586700919562105296774,-2.2198336939861108534194033744584,-0.056065180657915889103457156113247,,,,,,,,
3.226,0.54876514135215693163874138392531,-2.2112964295143702166181095148249,-0.053608450211612063584299615891346,,,,,,,,
3.227,0.54655810679252861171422845440782,-2.2027754753974635329765725447016,-0.051279161214524234916535101858006,,,,,,,,
3.228,0.5443595847147584372158312604858,-2.1942715881466105844444787437011,-0.049069467547118475257941793038792,,,,,,,,
3.229,0.54216955769144861675831264743292,-2.1857854819594772477526823262001,-0.046972097214677751442122152330714,,,,,,,,
3.23,0.53998800760127629955287811192484,-2.1773178308309778959562301386967,-0.044980302999288880114369657490601,,,,,,,,
3.231,0.53781491566818523792964506185115,-2.1688692705582828454320145894913,-0.04308781798632873698688657739193,,,,,,,,
3.232,0.53565026249862314188185972473191,-2.1604404006452801621694264389878,-0.041288815424616097428904843983968,,,,,,,,
3.233,0.53349402811692275007713366031797,-2.1520317861114938574609225662338,-0.039577872445597544087604667393204,,,,,,,,
3.234,0.53134619199891975921849841905585,-2.143643959210223218391326203678,-0.03794993722430963575515565654643,,,,,,,,
3.235,0.52920673310389610344986361593733,-2.1352774210604405166906078865354,-0.036400299214675987303694183557283,,,,,,,,
3.236,0.52707562990493264801987793215654,-2.1269326431967663852491769383059,-0.034924562135031921027483909781431,,,,,,,,
3.237,0.52495286041775114722184974504721,-2.1186100690416334943097881663305,-0.033518619417531880468610841819068,,,,,,,,
3.238,0.52283840222812130654868573346286,-2.1103101153035495365919622012586,-0.032178631868059550197177704300366,,,,,,,,
3.239,0.52073223251790497414127266212573,-2.102033173305179671054317471637,-0.030901007312086079600065044035394,,,,,,,,
3.24,0.51863432808980585834152066299947,-2.0937796102447862011026415575124,-0.029682382027169515505290186996361,,,,,,,,
3.241,0.51654466539088971814226925719378,-2.0855497703943890933108644155373,-0.028519603784938338767307720579447,,,,,,,,
3.242,0.51446322053493669349291671734889,-2.0773439762378446936952802418531,-0.027409716344864666614137169322139,,,,,,,,
3.243,0.51238996932368432499314217907865,-2.0691625295518813866045005610414,-0.026349945259260573220600127845868,,,,,,,,
3.244,0.51032488726701684999176830128992,-2.0610057124329796839565241114378,-0.025337684864026866907230761799047,,,,,,,,
3.245,0.50826794960215354728921310890448,-2.0528737882728400500002011512304,-0.024370486343008179485392605829206,,,,,,,,
3.246,0.50621913131188622858380204435391,-2.0447670026850443827420608035903,-0.023446046765586127921794738778066,,,,,,,,
3.247,0.50417840714191343484222278034311,-2.0366855843853862159201659417037,-0.022562199007567747489723531554775,,,,,,,,
3.248,0.50214575161731648351953356887636,-2.0286297460282201084585074469469,-0.021716902474667354543429630870861,,,,,,,,
3.249,0.50012113905822022187487172306857,-2.0205996850010620911300726927094,-0.020908234556082062501722100189279,,,,,,,,
3.25,0.49810454359467916665324775232893,-2.0125955841795601885273166712849,-0.020134382742950721567150372714208,,,,,,,,
3.251,0.49609593918082764551024328638986,-2.0046176126448466810197620504939,-0.01939363735297295056763586478784,,,,,,,,
3.2520000000000002,0.49409529960833059536758061578545,-1.9966659263651816759133858709869,-0.01868438480824484308475151121102,,,,,,,,
3.253,0.49210259851916981226252561688032,-1.9887406688437004865953183679,-0.018005101418524280684073922197431,,,,,,,,
3.254,0.49011780941779868128123453558986,-1.9808419717339850476237291819336,-0.017354347626744423496906765621126,,,,,,,,
3.255,0.48814090568269673915540624336562,-1.9729699554250919046695706583201,-0.016730762677712581626149936725565,,,,,,,,
3.2560000000000002,0.48617186057735383157692506001276,-1.9651247295975860007293009729855,-0.016133059674619092550689643568002,,,,,,,,
3.257,0.48421064726071211797693291122989,-1.9573063937520503315303685726049,-0.015560020991285966525914151591527,,,,,,,,
3.258,0.48225723879709274435308800241826,-1.9495150377114663685558149426901,-0.01501049401105087673235250920384,,,,,,,,
3.259,0.48031160816563264583200969601351,-1.9417507420987887601440908588345,-0.014483387165846338817643506124481,,,,,,,,
3.2600000000000002,0.47837372826925565132719832598107,-1.9340135787909700396059224909122,-0.013977666251429901980712437533008,,,,,,,,
3.261,0.47644357194320083937659427597959,-1.926303611350626721452562015615,-0.013492350996878175811148989228596,,,,,,,,
3.262,0.47452111196312993366815265318786,-1.918620895436477086992306129237,-0.01302651186840141600293456451417,,,,,,,,
3.263,0.47260632105283442569826604774673,-1.9109654791936229900371083725652,-0.012579267089289049174156328769416,,,,,,,,
3.2640000000000002,0.47069917189156206742375201973815,-1.9033374036246930003733909983254,-0.01214977985938015699258355984195,,,,,,,,
3.265,0.46879963712098138577919403056226,-1.8957367029428120017016878290432,-0.011737255758884475338687428724616,,,,,,,,
3.266,0.46690768935180193079551123474725,-1.8881634049073128330610084744388,-0.011340940322674778354332650128991,,,,,,,,
3.267,0.46502330117006707716631539242071,-1.8806175311430585756598631568477,-0.010960116772344708892297462404764,,,,,,,,
3.2680000000000002,0.46314644514313535298911857573516,-1.8730990974441995138785750756368,-0.01059410389438971504410107790768,,,,,,,,
3.269,0.46127709382536546670574971515516,-1.865608114063146519130539309923,-0.010242254053833902750154743972328,,,,,,,,
3.27,0.45941521976351944174542921024257,-1.858144585985502503012324326609,-0.0099039513335022425157401944947025,,,,,,,,
3.271,0.45756079550189754591239618391016,-1.850708513191655551861698655591,-0.0095786097899345220455121401739968,,,,,,,,
3.2720000000000002,0.45571379358721801714260307074428,-1.8432998909057012837906121483047,-0.0092656718176626117463977585710383,,,,,,,,
3.273,0.45387418657325393696778830375935,-1.8359187098323277617602517433902,-0.0089646066142330591662285463802296,,,,,,,,
3.274,0.45204194702523898605451016035458,-1.8285649563822638573930429740893,-0.00867490873895905738066954833532,,,,,,,,
3.275,0.45021704752405323080738874688732,-1.8212386128868611996337600180759,-0.0083960967589350846794156855381705,,,,,,,,
3.2760000000000002,0.44839946067019953460489898769171,-1.8139396578023506741353802834899,-0.0081277119763490442582333650064993,,,,,,,,
3.277,0.44658915908758066022144977698012,-1.8066680659042867816193581837983,-0.0078693172315850761512172587595096,,,,,,,,
3.278,0.44478611542708662990974541850781,-1.7994238084726669387346112999447,-0.007620495777029437747420864978424,,,,,,,,
3.279,0.44299030237000143507689850066156,-1.7922068534681879392534049342608,-0.0073808502168756085385854386339582,,,,,,,,
3.2800000000000002,0.44120169263123773716280050496816,-1.7850171657000782166112629177248,-0.007150001508576355062537585333802,,,,,,,,
3.281,0.43942025896240777396462492343667,-1.7778547069859221941487643584642,-0.0069275880219128501814761369133011,,,,,,,,
3.282,0.43764597415473828005678956598144,-1.770719436303871813622771546137,-0.0067132646519467399668889088669045,,,,,,,,
3.283,0.43587881104183684500270458784947,-1.7636113099376202354959314806407,-0.0065067019823926921420703164561542,,,,,,,,
3.2840000000000003,0.43411874250231676767323711369976,-1.7565302816144936491050487715682,-0.0063075854961986080351682374792621,,,,,,,,
3.285,0.43236574146228711816270690657691,-1.7494763026369990628724687234076,-0.0061156148303502908761408581346925,,,,,,,,
3.286,0.43061978089771438956485028253221,-1.7424493220081488128455882852817,-0.0059305030721287042199721160635239,,,,,,,,
3.287,0.42888083383666180932709905944029,-1.7354492865508662832453258118621,-0.0057519760942426235592758241316465,,,,,,,,
3.2880000000000003,0.42714887336141208317778555125078,-1.7284761410217619290964767393247,-0.0055797719264389284446304622047716,,,,,,,,
3.289,0.42542387261047906289864851116737,-1.721529828219554084505349641451,-0.0054136401613583121032706642971425,,,,,,,,
3.29,0.4237058047805135617181772693082,-1.7146102890883951891123935220772,-0.005253341392556988631486196332976,,,,,,,,
3.291,0.42199464312810828709433546149245,-1.7077174628163509302028421638298,-0.0050986466827561321569287175744754,,,,,,,,
3.2920000000000003,0.42029036097150661944093983588752,-1.7008512869292673414766135920464,-0.0049493370605112665423515830059705,,,,,,,,
3.293,0.41859293169221973626977128029184,-1.6940116973802490860742893017623,-0.0048052030436145274499753107600967,,,,,,,,
3.294,0.41690232873655636364425614135566,-1.6871986286349609474904472767121,-0.0046660441876544494965857136617796,,,,,,,,
3.295,0.41521852561706923017692180470234,-1.6804120137529539255943205276281,-0.0045316686582614256245493557381316,,,,,,,,
3.2960000000000003,0.41354149591392210248949192053301,-1.6736517844652072559011670546492,-0.0044018928256629137858491326790271,,,,,,,,
3.297,0.41187121327618109455855658446032,-1.6669178712480681098567503620179,-0.0042765408802614382654674514580289,,,,,,,,
3.298,0.41020765142303376618622690199692,-1.6602102033937616650725634427705,-0.0041554444680310063946940263085624,,,,,,,,
3.299,0.40855078414493935748547904594204,-1.6535287090776356314644088603014,-0.0040384423446042443121253072952676,,,,,,,,
3.3000000000000003,0.40690058530471334630046318224319,-1.6468733154222951577349567860616,-0.0039253800469938120368427764802826,,,,,,,,
3.301,0.40525702883854936346307150281091,-1.6402439485587762995153788477904,-0.0038161095819579126888003688643616,,,,,,,,
3.302,0.40362008875698135631117528990072,-1.6336405336848988838694797594657,-0.0037104891300813512461905939904276,,,,,,,,
3.303,0.40198973914578875357509368785645,-1.6270629951209326340442892190097,-0.0036083827647009798860408341404478,,,,,,,,
3.3040000000000003,0.40036595416684725421115811997412,-1.6205112563627038036933444003349,-0.0035096601848578149395483991648513,,,,,,,,
3.305,0.39874870805892773867790624395844,-1.6139852401322632927066750599197,-0.0034141964615079228620270202454633,,,,,,,,
3.306,0.39713797513844568318279987592825,-1.6074848684262312596388392472964,-0.0033218717962706227042500725745027,,,,,,,,
3.307,0.39553372980016334526388164058352,-1.6010100625619275918462379469013,-0.0032325712920358912109635568716811,,,,,,,,
3.3080000000000003,0.39393594651784688241617737429151,-1.5945607432213922280205909438617,-0.0031461847347933141993952485353469,,,,,,,,
3.309,0.39234459984488046404701368890277,-1.5881368304933942338641158439446,-0.0030626063860827159375380065930213,,,,,,,,
3.31,0.39075966441483934058242491534839,-1.5817382439135236960109746886,-0.0029817347855019114582015822098753,,,,,,,,
3.311,0.38918111494202374179694822614636,-1.5753649025024559085247902885667,-0.0029034725627400441644414805013787,,,,,,,,
3.3120000000000003,0.38760892622195538916290386740109,-1.5690167248024729676683451974938,-0.002827726258635857552091297690123,,,,,,,,
3.313,0.38604307313183832398666922584977,-1.5626936289123237520953720856469,-0.0027544061547891572587778310328706,,,,,,,,
3.314,0.38448353063098567410415371647253,-1.556395532520499335738078481505,-0.0026834261112807879350232233479867,,,,,,,,
3.315,0.38293027376121390674245263437763,-1.550122352936997148642547994667,-0.0026147034120818077451147238598432,,,,,,,,
3.3160000000000003,0.38138327764720604362681596241838,-1.5438740071236436565927095693264,-0.0025481586177563108172320862559344,,,,,,,,
3.317,0.37984251749684524633889861297636,-1.5376504117230419638576625850699,-0.0024837154250846347316857988583535,,,,,,,,
3.318,0.37830796860152011514049406580575,-1.5314514830862075456038326490856,-0.0024213005332545978631541589954088,,,,,,,,
3.319,0.37677960633640298280227476295426,-1.5252771372989522787241426087823,-0.0023608435162880341104361095350309,,,,,,,,
3.3200000000000003,0.37525740616070242626362801099482,-1.5191272902070740538012046469626,-0.0023022767013883172503477388176713,,,,,,,,
3.321,0.37374134361789116304967439006612,-1.5130018574404065088248436489447,-0.0022455350529118743714162980395318,,,,,,,,
3.322,0.37223139433591044614478380982214,-1.5069007544357808197216153888385,-0.0021905560616829521671976409968978,,,,,,,,
3.323,0.37072753402735202033536741450717,-1.5008238964589490067102797551819,-0.0021372796393861904240086005107131,,,,,,,,
3.3240000000000003,0.3692297384896186547622556717042,-1.4947711986255158623259437886882,-0.0020856480177859379219194962008252,,,,,,,,
3.325,0.36773798360506422044487872247992,-1.4887425759209243703593273230073,-0.0020356056525347766506027744279775,,,,,,,,
3.326,0.36625224534111423774217971435206,-1.4827379432195373589692946708331,-0.0019870991313464559285626002967406,,,,,,,,
3.327,0.36477249975036777699095984780977,-1.4767572153028561101922720731686,-0.0019400770863204299802865932901734,,,,,,,,
3.3280000000000003,0.3632987229706815558089244163037,-1.4708003068769147266334857753257,-0.0018944901102164884206867262901229,,,,,,,,
3.329,0.36183089122523703867003782196843,-1.4648671325888872292046267772738,-0.001850290676488613224104491680119,,,,,,,,
3.33,0.36036898082259130826181151912236,-1.458957607042942622558640989709,-0.0018074330628972293313790944147956,,,,,,,,
3.331,0.35891296815671244373043626587511,-1.4530716448153815128043523357716,-0.0017658732785284774343650863901599,,,,,,,,
3.332,0.35746282970700010812726353307421,-1.4472091604690862908391104425285,-0.0017255689940580623960864871118059,,,,,,,,
3.333,0.35601854203829201611028372082593,-1.441370068567315400119587711564,-0.001686479475105652499706603371531,,,,,,,,
3.334,0.35458008180085692315217359360452,-1.4355542836868707860156478988981,-0.0016485655185337542960017794322181,,,,,,,,
3.335,0.35314742573037474909120630601038,-1.4297617204306662713783941664652,-0.0016117893915524941717338335883753,,,,,,,,
3.336,0.35172055064790442176543370857747,-1.4239922934397233161109868886838,-0.0015761147734988278881374844727244,,,,,,,,
3.337,0.35029943345984000063006010650082,-1.4182459174046193940507410891631,-0.00154150670016539844243144738743,,,,,,,,
3.338,0.34888405115785561561204937218196,-1.4125225070764130552161367665182,-0.0015079315105605942237999459364666,,,,,,,,
3.339,0.34747438081883973294701859413497,-1.4068219772770686324680025967396,-0.0014753567959873455619839729770618,,,,,,,,
3.34,0.34607039960481923731654362813439,-1.4011442429094024960594932389007,-0.0014437513513338589608208796195124,,,,,,,,
3.341,0.34467208476287379820705456919347,-1.3954892189665717547295862883954,-0.0014130851284748437982826628647241,,,,,,,,
3.342,0.34327941362504096799505717635902,-1.3898568205411253453927680497281,-0.0013833291916868540486617484241764,,,,,,,,
3.343,0.34189236360821243978047547423322,-1.384246962833636542687232455745,-0.0013544556749861644807680293654336,,,,,,,,
3.344,0.34051091221402187439581056974593,-1.3786595611609350523830395303151,-0.0013264377413021425772684757731298,,,,,,,,
3.345,0.33913503702872468827111364698639,-1.3730945309639560267553703797618,-0.0012992495434033788775268489232665,,,,,,,,
3.346,0.3377647157230701768931484400303,-1.3675517878152225534425396236387,-0.0012728661864979134150298296481349,,,,,,,,
3.347,0.33639992605216633242324214279951,-1.3620312474259774200853590922979,-0.001247263692432757382435948908564,,,,,,,,
3.348,0.33504064585533769859576369522952,-1.3565328256529792433351359198352,-0.0012224189654215692891515421546345,,,,,,,,
3.349,0.33368685305597659127329564919671,-1.3510564385049773708679102794803,-0.0011983097592328151042724806291617,,,,,,,,
3.35,0.33233852566138799895246026700338,-1.3456020021488793171879361384579,-0.0011749146457740329277891257836703,,,,,,,,
3.351,0.3309956417626284640647237826033,-1.3401694329156238766641955223638,-0.0011522129850109446778991964963149,,,,,,,,
3.352,0.32965817953433923306957561921638,-1.3347586473057724689206496226103,-0.00113018489616311958496628351482,,,,,,,,
3.353,0.3283261172345739510649633794665,-1.3293695619948307109709206161318,-0.0011088112301207058363295907002136,,,,,,,,
3.354,0.3269994332046211649148477884555,-1.3240020938383116760003495331322,-0.0010880735430294158817948493987266,,,,,,,,
3.355,0.32567810586882188769062894050138,-1.3186561598765517891705309869985,-0.0010679540709934855506904370240754,,,,,,,,
3.356,0.32436211373438246651764026397003,-1.3133316773392898250360175889811,-0.0010484357058487346460889182911648,,,,,,,,
3.357,0.32305143539118298568675010223495,-1.3080285636500190079639571418697,-0.0010295019719601440331781700663899,,,,,,,,
3.358,0.32174604951158142711231978350097,-1.3027467364301217752373248830669,-0.0010111370040005379825114073078482,,,,,,,,
3.359,0.32044593485021380087037835380345,-1.2974861135027963412587705799394,-0.00099332552566902683933022579621114,,,,,,,,
3.36,0.31915107024379044961494054507384,-1.2922466128967837994649553582073,-0.00097605282930982978455252641868884,,,,,,,,
3.361,0.31786143461088872212693370717919,-1.2870281528499041152703379603069,-0.00095930475639396601394798968191729,,,,,,,,
3.362,0.31657700695174220308114551201003,-1.2818306518124089976915372725411,-0.00094306767882808025847227746433839,,,,,,,,
3.363,0.31529776634802667830476200975947,-1.2766540284501592884101841552783,-0.00092732848105636007564126934767729,,,,,,,,
3.364,0.31402369196264300733006694123185,-1.2714982016476341741074944811671,-0.00091207454292311235836913931152281,,,,,,,,
3.365,0.31275476303949706789813575761189,-1.2663630905107792101817521591351,-0.00089729372326509937429774188311683,,,,,,,,
3.366,0.3114909589032769302350459089321,-1.2612486143696998407127131271711,-0.0008829743442041944629142014852334,,,,,,,,
3.367,0.31023225895922741238311250591074,-1.2561546927812068100730177381924,-0.00086910517611230814932168031355761,,,,,,,,
3.368,0.30897864269292216161349361672488,-1.2510812455312195852487230820814,-0.00085567542322186053794177390774301,,,,,,,,
3.369,0.30773008967003340096038130185616,-1.246028192637033644094277363495,-0.00084267470985633888112611093073633,,,,,,,,
3.37,0.30648657953609947418870127448522,-1.2409954543494572328177729897547,-0.00083009306725668344210622398204889,,,,,,,,
3.371,0.30524809201629031702516316383492,-1.2359829511548229554055507283198,-0.00081792092098039327676736669755898,,,,,,,,
3.372,0.30401460691517097723556267697863,-1.2309906037768793279144049940084,-0.00080614907885133926525602885571118,,,,,,,,
3.373,0.30278610411646330110888789488695,-1.2260183331785672110743668253441,-0.00079476871943931739624886809236507,,,,,,,,
3.374,0.30156256358280589910097365789684,-1.2210660605636858249699658141222,-0.00078377138104937355993177612489867,,,,,,,,
3.375,0.30034396535551249878760301405882,-1.2161337073784528492414140843227,-0.00077314895120188441749261907782883,,,,,,,,
3.376,0.299130289554328788869945742504,-1.2112211953129629208302962487207,-0.00076289365658528963155876260015765,,,,,,,,
3.3770000000000002,0.29792151637718785375535196042089,-1.2063284463025486583694903338154,-0.0007529980534642410867395521976574,,,,,,,,
3.378,0.2967176260999642941954920570419,-1.2014553825290481674869225557873,-0.00074345501852676680959186434038281,,,,,,,,
3.379,0.29551859907622712559374847804547,-1.1966019264219828141794179609628,-0.00073425774015484311110089767479879,,,,,,,,
3.38,0.29432441573699154188708472563735,-1.1917680006596488936567273895329,-0.00072539971010352991755838988149177,,,,,,,,
3.3810000000000002,0.29313505659046962935715770197154,-1.1869535281701266693145771550923,-0.00071687471557455312611075683553639,,,,,,,,
3.382,0.29195050222182011132435043885225,-1.18215843213221011044362384067,-0.00070867683167091582660693968180075,,,,,,,,
3.383,0.29077073329289720142015031525609,-1.1773826359762605176085293428367,-0.00070080041421978899313480618793213,,,,,,,,
3.384,0.2895957305419986400116525077761,-1.1726260633849870910429440404823,-0.00069324009295157330724398282494467,,,,,,,,
3.3850000000000002,0.28842547478361298536098700050864,-1.1678886382941573696211118905976,-0.00068599076502363859445266109708318,,,,,,,,
3.386,0.28725994690816622823648145169869,-1.1631702848932403457176651315089,-0.00067904758887783732844185685763214,,,,,,,,
3.387,0.28609912788176779594597400202131,-1.1584709276259849442993226706566,-0.00067240597842145510778716246057828,,,,,,,,
3.388,0.28494299874595600913072064862136,-1.1537904911909364426631622303733,-0.00066606159752180519871373132081659,,,,,,,,
3.3890000000000002,0.28379154061744305213587869480996,-1.149128900541893300114966945131,-0.00066001035480519736451984671271465,,,,,,,,
3.39,0.28264473468785951535589401377797,-1.1444860808883067643478917229209,-0.00065424839875151441158754867050864,,,,,,,,
3.391,0.28150256222349856563579313343561,-1.1398619576956255231268227857734,-0.00064877211307611426339621402658959,,,,,,,,
3.392,0.28036500456505979858810368793384,-1.1352564566855875759076985419969,-0.00064357811239124196739205872199409,,,,,,,,
3.3930000000000002,0.27923204312739282455581568430996,-1.1306695038364614100335280362019,-0.00063866323813958583718320549284861,,,,,,,,
3.394,0.2781036593992406379105540711167,-1.1261010253832384799686498190297,-0.00063402455479304588183564285378074,,,,,,,,
3.395,0.27697983494298281741823998152306,-1.1215509478177789054872012538044,-0.00062965934631020168042761104473328,,,,,,,,
3.396,0.27586055139437860352842210291482,-1.1170191978889122256561959526991,-0.00062556511284637178920268366994475,,,,,,,,
3.3970000000000002,0.27474579046230989664476998299102,-1.1125057026024949696911151226932,-0.00062173956771054844903518683523486,,,,,,,,
3.398,0.27363553392852421870970003159276,-1.1080103892214267331629092785153,-0.00061818063456387058574760571113393,,,,,,,,
3.399,0.27252976364737767878266091778153,-1.1035331852656263784571458345579,-0.00061488644485466562532172472267642,,,,,,,,
3.4,0.27142846154557798170628568784948,-1.0990740185119699116927143469957,-0.00061185533548544720938912119304434,,,,,,,,
3.4010000000000002,0.27033160962192751743460377197149,-1.0946328169941915243693030690674,-0.0006090858467076021935590326431148,,,,,,,,
3.402,0.26923918994706656714010432552825,-1.0902095090027492267060688454716,-0.00060657672023983701473441443442151,,,,,,,,
3.403,0.26815118466321666081908113135133,-1.0858040230846564408405186662736,-0.00060432689760678127047267150139783,,,,,,,,
3.404,0.26706757598392411977491192120989,-1.0814162880432808656640103209568,-0.00060233551869446578646697467833326,,,,,,,,
3.4050000000000002,0.26598834619380381607438480241824,-1.0770462329381118709710265256585,-0.00060060192051970415760276804018893,,,,,,,,
3.406,0.26491347764828317984063980190783,-1.0726937870844976266909565057302,-0.00059912563621071131292901772076955,,,,,,,,
3.407,0.2638429527733464840656028386813,-1.0683588800533531231556782795793,-0.00059790639419659063471266393277696,,,,,,,,
3.408,0.26277675406527943549290679106167,-1.0640414416708401905403669417276,-0.00059694411760361309757637524593648,,,,,,,,
3.4090000000000003,0.26171486409041409903726509612351,-1.0597414020180205797094836108866,-0.00059623892385649830949436976279094,,,,,,,,
3.41,0.26065726548487418216622000897841,-1.0554586914304831226196781740346,-0.0005957911244831887401748878778692,,,,,,,,
3.411,0.25960394095432070467334597889637,-1.0511932404979459480950514881378,-0.00059560122512188530737762554041745,,,,,,,,
3.412,0.25855487327369807831664376300548,-1.0469449800638346881202029410548,-0.00059566992572938533764612023413022,,,,,,,,
3.4130000000000003,0.25751004528698061988038400745719,-1.0427138412248375707185440958692,-0.00059599812099003319184636270074047,,,,,,,,
3.414,0.25646943990691952034149371779375,-1.0384997553304382579266018062,-0.00059658690092486000330343378314414,,,,,,,,
3.415,0.25543304011479029198123825214317,-1.0343026539824272512717256501391,-0.0005974375517007524621470959377165,,,,,,,,
3.416,0.25440082896014071447801436854064,-1.0301224690343926524460124982336,-0.00059855155663975182901009728215366,,,,,,,,
3.4170000000000003,0.25337278956053930024617891093251,-1.0259591325911910334814763746486,-0.00059993059742884380103502063257529,,,,,,,,
3.418,0.2523489051013242985476959168311,-1.0218125770083991386113518898427,-0.00060157655553085790195196070084997,,,,,,,,
3.419,0.25132915883535325719675313151124,-1.0176827348917471090933383381382,-0.00060349151379735213750114404385037,,,,,,,,
3.42,0.25031353408275316000119332206401,-1.0135695390965338925184457734888,-0.00060567775828461515321621161078201,,,,,,,,
3.4210000000000003,0.24930201423067115743749554376251,-1.0094729227270254694821157259623,-0.00060813778027417445368942574607321,,,,,,,,
3.422,0.24829458273302590743704641797992,-1.0053928191358365029029123219653,-0.00061087427849945578642432559586798,,,,,,,,
3.423,0.24729122311025954256952980589821,-1.0013291619232959886908951929359,-0.00061389016158049595088583991991075,,,,,,,,
3.424,0.24629191894909027934344967474764,-0.99728188493679746084739896366907,-0.00061718855066886945288465917517564,,,,,,,,
3.4250000000000003,0.24529665390226568480314454564851,-0.99325092227013427937688824238249,-0.00062077278230524897205539219406462,,,,,,,,
3.426,0.24430541168831661508525431845345,-0.9892362082628205055682002798797,-0.00062464641149228093024372473422107,,,,,,,,
3.427,0.24331817609131184010460387415853,-0.98523767749939784621694579728744,-0.00062881321498572092439490404388596,,,,,,,,
3.428,0.24233493096061336806905408960781,-0.98125526480872912617489172635335,-0.00063327719480703980193512376932502,,,,,,,,
3.4290000000000003,0.24135566021063248307425861416568,-0.97728890526327872718916164017752,-0.00063804258198098009283240204204855,,,,,,,,
3.43,0.24038034782058650860170868153259,-0.97333853417838041029893233160024,-0.00064311384050181475460551969902344,,,,,,,,
3.431,0.23940897783425630933623749421405,-0.96940408711149291905628562438047,-0.00064849567153233612016130538540909,,,,,,,,
3.432,0.23844153435974454333161245953893,-0.96548549986144374149866665799714,-0.00065419301783988295131015951429979,,,,,,,,
3.4330000000000003,0.23747800156923467618432158168624,-0.96158270846766139009197744551122,-0.00066021106847399798376715766541023,,,,,,,,
3.434,0.2365183636987507685255438333808,-0.95769564920939654075590868555858,-0.00066655526369059769644364877861655,,,,,,,,
3.435,0.23556260504791804780899574847516,-0.95382425860493235454807210401043,-0.00067323130012783064695751381401488,,,,,,,,
3.436,0.23461070997972427505730924415253,-0.94996847341078428859334842213049,-0.00068024513623910098926485195154176,,,,,,,,
3.4370000000000003,0.23366266292028191693128720511181,-0.94612823062088968637318598019978,-0.00068760299798904013611752939989303,,,,,,,,
3.438,0.2327184483585911332042979637055,-0.94230346746578742151095854797244,-0.00069531138481852236250708168086255,,,,,,,,
3.439,0.23177805084630358945772673948505,-0.93849412141178785367946730064401,-0.00070337707588513988664965308934474,,,,,,,,
3.44,0.23084145499748710456234459801117,-0.93470013016013334019171587666848,-0.00071180713658588003974758463544208,,,,,,,,
3.4410000000000003,0.22990864548839114227424988812989,-0.93092143164614953219353293566516,-0.00072060892536908197974350904964006,,,,,,,,
3.442,0.22897960705721315605227200464963,-0.92715796403838767013462365608975,-0.00072979010084309346085371120943067,,,,,,,,
3.443,0.22805432450386579599601272951507,-0.9234096657377580793321442352786,-0.0007393586291893998920063735581582,,,,,,,,
3.444,0.22713278268974498660966703977218,-0.91967647537665505293759992823226,-0.00074932279188835876509374766918708,,,,,,,,
3.4450000000000003,0.22621496653749888391606380114795,-0.915958331818073296454161646168,-0.00075969119376604297997423368227814,,,,,,,,
3.446,0.22530086103079772027766712643957,-0.9122551741547160951084420600917,-0.0007704727713710771199697336901197,,,,,,,,
3.447,0.22439045121410454512626991926408,-0.90856694170809535284006710417055,-0.00078167680169074183310886227580169,,,,,,,,
3.448,0.22348372219244686966049879662526,-0.9048935740276236394163208304642,-0.00079331291121602365648598231424998,,,,,,,,
3.4490000000000003,0.22258065913118922343975815395547,-0.90123501088969837019059702238121,-0.00080539108536570140240820974438804,,,,,,,,
3.45,0.22168124725580663068461143209847,-0.89759119229677823128576334624168,-0.00081792167827998613735369061779254,,,,,,,,
3.451,0.2207854718516590139865868357481,-0.8939620584764519514807440993794,-0.00083091542299467037398418592689376,,,,,,,,
3.452,0.21989331826376653303477585300869,-0.89034754988049951079504567888933,-0.00084438344200719392298377289874864,,,,,,,,
3.4530000000000003,0.21900477189658586588215433403369,-0.8867476071839458646864260345532,-0.00085833725824649949106517146949398,,,,,,,,
3.454,0.2181198182137874402011009452339,-0.88316217128410725188671183993718,-0.00087278880645903115580227073650087,,,,,,,,
3.455,0.21723844273803362191493439833302,-0.87959118329963014318556069351228,-0.00088775044502372390538505626755058,,,,,,,,
3.456,0.21636063105075786854027097931601,-0.8760345845695228779177911228017,-0.00090323496820934312768944871964082,,,,,,,,
3.457,0.21548636879194485453346337140293,-0.87249231665218002450315264414588,-0.00091925561888805991202550355174253,,,,,,,,
3.458,0.21461564165991157590317982065217,-0.86896432132439949111480231179976,-0.00093582610171969195118463294019949,,,,,,,,
3.459,0.21374843541108944133019169897206,-0.86545054058039240240132027373989,-0.00095296059682160138308694497156306,,,,,,,,
3.46,0.21288473585980735702454267196087,-0.8619509166307857481441472619127,-0.00097067377393982079283689194486875,,,,,,,,
3.461,0.21202452887807581254937172644343,-0.858465391901617799785438725542,-0.00098898080713757753074495847752428,,,,,,,,
3.462,0.21116780039537197484966530215759,-0.85499390903332628089832517689872,-0.0010078973900180052350542359945495,,,,,,,,
3.463,0.21031453639842579774304281513729,-0.8515364108797292678804932891167,-0.0010274397514984707474528866672038,,,,,,,,
3.464,0.20946472293100715415826891647228,-0.848092840506998787421110939453,-0.0010476246721546052659999920795387,,,,,,,,
3.465,0.20861834609371399844548050960502,-0.84466314119262706760885360529304,-0.0010684695011528114089920962254301,,,,,,,,
3.466,0.20777539204376156613007393384675,-0.84124725642438538990376172705839,-0.0010899921737907237045890483812147,,,,,,,,
3.467,0.20693584699477261853978620256251,-0.83784512989927547957663455811022,-0.0011122112296658297404353337818626,,,,,,,,
3.468,0.20609969721656873980170331739105,-0.83445670552247336261554775205978,-0.001135145831493213697292796688858,,,,,,,,
3.469,0.2052669290349626937827290573707,-0.83108192740626560749889158015689,-0.0011588157845941641703861726782922,,,,,,,,
3.47,0.20443752883155184863345078102983,-0.82772073986897786062719018493935,-0.0011832415570781949994308957051915,,,,,,,,
3.471,0.20361148304351267669135702614484,-0.82437308743389557458109373781541,-0.0012084443007418622597829331220431,,,,,,,,
3.472,0.20278877816339633760501814005997,-0.8210389148281768187196215251625,-0.0012344458727086236192123691832912,,,,,,,,
3.473,0.20196940073892535265616960053939,-0.81771816698175705194031909072424,-0.001261268857834878974433129602422,,,,,,,,
3.474,0.20115333737279137838168250364321,-0.81441078902624572768086345092722,-0.0012889365919082547171053868407693,,,,,,,,
3.475,0.2003405747224540877322219096429,-0.81111672629381459143922181306109,-0.00131747318566514924117013715066,,,,,,,,
3.476,0.19953109949994116714904693643219,-0.80783592431607752121616931380096,-0.0013469035496555455257148085870035,,,,,,,,
3.477,0.19872489847164943809497282927571,-0.80456832882296175132922730460462,-0.0013772534199841189775703268475004,,,,,,,,
3.478,0.19792195845814711174008145221262,-0.80131388574157031000030782376447,-0.0014085493849577263975882661047051,,,,,,,,
3.479,0.1971222663339771856774300773389,-0.79807254119503549096992519539799,-0.0014408189126704561815170953532425,,,,,,,,
3.48,0.19632580902746199172887696815087,-0.79484424150136316912810223587611,-0.0014740903795585519542088596743844,,,,,,,,
3.481,0.19553257352050890409633472400153,-0.79162893317226775976533950022092,-0.0015083930999586930750383549054027,,,,,,,,
3.482,0.19474254684841721731940808737298,-0.78842656291199761052544386573722,-0.0015437573567043271909870350127115,,,,,,,,
3.483,0.19395571609968620371661215554602,-0.78523707761615060447475560317157,-0.0015802144327960036381672318125574,,,,,,,,
3.484,0.19317206841582436021435084465411,-0.78206042437047974187840083862091,-0.00161779664418295342786900170288,,,,,,,,
3.485,0.19239159099115985470572621324444,-0.77889655044968845728254696494111,-0.0016565373736945032642186507325686,,,,,,,,
3.486,0.19161427107265218233022019422521,-0.77574540331621541733104444129117,-0.0016964711061612990319976522722084,,,,,,,,
3.487,0.19084009595970504232552601461892,-0.77260693061900853338395234434387,-0.0017376334647677500103602894926325,,,,,,,,
3.488,0.19006905300398044637450313074743,-0.76948108019228791144276643528128,-0.0017800612486785902973416435675804,,,,,,,,
3.489,0.18930112960921406965359448430994,-0.7663678000542974501110294453974,-0.0018237924719839901987085412904236,,,,,,,,
3.49,0.18853631323103185608429766173143,-0.76326703840604478531755436609413,-0.0018688664040092393120085898816837,,,,,,,,
3.491,0.18777459137676788959665343064978,-0.7601787436300292682906876879143,-0.0019153236110366664335311533592223,,,,,,,,
3.492,0.18701595160528354353344959785378,-0.7571028642889576507836256562642,-0.0019632059994891609850865889600394,,,,,,,,
3.493,0.1862603815267879206561910129457,-0.75403934912444713880029300384584,-0.0020125568606264181936645922733716,,,,,,,,
3.494,0.1855078688026595965591262601612,-0.75098814705571546304598127247991,-0.002063420916806847596470653586562,,,,,,,,
3.495,0.18475840114526967965602941070127,-0.747949207178257601013849483734,-0.0021158443693699634643048530400814,,,,,,,,
3.496,0.18401196631780620127630552988651,-0.74492247876250877200427085967663,-0.0021698749481960183564609996022186,,,,,,,,
3.497,0.18326855213409984979262921154138,-0.74190791125249331244533797200217,-0.0022255619630016491993926370909748,,,,,,,,
3.498,0.18252814645845106310205768688191,-0.73890545426445902462578698547158,-0.0022829563564323810180129229444467,,,,,,,,
3.499,0.18179073720545849419671945250391,-0.73591505758549657735202487381694,-0.0023421107590149787799773572112428,,,,,,,,
3.5,0.18105631233984886498911561729017,-0.73293667117214352208436405990471,-0.0024030795460348548143403711903137,,,,,,,,
3.501,0.18032485987630822400114866754072,-0.729970245148972472779159774379,-0.0024659188964060300472217613051565,,,,,,,,
3.5020000000000002,0.17959636787931462398559148867888,-0.72701572980716298194811290272995,-0.0025306868536035140034231017327916,,,,,,,,
3.503,0.17887082446297223602422303993366,-0.72407307560305662932796762580074,-0.0025974433887304133313534477335129,,,,,,,,
3.504,0.17814821779084691713869661182816,-0.72114223315669482301721943985291,-0.0026662504657946037260721550326505,,,,,,,,
3.505,0.17742853607580324895879884925486,-0.71822315325033879596485588773146,-0.0027371721092724077858280555501485,,,,,,,,
3.5060000000000002,0.1767117675798430655185460565648,-0.71531578682697126327274161124011,-0.0028102744740394137993589556640357,,,,,,,,
3.507,0.17599790061394548879400914182997,-0.71242008498877918788073540937004,-0.0028856259177513500032295017424238,,,,,,,,
3.508,0.17528692353790849115833786445685,-0.70953599899561708382421665726582,-0.0029632970757607977661204819878033,,,,,,,,
3.509,0.17457882476019200450966480315467,-0.70666348026345026736913086120074,-0.0030433609386584877579827713245294,,,,,,,,
3.5100000000000002,0.17387359273776259642692416769878,-0.7038024803627774469211500712317,-0.0031258929325309777613568949471214,,,,,,,,
3.511,0.17317121597593973432765380305113,-0.70095295101703202265375443253736,-0.0032109710020296616966936745713205,,,,,,,,
3.512,0.17247168302824365924111365114295,-0.69811484410096144628508581217149,-0.003298675696349308975499956164725,,,,,,,,
3.513,0.17177498249624489147012389761303,-0.69528811163898397033482852401008,-0.0033890902582176837655705698498391,,,,,,,,
3.5140000000000002,0.17108110302941539109649516803452,-0.69247270580352209448905366936983,-0.0034823007160012474335254405772515,,,,,,,,
3.515,0.17039003332498139698840697628701,-0.68966857891331199437120924181313,-0.0035783959790355065760823649467636,,,,,,,,
3.516,0.16970176212777796869422673149648,-0.6868756834316881950388787752106,-0.0036774679362922358810757404800232,,,,,,,,
3.517,0.1690162782301052563567102517362,-0.68409397196484272787551657941779,-0.0037796115584995817434448453283793,,,,,,,,
3.5180000000000002,0.16833357047158652455496958666078,-0.6813233972600579852003397706224,-0.0038849250038349412134343260974903,,,,,,,,
3.519,0.16765362773902795677974281425804,-0.67856391220391246185342429548756,-0.0039935097273145135168076299089563,,,,,,,,
3.52,0.16697643896628026807108601656076,-0.67581546982045854720155976556523,-0.004105470594007540018726369514962,,,,,,,,
3.521,0.16630199313410215419738817025886,-0.67307802326937150442752113409074,-0.0042209159962074849640552791656509,,,,,,,,
3.5220000000000002,0.16563027927002560663136997822744,-0.67035152584406874658424860733186,-0.0043399579746967653621726342579,,,,,,,,
3.523,0.16496128644822312348327977293116,-0.66763593096979849068827424869191,-0.0044627123442461156061553209086779,,,,,,,,
3.524,0.16429500378937684748468375340876,-0.66493119220169684206499553355347,-0.0045892988234942722847123457365204,,,,,,,,
3.525,0.16363142046054966307893323878543,-0.66223726322281233121255856080256,-0.0047198411693583884476492952585611,,,,,,,,
3.5260000000000002,0.16297052567505828566747758332333,-0.65955409784209689459071387382486,-0.0048544673161304354131774545082426,,,,,,,,
3.527,0.16231230869234837708560810289118,-0.65688164999236225893459951415654,-0.0049933095194198249283569488093008,,,,,,,,
3.528,0.16165675881787172243792796545793,-0.65421987372820065590852320606859,-0.0051365045051075857347210234544375,,,,,,,,
3.529,0.161003865402965504513840644794,-0.65156872322386876011793607124777,-0.0052841936234826566946040924886505,,,,,,,,
3.5300000000000002,0.16035361784473371312766443958934,-0.64892815277113370865429669891555,-0.0054365230087362136355040704165533,,,,,,,,
3.531,0.15970600558593072788767711349338,-0.64629811677708002442166487257292,-0.0055936437439954286616394096546724,,,,,,,,
3.532,0.15906101811484711409457364516006,-0.64367856976187622844871133490104,-0.0057557120320836681739815854373928,,,,,,,,
3.533,0.15841864496519767270361965408471,-0.64106946635649988818723825685795,-0.0059228893721998681207131155998525,,,,,,,,
3.5340000000000003,0.15777887571601178655738032327543,-0.6384707613004198093988673812919,-0.0060953427427156804916061903627473,,,,,,,,
3.535,0.15714169999152610640851666593356,-0.63588240943923403859455484101052,-0.006273244790294961681156749717605,,,,,,,,
3.536,0.15650710746107962160602625996919,-0.63330436572226230107496512292915,-0.0064567740255462684206322608622084,,,,,,,,
3.537,0.15587508783901116171476534640748,-0.63073658520009145638001080273472,-0.0066461150254252372425763008446952,,,,,,,,
3.5380000000000003,0.15524563088455937677846889343654,-0.62817902302207250834811611100319,-0.0068414586426100449369035044960502,,,,,,,,
3.539,0.15461872640176524542217597616171,-0.62563163443376766096356318829635,-0.0070430022220795754852639276998311,,,,,,,,
3.54,0.15399436423937716152240792469786,-0.62309437477434586368564390894388,-0.0072509498251304480056657212840597,,,,,,,,
3.541,0.15337253429075865175412324999112,-0.62056719947392524095666751066637,-0.0074655124610756838994149537332967,,,,,,,,
3.5420000000000003,0.15275322649379877795392389829166,-0.61805006405086075002589384014168,-0.007686908326874502294783086488824,,,,,,,,
3.543,0.15213643083082527992080157350636,-0.61554292410897535905017199159675,-0.007915363054949522597714411472285,,,,,,,,
3.544,0.15152213732852051601053425648449,-0.61304573533473298358467040962974,-0.0081511099694545119110104422479527,,,,,,,,
3.545,0.15091033605784026066937091300585,-0.61055845349435136400193714591889,-0.0083943903512627324414908119311323,,,,,,,,
3.5460000000000003,0.15030101713393541989863359456944,-0.60808103443085300901605604878529,-0.0086454537119529075935901719826511,,,,,,,,
3.547,0.14969417071607672754613713585046,-0.60561343406105227128030430080274,-0.0089045580770768215881050083569801,,,,,,,,
3.548,0.149089787007582487284755464011,-0.60315560837247655990884630078984,-0.0091719702789995808889423722526804,,,,,,,,
3.549,0.14848785625574942716499186531432,-0.60070751342021963168086205063285,-0.0094479662596105794801908299711806,,,,,,,,
3.5500000000000003,0.14788836875178673571904596575534,-0.59826910532372483755213918794702,-0.0097328313832102052480278168946817,,,,,,,,
3.551,0.14729131483075335075068833971728,-0.59584034026349613385530313163222,-0.01002686075988428049705668007461,,,,,,,,
3.552,0.1466966848714985741704006600118,-0.59342117447773459814389725373215,-0.010330359579685122887525295270502,,,,,,,,
3.553,0.1461044692966060885309340815168,-0.59101156425889811795337967986207,-0.010643643457944918370540584771893,,,,,,,,
3.5540000000000003,0.14551465857234145328697538371752,-0.58861146595018184673716087280155,-0.010967038792053787020142501862786,,,,,,,,
3.555,0.14492724320860316124636148097488,-0.58622083594191694480882278554591,-0.011300883130041465255617267964034,,,,,,,,
3.556,0.1443422137588773382017010366127,-0.58383963066788504420066982381965,-0.011645525551307890086106652155439,,,,,,,,
3.557,0.14375956082019617133288324875976,-0.58146780660154579484897905866444,-0.012001327059854115764256385079789,,,,,,,,
3.5580000000000003,0.14317927503310015465540080903001,-0.579105320252174765350038447057,-0.012368660990370880233924640506834,,,,,,,,
3.559,0.142601347081604242559398172085,-0.57675212816090888460756181717711,-0.012747913427547723921094062545866,,,,,,,,
3.56,0.14202576769316800534268149813039,-0.57440818689669652091749392719564,-0.013139483638970798685722315228087,,,,,,,,
3.561,0.14145252763866988359049228911072,-0.57207345305214920231347453982711,-0.013543784521982337783820762565612,,,,,,,,
3.5620000000000003,0.14088161773238564129865094115289,-0.56974788323929188622486980183983,-0.013961243064879131546231966290062,,,,,,,,
3.563,0.14031302883197112077781946259785,-0.56743143408520858757538243055039,-0.014392300822831206294361037678754,,,,,,,,
3.564,0.13974675183844940561832044774536,-0.56512406222758007226630419856967,-0.014837414408905168625670900549163,,,,,,,,
3.565,0.13918277769620250134049740569604,-0.56282572431011021743323755831211,-0.015297056000579280787051977999024,,,,,,,,
3.5660000000000003,0.13862109739296764680843822909357,-0.56053637697783753082349665986868,-0.015771713862139196515231020301883,,,,,,,,
3.567,0.13806170195983837304855453162888,-0.55825597687232820899432011944052,-0.016261892883344325064998517302592,,,,,,,,
3.568,0.13750458247127042979268150329517,-0.55598448062674699765627627102971,-0.016768115134754911821992372099716,,,,,,,,
3.569,0.13694973004509270386182788455274,-0.55372184486080199725432687761977,-0.017290920440109027130331872351058,,,,,,,,
3.5700000000000003,0.13639713584252325742538539137519,-0.55146802617555943265901993788715,-0.017830866966136633041958838662571,,,,,,,,
3.571,0.13584679106819061821555737561598,-0.54922298114812427749570443160331,-0.018388531830194634425479186845181,,,,,,,,
3.572,0.1352986869701604579521824835568,-0.54698666632618249102925145718935,-0.018964511726102191028750295096962,,,,,,,,
3.573,0.13475281483996779954334907503276,-0.54475903822240048849936527405916,-0.019559423568549435805188873223755,,,,,,,,
3.5740000000000003,0.13420916601265489807670737219726,-0.54254005330867732421592509902122,-0.02017390515644496695599447675314,,,,,,,,
3.575,0.13366773186681494520982977412746,-0.54032966801024492041839825235827,-0.020808615855557900647814672795626,,,,,,,,
3.576,0.13312850382464175131014578076973,-0.53812783869961152371623908260572,-0.021464237300798720552067305116432,,,,,,,,
3.577,0.13259147335198556459085157126126,-0.53593452169034341469072299061648,-0.022141474118469459177812558919401,,,,,,,,
3.5780000000000003,0.13205663195841519154390104952004,-0.53374967323067973477940412452369,-0.022841054668797701274493247111316,,,,,,,,
3.579,0.13152397119728658819003714029352,-0.53157324949697512770282265640166,-0.023563731809050304283169563888198,,,,,,,,
3.58,0.13099348266581809705431394725866,-0.52940520658696472024345405997418,-0.02431028367750136307713853934782,,,,,,,,
3.581,0.13046515800517251033937571874199,-0.52724550051284578895693643276561,-0.02508151449850456858790712991067,,,,,,,,
3.5820000000000003,0.12993898890054614551377664201207,-0.52509408719417027518636930913743,-0.02587825540889246835640605615153,,,,,,,,
3.583,0.12941496708126512546492795673138,-0.52295092245054212035603791153007,-0.026701365305893960098792816140768,,,,,,,,
3.584,0.1288930843208890614921368806654,-0.52081596199411319672817812147883,-0.027551731716726347092136694961419,,,,,,,,
3.585,0.12837333243732234374116331774898,-0.51868916142187140539481308728531,-0.028430271689979147163838314314947,,,,,,,,
3.586,0.12785570329293325021449758894521,-0.51657047620771430301801011398602,-0.029337932708863245401345533894948,,,,,,,,
3.587,0.127340188794681092238120026185,-0.51445986169430140148989800540793,-0.030275693626350562904347373423479,,,,,,,,
3.588,0.12682678089425162123304606774003,-0.5123572730846780600139662438931,-0.031244565622175805832623444175024,,,,,,,,
3.589,0.12631547158820092883594209050458,-0.51026266543366365685850907554476,-0.032245593181612662730116246714875,,,,,,,,
3.59,0.12580625291810807984522863774644,-0.50817599363899648793970614650663,-0.033279855095871610786921632717676,,,,,,,,
3.591,0.1252991169707367251453464010913,-0.5060972124322275911847194421844,-0.034348465483894824435573912110348,,,,,,,,
3.592,0.12479405587820594969049948114928,-0.50402627636935543902383275515297,-0.035452574835245076359541425969802,,,,,,,,
3.593,0.1242910618181706188187486460702,-0.50196313982119317607475891174231,-0.03659337107369947716056693560461,,,,,,,,
3.594,0.12379012701401149462663844547381,-0.49990775696345980481133890567874,-0.037772080641064881639719340138978,,,,,,,,
3.595,0.12329124373503540287274570558059,-0.49786008176658643844200284939408,-0.038989969600629232345964244465621,,,,,,,,
3.596,0.1227944042966857399050890720437,-0.49582006798522844703873613280448,-0.040248344759551418506490411881216,,,,,,,,
3.597,0.12229960106076361843202323113132,-0.49378766914747401982183229681209,-0.041548554809370771733728548498545,,,,,,,,
3.598,0.12180682643565996058917942597169,-0.49176283854373935307471929354706,-0.042891991483685436383660264008584,,,,,,,,
3.599,0.12131607287659885670667877346806,-0.48974552921534034907988230814614,-0.044280090731905844930680853952273,,,,,,,,
3.6,0.12082733288589251846207248811156,-0.48773569394273037636218329019091,-0.045714333907834664686783055647631,,,,,,,,
3.601,0.12034059901320816572646483756499,-0.48573328523339329501761789200409,-0.04719624897165709307738066341374,,,,,,,,
3.602,0.11985586385584719738565060263248,-0.48373825530938059259834661254445,-0.04872741170374445942417022376187,,,,,,,,
3.603,0.11937312005903700775685136668535,-0.48175055609448110550948970491239,-0.050309446928478899862338412793796,,,,,,,,
3.604,0.1188923603162358219371827839357,-0.47977013920101141772622025519677,-0.051944029746096529760462540487351,,,,,,,,
3.605,0.11841357736945093552517754033764,-0.47779695591621463242290625890762,-0.053632886770320129118550326758613,,,,,,,,
3.606,0.11793676400957075666482130230357,-0.47583095718825480236595784158642,-0.05537779736930892879954255277897,,,,,,,,
3.607,0.11746191307671106128638815458484,-0.47387209361179388118936264626397,-0.057180594907191651379142815054439,,,,,,,,
3.608,0.11698901746057588577412185102483,-0.47192031541313761946104950193912,-0.059043167983168497678368781613834,,,,,,,,
3.609,0.11651807010083349509222761640033,-0.46997557243493637625673592076468,-0.06096746166486722359374616367313,,,,,,,,
3.61,0.11604906398750787866295537084174,-0.46803781412042634826586213214002,-0.062955478712316735806398319767556,,,,,,,,
3.611,0.11558199216138624102953712701326,-0.46610698949719623372361956627184,-0.065009280788557635379141699999012,,,,,,,,
3.612,0.11511684771444296956870421198111,-0.46418304716046384713731330232818,-0.067130989652541716412695812506672,,,,,,,,
3.613,0.1146536237902805772593353904382,-0.46226593525584668227843647611479,-0.069322788329580423384538907245837,,,,,,,,
3.614,0.11419231358458813478294224685373,-0.46035560146160988464802322202342,-0.071586922254184510253898716565234,,,,,,,,
3.615,0.11373291034561772304625675779235,-0.45845199297037453997562207324572,-0.073925700379692441556895917351172,,,,,,,,
3.616,0.1132754073746794545948483418366,-0.45655505647026861164383432109916,-0.076341496248612241984969260453587,,,,,,,,
3.617,0.11281979802665563034881300579328,-0.45466473812550226658102542747986,-0.078836749017099352518276044405593,,,,,,,,
3.618,0.1123660757105346166571657782474,-0.45278098355634871545203762139203,-0.081413964426460418208266777259113,,,,,,,,
3.619,0.11191423388996504685734388787774,-0.45090373781851105819451200766186,-0.084075715714008669875408834677169,,,,,,,,
3.62,0.11146426608383097136162462140673,-0.44903294538185496936650545717656,-0.086824644454999560742275981774106,,,,,,,,
3.621,0.11101616586684860079545373027342,-0.44716855010848637863413279026606,-0.089663461326744521370071837333274,,,,,,,,
3.622,0.11056992687018530790661109372407,-0.44531049523015259925476408587734,-0.092594946785335110503561471724131,,,,,,,,
3.623,0.11012554278210157587254804444884,-0.44345872332494463079391636993179,-0.095621951644708557870831792729903,,,,,,,,
3.624,0.10968300734861660328067494594574,-0.44161317629327761071685717251327,-0.098747397547047913913681500223392,,,,,,,,
3.625,0.10924231437419829946826761363486,-0.43977379533312561205505446556057,-0.1019742773127350634449711348144,,,,,,,,
3.626,0.10880345772247842811128498444961,-0.43794052091448618016952890007405,-0.10530565515726219922044469795474,,,,,,,,
3.6270000000000002,0.10836643131699368197194457953778,-0.43611329275304916979411121264738,-0.10874466676165664029912382940761,,,,,,,,
3.628,0.10793122914195349758152264116052,-0.43429204978304358308649214216206,-0.11229451918208498161426152409753,,,,,,,,
3.629,0.10749784524303544537663938113984,-0.43247673012923521935638739167597,-0.11595849058337558203468209267619,,,,,,,,
3.63,0.10706627372820905845436753541516,-0.43066727107804702645742593595496,-0.11973992978023372640453105490654,,,,,,,,
3.6310000000000002,0.10663650876858899169501314754091,-0.42886360904777309146745315042831,-0.12364225556892214323784723083177,,,,,,,,
3.632,0.10620854459931843255358264566885,-0.4270656795578562231503498974865,-0.12766895583114200223685921361237,,,,,,,,
3.633,0.10578237552048371537509990794193,-0.42527341719719805966422634546591,-0.13182358639077754984022094140957,,,,,,,,
3.634,0.10535799589806112267954690124944,-0.42348675559146958089135405907596,-0.13610976960306313228744918479219,,,,,,,,
3.6350000000000002,0.10493540016489688952493128472619,-0.42170562736938881441108904886304,-0.14053119265459699840424669076224,,,,,,,,
3.636,0.10451458282172146082871697665515,-0.41992996412793139627502335855309,-0.14509160555146505386344317879652,,,,,,,,
3.637,0.1040955384381990864467357216259,-0.41815969639643848108928071929205,-0.14979481877155339913656601984274,,,,,,,,
3.638,0.10367826165401387491418125760329,-0.41639475359958528913551431365157,-0.15464470055592549985041396846695,,,,,,,,
3.6390000000000002,0.1032627471799934640861732685975,-0.41463506401917232999948265265592,-0.15964517381292349426302853333943,,,,,,,,
3.64,0.10284898979927150551785900881714,-0.41288055475470005100896611311095,-0.16480021260742961204889822338266,,,,,,,,
3.641,0.10243698436849019933972743701902,-0.41113115168268632325003862972581,-0.17011383820650011300832718171278,,,,,,,,
3.642,0.10202672581904415765785983545229,-0.40938677941468479652372788946916,-0.17559011465136877427768577145432,,,,,,,,
3.6430000000000002,0.10161820915836691718788098115164,-0.40764736125396072576657108160669,-0.18123314382461914577464743622749,,,,,,,,
3.644,0.10121142947126146596363698796041,-0.40591281915077939358114010414764,-0.18704705998015520659988299657903,,,,,,,,
3.645,0.10080638192127619459697389450146,-0.40418307365626072494750635009883,-0.193036023702470708851450701928,,,,,,,,
3.646,0.10040306175212772975497391900827,-0.40245804387475210920230808239248,-0.19920421526064188300124853883181,,,,,,,,
3.6470000000000002,0.10000146428917215631891151050647,-0.40073764741466980921289193777154,-0.20555582732146137596777633425643,,,,,,,,
3.648,0.09960158494092618515009970500917,-0.39902180033775764651870542623343,-0.21209505698521006530628951286983,,,,,,,,
3.649,0.099203419200639875568639222435544,-0.39731041710670990218256560155391,-0.21882609710674630516525989246929,,,,,,,,
3.65,0.098806962647922575610695797319706,-0.39560341053110356425412975480869,-0.22575312686389968085360276764018,,,,,,,,
3.6510000000000002,0.098412210950423798929119250133344,-0.39390069171158318210061626884847,-0.23288030153461095412301059295986,,,,,,,,
3.652,0.098019159865570814903811287022445,-0.39220216998223965334819550676585,-0.2402117414438861471597823811493,,,,,,,,
3.653,0.097627805242364788197166999188284,-0.39050775285112226868158301891315,-0.24775152004145740439185235407687,,,,,,,,
3.654,0.09723814302323736569322830871042,-0.38881734593882127108539029406238,-0.25550365107109541493312356583457,,,,,,,,
3.6550000000000002,0.096850169245969672566183327028838,-0.38713085291505604702960077154537,-0.26347207479282912460359344338761,,,,,,,,
3.656,0.09646388004567574520609323648848,-0.3854481754332018552873802630834,-0.27166064321993192785080414158759,,,,,,,,
3.657,0.096079271656852496961146987622351,-0.38376921306268571214257882366908,-0.28007310433346559993919257215058,,,,,,,,
3.658,0.095696340415498383212671180427812,-0.38209386321917968724376189958139,-0.28871308523847237180792113360793,,,,,,,,
3.6590000000000003,0.095315082761303005260383443136528,-0.38042202109251741976794856757232,-0.29758407422761255349435035078427,,,,,,,,
3.66,0.094935495239909967942357139412501,-0.37875357957225713727525889749758,-0.30668940172020300969566837282231,,,,,,,,
3.661,0.094557574505255383930879531861285,-0.37708842917081184699736003247282,-0.31603222004726573060711625869575,,,,,,,,
3.662,0.094181317321984498318555709553404,-0.37542645794406466856600580011346,-0.32561548205639280490898793234008,,,,,,,,
3.6630000000000003,0.093806720567948990528137082340092,-0.37376755140938448553621415341442,-0.33544191851402306661939164737269,,,,,,,,
3.664,0.093433781236787596836991209818489,-0.37211159246095420759900354961678,-0.34551401428715671800221181923498,,,,,,,,
3.665,0.093062496440592785998165305645241,-0.37045846128232095314173634314482,-0.35583398329165849653057180258165,,,,,,,,
3.666,0.092692863412666312662923081568013,-0.36880803525607437975325265995253,-0.3664037422001691639209968169862,,,,,,,,
3.6670000000000003,0.092324879510366568665833482965162,-0.36716018887055620526143805494578,-0.37722488290931093925557580456352,,,,,,,,
3.668,0.091958542218050750827503974089107,-0.3655147936235006707295908609702,-0.38829864377338598791039762752308,,,,,,,,
3.669,0.091593849150114965869666383940549,-0.36387171792250229624322485739421,-0.39962587962017777892213203803761,,,,,,,,
3.67,0.091230798054135498433647041140181,-0.36223082698220376693029126672712,-0.41120703057382026960814095706335,,,,,,,,
3.6710000000000003,0.090869386814114577160791938493163,-0.36059198271809315703610847957019,-0.42304208972004336058252152768348,,,,,,,,
3.672,0.090509613453834086450157231688292,-0.35895504363679595050208902284071,-0.43513056966047429790883113503849,,,,,,,,
3.673,0.090151476140320787976257152464774,-0.35731986472274344377941507501943,-0.44747146801510733495283952979376,,,,,,,,
3.674,0.089794973187426736453060855893607,-0.35568629732109511687295096688869,-0.46006323194557448374198316543143,,,,,,,,
3.6750000000000003,0.089440103059528698598632479754427,-0.35405418901678842810888140582824,-0.4729037217864763339365754574437,,,,,,,,
3.676,0.089086864375350512920485762894833,-0.35242338350958522302943552868632,-0.48599017388777102257206967336467,,,,,,,,
3.677,0.088735255911912460941405785682085,-0.35079372048497954424463069630615,-0.49931916278806657332752246346021,,,,,,,,
3.678,0.088385276608611857959635954486551,-0.34916503548082708304889537135939,-0.51288656285659785935370666953857,,,,,,,,
3.6790000000000003,0.088036925571439213530397915553527,-0.34753715974955182110659696831175,-0.52668750956065897908737096932303,,,,,,,,
3.68,0.08769020207733445871623103522428,-0.34590992011578056742712890579053,-0.54071636053525104495033840845956,,,,,,,,
3.681,0.087345105578687888934260440453684,-0.34428313882925109802845559693987,-0.55496665665261979496744902157391,,,,,,,,
3.682,0.08700163570799062808607006105302,-0.34265663341283444891212370073785,-0.56943108331109965939299837291071,,,,,,,,
3.6830000000000003,0.086659792282639581751453579583373,-0.34103021650550659297483557472356,-0.58410143218512838769673566554651,,,,,,,,
3.684,0.086319575309902014726317321560628,-0.33940369570009924394715575311439,-0.59896856370129911882615117981757,,,,,,,,
3.685,0.085980984992045061257125961064129,-0.33777687337565387102364226544249,-0.61402237052869541506105935771847,,,,,,,,
3.686,0.08564402173163565514359808639849,-0.33614954652419717214190723693023,-0.62925174239529838844385196908721,,,,,,,,
3.6870000000000003,0.08530868613701655162636012942328,-0.33452150657175023746623595799891,-0.64464453256571958618324138431167,,,,,,,,
3.688,0.084974979027964303829863772687405,-0.33289253919337743310273786432269,-0.66018752633862017844722648603527,,,,,,,,
3.689,0.084642901441535253680409815607789,-0.33126242412207464397847441660346,-0.67586641194461208624097940531681,,,,,,,,
3.69,0.084312454638105800856385046637576,-0.32963093495128992972091458253233,-0.69166575424684985916225477395666,,,,,,,,
3.6910000000000003,0.083983640107613423649021427375926,-0.32799783893086286385608813387577,-0.70756897166652732812206167628352,,,,,,,,
3.692,0.083656459576005142817749508885508,-0.32636289675616184031223768981441,-0.7235583167736692227955722489273,,,,,,,,
3.693,0.083330915011900343819532490579625,-0.32472586235019143772214727704561,-0.73961486099950056583430612747044,,,,,,,,
3.694,0.08300700863347510438574591507641,-0.32308648263843452707252580695045,-0.75571848393980044399503135995856,,,,,,,,
3.6950000000000003,0.082684742915575413526775023268993,-0.32144449731618618764077827258697,-0.77184786772848926226624478426531,,,,,,,,
3.696,0.082364120597066914881267141777182,-0.31979963860812865577262904541796,-0.7879804969667249977107890817546,,,,,,,,
3.697,0.082045144688429062115688536920224,-0.31815163101988846689059614008895,-0.80409266469444313700919717128172,,,,,,,,
3.698,0.081727818479601837046211580292424,-0.31650019108130865932660335766144,-0.82015948488800676627331407665681,,,,,,,,
3.6990000000000003,0.081412145548093452528492019940072,-0.31484502708116038545202663318596,-0.83615491195887726397083941326112,,,,,,,,
3.7,0.081098129767357742174676051101163,-0.31318583879300951763961554819797,-0.85205176771342163168138317861152,,,,,,,,
3.701,0.08078577531545022784747696759557,-0.31152231719194484056321450235745,-0.86782177621261039926094929667949,,,,,,,,
3.702,0.080475086683972153888000427188054,-0.30985414416186518421007334146833,-0.88343560694193511538863288744073,,,,,,,,
3.7030000000000003,0.080166068687312084399663933740488,-0.30818099219301337102762481618013,-0.89886292666593974219648151536218,,,,,,,,
3.704,0.079858726472194976880094281511033,-0.30650252406943512346563902429668,-0.91407246029793224417316870129929,,,,,,,,
3.705,0.079553065527548972313542967462571,-0.30481839254603110279469124216315,-0.92903206106341715131990440854007,,,,,,,,
3.706,0.079249091694700478757184751104997,-0.30312824001486002489332111215315,-0.94370879017535884289338282485204,,,,,,,,
3.7070000000000003,0.078946811177908472726067674888273,-0.30143169816034032258083035154433,-0.95806900617045377780336077414054,,,,,,,,
3.708,0.078646230555249300554733283345169,-0.29972838760298709643743203060328,-0.97207846397819288132669976227575,,,,,,,,
3.709,0.07834735678986363064019888222361,-0.29801791753131011688936702948416,-0.98570242370881404683714965471039,,,,,,,,
3.71,0.07805019724157758730235579949132,-0.29629988532148741028173349942175,-0.99890576905262200115082156611764,,,,,,,,
3.7110000000000003,0.077754759678910488184165138014961,-0.29457387614441748206975873542543,-1.0116531350821065017188501323148,,,,,,,,
3.712,0.077461052291482009903859896516523,-0.29283946255974150327308682623374,-1.0239090451405243328739028043782,,,,,,,,
3.713,0.07716908370283202131065337069378,-0.29109620409641481496943877330384,-1.0356380563870251164190268830028,,,,,,,,
3.714,0.076878862983666750426690053453527,-0.2893436468193948938208148747509,-1.0468049134500946664142054513629,,,,,,,,
3.715,0.076590399665545390219155543128628,-0.28758132288200047444197116990557,-1.0573747095193622284945781056981,,,,,,,,
3.716,0.076303703755021699970005149706097,-0.28580875006348384799931025587015,-1.0673130540821657997929824617752,,,,,,,,
3.717,0.076018785748255623422315661129251,-0.28402543129134545818542162664782,-1.0765862463873765184204164375677,,,,,,,,
3.718,0.07573565664611042229935779789491,-0.2822308541479068044373566535016,-1.0851614535967048785248131417171,,,,,,,,
3.719,0.075454327969751314423151392173619,-0.28042449036064434823677439511523,-1.0930068924650556223517893856754,,,,,,,,
3.72,0.075174811776762109700440596223353,-0.278605795275773613456547614094,-1.1000920132785960400284740216086,,,,,,,,
3.721,0.074897120677796854879869428818289,-0.27677420731455898968143687667665,-1.1063876846742762493184431029115,,,,,,,,
3.722,0.074621267853784029384176440380962,-0.27492914741181090383481800151402,-1.1118663778698634218939657071678,,,,,,,,
3.723,0.074347267073701379838353634910787,-0.27307001843601803798340269248153,-1.1165023487514050867937052195686,,,,,,,,
3.724,0.074075132712940040283009411640863,-0.27119620459054815982768663947527,-1.1202718161976568538930470988996,,,,,,,,
3.725,0.073804879772277158594546971112833,-0.26930707079533691953298008587298,-1.1231531349705380933772615879028,,,,,,,,
3.726,0.073536523897476837419400230539694,-0.26740196204846967728754170234443,-1.1251269614691037980459198934342,,,,,,,,
3.727,0.073270081399539800031148902037462,-0.2654802027670470882381433965174,-1.1261764106336208064904506363567,,,,,,,,
3.728,0.073005569275622807970072417862664,-0.26354109610671081630293723482903,-1.1262872022976237729828372272185,,,,,,,,
3.729,0.072743005230649488125099193035988,-0.26158392325919141020385297423418,-1.1254477953204910225338833582108,,,,,,,,
3.73,0.072482407699634872032470418733186,-0.25960794272722609192073986834,-1.1236495078919402858474884432048,,,,,,,,
3.731,0.072223795870746609518122855949122,-0.25761238957618002157161382954746,-1.1208866224832988874965845866127,,,,,,,,
3.732,0.071967189709126492282160710550871,-0.25559647466169055959263465887462,-1.117156474028396402734004359818,,,,,,,,
3.733,0.071712609981496610445832514957684,-0.25355938383264019767362969528338,-1.1124595200489206621154203327603,,,,,,,,
3.734,0.071460078281575166233107352224219,-0.25150027710875022970800299364736,-1.1067993915940301460512068177455,,,,,,,,
3.735,0.071209617056327683561118725538474,-0.24941828783207394377283322418312,-1.100182924040381695099177802219,,,,,,,,
3.736,0.070961249633080080023771245748755,-0.24731252179165520221029971529775,-1.0926201669944695593211650975637,,,,,,,,
3.737,0.070715000247520808158722395174762,-0.24518205632060581160128740667898,-1.0841243727517630965301411699636,,,,,,,,
3.738,0.07047089407262002550223901849162,-0.24302593936484314662923372113815,-1.0747119629936207847130582192142,,,,,,,,
3.739,0.070228957248494517189322878295765,-0.24084318852271816726926868670237,-1.0644024736400044988353181864324,,,,,,,,
3.74,0.069989216913247870088833838899833,-0.23863279005475335055557766188459,-1.0532184780199519232716698921499,,,,,,,,
3.741,0.069751701234816182918874854655858,-0.23639369786270024745717627073747,-1.0411854887686673739816823150466,,,,,,,,
3.742,0.069516439443850391604932275353579,-0.23412483243711748168337611373227,-1.028331839105876060227108926872,,,,,,,,
3.743,0.06928346186766709234664767357936,-0.23182507977266214915531473187843,-1.0146885443905920448410924244465,,,,,,,,
3.744,0.069052799965300555349701329064479,-0.2294932902502808826970508012079,-1.0002891450785341941952922689129,,,,,,,,
3.745,0.068824486363689438724801007906658,-0.22712827748548145481032145679511,-0.98516953242606361355816336116227,,,,,,,,
3.746,0.068598554895032533279851024923848,-0.22472881714186185178601258340694,-0.96936775848490154035064816850318,,,,,,,,
3.747,0.068375040635348693302305782657621,-0.22229364570907142616654776379725,-0.95292383211151674731703569253298,,,,,,,,
3.748,0.068153979944276934247308977167798,-0.21982145924437819546138501987393,-0.93587950287083709848402337718665,,,,,,,,
3.749,0.067935410506153503633992191854992,-0.21731091207701779003695929716945,-0.91827803484319992934098996443598,,,,,,,,
3.75,0.067719371372403554333790358947253,-0.21476061547450316333340514614601,-0.90016397244410042930638744502401,,,,,,,,
3.751,0.067505903005285867528884653529589,-0.21216913627008017902506309066181,-0.88158290043679608275653733615915,,,,,,,,
3.7520000000000002,0.067295047323029883420096772836886,-0.20953499545052281430628464043794,-0.86258120035726109311950983281877,,,,,,,,
3.753,0.067086847746405098525744148605415,-0.20685666670347321480053249439147,-0.84320580557906897450236987241185,,,,,,,,
3.754,0.066881349246763676132683614932245,-0.20413257492354647107705589272122,-0.82350395722285323006670986017856,,,,,,,,
3.755,0.066678598395597887858858612913727,-0.20136109467643804461631739952376,-0.80352296306200400838060676012819,,,,,,,,
3.7560000000000002,0.066478643415654755788929512086167,-0.1985405486202935573304685888251,-0.78330996149472722728062823412064,,,,,,,,
3.757,0.066281534233650992361407172435118,-0.19566920588362649938187950079017,-0.76291169254457318373198785810013,,,,,,,,
3.758,0.06608732253463203489063317905926,-0.19274528039909965306228833174824,-0.742374277719550846946857241256,,,,,,,,
3.759,0.065896061818019638713948705663932,-0.18976692919252104710960667379072,-0.72174301040689196335928368541161,,,,,,,,
3.7600000000000002,0.065707807455393122494157043739717,-0.18673225062644544164209484983932,-0.70106215830963925760759323051322,,,,,,,,
3.761,0.065522616750049945802317183137199,-0.18363928259781812005924973281244,-0.68037477924595696197667678905174,,,,,,,,
3.762,0.065340548998391836943931886962718,-0.18048600068914957878270976497879,-0.65972255143599157588385277585434,,,,,,,,
3.763,0.065161665553183171798731574188977,-0.17727031627276803462143089806356,-0.63914561919789097918293957396499,,,,,,,,
3.7640000000000002,0.0649860298887287254559501248909,-0.17399007456776201816460356206739,-0.61868245476783396076699656803136,,,,,,,,
3.765,0.064813707668018270358202414348859,-0.17064305264929822578545270300896,-0.59836973675213203819454032978359,,,,,,,,
3.766,0.064644766811885769681136603025886,-0.16722695741008083019435717731601,-0.57824224551596025175067146724704,,,,,,,,
3.767,0.064479277570231104352275497064778,-0.16373942347380820060008268669167,-0.55833277561612641194610790435189,,,,,,,,
3.7680000000000002,0.064317312595352367412640396898348,-0.16017801106058209316541329606922,-0.53867206519727308745715049667354,,,,,,,,
3.769,0.064158947017436750658335895114234,-0.15654020380433351060426179201911,-0.5192887420944567184059282066167,,,,,,,,
3.77,0.064004258522257925287617243055947,-0.15282340652244930284041835289932,-0.50020928622222586570734308403814,,,,,,,,
3.771,0.063853327431127569518445179001989,-0.14902494293791493235315034786025,-0.48145800768279815910022201965142,,,,,,,,
3.7720000000000002,0.063706236783148309965775002775324,-0.14514205335443244011900013232882,-0.46305703989498786855508940914138,,,,,,,,
3.773,0.06356307241981480730906223469453,-0.1411718922851293418594040254364,-0.44502634693204332555144480184032,,,,,,,,
3.774,0.063423923072009016930238201316199,-0.13711152603564482015977637216198,-0.42738374416101326505596129367988,,,,,,,,
3.775,0.063288880449434777371728379814315,-0.13295793024256505651339435195241,-0.41014493119880914111835695203852,,,,,,,,
3.7760000000000002,0.063158039332535808343271964157461,-0.1287079873683808092978427393873,-0.39332353614056766034814445159434,,,,,,,,
3.777,0.063031497666939919324705984626965,-0.12435848415435837018319421297665,-0.37693116997374376075374016082107,,,,,,,,
3.778,0.062909356660470722297784431171694,-0.11990610903295084349464669467069,-0.36097749006581427520797259734187,,,,,,,,
3.779,0.062791720882766389481091218277414,-0.11534744950163135088749462188725,-0.34547027160355728278727838954873,,,,,,,,
3.7800000000000002,0.062678698367542979746242161381461,-0.11067898946030436588387811716029,-0.33041548586641905284551917473883,,,,,,,,
3.781,0.062570400717537555151831575478165,-0.10589710651474706472830072136322,-0.31581738423417485040515712033292,,,,,,,,
3.782,0.062466943212163700081961457732866,-0.1009980692488505118765674997275,-0.30167858685851523833157906627488,,,,,,,,
3.783,0.062368444917909116970038314071132,-0.095978034468771882855967647373388,-0.28800017496786597286625482616521,,,,,,,,
3.7840000000000003,0.062275028801501680459644216054544,-0.090833044422474996104357467363503,-0.27478178582316940010069363839477,,,,,,,,
3.785,0.062186821845866660791540584158303,-0.085559023998528436046473707569092,-0.26202170939801513677130770420946,,,,,,,,
3.786,0.062103955168893750629922018934392,-0.080151777908449780293476633378472,-0.24971698591793747776812804965874,,,,,,,,
3.787,0.062026564145028019586191081242462,-0.074606987857332188057610107739231,-0.23786350345948366268364852307721,,,,,,,,
3.7880000000000003,0.061954788529693948200391840920537,-0.068920209707967167247538242236006,-0.22645609487846601943514325678978,,,,,,,,
3.789,0.06188877258655622763062732037669,-0.063086870644186018352125452793246,-0.2154886334074014293428926586138,,,,,,,,
3.79,0.061828665217615021009598671743006,-0.057102266339683551098272075264375,-0.20495412633337931405611224178466,,,,,,,,
3.791,0.061774620096126834295830344932392,-0.050961558139162464889019747617021,-0.19484480623846514856696234901293,,,,,,,,
3.7920000000000003,0.061726795802335004149459458710255,-0.04465977025924652771053546540322,-0.18515221935434100218713568872867,,,,,,,,
3.793,0.061685355961986042340912059509884,-0.038191787017256590815467153954455,-0.17586731065043023289066689846233,,,,,,,,
3.794,0.061650469387599643713934832621442,-0.03155235009662669255937797133668,-0.1669805053395935275729099287531,,,,,,,,
3.795,0.061622310222451029910959257361423,-0.02473605585845911672552603435505,-0.1584817865470789350294307507044,,,,,,,,
3.7960000000000003,0.061601058087214425028431359929227,-0.017737352709478270632446491367843,-0.15036076894633273334578987352389,,,,,,,,
3.797,0.061586898229205802263769661603729,-0.010550538537444517725627846747297,-0.14260676821920989561172111644052,,,,,,,,
3.798,0.061580021674151561788438218365446,-0.0031697582259313864249898317805841,-0.13520886624783922534566076871903,,,,,,,,
3.799,0.061580625380397458206357185443596,0.0044109987387465282252633464131016,-0.12815597199076445725832846324341,,,,,,,,
3.8000000000000003,0.061588912395458849207023234806644,0.012197900554741746679121867423504,-0.12143687803694384909283940852767,,,,,,,,
3.801,0.061605092014799143272644764695057,0.020197275271336839747812640919853,-0.11504031286776211974536735625475,,,,,,,,
3.802,0.06162937994270814135554235220726,0.028415612819370536889016441344354,-0.10895498888946556862504429622644,,,,,,,,
3.803,0.061661998455135753312491089948272,0.036859566888683384310537162618742,-0.1031696463265005138993296431007,,,,,,,,
3.8040000000000003,0.061703176564319283076027414323773,0.045535956634746156978850323064281,-0.097673093090285650200275877000649,,,,,,,,
3.805,0.061753150185024076415591289212294,0.05445176819550096183926482308137,-0.092454240758183104785964586392082,,,,,,,,
3.806,0.061812162302197772285222852254217,0.063614155998273052417334873787316,-0.087502136814079300242577936309821,,,,,,,,
3.807,0.061880463139817655430381353988856,0.073030443835402710693608991562927,-0.082805993315292365607295406133207,,,,,,,,
3.8080000000000003,0.061958310330688638549449086397514,0.082708125686003554687999841017597,-0.078355212160747206395593370237481,,,,,,,,
3.809,0.062045969086926173982834836404865,0.092654866259979279140231564269034,-0.074139407142768447285014783032397,,,,,,,,
3.81,0.062143712370833878027934208761531,0.10287850123912873521970000432244,-0.070148422969702897335013965088637,,,,,,,,
3.811,0.062251821065859819885434351810052,0.11338703718884369108757373115391,-0.066372351449161898881270144452186,,,,,,,,
3.8120000000000003,0.06237058414728826092190974140385,0.12418865111255962436387871618694,-0.062801545022228626199409397487137,,,,,,,,
3.813,0.062500298852295112813264110408829,0.13529168961976333052195156047226,-0.059426627837755671670816322156582,,,,,,,,
3.814,0.062641270848965505927183385488486,0.14670466767699872095998118301735,-0.056238504553122199215195934630307,,,,,,,,
3.815,0.062793814403840619927564197268798,0.15843626690995161641848905184993,-0.05322836704375241368476246997696,,,,,,,,
3.8160000000000003,0.062958252547528333148143809615522,0.17049533342334432414986891000197,-0.050387699198528412777262247409926,,,,,,,,
3.817,0.063134917237878311144348226724629,0.18289087510404112364577869247667,-0.047708279972155589869161728207753,,,,,,,,
3.818,0.063324149520186903729067429144619,0.19563205837146744325788934786365,-0.045182184858736716963114475142577,,,,,,,,
3.819,0.06352629968386069104551763557162,0.20872820433819068955959853159224,-0.04280178594344472432031248857862,,,,,,,,
3.8200000000000003,0.06374172741492976298953548471636,0.22218878434231289295367738698441,-0.040559750681401195312165985652072,,,,,,,,
3.821,0.063970801943762896901237145791845,0.23602341481219941802536512562934,-0.03844903954479937502561393959313,,,,,,,,
3.822,0.064213902187296795803876583819781,0.2502418514230302336403913729163,-0.036462902671073726743958403024807,,,,,,,,
3.823,0.064471416885050560484983355259526,0.26485398250372838934620052836016,-0.034594875636615135751543422993232,,,,,,,,
3.8240000000000003,0.064743744728154708793310004318509,0.27986982165201364908251984195286,-0.032838774472250616490721694862415,,,,,,,,
3.825,0.065031294480581460078389530795,0.29529949951466846982893860887015,-0.031188690028525043444818792950465,,,,,,,,
3.826,0.065334485091719828692224218023589,0.3111532546896110053965825638974,-0.029638981790804486911179701801151,,,,,,,,
3.827,0.065653745799395497964583933301394,0.32744142370606942866709710209651,-0.028184271236419896187406923654433,,,,,,,,
3.8280000000000003,0.065989516222391679740380094405611,0.34417443003906898118066221286538,-0.026819434818530003791714256879249,,,,,,,,
3.829,0.06634224644148343523783644986775,0.36136277211460463046314781856956,-0.025539596654138398936828503219715,,,,,,,,
3.83,0.066712397067954499018101569238812,0.37901701026230629570985285102466,-0.02434012098677873112524872391694,,,,,,,,
3.831,0.067100439298522796530529472429266,0.39714775257313984247034267491096,-0.02321660448780385310941000750893,,,,,,,,
3.8320000000000003,0.067506854955558894438727523093936,0.41576563962075616200422982587042,-0.022164868453993037829179129179209,,,,,,,,
3.833,0.067932136511440920393992388315725,0.4348813280065343498515004266906,-0.021180950953334383883162798520204,,,,,,,,
3.834,0.068376787095850415877895806580173,0.45450547269019577288358455166717,-0.020261098965350613538080770600623,,,,,,,,
3.835,0.06884132048477655573702430094908,0.47464870807012668575923778597166,-0.019401760557215085485566257382722,,,,,,,,
3.8360000000000003,0.069326261069961627794844260406043,0.49532162778027127544060090420865,-0.018599577132147007027465391308618,,,,,,,,
3.837,0.069832143807489095381901832521715,0.51653476317367770224698622101394,-0.017851375782173725885715178765471,,,,,,,,
3.838,0.070359514144187477607897416265543,0.53829856046652946660828219103782,-0.017154161773294495573504010772887,,,,,,,,
3.839,0.070908927920499221685455236076602,0.56062335652080487434032851913658,-0.016505111187363292857479615937464,,,,,,,,
3.84,0.071480951248444284489505024963368,0.58351935324860860895468762732101,-0.015901563741615762636342845351245,,,,,,,,
3.841,0.072076160363293891802634944200471,0.60699659062673947891124043957281,-0.015341015803683778912526201791208,,,,,,,,
3.842,0.072695141447561535092115589938172,0.63106491831622261292720195985959,-0.014821113617156338139536559648321,,,,,,,,
3.843,0.073338490425916352607777012674031,0.65573396588836465109812429772105,-0.01433964675024302379439289854972,,,,,,,,
3.844,0.074006812729629299417875018705262,0.68101311166640460570902144914471,-0.013894541777861414617268093569639,,,,,,,,
3.845,0.074700723029175630431730419698986,0.7069114502000438903864428192187,-0.013483856205487923450628935168477,,,,,,,,
3.846,0.075420844933638902245117390503249,0.73343775839905361422786728736543,-0.013105772641368260617142174078141,,,,,,,,
3.847,0.076167810655592648364492065341071,0.760600460361776036168143821244,-0.012758593222165029436586313953781,,,,,,,,
3.848,0.076942260640176799326020891930139,0.78840759094465295278287789060643,-0.012440734295812435300320101645769,,,,,,,,
3.849,0.077744843157137494454942572941495,0.81686675812991116318418450212172,-0.012150721364238932631077866833335,,,,,,,,
3.85,0.078576213854661835338382558061766,0.84598510426018904779419357081626,-0.011887184287695808714793077863761,,,,,,,,
3.851,0.079437035273914002301121716710109,0.87576926622116345905588593655626,-0.011648852751682009596750018158901,,,,,,,,
3.852,0.080327976323266593310596487450345,0.90622533466608614579262788715425,-0.011434551996872659213244582872127,,,,,,,,
3.853,0.081249711711321596505216055997446,0.93735881238950545212892730815289,-0.011243198812031387150498101305575,,,,,,,,
3.854,0.082202921337929554995250485504502,0.96917457197126098957710153843509,-0.011073797789606466464059209202228,,,,,,,,
3.855,0.083188289642543630118654172879251,1.0016768128260120073312009991034,-0.01092543784357064991887308306448,,,,,,,,
3.856,0.084206504909387730101076220989729,1.0348690178079961106872052816579,-0.010797288989058383635071566599176,,,,,,,,
3.857,0.085258258529074853013628479202696,1.0687539095353015059898600994069,-0.010688599383476846502735604403303,,,,,,,,
3.858,0.086344244216483384568288005227797,1.1033334066125465333456040820915,-0.010598692629015310222355045105803,,,,,,,,
3.859,0.087465157184885247517495206035457,1.1386085799453541765931252689615,-0.010526965336848216101804928881584,,,,,,,,
3.86,0.088621693276520327456249902498362,1.17457960935423199433667640775,-0.010472884953820041127633076306669,,,,,,,,
3.861,0.089814548050026145713781525304182,1.2112457407092517989756368905551,-0.01043598785301481360670200229018,,,,,,,,
3.862,0.091044415825359785913128244008526,1.2486052438200884894878808797723,-0.010415877690351875980728634476005,,,,,,,,
3.863,0.092311988687089893282244890721829,1.286655371328332823650648789554,-0.010412224030215620739129212966388,,,,,,,,
3.864,0.093617955447189245818200439952001,1.3253923188603383653914395125905,-0.010424761244125609852619165565426,,,,,,,,
3.865,0.094963000568721830749144563325905,1.3648111867089907837879256367713,-0.010453287687591760419161523493822,,,,,,,,
3.866,0.096347803052091224932545110151527,1.4049059433214855411399211800915,-0.010497665161586206614927016365656,,,,,,,,
3.867,0.097773035285797836450617063832965,1.4456693908772529489019428010804,-0.010557818666510334253966788846765,,,,,,,,
3.868,0.09923936186393946458535563156303,1.4870931332453635599167810857666,-0.01063373645815610646422794427357,,,,,,,,
3.869,0.10074743837298071222367694616172,1.5291675466138720861653040311082,-0.010725470416971687950254519297716,,,,,,,,
3.87,0.10229791015060986802654666258689,1.5718817530844125861788906844497,-0.01083313674396214566020132155625,,,,,,,,
3.871,0.10389141101979459856417533442947,1.6152235975237515359806915071793,-0.010956916998809742937677606864536,,,,,,,,
3.872,0.10552856200143760388253970378262,1.6591796279597645923404734971458,-0.011097059498312070757376507630386,,,,,,,,
3.873,0.10720997000931758023636983136642,1.7037350798022736949795101008062,-0.011253881096041461248409944592606,,,,,,,,
3.874,0.10893622653127654588155358550294,1.7488738641592345822164711736057,-0.011427769367262396306769567455384,,,,,,,,
3.875,0.11070790630087884979093893645436,1.7945785605058006638128046296028,-0.01161918522664739693254427938331,,,,,,,,
3.876,0.11252556596401694489562588339308,1.8408304139477403885702075773619,-0.011828666010255321499394895596316,,,,,,,,
3.8770000000000002,0.1143897427451711639349085105235,1.8876093373015215491777961959874,-0.012056829057636035642553444658024,,,,,,,,
3.878,0.11630095311824217391062791737884,1.9348939181911075764766748069863,-0.012304375834867939082817904208537,,,,,,,,
3.879,0.11825969148706242284929650074049,1.982661431336191410416664503997,-0.012572096644896150365734923443871,,,,,,,,
3.88,0.12026642888085372480967285735401,2.0308878561783214665959266799427,-0.012860875977807666402327459559644,,,,,,,,
3.8810000000000002,0.12232161167002927370699887277806,2.079547899960298584110763379356,-0.013171698560758041572357723511392,,,,,,,,
3.882,0.12442566030783712266577962038888,2.1286150263405381597498311205833,-0.013505656175271057299168886001143,,,,,,,,
3.883,0.12657896810340602216935000361414,2.1780614895880419576625738441758,-0.013863955318706748083667706697037,,,,,,,,
3.884,0.12878190003178125405975551271428,2.2278583743655008904120145655384,-0.01424792579699490532499648079572,,,,,,,,
3.8850000000000002,0.13103479158652582082277497192345,2.2779756410681905331310012341443,-0.01465903034744827607201977706802,,,,,,,,
3.886,0.13333794768040950065171576794131,2.3283821766451049591226310524972,-0.015098875403820907330875646003574,,,,,,,,
3.887,0.13569164159961370793842130421459,2.3790458507866198789955341702651,-0.015569223131018215685772352175511,,,,,,,,
3.888,0.13809611401674309089382431031983,2.4299335773203346546846509903782,-0.016072004874295855326933345926091,,,,,,,,
3.8890000000000002,0.14055157206775510361741081786737,2.4810113806140935469450453869815,-0.016609336187755582600632873976328,,,,,,,,
3.89,0.14305818849769664962041821896258,2.5322444667430289892983580586104,-0.017183533629870850452276252788867,,,,,,,,
3.891,0.14561610087987305456807493791202,2.58359729913631596762492821245,-0.017797133540138787621982515405728,,,,,,,,
3.892,0.14822541091277034999500184900824,2.6350336783796933709271661811987,-0.018452913041331790861567080541441,,,,,,,,
3.8930000000000002,0.1508861837987089143571976479146,2.6865168258122077927171923838817,-0.019153913546888770207897125929339,,,,,,,,
3.894,0.15359844770782720682404201621887,2.7380094705205666825508770005057,-0.019903467093545674190456391715327,,,,,,,,
3.895,0.15636219333058141501669757887706,2.7894739393024275162681528259079,-0.020705225866309817403767355021519,,,,,,,,
3.896,0.1591773735215035543964355126438,2.8408722491413429484211954260072,-0.021563195337465749904764245789416,,,,,,,,
3.8970000000000002,0.16204390303649056404431669175198,2.8921662017113339878311701059603,-0.022481771504812626699112465813955,,,,,,,,
3.898,0.16496165836540428295429017337768,2.9433174794085314715201222026796,-0.023465782788388087955492394109568,,,,,,,,
3.899,0.16793047766125123490309718413549,2.9942877423913128322431041222925,-0.024520537231464303118811089825151,,,,,,,,
3.9,0.170950160766686542873196747535,3.0450387260991074697347619662622,-0.02565187575292831690910981401434,,,,,,,,
3.9010000000000002,0.17402046933805288866067841690294,3.0955323387137248172353039774232,-0.026866232317073442645897725135883,,,,,,,,
3.902,0.17714112706662822261747166838922,3.1457307580257793533085004179684,-0.028170702026699986136705388921876,,,,,,,,
3.903,0.18031181999621997427720836616009,3.1955965271725789689569931513917,-0.029573118310326935228858101142153,,,,,,,,
3.904,0.18353219693571387477993022528947,3.2450926487226667416749735754224,-0.031082140569193446315627821444259,,,,,,,,
3.9050000000000002,0.18680186996466715753460236486535,3.2941826765959482618029032233261,-0.0327073538805900367402348889204,,,,,,,,
3.906,0.19012041502953368696589924560415,3.342830805326813777620865330268,-0.034459382628233641284969452177269,,,,,,,,
3.907,0.19348737262762709180043826265009,3.3910019562006262939431444724141,-0.036350020256851912503945233392907,,,,,,,,
3.908,0.19690224857547158274012728491663,3.4386618598210811113087094641629,-0.038392377737865500513205394175795,,,,,,,,
3.9090000000000003,0.20036451485776280735403604482358,3.4857771346968809587664045315527,-0.040601053799580270667614055019427,,,,,,,,
3.91,0.20387361055276643719999863602054,3.5323153614704968951177123247359,-0.042992330535319964105336222096039,,,,,,,,
3.911,0.20742894282962335510346445953089,3.5782451524490407651169804955693,-0.045584398677114542761898902312396,,,,,,,,
3.912,0.21102988801271000111176903965643,3.6235362161369702560628078742342,-0.048397617636587401241536749682787,,,,,,,,
3.9130000000000003,0.21467579270792282857294922286337,3.6681594165119694560419014376932,-0.051454816400559123019795065120745,,,,,,,,
3.914,0.21836597498551858097796304720288,3.7120868268283693906537547393501,-0.054781642566633438656950269074799,,,,,,,,
3.915,0.22209972561394835964420681815356,3.7552917777763628785194714268895,-0.058406968263893374998288456845392,,,,,,,,
3.916,0.22587630933897381606670478558144,3.7977488998694992598736532247661,-0.062363363489104898992196280043538,,,,,,,,
3.9170000000000003,0.22969496620224835380257690869781,3.8394341599770033006570199259681,-0.066687649579537548930067306920877,,,,,,,,
3.918,0.23355491289348454217776157202418,3.8803248919608561853483473665558,-0.071421548241267479144652934623683,,,,,,,,
3.919,0.23745534413031012796568552424766,3.9203998214198407244180321683995,-0.076612444886118385683012437439092,,,,,,,,
3.92,0.24139543405993773417808768301329,3.9596390845834582452481053835211,-0.082314289166931197565490440092215,,,,,,,,
3.9210000000000003,0.24537433767683580013285282740764,3.9980242414373818201728216284329,-0.088588660752589753503493811510959,,,,,,,,
3.922,0.24939119225068841958300417449701,4.0355382831985747475808115832281,-0.095506034826017266878175952591832,,,,,,,,
3.923,0.25344511875906702836423641925918,4.0721656342920775536945754050763,-0.10314728987650229934258548182254,,,,,,,,
3.924,0.25753522331940466205010848710515,4.1078921490125041690011881655206,-0.11160551055620870553898599190287,,,,,,,,
3.9250000000000003,0.26166059861506080820812471277424,4.142705103081292317123543639065,-0.12098815128661236323144218279516,,,,,,,,
3.926,0.26582032531048860727994406416631,4.1765931803355795741505907480194,-0.1314196427318442463975114511967,,,,,,,,
3.927,0.27001347345076308136259002940329,4.2095464548061302314267916616537,-0.14304454425649847459466209522303,,,,,,,,
3.928,0.27423910384099589135271020066863,4.2415563684599726583610487853913,-0.15603137245443424751099014293376,,,,,,,,
3.9290000000000003,0.27849626940144551696158684044802,4.272615704898321835179879697619,-0.1705772706388166192411700740599,,,,,,,,
3.93,0.28278401649442841911204442048475,4.3027185593119993383509002459376,-0.1869137293244322156108067364618,,,,,,,,
3.931,0.28710138621944344034780505709641,4.3318603050050045413573595364301,-0.20531362658323824451080799310311,,,,,,,,
3.932,0.29144741567323528530742525797272,4.3600375568022522467640850804094,-0.22609993428025433689832948443394,,,,,,,,
3.9330000000000003,0.29582113917184039094624573964746,4.3872481316599199685271409794107,-0.24965653781591670162331649209199,,,,,,,,
3.934,0.30022158943197699584926269107494,4.4134910067965151028780843827558,-0.27644175161611197014481261965395,,,,,,,,
3.935,0.30464779870945808396424345479586,4.4387662756598719759678122022653,-0.30700529190739886832318845873449,,,,,,,,
3.936,0.30909879989261864711437911625451,4.4630751020400315933578135192685,-0.3420097084193806711256504901264,,,,,,,,
3.9370000000000003,0.31357362754905513624675877761923,4.48641967263056536128594341797,-0.38225759991075641193906657565157,,,,,,,,
3.938,0.31807131892427303387421454517459,4.5088031483316085134660983775432,-0.42872637586641260633373801082472,,,,,,,,
3.939,0.32259091489112639258678712093656,4.5302296145769037554238202463326,-0.48261292158471040425893273841211,,,,,,,,
3.94,0.3271314608492093945467128417871,4.5507040309547552246576497736389,-0.54539133636556317921340374318112,,,,,,,,
3.9410000000000003,0.33169200757362317543000713195136,4.5702321803791886231261500856291,-0.61888802828237065503480223444726,,,,,,,,
3.942,0.33627161201279023278731614748972,4.5888206180530305992218158831152,-0.70537997967324304920005496643374,,,,,,,,
3.943,0.34086933803522283389245494175853,4.6064766204492758122237019799004,-0.8077241029128492453253354523328,,,,,,,,
3.944,0.34548425712537029390934531078873,4.6232081345212095171025515714719,-0.92952849737367756933885926282102,,,,,,,,
3.9450000000000003,0.35011544902887235350885732314006,4.6390237273354903740112728234568,-1.075380367449110394855623047305,,,,,,,,
3.946,0.3547620023477318743584263530038,4.6539325363059520691038801383267,-1.2511506926240170264054290127331,,,,,,,,
3.947,0.35942301508608959183813904097685,4.6679442201894179367457272880485,-1.4644027811713099561392502839893,,,,,,,,
3.948,0.36409759514743677455179930402989,4.6810689109884893045440540162516,-1.7249407642995731275409285033997,,,,,,,,
3.9490000000000003,0.3687848607842385386488388949351,4.6933171668901991135477330808958,-2.045544522335367909190345692291,,,,,,,,
3.95,0.37348394100106157602016467738653,4.7046999263537349770670964369751,-2.4429476152810302065245996538077,,,,,,,,
3.951,0.37819397591240561305009775523551,4.7152284634452320146117496782663,-2.939119071507069847804671076326,,,,,,,,
3.952,0.38291411705652854886183013819668,4.7249143445030020214467485774093,-3.5628948771010135886867682137802,,,,,,,,
3.9530000000000003,0.38764352766663153602895666381805,4.7337693862025735919367763895573,-4.3519401079558663132503251428173,,,,,,,,
3.954,0.39238138290083293441339050682192,4.7418056150776255166673168243432,-5.3548431286814067799164828047079,,,,,,,,
3.955,0.39712687003240981317684294025145,4.7490352285403478080580763575017,-6.6327224607149382981059582155371,,,,,,,,
3.956,0.40187918860182325866040864903672,4.7554705574329935815992959861268,-8.258844739757901372119364212136,,,,,,,,
3.9570000000000003,0.40663755053206995512209502776307,4.76112403013141204893059499069,-10.3131107374548442508975057301,,,,,,,,
3.958,0.41140118020891814580829825127874,4.7660081382111892322995944342058,-12.86573260165611731858587322796,,,,,,,,
3.959,0.41616931452759196458346297599609,4.7701354036776707526639405389573,-15.94194076490346162142060173197,,,,,,,,
3.96,0.42094120290746506237320740830702,4.7735183477525941836553438206839,-19.461249178863453990954253820793,,,,,,,,
3.9610000000000003,0.4257161072763132374178203124797,4.7761694612023039762692075847161,-23.160072483597054263923721662619,,,,,,,,
3.962,0.43049330202565719708686707221669,4.7781011761855407792665137795912,-26.544023936373003857067141784621,,,,,,,,
3.963,0.43527207393870139338442180255572,4.7793258395925649495912996521267,-28.956154971196653416896808852533,,,,,,,,
3.964,0.44005172209234381956125062710738,4.7798556878418628093718837147033,-29.813574867927604003653760501843,,,,,,,,
3.9650000000000003,0.44483155773469543662391669818686,4.7797028230958620434689960077185,-28.905217348056177511621783564101,,,,,,,,
3.966,0.44961090413950718809635481890821,4.7788791908529152380536381966846,-26.51053634227585986080381795497,,,,,,,,
3.967,0.45438909643885799594965675672966,4.7773965588692617499852815317913,-23.229335950261070669060430632397,,,,,,,,
3.968,0.45916548143540931011676255243251,4.7752664973617104433630226320773,-19.685047050731669575439301114818,,,,,,,,
3.969,0.46393941739548127059396066507988,4.7725003604393612439171220544075,-16.324644868452539799192356770621,,,,,,,,
3.97,0.4687102738241528587375673809543,4.7691092687107637000545114482861,-13.378808600929460534900404679186,,,,,,,,
3.971,0.473477431223534048796918468583,4.7651040930114578505005696349838,-10.915616857008267927463859043002,,,,,,,,
3.972,0.47824028083530237014844648673593,4.7604954391958194120623272262955,-8.9115076850063841361809266731555,,,,,,,,
3.973,0.48299822436853986648466281298382,4.7552936339365013578964692139496,-7.3041387821586405885517747847654,,,,,,,,
3.974,0.48775067371384956610560158927124,4.7495087114744923874740096884254,-6.0225821556222775633479919961605,,,,,,,,
3.975,0.49249705064467359897152845001686,4.7431504012628661448288638129196,-5.0013303583680982857187074258384,,,,,,,,
3.976,0.49723678650667832020725533313338,4.7362281164476415782193433212646,-4.1851685477263405710627948964811,,,,,,,,
3.977,0.50196932189601550437510657155899,4.7287509431297846606105962064438,-3.5296726130865323386042212027416,,,,,,,,
3.978,0.50669410632721310921248380318267,4.7207276303532268775330671835068,-2.9999619362903295871027047330713,,,,,,,,
3.979,0.5114105978913944939047862166082,4.7121665807648305496160451369303,-2.5689787272634832536300136709567,,,,,,,,
3.98,0.51611826290547151273505707297946,4.70307584189347139735748365552,-2.2158342087081333996656879877476,,,,,,,,
3.981,0.52081657555290476478320012567741,4.6934630979968131025006448091148,-1.9244072517944026647746082168268,,,,,,,,
3.982,0.52550501751657361829667607746872,4.683335662425897429668955136453,-1.6822252514872415736764080842903,,,,,,,,
3.983,0.53018307760424957999530258557241,4.6727004704593493194340823534874,-1.4795974375239381073615634228864,,,,,,,,
3.984,0.53485025136711926410595119649556,4.6615640725607839225147631728499,-1.3089543549219170127744613021435,,,,,,,,
3.985,0.53950604071175773825695066851705,4.6499326280148885501301782398357,-1.1643483070523595106527134787234,,,,,,,,
3.986,0.54414995350590947615522403602407,4.6378118988996257239617669184627,-1.0410765060051745396283106463904,,,,,,,,
3.987,0.54878150317839261262636915294247,4.6252072443540546485091403924754,-0.9353966118650090530784845795671,,,,,,,,
3.988,0.55340020831340274921523161921864,4.6121236151033901446074170239153,-0.84431143652403381948045759454169,,,,,,,,
3.989,0.55800559223945526579952404468627,4.598565548205104882727303671768,-0.76540534423261218719287418796838,,,,,,,,
3.99,0.5625971826131700186530648539588,4.5845371619821289490525101585905,-0.69671933437836364286620953852484,,,,,,,,
3.991,0.56717451099806950838758488263289,4.5700421511115084217674262493641,-0.63665514969505246102839456987844,,,,,,,,
3.992,0.57173711243853114138586999013004,4.5550837818392514717825411029736,-0.58390124974050076673616954450446,,,,,,,,
3.993,0.57628452502900614545915866463773,4.5396648872945179031364666613214,-0.53737533281269261353023128759291,,,,,,,,
3.994,0.58081628947859209642640386568054,4.523787862878798959143586482102,-0.49617944666606976555726548547332,,,,,,,,
3.995,0.58533194867102293274020917866073,4.5074546617082931060071569096227,-0.45956472763174129661568923092725,,,,,,,,
3.996,0.58983104722011985099450803965408,4.490666790090316297547853715992,-0.42690354477460153005198271440023,,,,,,,,
