T,R
0,5.95788016468261e-05
0.00999999999999091,5.90124335767155e-05
0.0199999999999818,5.84533876470363e-05
0.0299999999999727,5.79015488917266e-05
0.039999999999992,5.73568044691932e-05
0.0499999999999829,5.68190436021893e-05
0.0599999999999739,5.62881591815095e-05
0.0699999999999932,5.57640448022085e-05
0.0799999999999841,5.52465958282019e-05
0.089999999999975,5.47357099342305e-05
0.0999999999999943,5.42312866994532e-05
0.109999999999985,5.37332277936353e-05
0.119999999999976,5.32414367540239e-05
0.129999999999995,5.27558185302975e-05
0.139999999999986,5.22762799798577e-05
0.149999999999977,5.18027296430693e-05
0.159999999999997,5.1335077695584e-05
0.169999999999987,5.08732368191719e-05
0.179999999999978,5.041712056645e-05
0.189999999999998,4.99666438142515e-05
0.199999999999989,4.95217231899093e-05
0.20999999999998,4.9082276781612e-05
0.219999999999999,4.86482240952208e-05
0.22999999999999,4.8219488181086e-05
0.239999999999981,4.77959907602782e-05
0.25,4.73776558374586e-05
0.259999999999991,4.69644088144455e-05
0.269999999999982,4.65561764010302e-05
0.279999999999973,4.61528867653122e-05
0.289999999999992,4.57544700695506e-05
0.299999999999983,4.53608564993492e-05
0.309999999999974,4.49719779355696e-05
0.319999999999993,4.45877674393307e-05
0.329999999999984,4.42081592199164e-05
0.339999999999975,4.38330889338949e-05
0.349999999999994,4.346249347067e-05
0.359999999999985,4.30963102104718e-05
0.369999999999976,4.27344778687729e-05
0.379999999999995,4.23769361884232e-05
0.389999999999986,4.20236259103996e-05
0.399999999999977,4.16744896651965e-05
0.409999999999997,4.13294704266739e-05
0.419999999999987,4.09885118149732e-05
0.429999999999978,4.06515586771913e-05
0.439999999999998,4.03185567795367e-05
0.449999999999989,3.99894527828119e-05
0.45999999999998,3.96641950487568e-05
0.469999999999999,3.93427318035403e-05
0.47999999999999,3.90250124269295e-05
0.489999999999981,3.87109871733925e-05
0.5,3.8400607111608e-05
0.509999999999991,3.80938241746132e-05
0.519999999999982,3.77905914225119e-05
0.529999999999973,3.74908621076539e-05
0.539999999999992,3.71945904561462e-05
0.549999999999983,3.69017314194927e-05
0.559999999999974,3.66122406543201e-05
0.569999999999993,3.63260745614695e-05
0.579999999999984,3.60431913953504e-05
0.589999999999975,3.57635484139299e-05
0.599999999999994,3.54871041845117e-05
0.609999999999985,3.52138179268861e-05
0.619999999999976,3.49436494964614e-05
0.629999999999995,3.46765593674035e-05
0.639999999999986,3.4412509684177e-05
0.649999999999977,3.41514618620088e-05
0.659999999999997,3.38933783332896e-05
0.669999999999987,3.36382221726154e-05
0.679999999999978,3.33859570343246e-05
0.689999999999998,3.3136547138622e-05
0.699999999999989,3.2889957306782e-05
0.70999999999998,3.26461528485354e-05
0.719999999999999,3.24050996041887e-05
0.72999999999999,3.21667639344067e-05
0.739999999999981,3.19311126987798e-05
0.75,3.16981132421096e-05
0.759999999999991,3.14677338064659e-05
0.769999999999982,3.12399427854203e-05
0.779999999999973,3.10147089063709e-05
0.789999999999992,3.07920014813667e-05
0.799999999999983,3.05717902648059e-05
0.809999999999974,3.03540454414372e-05
0.819999999999993,3.01387384155192e-05
0.829999999999984,2.99258407511108e-05
0.839999999999975,2.97153237620227e-05
0.849999999999994,2.95071596133053e-05
0.859999999999985,2.93013209005661e-05
0.869999999999976,2.90977806420317e-05
0.879999999999995,2.88965121961709e-05
0.889999999999986,2.86974893046515e-05
0.899999999999977,2.85006862293579e-05
0.909999999999997,2.83060775543752e-05
0.919999999999987,2.81136382394715e-05
0.929999999999978,2.79233436116648e-05
0.939999999999998,2.77351689949261e-05
0.949999999999989,2.7549089601892e-05
0.95999999999998,2.73650820935098e-05
0.969999999999999,2.71831229198333e-05
0.97999999999999,2.70031888160515e-05
0.989999999999981,2.68252567914696e-05
1,2.66493041184947e-05
1.00999999999999,2.64753108692589e-05
1.01999999999998,2.63032552298387e-05
1.02999999999997,2.61331156390735e-05
1.03999999999999,2.59648714111146e-05
1.04999999999998,2.57985022571252e-05
1.05999999999997,2.56339874526962e-05
1.06999999999999,2.54713053173988e-05
1.07999999999998,2.53104371216898e-05
1.08999999999997,2.5151363275481e-05
1.09999999999999,2.49940644351508e-05
1.10999999999999,2.48385214939091e-05
1.11999999999998,2.46847154032353e-05
1.13,2.45326275091126e-05
1.13999999999999,2.43822393190326e-05
1.14999999999998,2.42335325137676e-05
1.16,2.40864889519441e-05
1.16999999999999,2.39410916917686e-05
1.17999999999998,2.37973246021498e-05
1.19,2.36551698234052e-05
1.19999999999999,2.35146106753527e-05
1.20999999999998,2.33756307552468e-05
1.22,2.32382139387346e-05
1.22999999999999,2.31023437981292e-05
1.23999999999998,2.29680048952674e-05
1.25,2.28351817891275e-05
1.25999999999999,2.27038592857422e-05
1.26999999999998,2.25740224417894e-05
1.27999999999997,2.24456554922563e-05
1.28999999999999,2.23187429069314e-05
1.29999999999998,2.21932705222381e-05
1.30999999999997,2.20692236778556e-05
1.31999999999999,2.1946587833032e-05
1.32999999999998,2.18253487110256e-05
1.33999999999997,2.17054942198083e-05
1.34999999999999,2.15870096154296e-05
1.35999999999999,2.14698814029216e-05
1.36999999999998,2.13540962775732e-05
1.38,2.12396411238381e-05
1.38999999999999,2.11265034105675e-05
1.39999999999998,2.10146705774167e-05
1.41,2.09041300418293e-05
1.41999999999999,2.07948695856899e-05
1.42999999999998,2.06868771954688e-05
1.44,2.05801410622231e-05
1.44999999999999,2.04746480965743e-05
1.45999999999998,2.03703868395808e-05
1.47,2.02673461377835e-05
1.47999999999999,2.01655146597933e-05
1.48999999999998,2.00648812480521e-05
1.5,1.99654349188336e-05
1.50999999999999,1.9867163290597e-05
1.51999999999998,1.97700560443534e-05
1.52999999999997,1.96741026068617e-05
1.53999999999999,1.95792923845048e-05
1.54999999999998,1.94856149302435e-05
1.55999999999997,1.93930599436141e-05
1.56999999999999,1.93016175051569e-05
1.57999999999998,1.92112775168681e-05
1.58999999999997,1.9122030152439e-05
1.59999999999999,1.90338657369603e-05
1.60999999999999,1.89467747455685e-05
1.61999999999998,1.88607477874276e-05
1.63,1.87757754694942e-05
1.63999999999999,1.86918487843864e-05
1.64999999999998,1.86089587785162e-05
1.66,1.85270966455702e-05
1.66999999999999,1.84462537265105e-05
1.67999999999998,1.8366421135471e-05
1.69,1.82875889414532e-05
1.69999999999999,1.82097495594641e-05
1.70999999999998,1.81328946013766e-05
1.72,1.80570157961819e-05
1.72999999999999,1.79821049899897e-05
1.73999999999998,1.79081541154339e-05
1.75,1.78351551907502e-05
1.75999999999999,1.77631004450785e-05
1.76999999999998,1.76919821797688e-05
1.77999999999997,1.76217928121617e-05
1.78999999999999,1.75525248755877e-05
1.79999999999998,1.74841710193683e-05
1.80999999999997,1.74167237099586e-05
1.81999999999999,1.73501758367046e-05
1.82999999999998,1.72845204212111e-05
1.83999999999997,1.72197505217196e-05
1.84999999999999,1.71558593079287e-05
1.85999999999999,1.7092840060994e-05
1.86999999999998,1.7030686027356e-05
1.88,1.69693897832753e-05
1.88999999999999,1.69089453866372e-05
1.89999999999998,1.68493464243315e-05
1.91,1.67905865825745e-05
1.91999999999999,1.67326596469093e-05
1.92999999999998,1.66755595022047e-05
1.94,1.66192797874443e-05
1.94999999999999,1.65638144009147e-05
1.95999999999998,1.65091576441726e-05
1.97,1.64553037125054e-05
1.97999999999999,1.64022468932601e-05
1.98999999999998,1.63499815658435e-05
2,1.62985022017215e-05
2.00999999999999,1.62478028874631e-05
2.01999999999998,1.61978784834105e-05
2.02999999999997,1.61487236859324e-05
2.03999999999999,1.61003332696114e-05
2.04999999999998,1.60527020958233e-05
2.05999999999997,1.60058251127366e-05
2.06999999999999,1.59596971723529e-05
2.07999999999998,1.59143130975381e-05
2.08999999999997,1.5869668252748e-05
2.09999999999999,1.58257578630058e-05
2.10999999999999,1.57825772341556e-05
2.11999999999998,1.57401217528612e-05
2.13,1.56983868866067e-05
2.13999999999999,1.56573675436322e-05
2.14999999999998,1.56170595199571e-05
2.16,1.55774585999734e-05
2.16999999999999,1.5538560509084e-05
2.17999999999998,1.55003610492122e-05
2.19,1.54628560988021e-05
2.19999999999999,1.54260416128194e-05
2.20999999999998,1.53899136227501e-05
2.22,1.53544680806127e-05
2.22999999999999,1.53197004267244e-05
2.23999999999998,1.52856073991562e-05
2.25,1.52521852619496e-05
2.25999999999999,1.521943035063e-05
2.26999999999998,1.51873390722059e-05
2.27999999999997,1.51559079051698e-05
2.28999999999999,1.51251333994971e-05
2.29999999999998,1.50950121766475e-05
2.30999999999997,1.50655402392845e-05
2.31999999999999,1.50367141377465e-05
2.32999999999998,1.500853101936e-05
2.33999999999997,1.49809876923537e-05
2.34999999999999,1.49540810298243e-05
2.35999999999999,1.49278079697371e-05
2.36999999999998,1.4902165514925e-05
2.38,1.48771507330894e-05
2.38999999999999,1.48527607567997e-05
2.39999999999998,1.48289919826395e-05
2.41,1.48058421136762e-05
2.41999999999999,1.47833084337959e-05
2.42999999999998,1.47613882700025e-05
2.44,1.47400790099401e-05
2.44999999999999,1.47193781018931e-05
2.45999999999998,1.46992830547864e-05
2.47,1.46797914381853e-05
2.47999999999999,1.46609006928841e-05
2.48999999999998,1.46426082182304e-05
2.5,1.46249119873368e-05
2.50999999999999,1.46078097680711e-05
2.51999999999998,1.45912993859466e-05
2.52999999999997,1.45753787241216e-05
2.53999999999999,1.45600457234e-05
2.54999999999998,1.45452983822308e-05
2.55999999999997,1.45311347567082e-05
2.56999999999999,1.45175524323221e-05
2.57999999999998,1.45045496832175e-05
2.58999999999997,1.44921248204099e-05
2.59999999999999,1.44802760740946e-05
2.60999999999999,1.44690017283888e-05
2.61999999999998,1.44583001213322e-05
2.63,1.44481696448868e-05
2.63999999999999,1.44386087449366e-05
2.64999999999998,1.44296158181885e-05
2.66,1.44211888170777e-05
2.66999999999999,1.44133267843952e-05
2.67999999999998,1.44060283426835e-05
2.69,1.43992921661663e-05
2.69999999999999,1.43931169807482e-05
2.70999999999998,1.43875015640146e-05
2.72,1.43824447452321e-05
2.72999999999999,1.43779454053482e-05
2.73999999999998,1.43740024769913e-05
2.75,1.43706149444709e-05
2.75999999999999,1.43677815528309e-05
2.76999999999998,1.43655013927617e-05
2.77999999999997,1.43637737132107e-05
2.78999999999999,1.43625976803783e-05
2.79999999999998,1.43619725107589e-05
2.80999999999997,1.43618974711417e-05
2.81999999999999,1.43623718786096e-05
2.82999999999998,1.436339510054e-05
2.83999999999997,1.43649665546047e-05
2.84999999999999,1.43670857087694e-05
2.85999999999999,1.4369751945553e-05
2.86999999999998,1.43729639449642e-05
2.88,1.43767219624705e-05
2.88999999999999,1.43810256109571e-05
2.89999999999998,1.43858745503708e-05
2.91,1.43912684877193e-05
2.91999999999999,1.43972071770717e-05
2.92999999999998,1.44036904195584e-05
2.94,1.44107180633711e-05
2.94999999999999,1.44182900037627e-05
2.95999999999998,1.44264061830475e-05
2.97,1.44350665579721e-05
2.97999999999999,1.44442711640715e-05
2.98999999999998,1.44540200979518e-05
3,1.44643134873256e-05
3.00999999999999,1.44751515068075e-05
3.01999999999998,1.44865343779144e-05
3.02999999999997,1.44984623690654e-05
3.03999999999999,1.45109357955817e-05
3.04999999999998,1.45239550196866e-05
3.05999999999997,1.45375204505059e-05
3.06999999999999,1.45516325183552e-05
3.07999999999998,1.45662915357382e-05
3.08999999999997,1.45814981876207e-05
3.09999999999999,1.45972530589689e-05
3.10999999999999,1.46135567809742e-05
3.11999999999998,1.46304100310537e-05
3.13,1.46478135328497e-05
3.13999999999999,1.46657680562299e-05
3.14999999999998,1.46842744172874e-05
3.16,1.47033334783408e-05
3.16999999999999,1.47229461479338e-05
3.17999999999998,1.4743113409023e-05
3.19,1.47638362644988e-05
3.19999999999999,1.47851157495217e-05
3.20999999999998,1.48069529600519e-05
3.22,1.48293490384163e-05
3.22999999999999,1.48523051733071e-05
3.23999999999998,1.4875822599783e-05
3.25,1.48999025992687e-05
3.25999999999999,1.49245464995546e-05
3.26999999999998,1.49497556747977e-05
3.27999999999997,1.49755315914877e-05
3.28999999999999,1.50018761050348e-05
3.29999999999998,1.50287904568011e-05
3.30999999999997,1.50562762335657e-05
3.31999999999999,1.50843350708913e-05
3.32999999999998,1.51129686532159e-05
3.33999999999997,1.51421787139462e-05
3.34999999999999,1.51719670355495e-05
3.35999999999999,1.52023354496459e-05
3.36999999999998,1.52332858371012e-05
3.38,1.52648201281191e-05
3.38999999999999,1.52969403023333e-05
3.39999999999998,1.53296483889003e-05
3.41,1.5362946699172e-05
3.41999999999999,1.53968372624146e-05
3.42999999999998,1.54313222339786e-05
3.44,1.546640385931e-05
3.44999999999999,1.55020844352993e-05
3.45999999999998,1.55383663104282e-05
3.47,1.55752518849143e-05
3.47999999999999,1.56127436108573e-05
3.48999999999998,1.56508439923847e-05
3.5,1.56895555857976e-05
3.50999999999999,1.57288809997159e-05
3.51999999999998,1.57688228952246e-05
3.52999999999997,1.58093842980398e-05
3.53999999999999,1.58505680639212e-05
3.54999999999998,1.58923768343394e-05
3.55999999999997,1.5934813517316e-05
3.56999999999999,1.59778810771164e-05
3.57999999999998,1.6021582534508e-05
3.58999999999997,1.60659209670189e-05
3.59999999999999,1.6110899509196e-05
3.60999999999999,1.61565213528624e-05
3.61999999999998,1.62027897473769e-05
3.63,1.62497079998913e-05
3.63999999999999,1.62972794756088e-05
3.64999999999998,1.63455076306555e-05
3.66,1.63943960265998e-05
3.66999999999999,1.64439481393995e-05
3.67999999999998,1.64941675767101e-05
3.69,1.65450580061952e-05
3.69999999999999,1.65966231558083e-05
3.70999999999998,1.66488668140773e-05
3.72,1.67017928303868e-05
3.72999999999999,1.67554051152606e-05
3.73999999999998,1.68097076406456e-05
3.75,1.68647044401947e-05
3.75999999999999,1.69203996095487e-05
3.76999999999998,1.69767973066209e-05
3.77999999999997,1.7033902732944e-05
3.78999999999999,1.70917195278901e-05
3.79999999999998,1.71502520904745e-05
3.80999999999997,1.72095048908363e-05
3.81999999999999,1.72694824678615e-05
3.82999999999998,1.73301894296487e-05
3.83999999999997,1.73916304539769e-05
3.84999999999999,1.74538102887717e-05
3.85999999999999,1.75167337525714e-05
3.86999999999998,1.75804057349945e-05
3.88,1.76448311972061e-05
3.88999999999999,1.77100151723836e-05
3.89999999999998,1.77759631830572e-05
3.91,1.78426803276309e-05
3.91999999999999,1.79101717524146e-05
3.92999999999998,1.79784428197213e-05
3.94,1.8047498969305e-05
3.94999999999999,1.81173457189411e-05
3.95999999999998,1.81879886650068e-05
3.97,1.82594334830614e-05
3.97999999999999,1.83316859284252e-05
3.98999999999998,1.84047518367612e-05
4,1.84786371246544e-05
4.00999999999999,1.85533477901914e-05
4.01999999999998,1.86288899756035e-05
4.02999999999997,1.87052698972046e-05
4.03999999999999,1.87824937420773e-05
4.04999999999998,1.88605678492071e-05
4.05999999999997,1.89394986427654e-05
4.06999999999999,1.90192926327185e-05
4.07999999999998,1.90999564154353e-05
4.08999999999997,1.91814966742986e-05
4.09999999999999,1.92639201803127e-05
4.10999999999999,1.93472337927123e-05
4.11999999999998,1.9431444459573e-05
4.13,1.95165592184195e-05
4.13999999999999,1.96025854049758e-05
4.14999999999998,1.96895313746654e-05
4.16,1.97774035400848e-05
4.16999999999999,1.98662093667966e-05
4.17999999999998,1.995595641776e-05
4.19,2.00466523540996e-05
4.19999999999999,2.01383049358752e-05
4.20999999999998,2.02309220228528e-05
4.22,2.03245115752745e-05
4.22999999999999,2.04190816546273e-05
4.23999999999998,2.0514640424415e-05
4.25,2.06111961509273e-05
4.25999999999999,2.07087572040092e-05
4.26999999999998,2.08073320578325e-05
4.27999999999997,2.09069293203915e-05
4.28999999999999,2.10075603000233e-05
4.29999999999998,2.11092319254349e-05
4.30999999999997,2.12119532097058e-05
4.31999999999999,2.13157332828471e-05
4.32999999999998,2.14205813928604e-05
4.33999999999997,2.1526506906798e-05
4.34999999999999,2.16335193118211e-05
4.35999999999999,2.1741628216258e-05
4.36999999999998,2.18508433506648e-05
4.38,2.19611745688835e-05
4.38999999999999,2.20726318491003e-05
4.39999999999998,2.21852252949059e-05
4.41,2.22989651363542e-05
4.41999999999999,2.24138617310198e-05
4.42999999999998,2.25299270390029e-05
4.44,2.26471708990399e-05
4.44999999999999,2.27656039350153e-05
4.45999999999998,2.28852371038773e-05
4.47,2.30060815012282e-05
4.47999999999999,2.312814836257e-05
4.48999999999998,2.32514490645521e-05
4.5,2.33759951262175e-05
4.50999999999999,2.35017982102473e-05
4.51999999999998,2.36288701242096e-05
4.52999999999997,2.37572228218042e-05
4.53999999999999,2.38868684041098e-05
4.54999999999998,2.40178191208289e-05
4.55999999999997,2.4150087371536e-05
4.56999999999999,2.428368725689e-05
4.57999999999998,2.44186310802939e-05
4.58999999999997,2.45549312746606e-05
4.59999999999999,2.46926009519403e-05
4.60999999999999,2.48316533876789e-05
4.61999999999998,2.49721020225082e-05
4.63,2.51139604636327e-05
4.63999999999999,2.52572424863162e-05
4.64999999999998,2.54019620353725e-05
4.66,2.55481332266521e-05
4.66999999999999,2.56957703485287e-05
4.67999999999998,2.584488786339e-05
4.69,2.5995500409124e-05
4.69999999999999,2.61476228006062e-05
4.70999999999998,2.63012726816917e-05
4.72,2.64564656152774e-05
4.72999999999999,2.66132154741032e-05
4.73999999999998,2.67715380131292e-05
4.75,2.69314491880529e-05
4.75999999999999,2.7092965157324e-05
4.76999999999998,2.72561022841632e-05
4.77999999999997,2.74208771385774e-05
4.78999999999999,2.75873064993762e-05
4.79999999999998,2.7755407356187e-05
4.80999999999997,2.79251969114736e-05
4.81999999999999,2.80966925825516e-05
4.82999999999998,2.82699120036029e-05
4.83999999999997,2.84448730276954e-05
4.84999999999999,2.86215957870349e-05
4.85999999999999,2.88001002754391e-05
4.86999999999998,2.89804028799484e-05
4.88,2.91625225772802e-05
4.88999999999999,2.9346478590332e-05
4.89999999999998,2.95322903907615e-05
4.91,2.97199777015617e-05
4.91999999999999,2.99095604996359e-05
4.92999999999998,3.01010590183775e-05
4.94,3.02944937502456e-05
4.94999999999999,3.04898854493395e-05
4.95999999999998,3.06872551339792e-05
4.97,3.08866240892802e-05
4.97999999999999,3.10880138697283e-05
4.98999999999998,3.12914466387363e-05
5,3.14969452356929e-05
5.00999999999999,3.1704531364235e-05
5.01999999999998,3.1914227739021e-05
5.02999999999997,3.21260573612895e-05
5.03999999999999,3.23400435215782e-05
5.04999999999998,3.25562098024401e-05
5.05999999999997,3.2774580081165e-05
5.06999999999999,3.2995178532496e-05
5.07999999999998,3.32180296313457e-05
5.08999999999997,3.3443158155518e-05
5.09999999999999,3.36705891884248e-05
5.10999999999999,3.39003481218016e-05
5.11999999999998,3.41324606584302e-05
5.13,3.43669539832836e-05
5.13999999999999,3.46038622413471e-05
5.14999999999998,3.48432066742111e-05
5.16,3.50850148751528e-05
5.16999999999999,3.53293148191685e-05
5.17999999999998,3.55761348679493e-05
5.19,3.58255037748521e-05
5.19999999999999,3.6077450689869e-05
5.20999999999998,3.63320051646046e-05
5.22,3.65891971572458e-05
5.22999999999999,3.68490570375319e-05
5.23999999999998,3.71116155917313e-05
5.25,3.73769040211432e-05
5.25999999999999,3.76449539577513e-05
5.26999999999998,3.79157974709352e-05
5.27999999999997,3.81894670619475e-05
5.28999999999999,3.8465995673354e-05
5.29999999999998,3.87454166939993e-05
5.30999999999997,3.90277639639813e-05
5.31999999999999,3.93130717796177e-05
5.32999999999998,3.96013748984135e-05
5.33999999999997,3.98927085440348e-05
5.34999999999999,4.01871084112757e-05
5.35999999999999,4.04846106710253e-05
5.36999999999998,4.07852518321091e-05
5.38,4.10890691160803e-05
5.38999999999999,4.13961001481103e-05
5.39999999999998,4.17063830428076e-05
5.41,4.20199564148067e-05
5.41999999999999,4.23368593837003e-05
5.42999999999998,4.2657131578978e-05
5.44,4.2980813144959e-05
5.44999999999999,4.33079447457223e-05
5.45999999999998,4.36385675700473e-05
5.47,4.39727233363452e-05
5.47999999999999,4.431045841424e-05
5.48999999999998,4.46518216054588e-05
5.5,4.49968509624752e-05
5.50999999999999,4.53455911974674e-05
5.51999999999998,4.5698087652217e-05
5.52999999999997,4.60543863059868e-05
5.53999999999999,4.64145337834041e-05
5.54999999999998,4.67785773623384e-05
5.55999999999997,4.7146564981789e-05
5.56999999999999,4.75185452497637e-05
5.57999999999998,4.7894567451157e-05
5.58999999999997,4.82746815556383e-05
5.59999999999999,4.86589446074062e-05
5.60999999999999,4.90474061661248e-05
5.61999999999998,4.94401172389351e-05
5.63,4.98371311955695e-05
5.63999999999999,5.02385021819489e-05
5.64999999999998,5.06442851300749e-05
5.66,5.10545357679122e-05
5.66999999999999,5.14693106292702e-05
5.67999999999998,5.18886670636961e-05
5.69,5.23126632463564e-05
5.69999999999999,5.2741358187919e-05
5.70999999999998,5.31748114944741e-05
5.72,5.36130826571253e-05
5.72999999999999,5.4056234121078e-05
5.73999999999998,5.45043282338505e-05
5.75,5.49574282183204e-05
5.75999999999999,5.54155981822291e-05
5.76999999999998,5.58789031276969e-05
5.77999999999997,5.63474089607266e-05
5.78999999999999,5.68211825007139e-05
5.79999999999998,5.73002914899501e-05
5.80999999999997,5.77848046031384e-05
5.81999999999999,5.82747914568976e-05
5.82999999999998,5.87703297244281e-05
5.83999999999997,5.92714924126425e-05
5.84999999999999,5.9778348600175e-05
5.85999999999999,6.02909726328571e-05
5.86999999999998,6.08094399241041e-05
5.88,6.13338269674508e-05
5.88999999999999,6.18642113490865e-05
5.89999999999998,6.24006717604038e-05
5.91,6.29432880105334e-05
5.91999999999999,6.34921410388792e-05
5.92999999999998,6.40473129276674e-05
5.94,6.46088869144814e-05
5.94999999999999,6.51769707776204e-05
5.95999999999998,6.57516376919854e-05
5.97,6.63329767031082e-05
5.97999999999999,6.69210784809887e-05
5.98999999999998,6.75160352086165e-05
6,6.81179406084609e-05
6.00999999999999,6.87268899689593e-05
6.01999999999998,6.93429801710223e-05
6.02999999999997,6.9966309714521e-05
6.03999999999999,7.05969666273355e-05
6.04999999999998,7.12350579738859e-05
6.05999999999997,7.18806867420206e-05
6.06999999999999,7.25339566613173e-05
6.07999999999998,7.31949730461261e-05
6.08999999999997,7.38638428141636e-05
6.09999999999999,7.45406745050895e-05
6.10999999999999,7.52255782990831e-05
6.11999999999998,7.59186660354373e-05
6.13,7.66200357680296e-05
6.13999999999999,7.7329807640469e-05
6.14999999999998,7.80480988686105e-05
6.16,7.87750260086214e-05
6.16999999999999,7.95107071354856e-05
6.17999999999998,8.02552618504899e-05
6.19,8.1008811288692e-05
6.19999999999999,8.17714781263874e-05
6.20999999999998,8.25433865885964e-05
6.22,8.33247118900988e-05
6.22999999999999,8.411557227777e-05
6.23999999999998,8.49160921232448e-05
6.25,8.5726409321805e-05
6.25999999999999,8.6546664178065e-05
6.26999999999998,8.73769994528088e-05
6.27999999999997,8.82175604098038e-05
6.28999999999999,8.90684948626289e-05
6.29999999999998,8.99299532214878e-05
6.30999999999997,9.08020933277349e-05
6.31999999999999,9.16850714239495e-05
6.32999999999998,9.25790455456815e-05
6.33999999999997,9.34841781593679e-05
6.34999999999999,9.44006347218078e-05
6.35999999999999,9.53285837360461e-05
6.36999999999998,9.62681968072808e-05
6.38,9.72196375002971e-05
6.38999999999999,9.81830473195556e-05
6.39999999999998,9.91586241580481e-05
6.41,0.000100146544513408
6.41999999999999,0.000101146987156255
6.42999999999998,0.000102160133121486
6.44,0.000103186165699528
6.44999999999999,0.0001042252704276
6.45999999999998,0.000105277652373293
6.47,0.000106343499034038
6.47999999999999,0.000107423002604245
6.48999999999998,0.000108516360780456
6.5,0.000109623773791295
6.50999999999999,0.000110745444397459
6.51999999999998,0.00011188161364479
6.52999999999997,0.000113032550466796
6.53999999999999,0.000114198434864433
6.54999999999998,0.000115379494386207
6.55999999999997,0.000116575960383728
6.56999999999999,0.000117788068011698
6.57999999999998,0.000119016056227907
6.58999999999997,0.00012026020724958
6.59999999999999,0.000121520753120216
6.60999999999999,0.000122797947803762
6.61999999999998,0.000124092051350124
6.63,0.000125403328098325
6.63999999999999,0.000126732046676494
6.64999999999998,0.00012807845095643
6.66,0.000129442793861173
6.66999999999999,0.000130825370122226
6.67999999999998,0.000132226456824794
6.69,0.00013364633459721
6.69999999999999,0.000135085287610931
6.70999999999998,0.00013654360637395
6.72,0.000138021628427734
6.72999999999999,0.000139519627600561
6.73999999999998,0.00014103790867856
6.75,0.000142576780564872
6.75999999999999,0.000144136556279635
6.76999999999998,0.00014571755296001
6.77999999999997,0.00014732020617103
6.78999999999999,0.000148944877069402
6.79999999999998,0.000150591870087827
6.80999999999997,0.00015226154554688
6.81999999999999,0.000153954270150161
6.82999999999998,0.000155670416984282
6.83999999999997,0.000157410368368901
6.84999999999999,0.000159174523921381
6.85999999999999,0.000160963269465864
6.86999999999998,0.000162777005921659
6.88,0.000164616140793727
6.88999999999999,0.000166481088172673
6.89999999999998,0.000168372268734772
6.91,0.000170290074985076
6.91999999999999,0.000172234942014036
6.92999999999998,0.00017420731236538
6.94,0.000176207626449696
6.94999999999999,0.000178236330708705
6.95999999999998,0.000180293877615297
6.97,0.000182380765846608
6.97999999999999,0.000184497547518841
6.98999999999998,0.000186644645745849
7,0.000188822553928952
7.00999999999999,0.00019103177288401
7.01999999999998,0.000193272810841454
7.02999999999997,0.000195546183446267
7.03999999999999,0.000197852509137126
7.04999999999998,0.000200192425097269
7.05999999999997,0.000202566405551393
7.06999999999999,0.000204975024362567
7.07999999999998,0.000207418865136541
7.08999999999997,0.00020989852122179
7.09999999999999,0.000212414595709496
7.10999999999999,0.000214967739178318
7.11999999999998,0.000217558593309658
7.13,0.000220187776450105
7.13999999999999,0.000222855939385839
7.14999999999998,0.00022556374335003
7.16,0.000228311860022821
7.16999999999999,0.000231100971531296
7.17999999999998,0.00023393184435615
7.19,0.000236805189413949
7.19999999999999,0.000239721707179154
7.20999999999998,0.000242682135376941
7.22,0.000245687223283551
7.22999999999999,0.000248737731726264
7.23999999999998,0.000251834433083449
7.25,0.0002549782867205
7.25999999999999,0.000258170057519573
7.26999999999998,0.000261410545771426
7.27999999999997,0.000264700597404298
7.28999999999999,0.000268041072062872
7.29999999999998,0.000271432843108231
7.30999999999997,0.000274876797617916
7.31999999999999,0.000278374058565084
7.32999999999998,0.00028192545526626
7.33999999999997,0.000285531930189064
7.34999999999999,0.000289194454827458
7.35999999999999,0.000292914016709665
7.36999999999998,0.000296691619398234
7.38,0.000300528291966807
7.38999999999999,0.000304425296123994
7.39999999999998,0.000308383573234478
7.41,0.000312404218099415
7.41999999999999,0.000316488343837483
7.42999999999998,0.000320637081884953
7.44,0.000324851581995654
7.44999999999999,0.000329133052484107
7.45999999999998,0.000333482912844284
7.47,0.000337902250038905
7.47999999999999,0.000342392320269421
7.48999999999998,0.000346954400821955
7.5,0.000351589790067262
7.50999999999999,0.000356299807460691
7.51999999999998,0.000361085861838154
7.52999999999997,0.00036594951577383
7.53999999999999,0.000370892076112882
7.54999999999998,0.0003759149946598
7.55999999999997,0.000381019748955581
7.56999999999999,0.000386207842277685
7.57999999999998,0.000391480897761097
7.58999999999997,0.000396840519112478
7.59999999999999,0.000402288269146129
7.60999999999999,0.000407825783919703
7.61999999999998,0.000413454728032806
7.63,0.000419176794626958
7.63999999999999,0.000424993876609957
7.64999999999998,0.000430907680576842
7.66,0.000436920004613799
7.66999999999999,0.000443032689588768
7.67999999999998,0.000449247607976916
7.69,0.000455566715316347
7.69999999999999,0.000461992159653685
7.70999999999998,0.00046852582802959
7.72,0.000475169765297814
7.72999999999999,0.000481926052397013
7.73999999999998,0.000488796806350862
7.75,0.000495784330471925
7.75999999999999,0.000502890928772912
7.76999999999998,0.000510118784240143
7.77999999999997,0.000517470211644525
7.78999999999999,0.000524947566892108
7.79999999999998,0.000532553247023994
7.80999999999997,0.000540289951850577
7.81999999999999,0.000548160121018654
7.82999999999998,0.000556166293916523
7.83999999999997,0.000564311087571274
7.84999999999999,0.000572597165236972
7.85999999999999,0.000581027276656156
7.86999999999998,0.000589604438435748
7.88,0.000598331386532839
7.88999999999999,0.000607211047622695
7.89999999999998,0.000616246408271274
7.91,0.000625440515935721
7.91999999999999,0.000634796479964839
7.92999999999998,0.00064431754706879
7.94,0.000654006932961062
7.94999999999999,0.000663867953178755
7.95999999999998,0.000673903994006152
7.97,0.000684118511564175
7.97999999999999,0.000694515033002104
7.98999999999998,0.000705097213258678
8,0.000715868732467395
8.00999999999999,0.000726833341159062
8.01999999999998,0.000737994881638162
8.02999999999997,0.000749357276153431
8.03999999999999,0.000760924528284603
8.04999999999998,0.000772700752306568
8.05999999999997,0.000784690142410009
8.06999999999999,0.000796896949332336
8.07999999999998,0.000809325529682351
8.08999999999997,0.000821980330511392
8.09999999999999,0.000834865890845483
8.10999999999999,0.000847986863182393
8.11999999999998,0.000861348024483744
8.13,0.000874954184456511
8.13999999999999,0.000888810282085585
8.14999999999998,0.000902921358674526
8.16,0.000917292559559551
8.16999999999999,0.000931929145701278
8.17999999999998,0.000946836572016867
8.19,0.000962020275378317
8.19999999999999,0.000977485858006944
8.20999999999998,0.000993239038582755
8.22,0.00100928565422354
8.22999999999999,0.00102563166246398
8.23999999999998,0.00104228324043
8.25,0.00105924657400171
8.25999999999999,0.00107652800996339
8.26999999999998,0.00109413403427436
8.27999999999997,0.00111207126732198
8.28999999999999,0.00113034646616939
8.29999999999998,0.00114896658804978
8.30999999999997,0.00116793868679664
8.31999999999999,0.00118726994356161
8.32999999999998,0.0012069677074522
8.33999999999997,0.00122703947904107
8.34999999999999,0.00124749291284839
8.35999999999999,0.00126833587004668
8.36999999999998,0.00128957637566305
8.38,0.00131122254556877
8.38999999999999,0.00133328270119178
8.39999999999998,0.001355765334387
8.41,0.00137867911018577
8.41999999999999,0.00140203288429547
8.42999999999998,0.00142583582226645
8.44,0.00145009707567963
8.44999999999999,0.00147482606378559
8.45999999999998,0.00150003239819028
8.47,0.00152572588596985
8.47999999999999,0.00155191653278546
8.48999999999998,0.00157861465368908
8.5,0.0016058306741514
8.50999999999999,0.00163357521816648
8.51999999999998,0.00166185915226515
8.52999999999997,0.00169069356249458
8.53999999999999,0.00172008975787924
8.54999999999998,0.00175005931352478
8.55999999999997,0.00178061407141812
8.56999999999999,0.00181176600660331
8.57999999999998,0.00184352738204401
8.58999999999997,0.0018759107052674
8.59999999999999,0.00190892873210793
8.60999999999999,0.00194259447129531
8.61999999999998,0.00197692138073521
8.63,0.00201192291657212
8.63999999999999,0.0020476129050413
8.64999999999998,0.00208400544581156
8.66,0.00212111491616338
8.66999999999999,0.00215895597516706
8.67999999999998,0.00219754364485149
8.69,0.00223689319496375
8.69999999999999,0.00227702014895356
8.70999999999998,0.00231794036511834
8.72,0.00235967000906477
8.72999999999999,0.00240222555818772
8.73999999999998,0.0024456238493445
8.75,0.00248988214687021
8.75999999999999,0.00253501784153177
8.76999999999998,0.00258104874599157
8.77999999999997,0.00262799301392618
8.78999999999999,0.00267586914496096
8.79999999999998,0.00272469598960405
8.80999999999997,0.00277449290919372
8.81999999999999,0.00282527944282077
8.82999999999998,0.00287707554559232
8.83999999999997,0.00292990156250431
8.84999999999999,0.00298377822033271
8.85999999999999,0.00303872663296569
8.86999999999998,0.00309476832601304
8.88,0.00315192522552982
8.88999999999999,0.00321021963875299
8.89999999999998,0.00326967429556637
8.91,0.0033303123422143
8.91999999999999,0.00339215738660854
8.92999999999998,0.00345523358914576
8.94,0.0035195653872233
8.94999999999999,0.00358517773844919
8.95999999999998,0.00365209606433745
8.97,0.00372034616454035
8.97999999999999,0.00378995440611979
8.98999999999998,0.00386094760703881
9,0.00393335306584531
9.00999999999999,0.00400719857322974
9.01999999999998,0.00408251241621285
9.02999999999997,0.00415932338363314
9.03999999999999,0.00423766077484483
9.04999999999998,0.00431755444496272
9.05999999999997,0.00439903487405151
9.06999999999999,0.00448213293929543
9.07999999999998,0.00456688012446651
9.08999999999997,0.0046533084731049
9.09999999999999,0.00474145066709011
9.10999999999999,0.00483133989339551
9.11999999999998,0.0049230099534534
9.13,0.00501649524872511
9.13999999999999,0.00511183079322985
9.14999999999998,0.00520905221669655
9.16,0.00530819577226997
9.16999999999999,0.00540929834952452
9.17999999999998,0.00551239752014328
9.19,0.00561753158998559
9.19999999999999,0.00572473941649293
9.20999999999998,0.0058340605879396
9.22,0.00594553538851907
9.22999999999999,0.00605920502077189
9.23999999999998,0.00617511117965585
9.25,0.00629329638567826
9.25999999999999,0.00641380391579619
9.26999999999998,0.00653667788699802
9.27999999999997,0.00666196317533958
9.28999999999999,0.00678970542757883
9.29999999999998,0.00691995112730133
9.30999999999997,0.00705274762555835
9.31999999999999,0.00718814318213587
9.32999999999998,0.00732618682046771
9.33999999999997,0.00746692848641737
9.34999999999999,0.00761041903047354
9.35999999999999,0.0077567105025527
9.36999999999998,0.00790585557423093
9.38,0.00805790799636823
9.38999999999999,0.0082129225042544
9.39999999999998,0.00837095503243863
9.41,0.00853206245150149
9.41999999999999,0.00869630262625203
9.42999999999998,0.00886373455264445
9.44,0.00903441838034412
9.44999999999999,0.00920841549443528
9.45999999999998,0.00938578826707463
9.47,0.00956660031622797
9.47999999999999,0.00975091646207702
9.48999999999998,0.00993880297833905
9.5,0.0101303271679932
9.50999999999999,0.0103255576823554
9.51999999999998,0.0105245644954062
9.52999999999997,0.0107274190435371
9.53999999999999,0.0109341941565877
9.54999999999998,0.0111449639312978
9.55999999999997,0.011359803962765
9.56999999999999,0.0115787913273901
9.57999999999998,0.0118020047424862
9.58999999999997,0.0120295242612526
9.59999999999999,0.0122614315611351
9.60999999999999,0.0124978099036625
9.61999999999998,0.0127387441860778
9.63,0.0129843209324767
9.63999999999999,0.0132346283340458
9.64999999999998,0.0134897562859791
9.66,0.0137497963830104
9.66999999999999,0.0140148419325559
9.67999999999998,0.0142849880917383
9.69,0.014560331793479
9.69999999999999,0.0148409718026558
9.70999999999998,0.0151270085131178
9.72,0.0154185444439829
9.72999999999999,0.0157156839254753
9.73999999999998,0.0160185332064488
9.75,0.0163272002520172
9.75999999999999,0.0166417949959572
9.76999999999998,0.0169624295237138
9.77999999999997,0.0172892178062564
9.78999999999999,0.0176222757116674
9.79999999999998,0.0179617206180073
9.80999999999997,0.0183076725639544
9.81999999999999,0.0186602533519625
9.82999999999998,0.0190195868061069
9.83999999999997,0.0193857980921388
9.84999999999999,0.0197590149150423
9.85999999999999,0.0201393669867251
9.86999999999998,0.0205269859215667
9.88,0.0209220049617033
9.88999999999999,0.0213245589691386
9.89999999999998,0.0217347854983824
9.91,0.0221528237239115
9.91999999999999,0.022578814712475
9.92999999999998,0.0230129001938208
9.94,0.0234552251733112
9.94999999999999,0.0239059359652093
9.95999999999998,0.0243651806783087
9.97,0.024833108368243
9.97999999999999,0.0253098700227776
9.98999999999998,0.0257956187594744
10,0.0262905090208511
10.01,0.0267946965275056
10.02,0.0273083375332631
10.03,0.0278315910963195
10.04,0.028364617118028
10.05,0.0289075768210012
10.06,0.0294606313506441
10.07,0.0300239442006476
10.08,0.030597679776753
10.09,0.0311820033659667
10.1,0.0317770805704084
10.11,0.0323830774766196
10.12,0.0330001618813823
10.13,0.033628501799349
10.14,0.0342682657206905
10.15,0.034919621225732
10.16,0.0355827378899774
10.17,0.0362577849352472
10.18,0.0369449317324831
10.19,0.0376443468003644
10.2,0.0383561989875288
10.21,0.039080657282491
10.22,0.0398178901129633
10.23,0.0405680651891226
10.24,0.0413313489793111
10.25,0.0421079083313409
10.26,0.0428979088691964
10.27,0.043701515297255
10.28,0.0445188903090442
10.29,0.0453501963687107
10.3,0.0461955943816305
10.31,0.0470552437520415
10.32,0.0479293019758056
10.33,0.048817924752451
10.34,0.0497212663326445
10.35,0.0506394787960258
10.36,0.0515727120644315
10.37,0.0525211134165334
10.38,0.053484828245325
10.39,0.0544639992437031
10.4,0.0554587664564498
10.41,0.0564692670846722
10.42,0.0574956354624095
10.43,0.0585380028993358
10.44,0.0595964975237268
10.45,0.0606712442183945
10.46,0.0617623645272302
10.47,0.0628699763176079
10.48,0.0639941938456756
10.49,0.065135127575645
10.5,0.0662928848705086
10.51,0.0674675682214924
10.52,0.0686592762937701
10.53,0.0698681035453697
10.54,0.071094140548459
10.55,0.0723374734490749
10.56,0.073598183477794
10.57,0.074876347450576
10.58,0.0761720376630925
10.59,0.0774853226847848
10.6,0.0788162648225564
10.61,0.0801649219656018
10.62,0.081531346972353
10.63,0.0829155888813456
10.64,0.0843176906301718
10.65,0.0857376898977847
10.66,0.0871756192992831
10.67,0.0886315067718311
10.68,0.0901053755992598
10.69,0.0915972422831537
10.7,0.0931071184886112
10.71,0.0946350104399474
10.72,0.0961809209852331
10.73,0.0977448450529948
10.74,0.0993267729341894
10.75,0.10092668938743
10.76,0.102544574881943
10.77,0.104180404075224
10.78,0.105834145299939
10.79,0.107505761845145
10.8,0.109195211901305
10.81,0.110902449706624
10.82,0.112627421936539
10.83,0.114370070666828
10.84,0.116130332571372
10.85,0.117908140817774
10.86,0.119703421668479
10.87,0.121516096312586
10.88,0.123346080934969
10.89,0.125193287355511
10.9,0.127057622835172
10.91,0.128938988277289
10.92,0.130837280218618
10.93,0.132752390390396
10.94,0.134684207472848
10.95,0.136632613309927
10.96,0.138597485856093
10.97,0.140578698482839
10.98,0.142576121099908
10.99,0.144589618783949
11,0.146619051855625
11.01,0.148664276725487
11.02,0.150725145883686
11.03,0.152801508479053
11.04,0.154893208972984
11.05,0.157000088339915
11.06,0.159121984071717
11.07,0.161258730003553
11.08,0.163410156462792
11.09,0.165576090453329
11.1,0.167756355764854
11.11,0.16995077294627
11.12,0.172159159492574
11.13,0.174381330036894
11.14,0.176617096308042
11.15,0.178866267227315
11.16,0.18112864911069
11.17,0.183404045913976
11.18,0.185692258945782
11.19,0.187993087257844
11.2,0.190306327780099
11.21,0.192631775324505
11.22,0.194969222656062
11.23,0.197318460678107
11.24,0.19967927847073
11.25,0.20205146348322
11.26,0.204434801577986
11.27,0.206829076973844
11.28,0.209234072530258
11.29,0.21164956994808
11.3,0.214075349679458
11.31,0.216511190911712
11.32,0.2189568717767
11.33,0.221412169701781
11.34,0.223876861200159
11.35,0.226350721996374
11.36,0.228833527124924
11.37,0.231325051191965
11.38,0.233825068306289
11.39,0.236333352168466
11.4,0.238849676122574
11.41,0.241373813474378
11.42,0.2439055373862
11.43,0.246444620846885
11.44,0.248990836380445
11.45,0.251543957354599
11.46,0.254103757061339
11.47,0.256670008848554
11.48,0.25924248517786
11.49,0.261820960299339
11.5,0.264405208291387
11.51,0.266995003770877
11.52,0.269590123287455
11.53,0.272190342451446
11.54,0.274795438221569
11.55,0.277405188393186
11.56,0.280019369387077
11.57,0.282637760967993
11.58,0.285260142933867
11.59,0.287886296016312
11.6,0.290516001774035
11.61,0.293149042955554
11.62,0.295785203357988
11.63,0.298424267913094
11.64,0.301066022027474
11.65,0.303710252886171
11.66,0.306356748864747
11.67,0.309005299528783
11.68,0.311655695697403
11.69,0.314307729551861
11.7,0.316961194718777
11.71,0.319615886243021
11.72,0.322271600253254
11.73,0.324928133757611
11.74,0.32758528625457
11.75,0.330242858327573
11.76,0.332900652107435
11.77,0.335558471532604
11.78,0.338216121837666
11.79,0.34087341000555
11.8,0.343530144693497
11.81,0.34618613494222
11.82,0.348841192659336
11.83,0.351495131151427
11.84,0.354147765294732
11.85,0.356798911428812
11.86,0.359448387634211
11.87,0.362096013783417
11.88,0.364741611380903
11.89,0.367385003631574
11.9,0.370026015455603
11.91,0.372664473536325
11.92,0.375300206303552
11.93,0.377933043834465
11.94,0.380562817392169
11.95,0.383189360851349
11.96,0.385812509529144
11.97,0.388432100518272
11.98,0.391047972507929
11.99,0.393659965182749
12,0.396267921138214
12.01,0.398871684272129
12.02,0.401471100232031
12.03,0.404066016324552
12.04,0.406656281264616
12.05,0.409241746021425
12.06,0.411822263097724
12.07,0.414397686730521
12.08,0.416967872808357
12.09,0.419532678685076
12.1,0.422091963843407
12.11,0.424645589317752
12.12,0.427193417853145
12.13,0.429735313722309
12.14,0.432271142390151
12.15,0.434800771791794
12.16,0.4373240711976
12.17,0.439840911522946
12.18,0.442351165230185
12.19,0.444854706185037
12.2,0.447351410229426
12.21,0.449841154654011
12.22,0.452323818336028
12.23,0.45479928179283
12.24,0.457267427247275
12.25,0.459728138270399
12.26,0.462181300092808
12.27,0.464626799507463
12.28,0.467064524746825
12.29,0.469494365376003
12.3,0.471916212867039
12.31,0.474329960043042
12.32,0.476735501226447
12.33,0.479132732075716
12.34,0.481521548989868
12.35,0.48390185086501
12.36,0.486273537590268
12.37,0.488636510443285
12.38,0.490990672092935
12.39,0.493335926891518
12.4,0.495672180135829
12.41,0.497999338625723
12.42,0.50031731049933
12.43,0.502626005220462
12.44,0.504925334526212
12.45,0.507215210407779
12.46,0.509495546507108
12.47,0.511766257846771
12.48,0.514027260779889
12.49,0.516278471614307
12.5,0.518519809115836
12.51,0.520751193262154
12.52,0.522972545006032
12.53,0.52518378647669
12.54,0.527384841550576
12.55,0.52957563496292
12.56,0.531756092370579
12.57,0.533926140783865
12.58,0.536085708369413
12.59,0.538234724126352
12.6,0.540373118178716
12.61,0.54250082207265
12.62,0.544617768255339
12.63,0.546723890229947
12.64,0.54881912274774
12.65,0.550903401746098
12.66,0.552976663767008
12.67,0.555038846571102
12.68,0.557089888933243
12.69,0.559129730654461
12.7,0.561158313451357
12.71,0.563175578856495
12.72,0.565181469853809
12.73,0.567175930430891
12.74,0.569158905570623
12.75,0.571130340526313
12.76,0.57309018184084
12.77,0.575038377367907
12.78,0.576974875594269
12.79,0.578899625890838
12.8,0.580812578648125
12.81,0.582713685536823
12.82,0.584602898399889
12.83,0.586480170226868
12.84,0.58834545486341
12.85,0.590198707000755
12.86,0.592039882171477
12.87,0.59386893672635
12.88,0.595685827831784
12.89,0.597490513458735
12.9,0.599282952371655
12.91,0.601063103878574
12.92,0.602830927990658
12.93,0.604586385808965
12.94,0.606329438987877
12.95,0.60806004989088
12.96,0.609778181736858
12.97,0.611483800205377
12.98,0.613176869303192
12.99,0.61485735470592
13,0.616525222845924
13.01,0.618180440908111
13.02,0.619822975793671
13.03,0.621452795818805
13.04,0.623069870255075
13.05,0.624674168750279
13.06,0.626265661595592
13.07,0.627844319923912
13.08,0.629410115845414
13.09,0.63096302143241
13.1,0.632503009680834
13.11,0.63403005421957
13.12,0.635544129303049
13.13,0.637045209582236
13.14,0.638533270571694
13.15,0.640008288300198
13.16,0.641470239371005
13.17,0.642919100962246
13.18,0.644354851247558
13.19,0.645777468812155
13.2,0.64718693239691
13.21,0.64858322155617
13.22,0.649966316400021
13.23,0.651336197587251
13.24,0.652692846318357
13.25,0.654036244542478
13.26,0.655366374625316
13.27,0.656683219310139
13.28,0.657986761967773
13.29,0.659276986486113
13.3,0.660553877263722
13.31,0.661817419203466
13.32,0.66306759814876
13.33,0.664304400136873
13.34,0.665527811489603
13.35,0.66673781920426
13.36,0.66793441077048
13.37,0.669117574165068
13.38,0.670287297846802
13.39,0.671443570625298
13.4,0.672586381883324
13.41,0.673715721503499
13.42,0.674831579783372
13.43,0.675933947471306
13.44,0.67702281576098
13.45,0.678098176285874
13.46,0.679160021754106
13.47,0.680208344711198
13.48,0.681243138061963
13.49,0.682264395321265
13.5,0.68327211044119
13.51,0.684266277807035
13.52,0.685246892233326
13.53,0.686213948509615
13.54,0.687167442309398
13.55,0.68810736970236
13.56,0.689033727063242
13.57,0.689946511159653
13.58,0.690845719147081
13.59,0.691731348563923
13.6,0.692603398751774
13.61,0.693461867827557
13.62,0.694306754529446
13.63,0.695138058224705
13.64,0.695955778687045
13.65,0.696759916094562
13.66,0.697550471027634
13.67,0.698327443090248
13.68,0.699090833942632
13.69,0.699840645234279
13.7,0.700576878817866
13.71,0.701299536893964
13.72,0.702008622006325
13.73,0.702704137037166
13.74,0.70338608673031
13.75,0.704054474202934
13.76,0.704709303510706
13.77,0.705350579174158
13.78,0.705978306074732
13.79,0.706592489452813
13.8,0.707193134905749
13.81,0.707780248173022
13.82,0.70835383563421
13.83,0.708913903913771
13.84,0.709460459973427
13.85,0.709993511115947
13.86,0.710513064982812
13.87,0.711019129550454
13.88,0.711511712892585
13.89,0.711990823748257
13.9,0.712456471049292
13.91,0.712908664048426
13.92,0.713347412316593
13.93,0.713772725740209
13.94,0.714184614545969
13.95,0.714583089871464
13.96,0.714968162243982
13.97,0.715339842879582
13.98,0.715698143309081
13.99,0.716043075376085
14,0.716374651235009
14.01,0.716692883349093
14.02,0.716997784540365
14.03,0.717289367972769
14.04,0.717567646979633
14.05,0.717832635263822
14.06,0.718084346830334
14.07,0.718322795984495
14.08,0.718547997330163
14.09,0.71875996576793
14.1,0.718958716489694
14.11,0.71914426498372
14.12,0.719316627030448
14.13,0.719475818698551
14.14,0.719621856344331
14.15,0.719754756609915
14.16,0.719874536421448
14.17,0.719981212995127
14.18,0.720074804287884
14.19,0.720155327852578
14.2,0.720222801801304
14.21,0.720277244530392
14.22,0.720318674719128
14.23,0.720347111328483
14.24,0.720362573599842
14.25,0.720365081062456
14.26,0.720354653532452
14.27,0.720331311076054
14.28,0.720295074048005
14.29,0.720245963077684
14.3,0.72018399906787
14.31,0.720109203193494
14.32,0.720021596900406
14.33,0.719921201764908
14.34,0.719808039743292
14.35,0.719682133109267
14.36,0.719543504344936
14.37,0.719392176192573
14.38,0.719228171653135
14.39,0.719051513984772
14.4,0.718862226701326
14.41,0.718660333943951
14.42,0.718445859568209
14.43,0.718218827896397
14.44,0.717979263510898
14.45,0.717727191250032
14.46,0.71746263620698
14.47,0.717185623728711
14.48,0.716896179477874
14.49,0.716594329454513
14.5,0.716280099682441
14.51,0.715953516545375
14.52,0.715614606679597
14.53,0.715263396973107
14.54,0.714899914564778
14.55,0.71452418684351
14.56,0.714136241360052
14.57,0.71373610577694
14.58,0.713323808344843
14.59,0.712899377397196
14.6,0.712462841507184
14.61,0.712014229486575
14.62,0.711553570384534
14.63,0.71108089348645
14.64,0.710596228331087
14.65,0.710099604723797
14.66,0.709591052625132
14.67,0.709070602264031
14.68,0.70853828410111
14.69,0.707994128827563
14.7,0.707438167364058
14.71,0.706870430859631
14.72,0.70629095081127
14.73,0.705699759187467
14.74,0.705096887627154
14.75,0.704482368254244
14.76,0.703856233424814
14.77,0.703218515726498
14.78,0.702569247977899
14.79,0.701908463227993
14.8,0.701236194709497
14.81,0.700552475778058
14.82,0.699857340248228
14.83,0.699150822055256
14.84,0.698432955358024
14.85,0.697703774538245
14.86,0.696963314199675
14.87,0.696211609167292
14.88,0.695448694371639
14.89,0.694674604662392
14.9,0.693889375735104
14.91,0.693093043214045
14.92,0.692285642930727
14.93,0.691467210922547
14.94,0.690637783431439
14.95,0.68979739690254
14.96,0.688946088100427
14.97,0.68808389433879
14.98,0.687210852427875
14.99,0.686326999696906
15,0.685432373682487
15.01,0.684527012127861
15.02,0.683610952982149
15.03,0.682684234399605
15.04,0.681746894830103
15.05,0.680798973233793
15.06,0.679840508175078
15.07,0.678871538691737
15.08,0.677892104032038
15.09,0.67690224365447
15.1,0.675901997227496
15.11,0.674891404629321
15.12,0.673870505843067
15.13,0.672839340625283
15.14,0.671797949684878
15.15,0.670746373609159
15.16,0.669684653174677
15.17,0.668612829345756
15.18,0.667530943272991
15.19,0.666439036211392
15.2,0.66533714958616
15.21,0.664225325131116
15.22,0.663103604687958
15.23,0.661972030271479
15.24,0.66083064406771
15.25,0.659679488432079
15.26,0.658518606688387
15.27,0.657348041604745
15.28,0.656167836030575
15.29,0.654978033217656
15.3,0.653778676612261
15.31,0.652569809855412
15.32,0.651351476781952
15.33,0.650123721288074
15.34,0.648886587651878
15.35,0.647640120270676
15.36,0.646384363733886
15.37,0.645119362823014
15.38,0.643845162408693
15.39,0.642561806851519
15.4,0.641269341831139
15.41,0.63996781275292
15.42,0.638657265200509
15.43,0.637337744935801
15.44,0.636009297716564
15.45,0.634671969066711
15.46,0.633325805522774
15.47,0.631970853429627
15.48,0.630607159298124
15.49,0.62923476980507
15.5,0.627853731924593
15.51,0.626464092881696
15.52,0.625065899762786
15.53,0.623659199970255
15.54,0.622244041078222
15.55,0.620820470832549
15.56,0.619388537274618
15.57,0.617948288595184
15.58,0.616499773013068
15.59,0.615043039003863
15.6,0.61357813521885
15.61,0.612105110485003
15.62,0.610624013109647
15.63,0.609134892051552
15.64,0.607637796760959
15.65,0.606132776579178
15.66,0.604619881006015
15.67,0.603099159699792
15.68,0.601570661645709
15.69,0.600034436858325
15.7,0.598490535484258
15.71,0.596939007644217
15.72,0.595379903602353
15.73,0.59381327376628
15.74,0.59223916909769
15.75,0.590657640346058
15.76,0.589068738311423
15.77,0.587472514070195
15.78,0.585869018850623
15.79,0.58425830403279
15.8,0.582640421327769
15.81,0.581015422483324
15.82,0.579383359301578
15.83,0.577744283816998
15.84,0.576098248220058
15.85,0.574445304857249
15.86,0.572785505552689
15.87,0.571118902530705
15.88,0.569445548813513
15.89,0.567765497166815
15.9,0.566078800493979
15.91,0.564385511836058
15.92,0.56268568388164
15.93,0.560979369452282
15.94,0.559266622228299
15.95,0.55754749562804
15.96,0.555822043191893
15.97,0.554090318582301
15.98,0.552352375814644
15.99,0.550608269144922
16,0.548858052446384
16.01,0.54710177996778
16.02,0.545339506088799
16.03,0.543571285320087
16.04,0.541797172385646
16.05,0.540017222242831
16.0599999999999,0.538231489714557
16.07,0.53644002987876
16.08,0.534642897948334
16.09,0.532840149271065
16.1,0.531031839031658
16.11,0.529218021837157
16.12,0.52739875387446
16.13,0.525574090825263
16.14,0.52374408848726
16.15,0.521908802774142
16.16,0.520068289514059
16.17,0.518222603784266
16.1799999999999,0.51637180235882
16.19,0.514515941447774
16.2,0.512655077362717
16.21,0.510789266516713
16.22,0.508918565424332
16.23,0.507043031196823
16.24,0.505162720764717
16.25,0.50327769080162
16.26,0.501387998346529
16.27,0.499493700549829
16.28,0.497594854673294
16.29,0.495691518089314
16.3,0.493783748166405
16.3099999999999,0.491871602553976
16.32,0.489955138945015
16.33,0.488034415142676
16.34,0.486109489060208
16.35,0.484180418720995
16.36,0.482247261699066
16.37,0.480310075482819
16.38,0.478368918828927
16.39,0.476423850005326
16.4,0.474474927373476
16.41,0.472522209388364
16.42,0.470565754598505
16.4299999999999,0.468605620739485
16.44,0.466641866722266
16.45,0.464674551378694
16.46,0.462703733482252
16.47,0.460729471887744
16.48,0.458751825531323
16.49,0.456770853556026
16.5,0.454786615511686
16.51,0.452799170358023
16.52,0.450808577434688
16.53,0.448814896169382
16.54,0.446818186077853
16.55,0.444818506763896
16.5599999999999,0.442815917849816
16.57,0.440810479100581
16.58,0.438802250398977
16.59,0.436791291686724
16.6,0.434777662992433
16.61,0.432761424431636
16.62,0.430742636206715
16.63,0.428721357585342
16.64,0.426697649286439
16.65,0.424671571721362
16.66,0.42264318529466
16.67,0.420612550486165
16.6799999999999,0.418579727850997
16.69,0.416544777848511
16.7,0.414507760056899
16.71,0.412468735810585
16.72,0.410427765803916
16.73,0.408384910792818
16.74,0.406340231594721
16.75,0.404293789088613
16.76,0.402245644391974
16.77,0.400195858762523
16.78,0.39814449312254
16.79,0.396091608658584
16.8,0.394037266623861
16.8099999999999,0.391981528338223
16.82,0.389924455188156
16.83,0.3878661088592
16.84,0.385806550922023
16.85,0.383745842913015
16.86,0.381684046533038
16.87,0.379621223553451
16.88,0.377557435816162
16.89,0.375492745233613
16.9,0.373427212566734
16.91,0.371360900276094
16.92,0.369293870425312
16.9299999999999,0.367226185034714
16.94,0.365157906181246
16.95,0.363089095998514
16.96,0.361019816588359
16.97,0.358950129565138
16.98,0.356880097463575
16.99,0.354809782517868
17,0.35273924700631
17.01,0.350668553251275
17.02,0.348597763910507
17.03,0.346526941594224
17.04,0.344456148689755
17.05,0.342385447798606
17.0599999999999,0.340314901576208
17.07,0.338244572731901
17.08,0.336174524933094
17.09,0.334104820689405
17.1,0.332035523013287
17.11,0.3299666949994
17.12,0.327898399811905
17.13,0.325830700499738
17.14,0.323763660044923
17.15,0.321697341935207
17.16,0.319631809515755
17.17,0.317567126191815
17.1799999999999,0.315503355428715
17.19,0.313440559190917
17.2,0.311378801124521
17.21,0.309318144810622
17.22,0.307258653587132
17.23,0.305200390817676
17.24,0.303143420163401
17.25,0.301087806238718
17.26,0.299033612047145
17.27,0.296980901318279
17.28,0.294929737833455
17.29,0.292880185425749
17.3,0.290832309059302
17.3099999999999,0.288786173127185
17.32,0.286741841474383
17.33,0.28469937847574
17.34,0.282658848589639
17.35,0.280620316323845
17.36,0.278583845436974
17.37,0.2765495009559
17.38,0.274517347521045
17.39,0.272487449841069
17.4,0.270459872692874
17.41,0.268434680528457
17.42,0.26641193767914
17.4299999999999,0.264391709192751
17.44,0.262374059853123
17.45,0.260359054482012
17.46,0.258346759121683
17.47,0.2563372385332
17.48,0.254330557908207
17.49,0.252326782574464
17.5,0.250325978452214
17.51,0.248328212055884
17.52,0.246333548792251
17.53,0.244342054708493
17.54,0.242353795975701
17.55,0.24036883855141
17.5599999999999,0.238387248852234
17.57,0.236409093358296
17.58,0.234434438625743
17.59,0.232463351005352
17.6,0.230495896410308
17.61,0.228532141877864
17.62,0.226572154101042
17.63,0.224615999848752
17.64,0.222663746631207
17.65,0.220715461468073
17.66,0.218771211456009
17.67,0.216831063907461
17.6799999999999,0.214895086787479
17.69,0.212963349715586
17.7,0.211035919920882
17.71,0.20911286580898
17.72,0.20719425596762
17.73,0.205280159866388
17.74,0.203370646678194
17.75,0.20146578561369
17.76,0.199565646268793
17.77,0.197670298334908
17.78,0.195779811099692
17.79,0.193894254816708
17.8,0.192013699634028
17.8099999999999,0.190138215700623
17.82,0.188267873215705
17.83,0.186402742812237
17.84,0.18454289515696
17.85,0.18268840228664
17.86,0.180839335753975
17.87,0.178995767028705
17.88,0.177157768107304
17.89,0.175325413439473
17.9,0.173498775326488
17.91,0.171677927248084
17.92,0.16986294307004
17.9299999999999,0.168053897106278
17.94,0.166250863890132
17.95,0.164453918364612
17.96,0.162663135518908
17.97,0.1608785906499
17.98,0.15910035970665
17.99,0.157328518816966
18,0.155563145181398
18.01,0.153804315761852
18.02,0.152052107899656
18.03,0.150306599569152
18.04,0.148567871054994
18.05,0.146836000808841
18.0599999999999,0.145111068552746
18.07,0.143393154929277
18.08,0.14168234170998
18.09,0.139978710120784
18.1,0.138282342364954
18.11,0.136593321235245
18.12,0.134911730082845
18.13,0.133237652800027
18.14,0.131571174288002
18.15,0.129912380119374
18.16,0.128261356134892
18.17,0.126618189250156
18.1799999999999,0.124982967153764
18.19,0.123355777913885
18.2,0.121736710602805
18.21,0.120125855128402
18.22,0.118523301861316
18.23,0.116929142468678
18.24,0.115343469857685
18.25,0.113766376987167
18.26,0.112197958429161
18.27,0.110638310326582
18.28,0.109087528771607
18.29,0.107545711158129
18.3,0.106012955803185
18.3099999999999,0.10448936202937
18.32,0.102975029794899
18.33,0.101470059216853
18.34,0.0999745522179587
18.35,0.0984886114065013
18.36,0.0970123407917833
18.37,0.0955458446697704
18.38,0.0940892290587514
18.39,0.0926426036603314
18.4,0.0912060763624629
18.41,0.0897797574722552
18.42,0.088363759836766
18.4299999999999,0.0869581962633324
18.44,0.085563180945148
18.45,0.0841788255871577
18.46,0.082805246839164
18.47,0.081442560748059
18.48,0.0800908794432747
18.49,0.0787503205124745
18.5,0.07742100062446
18.51,0.0761030395099447
18.52,0.074796555771997
18.53,0.0735016719843978
18.54,0.0722185140412742
18.55,0.0709472065575285
18.5599999999999,0.0696878733902717
18.57,0.0684406423594835
18.58,0.067205636550266
18.59,0.0659829748743423
18.6,0.064772781931172
18.61,0.0635751742649267
18.62,0.0623902715041366
18.63,0.0612181948835185
18.64,0.0600590689312697
18.65,0.0589130132840763
18.66,0.0577801587500623
18.67,0.0566606302063166
18.6799999999999,0.0555545496158628
18.69,0.0544620327156575
18.7,0.0533832028199024
18.71,0.0523181549253573
18.72,0.0512669992734498
18.73,0.0502298386697584
18.74,0.0492067745089804
18.75,0.0481979018368499
18.76,0.0472033263468692
18.77,0.0462231418391564
18.78,0.0452574408819103
18.79,0.0443063108088102
18.8,0.0433698402323579
18.8099999999999,0.0424480810685211
18.82,0.04154110138136
18.83,0.0406489586723806
18.84,0.0397717050164356
18.85,0.038909383293867
18.86,0.0380620323829544
18.87,0.037229683689827
18.88,0.0364123595744139
18.89,0.0356100696714143
18.9,0.0348228222390063
18.91,0.0340506058000177
18.92,0.0332934052419931
18.9299999999999,0.0325511952407397
18.94,0.0318239361467342
18.95,0.0311115824093862
18.96,0.0304140754642043
18.97,0.0297313467017927
18.98,0.0290633176982441
18.99,0.0284098973455598
19,0.027770985658517
19.01,0.0271464710421504
19.02,0.0265362309484546
19.03,0.0259401325601697
19.04,0.0253580338181644
19.05,0.0247897807672818
19.0599999999999,0.0242352108977343
19.07,0.0236941538576176
19.08,0.0231664262921395
19.09,0.0226518414237979
19.1,0.0221502017794029
19.11,0.0216612997334488
19.12,0.0211849296782356
19.13,0.020720869365063
19.14,0.0202688950762161
19.15,0.0198287826074108
19.16,0.0194002934402388
19.17,0.0189831942121164
19.1799999999999,0.0185772448446996
19.19,0.0181821975900491
19.2,0.0177978155863981
19.21,0.0174238468197139
19.22,0.0170600435757279
19.23,0.0167061638635378
19.24,0.0163619548950026
19.25,0.0160271720914716
19.26,0.0157015721763521
19.27,0.0153849106856015
19.28,0.0150769469222866
19.29,0.0147774431781023
19.3,0.0144861648336805
19.3099999999999,0.0142028786589492
19.32,0.0139273573915216
19.33,0.0136593764775194
19.34,0.0133987147199052
19.35,0.0131451564995337
19.36,0.012898489840943
19.37,0.0126585077260813
19.38,0.0124250083124127
19.39,0.0121977936202217
19.4,0.0119766718672042
19.41,0.0117614559500992
19.42,0.0115519626831731
19.4299999999999,0.011348015449191
19.44,0.0111494416591896
19.45,0.0109560734406062
19.46,0.0107677488023714
19.47,0.0105843098492846
19.48,0.0104056035070959
19.49,0.0102314819887249
19.5,0.0100618015963069
19.51,0.00989642336284878
19.52,0.00973521311694909
19.53,0.00957804052869254
19.54,0.00942477980194105
19.55,0.0092753094777708
19.5599999999999,0.00912951170204813
19.57,0.00898727283254812
19.58,0.00884848308120396
19.59,0.00871303619811117
19.6,0.0085808296627258
19.61,0.00845176442894335
19.62,0.00832574481282735
19.63,0.00820267842628518
19.64,0.00808247604140288
19.65,0.00796505145098733
19.66,0.00785032143443671
19.67,0.00773820559304948
19.6799999999999,0.00762862628804281
19.69,0.00752150867531196
19.7,0.00741678023528086
19.71,0.00731437094537368
19.72,0.00721421322058334
19.73,0.00711624197763232
19.74,0.00702039391417059
19.75,0.00692660792513807
19.76,0.00683482533712636
19.77,0.00674498986049368
19.78,0.00665704626308856
19.79,0.00657094147471519
19.8,0.00648662418319872
19.8099999999999,0.00640404474532733
19.82,0.00632315509292751
19.83,0.0062439086677668
19.84,0.00616626092847386
19.85,0.00609016857487942
19.86,0.00601558940427791
19.87,0.00594248267767336
19.88,0.00587080924714829
19.89,0.00580053094754247
19.9,0.00573161074035304
19.91,0.00566401273200149
19.92,0.00559770308962177
19.9299999999999,0.00553264800716827
19.94,0.00546881493460876
19.95,0.00540617232850981
19.96,0.00534469004580787
19.97,0.00528433884375397
19.98,0.00522508991646839
19.99,0.00516691552170648
20,0.00510978878509847
20.01,0.0050536838506836
20.02,0.00499857526888459
20.03,0.00494443842491507
20.04,0.00489124937497886
20.05,0.00483898539519408
20.0599999999999,0.00478762385527133
20.07,0.00473714283216698
20.08,0.0046875210280576
20.09,0.00463873810714063
20.1,0.00459077436174196
20.11,0.00454361018075196
20.12,0.00449722669894863
20.13,0.00445160561579466
20.14,0.00440672939936691
20.15,0.00436258064606575
20.16,0.00431914255334369
20.17,0.00427639876805114
20.1799999999999,0.00423433341540905
20.19,0.00419293098931032
20.2,0.00415217637885459
20.21,0.00411205484957158
20.22,0.00407255221159792
20.23,0.00403365469805176
20.24,0.00399534862877857
20.25,0.00395762077026752
20.26,0.00392045827347158
20.27,0.00388384905338685
20.28,0.00384778076666866
20.29,0.00381224159626134
20.3,0.00377722003041825
20.3099999999999,0.00374270485721563
20.32,0.00370868514458928
20.33,0.00367515023084512
20.34,0.00364208971643715
20.35,0.00360949341513261
20.36,0.00357735128364487
20.37,0.00354565363227585
20.38,0.00351439092067338
20.39,0.0034835537977003
20.4,0.00345313361944637
20.41,0.00342312147665987
20.42,0.00339350871459547
20.4299999999999,0.00336428692901498
20.44,0.00333544795031223
20.45,0.00330698383759894
20.46,0.00327888674531182
20.47,0.00325114904448565
20.48,0.00322376327967
20.49,0.00319672216647388
20.5,0.00317001857801976
20.51,0.00314364554436116
20.52,0.00311759624506046
20.53,0.00309186387806662
20.54,0.00306644175692747
20.55,0.00304132343507043
20.5599999999999,0.00301650250661521
20.57,0.0029919727061548
20.58,0.00296772830333077
20.59,0.00294376313439891
20.6,0.0029200713436619
20.61,0.0028966471851726
20.62,0.00287348506686282
20.63,0.00285057948162
20.64,0.00282792500651984
20.65,0.00280551633349592
20.66,0.00278334820310017
20.67,0.00276141528157457
20.6799999999999,0.00273971254183412
20.69,0.00271823493631502
20.7,0.00269697747863239
20.71,0.00267593540782823
20.72,0.00265510389085024
20.73,0.00263447815678093
20.74,0.00261405351715603
20.75,0.00259382538097858
20.76,0.0025737892673244
20.77,0.00255394065429227
20.78,0.00253427511724085
20.79,0.00251478828639757
20.8,0.00249547582248957
20.8099999999999,0.00247633345814403
20.82,0.00245735696517975
20.83,0.00243854215808244
20.84,0.00241988489426203
20.85,0.00240138107014924
20.86,0.00238302661543717
20.87,0.00236481749457991
20.88,0.00234674970663089
20.89,0.00232881933925799
20.9,0.00231102245395133
20.91,0.00229335516483102
20.92,0.00227581362525725
20.9299999999999,0.00225839402631808
20.94,0.00224109257916754
20.95,0.00222390553002206
20.96,0.00220682915876717
20.97,0.00218985977130883
20.98,0.00217299370212905
20.99,0.0021562273233171
21,0.00213955706771355
21.01,0.00212297936107925
21.02,0.00210649067472256
21.03,0.00209008753807133
21.04,0.00207376651133295
21.05,0.00205752417975554
21.0599999999999,0.00204135717515876
21.07,0.00202526218616491
21.08,0.0020092359266152
21.09,0.00199327515968898
21.1,0.00197737670749765
21.11,0.00196153745213861
21.12,0.00194575430602284
21.13,0.00193002424366065
21.14,0.00191434434227274
21.15,0.00189871170716809
21.16,0.00188312351415023
21.17,0.00186757702018839
21.1799999999999,0.00185206958247063
21.19,0.00183659860684564
21.2,0.00182116159390937
21.21,0.00180575614724933
21.22,0.00179037996056048
21.23,0.00177503081736456
21.24,0.00175970660841935
21.25,0.0017444053547338
21.26,0.00172912516547386
21.27,0.00171386427511486
21.28,0.001698621045318
21.29,0.001683393969397
21.3,0.00166818166448935
21.3099999999999,0.0016529828880605
21.32,0.00163779653206698
21.33,0.00162262163910215
21.34,0.00160745740094444
21.35,0.00159230315708129
21.36,0.00157715838470969
21.37,0.00156202274392021
21.38,0.00154689604970447
21.39,0.00153177825333971
21.4,0.00151666947785892
21.41,0.00150157002977298
21.42,0.00148648037418317
21.4299999999999,0.00147140107819497
21.44,0.00145633294763661
21.45,0.00144127693351258
21.46,0.001426234121498
21.47,0.00141120573231141
21.48,0.00139619320273579
21.49,0.00138119810867928
21.5,0.00136622209706276
21.51,0.00135126702933479
21.52,0.00133633490636527
21.53,0.00132142784884134
21.54,0.00130654804694707
21.55,0.00129169787326093
21.5599999999999,0.00127687978844697
21.57,0.0012620963423445
21.58,0.00124735020074927
21.59,0.0012326441119626
21.6,0.00121798090210514
21.61,0.00120336348135499
21.62,0.00118879481363745
21.63,0.00117427790320525
21.64,0.00115981582489144
21.65,0.0011454116692413
21.66,0.0011310685395199
21.67,0.00111678957312963
21.6799999999999,0.00110257790726652
21.69,0.00108843667609691
21.7,0.00107436899872433
21.71,0.00106037798514066
21.72,0.00104646671956873
21.73,0.00103263824228188
21.74,0.00101889555230421
21.75,0.0010052415959909
21.76,0.000991679258718565
21.77,0.000978211365656704
21.78,0.000964840663657628
21.79,0.000951569813600565
21.8,0.000938401430123916
21.8099999999999,0.00092533802007179
21.82,0.000912381992024131
21.83,0.000899535670610227
21.84,0.000886801270857844
21.85,0.000874180899783744
21.86,0.000861676573058167
21.87,0.000849290176118816
21.88,0.000837023479356136
21.89,0.000824878202917066
21.9,0.000812855895454478
21.91,0.000800958009069409
21.92,0.00078918590694316
21.9299999999999,0.000777540816273489
21.94,0.000766023857646893
21.95,0.000754636041909195
21.96,0.000743378260817711
21.97,0.000732251296804266
21.98,0.000721255849217346
21.99,0.000710392479116366
22,0.000699661653091871
22.01,0.00068906376839215
22.02,0.000678599089759385
22.03,0.000668267796941788
22.04,0.000658069985019604
22.05,0.000648005649794094
22.0599999999999,0.0006380747018043
22.07,0.000628276967900916
22.08,0.000618612189957693
22.09,0.000609080031183297
22.1,0.000599680091829937
22.11,0.000590411886552545
22.12,0.000581274865397431
22.13,0.000572268422813938
22.14,0.000563391882657392
22.15,0.000554644513335064
22.16,0.000546025522849545
22.17,0.000537534071660136
22.1799999999999,0.00052916926895315
22.19,0.000520930171005821
22.2,0.00051281579572121
22.21,0.000504825117742485
22.22,0.000496957074785049
22.23,0.000489210568222297
22.24,0.000481584467352186
22.25,0.00047407760980207
22.26,0.000466688807027008
22.27,0.000459416847270469
22.28,0.000452260489690978
22.29,0.000445218469660524
22.3,0.000438289511688288
22.3099999999999,0.000431472317842729
22.32,0.000424765569122944
22.33,0.000418167940801251
22.34,0.000411678094375858
22.35,0.000405294683712215
22.36,0.000399016354290336
22.37,0.000392841747186933
22.38,0.000386769490548041
22.39,0.000380798219378447
22.4,0.000374926565538328
22.41,0.000369153142408912
22.42,0.000363476574350638
22.4299999999999,0.000357895486491611
22.44,0.000352408507324083
22.45,0.000347014268694661
22.46,0.00034171140559184
22.47,0.000336498559717992
22.48,0.000331374379862426
22.49,0.000326337524511814
22.5,0.000321386656674892
22.51,0.000316520434406136
22.52,0.000311737540657561
22.53,0.000307036661899124
22.54,0.000302416493192657
22.55,0.000297875740965627
22.5599999999999,0.000293413122151525
22.57,0.000289027369430761
22.58,0.000284717225588689
22.59,0.000280481447258182
22.6,0.000276318799828463
22.61,0.000272228061195882
22.62,0.000268208028018268
22.63,0.000264257506828417
22.64,0.000260375312269028
22.65,0.000256560279472719
22.66,0.000252811255060537
22.67,0.000249127102703875
22.6799999999999,0.000245506697922956
22.69,0.00024194893209567
22.7,0.000238452710191391
22.71,0.000235016953170835
22.72,0.000231640597708556
22.73,0.000228322592616824
22.74,0.000225061899577682
22.75,0.000221857499121643
22.76,0.000218708384887361
22.77,0.000215613564928263
22.78,0.000212572062508758
22.79,0.000209582915544026
22.8,0.00020664517732999
22.8099999999999,0.000203757916100483
22.82,0.000200920214728408
22.83,0.000198131171282954
22.84,0.000195389893357114
22.85,0.000192695508481155
22.86,0.000190047156832123
22.87,0.000187443991884116
22.88,0.00018488517952341
22.89,0.000182369901849108
22.9,0.000179897353724616
22.91,0.000177466745185924
22.92,0.000175077299139269
22.9299999999999,0.000172728251794514
22.94,0.000170418853028853
22.95,0.000168148364782428
22.96,0.000165916063688428
22.97,0.000163721238983778
22.98,0.000161563190779969
22.99,0.00015944123067854
23,0.000157354684957391
23.01,0.000155302890787358
23.02,0.000153285199478479
23.03,0.00015130097181908
23.04,0.000149349580687892
23.05,0.000147430410557072
23.0599999999999,0.000145542860420601
23.07,0.000143686339642424
23.08,0.000141860267396984
23.09,0.000140064075180378
23.1,0.000138297203045481
23.11,0.000136559099267543
23.12,0.000134849227771643
23.13,0.000133167060489418
23.14,0.000131512079217788
23.15,0.000129883774992082
23.16,0.000128281649039188
23.17,0.000126705211683718
23.1799999999999,0.00012515398239088
23.19,0.000123627496885589
23.2,0.00012212529281443
23.21,0.000120646919125237
23.22,0.000119191934172511
23.23,0.000117759900746953
23.24,0.000116350392225677
23.25,0.000114962991869104
23.26,0.000113597289737276
23.27,0.000112252885054727
23.28,0.000110929385743137
23.29,0.0001096264051546
23.3,0.000108343565172547
23.3099999999999,0.000107080495849334
23.32,0.000105836837749401
23.33,0.000104612234792076
23.34,0.000103406339800996
23.35,0.000102218812899504
23.36,0.000101049313478197
23.37,9.98975168960383e-05
23.38,9.87631018244861e-05
23.39,9.76457531694286e-05
23.4,9.65451620326293e-05
23.41,9.54610259082251e-05
23.42,9.43930476181297e-05
23.4299999999999,9.33409358894032e-05
23.44,9.23044050059693e-05
23.45,9.12831764373982e-05
23.46,9.02769811853443e-05
23.47,8.92855489559999e-05
23.48,8.83086176048992e-05
23.49,8.73459303517075e-05
23.5,8.63972348606572e-05
23.51,8.54622833947477e-05
23.52,8.45408345831914e-05
23.53,8.36326512156602e-05
23.54,8.2737500756641e-05
23.55,8.18551569194339e-05
23.5599999999999,8.09853975740861e-05
23.57,8.01280038194986e-05
23.58,7.92827618829074e-05
23.59,7.84494623138223e-05
23.6,7.76278972352279e-05
23.61,7.68178646744311e-05
23.62,7.60191668415848e-05
23.63,7.52316090754941e-05
23.64,7.44550002558622e-05
23.65,7.36891598148852e-05
23.66,7.29339032824547e-05
23.67,7.21890517340232e-05
23.6799999999999,7.14544302632449e-05
23.69,7.07298674989631e-05
23.7,7.00151954409756e-05
23.71,6.93102495975134e-05
23.72,6.86148687464194e-05
23.73,6.79288949042174e-05
23.74,6.72521726820732e-05
23.75,6.65845476022983e-05
23.76,6.5925871172946e-05
23.77,6.52759964256239e-05
23.78,6.46347790192954e-05
23.79,6.40020788217228e-05
23.8,6.33777601759759e-05
23.8099999999999,6.27616859591705e-05
23.82,6.21537233630047e-05
23.83,6.15537421170505e-05
23.84,6.09616154286662e-05
23.85,6.03772194973699e-05
23.86,5.98004313311582e-05
23.87,5.92311311464857e-05
23.88,5.86692015684613e-05
23.89,5.81145258641548e-05
23.9,5.75669894039931e-05
23.91,5.70264815489415e-05
23.92,5.64928926800344e-05
23.9299999999999,5.5966115079302e-05
23.94,5.54460443870379e-05
23.95,5.49325776654689e-05
23.96,5.44256127480239e-05
23.97,5.3925049895546e-05
23.98,5.34307911251922e-05
23.99,5.29427430559633e-05
24,5.24608125314482e-05
24.01,5.19849071533978e-05
24.02,5.15149372111166e-05
24.03,5.105081481906e-05
24.04,5.05924510776869e-05
24.05,5.01397608502032e-05
24.0599999999999,4.96926608472239e-05
24.07,4.92510686874568e-05
24.08,4.8814903395823e-05
24.09,4.83840848855812e-05
24.1,4.79585347926565e-05
24.11,4.7538175930808e-05
24.12,4.71229322290478e-05
24.13,4.67127287340605e-05
24.14,4.63074989861018e-05
24.15,4.59071701252019e-05
24.16,4.55116727834334e-05
24.17,4.51209395039257e-05
24.1799999999999,4.47349031462276e-05
24.19,4.43534920383166e-05
24.2,4.39766443019397e-05
24.21,4.36042961485456e-05
24.22,4.32363850110854e-05
24.23,4.28728480685093e-05
24.24,4.25136254060793e-05
24.25,4.21586577170836e-05
24.26,4.18078868439256e-05
24.27,4.14612551579626e-05
24.28,4.1118706648193e-05
24.29,4.07801865400671e-05
24.3,4.04456410663537e-05
24.3099999999999,4.01150152223321e-05
24.32,3.97882549916025e-05
24.33,3.94653099124747e-05
24.34,3.91461292312659e-05
24.35,3.88306623929926e-05
24.36,3.85188584489843e-05
24.37,3.82106697049561e-05
24.38,3.79060483762785e-05
24.39,3.76049477129724e-05
24.4,3.73073235582658e-05
24.41,3.70131303828115e-05
24.42,3.67223244002803e-05
24.4299999999999,3.64348627494066e-05
24.44,3.61506981087076e-05
24.45,3.58697900340991e-05
24.46,3.55920974230537e-05
24.47,3.53175795641111e-05
24.48,3.50461960088288e-05
24.49,3.47779050330193e-05
24.5,3.45126687830382e-05
24.51,3.42504488639857e-05
24.52,3.39912075589408e-05
24.53,3.3734907764126e-05
24.54,3.3481513046305e-05
24.55,3.32309877313606e-05
24.5599999999999,3.29832967781285e-05
24.57,3.27384058194309e-05
24.58,3.2496279206927e-05
24.59,3.22568837826392e-05
24.6,3.20201869268726e-05
24.61,3.17861563307217e-05
24.62,3.15547597953719e-05
24.63,3.13259612845661e-05
24.64,3.10997314900185e-05
24.65,3.08760392488375e-05
24.66,3.06548538566476e-05
24.67,3.04361463724668e-05
24.6799999999999,3.02198892289434e-05
24.69,3.00060527201467e-05
24.7,2.97946088758793e-05
24.71,2.95855302847801e-05
24.72,2.93787870730701e-05
24.73,2.9174352072356e-05
24.74,2.8972199302234e-05
24.75,2.87723024566344e-05
24.76,2.85746356357213e-05
24.77,2.83791721722673e-05
24.78,2.81858873787047e-05
24.79,2.79947564046192e-05
24.8,2.78057548025238e-05
24.8099999999999,2.76188582680673e-05
24.82,2.74340425487553e-05
24.83,2.72512846156541e-05
24.84,2.70705614647274e-05
24.85,2.68918504781377e-05
24.86,2.67151294242498e-05
24.87,2.65403751632264e-05
24.88,2.63675663949672e-05
24.89,2.61966819346789e-05
24.9,2.60277007998253e-05
24.91,2.58606023661158e-05
24.92,2.56953656307699e-05
24.9299999999999,2.55319692675225e-05
24.94,2.53703942093677e-05
24.95,2.52106208415334e-05
24.96,2.5052629865554e-05
24.97,2.48964022992729e-05
24.98,2.47419182330037e-05
24.99,2.45891595593408e-05
25,2.44381081046337e-05
25.01,2.4288745882537e-05
25.02,2.41410551976392e-05
25.03,2.39950181422401e-05
25.04,2.38506168077791e-05
25.05,2.37078346389127e-05
25.0599999999999,2.35666548444061e-05
25.07,2.34270608983532e-05
25.08,2.32890365401801e-05
25.09,2.31525647564798e-05
25.1,2.30176300824961e-05
25.11,2.28842169138226e-05
25.12,2.2752309841669e-05
25.13,2.26218937029141e-05
25.14,2.24929529397463e-05
25.15,2.23654721363368e-05
25.16,2.22394372210947e-05
25.17,2.21148337814698e-05
25.1799999999999,2.19916476299688e-05
25.19,2.1869864804155e-05
25.2,2.1749471275513e-05
25.21,2.16304525169668e-05
25.22,2.15127956929997e-05
25.23,2.1396487543823e-05
25.24,2.12815150168357e-05
25.25,2.11678652666269e-05
25.26,2.10555255932382e-05
25.27,2.09444820619076e-05
25.28,2.08347230958788e-05
25.29,2.07262364602679e-05
25.3,2.06190101072764e-05
25.3099999999999,2.05130321761914e-05
25.32,2.04082909933846e-05
25.33,2.0304773974887e-05
25.34,2.02024700253226e-05
25.35,2.01013679986224e-05
25.36,2.00014567703957e-05
25.37,1.99027253862483e-05
25.38,1.98051630617842e-05
25.39,1.9708758573304e-05
25.4,1.9613501287056e-05
25.41,1.95193810418126e-05
25.42,1.94263875822728e-05
25.4299999999999,1.93345108099538e-05
25.44,1.92437407831904e-05
25.45,1.91540672959205e-05
25.46,1.90654801899413e-05
25.47,1.89779702448028e-05
25.48,1.88915279879197e-05
25.49,1.88061440894574e-05
25.5,1.87218093623332e-05
25.51,1.86385146560396e-05
25.52,1.85562506138935e-05
25.53,1.84750085800512e-05
25.54,1.83947797873744e-05
25.55,1.83155555857695e-05
25.5599999999999,1.82373274403605e-05
25.57,1.81600869296613e-05
25.58,1.80838257437495e-05
25.59,1.80085357663855e-05
25.6,1.79342088902671e-05
25.61,1.78608371323244e-05
25.62,1.77884126283532e-05
25.63,1.7716927618923e-05
25.64,1.7646374447682e-05
25.65,1.75767455596627e-05
25.66,1.75080335447462e-05
25.67,1.74402311030161e-05
25.6799999999999,1.73733309463572e-05
25.69,1.73073259277569e-05
25.7,1.72422089957549e-05
25.71,1.71779731928988e-05
25.72,1.71146116542042e-05
25.73,1.70521176108029e-05
25.74,1.69904845663745e-05
25.75,1.69297058415736e-05
25.76,1.68697749556856e-05
25.77,1.6810685516944e-05
25.78,1.67524312212376e-05
25.79,1.66950058508182e-05
25.8,1.66384032730077e-05
25.8099999999999,1.65826175593608e-05
25.82,1.65276427833225e-05
25.83,1.64734730370209e-05
25.84,1.64201025497551e-05
25.85,1.63675256340804e-05
25.86,1.63157366847832e-05
25.87,1.62647301778532e-05
25.88,1.6214500669498e-05
25.89,1.61650427951926e-05
25.9,1.61163512683143e-05
25.91,1.60684208794426e-05
25.92,1.60212464952359e-05
25.9299999999999,1.59748230574054e-05
25.94,1.59291455816894e-05
25.95,1.58842091568282e-05
25.96,1.58400090242066e-05
25.97,1.57965404022134e-05
25.98,1.57537985949322e-05
25.99,1.57117789900729e-05
26,1.56704770454985e-05
26.01,1.56298882883278e-05
26.02,1.55900083140397e-05
26.03,1.55508328383497e-05
26.04,1.55123576453258e-05
26.05,1.54745784829574e-05
26.0599999999999,1.54374912225852e-05
26.07,1.54010918005794e-05
26.08,1.53653762174934e-05
26.09,1.53303405372163e-05
26.1,1.5295980886127e-05
26.11,1.52622934522483e-05
26.12,1.52292744843993e-05
26.13,1.51969203333428e-05
26.14,1.51652277430475e-05
26.15,1.5134192903832e-05
26.16,1.51038123346609e-05
26.17,1.507408261471e-05
26.1799999999999,1.504500038268e-05
26.19,1.50165623361106e-05
26.2,1.49887652306945e-05
26.21,1.49616058795907e-05
26.22,1.49350811527384e-05
26.23,1.49091879761718e-05
26.24,1.48839236052802e-05
26.25,1.48592849981723e-05
26.26,1.48352692157947e-05
26.27,1.48118734323358e-05
26.28,1.47890948776846e-05
26.29,1.47669308368739e-05
26.3,1.47453786495236e-05
26.3099999999999,1.47244357092843e-05
26.32,1.47040994632809e-05
26.33,1.46843674115559e-05
26.34,1.46652372102925e-05
26.35,1.4646706537971e-05
26.36,1.46287729769467e-05
26.37,1.46114342531528e-05
26.38,1.45946881446527e-05
26.39,1.457853248117e-05
26.4,1.45629651436179e-05
26.41,1.45479840636293e-05
26.42,1.45335872230862e-05
26.4299999999999,1.45197726536503e-05
26.44,1.45065384698716e-05
26.45,1.44938829855958e-05
26.46,1.44818042599719e-05
26.47,1.44703005381489e-05
26.48,1.44593701146614e-05
26.49,1.44490113330456e-05
26.5,1.44392225854547e-05
26.51,1.44300023122744e-05
26.52,1.44213490017391e-05
26.53,1.44132611895471e-05
26.54,1.44057374584766e-05
26.55,1.43987766551042e-05
26.5599999999999,1.43923773722491e-05
26.57,1.43865383210675e-05
26.58,1.43812582914403e-05
26.59,1.43765361206428e-05
26.6,1.43723706930551e-05
26.61,1.43687609398735e-05
26.62,1.43657058388209e-05
26.63,1.4363204413858e-05
26.64,1.43612557348942e-05
26.65,1.4359859014047e-05
26.66,1.43590134568013e-05
26.67,1.43587182158218e-05
26.6799999999999,1.435897255839e-05
26.69,1.43597757979466e-05
26.7,1.43611272938732e-05
26.71,1.43630264512753e-05
26.72,1.43654727207644e-05
26.73,1.43684655982399e-05
26.74,1.43720046246725e-05
26.75,1.43760894263527e-05
26.76,1.43807197760415e-05
26.77,1.43858952399205e-05
26.78,1.43916155492754e-05
26.79,1.43978804804471e-05
26.8,1.44046898546549e-05
26.8099999999999,1.44120435378189e-05
26.82,1.44199414403832e-05
26.83,1.44283835171382e-05
26.84,1.4437369767044e-05
26.85,1.44469002330527e-05
26.86,1.44569750019315e-05
26.87,1.44675942297625e-05
26.88,1.44787584813848e-05
26.89,1.44904677074657e-05
26.9,1.45027221932836e-05
26.91,1.45155222692606e-05
26.92,1.45288683108704e-05
26.9299999999999,1.45427607385443e-05
26.94,1.45572000175783e-05
26.95,1.45721866580397e-05
26.96,1.45877212146746e-05
26.97,1.46038042868137e-05
26.98,1.46204365182798e-05
26.99,1.46376185972944e-05
27,1.46553516702877e-05
27.01,1.46736362863406e-05
27.02,1.46924732609632e-05
27.03,1.47118634874505e-05
27.04,1.47318079054452e-05
27.05,1.47523075009338e-05
27.0599999999999,1.47733633062415e-05
27.07,1.4794976400028e-05
27.08,1.48171479072828e-05
27.09,1.48398789993213e-05
27.1,1.48631708937799e-05
27.11,1.48870248546112e-05
27.12,1.49114424312343e-05
27.13,1.49364249099826e-05
27.14,1.49619736502743e-05
27.15,1.49880901211906e-05
27.16,1.50147758398111e-05
27.17,1.50420323712723e-05
27.1799999999999,1.50698613288265e-05
27.19,1.50982643739001e-05
27.2,1.51272432161515e-05
27.21,1.51567996135305e-05
27.22,1.51869353723365e-05
27.23,1.52176523472764e-05
27.24,1.52489526215847e-05
27.25,1.52808381629093e-05
27.26,1.53133108935225e-05
27.27,1.53463728812673e-05
27.28,1.53800262443182e-05
27.29,1.54142731513009e-05
27.3,1.54491158214111e-05
27.3099999999999,1.54845565245336e-05
27.32,1.55205975813616e-05
27.33,1.55572413635151e-05
27.34,1.5594490293661e-05
27.35,1.56323468456318e-05
27.36,1.56708137951483e-05
27.37,1.57098938993309e-05
27.38,1.57495895734954e-05
27.39,1.5789903532726e-05
27.4,1.58308385469427e-05
27.41,1.5872397441135e-05
27.42,1.59145830955961e-05
27.4299999999999,1.59573984461569e-05
27.44,1.60008464844198e-05
27.45,1.60449302579923e-05
27.46,1.60896528707219e-05
27.47,1.61350174829298e-05
27.48,1.61810274200885e-05
27.49,1.62276861695959e-05
27.5,1.62749968816383e-05
27.51,1.6322962967847e-05
27.52,1.63715878995158e-05
27.53,1.64208752079106e-05
27.54,1.64708284845794e-05
27.55,1.65214513816624e-05
27.5599999999999,1.6572747612201e-05
27.57,1.66247209504489e-05
27.58,1.66773752321801e-05
27.59,1.67307143550009e-05
27.6,1.67847423685226e-05
27.61,1.6839463770258e-05
27.62,1.68948822517634e-05
27.63,1.6951001983434e-05
27.64,1.70078272006031e-05
27.65,1.70653622038988e-05
27.66,1.71236113596004e-05
27.67,1.71825790999949e-05
27.6799999999999,1.72422699237336e-05
27.69,1.7302688396189e-05
27.7,1.736383914981e-05
27.71,1.74257268844804e-05
27.72,1.74883563678745e-05
27.73,1.75517324358126e-05
27.74,1.76158599926198e-05
27.75,1.76807440114806e-05
27.76,1.77463904679941e-05
27.77,1.78128046116156e-05
27.78,1.78799910549052e-05
27.79,1.79479551138555e-05
27.8,1.80167021794771e-05
27.8099999999999,1.80862377182846e-05
27.82,1.81565672727834e-05
27.83,1.82276964619541e-05
27.84,1.82996309817409e-05
27.85,1.83723766055372e-05
27.86,1.84459391846695e-05
27.87,1.85203246488872e-05
27.88,1.85955390068462e-05
27.89,1.8671588346596e-05
27.9,1.87484788360654e-05
27.91,1.88262167235494e-05
27.92,1.89048108762412e-05
27.9299999999999,1.8984265932869e-05
27.94,1.90645884105904e-05
27.95,1.91457849825014e-05
27.96,1.92278624111463e-05
27.97,1.93108275491977e-05
27.98,1.93946873401356e-05
27.99,1.94794488189314e-05
28,1.95651191127264e-05
28.01,1.96517054415136e-05
28.02,1.97392151188185e-05
28.03,1.98276555523796e-05
28.04,1.99170342448296e-05
28.05,2.00073587943761e-05
28.0599999999999,2.00986368954827e-05
28.07,2.019087714327e-05
28.08,2.02840883579993e-05
28.09,2.03782774409305e-05
28.1,2.0473452561816e-05
28.11,2.05696219958308e-05
28.12,2.06667941244284e-05
28.13,2.07649774361912e-05
28.14,2.08641805276836e-05
28.15,2.09644121043044e-05
28.16,2.10656809811398e-05
28.17,2.11679960838156e-05
28.1799999999999,2.12713664493501e-05
28.19,2.1375801227007e-05
28.2,2.14813096791458e-05
28.21,2.15879011820779e-05
28.22,2.16955852269175e-05
28.23,2.18043736475479e-05
28.24,2.19142752451016e-05
28.25,2.20252994180497e-05
28.26,2.21374562337431e-05
28.27,2.2250755885978e-05
28.28,2.23652086960652e-05
28.29,2.24808251139005e-05
28.3,2.25976157190342e-05
28.3099999999999,2.27155912217411e-05
28.32,2.28347624640907e-05
28.33,2.29551404210145e-05
28.34,2.30767362013801e-05
28.35,2.31995610490586e-05
28.36,2.33236263439926e-05
28.37,2.34489436032699e-05
28.38,2.35755253210299e-05
28.39,2.37033868126256e-05
28.4,2.38325370119347e-05
28.41,2.39629881719153e-05
28.42,2.4094752700304e-05
28.4299999999999,2.42278431610532e-05
28.44,2.43622722757706e-05
28.45,2.44980529251533e-05
28.46,2.46351981504307e-05
28.47,2.47737211548001e-05
28.48,2.49136353048624e-05
28.49,2.50549541320641e-05
28.5,2.5197691334133e-05
28.51,2.53418607765163e-05
28.52,2.54874764938183e-05
28.53,2.56345526912393e-05
28.54,2.57831066947649e-05
28.55,2.59331532017676e-05
28.5599999999999,2.60847053497495e-05
28.57,2.62377782321945e-05
28.58,2.63923871334879e-05
28.59,2.65485475307478e-05
28.6,2.67062750956488e-05
28.61,2.68655856962457e-05
28.62,2.70264953988048e-05
28.63,2.71890204696267e-05
28.64,2.73531773768739e-05
28.65,2.75189827923962e-05
28.66,2.76864535935579e-05
28.67,2.78556068650632e-05
28.6799999999999,2.8026459900783e-05
28.69,2.81990302055821e-05
28.7,2.83733413639912e-05
28.71,2.85494070142997e-05
28.72,2.87272455084001e-05
28.73,2.89068754341039e-05
28.74,2.90883156142399e-05
28.75,2.92715851089118e-05
28.76,2.94567032177612e-05
28.77,2.96436894822292e-05
28.78,2.98325636878184e-05
28.79,3.00233458663546e-05
28.8,3.02160562982484e-05
28.8099999999999,3.04107155147575e-05
28.82,3.06073443002491e-05
28.83,3.08059636944574e-05
28.84,3.10065949947522e-05
28.85,3.12092626059896e-05
28.86,3.1413991036419e-05
28.87,3.16207989693966e-05
28.88,3.18297090297014e-05
28.89,3.20407441299753e-05
28.9,3.22539274735484e-05
28.91,3.2469282557264e-05
28.92,3.26868331743034e-05
28.9299999999999,3.29066034170111e-05
28.94,3.31286176797214e-05
28.95,3.3352900661578e-05
28.96,3.35794773693666e-05
28.97,3.38083731203367e-05
28.98,3.40396135450222e-05
28.99,3.42732245900744e-05
29,3.45092325210822e-05
29.01,3.47476728318723e-05
29.02,3.49885690816829e-05
29.03,3.52319474074015e-05
29.04,3.54778360879345e-05
29.05,3.57262637962923e-05
29.0599999999999,3.59772596046822e-05
29.07,3.62308529896017e-05
29.08,3.64870738369254e-05
29.09,3.67459524470059e-05
29.1,3.70075195397621e-05
29.11,3.72718062597672e-05
29.12,3.75388441813496e-05
29.13,3.78086638043807e-05
29.14,3.80812979842914e-05
29.15,3.8356779908133e-05
29.16,3.86351427905894e-05
29.17,3.89164202903784e-05
29.1799999999999,3.92006465149273e-05
29.19,3.94878560250512e-05
29.2,3.97780838396229e-05
29.21,4.00713654402583e-05
29.22,4.03677367759887e-05
29.23,4.06672342679312e-05
29.24,4.09698948139758e-05
29.25,4.12757565587113e-05
29.26,4.15848572565146e-05
29.27,4.18972350528922e-05
29.28,4.22129288707646e-05
29.29,4.25319781393604e-05
29.3,4.28544227991225e-05
29.3099999999999,4.3180303306614e-05
29.32,4.35096606394264e-05
29.33,4.38425363010776e-05
29.34,4.41789723259298e-05
29.35,4.45190112840895e-05
29.36,4.48626962863076e-05
29.37,4.52100806915503e-05
29.38,4.55612098966648e-05
29.39,4.59161258090739e-05
29.4,4.62748753603013e-05
29.41,4.66375062198574e-05
29.42,4.70040668081121e-05
29.4299999999999,4.73746063091672e-05
29.44,4.77491746837321e-05
29.45,4.81278226819876e-05
29.46,4.85106009927948e-05
29.47,4.88975548000135e-05
29.48,4.92887415350465e-05
29.49,4.96842144359144e-05
29.5,5.00840275059648e-05
29.51,5.04882355225655e-05
29.52,5.08968940457967e-05
29.53,5.13100594271415e-05
29.54,5.1727788818178e-05
29.55,5.21501401792699e-05
29.5599999999999,5.25771681651207e-05
29.57,5.30089312713478e-05
29.58,5.34454914898374e-05
29.59,5.38869093637633e-05
29.6,5.43332462089392e-05
29.61,5.47845641188248e-05
29.62,5.52409259695541e-05
29.63,5.57023954249399e-05
29.64,5.61690369414893e-05
29.65,5.66409167518272e-05
29.66,5.71181157379195e-05
29.67,5.76006938797222e-05
29.6799999999999,5.80887211485442e-05
29.69,5.8582268642977e-05
29.7,5.9081408611591e-05
29.71,5.95862144756616e-05
29.72,6.00967608518689e-05
29.73,6.06131257705702e-05
29.74,6.11353901917854e-05
29.75,6.16636305010328e-05
29.76,6.21979273522348e-05
29.77,6.27383628441114e-05
29.78,6.32850205505279e-05
29.79,6.38379855508419e-05
29.8,6.43973444602504e-05
29.8099999999999,6.49631687612548e-05
29.82,6.55355447069597e-05
29.83,6.61145665592236e-05
29.84,6.67003231796788e-05
29.85,6.72929045741866e-05
29.86,6.78924018931163e-05
29.87,6.84989074316549e-05
29.88,6.91125146300835e-05
29.89,6.97333239296915e-05
29.9,7.03614287460226e-05
29.91,7.09969266042712e-05
29.92,7.16399165119265e-05
29.9299999999999,7.22904987477327e-05
29.94,7.29487748687716e-05
29.95,7.36148477175261e-05
29.96,7.42888297478009e-05
29.97,7.49708556975449e-05
29.98,7.56610181979099e-05
29.99,7.63594312412649e-05
30,7.70662109320167e-05
30.01,7.77814755384926e-05
30.02,7.85053455448189e-05
30.03,7.92379437027996e-05
30.04,7.99793867291361e-05
30.05,8.07297965493944e-05
30.0599999999999,8.14893061942215e-05
30.07,8.22580453825808e-05
30.08,8.3036146018315e-05
30.09,8.38237422229915e-05
30.1,8.462097036871e-05
30.11,8.54279691109084e-05
30.12,8.62448577986915e-05
30.13,8.70717839083291e-05
30.14,8.7908892797172e-05
30.15,8.87563283465502e-05
30.16,8.96142363437924e-05
30.17,9.04827644853715e-05
30.1799999999999,9.13620623800501e-05
30.19,9.22522847279094e-05
30.2,9.31536127867505e-05
30.21,9.40661888966815e-05
30.22,9.49901749445495e-05
30.23,9.5925735363407e-05
30.24,9.68730371709362e-05
30.25,9.78322500078221e-05
30.26,9.88035461761503e-05
30.27,9.97871167310038e-05
30.28,0.000100783161462094
30.29,0.000101791849526655
30.3,0.000102813370889868
30.3099999999999,0.000103847919243502
30.32,0.000104895692093287
30.33,0.000105956890846253
30.34,0.000107031720898136
30.35,0.000108120354616155
30.36,0.00010922300117179
30.37,0.000110339881296519
30.38,0.000111471207168156
30.39,0.000112617193968929
30.4,0.000113778059885481
30.41,0.000114954026108867
30.42,0.000116145316863308
30.4299999999999,0.000117352216943355
30.44,0.000118574931932709
30.45,0.000119813702937753
30.46,0.00012106877480042
30.47,0.000122340396098175
30.48,0.000123628819143988
30.49,0.000124934298772249
30.5,0.000126257094876832
30.51,0.000127597470990512
30.52,0.000128955694132631
30.53,0.000130332035037739
30.54,0.000131726768155594
30.55,0.000133140211151518
30.5599999999999,0.00013457266450758
30.57,0.000136024403751068
30.58,0.000137495728829875
30.59,0.000138986944340214
30.6,0.000140498359526593
30.61,0.000142030305984927
30.62,0.000143583130485389
30.63,0.000145157143126972
30.64,0.000146752679206644
30.65,0.000148370079335729
30.66,0.000150009689439909
30.67,0.0001516718656847
30.6799999999999,0.000153356989281206
30.69,0.000155065411251847
30.7,0.00015679750314751
30.71,0.000158553642230609
30.72,0.000160334211475059
30.73,0.000162139599566248
30.74,0.000163970257139012
30.75,0.000165826560614729
30.76,0.000167708923364153
30.77,0.000169617765384215
30.78,0.000171553513100949
30.79,0.00017351659936949
30.8,0.000175507528307218
30.8099999999999,0.000177526736893563
30.82,0.000179574674151082
30.83,0.000181651809296909
30.84,0.000183758618832058
30.85,0.000185895586541386
30.86,0.000188063205248378
30.87,0.000190262079824146
30.88,0.000192492665153527
30.89,0.000194755486826469
30.9,0.000197051078801395
30.91,0.000199379983405204
30.92,0.000201742751333266
30.9299999999999,0.000204139966512403
30.94,0.000206572283018288
30.95,0.000209040232543931
30.96,0.000211544413695472
30.97,0.000214085434659941
30.98,0.000216663913205212
30.99,0.000219280476680095
31,0.000221935820243896
31.01,0.000224630647275147
31.02,0.000227365580070977
31.03,0.000230141301254828
31.04,0.000232958504428031
31.05,0.000235817894169814
31.0599999999999,0.000238720186037294
31.07,0.000241666214138161
31.08,0.00024465672538987
31.09,0.000247692451615006
31.1,0.000250774172655194
31.11,0.000253902680978162
31.12,0.000257078781677836
31.13,0.00026030329247428
31.14,0.000263577218259909
31.15,0.000266901337486286
31.16,0.000270276517149408
31.17,0.000273703649515991
31.1799999999999,0.000277183641389031
31.19,0.000280717414107816
31.2,0.000284305930709927
31.21,0.000287950324370354
31.22,0.000291651470007966
31.23,0.000295410373086862
31.24,0.000299228055806731
31.25,0.000303105557102767
31.26,0.000307043932645685
31.27,0.000311044338013825
31.28,0.000315108000428232
31.29,0.000319235950396573
31.3,0.000323429341288651
31.3099999999999,0.000327689345764486
31.32,0.000332017155774346
31.33,0.000336413982558643
31.34,0.000340881220610709
31.35,0.000345420181769769
31.36,0.000350032086878274
31.37,0.000354718260824589
31.38,0.000359480050761974
31.39,0.000364318826108611
31.4,0.000369235978547604
31.41,0.000374233198627166
31.42,0.000379311864815848
31.4299999999999,0.000384473432153607
31.44,0.000389719424487815
31.45,0.000395051391381206
31.46,0.000400470908112059
31.47,0.000405979589846006
31.48,0.000411579372337887
31.49,0.000417271796507168
31.5,0.000423058596128131
31.51,0.000428941536330774
31.52,0.00043492241360081
31.53,0.000441003135509171
31.54,0.0004471856338463
31.55,0.000453471774961743
31.5599999999999,0.000459863512282142
31.57,0.000466362833642006
31.58,0.000472971761283562
31.59,0.000479692551497666
31.6,0.000486527227797227
31.61,0.000493477947705448
31.62,0.000500546909076249
31.63,0.000507736347691451
31.64,0.000515048660122452
31.65,0.000522486323713731
31.66,0.000530051631007315
31.67,0.000537747027044923
31.6799999999999,0.000545575000409356
31.69,0.000553538083224537
31.7,0.000561639169219124
31.71,0.000569880806791299
31.72,0.000578265695836874
31.73,0.000586796609078545
31.74,0.000595476368980221
31.75,0.000604307947571892
31.76,0.000613294462517609
31.77,0.000622438816877225
31.78,0.000631744089064627
31.79,0.000641213412833605
31.8,0.000650849977277855
31.8099999999999,0.000660657312526852
31.82,0.000670638693575302
31.83,0.000680797494303393
31.84,0.00069113719113043
31.85,0.00070166132201484
31.86,0.000712373584352208
31.87,0.000723277944333401
31.88,0.000734378063671263
31.89,0.000745677841562421
31.9,0.0007571812589997
31.91,0.000768892380274589
31.92,0.000780815381826972
31.9299999999999,0.000792954524095687
31.94,0.000805314127732592
31.95,0.000817898621067209
31.96,0.000830712525896908
31.97,0.000843760459178238
31.98,0.000857047130462982
31.99,0.000870577351670502
32,0.000884356034795615
32.01,0.000898388192724898
32.02,0.000912678941695373
32.03,0.000927233504060287
32.04,0.000942057245131558
32.05,0.000957155591100292
32.0599999999999,0.000972534097960161
32.07,0.000988198435114521
32.08,0.00100415438717407
32.09,0.00102040789413502
32.1,0.00103696511880778
32.11,0.00105383219890311
32.12,0.00107101546801339
32.13,0.0010885213983376
32.14,0.0011063565722825
32.15,0.00112452771316551
32.16,0.001143041696554
32.17,0.00116190551717401
32.1799999999999,0.00118112636520626
32.19,0.00120071157945749
32.2,0.001220668554691
32.21,0.00124100486038831
32.22,0.00126172831100388
32.23,0.00128284695054449
32.24,0.00130436875796616
32.25,0.00132630195057098
32.26,0.00134865501122439
32.27,0.00137143677575011
32.28,0.00139465589051182
32.29,0.00141832130654636
32.3,0.00144244221034044
32.3099999999999,0.00146702818000032
32.32,0.00149208863873497
32.33,0.00151763331467922
32.34,0.00154367215128102
32.35,0.00157021549361762
32.36,0.00159727358180119
32.37,0.00162485695391277
32.38,0.00165297636760028
32.39,0.00168164320363374
32.4,0.00171086847062055
32.41,0.00174066359167802
32.42,0.00177104019564571
32.4299999999999,0.00180201038085704
32.44,0.00183358654641468
32.45,0.00186578089468767
32.46,0.00189860604440459
32.47,0.00193207483882335
32.48,0.0019662009891411
32.49,0.00200099776667536
32.5,0.00203647880699078
32.51,0.00207265805246871
32.52,0.00210954984740242
32.53,0.00214716917747821
32.54,0.00218553061584115
32.55,0.00222464926808726
32.5599999999999,0.00226454050656383
32.57,0.00230522042287715
32.58,0.00234670513220849
32.59,0.00238901083318469
32.6,0.00243215415746197
32.61,0.00247615207162269
32.62,0.0025210225691159
32.63,0.00256678296550084
32.64,0.00261345124545588
32.65,0.00266104570533154
32.66,0.00270958524067448
32.67,0.00275908922839518
32.6799999999999,0.00280957695280322
32.69,0.00286106826630278
32.7,0.00291358339583821
32.71,0.00296714297835262
32.72,0.00302176804255642
32.73,0.00307747997394711
32.74,0.00313430057647567
32.75,0.00319225206027967
32.76,0.00325135706601828
32.77,0.00331163865188742
32.78,0.00337312028349563
32.79,0.00343582586746241
32.8,0.00349977974806473
32.8099999999999,0.0035650067567275
32.82,0.00363153216574155
32.83,0.00369938167516958
32.84,0.00376858147014523
32.85,0.00383915820908366
32.86,0.00391113908261246
32.87,0.00398455174823854
32.88,0.00405942433273751
32.89,0.00413578548597268
32.9,0.00421366436964611
32.91,0.00429309070887808
32.92,0.00437409473163537
32.9299999999999,0.00445670718634539
32.94,0.00454095937830831
32.95,0.00462688316439243
32.96,0.0047145110705707
32.97,0.00480387611845675
32.98,0.00489501188974504
32.99,0.00498795258270653
33,0.00508273299538894
33.01,0.00517938869827544
33.02,0.00527795575401929
33.03,0.00537847085171923
33.04,0.00548097135715898
33.05,0.00558549529313481
33.0599999999999,0.00569208145911373
33.07,0.00580076923619416
33.08,0.0059115987055543
33.09,0.00602461066727058
33.1,0.00613984663597989
33.11,0.00625734907500469
33.12,0.00637716097040288
33.13,0.00649932610753127
33.14,0.0066238890657476
33.15,0.00675089520948997
33.16,0.00688039106561796
33.17,0.0070124235922797
33.1799999999999,0.00714704069201537
33.19,0.00728429114697084
33.2,0.00742422461251692
33.21,0.00756689201219635
33.22,0.00771234474885002
33.23,0.00786063530407802
33.24,0.00801181712399223
33.25,0.00816594463033156
33.26,0.00832307364567201
33.27,0.00848326051630088
33.28,0.00864656281363593
33.29,0.00881303917438416
33.3,0.00898274933816582
33.3099999999999,0.00915575459669441
33.32,0.00933211682465605
33.33,0.00951189926887868
33.34,0.00969516636721971
33.35,0.00988198380649021
33.36,0.010072418949783
33.37,0.0102665398694488
33.38,0.010464416154529
33.39,0.0106661187264571
33.4,0.0108717199066184
33.41,0.0110812937267198
33.42,0.0112949152028723
33.4299999999999,0.0115126609697397
33.44,0.011734609143589
33.45,0.0119608393846393
33.46,0.0121914330744157
33.47,0.0124264729074893
33.48,0.01266604328067
33.49,0.0129102302226569
33.5,0.0131591214146628
33.51,0.0134128061983064
33.52,0.0136713756695328
33.53,0.013934922649986
33.54,0.0142035417303399
33.55,0.0144773292771915
33.5599999999999,0.0147563834250226
33.57,0.0150408042448867
33.58,0.015330693646759
33.59,0.0156261554417396
33.6,0.0159272952030761
33.61,0.0162342201303615
33.62,0.016547039934735
33.63,0.0168658660693615
33.64,0.0171908119789252
33.65,0.0175219928858697
33.66,0.0178595256071355
33.67,0.0182035295705906
33.6799999999999,0.018554125952293
33.69,0.0189114378118796
33.7,0.0192755900061008
33.71,0.0196467096858045
33.72,0.020024925876237
33.73,0.0204103694323809
33.74,0.0208031729057257
33.75,0.0212034712481182
33.76,0.0216114011963188
33.77,0.0220271011741208
33.78,0.0224507110755556
33.79,0.0228823733517745
33.8,0.0233222320368513
33.8099999999999,0.0237704327346391
33.82,0.0242271223963558
33.83,0.0246924503809149
33.84,0.0251665674808524
33.85,0.0256496259007893
33.86,0.0261417790331649
33.87,0.0266431824730157
33.88,0.027153993061371
33.89,0.0276743687902226
33.9,0.0282044685303544
33.91,0.0287444532422499
33.92,0.0292944848196923
33.9299999999999,0.0298547259729928
33.94,0.0304253399591415
33.95,0.0310064919770395
33.96,0.0315983477788237
33.97,0.032201073918232
33.98,0.0328148369104007
33.99,0.0334398047342773
34,0.0340761456382225
34.01,0.0347240280141282
34.02,0.035383620486223
34.03,0.0360550922090801
34.04,0.0367386123170127
34.05,0.0374343496257947
34.0599999999999,0.0381424731834057
34.07,0.0388631517257479
34.08,0.0395965535398134
34.09,0.0403428463798951
34.1,0.0411021976592094
34.11,0.0418747740574899
34.12,0.0426607409763819
34.13,0.0434602633552509
34.14,0.0442735049598208
34.15,0.0451006282538181
34.16,0.0459417942326658
34.17,0.0467971626998713
34.1799999999999,0.0476668917963534
34.19,0.048551137770638
34.2,0.0494500551841766
34.21,0.0503637966093453
34.22,0.0512925124873147
34.23,0.05223635098873
34.24,0.053195457985659
34.25,0.0541699768415108
34.26,0.055160048319898
34.27,0.0561658104390317
34.28,0.0571873983450842
34.29,0.0582249441902972
34.3,0.0592785769627775
34.3099999999999,0.0603484224391971
34.32,0.0614346029991734
34.33,0.0625372376151948
34.34,0.0636564417392375
34.35,0.064792326919038
34.36,0.0659450009174661
34.37,0.067114567779887
34.38,0.068301127324668
34.39,0.0695047751822915
34.4,0.0707256028051356
34.41,0.071963697742613
34.42,0.073219142551126
34.4299999999999,0.0744920154177675
34.44,0.0757823901178246
34.45,0.0770903357778857
34.46,0.0784159164695652
34.47,0.0797591914737821
34.48,0.0811202157657538
34.49,0.0824990386875769
34.5,0.0838957046239312
34.51,0.0853102529012837
34.52,0.0867427185140644
34.53,0.0881931302101214
34.54,0.0896615117736826
34.55,0.0911478819004602
34.5599999999999,0.092652254540413
34.57,0.0941746373713485
34.58,0.0957150329609815
34.59,0.0972734388970048
34.6,0.0988498475182101
34.61,0.100444245098797
34.62,0.102056612678755
34.63,0.103686926568839
34.64,0.10533515728976
34.65,0.1070012696587
34.66,0.108685223194549
34.67,0.110386973055824
34.6799999999999,0.11210646801291
34.69,0.113843651693472
34.7,0.115598462507093
34.71,0.117370834523963
34.72,0.119160695461232
34.73,0.120967968190606
34.74,0.12279257073352
34.75,0.124634416670336
34.76,0.126493413406334
34.77,0.128369463749873
34.78,0.130262465518598
34.79,0.132172313427437
34.8,0.134098895320114
34.8099999999999,0.136042095005273
34.82,0.138001791597137
34.83,0.139977860668762
34.84,0.141970172910891
34.85,0.143978594050135
34.86,0.146002985821885
34.87,0.148043205979417
34.88,0.150099108799557
34.89,0.152170543731296
34.9,0.154257356632546
34.91,0.156359389769314
34.92,0.158476481610115
34.9299999999999,0.160608467000244
34.94,0.162755177327487
34.95,0.164916440615852
34.96,0.167092081532865
34.97,0.169281921545973
34.98,0.171485779138261
34.99,0.173703469749472
35,0.175934805852109
35.01,0.178179597179855
35.02,0.180437651066352
35.03,0.182708771956576
35.04,0.184992761937638
35.05,0.187289420861475
35.0599999999999,0.189598546358519
35.07,0.19191993384133
35.08,0.194253376752524
35.09,0.19659866654583
35.1,0.198955592953604
35.11,0.20132394398048
35.12,0.203703505873395
35.13,0.206094063303613
35.14,0.208495399730256
35.15,0.210907297204299
35.16,0.213329536422508
35.17,0.21576189687049
35.1799999999999,0.218204157182458
35.19,0.220656094959079
35.2,0.223117486972497
35.21,0.225588109260806
35.22,0.228067737168519
35.23,0.230556145503536
35.24,0.23305310868154
35.25,0.235558400828863
35.26,0.23807179571564
35.27,0.240593067018559
35.28,0.243121987587544
35.29,0.245658329315177
35.3,0.248201865654512
35.3099999999999,0.250752369408041
35.32,0.25330961373882
35.33,0.255873372404783
35.34,0.258443418763515
35.35,0.261019526830222
35.36,0.263601470849978
35.37,0.266189025181735
35.38,0.268781965376781
35.39,0.271380067369348
35.4,0.273983107607227
35.41,0.276590862989746
35.42,0.279203111782794
35.4299999999999,0.281819632897706
35.44,0.284440206186415
35.45,0.287064611745269
35.46,0.289692630380483
35.47,0.292324045114597
35.48,0.29495863952416
35.49,0.297596198329913
35.5,0.30023650676747
35.51,0.302879351478918
35.52,0.305524520830117
35.53,0.308171804199721
35.54,0.31082099230317
35.55,0.313471876442508
35.5599999999999,0.316124249883966
35.57,0.31877790744201
35.58,0.321432645220659
35.59,0.324088260823373
35.6,0.326744552071384
35.61,0.329401319655188
35.62,0.332058365518656
35.63,0.334715493070253
35.64,0.337372507285757
35.65,0.340029213619208
35.66,0.34268542053474
35.67,0.345340937615772
35.6799999999999,0.347995576092889
35.69,0.350649148777017
35.7,0.353301469627403
35.71,0.355952355040705
35.72,0.358601622839166
35.73,0.361249092571734
35.74,0.363894585294056
35.75,0.366537923310992
35.76,0.369178931523151
35.77,0.371817436239051
35.78,0.374453265531195
35.79,0.377086248800716
35.8,0.379716216932822
35.8099999999999,0.382343003363303
35.82,0.384966442918927
35.83,0.387586372180152
35.84,0.390202629166334
35.85,0.392815053696751
35.86,0.395423487608566
35.87,0.398027774337136
35.88,0.400627759067085
35.89,0.403223288560655
35.9,0.405814211440524
35.91,0.408400378123537
35.92,0.410981640733212
35.9299999999999,0.41355785314596
35.94,0.416128870345953
35.95,0.418694549666411
35.96,0.421254750064462
35.97,0.423809332142668
35.98,0.426358158208898
35.99,0.428901091427947
36,0.431437997659959
36.01,0.433968744050698
36.02,0.436493199391546
36.03,0.439011234113909
36.04,0.441522720301845
36.05,0.444027531642141
36.0599999999999,0.446525543451841
36.07,0.449016632663068
36.08,0.451500677819991
36.09,0.453977559108399
36.1,0.456447158262113
36.11,0.458909358626115
36.12,0.461364045132186
36.13,0.463811104177553
36.14,0.466250422897229
36.15,0.468681891067601
36.16,0.47110539954384
36.17,0.473520840665653
36.1799999999999,0.47592810816746
36.19,0.478327096864731
36.2,0.480717703530453
36.21,0.483099826138339
36.22,0.485473364050278
36.23,0.48783821834066
36.24,0.490194292602341
36.25,0.492541490125507
36.26,0.494879716314643
36.27,0.49720887801308
36.28,0.499528882998591
36.29,0.501839639261502
36.3,0.504141058069723
36.3099999999999,0.506433051194615
36.32,0.508715531670514
36.33,0.51098841401517
36.34,0.513251614385294
36.35,0.515505049463722
36.36,0.517748637480924
36.37,0.519982297905975
36.38,0.522205951402976
36.39,0.524419519812919
36.4,0.526622926249849
36.41,0.528816094979353
36.42,0.530998951437823
36.4299999999999,0.533171422422392
36.44,0.535333435955068
36.45,0.537484920816556
36.46,0.539625807112175
36.47,0.541756026071598
36.48,0.543875510037197
36.49,0.545984192452498
36.5,0.548082006995293
36.51,0.550168889458401
36.52,0.552244776401377
36.53,0.554309605340689
36.54,0.556363314804331
36.55,0.558405844318242
36.5599999999999,0.560437134711592
36.57,0.562457128102322
36.58,0.56446576671397
36.59,0.566462994143102
36.6,0.568448754949095
36.61,0.57042299464265
36.62,0.572385659674392
36.63,0.574336697248887
36.64,0.576276055676386
36.65,0.578203684142919
36.66,0.580119532695809
36.67,0.58202355225786
36.6799999999999,0.583915694615449
36.69,0.585795912587746
36.7,0.587664160176664
36.71,0.589520391506845
36.72,0.591364561853107
36.73,0.593196627317819
36.74,0.59501654482059
36.75,0.596824272087854
36.76,0.598619767588548
36.77,0.600402990627663
36.78,0.602173901288201
36.79,0.603932460403673
36.8,0.605678629560105
36.8099999999999,0.607412371085507
36.82,0.609133648205802
36.83,0.610842425427378
36.84,0.612538666985943
36.85,0.61422233826008
36.86,0.615893405346747
36.87,0.617551835052697
36.88,0.619197594885816
36.89,0.620830652718457
36.9,0.622450977356774
36.91,0.624058538378893
36.92,0.625653305905446
36.9299999999999,0.627235250699724
36.94,0.628804344158099
36.95,0.630360558300413
36.96,0.631903866886645
36.97,0.633434242779751
36.98,0.634951659998394
36.99,0.636456093207946
37,0.637947517684539
37.01,0.639425909307633
37.02,0.64089124460511
37.03,0.642343500837996
37.04,0.643782655577586
37.05,0.645208687092794
37.0599999999999,0.646621574226284
37.07,0.648021296387529
37.08,0.649407833545823
37.09,0.650781166275017
37.1,0.652141275687006
37.11,0.653488143373902
37.12,0.654821751497178
37.13,0.656142082746668
37.14,0.657449120333829
37.15,0.658742847984994
37.16,0.66002325033017
37.17,0.661290312086206
37.1799999999999,0.662544018504935
37.19,0.663784355411664
37.2,0.665011309128222
37.21,0.666224866467202
37.22,0.667425014747603
37.23,0.668611742054293
37.24,0.669785036520769
37.25,0.670944886926908
37.26,0.672091282523847
37.27,0.673224213028798
37.28,0.674343668619861
37.29,0.675449639991331
37.3,0.676542118348388
37.3099999999999,0.677621095176472
37.32,0.678686562484143
37.33,0.679738512720685
37.34,0.680776938771317
37.35,0.681801833952361
37.36,0.682813192266675
37.37,0.683811007956475
37.38,0.684795275556598
37.39,0.685765990132954
37.4,0.686723147168286
37.41,0.687666742557915
37.42,0.688596772605478
37.4299999999999,0.689513234102083
37.44,0.690416124490933
37.45,0.691305441123945
37.46,0.692181181965757
37.47,0.693043345377754
37.48,0.693891930114362
37.49,0.694726935319393
37.5,0.695548360522334
37.51,0.696356205819209
37.52,0.697150471475354
37.53,0.697931158158024
37.54,0.698698266942717
37.55,0.699451799277487
37.5599999999999,0.700191756979558
37.57,0.700918142231945
37.58,0.701630957689683
37.59,0.702330206427285
37.6,0.703015891625089
37.61,0.703688016946864
37.62,0.704346586412266
37.63,0.704991604393843
37.64,0.705623075614062
37.65,0.706241005142332
37.66,0.706845398761716
37.67,0.707436262072747
37.6799999999999,0.708013601220163
37.69,0.70857742269633
37.7,0.70912773333415
37.71,0.709664540304573
37.72,0.710187851114086
37.73,0.710697673683196
37.74,0.711194016227411
37.75,0.711676887221225
37.76,0.712146295514255
37.77,0.712602250282651
37.78,0.71304476102679
37.79,0.713473837568981
37.8,0.7138894900686
37.8099999999999,0.714291729101974
37.82,0.714680565391271
37.83,0.715056010045289
37.84,0.715418074486289
37.85,0.715766770447858
37.86,0.716102109972791
37.87,0.716424105410971
37.88,0.716732769611124
37.89,0.717028115533272
37.9,0.71731015642317
37.91,0.717578905882555
37.92,0.717834377815486
37.9299999999999,0.718076586426541
37.94,0.718305546219026
37.95,0.718521272015429
37.96,0.718723779045747
37.97,0.718913082636688
37.98,0.719089198493067
37.99,0.719252142612794
38,0.71940193128527
38.01,0.719538581089781
38.02,0.7196621088939
38.03,0.719772531880192
38.04,0.719869867500707
38.05,0.719954133470801
38.0599999999999,0.720025347803464
38.07,0.720083528793059
38.08,0.720128695013776
38.09,0.720160865318091
38.1,0.720180058837854
38.11,0.720186295138548
38.12,0.720179593825701
38.13,0.72015997487351
38.14,0.720127458530055
38.15,0.720082065315952
38.16,0.720023816023006
38.17,0.719952731712863
38.1799999999999,0.719868833773205
38.19,0.719772143868689
38.2,0.719662683828454
38.21,0.719540475802875
38.22,0.719405542208475
38.23,0.719257905726753
38.24,0.719097589302999
38.25,0.718924616145129
38.26,0.718739009729902
38.27,0.718540793785033
38.28,0.718329992299681
38.29,0.718106629521916
38.3,0.717870729956739
38.3099999999999,0.717622318364918
38.32,0.717361419761815
38.33,0.717088059426249
38.34,0.716802262905254
38.35,0.716504055958682
38.36,0.71619346461469
38.37,0.71587051515102
38.38,0.715535234093884
38.39,0.715187648216852
38.4,0.714827784539725
38.41,0.714455670414203
38.42,0.714071333349009
38.4299999999999,0.713674801086227
38.44,0.713266101637036
38.45,0.712845263255433
38.46,0.712412314437217
38.47,0.711967283918985
38.48,0.711510200677144
38.49,0.711041093985109
38.5,0.710559993317217
38.51,0.710066928346191
38.52,0.709561929012093
38.53,0.709045025491564
38.54,0.708516248196912
38.55,0.707975627775206
38.5599999999999,0.707423195107366
38.57,0.706858981304569
38.58,0.706283017710226
38.59,0.70569533590288
38.6,0.705095967688908
38.61,0.704484945103901
38.62,0.703862300411725
38.63,0.70322806610362
38.64,0.702582274897286
38.65,0.701924959713651
38.66,0.70125615367841
38.67,0.700575890206288
38.6799999999999,0.699884202901837
38.69,0.699181125590248
38.7,0.698466692316388
38.71,0.697740937343795
38.72,0.69700389515371
38.73,0.696255600469648
38.74,0.695496088305381
38.75,0.694725393737639
38.76,0.693943552126461
38.77,0.693150599046952
38.78,0.692346570288418
38.79,0.69153150185351
38.8,0.690705429957364
38.8099999999999,0.689868391049073
38.82,0.689020422012035
38.83,0.688161559571342
38.84,0.68729184081908
38.85,0.686411303060098
38.86,0.685519983811416
38.87,0.68461792080158
38.88,0.68370515197008
38.89,0.682781715466728
38.9,0.681847649243556
38.91,0.680902992053929
38.92,0.679947782630141
38.9299999999999,0.678982059897279
38.94,0.678005862980456
38.95,0.677019231203838
38.96,0.676022204089637
38.97,0.675014821357127
38.98,0.673997122735833
38.99,0.672969148384011
39,0.671930938603748
39.01,0.670882533860891
39.02,0.669823974809539
39.03,0.668755302290853
39.04,0.667676557331869
39.05,0.666587781144302
39.0599999999999,0.665489015799516
39.07,0.664380302879169
39.08,0.663261684063433
39.09,0.66213320142887
39.1,0.660994897247748
39.11,0.65984681398777
39.12,0.658688994311734
39.13,0.65752148107727
39.14,0.656344317213597
39.15,0.655157545899277
39.16,0.653961210593414
39.17,0.652755354881777
39.1799999999999,0.651540022536294
39.19,0.650315257514296
39.2,0.649081103946553
39.21,0.647837605391554
39.22,0.646584806639059
39.23,0.645322752230853
39.24,0.644051486866932
39.25,0.642771055403244
39.26,0.641481502849379
39.27,0.640182874717058
39.28,0.638875216796712
39.29,0.63755857438533
39.3,0.636232993275843
39.3099999999999,0.634898519432309
39.32,0.633555198989463
39.33,0.632203078252315
39.34,0.63084220424973
39.35,0.629472623546065
39.36,0.628094383013749
39.37,0.626707529779518
39.38,0.62531211115936
39.39,0.623908174659394
39.4,0.622495767647946
39.41,0.621074936990943
39.42,0.619645731143595
39.4299999999999,0.618208198123882
39.44,0.61676238611424
39.45,0.615308343461596
39.46,0.613846118267708
39.47,0.612375759048306
39.48,0.610897314696823
39.49,0.609410834094879
39.5,0.607916366276946
39.51,0.606413960431289
39.52,0.604903666113788
39.53,0.603385532737147
39.54,0.601859609982758
39.55,0.600325947688424
39.5599999999999,0.598784595848365
39.57,0.597235604716044
39.58,0.59567902480226
39.59,0.594114906495439
39.6,0.592543300472742
39.61,0.59096425757332
39.62,0.58937782879826
39.63,0.587784064725467
39.64,0.586183016598969
39.65,0.584574735925282
39.66,0.582959274200967
39.67,0.581336683070294
39.6799999999999,0.579707014265041
39.69,0.578070318941302
39.7,0.576426649478221
39.71,0.57477605796883
39.72,0.573118596639732
39.73,0.571454317851124
39.74,0.569783274154429
39.75,0.568105518247504
39.76,0.566421102861467
39.77,0.564730080913851
39.78,0.563032505457888
39.79,0.561328429682506
39.8,0.559617907069201
39.8099999999999,0.557900991204985
39.82,0.556177735631365
39.83,0.554448194133253
39.84,0.552712420636099
39.85,0.550970469205922
39.86,0.549222393660524
39.87,0.547468248155044
39.88,0.545708087262609
39.89,0.543941965497599
39.9,0.542169937504602
39.91,0.540392058058405
39.92,0.538608381257788
39.9299999999999,0.536818961937782
39.94,0.535023855359899
39.95,0.533223116612434
39.96,0.531416800895118
39.97,0.529604963519148
39.98,0.527787660048442
39.99,0.525964946024295
40,0.524136877086929
40.01,0.522303509025686
40.02,0.520464897744275
40.03,0.518621099260764
40.04,0.516772170113561
40.05,0.514918166504111
40.0599999999999,0.51305914480526
40.07,0.511195161575761
40.08,0.509326273496179
40.09,0.50745253736884
40.1,0.505574009262284
40.11,0.503690746457894
40.12,0.501802806063222
40.13,0.499910245222446
40.14,0.498013121189102
40.15,0.496111491326092
40.16,0.494205412261398
40.17,0.492294941452435
40.1799999999999,0.490380136686479
40.19,0.488461055573054
40.2,0.486537755814482
40.21,0.48461029520582
40.22,0.482678731672276
40.23,0.48074312322807
40.24,0.478803527930141
40.25,0.476860003956859
40.26,0.474912609580441
40.27,0.472961403166957
40.28,0.471006443279703
40.29,0.469047788743741
40.3,0.467085498084631
40.3099999999999,0.465119630101935
40.32,0.463150243694284
40.33,0.461177397859428
40.34,0.459201151620069
40.35,0.45722156337106
40.36,0.455238692754345
40.37,0.453252599039298
40.38,0.45126334158295
40.39,0.449270979829981
40.4,0.447275573312717
40.41,0.445277180602818
40.42,0.44327586171133
40.4299999999999,0.441271676353301
40.44,0.439264684235568
40.45,0.437254945137607
40.46,0.435242518911468
40.47,0.4332274655678
40.48,0.431209845111883
40.49,0.429189717602876
40.5,0.427167143200796
40.51,0.425142182139735
40.52,0.42311489472786
40.53,0.421085341435348
40.54,0.419053583068968
40.55,0.417019679992883
40.5599999999999,0.41498369287233
40.57,0.412945682451915
40.58,0.410905709555663
40.59,0.408863835086946
40.6,0.406820119404055
40.61,0.40477462357179
40.62,0.402727408781608
40.63,0.400678536134546
40.64,0.398628066801011
40.65,0.396576062020773
40.66,0.394522582845195
40.67,0.392467689840628
40.6799999999999,0.390411444844915
40.69,0.388353909224201
40.7,0.386295144400883
40.71,0.38423521185354
40.72,0.382174173116966
40.73,0.380112089853578
40.74,0.378049023704052
40.75,0.375985036369003
40.76,0.373920189621035
40.77,0.371854545290041
40.78,0.369788165263212
40.79,0.367721111641321
40.8,0.365653446821229
40.8099999999999,0.363585232669611
40.82,0.361516531382192
40.83,0.359447405218911
40.84,0.357377916503852
40.85,0.355308127625276
40.86,0.353238100586435
40.87,0.351167897980833
40.88,0.349097582390748
40.89,0.347027216384133
40.9,0.344956862586728
40.91,0.342886583682054
40.92,0.340816442166559
40.9299999999999,0.338746500277247
40.94,0.336676821052587
40.95,0.3346074672453
40.96,0.332538501649483
40.97,0.330469987100645
40.98,0.328401986724621
40.99,0.326334563361653
41,0.324267780013684
41.01,0.322201699732422
41.02,0.320136385615786
41.03,0.318071901318043
41.04,0.316008310300301
41.05,0.313945675732804
41.0599999999999,0.311884061076434
41.07,0.309823529855792
41.08,0.307764145769632
41.09,0.30570597288786
41.1,0.303649074787904
41.11,0.301593515351706
41.12,0.299539358535353
41.13,0.29748666836913
41.14,0.295435507259984
41.15,0.293385939661676
41.16,0.291338029631882
41.17,0.289291841108994
41.1799999999999,0.28724743806834
41.19,0.285204884738421
41.2,0.283164245370747
41.21,0.281125583992797
41.22,0.279088964818516
41.23,0.277054452107845
41.24,0.275022110424161
41.25,0.272992005932009
41.26,0.2709642024193
41.27,0.268938764718594
41.28,0.266915757748474
41.29,0.264895246513547
41.3,0.26287729598247
41.3099999999999,0.260861971328876
41.32,0.258849337809538
41.33,0.256839460741339
41.34,0.254832405524072
41.35,0.252828237469597
41.36,0.250827021835827
41.37,0.248828824298865
41.38,0.246833710453064
41.39,0.244841745992114
41.4,0.242852997239383
41.41,0.24086752987822
41.42,0.238885409937116
41.4299999999999,0.236906703531919
41.44,0.234931477498741
41.45,0.232959798377028
41.46,0.230991732628698
41.47,0.229027346999102
41.48,0.227066708540845
41.49,0.225109884689591
41.5,0.223156942495636
41.51,0.221207949362027
41.52,0.21926297283203
41.53,0.21732208050716
41.54,0.215385340229139
41.55,0.213452819942198
41.5599999999999,0.211524587728644
41.57,0.209600711641587
41.58,0.207681259939956
41.59,0.205766301105313
41.6,0.203855903689703
41.61,0.201950136627473
41.62,0.200049069554537
41.63,0.198152771293351
41.64,0.196261311210199
41.65,0.194374758835932
41.66,0.192493187344405
41.67,0.190616666209646
41.6799999999999,0.188745266305635
41.69,0.186879058924812
41.7,0.18501811475827
41.71,0.183162504707902
41.72,0.181312300669353
41.73,0.179467574359088
41.74,0.177628398019768
41.75,0.17579484373913
41.76,0.173966983930055
41.77,0.172144891836369
41.78,0.170328641783588
41.79,0.168518306949878
41.8,0.166713961387169
41.8099999999999,0.164915680772611
41.82,0.163123540279186
41.83,0.161337615358365
41.84,0.159557982056694
41.85,0.157784716738219
41.86,0.156017896296556
41.87,0.154257597990864
41.88,0.152503899280245
41.89,0.150756878028178
41.9,0.149016612655325
41.91,0.147283181893393
41.92,0.14555666572438
41.9299999999999,0.143837143615392
41.94,0.142124695775796
41.95,0.140419404284244
41.96,0.138721353451654
41.97,0.137030625116274
41.98,0.135347302996559
41.99,0.133671470119064
42,0.13200321110193
42.01,0.130342611224093
42.02,0.128689756102545
42.03,0.127044731655259
42.04,0.125407624638783
42.05,0.123778522765856
42.0599999999999,0.12215751649107
42.07,0.120544694714027
42.08,0.118940148252315
42.09,0.11734396997034
42.1,0.115756252327455
42.11,0.114177088814787
42.12,0.112606572753357
42.13,0.111044799569409
42.14,0.109491864744754
42.15,0.107947863764757
42.16,0.10641289376342
42.17,0.104887053040899
42.1799999999999,0.103370442213466
42.19,0.101863160856683
42.2,0.100365311327089
42.21,0.0988769988776253
42.22,0.0973983275413976
42.23,0.0959294031036129
42.24,0.0944703320770983
42.25,0.0930212229108651
42.26,0.0915821832918491
42.27,0.0901533202154504
42.28,0.0887347441724688
42.29,0.0873265660288532
42.3,0.0859288979431866
42.3099999999999,0.0845418521484946
42.32,0.0831655435639659
42.33,0.0818000890158333
42.34,0.0804456047531373
42.35,0.0791022089752684
42.36,0.0777700211209765
42.37,0.0764491617866978
42.38,0.0751397506592041
42.39,0.0738419079278253
42.4,0.0725557565047422
42.41,0.0712814175234994
42.42,0.0700190120133936
42.4299999999999,0.0687686628231002
42.44,0.0675304935738325
42.45,0.0663046275874523
42.46,0.0650911895462562
42.47,0.0638903047840653
42.48,0.0627020983733593
42.49,0.061526692718016
42.5,0.0603642132174417
42.51,0.0592147799239502
42.52,0.0580785127694462
42.53,0.0569555318443453
42.54,0.0558459529195086
42.55,0.0547498927067162
42.5599999999999,0.0536674665039288
42.57,0.0525987881472305
42.58,0.0515439695697699
42.59,0.0505031198008184
42.6,0.0494763478654976
42.61,0.0484637506119445
42.62,0.0474654264055955
42.63,0.0464814691865657
42.64,0.045511964343714
42.65,0.0445569971251922
42.66,0.0436166460453818
42.67,0.0426909858887676
42.6799999999999,0.0417800844587371
42.69,0.0408840007395003
42.7,0.0400027928003956
42.71,0.0391365055324444
42.72,0.038285181111919
42.73,0.0374488528122018
42.74,0.0366275397784197
42.75,0.0358212604053023
42.76,0.0350300174240218
42.77,0.0342538066807368
42.78,0.0334926157814429
42.79,0.0327464184101992
42.8,0.0320151826475039
42.8099999999999,0.0312988633913099
42.82,0.0305974055050426
42.83,0.0299107448708306
42.84,0.0292388028752434
42.85,0.0285814937053363
42.86,0.0279387195235505
42.87,0.0273103714406006
42.88,0.0266963304705906
42.89,0.0260964671192907
42.9,0.0255106409774009
42.91,0.0249387016548889
42.92,0.024380490496763
42.9299999999999,0.0238358363339018
42.94,0.0233045621679652
42.95,0.0227864813661441
42.96,0.0222813962151148
42.97,0.0217891089996119
42.98,0.0213094063194412
42.99,0.0208420722851579
43,0.0203868881953149
43.01,0.0199436220295178
43.02,0.0195120465678658
43.03,0.0190919239041048
43.04,0.0186830120274887
43.05,0.0182850747544504
43.0599999999999,0.0178978622582025
43.07,0.0175211305794948
43.08,0.0171546346600808
43.09,0.0167981220236618
43.1,0.0164513507011008
43.11,0.0161140719497985
43.12,0.0157860404757703
43.13,0.0154670130711661
43.14,0.0151567488665071
43.15,0.0148550086789592
43.16,0.0145615561171274
43.17,0.0142761592034419
43.1799999999999,0.0139985874617697
43.19,0.013728615679803
43.2,0.0134660223234594
43.21,0.013210589634931
43.22,0.0129621051056087
43.23,0.0127203603808219
43.24,0.0124851518588163
43.25,0.012256281641839
43.26,0.0120335552093552
43.27,0.0118167843364718
43.28,0.0116057856075868
43.29,0.0114003793760132
43.3,0.0112003925260867
43.3099999999999,0.0110056563640985
43.32,0.0108160064022529
43.33,0.0106312841339274
43.34,0.0104513354015365
43.35,0.0102760104373993
43.36,0.010105164889974
43.37,0.00993865855973876
43.38,0.00977635557077486
43.39,0.00961812497747509
43.4,0.00946383970460988
43.41,0.00931337684364906
43.42,0.00916661786476977
43.4299999999999,0.00902344792831169
43.44,0.00888375611081155
43.45,0.00874743532721691
43.46,0.00861438202757323
43.47,0.00848449623164174
43.48,0.00835768138812784
43.49,0.00823384414514806
43.5,0.00811289443932732
43.51,0.00799474526766798
43.52,0.00787931263492167
43.53,0.00776651552657062
43.54,0.00765627556660202
43.55,0.00754851709673834
43.5599999999999,0.00744316692541849
43.57,0.00734015431444894
43.58,0.00723941090758968
43.59,0.00714087055561546
43.6,0.00704447052318042
43.61,0.00695014894402288
43.62,0.00685784644072115
43.63,0.00676750568091147
43.64,0.00667907134423217
43.65,0.00659248980516905
43.66,0.00650770924610763
43.67,0.00642467967202114
43.6799999999999,0.0063433526385855
43.69,0.00626368119074532
43.7,0.00618561990906445
43.71,0.00610912546066667
43.72,0.0060341551797382
43.73,0.00596066796543936
43.74,0.00588862417629057
43.75,0.00581798557503061
43.76,0.00574871477072597
43.77,0.00568077563944835
43.78,0.00561413355404098
43.79,0.00554875496645792
43.8,0.00548460704372249
43.8099999999999,0.00542165811422262
43.82,0.00535987757993273
43.83,0.00529923570585473
43.84,0.0052397036132461
43.85,0.0051812532818296
43.86,0.0051238577860175
43.87,0.00506749071622883
43.88,0.00501212645737032
43.89,0.00495774014334506
43.9,0.00490430819647431
43.91,0.00485180707262357
43.92,0.00480021411081423
43.9299999999999,0.00474950734293724
43.94,0.00469966569584104
43.95,0.00465066837129373
43.96,0.00460249527796582
43.97,0.00455512690096343
43.98,0.00450854428753386
43.99,0.0044627289702894
44,0.00441766298722094
44.01,0.00437332895344387
44.02,0.00432970997254389
44.03,0.00428678945326746
44.04,0.00424455128263956
44.05,0.00420297984971518
44.0599999999999,0.00416206031939175
44.07,0.00412177772612461
44.08,0.004082117682277
44.09,0.00404306616788215
44.1,0.00400460983051587
44.11,0.00396673534362666
44.12,0.00392942982739281
44.13,0.0038926807424018
44.14,0.00385647583532812
44.15,0.00382080316982815
44.16,0.00378565111311523
44.17,0.00375100829686275
44.1799999999999,0.00371686367705046
44.19,0.00368320653741659
44.2,0.00365002626859645
44.21,0.00361731255452049
44.22,0.00358505534962795
44.23,0.00355324525606313
44.24,0.00352187259926513
44.25,0.00349092812192171
44.26,0.00346040279517686
44.27,0.00343028784461712
44.28,0.00340057468501489
44.29,0.00337125494323247
44.3,0.00334232045327802
44.3099999999999,0.00331376301486921
44.32,0.00328557459015376
44.33,0.00325774751205985
44.34,0.00323027413916162
44.35,0.00320314702088984
44.36,0.00317635948955762
44.37,0.00314990421749617
44.38,0.00312377432353274
44.39,0.0030979630788325
44.4,0.00307246375598286
44.41,0.00304726981574098
44.42,0.0030223749109683
44.4299999999999,0.00299777276345948
44.44,0.00297345727731238
44.45,0.00294942277576128
44.46,0.00292566328436879
44.47,0.00290217311155938
44.48,0.00287894668979939
44.49,0.00285597816355705
44.5,0.00283326204748521
44.51,0.00281079298169848
44.52,0.00278856559553248
44.53,0.00276657469049301
44.54,0.00274481536094553
44.55,0.00272328240064522
44.5599999999999,0.00270197082179849
44.57,0.00268087570656255
44.58,0.00265999240805618
44.59,0.00263931616820125
44.6,0.00261884233728239
44.61,0.00259856636078063
44.62,0.00257848364525581
44.63,0.00255858955924128
44.64,0.00253887974535548
44.65,0.00251934979631559
44.66,0.00249999534397916
44.67,0.00248081215300327
44.6799999999999,0.00246179591676501
44.69,0.00244294239882134
44.7,0.00242424739482809
44.71,0.00240570684838035
44.72,0.00238731676217518
44.73,0.00236907304024845
44.74,0.00235097169216625
44.75,0.00233300876589588
44.76,0.00231518032703053
44.77,0.00229748250215141
44.78,0.00227991144344692
44.79,0.00226246333617618
44.8,0.00224513436967618
44.8099999999999,0.00222792076867027
44.82,0.00221081880044851
44.83,0.00219382474588933
44.84,0.00217693492275166
44.85,0.00216014576409512
44.86,0.00214345363305385
44.87,0.00212685496065675
44.88,0.00211034622779647
44.89,0.0020939239584515
44.9,0.00207758469705392
44.91,0.00206132503544407
44.92,0.00204514158225561
44.9299999999999,0.00202903100356252
44.94,0.00201299000117961
44.95,0.00199701532429729
44.96,0.00198110380224532
44.97,0.00196525226537977
44.98,0.00194945760812853
44.99,0.00193371682061892
45,0.00191802695553737
45.01,0.00190238509279655
45.02,0.00188678839643569
45.03,0.00187123412426383
45.04,0.001855719588553
45.05,0.00184024218683532
45.0599999999999,0.00182479940195578
45.07,0.00180938880857718
45.08,0.00179400806501762
45.09,0.00177865492598509
45.1,0.00176332726944645
45.11,0.00174802307397897
45.12,0.00173274041439763
45.13,0.00171747748791332
45.14,0.00170223264760114
45.15,0.0016870043374308
45.16,0.00167179114568719
45.17,0.00165659179269934
45.1799999999999,0.0016414051306988
45.19,0.00162623016969638
45.2,0.00161106606402658
45.21,0.00159591210191218
45.22,0.00158076773426063
45.23,0.00156563257702753
45.24,0.00155050640210685
45.25,0.00153538910596468
45.26,0.00152028079281855
45.27,0.00150518172110963
45.28,0.00149009229447572
45.29,0.00147501305680735
45.3,0.00145994476872084
45.3099999999999,0.00144488834204584
45.32,0.00142984478964484
45.33,0.00141481532709242
45.34,0.00139980134213732
45.35,0.0013848043666735
45.36,0.00136982601667085
45.37,0.00135486812193128
45.38,0.00133993263134311
45.39,0.00132502159179982
45.4,0.00131013721584114
45.41,0.00129528182864075
45.42,0.00128045784716727
45.4299999999999,0.00126566782444841
45.44,0.00125091441094615
45.45,0.00123620030454151
45.46,0.00122152833375868
45.47,0.0012069013924114
45.48,0.00119232240807691
45.49,0.00117779439825551
45.5,0.00116332042116037
45.51,0.00114890354110926
45.52,0.00113454687747032
45.53,0.001120253560645
45.54,0.00110602671467059
45.55,0.00109186947055719
45.5599999999999,0.00107778494452876
45.57,0.00106377626313824
45.58,0.00104984650697063
45.59,0.00103599872509429
45.6,0.00102223593984291
45.61,0.00100856111953499
45.62,0.000994977177298099
45.63,0.000981486948516877
45.64,0.000968093201571507
45.65,0.000954798623569045
45.66,0.000941605839699873
45.67,0.000928517371314587
45.6799999999999,0.000915535634100236
45.69,0.000902662983108885
45.7,0.000889901660297281
45.71,0.000877253787982516
45.72,0.000864721417606633
45.73,0.0008523064880583
45.74,0.000840010813599826
45.75,0.000827836108212982
45.76,0.000815783970673443
45.77,0.00080385587838219
45.78,0.000792053210669202
45.79,0.000780377232163634
45.8,0.000768829074654033
45.8099999999999,0.000757409780322578
45.82,0.000746120284463887
45.83,0.000734961389278054
45.84,0.000723933809505872
45.85,0.000713038160924831
45.86,0.000702274936887502
45.87,0.000691644538583982
45.88,0.000681147269678111
45.89,0.000670783328816686
45.9,0.000660552829324452
45.91,0.000650455801394462
45.92,0.000640492172232081
45.9299999999999,0.000630661788373384
45.94,0.000620964413512288
45.95,0.000611399728600853
45.96,0.000601967345199026
45.97,0.000592666822599972
45.98,0.000583497641009389
45.99,0.000574459175032482
46,0.000565550759375607
46.01,0.000556771688625012
46.02,0.000548121173905125
46.03,0.000539598404355183
46.04,0.000531202504339087
46.05,0.000522932547732508
46.0599999999999,0.0005147875587661
46.07,0.000506766520654016
46.08,0.000498868370488208
46.09,0.000491092018750297
46.1,0.00048343634830768
46.11,0.000475900205157564
46.12,0.000468482417275556
46.13,0.000461181770031045
46.14,0.000453997034690123
46.15,0.000446926944411955
46.16,0.000439970232840852
46.17,0.000433125590736278
46.1799999999999,0.000426391717414322
46.19,0.000419767291733902
46.2,0.000413250976316971
46.21,0.000406841438733694
46.22,0.000400537319924722
46.23,0.000394337263960555
46.24,0.000388239897144311
46.25,0.000382243852437071
46.26,0.000376347750936766
46.27,0.000370550211537251
46.28,0.000364849868031867
46.29,0.000359245343827341
46.3,0.000353735269156345
46.3099999999999,0.000348318273549687
46.32,0.000342992998528173
46.33,0.000337758085003839
46.34,0.000332612172195872
46.35,0.000327553915036285
46.36,0.000322581970325595
46.37,0.000317695001448168
46.38,0.000312891680006662
46.39,0.000308170694583887
46.4,0.000303530740898597
46.41,0.000298970526129856
46.42,0.000294488764171713
46.4299999999999,0.000290084187576713
46.44,0.000285755538656714
46.45,0.000281501559924433
46.46,0.000277321016554734
46.47,0.000273212683717464
46.48,0.000269175352252346
46.49,0.000265207821099641
46.5,0.000261308904624972
46.51,0.000257477439081733
46.52,0.000253712268025452
46.53,0.000250012253232138
46.54,0.000246376263448868
46.55,0.000242803187508204
46.5599999999999,0.000239291930072045
46.57,0.00023584140621972
46.58,0.00023245054353403
46.59,0.000229118288205359
46.6,0.0002258435998226
46.61,0.000222625456086645
46.62,0.000219462845881365
46.63,0.000216354774580253
46.64,0.000213300261925767
46.65,0.000210298343788966
46.66,0.000207348071226943
46.67,0.000204448506362547
46.6799999999999,0.000201598726543977
46.69,0.000198797825713302
46.7,0.000196044911069223
46.71,0.000193339104067667
46.72,0.00019067954031089
46.73,0.000188065369499903
46.74,0.000185495756612638
46.75,0.000182969880817244
46.76,0.000180486934398174
46.77,0.000178046124235451
46.78,0.00017564666791842
46.79,0.000173287798726712
46.8,0.00017096876372958
46.8099999999999,0.000168688822831834
46.82,0.000166447245428384
46.83,0.00016424331741316
46.84,0.000162076335988341
46.85,0.000159945611111723
46.86,0.0001578504670554
46.87,0.000155790238081307
46.88,0.00015376427150674
46.89,0.000151771926637591
46.9,0.000149812574570984
46.91,0.000147885598521352
46.92,0.000145990393290044
46.9299999999999,0.000144126362884261
46.94,0.000142292922260706
46.95,0.000140489499088802
46.96,0.000138715530691735
46.97,0.000136970466360152
46.98,0.000135253764492164
46.99,0.000133564893524844
47,0.00013190333211317
47.01,0.000130268571196181
47.02,0.00012866011362146
47.03,0.0001270774676326
47.04,0.000125520153274785
47.05,0.000123987699769134
47.0599999999999,0.00012247963690874
47.07,0.000120995513963919
47.08,0.000119534885035144
47.09,0.000118097312569442
47.1,0.000116682370545331
47.11,0.000115289639329612
47.12,0.000113918706463227
47.13,0.000112569168277695
47.14,0.000111240630388
47.15,0.00010993270840192
47.16,0.000108645022095012
47.17,0.000107377200537849
47.1799999999999,0.000106128880446914
47.19,0.000104899700413469
47.2,0.000103689312522438
47.21,0.000102497373515926
47.22,0.000101323546830003
47.23,0.000100167502462545
47.24,9.9028916765542e-05
47.25,9.79074722719608e-05
47.26,9.68028575603712e-05
47.27,9.57147689573123e-05
47.28,9.46429129193729e-05
47.29,9.35869947643769e-05
47.3,9.25467285265132e-05
47.3099999999999,9.15218340353384e-05
47.32,9.05120369161146e-05
47.33,8.95170684541739e-05
47.34,8.85366651680824e-05
47.35,8.7570569026656e-05
47.36,8.66185272348486e-05
47.37,8.56802910385776e-05
47.38,8.47556166618066e-05
47.39,8.38442661646427e-05
47.4,8.29460056882097e-05
47.41,8.20606058701781e-05
47.42,8.11878440310841e-05
47.4299999999999,8.03275006195273e-05
47.44,7.94793595307272e-05
47.45,7.8643209560828e-05
47.46,7.78188436379156e-05
47.47,7.70060600604601e-05
47.48,7.6204659933883e-05
47.49,7.54144483340532e-05
47.5,7.46352343484089e-05
47.51,7.38668307961266e-05
47.52,7.310905643792e-05
47.53,7.23617310815975e-05
47.54,7.16246789307625e-05
47.55,7.08977277707616e-05
47.5599999999999,7.01807086670604e-05
47.57,6.94734539120108e-05
47.58,6.8775801647317e-05
47.59,6.80875920734747e-05
47.6,6.74086683321336e-05
47.61,6.67388775216569e-05
47.62,6.60780739886073e-05
47.63,6.54261086292889e-05
47.64,6.47828377913261e-05
47.65,6.41481207641318e-05
47.66,6.35218186125891e-05
47.67,6.29037934747777e-05
47.6799999999999,6.22939132233067e-05
47.69,6.1692046891559e-05
47.7,6.10980658876347e-05
47.71,6.05118446937983e-05
47.72,5.99332603540961e-05
47.73,5.93621909924832e-05
47.74,5.87985174504301e-05
47.75,5.82421226882518e-05
47.76,5.76928947531642e-05
47.77,5.71507230303976e-05
47.78,5.66154970052705e-05
47.79,5.60871096118036e-05
47.8,5.55654559804578e-05
47.8099999999999,5.50504309376184e-05
47.82,5.45419330188028e-05
47.83,5.40398631027193e-05
47.84,5.35441233446567e-05
47.85,5.30546176572276e-05
47.86,5.25712509368312e-05
47.87,5.20939304032056e-05
47.88,5.16225646861879e-05
47.89,5.11570638290828e-05
47.9,5.06973393647805e-05
47.91,5.02433108172186e-05
47.92,4.97948913578205e-05
47.9299999999999,4.93519986610318e-05
47.94,4.89145520516216e-05
47.95,4.84824722777983e-05
47.96,4.80556802780068e-05
47.97,4.76341003818782e-05
47.98,4.72176576682822e-05
47.99,4.68062786360363e-05
48,4.63998900620771e-05
48.01,4.59984174336322e-05
48.02,4.56017915386878e-05
48.03,4.5209942471194e-05
48.04,4.48228012378959e-05
48.05,4.44403024758152e-05
48.0599999999999,4.40623837867506e-05
48.07,4.36889787719551e-05
48.08,4.33200245805531e-05
48.09,4.29554597312149e-05
48.1,4.25952244127953e-05
48.11,4.22392595039679e-05
48.12,4.18875073916087e-05
48.13,4.15399116436806e-05
48.14,4.11964087823376e-05
48.15,4.08569464701182e-05
48.16,4.05214698438171e-05
48.17,4.01899250212495e-05
48.1799999999999,3.98622591062192e-05
48.19,3.95384201795641e-05
48.2,3.92183573031871e-05
48.21,3.89020205210294e-05
48.22,3.85893597744466e-05
48.23,3.828032612869e-05
48.24,3.79748724863953e-05
48.25,3.76729521755111e-05
48.26,3.73745186296011e-05
48.27,3.70795251754668e-05
48.28,3.67879279950069e-05
48.29,3.64996832579245e-05
48.3,3.62147477757754e-05
48.3099999999999,3.59330782310732e-05
48.32,3.56546335178964e-05
48.33,3.53793727639273e-05
48.34,3.51072558756145e-05
48.35,3.48382429674722e-05
48.36,3.45722935693121e-05
48.37,3.43093704069936e-05
48.38,3.40494359301252e-05
48.39,3.37924533043607e-05
48.4,3.35383850514337e-05
48.41,3.32871930841807e-05
48.42,3.30388433211072e-05
48.4299999999999,3.27933008352371e-05
48.44,3.25505313119331e-05
48.45,3.23105001408264e-05
48.46,3.20731731657143e-05
48.47,3.18385181046051e-05
48.48,3.16065026056707e-05
48.49,3.13770948772959e-05
48.5,3.11502639610402e-05
48.51,3.09259793655625e-05
48.52,3.07042109618252e-05
48.53,3.04849293160757e-05
48.54,3.02681055671677e-05
48.55,3.00537081027721e-05
48.5599999999999,2.98417082143238e-05
48.57,2.9632078627779e-05
48.58,2.94247915946074e-05
48.59,2.92198198155719e-05
48.6,2.90171360192168e-05
48.61,2.88167137974623e-05
48.62,2.86185271533002e-05
48.63,2.84225504627208e-05
48.64,2.82287585385613e-05
48.65,2.8037125715274e-05
48.66,2.78476276967422e-05
48.67,2.76602404967782e-05
48.6799999999999,2.74749404173714e-05
48.69,2.72917041710441e-05
48.7,2.71105074558482e-05
48.71,2.69313278824537e-05
48.72,2.6754143208784e-05
48.73,2.65789313972369e-05
48.74,2.64056707808432e-05
48.75,2.62343387780601e-05
48.76,2.6064914576078e-05
48.77,2.58973774383518e-05
48.78,2.57317068351563e-05
48.79,2.55678825723432e-05
48.8,2.54058837707196e-05
48.8099999999999,2.52456910300466e-05
48.82,2.50872850084185e-05
48.83,2.49306465862474e-05
48.84,2.47757569523835e-05
48.85,2.46225966738155e-05
48.86,2.44711476972038e-05
48.87,2.43213919867935e-05
48.88,2.41733117268003e-05
48.89,2.40268893857622e-05
48.9,2.38821071599446e-05
48.91,2.3738948062486e-05
48.92,2.35973952092391e-05
48.9299999999999,2.3457431923269e-05
48.94,2.33190417582791e-05
48.95,2.3182208494322e-05
48.96,2.30469161001876e-05
48.97,2.29131487455692e-05
48.98,2.27808908799865e-05
48.99,2.26501271264958e-05
49,2.25208423100653e-05
49.01,2.23930214530882e-05
49.02,2.22666497708979e-05
49.03,2.21417130538419e-05
49.04,2.20181967985082e-05
49.05,2.18960868298952e-05
49.0599999999999,2.17753691866198e-05
49.07,2.16560300919511e-05
49.08,2.15380559502158e-05
49.09,2.14214334739686e-05
49.1,2.13061496263206e-05
49.11,2.11921912658314e-05
49.12,2.10795455634557e-05
49.13,2.09681998651978e-05
49.14,2.08581416892899e-05
49.15,2.07493587233716e-05
49.16,2.06418385924581e-05
49.17,2.05355693646801e-05
49.1799999999999,2.04305391861773e-05
49.19,2.03267363361211e-05
49.2,2.02241492404872e-05
49.21,2.01227664686976e-05
49.22,2.00225769578005e-05
49.23,1.99235699342763e-05
49.24,1.98257342536228e-05
49.25,1.97290591656197e-05
49.26,1.96335340681565e-05
49.27,1.95391485052689e-05
49.28,1.94458921651746e-05
49.29,1.93537545399857e-05
49.3,1.92627256684833e-05
49.3099999999999,1.9172795613428e-05
49.32,1.90839545335615e-05
49.33,1.89961927092676e-05
49.34,1.8909500539805e-05
49.35,1.88238687564579e-05
49.36,1.87392883497982e-05
49.37,1.86557499140065e-05
49.38,1.85732444142137e-05
49.39,1.84917629376312e-05
49.4,1.84112966918299e-05
49.41,1.83318370030197e-05
49.42,1.82533753130995e-05
49.4299999999999,1.81759031786903e-05
49.44,1.80994122722772e-05
49.45,1.80238943768088e-05
49.46,1.79493413851798e-05
49.47,1.78757452985066e-05
49.48,1.78030982244026e-05
49.49,1.77313924156644e-05
49.5,1.7660620233927e-05
49.51,1.75907740774535e-05
49.52,1.75218464810123e-05
49.53,1.74538300798809e-05
49.54,1.73867176082816e-05
49.55,1.73205018978163e-05
49.5599999999999,1.72551758927463e-05
49.57,1.71907326304851e-05
49.58,1.71271652191047e-05
49.59,1.70644668711665e-05
49.6,1.70026308898018e-05
49.61,1.69416506672096e-05
49.62,1.6881519683152e-05
49.63,1.68222316495747e-05
49.64,1.67637803270882e-05
49.65,1.67061594052994e-05
49.66,1.6649362756218e-05
49.67,1.65933843400347e-05
49.6799999999999,1.6538218204113e-05
49.69,1.6483858481979e-05
49.7,1.6430299320897e-05
49.71,1.6377534981081e-05
49.72,1.63255598653515e-05
49.73,1.62743684158312e-05
49.74,1.62239551520668e-05
49.75,1.61743146697972e-05
49.76,1.61254416397201e-05
49.77,1.60773309763356e-05
49.78,1.60299775743913e-05
49.79,1.59833762915041e-05
49.8,1.59375221437257e-05
49.8099999999999,1.58924102241065e-05
49.82,1.58480357019586e-05
49.83,1.58043938221198e-05
49.84,1.57614795959923e-05
49.85,1.5719288421993e-05
49.86,1.56778158991747e-05
49.87,1.56370575634942e-05
49.88,1.55970090284688e-05
49.89,1.55576659851755e-05
49.9,1.55190242022516e-05
49.91,1.54810795258943e-05
49.92,1.54438273257642e-05
49.9299999999999,1.5407263771186e-05
49.94,1.53713849644526e-05
49.95,1.53361869976547e-05
49.96,1.53016660358618e-05
49.97,1.5267818317124e-05
49.98,1.52346401524714e-05
49.99,1.52021279019887e-05
50,1.51702772319929e-05
50.01,1.51390851062138e-05
50.02,1.51085480540721e-05
50.03,1.50786626724168e-05
50.04,1.50494256255251e-05
50.05,1.50208336451021e-05
50.0599999999999,1.49928835302815e-05
50.07,1.49655720094816e-05
50.08,1.49388955122657e-05
50.09,1.49128513429147e-05
50.1,1.48874365060617e-05
50.11,1.48626480689906e-05
50.12,1.48384831616347e-05
50.13,1.48149389765772e-05
50.14,1.47920127690516e-05
50.15,1.47697016702991e-05
50.16,1.47480028439799e-05
50.17,1.47269138901979e-05
50.1799999999999,1.47064322691282e-05
50.19,1.46865555002465e-05
50.2,1.466728116233e-05
50.21,1.46486068934562e-05
50.22,1.46305303910038e-05
50.23,1.46130490760172e-05
50.24,1.45961606861138e-05
50.25,1.45798632091498e-05
50.26,1.45641545250133e-05
50.27,1.45490325689376e-05
50.28,1.45344953315016e-05
50.29,1.452054085863e-05
50.3,1.45071672515925e-05
50.3099999999999,1.44943723363058e-05
50.32,1.44821544500178e-05
50.33,1.44705119019562e-05
50.34,1.44594429919656e-05
50.35,1.44489460739556e-05
50.36,1.44390195559009e-05
50.37,1.44296618998409e-05
50.38,1.44208716218801e-05
50.39,1.44126472921879e-05
50.4,1.44049875349984e-05
50.41,1.43978907376968e-05
50.42,1.43913554518249e-05
50.4299999999999,1.43853806908149e-05
50.44,1.4379965260097e-05
50.45,1.43751080171607e-05
50.46,1.43708078715539e-05
50.47,1.43670637848837e-05
50.48,1.43638747708161e-05
50.49,1.43612398950762e-05
50.5,1.43591582754476e-05
50.51,1.43576289076569e-05
50.52,1.43566499813597e-05
50.53,1.4356221508951e-05
50.54,1.43563427475372e-05
50.55,1.43570130022648e-05
50.5599999999999,1.43582316263209e-05
50.57,1.43599980209328e-05
50.58,1.43623116353685e-05
50.59,1.43651719669361e-05
50.6,1.43685785609842e-05
50.61,1.43725310109019e-05
50.62,1.43770289070301e-05
50.63,1.43820719589468e-05
50.64,1.43876599101457e-05
50.65,1.43937925426927e-05
50.66,1.44004696864984e-05
50.67,1.44076912193182e-05
50.6799999999999,1.44154570667525e-05
50.69,1.44237672022462e-05
50.7,1.44326216470894e-05
50.71,1.44420204704167e-05
50.72,1.44519635701354e-05
50.73,1.44624509839555e-05
50.74,1.44734830895811e-05
50.75,1.44850601215895e-05
50.76,1.44971823609199e-05
50.77,1.4509850134873e-05
50.78,1.45230638171113e-05
50.79,1.45368238276589e-05
50.8,1.45511306329016e-05
50.8099999999999,1.4565984745587e-05
50.82,1.45813867065913e-05
50.83,1.45973370205383e-05
50.84,1.4613836411863e-05
50.85,1.46308855719196e-05
50.86,1.4648485238025e-05
50.87,1.46666361934596e-05
50.88,1.46853392674664e-05
50.89,1.47045953352517e-05
50.9,1.47244053179847e-05
50.91,1.47447701827975e-05
50.92,1.47656909427854e-05
50.9299999999999,1.47871689489571e-05
50.94,1.48092051827459e-05
50.95,1.48318007640434e-05
50.96,1.48549569108322e-05
50.97,1.4878674888783e-05
50.98,1.49029560113141e-05
50.99,1.49278016396529e-05
51,1.49532131828951e-05
51.01,1.49791920980659e-05
51.02,1.500573989018e-05
51.03,1.50328581123018e-05
51.04,1.50605483656059e-05
51.05,1.50888124634777e-05
51.0599999999999,1.51176520079547e-05
51.07,1.51470687476278e-05
51.08,1.51770644881082e-05
51.09,1.52076410844065e-05
51.1,1.52388004410294e-05
51.11,1.52705445120762e-05
51.12,1.53028753013372e-05
51.13,1.53357948623908e-05
51.14,1.53693052986999e-05
51.15,1.54034087637104e-05
51.16,1.54381074799452e-05
51.17,1.54734040209846e-05
51.1799999999999,1.5509300476252e-05
51.19,1.5545799221271e-05
51.2,1.55829026839482e-05
51.21,1.56206133447459e-05
51.22,1.5658933736853e-05
51.23,1.56978664463556e-05
51.24,1.57374141124098e-05
51.25,1.57775794274124e-05
51.26,1.58183651371721e-05
51.27,1.58597740410813e-05
51.28,1.59018090487649e-05
51.29,1.59444733362705e-05
51.3,1.59877696696304e-05
51.3099999999999,1.60317010862914e-05
51.32,1.60762706801193e-05
51.33,1.61214816016461e-05
51.34,1.6167337058319e-05
51.35,1.62138403147474e-05
51.36,1.62609946929496e-05
51.37,1.63088035726021e-05
51.38,1.63572703912862e-05
51.39,1.64063986447361e-05
51.4,1.64561920331941e-05
51.41,1.65066544869164e-05
51.42,1.65577894184069e-05
51.4299999999999,1.66096005927138e-05
51.44,1.66620918373364e-05
51.45,1.67152670425884e-05
51.46,1.67691301619654e-05
51.47,1.68236852125088e-05
51.48,1.68789362751698e-05
51.49,1.69348874951763e-05
51.5,1.6991543082397e-05
51.51,1.70489073117065e-05
51.52,1.71069848778633e-05
51.53,1.71657805567079e-05
51.54,1.72252984515335e-05
51.55,1.72855431599313e-05
51.5599999999999,1.73465193515713e-05
51.57,1.74082317687683e-05
51.58,1.74706852270462e-05
51.59,1.75338846157053e-05
51.6,1.75978348983867e-05
51.61,1.76625411136372e-05
51.62,1.77280083754763e-05
51.63,1.77942418739608e-05
51.64,1.7861246407496e-05
51.65,1.79290271278343e-05
51.66,1.79975897510535e-05
51.67,1.80669397167759e-05
51.6799999999999,1.8137082538165e-05
51.69,1.82080238022888e-05
51.7,1.82797691704815e-05
51.71,1.83523243787088e-05
51.72,1.84256952379298e-05
51.73,1.84998876344586e-05
51.74,1.85749075303301e-05
51.75,1.86507609636612e-05
51.76,1.87274552358997e-05
51.77,1.88049965048266e-05
51.78,1.88833905825582e-05
51.79,1.89626439213864e-05
51.8,1.90427630602186e-05
51.8099999999999,1.91237546252497e-05
51.82,1.92056253306342e-05
51.83,1.92883819791559e-05
51.84,1.93720314629024e-05
51.85,1.94565807639355e-05
51.86,1.95420369549609e-05
51.87,1.96284072000035e-05
51.88,1.97156987550765e-05
51.89,1.98039209496903e-05
51.9,1.98930803227418e-05
51.91,1.99831842205877e-05
51.92,2.00742404075367e-05
51.9299999999999,2.01662567541151e-05
51.94,2.02592412381213e-05
51.95,2.03532019456772e-05
51.96,2.04481470722856e-05
51.97,2.05440849238819e-05
51.98,2.06410239178866e-05
51.99,2.07389725842621e-05
52,2.08379395665644e-05
52.01,2.0937933590627e-05
52.02,2.10389626805113e-05
52.03,2.11410364130288e-05
52.04,2.12441638496473e-05
52.05,2.13483541667317e-05
52.0599999999999,2.14536166564533e-05
52.07,2.15599607277013e-05
52.08,2.16673959069904e-05
52.09,2.1775931839375e-05
52.1,2.18855782893575e-05
52.11,2.19963451417965e-05
52.12,2.21082424028213e-05
52.13,2.22212802007395e-05
52.14,2.23354690136123e-05
52.15,2.24508199077023e-05
52.16,2.25673428257568e-05
52.17,2.26850484502775e-05
52.1799999999999,2.28039475952103e-05
52.19,2.29240512070259e-05
52.2,2.30453703657964e-05
52.21,2.31679162862792e-05
52.22,2.32917003189944e-05
52.23,2.34167339513023e-05
52.24,2.35430288084872e-05
52.25,2.36705966548345e-05
52.26,2.37994493947105e-05
52.27,2.39296010762921e-05
52.28,2.40610655600491e-05
52.29,2.41938532398206e-05
52.3,2.43279768596849e-05
52.3099999999999,2.44634493314547e-05
52.32,2.46002837365514e-05
52.33,2.47384933278747e-05
52.34,2.4878091531681e-05
52.35,2.50190919494543e-05
52.36,2.51615083597767e-05
52.37,2.53053547202068e-05
52.38,2.54506451691493e-05
52.39,2.55973940277298e-05
52.4,2.5745616325109e-05
52.41,2.58953267534074e-05
52.42,2.60465399819002e-05
52.4299999999999,2.61992711289309e-05
52.44,2.63535355088397e-05
52.45,2.65093486339715e-05
52.46,2.66667262166929e-05
52.47,2.68256841714012e-05
52.48,2.69862386165337e-05
52.49,2.71484058765842e-05
52.5,2.73122024841116e-05
52.51,2.74776451817523e-05
52.52,2.76447509242317e-05
52.53,2.78135355522377e-05
52.54,2.79840170343598e-05
52.55,2.81562131156055e-05
52.5599999999999,2.83301415284552e-05
52.57,2.85058202201542e-05
52.58,2.86832673544611e-05
52.59,2.88625013134059e-05
52.6,2.90435406990387e-05
52.61,2.92264043351788e-05
52.62,2.94111112691731e-05
52.63,2.95976807736438e-05
52.64,2.97861323482415e-05
52.65,2.9976485950803e-05
52.66,3.0168769552985e-05
52.67,3.03629978502664e-05
52.6799999999999,3.05591917042283e-05
52.69,3.07573722490772e-05
52.7,3.09575608947257e-05
52.71,3.11597793298841e-05
52.72,3.13640495251419e-05
52.73,3.15703937360493e-05
52.74,3.17788345062093e-05
52.75,3.19893946703575e-05
52.76,3.2202097357449e-05
52.77,3.24169659937423e-05
52.78,3.26340256279996e-05
52.79,3.28533045968605e-05
52.8,3.30748237981695e-05
52.8099999999999,3.32986082214262e-05
52.82,3.35246831975688e-05
52.83,3.37530744030846e-05
52.84,3.39838078641349e-05
52.85,3.42169099606669e-05
52.86,3.44524074305266e-05
52.87,3.46903273735823e-05
52.88,3.49306972558367e-05
52.89,3.51735449135436e-05
52.9,3.54188985573251e-05
52.91,3.56667855429528e-05
52.92,3.5917233735968e-05
52.9299999999999,3.61702737391472e-05
52.94,3.64259351324029e-05
52.95,3.6684247876555e-05
52.96,3.69452423169545e-05
52.97,3.72089491870953e-05
52.98,3.74753996122249e-05
52.99,3.77446251129692e-05
53,3.80166576089417e-05
53.01,3.8291529422361e-05
53.02,3.85692732816659e-05
53.03,3.88499223251316e-05
53.04,3.91335153207131e-05
53.05,3.94200863881277e-05
53.0599999999999,3.97096677093536e-05
53.07,4.00022945803742e-05
53.08,4.02980027646968e-05
53.09,4.05968284983806e-05
53.1,4.08988084950517e-05
53.11,4.12039799509159e-05
53.12,4.15123805497881e-05
53.13,4.18240484681046e-05
53.14,4.21390223799432e-05
53.15,4.24573414620424e-05
53.16,4.27790453988201e-05
53.17,4.31041848830588e-05
53.1799999999999,4.34327974063129e-05
53.19,4.37649235358435e-05
53.2,4.41006063121944e-05
53.21,4.44398894414674e-05
53.22,4.47828173062862e-05
53.23,4.51294349767595e-05
53.24,4.54797882214627e-05
53.25,4.58339235183989e-05
53.26,4.61918873410583e-05
53.27,4.655371765098e-05
53.28,4.69194689997792e-05
53.29,4.72891898222804e-05
53.3,4.76629292098575e-05
53.3099999999999,4.80407369164079e-05
53.32,4.84226633643306e-05
53.33,4.8808759650491e-05
53.34,4.91990775522099e-05
53.35,4.9593669533231e-05
53.36,4.99925887797135e-05
53.37,5.03958892028027e-05
53.38,5.08036253216845e-05
53.39,5.12158524149961e-05
53.4,5.16326264786847e-05
53.41,5.20540042320284e-05
53.42,5.24800431236578e-05
53.4299999999999,5.29108013375772e-05
53.44,5.33463377991877e-05
53.45,5.37867121812995e-05
53.46,5.42319955121144e-05
53.47,5.46822541438182e-05
53.48,5.51375473388099e-05
53.49,5.55979411336991e-05
53.5,5.60635027902716e-05
53.51,5.65343008273207e-05
53.52,5.70104050524758e-05
53.53,5.74918839994031e-05
53.54,5.79787985218315e-05
53.55,5.84712276633826e-05
53.5599999999999,5.89692443180401e-05
53.57,5.94729224960414e-05
53.58,5.99823373361442e-05
53.59,6.04975651179221e-05
53.6,6.10186832740336e-05
53.61,6.15457556535529e-05
53.62,6.2078864510402e-05
53.63,6.26180902997865e-05
53.64,6.3163512032152e-05
53.65,6.37152095134054e-05
53.66,6.42732633333718e-05
53.67,6.48377548542502e-05
53.6799999999999,6.54087798296767e-05
53.69,6.59864372771227e-05
53.7,6.65708034271264e-05
53.71,6.71619679101446e-05
53.72,6.77600216166358e-05
53.73,6.83650566970499e-05
53.74,6.89771748966383e-05
53.75,6.95964859179832e-05
53.76,7.02230790650057e-05
53.77,7.08570554072198e-05
53.78,7.1498517626995e-05
53.79,7.21475700195565e-05
53.8,7.28043154965283e-05
53.8099999999999,7.34688534104458e-05
53.82,7.41412964334066e-05
53.83,7.4821753526726e-05
53.84,7.55103351010279e-05
53.85,7.62071530162334e-05
53.86,7.6912319227444e-05
53.87,7.76259426747383e-05
53.88,7.83481420527714e-05
53.89,7.90790339103834e-05
53.9,7.98187361434513e-05
53.91,8.05673679948887e-05
53.92,8.13250553742731e-05
53.9299999999999,8.20919605122925e-05
53.94,8.28681896559981e-05
53.95,8.36538742662995e-05
53.96,8.44491477859122e-05
53.97,8.52541456393437e-05
53.98,8.60690065159232e-05
53.99,8.6893893759717e-05
54,8.77289387029376e-05
54.01,8.85742883690464e-05
54.02,8.94300921070337e-05
54.03,9.02965015914189e-05
54.04,9.11736708222505e-05
54.05,9.20617493253907e-05
54.0599999999999,9.29608986063883e-05
54.07,9.38712787925154e-05
54.08,9.47930521868883e-05
54.09,9.57263833345769e-05
54.1,9.66714390225895e-05
54.11,9.7628390239517e-05
54.12,9.85974086427736e-05
54.13,9.95786674503475e-05
54.14,0.000100572342860382
54.15,0.000101578613351044
54.16,0.000102597659680522
54.17,0.000103629684397835
54.1799999999999,0.000104674908661856
54.19,0.00010573350303552
54.2,0.000106805666001889
54.21,0.000107891599083361
54.22,0.00010899150684165
54.23,0.000110105598498475
54.24,0.000111234118022755
54.25,0.000112377264405703
54.26,0.000113535259102196
54.27,0.000114708327036055
54.28,0.000115896696600047
54.29,0.000117100599655887
54.3,0.000118320272855936
54.3099999999999,0.000119555955012373
54.32,0.000120807888305135
54.33,0.000122076318738631
54.34,0.000123361495809027
54.35,0.00012466367250422
54.36,0.000125983120102905
54.37,0.000127320117119117
54.38,0.000128674917892872
54.39,0.000130047794769053
54.4,0.000131439024056912
54.41,0.000132848886030065
54.42,0.000134277671997928
54.4299999999999,0.000135725729138845
54.44,0.000137193323315075
54.45,0.000138680759860165
54.46,0.000140188348901491
54.47,0.000141716405360226
54.48,0.000143265248951317
54.49,0.000144835242547542
54.5,0.000146426709826855
54.51,0.000148039984949095
54.52,0.000149675413766063
54.53,0.000151333347513417
54.54,0.00015301414281067
54.55,0.000154718176826694
54.5599999999999,0.000156445830212709
54.57,0.000158197468893337
54.58,0.000159973475783831
54.59,0.000161774239597985
54.6,0.0001636001548481
54.61,0.000165451630866603
54.62,0.000167329122199985
54.63,0.000169233018876306
54.64,0.00017116374677193
54.65,0.000173121738293657
54.66,0.000175107432378727
54.67,0.000177121274494818
54.6799999999999,0.000179163814363966
54.69,0.000181235487746363
54.7,0.000183336763640218
54.71,0.000185468130287662
54.72,0.000187630083867227
54.73,0.000189823128493808
54.74,0.000192047807269103
54.75,0.000194304660487411
54.76,0.000196594205082052
54.77,0.000198916985766175
54.78,0.000201273555957359
54.79,0.000203664477777615
54.8,0.000206090334570566
54.8099999999999,0.000208551755362018
54.82,0.000211049305793978
54.83,0.000213583591804137
54.84,0.000216155228837447
54.85,0.000218764841846083
54.86,0.000221413065289393
54.87,0.000224100662545432
54.88,0.000226828249979678
54.89,0.000229596499551896
54.9,0.000232406102913701
54.91,0.000235257762835588
54.92,0.000238152193206935
54.9299999999999,0.000241090215847063
54.94,0.000244072612123918
54.95,0.000247100103013541
54.96,0.0002501734721297
54.97,0.000253293516386854
54.98,0.000256461046000093
54.99,0.000259676898395225
55,0.000262941952239515
55.01,0.000266257038312913
55.02,0.000269623028298491
55.03,0.000273040807914402
55.04,0.000276511276913874
55.05,0.000280035349085214
55.0599999999999,0.000283614144777126
55.07,0.000287248531101413
55.08,0.000290939483869346
55.09,0.000294688001467231
55.1,0.000298495098676601
55.11,0.000302361806674155
55.12,0.000306289291729242
55.13,0.000310278688340282
55.14,0.000314331036450224
55.15,0.000318447465056475
55.16,0.000322629122316916
55.17,0.000326877175549909
55.1799999999999,0.000331192839387722
55.19,0.000335577498354271
55.2,0.000340032295349613
55.21,0.000344558502832258
55.22,0.000349157414952075
55.23,0.000353830347550204
55.24,0.000358578638159221
55.25,0.000363403828614969
55.26,0.000368307293972219
55.27,0.000373290426183557
55.28,0.000378354684668482
55.29,0.000383501553498807
55.3,0.000388732541398656
55.3099999999999,0.000394049280249171
55.32,0.000399453510943155
55.33,0.000404946726969881
55.34,0.000410530578316807
55.35,0.000416206743344768
55.36,0.00042197692878788
55.37,0.000427842869753735
55.38,0.00043380668052147
55.39,0.000439870013406949
55.4,0.00044603472645625
55.41,0.000452302719708145
55.42,0.000458675925838452
55.4299999999999,0.000465156310160035
55.44,0.000471746077408917
55.45,0.000478447375370376
55.46,0.000485262199401824
55.47,0.000492192700808143
55.48,0.000499241068283936
55.49,0.000506409527913768
55.5,0.000513700392159226
55.51,0.000521116280957769
55.52,0.000528659428769069
55.53,0.00053633228236633
55.54,0.000544137333321334
55.55,0.000552077118004444
55.5599999999999,0.000560154418296169
55.57,0.000568371831880453
55.58,0.000576732053038074
55.59,0.000585237844988491
55.6,0.000593892020370682
55.61,0.000602697576670294
55.62,0.00061165751108171
55.63,0.000620774764281468
55.64,0.000630052397426068
55.65,0.000639493526162879
55.66,0.000649101409612996
55.67,0.000658879525840954
55.6799999999999,0.000668831074273958
55.69,0.000678959457815188
55.7,0.000689268140974983
55.71,0.000699760654891138
55.72,0.000710440986590831
55.73,0.000721312652899708
55.74,0.000732379439637799
55.75,0.000743645202157109
55.76,0.000755113865341685
55.77,0.000766789694916554
55.78,0.000778676806862972
55.79,0.000790779335144815
55.8,0.000803101563174183
55.8099999999999,0.000815647851807808
55.82,0.000828422777656243
55.83,0.000841431082820139
55.84,0.000854677341569299
55.85,0.000868166343620266
55.86,0.000881902977698455
55.87,0.000895892233186616
55.88,0.000910139263139879
55.89,0.000924649271638681
55.9,0.000939427568756247
55.91,0.000954479587541908
55.92,0.000969810874035287
55.9299999999999,0.000985427096283137
55.94,0.00100133410109243
55.95,0.00101753776806119
55.96,0.00103404413470037
55.97,0.00105085936476906
55.98,0.00106798975047784
55.99,0.00108544173407865
56,0.00110322189804739
56.01,0.00112133692942898
56.02,0.00113979367007377
56.03,0.00115859910366894
56.04,0.00117776035811389
56.05,0.00119728475532226
56.0599999999999,0.0012171797225879
56.07,0.00123745284226436
56.08,0.00125811186116984
56.09,0.00127916468525803
56.1,0.00130061939334446
56.11,0.00132248430483169
56.12,0.00134476779738174
56.13,0.00136747846567219
56.14,0.00139062508111514
56.15,0.00141421659479317
56.16,0.00143826218144167
56.17,0.00146277121058792
56.1799999999999,0.00148775318371985
56.19,0.00151321782757083
56.2,0.00153917506794976
56.21,0.0015656350330201
56.22,0.00159260811165065
56.23,0.00162010484465095
56.24,0.00164813599387132
56.25,0.00167671254715123
56.26,0.00170584571379553
56.27,0.00173554692803328
56.28,0.00176582792077421
56.29,0.00179670060209227
56.3,0.00182817710447323
56.3099999999999,0.00186026982195746
56.32,0.0018929913948149
56.33,0.00192635471327154
56.34,0.00196037302088283
56.35,0.00199505977757043
56.36,0.00203042863812094
56.37,0.00206649357482848
56.38,0.00210326883571393
56.39,0.00214076894873335
56.4,0.00217900880505354
56.41,0.00221800359283635
56.42,0.00225776868567971
56.4299999999999,0.00229831981799093
56.44,0.00233967303230315
56.45,0.00238184468396831
56.46,0.00242485146497853
56.47,0.00246871040742
56.48,0.00251343882349286
56.49,0.00255905438100879
56.5,0.00260557508637229
56.51,0.00265301928943258
56.52,0.00270140568667316
56.53,0.00275075332365865
56.54,0.00280108161133558
56.55,0.00285241032006038
56.5599999999999,0.00290475958760027
56.57,0.00295814992396505
56.58,0.00301260224772159
56.59,0.00306813807738094
56.6,0.003124779042868
56.61,0.00318254729136049
56.62,0.0032414653866373
56.63,0.00330155633068141
56.64,0.00336284359377566
56.65,0.00342535103736335
56.66,0.00348910299184453
56.67,0.00355412420336241
56.6799999999999,0.0036204397722483
56.69,0.0036880753990519
56.7,0.0037570571895229
56.71,0.00382741172479698
56.72,0.00389916608667238
56.73,0.00397234779443876
56.74,0.00404698486760518
56.75,0.00412310586784975
56.76,0.00420073999958562
56.77,0.00427991680170398
56.78,0.0043606664170931
56.79,0.00444301953984372
56.8,0.00452700743969052
56.8099999999999,0.00461266191918755
56.82,0.004700015365293
56.83,0.00478910072669268
56.84,0.00487995148105479
56.85,0.00497260177684363
56.86,0.00506708633177317
56.87,0.00516344048613728
56.88,0.00526170024606234
56.89,0.00536190218109533
56.9,0.00546408352354464
56.91,0.00556828219525301
56.92,0.00567453691155494
56.9299999999999,0.00578288689911368
56.94,0.00589337214516202
56.95,0.00600603336497159
56.96,0.0061209120568105
56.97,0.00623805037726226
56.98,0.006357491265817
56.99,0.00647927843090379
57,0.00660345639121826
57.01,0.00673007042130027
57.02,0.00685916661529157
57.03,0.00699079188666319
57.04,0.00712499417275589
57.05,0.00726182206585618
57.0599999999999,0.00740132510377802
57.07,0.00754355371624343
57.08,0.00768855945726853
57.09,0.00783639464399767
57.1,0.00798711257024675
57.11,0.00814076753204196
57.12,0.00829741493461661
57.13,0.00845711115840506
57.14,0.00861991359694092
57.15,0.00878588073981059
57.16,0.00895507225930295
57.17,0.00912754895189756
57.1799999999999,0.0093033726757341
57.19,0.00948260649757669
57.2,0.00966531473468643
57.21,0.00985156297695895
57.22,0.0100414179529585
57.23,0.010234947709018
57.24,0.0104322216500733
57.25,0.0106333106621104
57.26,0.0108382867786611
57.27,0.0110472235101716
57.28,0.0112601958059259
57.29,0.0114772801787837
57.3,0.0116985544909295
57.3099999999999,0.011924098168583
57.32,0.012153992180885
57.33,0.012388319039543
57.34,0.0126271628880322
57.35,0.0128706094832117
57.36,0.0131187462349779
57.37,0.0133716622543348
57.38,0.0136294483748814
57.39,0.0138921971362293
57.4,0.0141600028610516
57.41,0.0144329616685888
57.42,0.0147111713332828
57.4299999999999,0.0149947316365947
57.44,0.0152837441946474
57.45,0.015578312504007
57.46,0.0158785418538095
57.47,0.0161845392169644
57.48,0.0164964139204792
57.49,0.0168142770891924
57.5,0.0171382418305121
57.51,0.0174684227353947
57.52,0.0178049367332812
57.53,0.0181479028447134
57.54,0.0184974419968051
57.55,0.0188536770089044
57.5599999999999,0.0192167320069445
57.57,0.0195867340903694
57.58,0.0199638120048275
57.59,0.0203480965090759
57.6,0.0207397196863247
57.61,0.0211388157528306
57.62,0.0215455213682835
57.63,0.0219599748696802
57.64,0.0223823164825137
57.65,0.0228126869161134
57.66,0.0232512304618822
57.67,0.0236980926280994
57.6799999999999,0.0241534207370891
57.69,0.0246173632307111
57.7,0.0250900699613401
57.71,0.0255716934779933
57.72,0.0260623875020336
57.73,0.0265623073582607
57.74,0.0270716082669212
57.75,0.0275904485956538
57.76,0.0281189877089147
57.77,0.0286573862198287
57.78,0.029205805519932
57.79,0.0297644073161606
57.8,0.0303333559782735
57.8099999999999,0.0309128162922473
57.82,0.0315029540241745
57.83,0.0321039344547548
57.84,0.0327159246493359
57.85,0.0333390925176023
57.86,0.0339736063156838
57.87,0.0346196345431053
57.88,0.0352773448160603
57.89,0.035946906833472
57.9,0.036628489804803
57.91,0.0373222630356563
57.92,0.0380283948560811
57.9299999999999,0.0387470537443301
57.94,0.0394784085098193
57.95,0.040222627231746
57.96,0.0409798774559086
57.97,0.0417503250327159
57.98,0.0425341361857762
57.99,0.0433314758320679
58,0.0441425077776181
58.01,0.0449673944048666
58.02,0.0458062971222354
58.03,0.0466593757943307
58.04,0.047526788679545
58.05,0.0484086923123315
58.0599999999999,0.0493052415174389
58.07,0.0502165891541285
58.08,0.0511428858945403
58.09,0.0520842802504251
58.1,0.05304091848278
58.11,0.0540129443653964
58.12,0.0550004989031084
58.13,0.0560037205295936
58.14,0.0570227448095855
58.15,0.0580577043081258
58.16,0.0591087284860535
58.17,0.0601759435542296
58.1799999999999,0.0612594723566184
58.19,0.0623594343095484
58.2,0.0634759454491751
58.21,0.0646091177992132
58.22,0.0657590596495366
58.23,0.0669258755294977
58.24,0.0681096660740561
58.25,0.0693105274507693
58.26,0.0705285516926664
58.27,0.071763826791666
58.28,0.0730164362151269
58.29,0.0742864587162287
58.3,0.0755739684949844
58.3099999999999,0.0768790356204191
58.32,0.0782017248845023
58.33,0.0795420962508602
58.34,0.0809002048075613
58.35,0.0822761014323709
58.36,0.0836698310372593
58.37,0.085081433686918
58.38,0.0865109444320864
58.39,0.0879583937499712
58.4,0.0894238059602814
58.41,0.0909072003592912
58.42,0.0924085912635897
58.4299999999999,0.0939279879157094
58.44,0.0954653934842761
58.45,0.0970208059479323
58.46,0.0985942184863462
58.47,0.100185618652221
58.48,0.101794988174812
58.49,0.103422303484273
58.5,0.105067536527061
58.51,0.106730652989107
58.52,0.108411613202493
58.53,0.110110372196114
58.54,0.111826880707596
58.55,0.113561082840611
58.5599999999999,0.115312917774386
58.57,0.117082319455146
58.58,0.118869217650406
58.59,0.120673535608443
58.6,0.122495191831416
58.61,0.12433409984677
58.62,0.126190169293368
58.63,0.128063303376274
58.64,0.129953400872939
58.65,0.131860355819482
58.66,0.13378405807385
58.67,0.135724391960804
58.6799999999999,0.137681237422832
58.69,0.139654470057455
58.7,0.141643961765289
58.71,0.143649578970222
58.72,0.145671184181467
58.73,0.147708635846383
58.74,0.149761788654963
58.75,0.151830492707761
58.76,0.153914594358321
58.77,0.156013936337179
58.78,0.158128357999145
58.79,0.160257694452299
58.8,0.162401777495282
58.8099999999999,0.164560435684386
58.82,0.166733494459638
58.83,0.168920775642414
58.84,0.171122098097172
58.85,0.17333727779455
58.86,0.175566127880513
58.87,0.177808458517976
58.88,0.180064077254045
58.89,0.182332789153401
58.9,0.184614396839689
58.91,0.186908700441568
58.92,0.189215497880794
58.9299999999999,0.19153458497146
58.94,0.193865755482425
58.95,0.196208801195609
58.96,0.1985635120775
58.97,0.20092967633527
58.98,0.203307080549306
58.99,0.205695509789896
59,0.208094747694246
59.01,0.210504576456029
59.02,0.212924777078666
59.03,0.215355129486873
59.04,0.217795412540008
59.05,0.220245404006279
59.0599999999999,0.222704880883555
59.07,0.22517361945861
59.08,0.227651395328926
59.09,0.230137983216091
59.1,0.232633157555193
59.11,0.23513669241058
59.12,0.23764836148384
59.13,0.240167937920308
59.14,0.242695194885967
59.15,0.245229905539331
59.16,0.247771842976551
59.17,0.250320780073915
59.1799999999999,0.252876489985261
59.19,0.255438746190589
59.2,0.258007322393226
59.21,0.260581992297284
59.22,0.263162530139015
59.23,0.265748710820195
59.24,0.268340309685934
59.25,0.270937102413081
59.26,0.273538865390513
59.27,0.276145375919501
59.28,0.278756411989164
59.29,0.281371752100799
59.3,0.28399117563644
59.3099999999999,0.286614463187129
59.32,0.289241396189525
59.33,0.291871756834882
59.34,0.294505328326962
59.35,0.297141895267713
59.36,0.29978124327733
59.37,0.302423158904502
59.38,0.305067429876756
59.39,0.307713845537683
59.4,0.310362196385541
59.41,0.313012274283157
59.42,0.315663871717749
59.4299999999999,0.318316783246132
59.44,0.320970804866067
59.45,0.323625733941275
59.46,0.326281369250622
59.47,0.328937509997135
59.48,0.331593958344296
59.49,0.334250517489175
59.5,0.336906992211857
59.51,0.339563188557585
59.52,0.342218913833201
59.53,0.344873977734654
59.54,0.347528191268496
59.55,0.350181367099773
59.5599999999999,0.352833319220232
59.57,0.355483863495783
59.58,0.358132817619273
59.59,0.360780000902242
59.6,0.363425234393611
59.61,0.366068340156883
59.62,0.368709142863675
59.63,0.371347468631171
59.64,0.373983145341143
59.65,0.376616002358527
59.66,0.3792458700843
59.67,0.381872581820726
59.6799999999999,0.38449597214983
59.69,0.387115877393254
59.7,0.389732135254535
59.71,0.392344585205116
59.72,0.394953068747841
59.73,0.397557428935347
59.74,0.400157510536491
59.75,0.402753161028774
59.76,0.40534422863082
59.77,0.40793056353979
59.78,0.410512017836153
59.79,0.413088445403688
59.8,0.415659700406368
59.8099999999999,0.418225639938895
59.82,0.420786123013053
59.83,0.423341010028927
59.84,0.425890163089136
59.85,0.428433445400582
59.86,0.430970722085735
59.87,0.433501860252037
59.88,0.436026728417507
59.89,0.438545196721346
59.9,0.441057137215692
59.91,0.443562423602943
59.92,0.446060930850344
59.9299999999999,0.448552535732973
59.94,0.451037116649864
59.95,0.453514553392597
59.96,0.455984727147955
59.97,0.45844752118476
59.98,0.460902820119282
59.99,0.463350510124879
60,0.465790478780301
60.01,0.468222614852864
60.02,0.470646809195261
60.03,0.473062953915482
60.04,0.475470942597605
60.05,0.477870670304938
60.0599999999999,0.480262033641299
60.07,0.482644930535598
60.08,0.485019260400218
60.09,0.487384924074162
60.1,0.48974182380725
60.11,0.492089863122973
60.12,0.49442894709971
60.13,0.496758982130871
60.14,0.49907987597401
60.15,0.50139153773937
60.16,0.50369387748418
60.17,0.505986807060875
60.1799999999999,0.508270239486446
60.19,0.510544089046097
60.2,0.51280827130093
60.21,0.515062703069663
60.22,0.517307302356077
60.23,0.51954198849181
60.24,0.521766681994864
60.25,0.523981304591921
60.26,0.526185779205319
60.27,0.528380029986266
60.28,0.53056398237897
60.29,0.532737562772535
60.3,0.534900698798195
60.3099999999999,0.537053319227314
60.32,0.539195353959061
60.33,0.54132673400172
60.34,0.543447391462918
60.35,0.54555725955314
60.36,0.547656272554692
60.37,0.549744365815237
60.38,0.551821475735353
60.39,0.553887539721482
60.4,0.555942496219105
60.41,0.557986284714837
60.42,0.560018845679311
60.4299999999999,0.562040120571189
60.44,0.564050051824568
60.45,0.566048583028612
60.46,0.568035658562275
60.47,0.570011223730708
60.48,0.571975224818271
60.49,0.573927609033923
60.5,0.575868324499428
60.51,0.57779732049418
60.52,0.57971454688655
60.53,0.581619954519112
60.54,0.583513495126751
60.55,0.585395121311125
60.5599999999999,0.587264786533056
60.57,0.589122445139551
60.58,0.590968052254044
60.59,0.592801563847647
60.6,0.59462293670571
60.61,0.596432128417042
60.62,0.598229097377097
60.63,0.600013802940159
60.64,0.601786204984317
60.65,0.603546264252856
60.66,0.605293942246901
60.67,0.60702920121524
60.6799999999999,0.60875200417218
60.69,0.610462315222052
60.7,0.61216009867935
60.71,0.613845319779988
60.72,0.615517944473244
60.73,0.617177939412732
60.74,0.618825271958893
60.75,0.620459910308688
60.76,0.622081823126774
60.77,0.623690979834821
60.78,0.625287350520719
60.79,0.626870905930064
60.8,0.628441617462575
60.8099999999999,0.629999457224454
60.82,0.631544397862287
60.83,0.633076412685078
60.84,0.634595475619991
60.85,0.636101561204023
60.86,0.637594644602916
60.87,0.6390747019447
60.88,0.640541709428071
60.89,0.641995644045575
60.9,0.64343648337484
60.91,0.64486420557147
60.92,0.646278789382482
60.9299999999999,0.64768021440155
60.94,0.649068460385148
60.95,0.650443507805531
60.96,0.65180533769021
60.97,0.653153931615727
60.98,0.654489271694329
60.99,0.65581134047964
61,0.657120121196466
61.01,0.658415597534578
61.02,0.659697753698571
61.03,0.660966574401454
61.04,0.662222044858243
61.05,0.663464150866552
61.0599999999999,0.664692878775417
61.07,0.665908215213978
61.08,0.66711014739287
61.09,0.668298663000434
61.1,0.669473750196779
61.11,0.670635397607846
61.12,0.671783594865222
61.13,0.672918331617451
61.14,0.674039597832156
61.15,0.675147384112498
61.16,0.676241681523105
61.17,0.677322481585723
61.1799999999999,0.678389776275511
61.19,0.679443558081134
61.2,0.680483819844813
61.21,0.681510554885583
61.22,0.682523756959738
61.23,0.683523420256591
61.24,0.684509539394275
61.25,0.685482109295188
61.26,0.686441125125986
61.27,0.687386582873857
61.28,0.688318478741846
61.29,0.689236809327435
61.3,0.690141571617476
61.3099999999999,0.69103276298312
61.32,0.691910381897447
61.33,0.692774426784238
61.34,0.693624896050691
61.35,0.694461788811781
61.36,0.695285104579125
61.37,0.696094843258306
61.38,0.696891005146126
61.39,0.697673590515363
61.4,0.698442600558178
61.41,0.699198036665884
61.42,0.699939900578883
61.4299999999999,0.700668194401757
61.44,0.701382920599741
61.45,0.70208408212081
61.46,0.702771682596767
61.47,0.70344572538541
61.48,0.704106214478029
61.49,0.704753154226839
61.5,0.70538654934257
61.51,0.706006404892083
61.52,0.706612726326725
61.53,0.707205519437865
61.54,0.707784790338155
61.55,0.708350545506128
61.5599999999999,0.708902791766046
61.57,0.709441536285604
61.58,0.709966786573624
61.59,0.710478550281527
61.6,0.710976835399657
61.61,0.711461650528066
61.62,0.711933004435079
61.63,0.712390906207069
61.64,0.712835365245472
61.65,0.713266391263788
61.66,0.713683994413387
61.67,0.714088185212206
61.6799999999999,0.71447897421278
61.69,0.714856372411001
61.7,0.715220391108951
61.71,0.715571041912462
61.72,0.715908336728672
61.73,0.716232288112249
61.74,0.716542909318032
61.75,0.716840212829046
61.76,0.717124211946231
61.77,0.717394920290034
61.78,0.717652351799811
61.79,0.717896520733228
61.8,0.718127441434385
61.8099999999999,0.718345128050493
61.82,0.718549596099747
61.83,0.71874086092505
61.84,0.718918938158478
61.85,0.719083843719078
61.86,0.719235593810674
61.87,0.719374205042326
61.88,0.719499694805021
61.89,0.719612079885652
61.9,0.719711377739657
61.91,0.719797606115713
61.92,0.719870783054734
61.9299999999999,0.719930926888867
61.94,0.719978056134208
61.95,0.720012188722612
61.96,0.720033344257894
61.97,0.720041542037893
61.98,0.720036801619164
61.99,0.720019142814285
62,0.719988585689159
62.01,0.719945150618534
62.02,0.719888859684674
62.03,0.719819733073114
62.04,0.719737792102462
62.05,0.71964305837012
62.0599999999999,0.71953555375199
62.07,0.719415300402188
62.08,0.719282320752752
62.09,0.719136636757148
62.1,0.718978271685834
62.11,0.71880724868882
62.12,0.718623591158758
62.13,0.718427322744595
62.14,0.718218467350109
62.15,0.717997049132438
62.16,0.717763093048585
62.17,0.717516623614415
62.1799999999999,0.717257665795037
62.19,0.716986244863672
62.2,0.716702386355631
62.21,0.716406116067771
62.22,0.716097460057982
62.23,0.715776443966726
62.24,0.715443094460161
62.25,0.715097438343582
62.26,0.714739502554057
62.27,0.714369314265074
62.28,0.713986900884718
62.29,0.713592290053854
62.3,0.713185510220435
62.3099999999999,0.712766589480909
62.32,0.712335556138279
62.33,0.71189243888119
62.34,0.711437266639796
62.35,0.710970068584962
62.36,0.710490874127458
62.37,0.709999713000002
62.38,0.70949661530712
62.39,0.708981611074665
62.4,0.708454730716564
62.41,0.707916004889656
62.42,0.707365464493295
62.4299999999999,0.706803140668953
62.44,0.706229064799811
62.45,0.705643267881383
62.46,0.705045781907056
62.47,0.704436638955387
62.48,0.703815871243244
62.49,0.703183511210229
62.5,0.702539591517326
62.51,0.701884145045549
62.52,0.701217204849568
62.53,0.700538804175716
62.54,0.699848976590422
62.55,0.699147755820175
62.5599999999999,0.698435175801849
62.57,0.697711270681177
62.58,0.696976074811248
62.59,0.69622962275096
62.6,0.695471950415146
62.61,0.694703092354977
62.62,0.693923083868676
62.63,0.693131960533375
62.64,0.692329758151853
62.65,0.691516512752558
62.66,0.690692260589617
62.67,0.689857037879349
62.6799999999999,0.689010881082283
62.69,0.688153827250976
62.7,0.687285913444194
62.71,0.686407176933195
62.72,0.685517655201
62.73,0.684617385941658
62.74,0.683706407048857
62.75,0.682784756285605
62.76,0.681852472129666
62.77,0.680909593056673
62.78,0.679956157741865
62.79,0.678992205058892
62.8,0.678017774078616
62.8099999999999,0.677032904067911
62.82,0.676037634434051
62.83,0.675032004794544
62.84,0.674016055001837
62.85,0.672989825068227
62.86,0.671953355191747
62.87,0.670906685754634
62.88,0.669849857693593
62.89,0.668782912012643
62.9,0.667705889605509
62.91,0.666618831758205
62.92,0.665521779962858
62.9299999999999,0.664414775918233
62.94,0.66329786156747
62.95,0.662171079054858
62.96,0.661034470697022
62.97,0.659888079035544
62.98,0.658731946819784
62.99,0.657566116131229
63,0.656390629671871
63.01,0.655205530850117
63.02,0.654010862900621
63.03,0.652806669229624
63.04,0.651592993490204
63.05,0.650369879458742
63.0599999999999,0.649137371057035
63.07,0.647895512404804
63.08,0.646644347796206
63.09,0.645383922304619
63.1,0.644114280701012
63.11,0.642835467835859
63.12,0.641547528901137
63.13,0.640250509283958
63.14,0.638944454378713
63.15,0.637629409946973
63.16,0.63630542194367
63.17,0.634972536479041
63.1799999999999,0.633630799852546
63.19,0.632280257511956
63.2,0.630920956164281
63.21,0.629552942543595
63.22,0.628176263411455
63.23,0.626790965688491
63.24,0.625397096352013
63.25,0.623994702656924
63.26,0.622583831986739
63.27,0.621164531873451
63.28,0.619736850005649
63.29,0.61830083484409
63.3,0.616856534509987
63.3099999999999,0.615403997175204
63.32,0.613943271343958
63.33,0.61247440569605
63.34,0.610997448986168
63.35,0.60951245017018
63.36,0.608019458470537
63.37,0.606518523227921
63.38,0.605009693954369
63.39,0.603493019891571
63.4,0.601968550127156
63.41,0.600436334898809
63.42,0.598896424139647
63.4299999999999,0.597348867926759
63.44,0.595793716432281
63.45,0.594231019822688
63.46,0.592660828666724
63.47,0.591083193566348
63.48,0.589498165262137
63.49,0.587905794685881
63.5,0.586306133701172
63.51,0.584699233199302
63.52,0.583085144651707
63.53,0.581463919687338
63.54,0.579835610092674
63.55,0.578200267675184
63.5599999999999,0.576557944566355
63.57,0.574908693008007
63.58,0.573252565387441
63.59,0.571589614246688
63.6,0.569919891690785
63.61,0.568243449846634
63.62,0.566560341953749
63.63,0.564870620901009
63.64,0.563174339705196
63.65,0.561471551503154
63.66,0.559762309104505
63.67,0.558046666072082
63.6799999999999,0.55632467585158
63.69,0.554596392008054
63.7,0.552861868225958
63.71,0.551121158813629
63.72,0.549374318032636
63.73,0.547621399826495
63.74,0.545862458541245
63.75,0.544097548660277
63.76,0.542326724806423
63.77,0.54055004175619
63.78,0.538767554398579
63.79,0.536979317770075
63.8,0.535185387044885
63.8099999999999,0.533385817534938
63.82,0.53158066368567
63.83,0.529769980792519
63.84,0.527953824640489
63.85,0.526132250790885
63.86,0.524305314913647
63.87,0.522473072652769
63.88,0.520635579356679
63.89,0.518792891214186
63.9,0.516945064206913
63.91,0.515092154412885
63.92,0.513234218006534
63.9299999999999,0.511371312137857
63.94,0.509503493396214
63.95,0.507630818190437
63.96,0.50575334333173
63.97,0.503871125751596
63.98,0.501984222484089
63.99,0.500092690566175
64,0.498196587338989
64.01,0.496295970188249
64.02,0.494390896617262
64.03,0.492481424246924
64.04,0.490567609938243
64.05,0.488649511056666
64.0599999999999,0.486727185730331
64.07,0.484800691755543
64.08,0.482870087017926
64.09,0.480935429476541
64.1,0.478996776824717
64.11,0.477054187350133
64.12,0.475107719229236
64.13,0.473157430721058
64.14,0.471203380167202
64.15,0.469245626344065
64.16,0.467284228102176
64.17,0.465319243914687
64.1799999999999,0.463350732596189
64.19,0.461378753057652
64.2,0.459403364306465
64.21,0.457424625558576
64.22,0.455442595974501
64.23,0.453457334864672
64.24,0.451468901640863
64.25,0.449477355812898
64.26,0.447482756988637
64.27,0.445485163321148
64.28,0.443484635200735
64.29,0.441481232321317
64.3,0.439475014427226
64.3099999999999,0.437466041338512
64.32,0.435454372950924
64.33,0.433440068282574
64.34,0.43142318776322
64.35,0.429403791378485
64.36,0.427381939173187
64.37,0.425357691254411
64.38,0.423331107803659
64.39,0.421302250321554
64.4,0.419271178584764
64.41,0.41723795313806
64.42,0.41520263460648
64.4299999999999,0.413165283695341
64.44,0.411125961191442
64.45,0.409084728014071
64.46,0.40704164508755
64.47,0.404996773446358
64.48,0.402950174206052
64.49,0.400901908563198
64.5,0.398852037724234
64.51,0.396800621119816
64.52,0.394747720977887
64.53,0.392693398521771
64.54,0.390637715027565
64.55,0.388580731824141
64.5599999999999,0.386522510301699
64.57,0.384463112060544
64.58,0.382402598519967
64.59,0.380341031246024
64.6,0.378278471860024
64.61,0.376214982038559
64.62,0.374150623554781
64.63,0.37208545881327
64.64,0.37001954940315
64.65,0.36795295732116
64.66,0.365885744628687
64.67,0.363817973451762
64.6799999999999,0.361749705949083
64.69,0.359681003991057
64.7,0.357611930055741
64.71,0.355542546464614
64.72,0.35347291559783
64.73,0.351403099894253
64.74,0.349333161797689
64.75,0.347263163327624
64.76,0.345193167319669
64.77,0.343123236357414
64.78,0.341053433074634
64.79,0.338983820155281
64.8,0.336914460342909
64.8099999999999,0.334845416501736
64.82,0.332776751433327
64.83,0.330708528036073
64.84,0.3286408092598
64.85,0.326573658105807
64.86,0.324507137657929
64.87,0.322441311247379
64.88,0.320376241936224
64.89,0.318311992971462
64.9,0.316248627655312
64.91,0.314186209345212
64.92,0.312124801447772
64.9299999999999,0.31006446739225
64.94,0.308005270717689
64.95,0.305947274995489
64.96,0.303890543851581
64.97,0.301835140966463
64.98,0.299781130186752
64.99,0.297728575987559
65,0.295677542032543
65.01,0.293628092397801
65.02,0.291580291233676
65.03,0.28953420240503
65.04,0.287489889084805
65.05,0.285447415922994
65.0599999999999,0.283406847025492
65.07,0.281368246535008
65.08,0.279331678871985
65.09,0.277297208683767
65.1,0.275264900129704
65.11,0.273234817660246
65.12,0.271207025779998
65.13,0.26918158963498
65.14,0.267158574443129
65.15,0.265138044770485
65.16,0.263120065635948
65.17,0.261104702144417
65.1799999999999,0.259092019489587
65.19,0.257082082949857
65.2,0.255074957888068
65.21,0.25307070975424
65.22,0.251069404084513
65.23,0.249071106336478
65.24,0.247075882185828
65.25,0.245083797415548
65.26,0.243094917851191
65.27,0.241109309398682
65.28,0.239127038666178
65.29,0.23714817174498
65.3,0.235172774941411
65.3099999999999,0.2332009147518
65.32,0.231232657800769
65.33,0.229268070883113
65.34,0.227307220901291
65.35,0.225350174895053
65.36,0.223397000058048
65.37,0.221447763733887
65.38,0.219502533181885
65.39,0.217561375925286
65.4,0.215624359741865
65.41,0.213691552472426
65.42,0.211763022101253
65.4299999999999,0.20983883692768
65.44,0.207919065387109
65.45,0.206003775921063
65.46,0.204093037227242
65.47,0.2021869181786
65.48,0.200285488191664
65.49,0.198388817036501
65.5,0.196496974129757
65.51,0.194610029401019
65.52,0.192728053033064
65.53,0.190851115396534
65.54,0.188979287037643
65.55,0.187112638960847
65.5599999999999,0.185251242362203
65.57,0.183395168717009
65.58,0.181544489608386
65.59,0.179699276438027
65.6,0.177859601636526
65.61,0.176025537589716
65.62,0.17419715694516
65.63,0.172374532753176
65.64,0.170557739095717
65.65,0.168746849291677
65.66,0.166941937402548
65.67,0.165143077831126
65.6799999999999,0.163350345435201
65.69,0.161563817038457
65.7,0.159783567828612
65.71,0.158009674233527
65.72,0.156242213175782
65.73,0.154481262090021
65.74,0.152726898304476
65.75,0.150979200320371
65.76,0.149238246926425
65.77,0.147504117418296
65.78,0.145776890569507
65.79,0.144056646244306
65.8,0.1423434648939
65.8099999999999,0.140637427181191
65.82,0.138938614633433
65.83,0.137247109292554
65.84,0.135562993194344
65.85,0.133886349085292
65.86,0.132217262034517
65.87,0.130555821248061
65.88,0.128902111641291
65.89,0.12725622138511
65.9,0.125618239384983
65.91,0.123988250999584
65.92,0.122366348312891
65.9299999999999,0.120752622332432
65.94,0.119147165025543
65.95,0.11755005989054
65.96,0.115961399716253
65.97,0.114381275257312
65.98,0.112809776718936
65.99,0.111247000851139
66,0.109693044313088
66.01,0.108148002567328
66.02,0.106611974768565
66.03,0.105085062687068
66.04,0.103567369772911
66.05,0.102059000324817
66.0599999999999,0.100560047759153
66.07,0.0990706188978663
66.08,0.0975908164505443
66.09,0.0961207430602607
66.1,0.0946605010753513
66.11,0.0932101923753393
66.12,0.0917699272813168
66.13,0.0903398202170666
66.14,0.0889199841915572
66.15,0.08751052864648
66.16,0.0861115723996209
66.17,0.0847232319025137
66.1799999999999,0.0833456140030458
66.19,0.0819788335661281
66.2,0.0806230044323697
66.21,0.0792782408965417
66.22,0.0779446533133075
66.23,0.0766223710454015
66.24,0.0753115158684875
66.25,0.0740122137572639
66.26,0.0727245836653757
66.27,0.0714487566839083
66.28,0.0701848547424888
66.29,0.0689329929716854
66.3,0.0676932913555975
66.3099999999999,0.0664658744779033
66.32,0.0652508596901398
66.33,0.0640483649890723
66.34,0.0628585243463755
66.35,0.061681461943745
66.36,0.0605173043616232
66.37,0.0593661751711923
66.38,0.0582282058273329
66.39,0.0571035097676856
66.4,0.0559922028040661
66.41,0.0548943983773783
66.42,0.0538102118237604
66.4299999999999,0.0527397467234807
66.44,0.0516831116241
66.45,0.0506404240948105
66.46,0.0496117901115485
66.47,0.0485973138219316
66.48,0.0475971003869415
66.49,0.0466112542644342
66.5,0.0456398492228057
66.51,0.0446829719574755
66.52,0.0437406987049752
66.53,0.0428131078389241
66.54,0.0419002597816147
66.55,0.0410022179774405
66.5599999999999,0.0401190399852516
66.57,0.0392507754483396
66.58,0.0383974626720499
66.59,0.0375591386727866
66.6,0.0367358295870607
66.61,0.0359275478053398
66.62,0.0351343013970259
66.63,0.0343560875235994
66.64,0.0335928935925998
66.65,0.0328446948031284
66.66,0.0321114599866163
66.67,0.0313931465299899
66.6799999999999,0.0306896999056144
66.69,0.0300010573078031
66.7,0.0293271441072439
66.71,0.0286678752052549
66.72,0.0280231541954852
66.73,0.0273928739739946
66.74,0.0267769166031245
66.75,0.0261751543753543
66.76,0.0255874471875429
66.77,0.0250136464646889
66.78,0.0244535948206765
66.79,0.0239071227072276
66.8,0.023374054267262
66.8099999999999,0.022854204281813
66.82,0.0223473782698053
66.83,0.0218533754307027
66.84,0.0213719867380894
66.85,0.0209029960328317
66.86,0.0204461843310605
66.87,0.0200013241947518
66.88,0.0195681840749316
66.89,0.0191465293152781
66.9,0.0187361204778135
66.91,0.0183367155239679
66.92,0.0179480708700743
66.9299999999999,0.0175699404152388
66.94,0.0172020773008268
66.95,0.0168442344192888
66.96,0.0164961646844987
66.97,0.0161576215503441
66.98,0.0158283593184813
66.99,0.0155081347111155
67,0.0151967055532196
67.01,0.0148938320190962
67.02,0.0145992785001997
67.03,0.0143128118359853
67.04,0.0140342004512339
67.05,0.0137632195826352
67.0599999999999,0.0134996479706897
67.07,0.013243265252407
67.08,0.0129938594475476
67.09,0.0127512224774566
67.1,0.0125151488723485
67.11,0.0122854394199086
67.12,0.0120619008176581
67.13,0.0118443433563654
67.14,0.011632581539622
67.15,0.0114264372347825
67.16,0.0112257364215127
67.17,0.0110303078231434
67.1799999999999,0.0108399880878819
67.19,0.0106546181092894
67.2,0.0104740414979515
67.21,0.0102981088142181
67.22,0.0101266748689076
67.23,0.0099595985212406
67.24,0.00979674338623875
67.25,0.00963797794702836
67.26,0.00948317473024328
67.27,0.00933221023744196
67.28,0.00918496577754029
67.29,0.00904132646500036
67.3,0.00890118014788404
67.3099999999999,0.00876441974634435
67.32,0.00863094142393314
67.33,0.00850064398994699
67.34,0.00837343021031572
67.35,0.00824920591647662
67.36,0.00812788060270673
67.37,0.00800936723861313
67.38,0.0078935809486061
67.39,0.00778044017930231
67.4,0.00766986673069686
67.41,0.00756178472144222
67.42,0.00745612117776069
67.4299999999999,0.00735280472083761
67.44,0.0072517668107679
67.45,0.00715294137988999
67.46,0.00705626452842827
67.47,0.00696167477182957
67.48,0.00686911215366367
67.49,0.00677851880316539
67.5,0.0066898393406246
67.51,0.00660301956065002
67.52,0.00651800717948562
67.53,0.0064347521044491
67.54,0.00635320590994692
67.55,0.00627332144778564
67.5599999999999,0.00619505326612329
67.57,0.00611835728030887
67.58,0.00604319097997267
67.59,0.00596951315328732
67.6,0.00589728410807912
67.61,0.00582646532635537
67.62,0.00575701941877305
67.63,0.00568891022332103
67.64,0.00562210287468333
67.65,0.00555656334835892
67.66,0.00549225870041386
67.67,0.00542915723313861
67.6799999999999,0.00536722817068014
67.69,0.00530644148041388
67.7,0.00524676812657676
67.71,0.00518818034018273
67.72,0.00513065076165017
67.73,0.00507415298926166
67.74,0.00501866146524617
67.75,0.00496415140259302
67.76,0.00491059868005073
67.77,0.00485797989834182
67.78,0.0048062724023331
67.79,0.00475545409419121
67.8,0.00470550350935671
67.8099999999999,0.00465639993061935
67.82,0.00460812327490801
67.83,0.0045606537728882
67.84,0.0045139722780408
67.85,0.0044680602532688
67.86,0.00442290009244126
67.87,0.00437847407714987
67.88,0.00433476518361437
67.89,0.00429175684128813
67.9,0.00424943321275855
67.91,0.00420777857815765
67.92,0.00416677773152395
67.9299999999999,0.00412641587315856
67.94,0.00408667859107134
67.95,0.00404755183582012
67.96,0.00400902190283781
67.97,0.00397107541798721
67.98,0.00393369944807155
67.99,0.00389688149285307
68,0.003860609102361
68.01,0.00382487022445392
68.02,0.00378965316664484
68.03,0.00375494707046734
68.04,0.00372074069355859
68.05,0.00368702334124883
68.0599999999999,0.00365378461428004
68.07,0.00362101377620984
68.08,0.00358870089116397
68.09,0.00355683613389795
68.1,0.00352540982495637
68.11,0.00349441294732352
68.12,0.003463836619755
68.13,0.00343367184220585
68.14,0.0034039100178787
68.15,0.00337454262883936
68.16,0.00334556111024413
68.17,0.00331695745615885
68.1799999999999,0.00328872365977667
68.19,0.00326085190109938
68.2,0.00323333521213739
68.21,0.00320616597386053
68.22,0.00317933703810086
68.23,0.00315284143626663
68.24,0.00312667203931892
68.25,0.00310082211511012
68.26,0.00307528507479453
68.27,0.00305005440571908
68.28,0.00302512374346296
68.29,0.00300048684200517
68.3,0.00297613752726301
68.3099999999999,0.00295206974261613
68.32,0.00292827758847842
68.33,0.002904755453717
68.34,0.00288149756286173
68.35,0.00285849834496027
68.36,0.0028357523298352
68.37,0.00281325397337193
68.38,0.00279099799992503
68.39,0.00276897914517391
68.4,0.00274719221371851
68.41,0.0027256323690115
68.42,0.00270429471420038
68.4299999999999,0.00268317434901746
68.44,0.00266226653736809
68.45,0.00264156647361977
68.46,0.00262106928853594
68.47,0.00260077046476498
68.48,0.00258066540821388
68.49,0.00256074958459117
68.5,0.0025410186219387
68.51,0.00252146803600883
68.52,0.00250209343767682
68.53,0.00248289047407623
68.54,0.00246385505961752
68.55,0.00244498294122581
68.5599999999999,0.00242626995268648
68.57,0.00240771199376772
68.58,0.00238930497233555
68.59,0.00237104484430582
68.6,0.00235292763369325
68.61,0.00233494938656796
68.62,0.00231710616877616
68.63,0.0022993940485638
68.64,0.00228180916745982
68.65,0.00226434767334469
68.66,0.00224700574262308
68.67,0.00222977970742474
68.6799999999999,0.00221266577259445
68.69,0.00219566022489597
68.7,0.00217875937835496
68.71,0.00216195965070365
68.72,0.00214525743817722
68.73,0.0021286491627791
68.74,0.00211213129301825
68.75,0.0020957003327007
68.76,0.00207935282070325
68.77,0.00206308532860154
68.78,0.00204689446328047
68.79,0.0020307769087284
68.8,0.00201472935159056
68.8099999999999,0.00199874852989905
68.82,0.00198283124447905
68.83,0.00196697437317175
68.84,0.00195117480418586
68.85,0.00193542949674
68.86,0.0019197354880472
68.87,0.00190408986447283
68.88,0.00188848977758369
68.89,0.00187293245491706
68.9,0.00185741521421288
68.91,0.00184193542844476
68.92,0.00182649055843075
68.9299999999999,0.00181107818011046
68.94,0.00179569594994131
68.95,0.00178034161043611
68.96,0.00176501301411589
68.97,0.00174970813787137
68.98,0.0017344250501054
68.99,0.00171916194236973
69,0.0017039171254673
69.01,0.00168868903509436
69.02,0.00167347623746098
69.03,0.00165827743210305
69.04,0.00164309146095727
69.05,0.0016279173048023
69.0599999999999,0.00161275409334428
69.07,0.00159760110449686
69.08,0.00158245776933114
69.09,0.00156732368386028
69.1,0.00155219860596398
69.11,0.00153708240594726
69.12,0.001521975167746
69.13,0.00150687713158303
69.14,0.00149178868334292
69.15,0.00147671033891499
69.16,0.00146164283612138
69.17,0.00144658706050464
69.1799999999999,0.00143154401094655
69.19,0.00141651488469477
69.2,0.00140150104385173
69.21,0.00138650398977427
69.22,0.00137152532450824
69.23,0.00135656687096849
69.24,0.00134163057827327
69.25,0.00132671848130251
69.26,0.00131183275222762
69.27,0.00129697571148969
69.28,0.00128214976308753
69.29,0.00126735742386799
69.3,0.00125260131698926
69.3099999999999,0.00123788416094244
69.32,0.0012232087620493
69.33,0.00120857800983711
69.34,0.00119399481757955
69.35,0.00117946218603386
69.36,0.00116498316820337
69.37,0.00115056083775658
69.38,0.00113619830894493
69.39,0.00112189871602731
69.4,0.0011076651871971
69.41,0.00109350086275934
69.42,0.00107940887035973
69.4299999999999,0.00106539231998768
69.44,0.00105145429135129
69.45,0.00103759782785276
69.46,0.00102382596565698
69.47,0.00101014166017148
69.48,0.000996547821435427
69.49,0.000983047315531009
69.5,0.000969642924152281
69.51,0.000956337358603529
69.52,0.000943133243152261
69.53,0.000930033115501327
69.54,0.000917039417508039
69.55,0.000904154511481654
69.5599999999999,0.000891380631223944
69.57,0.000878719916108647
69.58,0.00086617445234333
69.59,0.000853746160390346
69.6,0.000841436871561293
69.61,0.000829248323628502
69.62,0.000817182121468831
69.63,0.000805239765361415
69.64,0.00079342265396473
69.65,0.000781732054654262
69.66,0.000770169128025694
69.67,0.000758734931220825
69.6799999999999,0.000747430390128566
69.69,0.000736256335142643
69.7,0.000725213512416693
69.71,0.000714302527820516
69.72,0.000703523895782179
69.73,0.000692878032212262
69.74,0.00068236524441252
69.75,0.000671985748482559
69.76,0.000661739674199473
69.77,0.000651627045173932
69.78,0.000641647805847387
69.79,0.000631801824555601
69.8,0.000622088874475846
69.8099999999999,0.00061250865359901
69.82,0.000603060782784979
69.83,0.000593744809695257
69.84,0.000584560211799123
69.85,0.000575506400024438
69.86,0.000566582718623173
69.87,0.000557788456194366
69.88,0.000549122850510384
69.89,0.000540585078087222
69.9,0.000532174267183834
69.91,0.000523889497727933
69.92,0.000515729809011434
69.9299999999999,0.000507694193587536
69.94,0.000499781592549927
69.95,0.000491990923756667
69.96,0.000484321066298199
69.97,0.000476770874129448
69.98,0.0004693391661194
69.99,0.000462024737615686
70,0.000454826354774406
70.01,0.000447742768880048
70.02,0.000440772711248528
70.03,0.000433914883161844
70.04,0.000427167981928918
70.05,0.000420530688850501
70.0599999999999,0.000414001667707332
70.07,0.000407579575355865
70.08,0.000401263061118976
70.09,0.000395050763491637
70.1,0.000388941316303228
70.11,0.000382933351899654
70.12,0.000377025496338317
70.13,0.000371216372998
70.14,0.000365504609546869
70.15,0.000359888832017892
70.16,0.000354367666251374
70.17,0.000348939745979052
70.1799999999999,0.000343603706657117
70.19,0.000338358182669291
70.2,0.000333201821892534
70.21,0.000328133276022584
70.22,0.00032315119754889
70.23,0.000318254253434885
70.24,0.00031344111719087
70.25,0.000308710474545685
70.26,0.000304061019645035
70.27,0.000299491459090198
70.28,0.000295000503353909
70.29,0.000290586880972811
70.3,0.000286249332332844
70.3099999999999,0.000281986604361459
70.32,0.000277797456908534
70.33,0.000273680665671815
70.34,0.000269635018207541
70.35,0.000265659316047467
70.36,0.00026175237394581
70.37,0.000257913020956007
70.38,0.000254140099195755
70.39,0.000250432467282014
70.4,0.000246788998399215
70.41,0.000243208573153455
70.42,0.000239690093856233
70.4299999999999,0.000236232475312747
70.44,0.000232834645866455
70.45,0.000229495549148886
70.46,0.00022621414381531
70.47,0.000222989403657524
70.48,0.000219820317744178
70.49,0.000216705889997176
70.5,0.000213645138609473
70.51,0.000210637094383122
70.52,0.000207680806780004
70.53,0.000204775339007142
70.54,0.000201919766129528
70.55,0.000199113178446547
70.5599999999999,0.000196354682466727
70.57,0.000193643398194689
70.58,0.000190978459956635
70.59,0.000188359016415095
70.6,0.000185784230476985
70.61,0.000183253278965578
70.62,0.000180765352028621
70.63,0.000178319654758458
70.64,0.000175915405771427
70.65,0.000173551835122756
70.66,0.000171228186288217
70.67,0.000168943717500099
70.6799999999999,0.00016669769914715
70.69,0.000164489414515357
70.7,0.000162318159475361
70.71,0.000160183242450342
70.72,0.000158083984719942
70.73,0.00015601972151347
70.74,0.000153989798509728
70.75,0.000151993574380092
70.76,0.000150030417780444
70.77,0.0001480997092117
70.78,0.000146200842710518
70.79,0.000144333222821971
70.8,0.000142496263478584
70.8099999999999,0.000140689387652497
70.82,0.00013891203251641
70.83,0.000137163644023878
70.84,0.000135443679777169
70.85,0.000133751612321011
70.86,0.000132086917818755
70.87,0.000130449085135404
70.88,0.000128837612954427
70.89,0.000127252006702694
70.9,0.000125691785106003
70.91,0.000124156474964741
70.92,0.000122645612287626
70.9299999999999,0.000121158743962054
70.94,0.000119695424049018
70.95,0.000118255216044106
70.96,0.000116837692254003
70.97,0.000115442428593897
70.98,0.000114069012440419
70.99,0.000112717039287663
71,0.000111386111333687
71.01,0.000110075842631485
71.02,0.000108785853819361
71.03,0.00010751577021926
71.04,0.000106265226191039
71.05,0.000105033864301063
71.0599999999999,0.000103821334953415
71.07,0.000102627294559996
71.08,0.000101451407277963
71.09,0.000100293342434476
71.1,9.91527724508711e-05
71.11,9.80293825153083e-05
71.12,9.69228615403787e-05
71.13,9.58329045080978e-05
71.14,9.47592130524973e-05
71.15,9.3701494399478e-05
71.16,9.26594609849182e-05
71.17,9.16328310645414e-05
71.1799999999999,9.06213282923798e-05
71.19,8.96246870436403e-05
71.2,8.86426412402665e-05
71.21,8.76749317792881e-05
71.22,8.67213050481964e-05
71.23,8.57815124514035e-05
71.24,8.48553099414188e-05
71.25,8.39424590981008e-05
71.26,8.30427260104255e-05
71.27,8.21558814396679e-05
71.28,8.12817004554743e-05
71.29,8.0419962544709e-05
71.3,7.95704517619733e-05
71.3099999999999,7.87329562160092e-05
71.32,7.79072680837224e-05
71.33,7.70931862249039e-05
71.34,7.62905109788593e-05
71.35,7.54990469384777e-05
71.36,7.47186028441251e-05
71.37,7.39489913454287e-05
71.38,7.31900296675665e-05
71.39,7.24415375033329e-05
71.4,7.1703338553824e-05
71.41,7.09752600089521e-05
71.42,7.02571323631198e-05
71.4299999999999,6.9548789390228e-05
71.44,6.88500682452783e-05
71.45,6.81608091451678e-05
71.46,6.74808553565977e-05
71.47,6.68100533567629e-05
71.48,6.61482543451611e-05
71.49,6.54953098157339e-05
71.5,6.48510750679416e-05
71.51,6.42154081500982e-05
71.52,6.35881697834188e-05
71.53,6.29692253353745e-05
71.54,6.23584409055641e-05
71.55,6.17556851978005e-05
71.5599999999999,6.11608297583132e-05
71.57,6.05737485823352e-05
71.58,5.99943183096116e-05
71.59,5.94224179994989e-05
71.6,5.88579285866799e-05
71.61,5.83007334232054e-05
71.62,5.77507180250687e-05
71.63,5.72077701713229e-05
71.64,5.66717808587191e-05
71.65,5.6142641466598e-05
71.66,5.56202459959141e-05
71.67,5.51044903865353e-05
71.6799999999999,5.45952724621318e-05
71.69,5.40924936855533e-05
71.7,5.35960557039989e-05
71.71,5.31058620346491e-05
71.72,5.26218182716967e-05
71.73,5.21438317548349e-05
71.74,5.16718116641834e-05
71.75,5.12056688870536e-05
71.76,5.07453157190339e-05
71.77,5.02906661420874e-05
71.78,4.98416356787705e-05
71.79,4.93981414046857e-05
71.8,4.8960102232478e-05
71.8099999999999,4.85274379283316e-05
71.82,4.81000698677652e-05
71.83,4.76779207712691e-05
71.84,4.72609146624207e-05
71.85,4.6848977671243e-05
71.86,4.64420386321759e-05
71.87,4.60400246819479e-05
71.88,4.56428654881249e-05
71.89,4.52504919561721e-05
71.9,4.48628361978988e-05
71.91,4.44798322258991e-05
71.92,4.41014153477622e-05
71.9299999999999,4.37275209609263e-05
71.94,4.33580861483904e-05
71.95,4.29930491187382e-05
71.96,4.26323491800135e-05
71.97,4.22759250835104e-05
71.98,4.19237175105195e-05
71.99,4.1575668877676e-05
72,4.12317218842418e-05
72.01,4.08918200758164e-05
72.02,4.05559078096648e-05
72.03,4.02239343103292e-05
72.04,3.98958461861184e-05
72.05,3.95715912088944e-05
72.0599999999999,3.92511187572945e-05
72.07,3.8934379247197e-05
72.08,3.86213202826958e-05
72.09,3.83118947266237e-05
72.1,3.80060547954394e-05
72.11,3.77037533792854e-05
72.12,3.7404944057988e-05
72.13,3.71095808209621e-05
72.14,3.68176186673641e-05
72.15,3.65290130789848e-05
72.16,3.62437201238854e-05
72.17,3.5961697242398e-05
72.1799999999999,3.56829048836301e-05
72.19,3.54073004678285e-05
72.2,3.51348436066379e-05
72.21,3.48654946499426e-05
72.22,3.45992144512928e-05
72.23,3.43359643565289e-05
72.24,3.40757069036691e-05
72.25,3.3818405091299e-05
72.26,3.35640225838839e-05
72.27,3.33125221336261e-05
72.28,3.30638670320123e-05
72.29,3.28180226537668e-05
72.3,3.25749539630947e-05
72.3099999999999,3.23346263006198e-05
72.32,3.20970077625658e-05
72.33,3.1862065572354e-05
72.34,3.16297666019312e-05
72.35,3.14000789198408e-05
72.36,3.11729711153284e-05
72.37,3.09484125877799e-05
72.38,3.07263729904175e-05
72.39,3.05068225297979e-05
72.4,3.0289731971926e-05
72.41,3.00750726041344e-05
72.42,2.98628140279438e-05
72.4299999999999,2.96529289450971e-05
72.44,2.94453894997157e-05
72.45,2.92401681990925e-05
72.46,2.90372379073222e-05
72.47,2.88365726242965e-05
72.48,2.86381458656682e-05
72.49,2.84419317023415e-05
72.5,2.82479046159837e-05
72.51,2.80560394328453e-05
72.52,2.78663120767083e-05
72.53,2.76786981540639e-05
72.54,2.74931736524389e-05
72.55,2.73097150414235e-05
72.5599999999999,2.71282991516962e-05
72.57,2.69489030046093e-05
72.58,2.67715040750251e-05
72.59,2.65960802148279e-05
72.6,2.64226095606402e-05
72.61,2.62510705696086e-05
72.62,2.60814417941752e-05
72.63,2.59137021670902e-05
72.64,2.57478310388577e-05
72.65,2.55838079491203e-05
72.66,2.54216127020087e-05
72.67,2.52612257246958e-05
72.6799999999999,2.51026277117353e-05
72.69,2.49457992384634e-05
72.7,2.47907213608776e-05
72.71,2.46373754101569e-05
72.72,2.44857428548363e-05
72.73,2.43358053530205e-05
72.74,2.41875450407557e-05
72.75,2.40409441872652e-05
72.76,2.38959852937029e-05
72.77,2.37526512924744e-05
72.78,2.36109255679911e-05
72.79,2.34707911846813e-05
72.8,2.33322316869329e-05
72.8099999999999,2.3195230850967e-05
72.82,2.30597726810372e-05
72.83,2.29258412816062e-05
72.84,2.27934209718324e-05
72.85,2.26624964368169e-05
72.86,2.25330524814435e-05
72.87,2.24050741074315e-05
72.88,2.22785465086815e-05
72.89,2.21534552783354e-05
72.9,2.20297860737869e-05
72.91,2.19075246420046e-05
72.92,2.17866569943059e-05
72.9299999999999,2.16671693265056e-05
72.94,2.15490480153435e-05
72.95,2.14322798793717e-05
72.96,2.13168516600083e-05
72.97,2.12027502915522e-05
72.98,2.10899629337692e-05
72.99,2.09784769248581e-05
73,2.08682797789402e-05
73.01,2.07593589384155e-05
73.02,2.06517023155398e-05
73.03,2.05452978835162e-05
73.04,2.04401337622589e-05
73.05,2.03361982234228e-05
73.0599999999999,2.02334797036698e-05
73.07,2.0131966970971e-05
73.08,2.00316486761725e-05
73.09,1.99325137189423e-05
73.1,1.9834551143489e-05
73.11,1.97377501359331e-05
73.12,1.96421000688144e-05
73.13,1.95475905929749e-05
73.14,1.94542112565299e-05
73.15,1.9361951848054e-05
73.16,1.92708022952742e-05
73.17,1.91807526631846e-05
73.1799999999999,1.90917931246964e-05
73.19,1.90039139738039e-05
73.2,1.89171057004011e-05
73.21,1.8831358889943e-05
73.22,1.87466642545475e-05
73.23,1.8663012631051e-05
73.24,1.85803949790597e-05
73.25,1.84988023790055e-05
73.26,1.84182260301996e-05
73.27,1.83386571199099e-05
73.28,1.82600871250893e-05
73.29,1.81825075853699e-05
73.3,1.81059101370578e-05
73.3099999999999,1.80302865233798e-05
73.32,1.79556285924249e-05
73.33,1.78819282950882e-05
73.34,1.78091776830099e-05
73.35,1.77373691356913e-05
73.36,1.76664952385621e-05
73.37,1.7596548126564e-05
73.38,1.75275203158054e-05
73.39,1.74594044227647e-05
73.4,1.73921931627436e-05
73.41,1.73258793483201e-05
73.42,1.72604558878016e-05
73.4299999999999,1.71959157836787e-05
73.44,1.71322524113294e-05
73.45,1.70694588589914e-05
73.46,1.70075284118037e-05
73.47,1.6946454475097e-05
73.48,1.68862305455142e-05
73.49,1.68268502097064e-05
73.5,1.67683071430318e-05
73.51,1.6710595108253e-05
73.52,1.66537079723236e-05
73.53,1.65976396960831e-05
73.54,1.65423842801519e-05
73.55,1.64879358304169e-05
73.5599999999999,1.64342885344464e-05
73.57,1.63814366602287e-05
73.58,1.63293745549111e-05
73.59,1.62780966435367e-05
73.6,1.62275974277836e-05
73.61,1.6177871770244e-05
73.62,1.61289142236565e-05
73.63,1.60807195208714e-05
73.64,1.60332825000119e-05
73.65,1.59865980745019e-05
73.66,1.59406612320546e-05
73.67,1.58954670336605e-05
73.6799999999999,1.58510106125767e-05
73.69,1.58072872482997e-05
73.7,1.57642923301639e-05
73.71,1.57220211326009e-05
73.72,1.56804690951083e-05
73.73,1.56396317276907e-05
73.74,1.55995046100174e-05
73.75,1.55600833905813e-05
73.76,1.55213637858576e-05
73.77,1.54833415794622e-05
73.78,1.54460126720876e-05
73.79,1.54093729573818e-05
73.8,1.53734184145424e-05
73.8099999999999,1.53381450925524e-05
73.82,1.53035491038486e-05
73.83,1.52696266235033e-05
73.84,1.52363738884041e-05
73.85,1.52037871964352e-05
73.86,1.51718629056593e-05
73.87,1.5140597433497e-05
73.88,1.5109987498269e-05
73.89,1.50800296226727e-05
73.9,1.5050720338514e-05
73.91,1.50220563248135e-05
73.92,1.49940343191157e-05
73.9299999999999,1.49666511168119e-05
73.94,1.49399035704613e-05
73.95,1.4913788589115e-05
73.96,1.48883031376363e-05
73.97,1.48634442360243e-05
73.98,1.48392091576166e-05
73.99,1.48155951551926e-05
74,1.47925992827664e-05
74.01,1.47702188114308e-05
74.02,1.47484510678272e-05
74.03,1.47272934336346e-05
74.04,1.47067433450574e-05
74.05,1.46867982923143e-05
74.0599999999999,1.46674558191263e-05
74.07,1.46487135222055e-05
74.08,1.46305690887043e-05
74.09,1.46130203001886e-05
74.1,1.45960648514737e-05
74.11,1.45797005578314e-05
74.12,1.4563925286172e-05
74.13,1.45487369545861e-05
74.14,1.45341335318863e-05
74.15,1.45201130371484e-05
74.16,1.45066735392533e-05
74.17,1.44938131564283e-05
74.1799999999999,1.44815300754262e-05
74.19,1.44698226753505e-05
74.2,1.44586891177406e-05
74.21,1.44481277295834e-05
74.22,1.44381368865811e-05
74.23,1.44287150127665e-05
74.24,1.4419860580118e-05
74.25,1.44115721081754e-05
74.26,1.44038481636549e-05
74.27,1.43966873600648e-05
74.28,1.43900883573206e-05
74.29,1.43840501741498e-05
74.3,1.43785714064264e-05
74.3099999999999,1.43736508590947e-05
74.32,1.43692874042487e-05
74.33,1.43654799614902e-05
74.34,1.43622274976738e-05
74.35,1.43595290266521e-05
74.36,1.43573836090208e-05
74.37,1.43557903518633e-05
74.38,1.43547484084967e-05
74.39,1.43542570726485e-05
74.4,1.43543155744922e-05
74.41,1.43549231878765e-05
74.42,1.43560792602584e-05
74.4299999999999,1.43577831852354e-05
74.44,1.43600344023412e-05
74.45,1.43628323968424e-05
74.46,1.43661766995346e-05
74.47,1.43700668865383e-05
74.48,1.43745025790952e-05
74.49,1.43794834925662e-05
74.5,1.43850093561084e-05
74.51,1.43910798980056e-05
74.52,1.4397694925059e-05
74.53,1.44048542888436e-05
74.54,1.44125578855322e-05
74.55,1.44208056557182e-05
74.5599999999999,1.44295975842399e-05
74.57,1.44389337000029e-05
74.58,1.44488140758046e-05
74.59,1.44592388281569e-05
74.6,1.44702082901996e-05
74.61,1.44817227593932e-05
74.62,1.44937823684773e-05
74.63,1.45063874341328e-05
74.64,1.45195383184356e-05
74.65,1.4533235428784e-05
74.66,1.45474792178266e-05
74.67,1.45622701833898e-05
74.6799999999999,1.45776088684057e-05
74.69,1.45934958608397e-05
74.7,1.4609931793618e-05
74.71,1.46269174767874e-05
74.72,1.46444537313798e-05
74.73,1.46625412212454e-05
74.74,1.46811807809511e-05
74.75,1.47003732917995e-05
74.76,1.47201196818429e-05
74.77,1.47404209258985e-05
74.78,1.47612780455631e-05
74.79,1.47826921092277e-05
74.8,1.4804664232092e-05
74.8099999999999,1.48271955761794e-05
74.82,1.48502873824192e-05
74.83,1.48739409380194e-05
74.84,1.48981575157033e-05
74.85,1.4922938470925e-05
74.86,1.49482852066047e-05
74.87,1.49741991731669e-05
74.88,1.50006818685784e-05
74.89,1.5027734838386e-05
74.9,1.50553596757548e-05
74.91,1.50835580215056e-05
74.92,1.51123315641531e-05
74.9299999999999,1.51416821344319e-05
74.94,1.51716116362263e-05
74.95,1.52021217965185e-05
74.96,1.52332145144994e-05
74.97,1.52648917391027e-05
74.98,1.52971554691183e-05
74.99,1.53300077533074e-05
75,1.53634506905153e-05
75.01,1.53974864297859e-05
75.02,1.54321171704754e-05
75.03,1.54673451623663e-05
75.04,1.55031728268995e-05
75.05,1.55396027112901e-05
75.0599999999999,1.55766370563725e-05
75.07,1.56142783427457e-05
75.08,1.56525291046739e-05
75.09,1.56913919303105e-05
75.1,1.57308694619209e-05
75.11,1.5770964396105e-05
75.12,1.58116794840218e-05
75.13,1.58530175316115e-05
75.14,1.58949813998191e-05
75.15,1.59375740609969e-05
75.16,1.59807986026132e-05
75.17,1.60246579618753e-05
75.1799999999999,1.60691552366735e-05
75.19,1.61142935824246e-05
75.2,1.61600762123515e-05
75.21,1.62065063977658e-05
75.22,1.62535874683475e-05
75.23,1.63013228124254e-05
75.24,1.63497158772592e-05
75.25,1.63987701693197e-05
75.26,1.64484893306288e-05
75.27,1.64988771690449e-05
75.28,1.65499372037374e-05
75.29,1.66016731933622e-05
75.3,1.66540889581091e-05
75.3099999999999,1.67071883800114e-05
75.32,1.67609754032563e-05
75.33,1.68154540344932e-05
75.34,1.68706283431456e-05
75.35,1.69265024617199e-05
75.36,1.69830805861143e-05
75.37,1.70403669759302e-05
75.38,1.70983659547814e-05
75.39,1.71570819106036e-05
75.4,1.72165192959647e-05
75.41,1.7276683377667e-05
75.42,1.73375788707247e-05
75.4299999999999,1.73992099731072e-05
75.44,1.74615814570136e-05
75.45,1.75246981650245e-05
75.46,1.75885650105459e-05
75.47,1.76531869782484e-05
75.48,1.77185691245085e-05
75.49,1.77847165778509e-05
75.5,1.78516345393891e-05
75.51,1.79193282832665e-05
75.52,1.79878031570976e-05
75.53,1.80570645824097e-05
75.54,1.81271180550836e-05
75.55,1.81979691457948e-05
75.5599999999999,1.82696250369031e-05
75.57,1.83420906455946e-05
75.58,1.84153716174612e-05
75.59,1.84894739034725e-05
75.6,1.85644035370905e-05
75.61,1.864016663488e-05
75.62,1.87167693971224e-05
75.63,1.87942181084252e-05
75.64,1.88725191383344e-05
75.65,1.89516789419452e-05
75.66,1.90317040605139e-05
75.67,1.91126011220689e-05
75.6799999999999,1.91943768420224e-05
75.69,1.92770380237822e-05
75.7,1.9360591721837e-05
75.71,1.94450458581771e-05
75.72,1.95304067526156e-05
75.73,1.96166816151796e-05
75.74,1.97038777505241e-05
75.75,1.97920025586546e-05
75.76,1.98810635356521e-05
75.77,1.99710682743981e-05
75.78,2.00620244652987e-05
75.79,2.01539398970096e-05
75.8,2.02468224571609e-05
75.8099999999999,2.0340680133081e-05
75.82,2.04355210125229e-05
75.83,2.05313532843854e-05
75.84,2.0628185239442e-05
75.85,2.07260262095995e-05
75.86,2.08248853747231e-05
75.87,2.09247704004854e-05
75.88,2.1025690085417e-05
75.89,2.11276533403151e-05
75.9,2.12306691891803e-05
75.91,2.13347467701542e-05
75.92,2.14398953364562e-05
75.9299999999999,2.15461242573211e-05
75.94,2.16534430189363e-05
75.95,2.1761861225377e-05
75.96,2.18713885995469e-05
75.97,2.19820349841135e-05
75.98,2.20938103424433e-05
75.99,2.22067247595429e-05
76,2.23207910340187e-05
76.01,2.24360187069872e-05
76.02,2.25524175710656e-05
76.03,2.2669998358751e-05
76.04,2.27887719397679e-05
76.05,2.29087493223443e-05
76.0599999999999,2.30299416544881e-05
76.07,2.31523602252641e-05
76.08,2.32760164660673e-05
76.09,2.3400921951904e-05
76.1,2.35270884026652e-05
76.11,2.36545276844014e-05
76.12,2.37832518106029e-05
76.13,2.39132729434733e-05
76.14,2.40446034627506e-05
76.15,2.41772582626757e-05
76.16,2.43112481855406e-05
76.17,2.44465861017959e-05
76.1799999999999,2.45832850444363e-05
76.19,2.47213582105141e-05
76.2,2.48608189626498e-05
76.21,2.50016808305494e-05
76.22,2.51439575125158e-05
76.23,2.52876628769592e-05
76.24,2.54328109639151e-05
76.25,2.55794159865545e-05
76.26,2.57274923326977e-05
76.27,2.58770545663277e-05
76.28,2.60281174291029e-05
76.29,2.61806968160749e-05
76.3,2.63348094721133e-05
76.3099999999999,2.649046904087e-05
76.32,2.66476911231945e-05
76.33,2.68064915149284e-05
76.34,2.69668862087318e-05
76.35,2.71288913959007e-05
76.36,2.72925234681853e-05
76.37,2.74577990196152e-05
76.38,2.76247348483171e-05
76.39,2.77933479583356e-05
76.4,2.79636555614541e-05
76.41,2.81356750790149e-05
76.42,2.830942414374e-05
76.4299999999999,2.84849206015518e-05
76.44,2.86621871916122e-05
76.45,2.88412421841044e-05
76.46,2.90221018611478e-05
76.47,2.92047852690608e-05
76.48,2.93893117002701e-05
76.49,2.95757006958807e-05
76.5,2.97639720482354e-05
76.51,2.99541458034799e-05
76.52,3.01462422641263e-05
76.53,3.03402819916176e-05
76.54,3.05362858088906e-05
76.55,3.07342748029405e-05
76.5599999999999,3.09342703273842e-05
76.57,3.11362940050256e-05
76.58,3.13403677304147e-05
76.59,3.15465172797363e-05
76.6,3.17547629231243e-05
76.61,3.19651272345558e-05
76.62,3.21776333900618e-05
76.63,3.23923048623032e-05
76.64,3.26091654235098e-05
76.65,3.28282391484166e-05
76.66,3.30495504172011e-05
76.67,3.32731239184205e-05
76.6799999999999,3.34989846519483e-05
76.69,3.3727157931913e-05
76.7,3.39576693896297e-05
76.71,3.41905449765448e-05
76.72,3.44258109671695e-05
76.73,3.46634954761577e-05
76.74,3.49036315441988e-05
76.75,3.51462420445046e-05
76.76,3.5391355141384e-05
76.77,3.563899938997e-05
76.78,3.58892037412805e-05
76.79,3.614199754728e-05
76.8,3.639741056594e-05
76.8099999999999,3.66554729663007e-05
76.82,3.6916215333533e-05
76.83,3.71796686739941e-05
76.84,3.74458644202974e-05
76.85,3.77148324480222e-05
76.86,3.79866057659581e-05
76.87,3.8261217337281e-05
76.88,3.85387001726105e-05
76.89,3.88190877180356e-05
76.9,3.91024138595472e-05
76.91,3.93887129274707e-05
76.92,3.96780197008985e-05
76.9299999999999,3.99703694121224e-05
76.94,4.0265797751068e-05
76.95,4.05643408697207e-05
76.96,4.08660371377602e-05
76.97,4.11709254225371e-05
76.98,4.14790415687135e-05
76.99,4.17904239332269e-05
77,4.21051113860968e-05
77.01,4.24231433160041e-05
77.02,4.27445596358685e-05
77.03,4.30694007884257e-05
77.04,4.33977077518053e-05
77.05,4.37295220451079e-05
77.0599999999999,4.4064885733983e-05
77.07,4.44038416759393e-05
77.08,4.47464428283959e-05
77.09,4.5092727648303e-05
77.1,4.5442741503512e-05
77.11,4.57965304611411e-05
77.12,4.61541412994136e-05
77.13,4.65156215194772e-05
77.14,4.68810193572318e-05
77.15,4.72503837951573e-05
77.16,4.76237642663766e-05
77.17,4.80012049412184e-05
77.1799999999999,4.83827605654163e-05
77.19,4.87684825129621e-05
77.2,4.9158422879737e-05
77.21,4.95526344911611e-05
77.22,4.99511709098237e-05
77.23,5.03540864431125e-05
77.24,5.07614361508637e-05
77.25,5.11732756758933e-05
77.26,5.15896592322467e-05
77.27,5.20106454869951e-05
77.28,5.24362923086776e-05
77.29,5.28666583239034e-05
77.3,5.33018029233634e-05
77.3099999999999,5.37417862678408e-05
77.32,5.41866692942253e-05
77.33,5.46365137215138e-05
77.34,5.5091383129461e-05
77.35,5.55513520753333e-05
77.36,5.60164801203554e-05
77.37,5.64868343626745e-05
77.38,5.69624830350968e-05
77.39,5.74434955311686e-05
77.4,5.7929942431255e-05
77.41,5.84218953691125e-05
77.42,5.89194259961288e-05
77.4299999999999,5.94226091666973e-05
77.44,5.9931520193329e-05
77.45,6.0446235665181e-05
77.46,6.09668334716315e-05
77.47,6.14933928258295e-05
77.48,6.20259917885764e-05
77.49,6.25646940793778e-05
77.5,6.31095905351411e-05
77.51,6.36607623787391e-05
77.52,6.42182918092727e-05
77.53,6.47822620020708e-05
77.54,6.53527571086902e-05
77.55,6.59298779649411e-05
77.5599999999999,6.6513704379477e-05
77.57,6.71043254478593e-05
77.58,6.77018316540394e-05
77.59,6.83063146651565e-05
77.6,6.89178673315273e-05
77.61,6.95366018877346e-05
77.62,7.01626112720458e-05
77.63,7.07959920331937e-05
77.64,7.1436845235844e-05
77.65,7.20852734288823e-05
77.66,7.27413806454147e-05
77.67,7.34052747364008e-05
77.6799999999999,7.40770633732083e-05
77.69,7.47568546448608e-05
77.7,7.54447590975105e-05
77.71,7.61408888120796e-05
77.72,7.68453574042495e-05
77.73,7.75582814752683e-05
77.74,7.82797791227813e-05
77.75,7.90099678925523e-05
77.76,7.97489680332208e-05
77.77,8.04969013721443e-05
77.78,8.12538913153977e-05
77.79,8.20200692255987e-05
77.8,8.27955766624078e-05
77.8099999999999,8.35805350539943e-05
77.82,8.43750774995679e-05
77.83,8.51793389821728e-05
77.84,8.59934563687153e-05
77.85,8.68175708972264e-05
77.86,8.76518394988807e-05
77.87,8.84963976324779e-05
77.88,8.93513924611015e-05
77.89,9.02169732848061e-05
77.9,9.10932915406167e-05
77.91,9.19805008025293e-05
77.92,9.28787774095871e-05
77.9299999999999,9.3788269468643e-05
77.94,9.47091392650426e-05
77.95,9.5641551496119e-05
77.96,9.65856731984708e-05
77.97,9.75416737479469e-05
77.98,9.85097284760521e-05
77.99,9.94900324182493e-05
78,0.000100482751475262
78.01,0.00010148806740895
78.02,0.000102506164574798
78.03,0.000103537229921912
78.04,0.000104581452993026
78.05,0.000105639037323777
78.0599999999999,0.000106710200131775
78.07,0.000107795126571527
78.08,0.000108894021126805
78.09,0.000110007091252947
78.1,0.00011113454737684
78.11,0.000112276602896905
78.12,0.000113433492209883
78.13,0.000114605447556504
78.14,0.000115792682893667
78.15,0.00011699542815493
78.16,0.000118213916624635
78.17,0.000119448384937906
78.1799999999999,0.000120699073080654
78.19,0.000121966255222271
78.2,0.000123250180792239
78.21,0.000124551094858987
78.22,0.000125869256586236
78.23,0.000127204928952888
78.24,0.000128558378753067
78.25,0.000129929876596095
78.26,0.000131319756449297
78.27,0.000132728279443265
78.28,0.000134155728904071
78.29,0.000135602399353039
78.3,0.000137068589812773
78.3099999999999,0.000138554603807152
78.32,0.0001400607508527
78.33,0.000141587380637494
78.34,0.000143134792225701
78.35,0.00014470331165683
78.36,0.000146293269854365
78.37,0.000147905002625823
78.38,0.000149538850662719
78.39,0.000151195172321244
78.4,0.000152874369377214
78.41,0.000154576771021622
78.42,0.000156302745578516
78.4299999999999,0.000158052666932879
78.44,0.000159826914530637
78.45,0.000161625873378618
78.46,0.000163449971251507
78.47,0.000165299659252039
78.48,0.000167175308193094
78.49,0.000169077338135027
78.5,0.000171006175754619
78.51,0.00017296225434509
78.52,0.000174946013816097
78.53,0.000176957954895137
78.54,0.000178998557093584
78.55,0.000181068261027578
78.5599999999999,0.000183167545648171
78.57,0.000185296897544306
78.58,0.000187456810942773
78.59,0.000189647787708279
78.6,0.0001918703738332
78.61,0.000194125084891733
78.62,0.000196412442110338
78.63,0.000198732984200698
78.64,0.000201087258016533
78.65,0.000203475818553601
78.66,0.000205899228949697
78.67,0.000208358233084985
78.6799999999999,0.000210853341406469
78.69,0.000213385150260178
78.7,0.000215954276561699
78.71,0.000218561346975992
78.72,0.000221206997917351
78.73,0.000223891875549358
78.74,0.000226616769973352
78.75,0.000229382338361282
78.76,0.000232189239931495
78.77,0.000235038180908485
78.78,0.000237929878884377
78.79,0.000240865062818927
78.8,0.000243844473039521
78.8099999999999,0.000246868960698275
78.82,0.000249939337070363
78.83,0.000253056336916768
78.84,0.000256220767222651
78.85,0.000259433447991437
78.86,0.000262695212244758
78.87,0.000266006906022558
78.88,0.000269369451875304
78.89,0.000272783832360099
78.9,0.000276250885706651
78.91,0.000279771539903743
78.92,0.000283346738714375
78.9299999999999,0.000286977441675769
78.94,0.000290664671494757
78.95,0.00029440948974905
78.96,0.000298212873213517
78.97,0.000302075865077604
78.98,0.000305999526195806
78.99,0.000309984935087798
79,0.00031403324428555
79.01,0.000318145639126702
79.02,0.000322323220401571
79.03,0.00032656715993471
79.04,0.000330878649293084
79.05,0.000335258899786062
79.0599999999999,0.000339709224782554
79.07,0.000344230963790844
79.08,0.000348825348905002
79.09,0.000353493701199722
79.1,0.000358237364309336
79.11,0.000363057704427738
79.12,0.000367956210347225
79.13,0.000372934384356674
79.14,0.000377993620518518
79.15,0.000383135410246906
79.16,0.000388361270706965
79.17,0.000393672744814808
79.1799999999999,0.000399071515024767
79.19,0.000404559262227686
79.2,0.000410137568296762
79.21,0.00041580811647691
79.22,0.000421572619159773
79.23,0.000427432817883615
79.24,0.000433390601411373
79.25,0.000439447858383695
79.26,0.000445606402839129
79.27,0.000451868150755498
79.28,0.000458235056520362
79.29,0.000464709113561629
79.3,0.000471292354978145
79.3099999999999,0.000477986900049857
79.32,0.000484794875972898
79.33,0.000491718434104564
79.34,0.000498759786986694
79.35,0.000505921192042078
79.36,0.000513204952329846
79.37,0.000520613417301218
79.38,0.000528149039411211
79.39,0.00053581426419832
79.4,0.000543611585176439
79.41,0.000551543560018875
79.42,0.000559612798701063
79.4299999999999,0.0005678219643848
79.44,0.000576173774302521
79.45,0.000584671063639573
79.46,0.000593316648845929
79.47,0.000602113420214641
79.48,0.000611064334967332
79.49,0.000620172410901203
79.5,0.000629440727398089
79.51,0.000638872426433761
79.52,0.000648470804675744
79.53,0.000658239100896653
79.54,0.000668180664876562
79.55,0.000678298918072267
79.5599999999999,0.000688597352225993
79.57,0.00069907953053249
79.58,0.000709749094458608
79.59,0.000720609863646494
79.6,0.000731665579100413
79.61,0.000742920122119565
79.62,0.000754377454370302
79.63,0.000766041619247017
79.64,0.000777916743233333
79.65,0.000790007053435166
79.66,0.000802316952023407
79.67,0.000814850781239082
79.6799999999999,0.000827613036111566
79.69,0.000840608304909115
79.7,0.000853841270709172
79.71,0.000867316712969412
79.72,0.000881039538424656
79.73,0.000895014823564284
79.74,0.000909247607150981
79.75,0.000923743094893633
79.76,0.000938506600411133
79.77,0.00095354354703189
79.78,0.000968859469593344
79.79,0.000984460063341293
79.8,0.00100035118515909
79.8099999999999,0.00101653867847136
79.82,0.00103302857084984
79.83,0.00104982701455668
79.84,0.00106694028860349
79.85,0.00108437480080939
79.86,0.00110213715719242
79.87,0.00112023410927199
79.88,0.00113867243258878
79.89,0.0011574591024838
79.9,0.00117660123798368
79.91,0.00119610610414111
79.92,0.00121598111437525
79.9299999999999,0.00123623393634349
79.94,0.00125687235648738
79.95,0.00127790422101448
79.96,0.00129933759973312
79.97,0.00132118072819187
79.98,0.00134344201036624
79.99,0.00136613002134655
80,0.0013892536026887
80.01,0.00141282170818463
80.02,0.00143684343224987
80.03,0.00146132809091076
80.04,0.00148628518896014
80.05,0.00151172442290057
80.0599999999999,0.00153765568388764
80.07,0.00156408928434051
80.08,0.00159103552215199
80.09,0.00161850488972099
80.1,0.00164650814746799
80.11,0.00167505627383483
80.12,0.00170416046875138
80.13,0.00173383215710074
80.14,0.00176408309601551
80.15,0.00179492515322503
80.16,0.00182637045774789
80.17,0.00185843139371258
80.1799999999999,0.00189112059100489
80.19,0.0019244509289426
80.2,0.00195843553994905
80.21,0.00199308806599689
80.22,0.00202842207274299
80.23,0.00206445151143994
80.24,0.00210119061697643
80.25,0.00213865390313895
80.26,0.00217685616672916
80.27,0.00221581250396466
80.28,0.00225553856997129
80.29,0.00229604992450406
80.3,0.00233736258951808
80.3099999999999,0.00237949289832704
80.32,0.00242245750020993
80.33,0.0024662733650165
80.34,0.00251095780699216
80.35,0.00255652858502749
80.36,0.00260300360531367
80.37,0.00265040119441035
80.38,0.0026987400266837
80.39,0.00274803912917646
80.4,0.00279831788647787
80.41,0.00284959608810327
80.42,0.00290189401572641
80.4299999999999,0.00295523211756376
80.44,0.00300963131423701
80.45,0.00306511291820528
80.46,0.00312169863936533
80.47,0.00317941064683758
80.48,0.00323827151167623
80.49,0.00329830416579672
80.5,0.00335953199736773
80.51,0.00342197882549135
80.52,0.00348566890619605
80.53,0.00355062703826458
80.54,0.00361687836674544
80.55,0.0036844485127593
80.5599999999999,0.00375336357545725
80.57,0.00382365012672404
80.58,0.00389533521983753
80.59,0.00396844640763574
80.6,0.00404301171459913
80.61,0.00411905967246796
80.62,0.00419661931859046
80.63,0.00427572020238744
80.64,0.0043563925022316
80.65,0.00443866696549142
80.66,0.00452257469331363
80.67,0.00460814742623766
80.6799999999999,0.00469541746254352
80.69,0.00478441766568094
80.7,0.00487518173260005
80.71,0.00496774372538529
80.72,0.00506213828051111
80.73,0.00515840070215159
80.74,0.00525656691435107
80.75,0.00535667348373522
80.76,0.00545875787631793
80.77,0.00556285785572623
80.78,0.00566901198674019
80.79,0.00577725951055859
80.8,0.00588764035444859
80.8099999999999,0.00600019524508874
80.82,0.00611496573648501
80.83,0.00623199382817501
80.84,0.00635132238175799
80.85,0.00647299500925194
80.86,0.00659705608391089
80.87,0.00672355115210827
80.88,0.0068525263172341
80.89,0.00698402832267139
80.9,0.00711810488306425
80.91,0.00725480455990291
80.92,0.00739417677458331
80.9299999999999,0.00753627242397111
80.94,0.00768114264925829
80.95,0.00782883974911982
80.96,0.00797941699434564
80.97,0.0081329286749361
80.98,0.00828943017656925
80.99,0.00844897775553487
81,0.00861162877166126
81.01,0.00877744164733814
81.02,0.00894647603785195
81.03,0.00911879266883107
81.04,0.00929445330024163
81.05,0.00947352090808392
81.0599999999999,0.00965605964725024
81.07,0.00984213533603147
81.08,0.0100318145311661
81.09,0.0102251652146808
81.1,0.0104222566820332
81.11,0.010623159629409
81.12,0.0108279463116077
81.13,0.01103669006038
81.14,0.0112494657515979
81.15,0.0114663497098695
81.16,0.011687419812841
81.17,0.0119127554297394
81.1799999999999,0.0121424374092149
81.19,0.012376548197494
81.2,0.0126151718342159
81.21,0.012858394084423
81.22,0.0131063022560663
81.23,0.0133589853713063
81.24,0.0136165341689488
81.25,0.0138790411073649
81.26,0.0141466003494587
81.27,0.0144193079433672
81.28,0.014697261718927
81.29,0.0149805613512915
81.3,0.0152693082202107
81.3099999999999,0.0155636056163816
81.32,0.0158635588767479
81.33,0.016169275195559
81.34,0.0164808637228352
81.35,0.0167984349491374
81.36,0.0171221019997817
81.37,0.0174519798180895
81.38,0.0177881853144066
81.39,0.0181308372389738
81.4,0.0184800557628502
81.41,0.0188359639516957
81.42,0.0191986865443545
81.4299999999999,0.0195683503042706
81.44,0.0199450834075807
81.45,0.0203290160765492
81.46,0.020720281088324
81.47,0.0211190129122547
81.48,0.0215253480050737
81.49,0.0219394234199394
81.5,0.0223613795347052
81.51,0.0227913583108816
81.52,0.0232295035004547
81.53,0.0236759603959619
81.54,0.0241308748747839
81.55,0.0245943963688412
81.5599999999999,0.0250666753452386
81.57,0.0255478639669152
81.58,0.0260381151800754
81.59,0.0265375835120363
81.6,0.0270464259012039
81.61,0.0275648003186692
81.62,0.0280928661778494
81.63,0.0286307823349163
81.64,0.0291787108331895
81.65,0.0297368145402064
81.66,0.0303052573011554
81.67,0.0308842036836137
81.6799999999999,0.0314738177358031
81.69,0.0320742665038646
81.7,0.0326857170047311
81.71,0.0333083369643802
81.72,0.033942294168307
81.73,0.0345877567002931
81.74,0.0352448936649468
81.75,0.0359138741661206
81.76,0.0365948667949826
81.77,0.0372880404439603
81.78,0.0379935641511736
81.79,0.0387116065952124
81.8,0.0394423359474314
81.8099999999999,0.0401859201318071
81.82,0.0409425265186719
81.83,0.0417123218115701
81.84,0.0424954715168969
81.85,0.0432921407457748
81.86,0.0441024934487205
81.87,0.0449266923473782
81.88,0.0457648984596544
81.89,0.0466172719779257
81.9,0.0474839713702548
81.91,0.0483651532234764
81.92,0.0492609720482268
81.9299999999999,0.0501715808672883
81.94,0.0510971304278916
81.95,0.0520377693522248
81.96,0.0529936439282578
81.97,0.0539648979044935
81.98,0.0549516724803104
81.99,0.0559541060715552
82,0.0569723342852812
82.01,0.0580064897616966
82.02,0.0590567020226476
82.03,0.0601230975631821
82.04,0.0612057993298033
82.05,0.0623049268580289
82.0599999999999,0.0634205960954962
82.07,0.0645529195120832
82.08,0.065702005519898
82.09,0.0668679586531497
82.1,0.0680508793878973
82.11,0.0692508646266319
82.12,0.0704680064218071
82.13,0.0717023926250543
82.14,0.0729541066298383
82.15,0.0742232281042329
82.16,0.0755098312533949
82.17,0.0768139857847492
82.1799999999999,0.0781357566093267
82.19,0.079475204686092
82.2,0.0808323850953947
82.21,0.0822073481422761
82.22,0.0836001390526075
82.23,0.0850107990160674
82.24,0.0864393629203566
82.25,0.0878858606924472
82.26,0.0893503169763473
82.27,0.0908327523361029
82.28,0.0923331807258024
82.29,0.0938516110213198
82.3,0.0953880466922442
82.3099999999999,0.096942487054234
82.32,0.0985149246889471
82.33,0.100105347028113
82.34,0.101713736044882
82.35,0.103340069570974
82.36,0.104984318646903
82.37,0.10664644917159
82.38,0.108326421612226
82.39,0.110024192383677
82.4,0.111739711135416
82.41,0.113472922462918
82.42,0.11522376563817
82.4299999999999,0.116992175996409
82.44,0.118778082229292
82.45,0.120581408127643
82.46,0.122402072331137
82.47,0.124239989527346
82.48,0.126095068375932
82.49,0.127967212549835
82.5,0.129856320886899
82.51,0.131762288300967
82.52,0.133685004341721
82.53,0.135624353588574
82.54,0.137580216146008
82.55,0.139552468254259
82.5599999999999,0.141540981459956
82.57,0.143545622484187
82.58,0.145566253950131
82.59,0.147602734736244
82.6,0.149654919640493
82.61,0.151722658916241
82.62,0.153805799097034
82.63,0.155904183180533
82.64,0.158017650624277
82.65,0.160146036717795
82.66,0.162289173418363
82.67,0.164446889430451
82.6799999999999,0.166619010404036
82.69,0.168805358264153
82.7,0.171005752001285
82.71,0.173220007685177
82.72,0.175447938755359
82.73,0.177689355441451
82.74,0.17994406543011
82.75,0.182211873856556
82.76,0.184492583576357
82.77,0.186785994816109
82.78,0.189091905632415
82.79,0.191410111928702
82.8,0.193740407614697
82.8099999999999,0.196082584584394
82.82,0.1984364329155
82.83,0.20080174094758
82.84,0.203178295296646
82.85,0.20556588114318
82.86,0.207964282201601
82.87,0.21037328085738
82.88,0.212792658096931
82.89,0.215222193937628
82.9,0.217661667316183
82.91,0.22011085622628
82.92,0.222569537584155
82.9299999999999,0.225037487741078
82.94,0.227514482374943
82.95,0.230000296572772
82.96,0.232494704593182
82.97,0.234997480495877
82.98,0.237508398091723
82.99,0.240027230891472
83,0.24255375187505
83.01,0.245087734040958
83.02,0.247628950576778
83.03,0.250177174614672
83.04,0.252732179201811
83.05,0.255293737562945
83.0599999999999,0.257861623418274
83.07,0.260435610731718
83.08,0.263015473868187
83.09,0.265600987678196
83.1,0.268191927631784
83.11,0.270788069839057
83.12,0.27338919072198
83.13,0.27599506683002
83.14,0.278605476515982
83.15,0.281220198545632
83.16,0.283839012412074
83.17,0.286461698099604
83.1799999999999,0.289088037120722
83.19,0.291717811759891
83.2,0.294350805360643
83.21,0.296986802456435
83.22,0.299625588630945
83.23,0.302266950725241
83.24,0.304910676769324
83.25,0.307556555043686
83.26,0.310204376430406
83.27,0.312853932692334
83.28,0.315505016978154
83.29,0.318157423389745
83.3,0.320810947554755
83.3099999999999,0.323465386905178
83.32,0.326120540178498
83.33,0.328776207551782
83.34,0.331432189994403
83.35,0.334088290978664
83.36,0.336744315201588
83.37,0.33940006895909
83.38,0.342055359757317
83.39,0.344709996865605
83.4,0.347363791426016
83.41,0.350016556100559
83.42,0.352668105144744
83.4299999999999,0.355318253959342
83.44,0.357966820347754
83.45,0.360613623551665
83.46,0.36325848453035
83.47,0.365901225563638
83.48,0.36854167084206
83.49,0.371179646452616
83.5,0.373814980100667
83.51,0.376447501165986
83.52,0.379077040442739
83.53,0.381703430926492
83.54,0.384326507193263
83.55,0.386946105577661
83.5599999999999,0.38956206385011
83.57,0.392174221739119
83.58,0.394782420816664
83.59,0.397386504333915
83.6,0.399986317291278
83.61,0.402581705823048
83.62,0.405172518562099
83.63,0.407758605609518
83.64,0.410339818803912
83.65,0.412916011580666
83.66,0.415487038847604
83.67,0.418052757666706
83.6799999999999,0.420613026627139
83.69,0.423167706019761
83.7,0.425716657673686
83.71,0.428259745155697
83.72,0.430796833808534
83.73,0.433327790588085
83.74,0.435852484117586
83.75,0.438370784414552
83.76,0.440882563430599
83.77,0.44338769467124
83.78,0.445886053260247
83.79,0.448377515873491
83.8,0.45086196055712
83.8099999999999,0.453339267297784
83.82,0.455809317524772
83.83,0.4582719942351
83.84,0.460727181890654
83.85,0.463174766490775
83.86,0.465614635664694
83.87,0.468046678510399
83.88,0.470470785633656
83.89,0.472886849097073
83.9,0.475294762489789
83.91,0.477694420870602
83.92,0.480085720758258
83.9299999999999,0.482468560125852
83.94,0.484842838254059
83.95,0.48720845590287
83.96,0.489565315331789
83.97,0.491913320145695
83.98,0.49425237533734
83.99,0.496582387165513
84,0.498903263148072
84.01,0.501214912390836
84.02,0.503517245215062
84.03,0.505810173252625
84.04,0.508093609442984
84.05,0.510367468064648
84.0599999999999,0.512631664592522
84.07,0.514886115794054
84.08,0.517130739686621
84.09,0.519365455524939
84.1,0.521590184005502
84.11,0.523804846791035
84.12,0.526009366833504
84.13,0.528203668291805
84.14,0.530387676513122
84.15,0.532561317799895
84.16,0.534724519763902
84.17,0.536877211208509
84.1799999999999,0.539019322004477
84.19,0.541150783132569
84.2,0.543271526548171
84.21,0.545381485259845
84.22,0.547480593501333
84.23,0.549568786467157
84.24,0.551646000378857
84.25,0.55371217275625
84.26,0.555767242803227
84.27,0.557811149513929
84.28,0.559843833414817
84.29,0.561865236045955
84.3,0.56387529995082
84.3099999999999,0.565873968245252
84.32,0.567861185062017
84.33,0.56983689593129
84.34,0.571801047063187
84.35,0.573753585579027
84.36,0.575694459498172
84.37,0.57762361834231
84.38,0.579541011925135
84.39,0.581446590975912
84.4,0.583340307205589
84.41,0.585222113195454
84.42,0.587091962382975
84.4299999999999,0.588949808998185
84.44,0.590795608186531
84.45,0.592629315889535
84.46,0.59445088886384
84.47,0.596260284670488
84.48,0.59805746170551
84.49,0.599842379207284
84.5,0.601614997064885
84.51,0.603375275989593
84.52,0.605123177450432
84.53,0.606858663663973
84.54,0.608581697781029
84.55,0.610292243608586
84.5599999999999,0.611990265542552
84.57,0.613675728788951
84.58,0.615348599267291
84.59,0.617008843601629
84.6,0.618656429350167
84.61,0.620291324501968
84.62,0.621913497786241
84.63,0.623522918636715
84.64,0.625119557160004
84.65,0.626703384074549
84.66,0.628274370408451
84.67,0.629832488400233
84.6799999999999,0.631377710685828
84.69,0.632910010521775
84.7,0.63442936177638
84.71,0.635935738920959
84.72,0.63742911717241
84.73,0.638909473194856
84.74,0.640376782806315
84.75,0.641831023013032
84.76,0.643272171411136
84.77,0.644700206179755
84.78,0.646115106074122
84.79,0.64751685037763
84.8,0.648905418731489
84.8099999999999,0.650280791677163
84.82,0.651642950153161
84.83,0.652991875631981
84.84,0.654327550112794
84.85,0.655649956114057
84.86,0.656959076838031
84.87,0.658254896744557
84.88,0.65953739949195
84.89,0.660806569803527
84.9,0.662062392914515
84.91,0.663304854566515
84.92,0.664533941001957
84.9299999999999,0.665749638947264
84.94,0.666951935574926
84.95,0.668140818618835
84.96,0.669316276257095
84.97,0.670478297139151
84.98,0.67162687038011
84.99,0.67276198555514
85,0.673883632834268
85.01,0.674991803317042
85.02,0.676086487673648
85.03,0.677167677404582
85.04,0.678235364462789
85.05,0.679289541249289
85.0599999999999,0.680330200608805
85.07,0.681357335781164
85.08,0.682370940306953
85.09,0.683371008407888
85.1,0.684357534618059
85.11,0.685330513887293
85.12,0.686289941576436
85.13,0.687235813452586
85.14,0.68816812586485
85.15,0.689086876028926
85.16,0.689992060612023
85.17,0.690883677101226
85.1799999999999,0.691761723385906
85.19,0.692626197754147
85.2,0.693477098889137
85.21,0.694314425865618
85.22,0.695138178183004
85.23,0.695948355678881
85.24,0.696744958583878
85.25,0.697527987510437
85.26,0.698297443445601
85.27,0.699053327747482
85.28,0.699795642141731
85.29,0.700524388889267
85.3,0.701239570574689
85.3099999999999,0.701941189939776
85.32,0.702629250206535
85.33,0.703303754955222
85.34,0.703964708121325
85.35,0.704612113992505
85.36,0.705245977251571
85.37,0.705866303184532
85.38,0.706473096983714
85.39,0.707066364372401
85.4,0.707646111418848
85.41,0.708212344533722
85.42,0.708765070467526
85.4299999999999,0.709304296308034
85.44,0.709830029620346
85.45,0.710342278146074
85.46,0.710841049969709
85.47,0.711326353534709
85.48,0.711798197613256
85.49,0.712256591303951
85.5,0.712701544029475
85.51,0.713133065596842
85.52,0.713551166151354
85.53,0.713955856036066
85.54,0.714347145974149
85.55,0.714725047004996
85.5599999999999,0.715089570482113
85.57,0.715440728071022
85.58,0.715778531756426
85.59,0.71610299398054
85.6,0.716414127262899
85.61,0.716711944522591
85.62,0.716996458983942
85.63,0.717267684174621
85.64,0.717525633923762
85.65,0.717770322360086
85.66,0.718001764021829
85.67,0.718219973640836
85.6799999999999,0.718424966220809
85.69,0.718616757096259
85.7,0.718795361895261
85.71,0.718960796537769
85.72,0.719113077233918
85.73,0.719252220484086
85.74,0.719378243240673
85.75,0.719491162497559
85.76,0.719590995632556
85.77,0.719677760308433
85.78,0.719751474471404
85.79,0.719812156349623
85.8,0.719859824451676
85.8099999999999,0.71989449759849
85.82,0.719916194932194
85.83,0.719924935755692
85.84,0.719920739702466
85.85,0.71990362668131
85.86,0.719873616874967
85.87,0.719830730738751
85.88,0.719774988999181
85.89,0.719706412709794
85.9,0.719625023153808
85.91,0.719530841850509
85.92,0.719423890612831
85.9299999999999,0.719304191520045
85.94,0.719171766916496
85.95,0.719026639410352
85.96,0.718868831872331
85.97,0.718698367527182
85.98,0.718515269733185
85.99,0.718319562150171
86,0.718111268702507
86.01,0.717890413572852
86.02,0.717657021201004
86.03,0.717411116282758
86.04,0.71715272378113
86.05,0.716881868945792
86.0599999999999,0.716598577211887
86.07,0.716302874296795
86.08,0.715994786169364
86.09,0.715674339048819
86.1,0.715341559403689
86.11,0.714996473950731
86.12,0.714639109675381
86.13,0.714269493801096
86.14,0.713887653775032
86.15,0.713493617302713
86.16,0.713087412333355
86.17,0.712669067058837
86.1799999999999,0.71223860991267
86.19,0.711796069568961
86.2,0.711341475005707
86.21,0.710874855357964
86.22,0.710396240016441
86.23,0.709905658618201
86.24,0.709403141037062
86.25,0.708888717382642
86.26,0.708362417999395
86.27,0.707824273465651
86.28,0.70727431463544
86.29,0.706712572555533
86.3,0.706139078493361
86.3099999999999,0.705553863962203
86.32,0.704956960705506
86.33,0.704348400696
86.34,0.703728216134771
86.35,0.703096439450367
86.36,0.702453103299299
86.37,0.701798240563225
86.38,0.701131884347058
86.39,0.700454067980553
86.4,0.699764825016456
86.41,0.699064189229602
86.42,0.698352194616014
86.4299999999999,0.697628875392003
86.44,0.69689426600017
86.45,0.69614840110636
86.46,0.695391315575801
86.47,0.694623044499777
86.48,0.693843623185722
86.49,0.693053087156309
86.5,0.69225147214859
86.51,0.691438814113104
86.52,0.690615149225346
86.53,0.689780513913502
86.54,0.688934944735714
86.55,0.688078478496808
86.5599999999999,0.687211152211851
86.57,0.686333003105323
86.58,0.685444068610319
86.59,0.684544386367699
86.6,0.683633994225351
86.61,0.682712930238836
86.62,0.681781232666652
86.63,0.680838939972799
86.64,0.679886090824984
86.65,0.678922724093808
86.66,0.67794887885194
86.67,0.676964594373305
86.6799999999999,0.675969910132265
86.69,0.674964865750562
86.7,0.673949501118099
86.71,0.672923856303251
86.72,0.6718879715655
86.73,0.670841887359668
86.74,0.669785644335014
86.75,0.66871928333438
86.76,0.667642845393317
86.77,0.666556371771055
86.78,0.665459903885195
86.79,0.664353483340266
86.8,0.663237151940003
86.8099999999999,0.662110951677217
86.82,0.660974924732958
86.83,0.659829113475704
86.84,0.658673560460488
86.85,0.657508308456795
86.86,0.656333400442337
86.87,0.655148879496787
86.88,0.653954788924856
86.89,0.652751172215098
86.9,0.651538073039153
86.91,0.650315535250982
86.92,0.649083602886113
86.9299999999999,0.647842320160881
86.94,0.646591731376777
86.95,0.645331881154984
86.96,0.644062814239458
86.97,0.642784575549165
86.98,0.641497210178575
86.99,0.640200763396783
87,0.638895280646696
87.01,0.637580807544197
87.02,0.636257389807364
87.03,0.634925073373331
87.04,0.633583904392523
87.05,0.632233929148215
87.0599999999999,0.630875194090524
87.07,0.629507745835462
87.08,0.628131631164037
87.09,0.626746897021262
87.1,0.625353590550159
87.11,0.623951759146608
87.12,0.622541450174181
87.13,0.621122711246319
87.14,0.619695590138495
87.15,0.618260134787411
87.16,0.616816393290206
87.17,0.615364413903656
87.1799999999999,0.613904245043384
87.19,0.612435935394783
87.2,0.61095953365524
87.21,0.609475088714021
87.22,0.607982649631804
87.23,0.60648226562625
87.24,0.604973986071267
87.25,0.603457860496354
87.26,0.601933938585902
87.27,0.600402270022565
87.28,0.598862904670391
87.29,0.597315892759984
87.3,0.595761284543143
87.3099999999999,0.594199130417611
87.32,0.592629480926086
87.33,0.591052386755285
87.34,0.58946789873491
87.35,0.587876067819469
87.36,0.586276944967672
87.37,0.584670581512208
87.38,0.583057028823414
87.39,0.581436338407058
87.4,0.579808561903226
87.41,0.578173751085197
87.42,0.576531957858331
87.4299999999999,0.574883234258943
87.44,0.573227632894947
87.45,0.571565206091594
87.46,0.569896006267154
87.47,0.568220086094816
87.48,0.566537498390811
87.49,0.564848296114313
87.5,0.563152532367424
87.51,0.561450260001949
87.52,0.559741532487423
87.53,0.558026403314601
87.54,0.556304926064885
87.55,0.554577154449434
87.5599999999999,0.552843142308339
87.57,0.551102943601343
87.58,0.54935661165566
87.59,0.547604200994929
87.6,0.545845765829451
87.61,0.544081360473688
87.62,0.542311039344071
87.63,0.540534856956901
87.64,0.538752868056739
87.65,0.536965128303565
87.66,0.535171692128081
87.67,0.533372614626086
87.6799999999999,0.531567951012551
87.69,0.529757756621364
87.7,0.527942086905116
87.71,0.52612099749786
87.72,0.524294544278749
87.73,0.522462782980889
87.74,0.52062576957915
87.75,0.518783560173225
87.76,0.516936210987831
87.77,0.515083778372922
87.78,0.513226318269191
87.79,0.511363886532647
87.8,0.509496540269552
87.8099999999999,0.507624336132614
87.82,0.505747330882287
87.83,0.50386558138682
87.84,0.501979144622183
87.85,0.50008807687198
87.86,0.498192435567839
87.87,0.496292277966883
87.88,0.494387661352701
87.89,0.492478643106502
87.9,0.490565280707121
87.91,0.488647631883844
87.92,0.486725754577342
87.9299999999999,0.484799706423888
87.94,0.482869545354724
87.95,0.480935329404058
87.96,0.478997116709004
87.97,0.477054965509607
87.98,0.475108933819882
87.99,0.473159080160012
88,0.4712054630729
88.01,0.469248141156644
88.02,0.467287173107852
88.03,0.465322617721643
88.04,0.463354533574734
88.05,0.461382978963073
88.0599999999999,0.459408013323587
88.07,0.457429695699247
88.08,0.455448085218983
88.09,0.453463241097612
88.1,0.451475222635878
88.11,0.449484088534794
88.12,0.447489898365416
88.13,0.445492711699941
88.14,0.443492588064081
88.15,0.441489587059656
88.16,0.439483768364589
88.17,0.437475191800736
88.1799999999999,0.435463917384879
88.19,0.433450004928633
88.2,0.431433514448877
88.21,0.429414506041491
88.22,0.427393039881382
88.23,0.42536917622252
88.24,0.42334297560531
88.25,0.421314498516185
88.26,0.419283805389722
88.27,0.417250956842802
88.28,0.4152160135752
88.29,0.413179036369579
88.3,0.411140086091493
88.3099999999999,0.409099221971782
88.32,0.40705650569731
88.33,0.405011998247236
88.34,0.402965760579089
88.35,0.400917853714044
88.36,0.398868338736963
88.37,0.396817276637523
88.38,0.39476472812692
88.39,0.392710754732367
88.4,0.390655417704883
88.41,0.388598778351625
88.42,0.386540898035891
88.4299999999999,0.384481838177124
88.44,0.382421660707809
88.45,0.380360427362652
88.46,0.378298199586745
88.47,0.376235039131784
88.48,0.374171007814542
88.49,0.372106167516796
88.5,0.370040580185376
88.51,0.367974307593843
88.52,0.365907411901412
88.53,0.363839955235418
88.54,0.361771999768616
88.55,0.35970360773605
88.5599999999999,0.357634841435048
88.57,0.35556576313428
88.58,0.353496434895439
88.59,0.351426919331211
88.6,0.349357278905475
88.61,0.347287576136208
88.62,0.345217873595416
88.63,0.343148233501585
88.64,0.341078718446524
88.65,0.339009391183674
88.66,0.336940314386905
88.67,0.33487155077326
88.6799999999999,0.332803163152331
88.69,0.330735214637086
88.7,0.328667767963079
88.71,0.326600886084144
88.72,0.324534632003718
88.73,0.32246906877488
88.74,0.320404260057271
88.75,0.318340269243364
88.76,0.31627715946448
88.77,0.314214994148121
88.78,0.312153836788257
88.79,0.310093750919672
88.8,0.308034799867808
88.8099999999999,0.30597704743456
88.82,0.303920557322657
88.83,0.301865393295568
88.84,0.299811619177428
88.85,0.297759298241583
88.86,0.295708494006729
88.87,0.293659270616704
88.88,0.291611691918174
88.89,0.289565821797263
88.9,0.287521724194027
88.91,0.285479463672331
88.92,0.283439104020609
88.9299999999999,0.281400709387647
88.94,0.279364343972339
88.95,0.277330072023729
88.96,0.275297958791179
88.97,0.273268069815256
88.98,0.271240469362938
88.99,0.269215222461611
89,0.267192394253743
89.01,0.265172049342823
89.02,0.263154253143886
89.03,0.26113907101844
89.04,0.259126568369649
89.05,0.257116810057861
89.0599999999999,0.255109859610005
89.07,0.253105783105587
89.08,0.251104645637463
89.09,0.249106512313323
89.1,0.247111449518229
89.11,0.245119522908635
89.12,0.243130797725803
89.13,0.241145339658468
89.14,0.239163214673253
89.15,0.237184491398018
89.16,0.235209235103664
89.17,0.233237512494972
89.1799999999999,0.231269390434529
89.19,0.229304935542748
89.2,0.227344214491315
89.21,0.225387294673204
89.22,0.223434243337774
89.23,0.221485127864741
89.24,0.219540014655686
89.25,0.217598971418464
89.26,0.215662065711076
89.27,0.213729365095296
89.28,0.211800937561686
89.29,0.209876851957698
89.3,0.207957175915529
89.3099999999999,0.206041977735498
89.32,0.20413132585352
89.33,0.202225290841417
89.34,0.200323942663186
89.35,0.198427350677077
89.36,0.19653558508625
89.37,0.194648715540531
89.38,0.192766812762628
89.39,0.190889947558514
89.4,0.189018190631554
89.41,0.187151610175218
89.42,0.185290277851742
89.4299999999999,0.183434264251897
89.44,0.181583640450822
89.45,0.179738478346088
89.46,0.177898848812889
89.47,0.176064823330462
89.48,0.174236476326291
89.49,0.172413882741697
89.5,0.170597115110105
89.51,0.168786247709253
89.52,0.166981356255002
89.53,0.165182516253889
89.54,0.163389803587873
89.55,0.161603294788725
89.5599999999999,0.159823061728217
89.57,0.158049182382624
89.58,0.156281733045267
89.59,0.154520790005244
89.6,0.15276642868379
89.61,0.151018726188346
89.62,0.149277759272364
89.63,0.147543607623441
89.64,0.145816353586255
89.65,0.144096074819144
89.66,0.142382851631828
89.67,0.140676768997632
89.6799999999999,0.138977912503672
89.69,0.137286366376033
89.7,0.135602213614851
89.71,0.133925537288336
89.72,0.132256424202078
89.73,0.130594956509205
89.74,0.128941214334752
89.75,0.127295282489023
89.76,0.125657246164668
89.77,0.124027193126053
89.78,0.122405207314632
89.79,0.120791379325413
89.8,0.119185808367829
89.8099999999999,0.11758858438639
89.82,0.115999802897918
89.83,0.114419561242136
89.84,0.112847958281221
89.85,0.111285091153129
89.86,0.109731045327833
89.87,0.108185921566934
89.88,0.10664981464518
89.89,0.105122812710508
89.9,0.103605010664667
89.91,0.102096502998853
89.92,0.100597408355814
89.9299999999999,0.0991078217395669
89.94,0.0976278482120436
89.95,0.0961575996984593
89.96,0.0946971852883055
89.97,0.0932467178077616
89.98,0.0918062961804851
89.99,0.0903760357661875
90,0.0889560480724853
90.01,0.0875464353219694
90.02,0.0861473084382617
90.03,0.0847587765462048
90.04,0.0833809564882862
90.05,0.0820139600611742
90.0599999999999,0.0806579001078446
90.07,0.0793128999914551
90.08,0.0779790823769204
90.09,0.0766565702605684
90.1,0.0753454887685159
90.11,0.0740459665822384
90.12,0.0727581192181399
90.13,0.071482068048308
90.14,0.0702179332536024
90.15,0.068965824961777
90.16,0.0677258587091938
90.17,0.0664981590016097
90.1799999999999,0.0652828441545095
90.19,0.064080037911901
90.2,0.0628898814664468
90.21,0.0617125044173178
90.22,0.0605480370517936
90.23,0.0593966160459585
90.24,0.0582583641288856
90.25,0.0571333680617159
90.26,0.0560217450687505
90.27,0.054923617827831
90.28,0.0538390931613689
90.29,0.0527682822832655
90.3,0.0517113065409198
90.3099999999999,0.0506682765749602
90.32,0.0496392951289264
90.33,0.0486244712021499
90.34,0.0476239050697054
90.35,0.0466376844037983
90.36,0.0456659037009468
90.37,0.044708643218062
90.38,0.0437659830391195
90.39,0.0428379971533741
90.4,0.0419247542778352
90.41,0.0410263182789345
90.42,0.0401427430827045
90.4299999999999,0.0392740801874305
90.44,0.0384203713886066
90.45,0.037581646084213
90.46,0.0367579330270617
90.47,0.0359492439941491
90.48,0.0351555872677311
90.49,0.034376960742098
90.5,0.0336133505153734
90.51,0.0328647367090742
90.52,0.0321310856402587
90.53,0.0314123550140975
90.54,0.030708492179528
90.55,0.0300194346491898
90.5599999999999,0.0293451082912089
90.57,0.0286854279127863
90.58,0.0280402970481973
90.59,0.0274096081920832
90.6,0.0267932457091754
90.61,0.0261910805450867
90.62,0.0256029744070451
90.63,0.0250287793358664
90.64,0.0244683362024021
90.65,0.0239214788030674
90.66,0.023388030145275
90.67,0.0228678047686349
90.6799999999999,0.0223606091314144
90.69,0.0218662411108864
90.7,0.0213844937259239
90.71,0.0209151522088829
90.72,0.0204579946880037
90.73,0.020012795511653
90.74,0.0195793236180123
90.75,0.0191573428578509
90.76,0.018746614901901
90.77,0.0183468982398654
90.78,0.0179579482869967
90.79,0.0175795195622808
90.8,0.0172113655732737
90.8099999999999,0.0168532391147115
90.82,0.0165048929400977
90.83,0.0161660804797121
90.84,0.0158365568181942
90.85,0.0155160778116679
90.86,0.015204401187746
90.87,0.0149012882566856
90.88,0.0146065020733678
90.89,0.0143198085019735
90.9,0.0140409783160977
90.91,0.0137697849957603
90.92,0.0135060056036607
90.9299999999999,0.0132494230847445
90.94,0.0129998238865496
90.95,0.0127569980465831
90.96,0.0125207425519077
90.97,0.0122908582842114
90.98,0.0120671492769821
90.99,0.0118494272562834
91,0.0116375080322763
91.01,0.011431210383836
91.02,0.0112303606433579
91.03,0.0110347894033845
91.04,0.0108443308100684
91.05,0.0106588255439219
91.0599999999999,0.0104781187919198
91.07,0.0103020598135918
91.08,0.0101305035620717
91.09,0.00996330959773055
91.1,0.00980034096991292
91.11,0.00964146635420678
91.12,0.00948655869540694
91.13,0.00933549370699199
91.14,0.00918815220724847
91.15,0.0090444189795601
91.16,0.00890418204679022
91.17,0.00876733305983437
91.1799999999999,0.00863376743726315
91.19,0.00850338458202769
91.2,0.00837608826290431
91.21,0.00825178442624079
91.22,0.00813038272869912
91.23,0.00801179529029106
91.24,0.00789593817538712
91.25,0.00778273012241739
91.26,0.00767209171565889
91.27,0.00756394705398697
91.28,0.00745822242383302
91.29,0.0073548471014763
91.3,0.00725375234959604
91.3099999999999,0.00715487163181613
91.32,0.00705814102934441
91.33,0.0069634988047036
91.34,0.00687088499394113
91.35,0.0067802419057092
91.36,0.00669151398336408
91.37,0.00660464722662625
91.38,0.00651958955683504
91.39,0.0064362907657073
91.4,0.00635470222230709
91.41,0.00627477688386209
91.42,0.00619646924877974
91.4299999999999,0.00611973526727801
91.44,0.0060445322628444
91.45,0.0059708188620358
91.46,0.0058985553017653
91.47,0.00582770305161418
91.48,0.00575822447913098
91.49,0.00569008321460349
91.5,0.00562324477852897
91.51,0.00555767498443394
91.52,0.0054933409662367
91.53,0.00543021092978283
91.54,0.00536825413747394
91.55,0.00530744067972751
91.5599999999999,0.00524774159454062
91.57,0.0051891287878863
91.58,0.00513157498048599
91.59,0.00507505366898711
91.6,0.00501953917675172
91.61,0.00496500694749828
91.62,0.00491143257913327
91.63,0.00485879252784506
91.64,0.00480706387576225
91.65,0.00475622528063216
91.66,0.00470625497409137
91.67,0.00465713213448215
91.6799999999999,0.00460883653207843
91.69,0.00456134874881966
91.7,0.00451464977286247
91.71,0.0044687210684656
91.72,0.00442354466589748
91.73,0.00437910303864393
91.74,0.00433537910439428
91.75,0.0042923562763351
91.76,0.0042500183506248
91.77,0.00420834961822184
91.78,0.00416733506126346
91.79,0.00412695959524414
91.8,0.00408720866497489
91.8099999999999,0.00404806809501171
91.82,0.00400952505509368
91.83,0.00397156596299084
91.84,0.00393417801682853
91.85,0.00389734879556834
91.86,0.00386106544428916
91.87,0.00382531599584117
91.88,0.00379008877671066
91.89,0.00375537223868971
91.9,0.00372115560398517
91.91,0.00368742837472312
91.92,0.00365417982498664
91.9299999999999,0.00362139974747622
91.94,0.00358907805885743
91.95,0.00355720465067405
91.96,0.00352577004682039
91.97,0.00349476480002024
91.98,0.00346417971325077
91.99,0.00343400656434899
92,0.00340423641418215
92.01,0.0033748608795399
92.02,0.00334587180076228
92.03,0.00331726084962828
92.04,0.0032890202223855
92.05,0.00326114223778304
92.0599999999999,0.00323361934208203
92.07,0.00320644414933874
92.08,0.00317960941513186
92.09,0.003153108022913
92.1,0.00312693299088229
92.11,0.0031010775601061
92.12,0.00307553520786493
92.13,0.0030502993205827
92.14,0.00302536349877393
92.15,0.00300072146501348
92.16,0.00297636710593574
92.17,0.00295229436418074
92.1799999999999,0.00292849731057107
92.19,0.00290497011947077
92.2,0.00288170726801598
92.21,0.00285870324810082
92.22,0.00283595259220065
92.23,0.00281344999953048
92.24,0.00279119016027657
92.25,0.00276916765673726
92.26,0.00274737748764463
92.27,0.00272581458451648
92.28,0.00270447393920616
92.29,0.00268335068053411
92.3,0.00266243989861351
92.3099999999999,0.00264173676450657
92.32,0.00262123649331233
92.33,0.0026009346189845
92.34,0.00258082665356076
92.35,0.00256090801490732
92.36,0.00254117428243191
92.37,0.00252162107055562
92.38,0.00250224397500233
92.39,0.00248303876981563
92.4,0.00246400123497734
92.41,0.00244512720073921
92.42,0.00242641237701329
92.4299999999999,0.00240785268135809
92.44,0.0023894440117229
92.45,0.00237118228499274
92.46,0.00235306354640862
92.47,0.00233508386090088
92.48,0.00231723923410556
92.49,0.00229952574563401
92.5,0.00228193953008894
92.51,0.00226447685162612
92.52,0.00224713387056513
92.53,0.00222990683397251
92.54,0.00221279202398999
92.55,0.00219578570997894
92.5599999999999,0.00217888423599509
92.57,0.00216208396725865
92.58,0.00214538129348037
92.59,0.00212877264469794
92.6,0.00211225448532449
92.61,0.00209582329381475
92.62,0.00207947558380408
92.63,0.00206320799300995
92.64,0.00204701711522744
92.65,0.00203089960762459
92.66,0.00201485217694168
92.67,0.00199887158173066
92.6799999999999,0.00198295462068197
92.69,0.00196709814512972
92.7,0.00195129905745456
92.71,0.00193555431312197
92.72,0.00191986092218609
92.73,0.00190421595975812
92.74,0.00188861662162233
92.75,0.00187306010660131
92.76,0.001857543707827
92.77,0.00184206482313638
92.78,0.00182662093975987
92.79,0.0018112096075714
92.8,0.00179582848168354
92.8099999999999,0.00178047531080467
92.82,0.00176514794875355
92.83,0.00174984435327083
92.84,0.00173456259369515
92.85,0.00171930085665049
92.86,0.00170405744148905
92.87,0.00168883077184878
92.88,0.00167361942709451
92.89,0.00165842210413553
92.9,0.00164323763731771
92.91,0.00162806500794797
92.92,0.001612903337594
92.9299999999999,0.00159775191118061
92.94,0.00158261016772844
92.95,0.00156747767663596
92.96,0.00155235416860336
92.97,0.00153723955983524
92.98,0.00152213392119538
92.99,0.00150703743828158
93,0.00149195051744587
93.01,0.00147687371632205
93.02,0.00146180773591919
93.03,0.00144675341556314
93.04,0.00143171180977104
93.05,0.00141668412057644
93.0599999999999,0.00140167165135074
93.07,0.00138667591060246
93.08,0.00137169856345997
93.09,0.00135674140855796
93.1,0.00134180632064126
93.11,0.00132689538167782
93.12,0.0013120107736777
93.13,0.00129715477057732
93.14,0.00128232979221109
93.15,0.00126753835705955
93.16,0.00125278308751727
93.17,0.00123806670350041
93.1799999999999,0.00122339200704523
93.19,0.00120876184787153
93.2,0.00119417918256552
93.21,0.00117964701244586
93.22,0.00116516837017433
93.23,0.00115074635361906
93.24,0.0011363840765387
93.25,0.00112208464462807
93.26,0.00110785120190004
93.27,0.00109368688197325
93.28,0.00107959481265533
93.29,0.00106557809540765
93.3,0.0010516398106883
93.3099999999999,0.00103778301861609
93.32,0.00102401071852419
93.33,0.00101032587807836
93.34,0.000996731441525174
93.35,0.000983230261248912
93.36,0.000969825127943366
93.37,0.000956518739016492
93.38,0.000943313728540433
93.39,0.000930212636906139
93.4,0.000917217918047936
93.41,0.000904331908356457
93.42,0.000891556859261441
93.4299999999999,0.000878894949754096
93.44,0.00086634820489644
93.45,0.000853918568453562
93.46,0.000841607901028568
93.47,0.000829417917339766
93.48,0.000817350233539342
93.49,0.000805406355270569
93.5,0.000793587665690715
93.51,0.00078189544384108
93.52,0.00077033086996093
93.53,0.00075889498624004
93.54,0.000747588733765311
93.55,0.000736412948137721
93.5599999999999,0.000725368339387395
93.57,0.000714455531353603
93.58,0.0007036750691019
93.59,0.000693027361313058
93.6,0.000682512723229546
93.61,0.000672131362610121
93.62,0.000661883400302817
93.63,0.000651768868699876
93.64,0.000641787721190282
93.65,0.000631939805070349
93.66,0.000622224901057424
93.67,0.000612642728009033
93.6799999999999,0.000603192919853117
93.69,0.000593875009454891
93.7,0.000584688482767307
93.71,0.000575632747185846
93.72,0.000566707140708324
93.73,0.0005579109382299
93.74,0.000549243401510571
93.75,0.000540703712357724
93.76,0.000532290997839967
93.77,0.000524004336583035
93.78,0.000515842771274019
93.79,0.000507805284807914
93.8,0.00049989082532475
93.8099999999999,0.000492098310298234
93.82,0.000484426619339464
93.83,0.000476874600210369
93.84,0.000469441081056545
93.85,0.000462124862669864
93.86,0.000454924712610963
93.87,0.000447839383719667
93.88,0.000440867606022517
93.89,0.000434008076045393
93.9,0.000427259480949377
93.91,0.000420620508631014
93.92,0.000414089827263017
93.9299999999999,0.00040766609517572
93.94,0.000401347961603742
93.95,0.000395134076486074
93.96,0.000389023063855517
93.97,0.000383013550425757
93.98,0.000377104161486084
93.99,0.000371293529663956
94,0.00036558027822013
94.01,0.000359963033255079
94.02,0.000354440426023007
94.03,0.000349011089157355
94.04,0.000343673651359822
94.05,0.000338426752770072
94.0599999999999,0.000333269035791712
94.07,0.000328199148174895
94.08,0.00032321574655284
94.09,0.000318317501948032
94.1,0.000313503091031776
94.11,0.000308771196075141
94.12,0.000304120514269682
94.13,0.000299549750893239
94.14,0.000295057614489584
94.15,0.000290642829128169
94.16,0.000286304133776525
94.17,0.000282040275661933
94.1799999999999,0.000277850015970782
94.19,0.000273732132063216
94.2,0.000269685414040044
94.21,0.000265708661480875
94.22,0.000261800689402537
94.23,0.000257960328320096
94.24,0.000254186418824969
94.25,0.000250477817654969
94.26,0.00024683339475512
94.27,0.000243252034192093
94.28,0.000239732633851701
94.29,0.000236274110780406
94.3,0.000232875395622008
94.3099999999999,0.000229535433814544
94.32,0.000226253179767708
94.33,0.000223027608349239
94.34,0.000219857707477396
94.35,0.000216742479809838
94.36,0.000213680942245973
94.37,0.000210672128910663
94.38,0.000207715087073736
94.39,0.000204808879609884
94.4,0.000201952580753251
94.41,0.000199145282375597
94.42,0.000196386089953089
94.4299999999999,0.000193674125845648
94.44,0.000191008525222554
94.45,0.000188388438088219
94.46,0.000185813020338048
94.47,0.000183281448237193
94.48,0.000180792909287346
94.49,0.000178346611474373
94.5,0.00017594176981136
94.51,0.000173577615735735
94.52,0.000171253397027065
94.53,0.000168968373981521
94.54,0.000166721819794683
94.55,0.000164513010740458
94.5599999999999,0.00016234124506779
94.57,0.000160205829290093
94.58,0.00015810608286263
94.59,0.000156041337511047
94.6,0.000154010938012433
94.61,0.000152014245429638
94.62,0.000150050628952777
94.63,0.000148119471267407
94.64,0.000146220163804478
94.65,0.000144352114453685
94.66,0.000142514740413016
94.67,0.000140707457012858
94.6799999999999,0.000138929705088634
94.69,0.000137180931455327
94.7,0.000135460589559081
94.71,0.000133768147644683
94.72,0.000132103083248534
94.73,0.000130464888407289
94.74,0.000128853062116184
94.75,0.000127267115428692
94.76,0.000125706556990102
94.77,0.000124170920071143
94.78,0.000122659743470016
94.79,0.000121172571308437
94.8,0.000119708948771069
94.8099999999999,0.000118268444311785
94.82,0.000116850630387457
94.83,0.000115455080801692
94.84,0.00011408138160467
94.85,0.00011272913047587
94.86,0.000111397931674573
94.87,0.000110087397772971
94.88,0.000108797150161541
94.89,0.000107526818679988
94.9,0.000106276036202244
94.91,0.000105044438066422
94.92,0.000103831678600836
94.9299999999999,0.000102637415414792
94.94,0.000101461305671638
94.95,0.00010030301912416
94.96,9.91622337789227e-05
94.97,9.80386327896106e-05
94.98,9.6931901749814e-05
94.99,9.5841738869911e-05
95,9.47678471732597e-05
95.01,9.3709934220031e-05
95.02,9.26677096915922e-05
95.03,9.16408970633007e-05
95.04,9.06292234406121e-05
95.05,8.96324147985836e-05
95.0599999999999,8.86502007423004e-05
95.07,8.76823263031687e-05
95.08,8.67285378218419e-05
95.09,8.57885854869834e-05
95.1,8.48622258127973e-05
95.11,8.39492214268437e-05
95.12,8.30493399603187e-05
95.13,8.21623467622584e-05
95.14,8.12880196213586e-05
95.15,8.04261401044698e-05
95.16,7.95764937119234e-05
95.17,7.87388626757399e-05
95.1799999999999,7.79130437351754e-05
95.19,7.70988348623415e-05
95.2,7.62960368436253e-05
95.21,7.55044497661044e-05
95.22,7.47238858537055e-05
95.23,7.39541586444114e-05
95.24,7.3195084303549e-05
95.25,7.24464790369059e-05
95.26,7.17081694189399e-05
95.27,7.09799835522336e-05
95.28,7.02617516870713e-05
95.29,6.955330391502e-05
95.3,6.88544804235453e-05
95.3099999999999,6.81651225742305e-05
95.32,6.74850735412652e-05
95.33,6.68141764830452e-05
95.34,6.61522838378181e-05
95.35,6.54992490919514e-05
95.36,6.48549271884063e-05
95.37,6.42191731038065e-05
95.38,6.35918504532391e-05
95.39,6.29728237221432e-05
95.4,6.23619589395412e-05
95.41,6.17591228756946e-05
95.42,6.11641891968072e-05
95.4299999999999,6.05770327904646e-05
95.44,5.99975292929772e-05
95.45,5.94255546295787e-05
95.46,5.8860992499818e-05
95.47,5.83037270716014e-05
95.48,5.77536444796667e-05
95.49,5.72106284791015e-05
95.5,5.66745718227841e-05
95.51,5.61453672381464e-05
95.52,5.56229098088964e-05
95.53,5.51070921126161e-05
95.54,5.45978138778277e-05
95.55,5.40949761110989e-05
95.5599999999999,5.35984815730768e-05
95.57,5.31082319262999e-05
95.58,5.26241320436754e-05
95.59,5.21460908198214e-05
95.6,5.16740179079942e-05
95.61,5.12078234140049e-05
95.62,5.07474176551263e-05
95.63,5.02927164073291e-05
95.64,4.98436357376329e-05
95.65,4.94000930751432e-05
95.66,4.89620043823706e-05
95.67,4.85292916476331e-05
95.6799999999999,4.81018769236732e-05
95.69,4.76796839036748e-05
95.7,4.72626350024377e-05
95.71,4.68506566897259e-05
95.72,4.64436763084398e-05
95.73,4.60416222814105e-05
95.74,4.56444242913441e-05
95.75,4.52520132613422e-05
95.76,4.48643212965532e-05
95.77,4.44812816618378e-05
95.78,4.41028287518017e-05
95.79,4.37288980549271e-05
95.8,4.33594270286901e-05
95.8099999999999,4.29943537141527e-05
95.82,4.26336168366967e-05
95.83,4.22771564545853e-05
95.84,4.19249136498181e-05
95.85,4.15768308037392e-05
95.86,4.12328512438278e-05
95.87,4.08929189960334e-05
95.88,4.05569791907265e-05
95.89,4.02249778919448e-05
95.9,3.98968620187189e-05
95.91,3.95725793503876e-05
95.92,3.92520786163141e-05
95.9299999999999,3.89353093380024e-05
95.94,3.86222218474408e-05
95.95,3.83127675314023e-05
95.96,3.80068989201594e-05
95.97,3.77045685841192e-05
95.98,3.74057301742235e-05
95.99,3.7110338093318e-05
96,3.6818347642963e-05
96.01,3.65297153529396e-05
96.02,3.62443976846098e-05
96.03,3.59623521396422e-05
96.04,3.56835369308922e-05
96.05,3.54079108344328e-05
96.0599999999999,3.51354324465704e-05
96.07,3.4866062350762e-05
96.08,3.45997612107951e-05
96.09,3.43364902888696e-05
96.1,3.40762114283358e-05
96.11,3.38188870364329e-05
96.12,3.35644815799681e-05
96.13,3.33129583483254e-05
96.14,3.30642815432025e-05
96.15,3.28184160861025e-05
96.16,3.25753274415222e-05
96.17,3.23349816039271e-05
96.1799999999999,3.20973449344474e-05
96.19,3.18623843543242e-05
96.2,3.16300673882866e-05
96.21,3.1400361954413e-05
96.22,3.11732364253759e-05
96.23,3.09486596147449e-05
96.24,3.07266014155332e-05
96.25,3.0507033256825e-05
96.26,3.02899246487843e-05
96.27,3.00752466012027e-05
96.28,2.98629705868385e-05
96.29,2.96530685338065e-05
96.3,2.94455127912735e-05
96.3099999999999,2.92402750560422e-05
96.32,2.90373289508794e-05
96.33,2.88366479072458e-05
96.34,2.86382057344733e-05
96.35,2.84419766094561e-05
96.36,2.82479350663414e-05
96.37,2.80560559847733e-05
96.38,2.78663145822799e-05
96.39,2.76786864028083e-05
96.4,2.74931473058921e-05
96.41,2.73096734566776e-05
96.42,2.71282413156058e-05
96.4299999999999,2.69488289184203e-05
96.44,2.67714148495954e-05
96.45,2.6595975976877e-05
96.46,2.64224905615964e-05
96.47,2.62509372221594e-05
96.48,2.60812949312748e-05
96.49,2.59135426852845e-05
96.5,2.57476583742162e-05
96.51,2.55836225907911e-05
96.52,2.54214152251428e-05
96.53,2.52610164319958e-05
96.54,2.51024066227496e-05
96.55,2.4945566457563e-05
96.5599999999999,2.47904771651313e-05
96.57,2.46371198129244e-05
96.58,2.44854758131103e-05
96.59,2.43355268302132e-05
96.6,2.41872547513136e-05
96.61,2.40406416789996e-05
96.62,2.38956710207067e-05
96.63,2.37523258028229e-05
96.64,2.3610588656142e-05
96.65,2.34704429209003e-05
96.66,2.33318721866037e-05
96.67,2.31948602895199e-05
96.6799999999999,2.30593910860719e-05
96.69,2.29254484242638e-05
96.7,2.27930170318316e-05
96.71,2.26620815542211e-05
96.72,2.25326268479643e-05
96.73,2.2404637976689e-05
96.74,2.22781002071206e-05
96.75,2.21529988308114e-05
96.76,2.20293194893949e-05
96.77,2.19070480337445e-05
96.78,2.17861704495888e-05
96.79,2.16666728979443e-05
96.8,2.15485417106317e-05
96.8099999999999,2.14317634646228e-05
96.82,2.13163255230054e-05
96.83,2.1202214446058e-05
96.84,2.10894173588985e-05
96.85,2.09779215589311e-05
96.86,2.08677145129205e-05
96.87,2.07587838540611e-05
96.88,2.06511174821149e-05
96.89,2.05447034492382e-05
96.9,2.04395298397751e-05
96.91,2.03355849705213e-05
96.92,2.02328573171126e-05
96.9299999999999,2.01313355115449e-05
96.94,2.00310083396941e-05
96.95,1.99318645455991e-05
96.96,1.98338932576167e-05
96.97,1.97370836830022e-05
96.98,1.96414251507789e-05
96.99,1.95469071245554e-05
97,1.94535191996205e-05
97.01,1.93612511938352e-05
97.02,1.92700932381362e-05
97.03,1.91800352052114e-05
97.04,1.90910672674723e-05
97.05,1.90031797265731e-05
97.0599999999999,1.89163630112838e-05
97.07,1.88306076753622e-05
97.08,1.87459045418845e-05
97.09,1.86622444508819e-05
97.1,1.85796183093619e-05
97.11,1.84980171995938e-05
97.12,1.84174323255484e-05
97.13,1.83378550112345e-05
97.14,1.82592766921696e-05
97.15,1.81816887980524e-05
97.16,1.81050830715341e-05
97.17,1.80294512845649e-05
97.1799999999999,1.79547853189257e-05
97.19,1.78810771644665e-05
97.2,1.78083189173459e-05
97.21,1.7736502778267e-05
97.22,1.76656210507172e-05
97.23,1.75956661821912e-05
97.24,1.75266307499172e-05
97.25,1.74585073098094e-05
97.26,1.73912885747349e-05
97.27,1.73249673534163e-05
97.28,1.72595365487653e-05
97.29,1.71949891562161e-05
97.3,1.71313182620584e-05
97.3099999999999,1.70685170417716e-05
97.32,1.70065790935365e-05
97.33,1.69454978080482e-05
97.34,1.68852665419637e-05
97.35,1.68258788760747e-05
97.36,1.67673284796141e-05
97.37,1.67096091089656e-05
97.38,1.66527146063765e-05
97.39,1.65966388986684e-05
97.4,1.65413759959494e-05
97.41,1.64869202313797e-05
97.42,1.64332656637069e-05
97.4299999999999,1.6380406565847e-05
97.44,1.63283372993496e-05
97.45,1.62770523061665e-05
97.46,1.62265461075363e-05
97.47,1.61768133028712e-05
97.48,1.61278485686441e-05
97.49,1.60796466914297e-05
97.5,1.60322026003618e-05
97.51,1.59855111376873e-05
97.52,1.5939567294391e-05
97.53,1.58943661350262e-05
97.54,1.58499027967055e-05
97.55,1.58061724880935e-05
97.5599999999999,1.57631704883982e-05
97.57,1.57208921463628e-05
97.58,1.56793330142297e-05
97.59,1.56384886377705e-05
97.6,1.55983545144398e-05
97.61,1.55589262921478e-05
97.62,1.55201996869381e-05
97.63,1.54821704821627e-05
97.64,1.54448345276558e-05
97.65,1.54081877389079e-05
97.66,1.537222609624e-05
97.67,1.53369457471609e-05
97.6799999999999,1.53023427655867e-05
97.69,1.5268413322217e-05
97.7,1.52351536634391e-05
97.71,1.52025600980633e-05
97.72,1.51706289965823e-05
97.73,1.51393567904306e-05
97.74,1.51087399712434e-05
97.75,1.50787751211346e-05
97.76,1.50494590170404e-05
97.77,1.50207882161465e-05
97.78,1.49927594599759e-05
97.79,1.4965369548198e-05
97.8,1.49386153379581e-05
97.8099999999999,1.49124937432072e-05
97.82,1.48870017340313e-05
97.83,1.48621363359823e-05
97.84,1.4837894629406e-05
97.85,1.4814273748773e-05
97.86,1.47912711026431e-05
97.87,1.47688840052928e-05
97.88,1.47471096398427e-05
97.89,1.47259453842438e-05
97.9,1.47053886705179e-05
97.91,1.46854369842263e-05
97.92,1.4666087863938e-05
97.9299999999999,1.46473389006981e-05
97.94,1.46291877374962e-05
97.95,1.46116320687353e-05
97.96,1.45946696396995e-05
97.97,1.4578298582023e-05
97.98,1.45625165544254e-05
97.99,1.45473214664331e-05
98,1.45327112905996e-05
98.01,1.45186840504877e-05
98.02,1.45052378202532e-05
98.03,1.44923707242288e-05
98.04,1.44800809365076e-05
98.05,1.44683666805267e-05
98.0599999999999,1.44572262286514e-05
98.07,1.44466579605503e-05
98.08,1.44366603387755e-05
98.09,1.44272317058052e-05
98.1,1.44183705400667e-05
98.11,1.44100753682709e-05
98.12,1.44023447650565e-05
98.13,1.43951773526353e-05
98.14,1.43885718004363e-05
98.15,1.43825268247507e-05
98.16,1.43770411883766e-05
98.17,1.43721137002634e-05
98.1799999999999,1.43677434168604e-05
98.19,1.4363929197182e-05
98.2,1.43606699521653e-05
98.21,1.43579646945213e-05
98.22,1.4355812483537e-05
98.23,1.43542124248121e-05
98.24,1.43531636699951e-05
98.25,1.43526654165203e-05
98.26,1.43527169073442e-05
98.27,1.43533174306819e-05
98.28,1.43544663636098e-05
98.29,1.4356163364674e-05
98.3,1.4358407673007e-05
98.3099999999999,1.43611987818736e-05
98.32,1.43645362311488e-05
98.33,1.4368419607169e-05
98.34,1.43728485425826e-05
98.35,1.43778227162009e-05
98.36,1.43833418528487e-05
98.37,1.43894057232154e-05
98.38,1.43960141437059e-05
98.39,1.44031669034845e-05
98.4,1.44108638797009e-05
98.41,1.44191050648346e-05
98.42,1.44278904450985e-05
98.4299999999999,1.44372200505419e-05
98.44,1.44470939548533e-05
98.45,1.44575122751637e-05
98.46,1.44684751718497e-05
98.47,1.44799828483369e-05
98.48,1.44920355509021e-05
98.49,1.45046335684777e-05
98.5,1.45177777340922e-05
98.51,1.4531468149445e-05
98.52,1.45457052408484e-05
98.53,1.45604895071621e-05
98.54,1.4575821492753e-05
98.55,1.45917017874525e-05
98.5599999999999,1.46081310265134e-05
98.57,1.46251098905673e-05
98.58,1.46426391055811e-05
98.59,1.46607194428147e-05
98.6,1.46793517187781e-05
98.61,1.46985371591011e-05
98.62,1.47182764684463e-05
98.63,1.47385706095763e-05
98.64,1.47594206091745e-05
98.65,1.47808275417102e-05
98.66,1.48027925295055e-05
98.67,1.48253167428029e-05
98.6799999999999,1.48484013998329e-05
98.69,1.48720477668816e-05
98.7,1.4896257158357e-05
98.71,1.49210309368579e-05
98.72,1.49463705089687e-05
98.73,1.49722773363006e-05
98.74,1.49987529262655e-05
98.75,1.50257988345528e-05
98.76,1.50534166653473e-05
98.77,1.50816080713953e-05
98.78,1.51103747540704e-05
98.79,1.51397184634399e-05
98.8,1.5169640998331e-05
98.8099999999999,1.52001442063967e-05
98.82,1.52312299841822e-05
98.83,1.52629003492339e-05
98.84,1.52951572541541e-05
98.85,1.53280027458712e-05
98.86,1.53614389228892e-05
98.87,1.53954679334673e-05
98.88,1.54300919757064e-05
98.89,1.54653132976369e-05
98.9,1.5501134197306e-05
98.91,1.55375570228651e-05
98.92,1.55745841726576e-05
98.9299999999999,1.56122180953057e-05
98.94,1.5650461864059e-05
98.95,1.56893176868589e-05
98.96,1.57287881946349e-05
98.97,1.57688760831696e-05
98.98,1.58095841031512e-05
98.99,1.58509150604304e-05
99,1.58928718162752e-05
99.01,1.59354572876256e-05
99.02,1.59786744473498e-05
99.03,1.60225263244992e-05
99.04,1.60670160045634e-05
99.05,1.6112147019728e-05
99.0599999999999,1.61579223323316e-05
99.07,1.62043452227625e-05
99.08,1.6251419035157e-05
99.09,1.62991471741803e-05
99.1,1.63475331053937e-05
99.11,1.63965803556222e-05
99.12,1.64462925133234e-05
99.13,1.6496673228955e-05
99.14,1.65477262153427e-05
99.15,1.65994552480485e-05
99.16,1.66518639453372e-05
99.17,1.67049563458624e-05
99.1799999999999,1.67587364003288e-05
99.19,1.68132081219633e-05
99.2,1.68683755869958e-05
99.21,1.69242429349668e-05
99.22,1.69808143690313e-05
99.23,1.70380941562628e-05
99.24,1.70960866279603e-05
99.25,1.71547961799524e-05
99.26,1.72142272784632e-05
99.27,1.7274385165631e-05
99.28,1.73352739530154e-05
99.29,1.73968983370351e-05
99.3,1.74592630835704e-05
99.3099999999999,1.75223730283938e-05
99.32,1.75862330776014e-05
99.33,1.76508482080429e-05
99.34,1.77162234677548e-05
99.35,1.77823639763902e-05
99.36,1.7849274925649e-05
99.37,1.79169615797113e-05
99.38,1.79854292756669e-05
99.39,1.80546840686527e-05
99.4,1.812473176751e-05
99.41,1.81955774619494e-05
99.42,1.82672268637514e-05
99.4299999999999,1.83396857664096e-05
99.44,1.8412960045803e-05
99.45,1.84870556608678e-05
99.46,1.85619786542718e-05
99.47,1.86377351530866e-05
99.48,1.87143313694586e-05
99.49,1.87917736012841e-05
99.5,1.88700682328807e-05
99.51,1.89492217356601e-05
99.52,1.90292408142196e-05
99.53,1.9110132020046e-05
99.54,1.91919020972281e-05
99.55,1.92745578809031e-05
99.5599999999999,1.93581062973773e-05
99.57,1.94425543648245e-05
99.58,1.95279091939828e-05
99.59,1.96141779888547e-05
99.6,1.97013680474046e-05
99.61,1.97894867622548e-05
99.62,1.98785416213868e-05
99.63,1.99685402088374e-05
99.64,2.0059490507593e-05
99.65,2.01514004678726e-05
99.66,2.02442777331605e-05
99.67,2.03381303166774e-05
99.6799999999999,2.04329663343984e-05
99.69,2.05287940058685e-05
99.7,2.0625621655015e-05
99.71,2.07234577109653e-05
99.72,2.08223107088605e-05
99.73,2.09221892906681e-05
99.74,2.10231022060002e-05
99.75,2.11250583129259e-05
99.76,2.12280665787867e-05
99.77,2.13321383405009e-05
99.78,2.14372813300951e-05
99.79,2.15435049369655e-05
99.8,2.16508187096593e-05
99.8099999999999,2.17592323212979e-05
99.82,2.18687555707933e-05
99.83,2.19793983840612e-05
99.84,2.20911708152409e-05
99.85,2.2204083047909e-05
99.86,2.23181453962935e-05
99.87,2.24333683064932e-05
99.88,2.2549762357691e-05
99.89,2.2667338680328e-05
99.9,2.27861083895885e-05
99.91,2.29060821305684e-05
99.92,2.30272710809158e-05
99.9299999999999,2.31496865620041e-05
99.94,2.32733400403144e-05
99.95,2.33982431288152e-05
99.96,2.35244075883475e-05
99.97,2.3651845329005e-05
99.98,2.37805684115134e-05
99.99,2.39105890486166e-05
100,2.40419196064557e-05
100.01,2.41745726059513e-05
100.02,2.43085609728151e-05
100.03,2.44438973856504e-05
100.04,2.45805948450125e-05
100.05,2.47186665199461e-05
100.06,2.48581257424397e-05
100.07,2.49989860088524e-05
100.08,2.51412609813374e-05
100.09,2.52849644892736e-05
100.1,2.54301105306896e-05
100.11,2.5576713273688e-05
100.12,2.57247870578769e-05
100.13,2.58743463957932e-05
100.14,2.60254074729956e-05
100.15,2.61779862143149e-05
100.16,2.63320963585346e-05
100.17,2.64877533218269e-05
100.18,2.66449727170592e-05
100.19,2.68037703558238e-05
100.2,2.69641622504632e-05
100.21,2.71261646161042e-05
100.22,2.72897938726848e-05
100.23,2.74550666469798e-05
100.24,2.76219997746356e-05
100.25,2.77906103021951e-05
100.26,2.79609154891283e-05
100.27,2.81329362635458e-05
100.28,2.83066885362079e-05
100.29,2.84821900492341e-05
100.3,2.86594591636089e-05
100.31,2.88385144823302e-05
100.32,2.90193748531142e-05
100.33,2.92020593710963e-05
100.34,2.93865873815414e-05
100.35,2.95729784825456e-05
100.36,2.97612525277376e-05
100.37,2.99514296289896e-05
100.38,3.01435301591174e-05
100.39,3.03375747399345e-05
100.4,3.05335842456139e-05
100.41,3.0731579872966e-05
100.42,3.09315830627198e-05
100.43,3.11336155298251e-05
100.44,3.13376992661495e-05
100.45,3.15438565431687e-05
100.46,3.17521099146697e-05
100.47,3.19624822194422e-05
100.48,3.21749965839714e-05
100.49,3.23896764251398e-05
100.5,3.26065454529187e-05
100.51,3.28256276730648e-05
100.52,3.30469494717922e-05
100.53,3.32705349535477e-05
100.54,3.34964085427221e-05
100.55,3.37245956240339e-05
100.56,3.39551219054974e-05
100.57,3.41880134216221e-05
100.58,3.44232965366071e-05
100.59,3.46609979475472e-05
100.6,3.49011446876279e-05
100.61,3.51437641293202e-05
100.62,3.53888839875872e-05
100.63,3.56365323230779e-05
100.64,3.58867392305651e-05
100.65,3.61395428782907e-05
100.66,3.63949654294873e-05
100.67,3.66530370224907e-05
100.68,3.69137882139009e-05
100.69,3.71772499838546e-05
100.7,3.74434537412899e-05
100.71,3.77124313292254e-05
100.72,3.79842150300271e-05
100.73,3.82588375706744e-05
100.74,3.85363321280393e-05
100.75,3.88167323341518e-05
100.76,3.91000722814716e-05
100.77,3.93863863261929e-05
100.78,3.96757094617801e-05
100.79,3.99680772970472e-05
100.8,4.02635257979972e-05
100.81,4.05620914156689e-05
100.82,4.08638110913463e-05
100.83,4.11687222617594e-05
100.84,4.14768628643022e-05
100.85,4.17882713422354e-05
100.86,4.21029866498885e-05
100.87,4.24210482578782e-05
100.88,4.27424961583092e-05
100.89,4.30673708919666e-05
100.9,4.33957171610713e-05
100.91,4.37275741039971e-05
100.92,4.40629840490773e-05
100.93,4.4401989889211e-05
100.94,4.47446350876999e-05
100.95,4.50909636840758e-05
100.96,4.54410202999468e-05
100.97,4.57948501448274e-05
100.98,4.61524990219666e-05
100.99,4.65140133341953e-05
101,4.68794400897535e-05
101.01,4.7248826908127e-05
101.02,4.76222300430727e-05
101.03,4.79997054563975e-05
101.04,4.83812947260533e-05
101.05,4.87670491082979e-05
101.06,4.91570205953216e-05
101.07,4.95512619245478e-05
101.08,4.99498265879212e-05
101.09,5.03527688412191e-05
101.1,5.07601437133428e-05
101.11,5.11720070156082e-05
101.12,5.15884153510574e-05
101.13,5.20094261237472e-05
101.14,5.24350975480492e-05
101.15,5.28654966103176e-05
101.16,5.33006800767926e-05
101.17,5.37407082910563e-05
101.18,5.41856436240084e-05
101.19,5.46355493844967e-05
101.2,5.50904898320546e-05
101.21,5.55505301896657e-05
101.22,5.60157366565038e-05
101.23,5.64861764206733e-05
101.24,5.69619176719737e-05
101.25,5.74430248789372e-05
101.26,5.79295658720311e-05
101.27,5.84216146742452e-05
101.28,5.89192427868888e-05
101.29,5.94225226940392e-05
101.3,5.99315278717246e-05
101.31,6.04463327971079e-05
101.32,6.09670129576723e-05
101.33,6.14936448603927e-05
101.34,6.20263060409367e-05
101.35,6.25650780029713e-05
101.36,6.31100533065512e-05
101.37,6.36613040909304e-05
101.38,6.42189135115336e-05
101.39,6.47829659430092e-05
101.4,6.53535469947394e-05
101.41,6.59307435263517e-05
101.42,6.65146436632294e-05
101.43,6.71053368120226e-05
101.44,6.77029136761626e-05
101.45,6.83074662713589e-05
101.46,6.89191151863673e-05
101.47,6.95379440525811e-05
101.48,7.01640479580318e-05
101.49,7.07975271050846e-05
101.5,7.1438483360356e-05
101.51,7.20870202818928e-05
101.52,7.27432431463478e-05
101.53,7.34072589761546e-05
101.54,7.40791765667028e-05
101.55,7.47591065135142e-05
101.56,7.54471518313063e-05
101.57,7.61434210434456e-05
101.58,7.68480344458503e-05
101.59,7.75611075914925e-05
101.6,7.8282757663261e-05
101.61,7.90131034851951e-05
101.62,7.97522655337554e-05
101.63,8.05003659490531e-05
101.64,8.1257529682073e-05
101.65,8.20238876355749e-05
101.66,8.27995641513023e-05
101.67,8.35846890045731e-05
101.68,8.43793937987042e-05
101.69,8.51838119819899e-05
101.7,8.5998078864657e-05
101.71,8.68223316358664e-05
101.72,8.76567093806736e-05
101.73,8.85013954720316e-05
101.74,8.93565276851314e-05
101.75,9.02222555997682e-05
101.76,9.1098737628437e-05
101.77,9.19861358783991e-05
101.78,9.28846162771417e-05
101.79,9.37943274136533e-05
101.8,9.47154039800291e-05
101.81,9.56480371874843e-05
101.82,9.65923958985349e-05
101.83,9.75486513966556e-05
101.84,9.85169773863119e-05
101.85,9.94975456286956e-05
101.86,0.000100490530715062
101.87,0.000101496115255193
101.88,0.00010251448107184
101.89,0.000103545812264022
101.9,0.000104590295207028
101.91,0.000105648144461165
101.92,0.000106719560712054
101.93,0.000107804732935618
101.94,0.000108903863862705
101.95,0.000110017159162762
101.96,0.000111144827443864
101.97,0.000112287126021247
101.98,0.000113444270392965
101.99,0.000114616477085513
102,0.000115803976872752
102.01,0.000117007004407301
102.02,0.00011822579822054
102.03,0.000119460597415988
102.04,0.000120711649050286
102.05,0.000121979203012805
102.06,0.000123263512720854
102.07,0.000124564835414346
102.08,0.000125883431891509
102.09,0.000127219550012525
102.1,0.000128573465243722
102.11,0.000129945447475569
102.12,0.000131335770165586
102.13,0.000132744710338312
102.14,0.000134172558269524
102.15,0.000135619667141087
102.16,0.000137086292876887
102.17,0.000138572737406476
102.18,0.000140079307166796
102.19,0.000141606313102192
102.2,0.000143154070664367
102.21,0.000144722970997969
102.22,0.000146313346162382
102.23,0.000147925516141832
102.24,0.000149559829192349
102.25,0.000151216639322165
102.26,0.000152896306291718
102.27,0.000154599200278296
102.28,0.00015632570768451
102.29,0.000158076198337171
102.3,0.000159851057824067
102.31,0.000161650677731857
102.32,0.000163475455646083
102.33,0.000165325795151127
102.34,0.000167202123956359
102.35,0.000169104854802521
102.36,0.000171034409158673
102.37,0.000172991217773718
102.38,0.000174975717659856
102.39,0.000176988352092595
102.4,0.000179029614105445
102.41,0.000181100034523783
102.42,0.000183200038106781
102.43,0.000185330111072712
102.44,0.000187490747453176
102.45,0.000189682449093059
102.46,0.000191905725650598
102.47,0.000194161180165674
102.48,0.0001964493074553
102.49,0.000198770647903239
102.5,0.000201125755278611
102.51,0.000203515192226551
102.52,0.000205939530268208
102.53,0.000208399394216204
102.54,0.000210895412670769
102.55,0.000213428160920853
102.56,0.000215998258870256
102.57,0.000218606336375814
102.58,0.000221253033247337
102.59,0.000223938999247702
102.6,0.000226664990825769
102.61,0.00022943165533473
102.62,0.000232239673317205
102.63,0.000235089749637323
102.64,0.000237982600353794
102.65,0.000240918952719908
102.66,0.000243899574371901
102.67,0.000246925347895535
102.68,0.000249996969219783
102.69,0.00025311523167073
102.7,0.000256280941593515
102.71,0.000259494918352439
102.72,0.000262757994330908
102.73,0.000266071110654486
102.74,0.000269435178867177
102.75,0.000272851035947133
102.76,0.000276319590349535
102.77,0.000279841765543635
102.78,0.000283418500012763
102.79,0.000287050747254321
102.8,0.000290739658971478
102.81,0.000294486154734025
102.82,0.000298291245102234
102.83,0.000302155970056761
102.84,0.000306081386726247
102.85,0.000310068569387253
102.86,0.000314118664987376
102.87,0.000318232946126028
102.88,0.000322412456391743
102.89,0.000326658368491469
102.9,0.000330971874821399
102.91,0.000335354187466971
102.92,0.000339806538202869
102.93,0.000344330344879702
102.94,0.000348926928125926
102.95,0.00035359753898167
102.96,0.000358343524609632
102.97,0.000363166254889581
102.98,0.000368067122418272
102.99,0.000373047542509612
103,0.000378109278699401
103.01,0.00038325364494213
103.02,0.000388482161811949
103.03,0.00039379637860387
103.04,0.0003991978707915
103.05,0.000404688240027046
103.06,0.000410269224676546
103.07,0.000415942699927084
103.08,0.000421710231530086
103.09,0.000427573572628467
103.1,0.000433534506503948
103.11,0.000439594846576943
103.12,0.000445756436406772
103.13,0.000452021379445845
103.14,0.000458391632161224
103.15,0.000464869117756129
103.16,0.000471455865849141
103.17,0.00047815394245994
103.18,0.000484965483978968
103.19,0.000491892805058124
103.2,0.000498938018696853
103.21,0.000506103374704945
103.22,0.000513391163128877
103.23,0.000520803714251686
103.24,0.000528343553107525
103.25,0.000536013129738883
103.26,0.00054381488646299
103.27,0.00055175135920899
103.28,0.000559825128419669
103.29,0.000568038871210113
103.3,0.000576395543798467
103.31,0.000584897758614426
103.32,0.000593548335650345
103.33,0.000602350145594495
103.34,0.000611306109831355
103.35,0.00062041944560641
103.36,0.000629693244362674
103.37,0.000639130563479199
103.38,0.000648734599100933
103.39,0.000658508604961645
103.4,0.00066845594670858
103.41,0.000678580311086666
103.42,0.000688885011950075
103.43,0.00069937360071107
103.44,0.000710049693145215
103.45,0.000720916969391127
103.46,0.000731979397659138
103.47,0.00074324088728781
103.48,0.000754705331133843
103.49,0.000766376777938871
103.5,0.000778259359898628
103.51,0.000790357295623607
103.52,0.000802674956013705
103.53,0.000815216714529972
103.54,0.000827987069024863
103.55,0.00084099061097441
103.56,0.000854232027110996
103.57,0.000867716125920465
103.58,0.000881447839536708
103.59,0.000895432141397428
103.6,0.000909674137340125
103.61,0.000924179040389127
103.62,0.000938952172664227
103.63,0.000953998994579542
103.64,0.000969325058768841
103.65,0.000984936029297455
103.66,0.00100083769541833
103.67,0.00101703596697664
103.68,0.00103353687905174
103.69,0.00105034662267774
103.7,0.00106747147331593
103.71,0.00108491785326904
103.72,0.00110269231738129
103.73,0.00112080155521353
103.74,0.00113925243070911
103.75,0.00115805196494303
103.76,0.00117720725658693
103.77,0.00119672558358106
103.78,0.00121661437423784
103.79,0.00123688120976497
103.8,0.0012575339169449
103.81,0.00127858039808585
103.82,0.00130002872268091
103.83,0.00132188714380462
103.84,0.00134416408588393
103.85,0.00136686815216667
103.86,0.00139000815062791
103.87,0.00141359302909125
103.88,0.00143763193617725
103.89,0.00146213420817701
103.9,0.00148710937210852
103.91,0.00151256715322496
103.92,0.00153851747821777
103.93,0.00156497046276694
103.94,0.00159193643112291
103.95,0.00161942591418283
103.96,0.00164744965259373
103.97,0.00167601871402332
103.98,0.00170514434479327
103.99,0.00173483792984445
104,0.00176511113867976
104.01,0.00179597587585478
104.02,0.00182744428477145
104.03,0.00185952888220249
104.04,0.00189224230554404
104.05,0.00192559745740213
104.06,0.00195960752198833
104.07,0.00199428594907914
104.08,0.00202964645689945
104.09,0.0020657029888654
104.1,0.00210246983132874
104.11,0.00213996152677213
104.12,0.00217819290264911
104.13,0.00221717907554985
104.14,0.00225693546740898
104.15,0.00229747783128705
104.16,0.00233882216519806
104.17,0.00238098479929628
104.18,0.00242398237634193
104.19,0.00246783185605871
104.2,0.00251255063017252
104.21,0.00255815644712135
104.22,0.00260466722106257
104.23,0.00265210129642272
104.24,0.00270047736871114
104.25,0.00274981448975469
104.26,0.00280013215223677
104.27,0.0028514501636298
104.28,0.0029037886811482
104.29,0.00295716826885179
104.3,0.00301160987900677
104.31,0.00306713485772225
104.32,0.00312376493136709
104.33,0.00318152225346918
104.34,0.00324042938151662
104.35,0.00330050928720967
104.36,0.00336178536327735
104.37,0.00342428144263089
104.38,0.00348802189553458
104.39,0.0035530313800147
104.4,0.00361933506237594
104.41,0.00368695856365874
104.42,0.00375592796563524
104.43,0.0038262698947196
104.44,0.00389801155167286
104.45,0.00397118039798537
104.46,0.00404580448929343
104.47,0.00412191238402501
104.48,0.00419953315026255
104.49,0.00427869646664105
104.5,0.00435943251399832
104.51,0.00444177192423567
104.52,0.00452574592303316
104.53,0.0046113862884079
104.54,0.00469872535816716
104.55,0.00478779616096194
104.56,0.00487863219623768
104.57,0.00497126753971514
104.58,0.00506573689098354
104.59,0.00516207555454178
104.6,0.00526031944779862
104.61,0.00536050549032111
104.62,0.00546267076801022
104.63,0.00556685316972847
104.64,0.00567309125952831
104.65,0.00578142427284345
104.66,0.00589189218496536
104.67,0.00600453608119274
104.68,0.00611939713946712
104.69,0.00623651750995226
104.7,0.00635594008411907
104.71,0.00647770850573072
104.72,0.00660186729881213
104.73,0.00672846198231945
104.74,0.00685753851151799
104.75,0.00698914381847371
104.76,0.00712332567615071
104.77,0.00726013281654065
104.78,0.0073996148729698
104.79,0.00754182223712242
104.8,0.00768680627818611
104.81,0.00783461929371359
104.82,0.00798531475351963
104.83,0.00813894698361376
104.84,0.00829557121342401
104.85,0.00845524375526151
104.86,0.0086180219547804
104.87,0.00878396460956394
104.88,0.00895313122336571
104.89,0.00912558247209499
104.9,0.00930138021000199
104.91,0.00948058746389208
104.92,0.00966326883673381
104.93,0.00984948966938266
104.94,0.0100393167241161
104.95,0.0102328180351093
104.96,0.0104300629918367
104.97,0.010631122545596
104.98,0.0108360686617939
104.99,0.0110449748265313
105,0.0112579159405313
105.01,0.0114749684484454
105.02,0.0116962103752369
105.03,0.0119217210197313
105.04,0.0121515813181603
105.05,0.0123858737728809
105.06,0.0126246825662675
105.07,0.0128680934982651
105.08,0.0131161939499112
105.09,0.0133690730307578
105.1,0.0136268215670239
105.11,0.0138895319920437
105.12,0.0141572986030875
105.13,0.0144302175102223
105.14,0.0147083866117512
105.15,0.0149919056501516
105.16,0.0152808759858429
105.17,0.0155754011406788
105.18,0.0158755864694799
105.19,0.016181539249815
105.2,0.0164933686578866
105.21,0.016811185236895
105.22,0.0171351022942414
105.23,0.0174652348359027
105.24,0.0178016998761396
105.25,0.0181446162658556
105.26,0.0184941043393883
105.27,0.0188502871497642
105.28,0.0192132894739426
105.29,0.0195832379773333
105.3,0.0199602609886864
105.31,0.0203444892534592
105.32,0.0207360553257242
105.33,0.021135093596894
105.34,0.0215417399934135
105.35,0.0219561329225865
105.36,0.0223784124966137
105.37,0.0228087205419042
105.38,0.0232472001407544
105.39,0.0236939969913593
105.4,0.0241492582801338
105.41,0.0246131327689388
105.42,0.0250857702947725
105.43,0.02556732317675
105.44,0.0260579450344066
105.45,0.0265577908814181
105.46,0.0270670166027368
105.47,0.0275857803497563
105.48,0.0281142413521332
105.49,0.0286525599788676
105.5,0.0292008971162437
105.51,0.029759415768809
105.52,0.0303282796884038
105.53,0.0309076534633503
105.54,0.0314977018714859
105.55,0.0320985915534336
105.56,0.032710489541054
105.57,0.0333335635418014
105.58,0.0339679805691456
105.59,0.0346139095640015
105.6,0.0352715193418291
105.61,0.0359409790118908
105.62,0.0366224569659964
105.63,0.0373161223169014
105.64,0.0380221441777619
105.65,0.0387406913734809
105.66,0.0394719319217543
105.67,0.0402160334466522
105.68,0.0409731635403739
105.69,0.0417434889236232
105.7,0.0425271752874556
105.71,0.0433243869915739
105.72,0.0441352881326077
105.73,0.0449600413635155
105.74,0.0457988079943025
105.75,0.0466517473347405
105.76,0.0475190178938237
105.77,0.0484007762416612
105.78,0.0492971771520528
105.79,0.0502083731824753
105.8,0.0511345151222801
105.81,0.0520757514960711
105.82,0.053032228500991
105.83,0.0540040896108432
105.84,0.0549914758442334
105.85,0.0559945255859648
105.86,0.0570133742945442
105.87,0.0580481544635851
105.88,0.0590989954833811
105.89,0.0601660234725521
105.9,0.0612493611945039
105.91,0.0623491280226325
105.92,0.0634654400135986
105.93,0.0645984090740359
105.94,0.0657481434361854
105.95,0.0669147473709925
105.96,0.068098321755181
105.97,0.0692989626386381
105.98,0.0705167619461566
105.99,0.0717518072611475
106,0.0730041821767681
106.01,0.0742739658264158
106.02,0.075561232106249
106.03,0.0768660504356756
106.04,0.0781884855610537
106.05,0.0795285985064598
106.06,0.0808864438036994
106.07,0.0822620714965684
106.08,0.0836555264972423
106.09,0.0850668498485747
106.1,0.0864960764229567
106.11,0.087943235703028
106.12,0.089408352064073
106.13,0.0908914451509355
106.14,0.0923925298977637
106.15,0.0939116144115995
106.16,0.0954487019240493
106.17,0.0970037902232188
106.18,0.0985768736646177
106.19,0.100167938686276
106.2,0.101776967078932
106.21,0.103403935101219
106.22,0.105048814819892
106.23,0.106711572317329
106.24,0.108392167522241
106.25,0.110090555312438
106.26,0.111806685592667
106.27,0.113540504121998
106.28,0.115291949355711
106.29,0.117060955148553
106.3,0.118847450019669
106.31,0.120651359194806
106.32,0.122472600692782
106.33,0.124311087875119
106.34,0.126166729093726
106.35,0.128039428610288
106.36,0.129929085831302
106.37,0.131835594202214
106.38,0.133758842840809
106.39,0.135698716220931
106.4,0.137655095825506
106.41,0.139627856441224
106.42,0.141616869100723
106.43,0.143622000389843
106.44,0.145643113254322
106.45,0.147680066338703
106.46,0.149732713759809
106.47,0.151800905855102
106.48,0.153884489433243
106.49,0.155983307107884
106.5,0.158097197913751
106.51,0.160225997321126
106.52,0.162369537337023
106.53,0.164527646448661
106.54,0.166700149848798
106.55,0.168886869690203
106.56,0.171087624868696
106.57,0.173302231255659
106.58,0.175530501872551
106.59,0.177772247163476
106.6,0.180027274598424
106.61,0.182295389152147
106.62,0.18457639347831
106.63,0.186870087864821
106.64,0.189176270241423
106.65,0.191494736455404
106.66,0.193825280374475
106.67,0.196167693898999
106.68,0.198521767136048
106.69,0.200887288367466
106.7,0.203264044125939
106.71,0.205651819662274
106.72,0.208050398708767
106.73,0.210459563485115
106.74,0.21287909487056
106.75,0.21530877283374
106.76,0.217748376167825
106.77,0.220197682739072
106.78,0.222656469546706
106.79,0.225124512781722
106.8,0.227601587982322
106.81,0.230087470498365
106.82,0.232581935147692
106.83,0.235084756250376
106.84,0.237595708036093
106.85,0.240114562768841
106.86,0.24264109350486
106.87,0.245175073526101
106.88,0.247716275651965
106.89,0.250264473596875
106.9,0.252819440511849
106.91,0.255380949791205
106.92,0.2579487752515
106.93,0.260522690393512
106.94,0.263102469793221
106.95,0.265687888368028
106.96,0.268278721559101
106.97,0.270874744767568
106.98,0.273475734912944
106.99,0.276081469366491
107,0.278691726322521
107.01,0.281306284870736
107.02,0.283924923035607
107.03,0.286547422129796
107.04,0.289173563745864
107.05,0.291803130461727
107.06,0.294435905965583
107.07,0.297071673715343
107.08,0.299710219812161
107.09,0.302351331243712
107.1,0.304994796145223
107.11,0.307640403958302
107.12,0.310287944344743
107.13,0.312937209396549
107.14,0.315587992492636
107.15,0.31824008829685
107.16,0.320893292946565
107.17,0.32354740277176
107.18,0.326202216682194
107.19,0.328857535193213
107.2,0.331513160119361
107.21,0.334168894852723
107.22,0.336824543395777
107.23,0.339479912019954
107.24,0.342134808855366
107.25,0.344789043410167
107.26,0.347442426847528
107.27,0.350094771456523
107.28,0.352745891485437
107.29,0.355395603131883
107.3,0.358043724122044
107.31,0.360690073914495
107.32,0.363334473099813
107.33,0.365976744198351
107.34,0.368616711918225
107.35,0.371254202462726
107.36,0.373889043805501
107.37,0.376521065000993
107.38,0.37915009690716
107.39,0.381775972845597
107.4,0.384398527517284
107.41,0.387017597380545
107.42,0.389633020302597
107.43,0.392244635819462
107.44,0.394852285703686
107.45,0.397455813236902
107.46,0.400055063448266
107.47,0.402649883007891
107.48,0.405240120268113
107.49,0.407825625532763
107.5,0.410406250763011
107.51,0.412981849671484
107.52,0.41555227745567
107.53,0.418117390760067
107.54,0.420677048602796
107.55,0.423231111437132
107.56,0.425779441427352
107.57,0.428321902166606
107.58,0.430858358452809
107.59,0.433388677640901
107.6,0.435912728359936
107.61,0.438430380873357
107.62,0.44094150707852
107.63,0.443445980510289
107.64,0.445943676290941
107.65,0.448434471162081
107.66,0.450918243466919
107.67,0.453394873170159
107.68,0.455864242036812
107.69,0.458326233135281
107.7,0.460780731231568
107.71,0.463227622675601
107.72,0.465666795395704
107.73,0.468098137242612
107.74,0.470521539596449
107.75,0.47293689457962
107.76,0.475344095771404
107.77,0.477743038194684
107.78,0.480133618951503
107.79,0.482515735945784
107.8,0.484889288616546
107.81,0.487254177910435
107.82,0.489610306200843
107.83,0.491957576751294
107.84,0.494295894556269
107.85,0.496625166112144
107.86,0.498945299119182
107.87,0.501256202604617
107.88,0.503557786923527
107.89,0.505849963728812
107.9,0.50813264594795
107.91,0.510405747789436
107.92,0.512669184722322
107.93,0.514922873754885
107.94,0.517166733323052
107.95,0.519400682577531
107.96,0.521624642164364
107.97,0.523838533972961
107.98,0.526042280999729
107.99,0.528235807204377
108,0.53041903821331
108.01,0.532591900638242
108.02,0.534754322258392
108.03,0.536906232008791
108.04,0.539047559214109
108.05,0.541178235118233
108.06,0.543298191879357
108.07,0.545407362652417
108.08,0.547505681640769
108.09,0.549593084324767
108.1,0.551669507307215
108.11,0.553734887814896
108.12,0.55578916428213
108.13,0.557832276149133
108.14,0.559864163870573
108.15,0.561884769462192
108.16,0.563894035170667
108.17,0.565891904507897
108.18,0.567878321960599
108.19,0.569853232980128
108.2,0.571816583688271
108.21,0.573768321255473
108.22,0.575708393947012
108.23,0.577636750811302
108.24,0.579553341782505
108.25,0.581458117717316
108.26,0.583351030541159
108.27,0.585232032722077
108.28,0.587101077704153
108.29,0.588958119772215
108.3,0.590803114040829
108.31,0.59263601667432
108.32,0.594456784450365
108.33,0.596265374948491
108.34,0.598061746592243
108.35,0.59984585859713
108.36,0.601617670995931
108.37,0.60337714463326
108.38,0.60512424102602
108.39,0.60685892249017
108.4,0.608581152089985
108.41,0.610290893628678
108.42,0.611988111601422
108.43,0.613672771229016
108.44,0.615344838478652
108.45,0.617004279994637
108.46,0.618651063109875
108.47,0.620285155836211
108.48,0.621906527051227
108.49,0.62351514613852
108.5,0.625110983107438
108.51,0.626694008668348
108.52,0.628264194175358
108.53,0.629821511617584
108.54,0.631365934361392
108.55,0.632897435513964
108.56,0.634415989073211
108.57,0.635921569715265
108.58,0.637414152745356
108.59,0.638893714019414
108.6,0.640360229281998
108.61,0.641813675905533
108.62,0.643254031431619
108.63,0.644681273962383
108.64,0.646095382151591
108.65,0.647496335429253
108.66,0.648884114248637
108.67,0.650258698693639
108.68,0.651620069790745
108.69,0.652968209117056
108.7,0.654303098794486
108.71,0.655624721393497
108.72,0.65693305999461
108.73,0.65822809833842
108.74,0.659509820609655
108.75,0.66077821149916
108.76,0.662033256197429
108.77,0.663274940772236
108.78,0.664503251518661
108.79,0.665718175061009
108.8,0.666919698657828
108.81,0.668107810054863
108.82,0.669282497479808
108.83,0.670443749638955
108.84,0.67159155573441
108.85,0.672725905399028
108.86,0.673846788741745
108.87,0.674954196328271
108.88,0.676048119175909
108.89,0.677128548748398
108.9,0.678195477162239
108.91,0.679248896965853
108.92,0.680288800865395
108.93,0.681315182158736
108.94,0.682328034579413
108.95,0.683327352292407
108.96,0.684313129889983
108.97,0.685285362265587
108.98,0.686244044884064
108.99,0.687189173576295
109,0.688120744572103
109.01,0.689038754503294
109.02,0.689943200399184
109.03,0.690834079885526
109.04,0.691711391230504
109.05,0.692575132470592
109.06,0.693425302325497
109.07,0.694261899912168
109.08,0.695084924741776
109.09,0.695894376716656
109.1,0.696690255828123
109.11,0.697472562732986
109.12,0.698241298480061
109.13,0.698996464416101
109.14,0.699738062250599
109.15,0.700466094051916
109.16,0.701180562373753
109.17,0.701881470741581
109.18,0.702568822007225
109.19,0.703242619815882
109.2,0.703902868180026
109.21,0.704549571477369
109.22,0.705182734448788
109.23,0.705802361954307
109.24,0.706408459324839
109.25,0.707001032415825
109.26,0.707580087306943
109.27,0.708145630416904
109.28,0.70869766850052
109.29,0.709236208645764
109.3,0.709761258483047
109.31,0.710272825685098
109.32,0.710770918359592
109.33,0.711255544945148
109.34,0.711726714205689
109.35,0.712184435227925
109.36,0.71262871751258
109.37,0.713059570975996
109.38,0.713477005590939
109.39,0.713881031772643
109.4,0.714271660256008
109.41,0.714648902093696
109.42,0.715012768654218
109.43,0.715363271651965
109.44,0.715700423084961
109.45,0.716024235258005
109.46,0.716334720793706
109.47,0.716631892622417
109.48,0.716915763980406
109.49,0.717186348413847
109.5,0.717443659820809
109.51,0.717687712324105
109.52,0.717918520377579
109.53,0.718136098733763
109.54,0.718340462442183
109.55,0.718531626847657
109.56,0.718709607614554
109.57,0.718874420699008
109.58,0.719026082313076
109.59,0.719164608977992
109.6,0.719290017503617
109.61,0.719402324986865
109.62,0.719501548810116
109.63,0.719587706666071
109.64,0.71966081649849
109.65,0.719720896539755
109.66,0.719767965304975
109.67,0.719802041587785
109.68,0.719823144458823
109.69,0.719831293320619
109.7,0.719826507975268
109.71,0.719808808224267
109.72,0.719778214267485
109.73,0.719734746578944
109.74,0.719678425905561
109.75,0.719609273265889
109.76,0.719527309948862
109.77,0.719432557499135
109.78,0.719325037720855
109.79,0.71920477271805
109.8,0.719071784842819
109.81,0.718926096710603
109.82,0.718767731198891
109.83,0.718596711445914
109.84,0.718413060849352
109.85,0.718216803126575
109.86,0.71800796223958
109.87,0.7177865623277
109.88,0.717552627833164
109.89,0.717306183453687
109.9,0.717047254141312
109.91,0.716775865101249
109.92,0.716492041790711
109.93,0.716195810023142
109.94,0.715887195787838
109.95,0.715566225266641
109.96,0.715232924939963
109.97,0.714887321537828
109.98,0.714529442038903
109.99,0.71415931366951
110,0.713776963902662
110.01,0.71338242044883
110.02,0.712975711271799
110.03,0.712556864579382
110.04,0.712125908819866
110.05,0.711682872683133
110.06,0.711227785099673
110.07,0.710760675239605
110.08,0.710281572511674
110.09,0.70979050651805
110.1,0.709287507154302
110.11,0.708772604537191
110.12,0.708245829012311
110.13,0.707707211157983
110.14,0.707156781784212
110.15,0.706594571931647
110.16,0.706020612870546
110.17,0.705434936247858
110.18,0.704837573720744
110.19,0.704228557261709
110.2,0.70360791907169
110.21,0.70297569157883
110.22,0.702331907437603
110.23,0.701676599527933
110.24,0.701009800966698
110.25,0.700331545191909
110.26,0.699641865698677
110.27,0.698940796275791
110.28,0.698228370935063
110.29,0.697504623910548
110.3,0.69676958965776
110.31,0.696023302852891
110.32,0.695265798392047
110.33,0.6944971112548
110.34,0.693717276820424
110.35,0.692926330633863
110.36,0.692124308441576
110.37,0.691311246203427
110.38,0.690487180091791
110.39,0.689652146490633
110.4,0.688806181994602
110.41,0.687949323372648
110.42,0.687081607632412
110.43,0.686203072002226
110.44,0.685313753902567
110.45,0.684413690959093
110.46,0.683502921001652
110.47,0.682581482063326
110.48,0.681649412379494
110.49,0.680706750504953
110.5,0.679753535214824
110.51,0.678789805262639
110.52,0.677815599723659
110.53,0.676830957875616
110.54,0.67583591919802
110.55,0.674830523371459
110.56,0.673814810276895
110.57,0.672788819997464
110.58,0.671752592823643
110.59,0.670706169227692
110.6,0.669649589886947
110.61,0.668582895675882
110.62,0.667506127665391
110.63,0.666419327122125
110.64,0.665322535507803
110.65,0.664215794478523
110.66,0.663099145428737
110.67,0.661972630613456
110.68,0.660836292217763
110.69,0.659690172603504
110.7,0.658534314315733
110.71,0.657368760081589
110.72,0.65619355280923
110.73,0.655008735586766
110.74,0.653814351777847
110.75,0.652610444820777
110.76,0.651397058328305
110.77,0.650174236115885
110.78,0.648942022175728
110.79,0.647700460675824
110.8,0.646449595958982
110.81,0.645189472541852
110.82,0.643920135448785
110.83,0.642641629766194
110.84,0.641354000370819
110.85,0.640057292557717
110.86,0.638751551802315
110.87,0.63743682375999
110.88,0.636113154265724
110.89,0.634780589333721
110.9,0.633439175071247
110.91,0.632088957510892
110.92,0.630729983382384
110.93,0.629362299355274
110.94,0.627985952269234
110.95,0.626600989133337
110.96,0.625207457125243
110.97,0.623805403590471
110.98,0.622394876041662
110.99,0.62097592123504
111,0.619548587375159
111.01,0.618112922409308
111.02,0.616668974372911
111.03,0.615216791448251
111.04,0.613756421962874
111.05,0.612287914387985
111.06,0.610811317336836
111.07,0.609326680285626
111.08,0.607834052328728
111.09,0.606333482301931
111.1,0.604825019536612
111.11,0.603308713518387
111.12,0.601784613886512
111.13,0.600252770433361
111.14,0.59871323310387
111.15,0.597166052140798
111.16,0.595611278110725
111.17,0.594048961235306
111.18,0.592479152131177
111.19,0.59090190157307
111.2,0.589317260493737
111.21,0.587725279983781
111.22,0.586126011291572
111.23,0.58451950579258
111.24,0.582905813418825
111.25,0.581284986707334
111.26,0.579657077332405
111.27,0.578022137099714
111.28,0.576380217944812
111.29,0.574731371931631
111.3,0.573075651250977
111.31,0.571413108219028
111.32,0.569743795316575
111.33,0.56806776510584
111.34,0.566385070265012
111.35,0.56469576360474
111.36,0.562999898054541
111.37,0.561297526661294
111.38,0.559588702587829
111.39,0.557873479111464
111.4,0.556151910302567
111.41,0.554424050512168
111.42,0.552689952840431
111.43,0.550949671243731
111.44,0.549203259814691
111.45,0.547450772782292
111.46,0.545692264511896
111.47,0.543927789505347
111.48,0.542157402319421
111.49,0.540381157028231
111.5,0.5385991089033
111.51,0.536811312892254
111.52,0.535017824066897
111.53,0.533218697622604
111.54,0.531413988877719
111.55,0.529603753272955
111.56,0.52778804637078
111.57,0.525966922404415
111.58,0.524140437463457
111.59,0.522308647515306
111.6,0.520471608393703
111.61,0.51862937603864
111.62,0.516782006496301
111.63,0.514929555919101
111.64,0.513072080416956
111.65,0.511209636409118
111.66,0.509342280358724
111.67,0.507470068823126
111.68,0.505593058464337
111.69,0.50371130604902
111.7,0.501824868460914
111.71,0.499933804136377
111.72,0.498038169447239
111.73,0.496138021744355
111.74,0.494233418497151
111.75,0.492324417293669
111.76,0.490411075840556
111.77,0.48849345182479
111.78,0.486571601730159
111.79,0.48464558434489
111.8,0.482715457663153
111.81,0.480781279782089
111.82,0.478843108901856
111.83,0.47690100332556
111.84,0.474955021047135
111.85,0.473005218623453
111.86,0.471051655667283
111.87,0.469094390604869
111.88,0.4671334819415
111.89,0.465168988261494
111.9,0.463200968228204
111.91,0.461229480784757
111.92,0.459254585284729
111.93,0.457276340344201
111.94,0.455294805036574
111.95,0.453310038522042
111.96,0.451322100047529
111.97,0.449331048946719
111.98,0.447336944833012
111.99,0.445339847518032
112,0.443339816422996
112.01,0.44133691129587
112.02,0.439331191976875
112.03,0.437322718398482
112.04,0.435311550585412
112.05,0.433297748149175
112.06,0.43128137083211
112.07,0.429262479227515
112.08,0.427241133589685
112.09,0.425217394253879
112.1,0.423191321636294
112.11,0.421162976234118
112.12,0.419132417446003
112.13,0.417099705361785
112.14,0.415064901148825
112.15,0.413028065360293
112.16,0.410989258608768
112.17,0.408948541566243
112.18,0.406905974964111
112.19,0.40486161971787
112.2,0.402815536698303
112.21,0.400767786789231
112.22,0.398718430983654
112.23,0.39666753033588
112.24,0.394615145961578
112.25,0.392561339037708
112.26,0.390506171985093
112.27,0.388449706014749
112.28,0.386392002381651
112.29,0.384333122704109
112.3,0.382273128677295
112.31,0.380212082073223
112.32,0.378150044740802
112.33,0.376087077475078
112.34,0.374023242575595
112.35,0.371958602118851
112.36,0.369893218096874
112.37,0.367827152565586
112.38,0.365760467644859
112.39,0.363693225518497
112.4,0.361625486845203
112.41,0.359557314406715
112.42,0.357488770363501
112.43,0.355419916848822
112.44,0.353350816031769
112.45,0.351281530224298
112.46,0.349212121932038
112.47,0.347142653334113
112.48,0.345073186811303
112.49,0.343003784786897
112.5,0.340934509726629
112.51,0.338865425442618
112.52,0.336796594769583
112.53,0.33472808022045
112.54,0.332659944788254
112.55,0.330592251542103
112.56,0.32852506362363
112.57,0.326458444198132
112.58,0.324392456583684
112.59,0.322327164143674
112.6,0.320262630316551
112.61,0.318198918615873
112.62,0.316136091525607
112.63,0.314074211291952
112.64,0.312013342165639
112.65,0.309953547467886
112.66,0.307894890547572
112.67,0.305837434781236
112.68,0.303781243106461
112.69,0.301726378995753
112.7,0.299672905882984
112.71,0.297620887150065
112.72,0.295570386196787
112.73,0.293521467280192
112.74,0.291474197935316
112.75,0.289428640099718
112.76,0.287384858113081
112.77,0.285342916418593
112.78,0.283302879562946
112.79,0.281264811561362
112.8,0.279228776775854
112.81,0.277194840198701
112.82,0.275163066575923
112.83,0.273133520736593
112.84,0.271106267592888
112.85,0.269081369900183
112.86,0.267058893105784
112.87,0.265038901863624
112.88,0.263021460775455
112.89,0.261006634816593
112.9,0.258994489302925
112.91,0.256985088778332
112.92,0.254978498178689
112.93,0.252974782485627
112.94,0.250974009213376
112.95,0.248976243483466
112.96,0.246981550861324
112.97,0.24498999732976
112.98,0.243001649114525
112.99,0.241016572802477
113,0.239034834721135
113.01,0.237056501507237
113.02,0.235081639945641
113.03,0.233110315226763
113.04,0.231142593992666
113.05,0.229178543261222
113.06,0.227218229742982
113.07,0.225261720127948
113.08,0.223309080757336
113.09,0.221360378670435
113.1,0.219415680721499
113.11,0.217475053821339
113.12,0.215538566997094
113.13,0.213606288416232
113.14,0.211678285255203
113.15,0.209754625584809
113.16,0.207835377960407
113.17,0.205920614789214
113.18,0.204010403750227
113.19,0.202104814630173
113.2,0.200203917503647
113.21,0.198307780610592
113.22,0.196416472011287
113.23,0.194530062197995
113.24,0.192648620669285
113.25,0.190772217141586
113.26,0.188900921290319
113.27,0.187034802849271
113.28,0.18517393182271
113.29,0.183318383469547
113.3,0.181468227414864
113.31,0.179623535619993
113.32,0.177784381009064
113.33,0.175950838527977
113.34,0.174122981156924
113.35,0.172300883244596
113.36,0.170484617157026
113.37,0.168674255072122
113.38,0.166869872267197
113.39,0.165071542959062
113.4,0.163279341389349
113.41,0.161493342132229
113.42,0.159713619984092
113.43,0.157940250049197
113.44,0.156173312946582
113.45,0.154412883670697
113.46,0.152659039716965
113.47,0.150911859495085
113.48,0.149171423164609
113.49,0.147437809621948
113.5,0.145711099000876
113.51,0.143991370771843
113.52,0.142278704578197
113.53,0.140573182021166
113.54,0.138874884474104
113.55,0.137183894670045
113.56,0.135500295426451
113.57,0.133824169906866
113.58,0.132155604210557
113.59,0.13049468453549
113.6,0.128841497027201
113.61,0.127196128388054
113.62,0.125558666143156
113.63,0.123929199003149
113.64,0.122307814173553
113.65,0.120694599045928
113.66,0.119089643129261
113.67,0.117493036883521
113.68,0.115904871894301
113.69,0.114325238896099
113.7,0.112754233192564
113.71,0.111191953896928
113.72,0.109638496359349
113.73,0.108093959398217
113.74,0.106558443485564
113.75,0.105032050087625
113.76,0.103514879122258
113.77,0.102007025573727
113.78,0.100508592959686
113.79,0.0990196813541409
113.8,0.0975403880312987
113.81,0.0960708141936143
113.82,0.0946110624699913
113.83,0.0931612465333032
113.84,0.0917214690697124
113.85,0.0902918401903174
113.86,0.0888724859592909
113.87,0.0874635234408088
113.88,0.0860650681552222
113.89,0.0846772368802138
113.9,0.0833001497478268
113.91,0.0819338976305746
113.92,0.0805785928528273
113.93,0.0792343488210765
113.94,0.0779012807077673
113.95,0.0765794980690769
113.96,0.0752691383079691
113.97,0.0739703216984029
113.98,0.0726831769623999
113.99,0.0714078357401845
114,0.0701444317953485
114.01,0.0688930654910704
114.02,0.0676538650673945
114.03,0.0664269488194815
114.04,0.0652124335311489
114.05,0.0640104346184927
114.06,0.0628210878222439
114.07,0.0616445123600634
114.08,0.0604808360381618
114.09,0.0593301903484756
114.1,0.0581927059187332
114.11,0.0570684895530823
114.12,0.0559576676766224
114.13,0.054860355091624
114.14,0.0537766584064234
114.15,0.0527066881375968
114.16,0.0516505541446988
114.17,0.0506083606196506
114.18,0.0495802128304418
114.19,0.0485662205282459
114.2,0.0475664857312535
114.21,0.0465811036441985
114.22,0.0456101713537208
114.23,0.0446537764399266
114.24,0.0437119803660144
114.25,0.0427848597928389
114.26,0.0418724832816575
114.27,0.0409749117767805
114.28,0.0400921996968711
114.29,0.0392243970325843
114.3,0.0383715476757381
114.31,0.0375336829627574
114.32,0.036710828010402
114.33,0.0359030027888806
114.34,0.0351102069796348
114.35,0.0343324416523123
114.36,0.0335696930826566
114.37,0.0328219369547818
114.38,0.0320891420075596
114.39,0.0313712636309437
114.4,0.0306682495654465
114.41,0.0299800357610476
114.42,0.0293065466140434
114.43,0.028647697983032
114.44,0.0280033921145188
114.45,0.0273735214884795
114.46,0.0267579677212057
114.47,0.0261566038741044
114.48,0.0255692900537855
114.49,0.0249958776058865
114.5,0.0244362080441463
114.51,0.0238901122904532
114.52,0.0233574151189433
114.53,0.0228379302364454
114.54,0.0223314638000905
114.55,0.0218378144348252
114.56,0.0213567727465135
114.57,0.0208881240926208
114.58,0.0204316474641706
114.59,0.0199871156508869
114.6,0.0195542976645739
114.61,0.0191329574045175
114.62,0.0187228559736625
114.63,0.0183237525049821
114.64,0.0179354028266602
114.65,0.0175575611895166
114.66,0.0171899807168106
114.67,0.0168324144233171
114.68,0.0164846148607312
114.69,0.0161463353779375
114.7,0.0158173306020445
114.71,0.0154973563981743
114.72,0.0151861712120385
114.73,0.0148835360568171
114.74,0.0145892137228278
114.75,0.0143029717556702
114.76,0.0140245807580273
114.77,0.0137538136256361
114.78,0.0134904493973814
114.79,0.0132342703207796
114.8,0.0129850622347975
114.81,0.0127426171157987
114.82,0.0125067306164817
114.83,0.0122772032521973
114.84,0.0120538413646416
114.85,0.0118364552468532
114.86,0.0116248605382187
114.87,0.0114188787607242
114.88,0.0112183349659378
114.89,0.0110230598632993
114.9,0.0108328897539757
114.91,0.0106476643552896
114.92,0.0104672289918744
114.93,0.0102914339400113
114.94,0.0101201335212935
114.95,0.00995318708608525
114.96,0.00979045853162489
114.97,0.00963181603313728
114.98,0.00947713238498404
114.99,0.00932628469508439
115,0.00917915344579935
115.01,0.00903562394799644
115.02,0.00889558516872301
115.03,0.00875892881040381
115.04,0.00862555125690262
115.05,0.00849535201868147
115.06,0.00836823396406327
115.07,0.00824410319197424
115.08,0.00812286891223781
115.09,0.00800444371497082
115.1,0.00788874377177776
115.11,0.00777568738274026
115.12,0.00766519601315183
115.13,0.00755719396160062
115.14,0.00745160816875059
115.15,0.00734836819643137
115.16,0.00724740521736101
115.17,0.00714865282558952
115.18,0.00705204710211128
115.19,0.00695752621261325
115.2,0.00686503100061847
115.21,0.00677450331248557
115.22,0.00668588714670847
115.23,0.0065991294371639
115.24,0.00651417785542314
115.25,0.00643098217013849
115.26,0.00634949381429377
115.27,0.00626966584181532
115.28,0.0061914528766065
115.29,0.00611481101630245
115.3,0.00603969776659438
115.31,0.00596607198778486
115.32,0.00589389381629232
115.33,0.00582312481838706
115.34,0.00575372765825761
115.35,0.00568566606485636
115.36,0.00561890499580906
115.37,0.00555341080701453
115.38,0.00548915044992401
115.39,0.00542609200322061
115.4,0.00536420498581701
115.41,0.00530345954229534
115.42,0.00524382675115486
115.43,0.00518527860409086
115.44,0.00512778790095274
115.45,0.00507132831266526
115.46,0.00501587425755004
115.47,0.00496140091981627
115.48,0.00490788415212662
115.49,0.00485530047585211
115.5,0.00480362732065075
115.51,0.0047528428220451
115.52,0.00470292534926508
115.53,0.00465385400615475
115.54,0.00460560853151789
115.55,0.00455816996062172
115.56,0.00451151891186044
115.57,0.00446563687367409
115.58,0.00442050583920518
115.59,0.00437610851265459
115.6,0.00433242792614949
115.61,0.00428944753517421
115.62,0.00424715128086773
115.63,0.00420552353313532
115.64,0.00416454907298753
115.65,0.00412421304754193
115.66,0.00408450097330585
115.67,0.00404539871612062
115.68,0.00400689299568878
115.69,0.0039689702722957
115.7,0.00393161754086798
115.71,0.00389482210962219
115.72,0.00385857192550674
115.73,0.00382285516107991
115.74,0.00378766009277392
115.75,0.00375297542285098
115.76,0.00371879012263291
115.77,0.00368509335854795
115.78,0.00365187469151765
115.79,0.00361912388986823
115.8,0.00358683096557026
115.81,0.0035549859761941
115.82,0.00352357937110712
115.83,0.00349260175966103
115.84,0.00346204391789899
115.85,0.00343189697059356
115.86,0.00340215276117701
115.87,0.0033728025164055
115.88,0.00334383797206661
115.89,0.00331525105635365
115.9,0.00328703389959173
115.91,0.00325917880834751
115.92,0.00323167825461821
115.93,0.0032045248857004
115.94,0.00317771151205701
115.95,0.00315123107126988
115.96,0.00312507668562921
115.97,0.00309924160804199
115.98,0.00307371922803518
115.99,0.0030485030278857
116,0.00302358656283124
116.01,0.00299896359081665
116.02,0.0029746279338483
116.03,0.00295057350859987
116.04,0.00292679457619351
116.05,0.00290328532312286
116.06,0.00288003998763386
116.07,0.00285705295621628
116.08,0.00283431873727921
116.09,0.00281183220591926
116.1,0.00278958798611924
116.11,0.00276758093189439
116.12,0.00274580599766119
116.13,0.00272425804732699
116.14,0.00270293196116037
116.15,0.00268182294498318
116.16,0.00266092614320022
116.17,0.00264023675160041
116.18,0.002619750208841
116.19,0.00259946182087238
116.2,0.00257936697401195
116.21,0.00255946112121352
116.22,0.00253973981102841
116.23,0.00252019881065082
116.24,0.00250083369062473
116.25,0.0024816401710488
116.26,0.00246261402500858
116.27,0.00244375102684382
116.28,0.00242504700841283
116.29,0.00240649787838755
116.3,0.0023880995648877
116.31,0.00236984803252591
116.32,0.00235173925487649
116.33,0.00233376926475573
116.34,0.00231593411253077
116.35,0.00229822987344571
116.36,0.00228065268574215
116.37,0.00226319878900663
116.38,0.00224586435059426
116.39,0.00222864561197623
116.4,0.00221153884768073
116.41,0.00219454036620044
116.42,0.00217764651081479
116.43,0.00216085365751904
116.44,0.00214415818605865
116.45,0.00212755652625609
116.46,0.00211104513501673
116.47,0.0020946204982817
116.48,0.00207827920350579
116.49,0.00206201779328249
116.5,0.00204583287146788
116.51,0.0020297210994296
116.52,0.0020136792269552
116.53,0.00199770398371594
116.54,0.00198179217200634
116.55,0.00196594065048288
116.56,0.00195014633176254
116.57,0.00193440617801446
116.58,0.0019187172111242
116.59,0.00190307653446046
116.6,0.00188748130054884
116.61,0.00187192872743829
116.62,0.00185641610857215
116.63,0.00184094088522272
116.64,0.00182550050261041
116.65,0.00181009251872454
116.66,0.00179471458957661
116.67,0.00177936448670057
116.68,0.00176404005676571
116.69,0.00174873926163031
116.7,0.00173346018052721
116.71,0.0017182010132564
116.72,0.00170296007322435
116.73,0.00168773580330882
116.74,0.00167252677749597
116.75,0.00165733170535981
116.76,0.00164214943303862
116.77,0.00162697894412856
116.78,0.00161181937707201
116.79,0.00159667001510209
116.8,0.00158153028593415
116.81,0.00156639978476054
116.82,0.0015512782608418
116.83,0.00153616561625141
116.84,0.00152106192866352
116.85,0.00150596743584429
116.86,0.00149088251743911
116.87,0.00147580774784561
116.88,0.00146074385782609
116.89,0.00144569169586856
116.9,0.0014306523211819
116.91,0.00141562693896689
116.92,0.00140061686760797
116.93,0.00138562362234589
116.94,0.0013706488576241
116.95,0.00135569434328479
116.96,0.00134076202236958
116.97,0.00132585396973922
116.98,0.00131097234532273
116.99,0.0012961194733523
117,0.00128129779136813
117.01,0.00126650981262423
117.02,0.00125175817768224
117.03,0.00123704562517367
117.04,0.00122237493500847
117.05,0.00120774898291292
117.06,0.00119317071947017
117.07,0.00117864312632305
117.08,0.00116416923611649
117.09,0.00114975212606474
117.1,0.00113539490046415
117.11,0.00112110068380024
117.12,0.0011068726103859
117.13,0.00109271382065933
117.14,0.00107862745095035
117.15,0.00106461662263106
117.16,0.00105068442819334
117.17,0.00103683392195799
117.18,0.00102306812551125
117.19,0.00100939000183374
117.2,0.000995802447972846
117.21,0.000982308295124167
117.22,0.00096891031598973
117.23,0.000955611247294953
117.24,0.000942413689096646
117.25,0.000929320176175928
117.26,0.000916333164074827
117.27,0.00090345499516471
117.28,0.000890687918339449
117.29,0.000878034096259844
117.3,0.000865495560435103
117.31,0.000853074241138307
117.32,0.000840771996394564
117.33,0.000828590527774118
117.34,0.000816531435888085
117.35,0.00080459623969039
117.36,0.000792786308259579
117.37,0.000781102904315813
117.38,0.000769547204696708
117.39,0.000758120241953431
117.4,0.000746822941110233
117.41,0.000735656153444555
117.42,0.000724620584805143
117.43,0.000713716841538866
117.44,0.000702945451319023
117.45,0.000692306818519216
117.46,0.000681801249597106
117.47,0.000671428964740313
117.48,0.000661190082297168
117.49,0.000651084626622615
117.5,0.000641112542149683
117.51,0.000631273682433234
117.52,0.000621567814199003
117.53,0.000611994635837807
117.54,0.000602553767332229
117.55,0.000593244750279942
117.56,0.000584067062960522
117.57,0.000575020118118685
117.58,0.000566103263047776
117.59,0.000557315784375403
117.6,0.000548656910767418
117.61,0.0005401258193407
117.62,0.000531721634409175
117.63,0.000523443431312661
117.64,0.000515290241330448
117.65,0.000507261054078293
117.66,0.000499354821859481
117.67,0.000491570459269456
117.68,0.00048390684757533
117.69,0.00047636283448438
117.7,0.000468937244177167
117.71,0.000461628871815016
117.72,0.000454436478504654
117.73,0.000447358814832878
117.74,0.000440394607299206
117.75,0.00043354256025283
117.76,0.000426801366614189
117.77,0.000420169704445883
117.78,0.000413646242892347
117.79,0.000407229640230434
117.8,0.000400918548434659
117.81,0.000394711598607351
117.82,0.000388607431162074
117.83,0.000382604678915439
117.84,0.000376701963804391
117.85,0.000370897914128037
117.86,0.000365191156055491
117.87,0.000359580312378892
117.88,0.00035406401108263
117.89,0.000348640883311154
117.9,0.000343309561680513
117.91,0.00033806868531592
117.92,0.000332916900415647
117.93,0.000327852857947649
117.94,0.000322875217371142
117.95,0.000317982648644051
117.96,0.000313173825902386
117.97,0.000308447431266278
117.98,0.000303802161862854
117.99,0.000299236721469435
118,0.000294749822655316
118.01,0.000290340192342601
118.02,0.000286006568094607
118.03,0.000281747699969807
118.04,0.000277562350639066
118.05,0.000273449295838851
118.06,0.000269407323772761
118.07,0.000265435238491917
118.08,0.000261531858232679
118.09,0.000257696006415497
118.1,0.000253926528938633
118.11,0.000250222284181646
118.12,0.000246582144083366
118.13,0.000243004995157583
118.14,0.000239489739601613
118.15,0.000236035292983343
118.16,0.000232640579139068
118.17,0.000229304543351146
118.18,0.000226026142716656
118.19,0.00022280435747711
118.2,0.000219638177364925
118.21,0.000216526608797882
118.22,0.000213468670019861
118.23,0.000210463391791948
118.24,0.000207509825845812
118.25,0.000204607035441974
118.26,0.000201754091842141
118.27,0.000198950086600656
118.28,0.000196194122458136
118.29,0.000193485325380528
118.3,0.000190822830285033
118.31,0.000188205786313874
118.32,0.00018563335823623
118.33,0.000183104725127634
118.34,0.000180619082049394
118.35,0.000178175638019365
118.36,0.00017577359913502
118.37,0.000173412200671823
118.38,0.000171090684529769
118.39,0.000168808309974254
118.4,0.000166564348090676
118.41,0.000164358079295412
118.42,0.00016218879990991
118.43,0.000160055825683918
118.44,0.000157958478416216
118.45,0.00015589609621538
118.46,0.000153868019764466
118.47,0.000151873610150341
118.48,0.000149912239167645
118.49,0.000147983287584583
118.5,0.000146086145813442
118.51,0.000144220217251102
118.52,0.00014238491551163
118.53,0.000140579674244127
118.54,0.000138803925972125
118.55,0.000137057117729158
118.56,0.000135338706976761
118.57,0.00013364816519511
118.58,0.000131984969914026
118.59,0.000130348610307501
118.6,0.000128738585628731
118.61,0.000127154402490988
118.62,0.000125595579740098
118.63,0.000124061644876041
118.64,0.000122552134616209
118.65,0.000121066594325617
118.66,0.000119604578684272
118.67,0.000118165651060777
118.68,0.000116749383370353
118.69,0.000115355354309505
118.7,0.000113983151782051
118.71,0.000112632371707831
118.72,0.000111302617448288
118.73,0.000109993503435535
118.74,0.00010870465017976
118.75,0.000107435684655811
118.76,0.000106186242236286
118.77,0.000104955965020627
118.78,0.000103744502458381
118.79,0.000102551511524279
118.8,0.00010137665587115
118.81,0.000100219604301463
118.82,9.90800319458101e-05
118.83,9.79576218853996e-05
118.84,9.68520624488072e-05
118.85,9.57630483780825e-05
118.86,9.46902852915059e-05
118.87,9.36334785196141e-05
118.88,9.25923415127781e-05
118.89,9.15665935009174e-05
118.9,9.05559604293504e-05
118.91,8.9560173416402e-05
118.92,8.85789686942546e-05
118.93,8.76120882557435e-05
118.94,8.66592786269429e-05
118.95,8.57202887653928e-05
118.96,8.4794876367182e-05
118.97,8.38828023589046e-05
118.98,8.29838322099565e-05
118.99,8.20977391507526e-05
119,8.12242982415965e-05
119.01,8.03632890145885e-05
119.02,7.95144958286675e-05
119.03,7.86777071461796e-05
119.04,7.78527153681152e-05
119.05,7.7039317326629e-05
119.06,7.62373136085879e-05
119.07,7.54465086103063e-05
119.08,7.46667151134832e-05
119.09,7.38977448371656e-05
119.1,7.31394148472921e-05
119.11,7.23915461624297e-05
119.12,7.16539617111809e-05
119.13,7.0926487461201e-05
119.14,7.02089549758427e-05
119.15,6.95011979722089e-05
119.16,6.88030533812078e-05
119.17,6.81143628357625e-05
119.18,6.74349689486549e-05
119.19,6.67647179962374e-05
119.2,6.61034591153698e-05
119.21,6.54510466094461e-05
119.22,6.48073368336472e-05
119.23,6.41721877562632e-05
119.24,6.35454609932014e-05
119.25,6.29270207346848e-05
119.26,6.23167323206952e-05
119.27,6.17144657164094e-05
119.28,6.11200926379777e-05
119.29,6.05334872250974e-05
119.3,5.99545258453532e-05
119.31,5.93830871907739e-05
119.32,5.88190522165846e-05
119.33,5.82623039680812e-05
119.34,5.77127280143139e-05
119.35,5.71702147192078e-05
119.36,5.6634653009754e-05
119.37,5.61059352645216e-05
119.38,5.55839559649844e-05
119.39,5.50686113103139e-05
119.4,5.45597996392511e-05
119.41,5.40574213811466e-05
119.42,5.35613787534551e-05
119.43,5.30715756210297e-05
119.44,5.25879165705273e-05
119.45,5.21103092360248e-05
119.46,5.16386623313339e-05
119.47,5.11728861006398e-05
119.48,5.07128941776968e-05
119.49,5.02586008715758e-05
119.5,4.98099213056803e-05
119.51,4.93667727001326e-05
119.52,4.89290739233496e-05
119.53,4.84967459158672e-05
119.54,4.80697103702387e-05
119.55,4.76478907567495e-05
119.56,4.72312120139594e-05
119.57,4.68195991286322e-05
119.58,4.64129785724028e-05
119.59,4.6011279167304e-05
119.6,4.56144302826266e-05
119.61,4.52223623857111e-05
119.62,4.48350091963224e-05
119.63,4.4452303046962e-05
119.64,4.40741782529098e-05
119.65,4.37005702293756e-05
119.66,4.33314164633104e-05
119.67,4.2966656807222e-05
119.68,4.26062298843118e-05
119.69,4.22500765392327e-05
119.7,4.1898138836548e-05
119.71,4.15503566270801e-05
119.72,4.12066732631531e-05
119.73,4.08670333055733e-05
119.74,4.05313815257302e-05
119.75,4.01996638331389e-05
119.76,3.98718289896495e-05
119.77,3.95478238419552e-05
119.78,3.92275971193599e-05
119.79,3.89110983939533e-05
119.8,3.85982782629723e-05
119.81,3.82890881338107e-05
119.82,3.79834800346011e-05
119.83,3.76814068817312e-05
119.84,3.73828223678929e-05
119.85,3.7087680950127e-05
119.86,3.67959378209187e-05
119.87,3.65075488991871e-05
119.88,3.62224708109746e-05
119.89,3.59406609651642e-05
119.9,3.56620784502952e-05
119.91,3.53866817774053e-05
119.92,3.51144306437368e-05
119.93,3.48452854510339e-05
119.94,3.45792070148195e-05
119.95,3.43161558804429e-05
119.96,3.40560945985377e-05
119.97,3.37989857415757e-05
119.98,3.35447924266201e-05
119.99,3.32934785775431e-05
120,3.3045008978776e-05
120.01,3.27993482563886e-05
120.02,3.25564618543098e-05
120.03,3.23163157315924e-05
120.04,3.20788764416572e-05
120.05,3.18441110476062e-05
120.06,3.16119869825372e-05
120.07,3.13824722090435e-05
120.08,3.11555351515944e-05
120.09,3.09311452157037e-05
120.1,3.07092720512884e-05
120.11,3.04898855077014e-05
120.12,3.02729560874811e-05
120.13,3.00584547604411e-05
120.14,2.98463533101688e-05
120.15,2.96366237056817e-05
120.16,2.94292383748193e-05
120.17,2.9224170276536e-05
120.18,2.90213928377864e-05
120.19,2.88208769839799e-05
120.2,2.86225978646058e-05
120.21,2.84265298184811e-05
120.22,2.82326473896346e-05
120.23,2.80409254653516e-05
120.24,2.78513392655351e-05
120.25,2.76638648453784e-05
120.26,2.74784789722102e-05
120.27,2.72951574930551e-05
120.28,2.71138771751364e-05
120.29,2.69346151143138e-05
120.3,2.67573487276202e-05
120.31,2.65820557457971e-05
120.32,2.64087145661329e-05
120.33,2.62373034868316e-05
120.34,2.60678011695023e-05
120.35,2.59001866228836e-05
120.36,2.57344391464665e-05
120.37,2.55705383239267e-05
120.38,2.54084641705154e-05
120.39,2.52481972654128e-05
120.4,2.50897178504315e-05
120.41,2.49330067104454e-05
120.42,2.47780449016704e-05
120.43,2.46248137463986e-05
120.44,2.44732948277365e-05
120.45,2.43234697897499e-05
120.46,2.41753207014963e-05
120.47,2.40288298932196e-05
120.48,2.38839798782585e-05
120.49,2.37407533955117e-05
120.5,2.35991334036047e-05
120.51,2.34591032961431e-05
120.52,2.33206475776078e-05
120.53,2.31837494325629e-05
120.54,2.30483929197638e-05
120.55,2.29145623317987e-05
120.56,2.27822421920873e-05
120.57,2.26514172518821e-05
120.58,2.2522071735562e-05
120.59,2.23941905646325e-05
120.6,2.22677592153857e-05
120.61,2.21427630494858e-05
120.62,2.20191876010409e-05
120.63,2.1897018571041e-05
120.64,2.17762419489785e-05
120.65,2.16568451755797e-05
120.66,2.1538813907773e-05
120.67,2.14221347686782e-05
120.68,2.13067945688619e-05
120.69,2.11927803039583e-05
120.7,2.10800791522842e-05
120.71,2.09686783839206e-05
120.72,2.08585654714412e-05
120.73,2.07497281455157e-05
120.74,2.06421542535141e-05
120.75,2.05358318078933e-05
120.76,2.04307489834543e-05
120.77,2.03268941123781e-05
120.78,2.02242554040386e-05
120.79,2.01228216061015e-05
120.8,2.00225814603283e-05
120.81,1.99235238484563e-05
120.82,1.98256377888836e-05
120.83,1.97289124333488e-05
120.84,1.96333374273833e-05
120.85,1.95389025451607e-05
120.86,1.9445597098039e-05
120.87,1.93534108575864e-05
120.88,1.92623337270922e-05
120.89,1.91723557390484e-05
120.9,1.90834670526316e-05
120.91,1.89956579511846e-05
120.92,1.89089190130227e-05
120.93,1.88232411289118e-05
120.94,1.87386147405329e-05
120.95,1.86550306839151e-05
120.96,1.85724799169136e-05
120.97,1.84909535172429e-05
120.98,1.8410442680509e-05
120.99,1.83309387182448e-05
121,1.82524330667679e-05
121.01,1.81749173145404e-05
121.02,1.80983830829376e-05
121.03,1.80228221361369e-05
121.04,1.79482263455039e-05
121.05,1.78745876876847e-05
121.06,1.78018982426984e-05
121.07,1.7730150192031e-05
121.08,1.76593358407968e-05
121.09,1.75894479960572e-05
121.1,1.75204789206138e-05
121.11,1.74524212416801e-05
121.12,1.73852676859756e-05
121.13,1.73190110782333e-05
121.14,1.72536443397054e-05
121.15,1.71891604866693e-05
121.16,1.71255526289336e-05
121.17,1.70628142155258e-05
121.18,1.70009384414486e-05
121.19,1.69399187079821e-05
121.2,1.687974852223e-05
121.21,1.68204214819768e-05
121.22,1.67619312744335e-05
121.23,1.67042716749844e-05
121.24,1.66474365459347e-05
121.25,1.65914198243214e-05
121.26,1.65362155443254e-05
121.27,1.64818178218505e-05
121.28,1.64282208523502e-05
121.29,1.63754189116871e-05
121.3,1.63234063548662e-05
121.31,1.62721776147685e-05
121.32,1.62217272008862e-05
121.33,1.6172049866622e-05
121.34,1.61231402971176e-05
121.35,1.60749931920569e-05
121.36,1.60276033922085e-05
121.37,1.5980965813245e-05
121.38,1.5935075444722e-05
121.39,1.58899273490566e-05
121.4,1.58455166605048e-05
121.41,1.58018387315676e-05
121.42,1.57588889129454e-05
121.43,1.57166624716699e-05
121.44,1.56751548486301e-05
121.45,1.56343615546171e-05
121.46,1.55942781694502e-05
121.47,1.55549003411007e-05
121.48,1.55162237848161e-05
121.49,1.54782442822459e-05
121.5,1.54409576805643e-05
121.51,1.54043600684491e-05
121.52,1.53684473301124e-05
121.53,1.53332155155075e-05
121.54,1.52986607439645e-05
121.55,1.52647791979353e-05
121.56,1.52315671222072e-05
121.57,1.51990208231177e-05
121.58,1.51671366677669e-05
121.59,1.5135911083232e-05
121.6,1.5105340653259e-05
121.61,1.50754220554438e-05
121.62,1.50461517946178e-05
121.63,1.5017526556975e-05
121.64,1.49895430876932e-05
121.65,1.49621981902835e-05
121.66,1.49354887259409e-05
121.67,1.49094116128947e-05
121.68,1.48839638257578e-05
121.69,1.48591423948781e-05
121.7,1.48349446275588e-05
121.71,1.48113675993221e-05
121.72,1.47884084896179e-05
121.73,1.4766064573377e-05
121.74,1.47443331809939e-05
121.75,1.47232116978122e-05
121.76,1.47026975636105e-05
121.77,1.46827882720881e-05
121.78,1.46634813703512e-05
121.79,1.46447744817505e-05
121.8,1.46266653333102e-05
121.81,1.46091515817452e-05
121.82,1.45922309930543e-05
121.83,1.45759013852111e-05
121.84,1.45601606277027e-05
121.85,1.45450066410691e-05
121.86,1.45304373964423e-05
121.87,1.4516450915085e-05
121.88,1.45030452679299e-05
121.89,1.4490218677363e-05
121.9,1.44779693155856e-05
121.91,1.44662953745404e-05
121.92,1.44551951351931e-05
121.93,1.44446669275778e-05
121.94,1.44347091304145e-05
121.95,1.44253201707255e-05
121.96,1.44164985234531e-05
121.97,1.44082427110764e-05
121.98,1.44005513232119e-05
121.99,1.43934231780522e-05
122,1.4386856819872e-05
122.01,1.4380850979036e-05
122.02,1.43754044339124e-05
122.03,1.43705160106022e-05
122.04,1.43661845826681e-05
122.05,1.4362409070864e-05
122.06,1.43591884428638e-05
122.07,1.43565217129909e-05
122.08,1.435440801856e-05
122.09,1.43528464976681e-05
122.1,1.43518362558655e-05
122.11,1.43513765015467e-05
122.12,1.43514664893161e-05
122.13,1.43521055197531e-05
122.14,1.43532929391758e-05
122.15,1.43550281394063e-05
122.16,1.43573105575349e-05
122.17,1.43601396756844e-05
122.18,1.43635150207753e-05
122.19,1.43674361642896e-05
122.2,1.43719029421039e-05
122.21,1.43769149147267e-05
122.22,1.43824717724969e-05
122.23,1.43885732803348e-05
122.24,1.43952192480962e-05
122.25,1.44024095303964e-05
122.26,1.44101440264338e-05
122.27,1.44184226798137e-05
122.28,1.44272454783721e-05
122.29,1.44366124539992e-05
122.3,1.44465236824635e-05
122.31,1.44569793486701e-05
122.32,1.44679798997369e-05
122.33,1.44795253362877e-05
122.34,1.44916159325317e-05
122.35,1.45042520079315e-05
122.36,1.45174339271149e-05
122.37,1.45311620997873e-05
122.38,1.45454369806438e-05
122.39,1.4560259069281e-05
122.4,1.45756289101093e-05
122.41,1.45915470922653e-05
122.42,1.46080142495232e-05
122.43,1.4625031239938e-05
122.44,1.46425988663146e-05
122.45,1.46607177810697e-05
122.46,1.46793888199475e-05
122.47,1.4698612865075e-05
122.48,1.47183908449585e-05
122.49,1.47387237344797e-05
122.5,1.47596125548932e-05
122.51,1.47810583738221e-05
122.52,1.48030623052551e-05
122.53,1.48256255095429e-05
122.54,1.4848749193395e-05
122.55,1.48724348211574e-05
122.56,1.48966835997764e-05
122.57,1.49214968602331e-05
122.58,1.49468760116636e-05
122.59,1.49728225110516e-05
122.6,1.49993378632822e-05
122.61,1.50264236211956e-05
122.62,1.50540813856421e-05
122.63,1.50823128055354e-05
122.64,1.51111195779067e-05
122.65,1.51405034479592e-05
122.66,1.51704662500753e-05
122.67,1.52010100155753e-05
122.68,1.52321364981701e-05
122.69,1.52638476524767e-05
122.7,1.52961454830346e-05
122.71,1.53290320444168e-05
122.72,1.53625094413426e-05
122.73,1.53965798287894e-05
122.74,1.54312454121042e-05
122.75,1.54665084471166e-05
122.76,1.55023712402503e-05
122.77,1.55388361486351e-05
122.78,1.55759058059959e-05
122.79,1.56135827803226e-05
122.8,1.56518694318651e-05
122.81,1.5690768352753e-05
122.82,1.57302821891737e-05
122.83,1.5770413641595e-05
122.84,1.58111654649834e-05
122.85,1.58525404690248e-05
122.86,1.5894541518344e-05
122.87,1.59371715327257e-05
122.88,1.59804334873339e-05
122.89,1.6024330412932e-05
122.9,1.60688657769057e-05
122.91,1.61140425398743e-05
122.92,1.61598638619598e-05
122.93,1.62063330214044e-05
122.94,1.62534533549186e-05
122.95,1.6301228257962e-05
122.96,1.63496611850214e-05
122.97,1.63987556498905e-05
122.98,1.64485152259493e-05
122.99,1.6498943546442e-05
123,1.65500443047583e-05
123.01,1.66018212547111e-05
123.02,1.66542782108162e-05
123.03,1.67074192147641e-05
123.04,1.67612485104155e-05
123.05,1.68157698115558e-05
123.06,1.68709872062102e-05
123.07,1.69269048467094e-05
123.08,1.69835269500467e-05
123.09,1.70408577982308e-05
123.1,1.70989017386405e-05
123.11,1.71576631843784e-05
123.12,1.72171466146267e-05
123.13,1.72773565750005e-05
123.14,1.73382976779025e-05
123.15,1.73999746028775e-05
123.16,1.74623920969664e-05
123.17,1.75255558368307e-05
123.18,1.75894703874679e-05
123.19,1.76541405478306e-05
123.2,1.77195713945967e-05
123.21,1.77857680780626e-05
123.22,1.78527358226433e-05
123.23,1.79204799273731e-05
123.24,1.79890057664039e-05
123.25,1.80583187895082e-05
123.26,1.81284245225772e-05
123.27,1.81993285681216e-05
123.28,1.82710366057716e-05
123.29,1.83435543927771e-05
123.3,1.84168880385971e-05
123.31,1.84910442115585e-05
123.32,1.85660282640302e-05
123.33,1.86418463262787e-05
123.34,1.87185046132552e-05
123.35,1.87960094252525e-05
123.36,1.8874367148559e-05
123.37,1.89535842561172e-05
123.38,1.90336673081778e-05
123.39,1.91146229529559e-05
123.4,1.91964579272871e-05
123.41,1.92791790572831e-05
123.42,1.93627932589878e-05
123.43,1.94473075390334e-05
123.44,1.95327295686882e-05
123.45,1.96190663991103e-05
123.46,1.97063251604263e-05
123.47,1.97945132688859e-05
123.48,1.9883638237771e-05
123.49,1.9973707678156e-05
123.5,2.00647292996727e-05
123.51,2.01567109112708e-05
123.52,2.02496604219803e-05
123.53,2.03435858416735e-05
123.54,2.04384952818274e-05
123.55,2.05343969562855e-05
123.56,2.06312991820208e-05
123.57,2.07292106689984e-05
123.58,2.08281411689411e-05
123.59,2.0928098339036e-05
123.6,2.10290909970874e-05
123.61,2.11311280742573e-05
123.62,2.12342186160497e-05
123.63,2.13383717832901e-05
123.64,2.14435968531077e-05
123.65,2.15499032199169e-05
123.66,2.1657300396399e-05
123.67,2.17657980144834e-05
123.68,2.18754058263303e-05
123.69,2.19861337053094e-05
123.7,2.20979916469855e-05
123.71,2.22109912554296e-05
123.72,2.23251426389389e-05
123.73,2.24404556157833e-05
123.74,2.25569407959467e-05
123.75,2.26746089255443e-05
123.76,2.27934708881059e-05
123.77,2.29135377058614e-05
123.78,2.30348205410268e-05
123.79,2.3157330697089e-05
123.8,2.32810796200913e-05
123.81,2.34060788999196e-05
123.82,2.35323402715849e-05
123.83,2.36598756165124e-05
123.84,2.37886971728737e-05
123.85,2.39188185834105e-05
123.86,2.40502510155096e-05
123.87,2.4183007018247e-05
123.88,2.43170992985197e-05
123.89,2.44525407224866e-05
123.9,2.45893443170077e-05
123.91,2.47275232710844e-05
123.92,2.4867090937299e-05
123.93,2.50080608332555e-05
123.94,2.5150446643016e-05
123.95,2.52942622185456e-05
123.96,2.54395215811488e-05
123.97,2.55862389229099e-05
123.98,2.57344286081344e-05
123.99,2.58841054389882e-05
124,2.60352883036314e-05
124.01,2.61879889435759e-05
124.02,2.63422226012133e-05
124.03,2.6498004710983e-05
124.04,2.66553509012039e-05
124.05,2.68142769959069e-05
124.06,2.69747990166677e-05
124.07,2.71369331844352e-05
124.08,2.73006959213694e-05
124.09,2.74661038526693e-05
124.1,2.76331738084073e-05
124.11,2.78019228253571e-05
124.12,2.7972368148832e-05
124.13,2.81445272345125e-05
124.14,2.83184177529645e-05
124.15,2.84940633410319e-05
124.16,2.86714779331599e-05
124.17,2.88506800614939e-05
124.18,2.90316884934027e-05
124.19,2.92145222337948e-05
124.2,2.9399200527445e-05
124.21,2.95857428613111e-05
124.22,2.97741689668551e-05
124.23,2.99644988223651e-05
124.24,3.01567526552712e-05
124.25,3.0350950944473e-05
124.26,3.05471144226552e-05
124.27,3.07452640786098e-05
124.28,3.09454211595562e-05
124.29,3.11476071734619e-05
124.3,3.13518520317043e-05
124.31,3.1558173062658e-05
124.32,3.17665925962726e-05
124.33,3.19771337456742e-05
124.34,3.21898199418237e-05
124.35,3.24046749374994e-05
124.36,3.26217228112717e-05
124.37,3.28409879714906e-05
124.38,3.30624951602605e-05
124.39,3.32862694574212e-05
124.4,3.35123362845282e-05
124.41,3.3740721408832e-05
124.42,3.39714475484437e-05
124.43,3.42045416749884e-05
124.44,3.44400315737258e-05
124.45,3.46779441271419e-05
124.46,3.49183065570883e-05
124.47,3.51611464277984e-05
124.48,3.54064916489034e-05
124.49,3.56543704784414e-05
124.5,3.59048115258805e-05
124.51,3.61578437551277e-05
124.52,3.64134964875456e-05
124.53,3.66717994049664e-05
124.54,3.6932784885693e-05
124.55,3.71964850349696e-05
124.56,3.74629286324987e-05
124.57,3.77321471580768e-05
124.58,3.8004172495177e-05
124.59,3.82790369350024e-05
124.6,3.85567731805474e-05
124.61,3.88374143506511e-05
124.62,3.9120993984065e-05
124.63,3.94075460435063e-05
124.64,3.96971049197181e-05
124.65,3.99897054355284e-05
124.66,4.0285386476155e-05
124.67,4.05841972323749e-05
124.68,4.08861652708614e-05
124.69,4.11913289234798e-05
124.7,4.14997271625853e-05
124.71,4.18113996137603e-05
124.72,4.21263865685598e-05
124.73,4.24447289972577e-05
124.74,4.27664685615831e-05
124.75,4.30916476274759e-05
124.76,4.34202986942213e-05
124.77,4.37524588152555e-05
124.78,4.40881789391499e-05
124.79,4.44275021989419e-05
124.8,4.4770472264125e-05
124.81,4.51171333428451e-05
124.82,4.54675301840867e-05
124.83,4.58217080798794e-05
124.84,4.61797128674842e-05
124.85,4.6541590931592e-05
124.86,4.69073898471944e-05
124.87,4.72771569484516e-05
124.88,4.76509402098384e-05
124.89,4.80287883098606e-05
124.9,4.84107504940174e-05
124.91,4.87968765773826e-05
124.92,4.91872169471851e-05
124.93,4.95818225653931e-05
124.94,4.99807449712853e-05
124.95,5.03840380663342e-05
124.96,5.07917844000014e-05
124.97,5.12040237688776e-05
124.98,5.16208148060476e-05
124.99,5.2042217389126e-05
125,5.24682926809439e-05
125.01,5.28991031702128e-05
125.02,5.33347127121989e-05
125.03,5.3775172061538e-05
125.04,5.42205364804744e-05
125.05,5.46708799535041e-05
125.06,5.5126267081912e-05
125.07,5.55867633396519e-05
125.08,5.60524350733621e-05
125.09,5.65233495023547e-05
125.1,5.69995747186212e-05
125.11,5.74811677744032e-05
125.12,5.79682042130479e-05
125.13,5.84607539266287e-05
125.14,5.89588872322558e-05
125.15,5.94626752279654e-05
125.16,5.99721897927201e-05
125.17,6.04875035864087e-05
125.18,6.10087009665067e-05
125.19,6.15358703125864e-05
125.2,6.20690770885525e-05
125.21,6.26084000438519e-05
125.22,6.31539189328585e-05
125.23,6.37057145148761e-05
125.24,6.42638685541258e-05
125.25,6.4828463819765e-05
125.26,6.53996219753626e-05
125.27,6.59774159088282e-05
125.28,6.6561930663339e-05
125.29,6.71532576281886e-05
125.3,6.77514895337148e-05
125.31,6.83567204513032e-05
125.32,6.89690457933733e-05
125.33,6.95885610400222e-05
125.34,7.02153612541242e-05
125.35,7.08495477131693e-05
125.36,7.14912207180353e-05
125.37,7.21404818744336e-05
125.38,7.27974340928946e-05
125.39,7.34621815887717e-05
125.4,7.41348298822407e-05
125.41,7.48154969607293e-05
125.42,7.5504289813413e-05
125.43,7.62013163981726e-05
125.44,7.69066890280891e-05
125.45,7.7620521436955e-05
125.46,7.8342928779258e-05
125.47,7.90740276301849e-05
125.48,7.98139452778454e-05
125.49,8.05628442225601e-05
125.5,8.13208207485517e-05
125.51,8.20880025418826e-05
125.52,8.28645191253108e-05
125.53,8.36505018582902e-05
125.54,8.44460839369708e-05
125.55,8.52514003941982e-05
125.56,8.60666033394704e-05
125.57,8.68918348788658e-05
125.58,8.77272308831476e-05
125.59,8.85729363326867e-05
125.6,8.94290982374806e-05
125.61,9.02958656371331e-05
125.62,9.11733896008841e-05
125.63,9.20618247391278e-05
125.64,9.29613547254754e-05
125.65,9.38721213481511e-05
125.66,9.47942867040259e-05
125.67,9.57280151448855e-05
125.68,9.66734732774354e-05
125.69,9.76308299632793e-05
125.7,9.86002563189514e-05
125.71,9.95819453691746e-05
125.72,0.000100576088011377
125.73,0.000101582850322265
125.74,0.000102602416805202
125.75,0.000103634974545733
125.76,0.000104680713211569
125.77,0.000105739825052591
125.78,0.000106812504900846
125.79,0.000107899013012015
125.8,0.000108999522672668
125.81,0.00011011423890714
125.82,0.000111243373842561
125.83,0.000112387142693901
125.84,0.000113545763763945
125.85,0.000114719458443306
125.86,0.000115908465506763
125.87,0.000117113037526782
125.88,0.000118333389208661
125.89,0.000119569758770654
125.9,0.000120822387857713
125.91,0.000122091521541491
125.92,0.000123377408320345
125.93,0.000124680300119335
125.94,0.000126000512607229
125.95,0.00012733829319318
125.96,0.000128693898807693
125.97,0.00013006760307938
125.98,0.000131459683649772
125.99,0.000132870422173286
126,0.000134300104317272
126.01,0.000135749036111844
126.02,0.000137217575112091
126.03,0.000138705982135416
126.04,0.000140214567329238
126.05,0.00014174364549857
126.06,0.000143293536106035
126.07,0.000144864563271827
126.08,0.000146457055773764
126.09,0.000148071393920426
126.1,0.000149707927192619
126.11,0.000151366990181333
126.12,0.000153048942568014
126.13,0.000154754150299327
126.14,0.000156482985677201
126.15,0.000158235827448868
126.16,0.000160013060896905
126.17,0.00016181508912678
126.18,0.000163642320700246
126.19,0.000165495154840733
126.2,0.00016737400736008
126.21,0.000169279301489465
126.22,0.000171211467992497
126.23,0.000173170945278311
126.24,0.000175158179514609
126.25,0.0001771736311829
126.26,0.000179217777392195
126.27,0.000181291080096221
126.28,0.000183394020801877
126.29,0.000185527089739538
126.3,0.000187690785997543
126.31,0.000189885617656713
126.32,0.000192112101924794
126.33,0.00019437076830626
126.34,0.00019666217488163
126.35,0.00019898685579426
126.36,0.0002013453694891
126.37,0.000203738284641613
126.38,0.000206166180315536
126.39,0.000208629646120715
126.4,0.000211129282370921
126.41,0.000213665700241663
126.42,0.000216239556246923
126.43,0.000218851468338365
126.44,0.000221502084832516
126.45,0.000224192066948398
126.46,0.000226922088160128
126.47,0.000229692834386047
126.48,0.000232505004177839
126.49,0.000235359308909579
126.5,0.000238256505834044
126.51,0.000241197327148384
126.52,0.000244182522639475
126.53,0.000247212862818511
126.54,0.000250289132690021
126.55,0.000253412131978876
126.56,0.000256582675357309
126.57,0.000259801592671848
126.58,0.000263069757359927
126.59,0.000266388038059658
126.6,0.000269757304372039
126.61,0.000273178455748693
126.62,0.000276652408768305
126.63,0.00028018009740664
126.64,0.000283762473306677
126.65,0.000287400506048709
126.66,0.000291095207246416
126.67,0.000294847607981047
126.68,0.000298658718258587
126.69,0.0003025295899867
126.7,0.000306461295342557
126.71,0.000310454927095077
126.72,0.000314511598927269
126.73,0.000318632445758576
126.74,0.000322818641736027
126.75,0.000327071413317414
126.76,0.000331391935363908
126.77,0.000335781440508771
126.78,0.000340241185436766
126.79,0.000344772451271084
126.8,0.000349376543960273
126.81,0.000354054794665195
126.82,0.000358808568191559
126.83,0.00036363932307812
126.84,0.000368548430336409
126.85,0.000373537336932329
126.86,0.000378607518393198
126.87,0.000383760479271493
126.88,0.000388997753608311
126.89,0.000394320905396965
126.9,0.000399731529046563
126.91,0.00040523134520874
126.92,0.000410821971239035
126.93,0.00041650510382997
126.94,0.000422282478071012
126.95,0.00042815586352015
126.96,0.00043412706475728
126.97,0.000440197921937769
126.98,0.000446370311346013
126.99,0.000452646236222303
127,0.000459027636966471
127.01,0.000465516495834164
127.02,0.000472114856135953
127.03,0.000478824802149897
127.04,0.000485648459783413
127.05,0.000492587997235136
127.06,0.000499645625656832
127.07,0.00050682368141064
127.08,0.000514124493368705
127.09,0.000521550381247175
127.1,0.000529103754753704
127.11,0.000536787072341647
127.12,0.000544602842003286
127.13,0.000552553622062615
127.14,0.00056064202196835
127.15,0.000568870755677739
127.16,0.00057724261106096
127.17,0.000585760328159582
127.18,0.000594426756269947
127.19,0.00060324480380327
127.2,0.000612217439329958
127.21,0.000621347692623425
127.22,0.00063063868321733
127.23,0.000640093577879503
127.24,0.000649715592454144
127.25,0.000659508021504754
127.26,0.000669474227396417
127.27,0.00067961764142479
127.28,0.000689941764945048
127.29,0.000700450222821323
127.3,0.000711146654684777
127.31,0.000722034782244233
127.32,0.000733118411779318
127.33,0.000744401427180796
127.34,0.000755887791195312
127.35,0.000767581550024426
127.36,0.000779487012595659
127.37,0.0007916083142257
127.38,0.00080394977949215
127.39,0.000816515823206537
127.4,0.000829310951989042
127.41,0.000842339765843221
127.42,0.00085560698067644
127.43,0.000869117478952593
127.44,0.000882876115388666
127.45,0.000896887901166981
127.46,0.00091115795199623
127.47,0.000925691489892866
127.48,0.000940493844962503
127.49,0.000955570499721485
127.5,0.000970927068906014
127.51,0.00098656919396936
127.52,0.00100250267797285
127.53,0.00101873344432167
127.54,0.00103526753875518
127.55,0.00105211113133713
127.56,0.00106927057342251
127.57,0.00108675231464966
127.58,0.00110456290159046
127.59,0.00112270904093075
127.6,0.0011411975764417
127.61,0.00116003549114282
127.62,0.00117922990946608
127.63,0.0011987882937056
127.64,0.00121871804240842
127.65,0.0012390267281857
127.66,0.00125972211323791
127.67,0.00128081211918623
127.68,0.00130230482967415
127.69,0.00132420849500233
127.7,0.00134653173982086
127.71,0.00136928306851036
127.72,0.0013924712767948
127.73,0.0014161053411959
127.74,0.00144019442200341
127.75,0.00146474786624672
127.76,0.00148977523149802
127.77,0.00151528635282336
127.78,0.00154129113074277
127.79,0.00156779972326448
127.8,0.00159482249601457
127.81,0.00162237002565286
127.82,0.00165045311760148
127.83,0.00167908279411938
127.84,0.00170827028441515
127.85,0.00173802705198201
127.86,0.00176836478987833
127.87,0.00179929542424922
127.88,0.00183083123200712
127.89,0.00186298460795929
127.9,0.00189576822155604
127.91,0.00192919500624732
127.92,0.00196327815273369
127.93,0.00199803113313804
127.94,0.00203346776254018
127.95,0.00206960200467385
127.96,0.00210644815118609
127.97,0.00214402077652166
127.98,0.00218233474232163
127.99,0.00222140521969459
128,0.00226124767385586
128.01,0.00230187785328048
128.02,0.00234331182289138
128.03,0.00238556595858694
128.04,0.00242865695176806
128.05,0.00247260190554261
128.06,0.00251741814821216
128.07,0.00256312336359308
128.08,0.00260973558199773
128.09,0.00265727317709372
128.1,0.00270575489923635
128.11,0.00275519995555831
128.12,0.00280562774886477
128.13,0.00285705811893682
128.14,0.00290951128105238
128.15,0.00296300783144625
128.16,0.00301756878860302
128.17,0.0030732155550763
128.18,0.00312996989786184
128.19,0.003187854009385
128.2,0.00324689049316556
128.21,0.00330710236946885
128.22,0.00336851311223335
128.23,0.00343114663246667
128.24,0.00349502722525565
128.25,0.00356017965333848
128.26,0.00362662912751403
128.27,0.00369440131250291
128.28,0.00376352241757411
128.29,0.00383401920683819
128.3,0.00390591869598656
128.31,0.00397924848965633
128.32,0.00405403668636204
128.33,0.00413031188509056
128.34,0.00420810325916821
128.35,0.00428744065300251
128.36,0.00436835414252226
128.37,0.00445087446569163
128.38,0.00453503290555878
128.39,0.00462086129765414
128.4,0.00470839205971247
128.41,0.00479765830157106
128.42,0.00488869354272906
128.43,0.00498153196034982
128.44,0.00507620833245053
128.45,0.00517275806994735
128.46,0.00527121730535682
128.47,0.00537162265495322
128.48,0.00547401143551654
128.49,0.00557842161658127
128.5,0.00568489187796136
128.51,0.00579346173956582
128.52,0.00590417116209847
128.53,0.00601706090972482
128.54,0.00613217246324647
128.55,0.00624954809221491
128.56,0.0063692309763917
128.57,0.00649126478920384
128.58,0.0066156940873701
128.59,0.00674256421759805
128.6,0.00687192140116053
128.61,0.00700381283660171
128.62,0.00713828629600568
128.63,0.00727539051692385
128.64,0.00741517510939333
128.65,0.00755769068025648
128.66,0.00770298893547669
128.67,0.0078511221667681
128.68,0.00800214376272446
128.69,0.0081561080832991
128.7,0.00831307062460664
128.71,0.00847308809851474
128.72,0.00863621785970548
128.73,0.00880251849888905
128.74,0.0089720496950773
128.75,0.00914487238741039
128.76,0.00932104881109804
128.77,0.00950064201537978
128.78,0.00968371639575737
128.79,0.00987033756510219
128.8,0.0100605725303625
128.81,0.0102544896894923
128.82,0.0104521584356861
128.83,0.0106536496301754
128.84,0.0108590354917499
128.85,0.0110683897446568
128.86,0.0112817875940854
128.87,0.0114993054801303
128.88,0.0117210214138317
128.89,0.0119470149083172
128.9,0.0121773672037495
128.91,0.0124121611741079
128.92,0.0126514810066925
128.93,0.0128954126621025
128.94,0.0131440437678435
128.95,0.0133974635551005
128.96,0.0136557629597027
128.97,0.0139190347756395
128.98,0.0141873735105519
128.99,0.0144608754689973
129,0.0147396386867604
129.01,0.0150237630196096
129.02,0.0153133502854786
129.03,0.0156085041421491
129.04,0.0159093300706521
129.05,0.016215935414279
129.06,0.0165284295979634
129.07,0.0168469239498453
129.08,0.0171715316319271
129.09,0.0175023675811238
129.1,0.0178395490746858
129.11,0.0181831952500247
129.12,0.018533427109885
129.13,0.0188903672998446
129.14,0.0192541409806185
129.15,0.0196248751149091
129.16,0.0200026985574598
129.17,0.0203877416800682
129.18,0.0207801374331971
129.19,0.0211800205081965
129.2,0.0215875274704017
129.21,0.0220027961374163
129.22,0.0224259670424023
129.23,0.0228571823088349
129.24,0.023296585880814
129.25,0.0237443226006695
129.26,0.0242005401364787
129.27,0.0246653875317824
129.28,0.0251390155472873
129.29,0.0256215754905041
129.3,0.0261132214584023
129.31,0.0266141086937065
129.32,0.0271243939387294
129.33,0.0276442344360405
129.34,0.0281737896840741
129.35,0.0287132203007263
129.36,0.0292626881001378
129.37,0.0298223552700392
129.38,0.0303923855532764
129.39,0.0309729438896712
129.4,0.0315641959969674
129.41,0.0321663077646289
129.42,0.0327794458399058
129.43,0.0334037781237202
129.44,0.034039472788077
129.45,0.0346866981164994
129.46,0.0353456224046624
129.47,0.0360164149275014
129.48,0.036699244827366
129.49,0.037394281078617
129.5,0.038101691887024
129.51,0.0388216462721361
129.52,0.0395543125850164
129.53,0.0402998587009794
129.54,0.0410584511707203
129.55,0.0418302568368897
129.56,0.0426154414254638
129.57,0.043414169772373
129.58,0.0442266049185078
129.59,0.0450529095512281
129.6,0.0458932448256207
129.61,0.0467477704697513
129.62,0.0476166441923317
129.63,0.048500022361792
129.64,0.0493980595589235
129.65,0.0503109083475936
129.66,0.0512387190035261
129.67,0.0521816396391767
129.68,0.0531398161494892
129.69,0.054113391878837
129.7,0.0551025075191441
129.71,0.056107300998361
129.72,0.0571279074425179
129.73,0.0581644589490835
129.74,0.0592170845263065
129.75,0.0602859100084827
129.76,0.0613710577361277
129.77,0.0624726465972837
129.78,0.063590791878684
129.79,0.0647256055564708
129.8,0.0658771952591434
129.81,0.0670456648279856
129.82,0.0682311140202365
129.83,0.0694336390181694
129.84,0.0706533312608977
129.85,0.0718902777852716
129.86,0.0731445612275534
129.87,0.0744162601499968
129.88,0.0757054485362216
129.89,0.0770121950693487
129.9,0.078336563858709
129.91,0.0796786143896764
129.92,0.0810384019772574
129.93,0.0824159757042771
129.94,0.0838113799938773
129.95,0.08522465410974
129.96,0.0866558336675619
129.97,0.0881049472039283
129.98,0.0895720185732032
129.99,0.0910570662486154
130,0.0925601045851658
130.01,0.0940811416736475
130.02,0.0956201799627482
130.03,0.09717721665995
130.04,0.0987522442746704
130.05,0.100345250136362
130.06,0.101956214989022
130.07,0.103585114555698
130.08,0.105231919399958
130.09,0.10689659589425
130.1,0.108579103141699
130.11,0.110279395465388
130.12,0.111997421724631
130.13,0.113733127372017
130.14,0.115486450266487
130.15,0.117257323700335
130.16,0.119045675661538
130.17,0.120851430143004
130.18,0.122674505263782
130.19,0.124514813646429
130.2,0.126372263116737
130.21,0.128246757188262
130.22,0.130138194842476
130.23,0.132046468967675
130.24,0.133971468150497
130.25,0.135913076207609
130.26,0.137871174242666
130.27,0.139845636479162
130.28,0.141836333442876
130.29,0.143843131221783
130.3,0.145865892128797
130.31,0.147904474519786
130.32,0.149958731991078
130.33,0.152028514427154
130.34,0.154113668180164
130.35,0.156214035484682
130.36,0.158329454975075
130.37,0.160459761722816
130.38,0.162604787345235
130.39,0.164764359984668
130.4,0.166938304492263
130.41,0.169126442631464
130.42,0.171328592983596
130.43,0.173544571090176
130.44,0.175774189639175
130.45,0.178017258773486
130.46,0.18027358565219
130.47,0.18254297494931
130.48,0.184825229055173
130.49,0.187120148034109
130.5,0.189427529559349
130.51,0.191747169258807
130.52,0.194078860852414
130.53,0.196422396068907
130.54,0.198777564888776
130.55,0.201144155436917
130.56,0.203521954058181
130.57,0.205910745954768
130.58,0.20831031478225
130.59,0.210720442629598
130.6,0.213140910007156
130.61,0.215571496840265
130.62,0.218011981737834
130.63,0.220462142423704
130.64,0.222921755907617
130.65,0.225390598153143
130.66,0.227868444556324
130.67,0.230355070215111
130.68,0.232850250314966
130.69,0.235353758968434
130.7,0.237865370421602
130.71,0.240384858105586
130.72,0.242911993667206
130.73,0.245446551103583
130.74,0.247988303413068
130.75,0.250537023788433
130.76,0.253092486061667
130.77,0.255654463544002
130.78,0.258222730133941
130.79,0.260797059884432
130.8,0.263377226503566
130.81,0.265963005192218
130.82,0.268554171282429
130.83,0.271150500752528
130.84,0.27375177046033
130.85,0.276357757644207
130.86,0.278968240484906
130.87,0.281582998039697
130.88,0.284201810035669
130.89,0.286824456201711
130.9,0.289450718793057
130.91,0.292080380544189
130.92,0.294713225314716
130.93,0.297349037791904
130.94,0.299987602494889
130.95,0.302628707236519
130.96,0.305272140272629
130.97,0.307917691153134
130.98,0.310565150557957
130.99,0.313214309651094
131,0.315864962301507
131.01,0.318516903286971
131.02,0.321169928843383
131.03,0.323823836493499
131.04,0.326478424322762
131.05,0.32913349334689
131.06,0.331788845590653
131.07,0.334444284660222
131.08,0.337099615531737
131.09,0.339754643612165
131.1,0.342409177649418
131.11,0.345063027354057
131.12,0.347716004083433
131.13,0.350367920725513
131.14,0.353018591105512
131.15,0.355667831795
131.16,0.358315460650492
131.17,0.360961297238425
131.18,0.363605162774539
131.19,0.366246879753877
131.2,0.368886273069473
131.21,0.371523169122296
131.22,0.374157396085374
131.23,0.376788783759424
131.24,0.379417162732138
131.25,0.382042366754137
131.26,0.384664230810929
131.27,0.38728259165871
131.28,0.389897287675901
131.29,0.39250815794164
131.3,0.395115044754422
131.31,0.397717791584736
131.32,0.400316243632091
131.33,0.402910247809599
131.34,0.405499652628759
131.35,0.408084308512844
131.36,0.410664067545834
131.37,0.413238783542288
131.38,0.415808312042741
131.39,0.418372510270527
131.4,0.420931237249561
131.41,0.423484353711696
131.42,0.426031722123278
131.43,0.428573206554353
131.44,0.431108671609186
131.45,0.433637985160841
131.46,0.436161016143439
131.47,0.438677635137163
131.48,0.441187714296041
131.49,0.443691126580684
131.5,0.446187747606922
131.51,0.448677454160688
131.52,0.451160124579729
131.53,0.453635638829138
131.54,0.456103880054358
131.55,0.458564730902688
131.56,0.461018076397315
131.57,0.463463803172622
131.58,0.465901799408249
131.59,0.468331952672021
131.6,0.47075415479619
131.61,0.473168298081657
131.62,0.475574276280601
131.63,0.477971984586656
131.64,0.480361320225468
131.65,0.482742181112711
131.66,0.485114466861091
131.67,0.48747807850239
131.68,0.489832918476412
131.69,0.492178890449224
131.7,0.494515899667979
131.71,0.496843852676236
131.72,0.499162657368034
131.73,0.501472222978014
131.74,0.503772460378314
131.75,0.506063281418776
131.76,0.508344599378529
131.77,0.510616328860537
131.78,0.512878385771122
131.79,0.515130686281897
131.8,0.51737314897791
131.81,0.519605693350986
131.82,0.521828240036345
131.83,0.524040710855543
131.84,0.526243029259521
131.85,0.528435119790129
131.86,0.530616907752072
131.87,0.53278831985292
131.88,0.534949283963057
131.89,0.537099729015097
131.9,0.539239584751771
131.91,0.541368782539017
131.92,0.543487254632912
131.93,0.545594934368176
131.94,0.547691756144765
131.95,0.54977765557771
131.96,0.551852569154306
131.97,0.553916434428778
131.98,0.555969189992812
131.99,0.558010775447634
132,0.560041131474917
132.01,0.562060199746567
132.02,0.564067922815962
132.03,0.566064244255227
132.04,0.568049108593721
132.05,0.570022461328224
132.06,0.571984249003984
132.07,0.573934418925833
132.08,0.575872919381838
132.09,0.577799699567254
132.1,0.579714709573473
132.11,0.581617900415359
132.12,0.583509223945999
132.13,0.585388632886957
132.14,0.5872560808194
132.15,0.589111522168017
132.16,0.590954912193103
132.17,0.592786206976801
132.18,0.59460536340799
132.19,0.596412339178028
132.2,0.598207092767656
132.21,0.599989583436099
132.22,0.601759771210211
132.23,0.603517617214836
132.24,0.605263083152421
132.25,0.606996131223575
132.26,0.608716724538204
132.27,0.610424826936898
132.28,0.612120402981135
132.29,0.613803417943478
132.3,0.615473838321937
132.31,0.617131630862
132.32,0.618776762886551
132.33,0.620409202568686
132.34,0.622028918765481
132.35,0.623635881009533
132.36,0.625230059500456
132.37,0.626811424934654
132.38,0.628379948837475
132.39,0.629935603349505
132.4,0.631478361213372
132.41,0.633008195790686
132.42,0.634525081053231
132.43,0.636028991574152
132.44,0.637519903319318
132.45,0.638997791796201
132.46,0.64046263343894
132.47,0.641914405311225
132.48,0.643353085058232
132.49,0.644778650899223
132.5,0.646191081632795
132.51,0.64759035692841
132.52,0.648976456555597
132.53,0.650349361016291
132.54,0.651709051358669
132.55,0.653055509170349
132.56,0.654388716571595
132.57,0.655708656276628
132.58,0.657015311899849
132.59,0.658308666941642
132.6,0.659588705681178
132.61,0.660855412910541
132.62,0.662108773928864
132.63,0.663348774536402
132.64,0.664575401095497
132.65,0.665788640597542
132.66,0.666988480219926
132.67,0.668174907756814
132.68,0.669347911480763
132.69,0.670507480137191
132.7,0.67165360293892
132.71,0.672786269560643
132.72,0.673905470549463
132.73,0.675011196317005
132.74,0.676103437952373
132.75,0.677182186998372
132.76,0.678247435442201
132.77,0.679299175710531
132.78,0.680337400664576
132.79,0.681362103852658
132.8,0.68237327902708
132.81,0.683370920299521
132.82,0.6843550222886
132.83,0.68532558003213
132.84,0.686282588982701
132.85,0.6872260450033
132.86,0.688155944508564
132.87,0.689072284380659
132.88,0.68997506159185
132.89,0.690864273671098
132.9,0.69173991854525
132.91,0.692601994535202
132.92,0.693450500352065
132.93,0.694285435132259
132.94,0.695106798692757
132.95,0.695914590746643
132.96,0.696708811589598
132.97,0.69748946189712
132.98,0.698256542721215
132.99,0.699010055487069
133,0.699750001989765
133.01,0.700476384590964
133.02,0.701189205780795
133.03,0.701888468453301
133.04,0.702574175893516
133.05,0.703246331745642
133.06,0.703904940010082
133.07,0.70455000504044
133.08,0.705181531640123
133.09,0.705799524924268
133.1,0.706403990257681
133.11,0.706994933411284
133.12,0.707572360499033
133.13,0.708136277975207
133.14,0.708686692631704
133.15,0.709223611653665
133.16,0.709747042683836
133.17,0.710256993425171
133.18,0.710753472033308
133.19,0.711236486993463
133.2,0.711706047118058
133.21,0.712162161544323
133.22,0.712604839731915
133.23,0.713034091636248
133.24,0.713449927359631
133.25,0.71385235730269
133.26,0.714241392232258
133.27,0.714617043231092
133.28,0.71497932169579
133.29,0.715328239334709
133.3,0.71566380819597
133.31,0.715986040745372
133.32,0.716294949549617
133.33,0.716590547570718
133.34,0.716872848075786
133.35,0.717141864635163
133.36,0.71739761112056
133.37,0.717640101703194
133.38,0.71786935094927
133.39,0.718085373642469
133.4,0.718288184827339
133.41,0.718477799879728
133.42,0.718654234468995
133.43,0.71881750455634
133.44,0.718967626393119
133.45,0.719104616535511
133.46,0.719228491932965
133.47,0.71933926964141
133.48,0.719436967077821
133.49,0.719521601943929
133.5,0.71959319222472
133.51,0.719651756186936
133.52,0.719697312377565
133.53,0.719729879680749
133.54,0.719749477222675
133.55,0.719756124368358
133.56,0.719749840787608
133.57,0.719730646425203
133.58,0.719698561499509
133.59,0.719653606501106
133.6,0.719595802197064
133.61,0.719525169703023
133.62,0.719441730279735
133.63,0.719345505506588
133.64,0.719236517230184
133.65,0.719114787563082
133.66,0.718980338882524
133.67,0.718833193829174
133.68,0.718673375357125
133.69,0.718500906661043
133.7,0.718315811144662
133.71,0.718118112504619
133.72,0.717907834696537
133.73,0.717685001933872
133.74,0.717449638686743
133.75,0.717201769680773
133.76,0.716941419946756
133.77,0.716668614733292
133.78,0.716383379513372
133.79,0.716085740035823
133.8,0.71577572230078
133.81,0.715453352558614
133.82,0.715118657308862
133.83,0.714771663299141
133.84,0.714412397557929
133.85,0.714040887328208
133.86,0.713657160091072
133.87,0.713261243583238
133.88,0.712853165785076
133.89,0.712432954919592
133.9,0.712000639451398
133.91,0.711556248085688
133.92,0.711099809807973
133.93,0.710631353796875
133.94,0.7101509094716
133.95,0.709658506497478
133.96,0.709154174776311
133.97,0.708637944445402
133.98,0.70810984587658
133.99,0.707569909675245
134,0.707018166733646
134.01,0.706454648106917
134.02,0.705879385097139
134.03,0.70529240924388
134.04,0.704693752316619
134.05,0.70408344631384
134.06,0.703461523462122
134.07,0.702828016215246
134.08,0.702182957275025
134.09,0.701526379538344
134.1,0.700858316137174
134.11,0.700178800428513
134.12,0.699487865992447
134.13,0.698785546631281
134.14,0.698071876368651
134.15,0.697346889448591
134.16,0.696610620331726
134.17,0.695863103701833
134.18,0.695104374458632
134.19,0.69433446771872
134.2,0.69355341881466
134.21,0.692761263294109
134.22,0.691958036918935
134.23,0.691143775667772
134.24,0.69031851576602
134.25,0.68948229359367
134.26,0.688635145765847
134.27,0.687777109108125
134.28,0.686908220655674
134.29,0.686028517652409
134.3,0.685138037550145
134.31,0.684236818007736
134.32,0.683324896933841
134.33,0.682402312388563
134.34,0.681469102646463
134.35,0.680525306193449
134.36,0.67957096171913
134.37,0.678606108115976
134.38,0.677630784478537
134.39,0.676645030102635
134.4,0.67564888446687
134.41,0.67464238725843
134.42,0.673625578378719
134.43,0.67259849791604
134.44,0.671561186155407
134.45,0.670513683577678
134.46,0.669456030858739
134.47,0.668388268868671
134.48,0.667310438660171
134.49,0.666222581461949
134.5,0.665124738736567
134.51,0.664016952117106
134.52,0.662899263425996
134.53,0.661771714674145
134.54,0.66063434806007
134.55,0.659487205969031
134.56,0.658330330973987
134.57,0.657163765909843
134.58,0.655987553677573
134.59,0.654801737410695
134.6,0.653606360426384
134.61,0.652401466224698
134.62,0.651187098487734
134.63,0.649963301078856
134.64,0.648730118041886
134.65,0.647487593633785
134.66,0.646235772253869
134.67,0.644974698479826
134.68,0.643704417075542
134.69,0.642424972982134
134.7,0.641136411317143
134.71,0.639838777373802
134.72,0.638532116620268
134.73,0.637216474631691
134.74,0.635891897168328
134.75,0.634558430254622
134.76,0.633216120030822
134.77,0.631865012805836
134.78,0.630505155056335
134.79,0.629136593425865
134.8,0.627759374723954
134.81,0.626373545915231
134.82,0.624979154100055
134.83,0.623576246602006
134.84,0.622164870879473
134.85,0.620745074551626
134.86,0.619316905397509
134.87,0.617880411355073
134.88,0.616435640520273
134.89,0.614982641146129
134.9,0.613521461787642
134.91,0.612052151053762
134.92,0.610574757617283
134.93,0.609089330381995
134.94,0.607595918407874
134.95,0.606094570910295
134.96,0.604585337259321
134.97,0.603068266978959
134.98,0.601543409746408
134.99,0.600010815412365
135,0.59847053394762
135.01,0.596922615486775
135.02,0.595367110315124
135.03,0.593804068867767
135.04,0.592233541728886
135.05,0.590655579631016
135.06,0.589070233454318
135.07,0.587477554049213
135.08,0.585877592304167
135.09,0.584270399712886
135.1,0.582656027674393
135.11,0.581034527724048
135.12,0.579405951532375
135.13,0.57777035090398
135.14,0.576127777776423
135.15,0.574478284219103
135.16,0.572821922608801
135.17,0.571158745256584
135.18,0.569488804602814
135.19,0.567812153263492
135.2,0.566128843984385
135.21,0.564438929640122
135.22,0.562742463233244
135.23,0.561039497893256
135.24,0.559330086953702
135.25,0.557614284363927
135.26,0.555892143322673
135.27,0.554163717536283
135.28,0.552429060842879
135.29,0.550688227211906
135.3,0.548941270743688
135.31,0.547188245668964
135.32,0.545429206348482
135.33,0.543664206883571
135.34,0.54189330164216
135.35,0.540116545563151
135.36,0.538333993423081
135.37,0.536545700114397
135.38,0.534751720644448
135.39,0.532952110134432
135.4,0.531146923818349
135.41,0.529336217041952
135.42,0.527520044929756
135.43,0.525698463174816
135.44,0.523871527437583
135.45,0.522039293453407
135.46,0.520201817058753
135.47,0.518359154189872
135.48,0.516511360881473
135.49,0.514658493265453
135.5,0.512800607793718
135.51,0.510937761433428
135.52,0.509070010330917
135.53,0.507197411156436
135.54,0.505320020694131
135.55,0.503437895842145
135.56,0.501551093612708
135.57,0.499659671077013
135.58,0.497763685201331
135.59,0.495863193454783
135.6,0.493958253247808
135.61,0.492048922096944
135.62,0.490135257624343
135.63,0.488217317557396
135.64,0.486295159614798
135.65,0.484368840537861
135.66,0.482438418861597
135.67,0.480503952504352
135.68,0.47856549945481
135.69,0.476623117769604
135.7,0.474676865570822
135.71,0.47272680105926
135.72,0.470772983597485
135.73,0.468815471029071
135.74,0.466854321902057
135.75,0.464889594845303
135.76,0.462921348567806
135.77,0.460949641857954
135.78,0.458974533582794
135.79,0.456996083741153
135.8,0.455014351030978
135.81,0.453029394678545
135.82,0.451041274075315
135.83,0.449050048717309
135.84,0.44705577820615
135.85,0.445058522250042
135.86,0.44305833924525
135.87,0.441055289336124
135.88,0.439049432501081
135.89,0.437040828592764
135.9,0.435029537543768
135.91,0.433015619366635
135.92,0.430999133355229
135.93,0.428980139641048
135.94,0.426958698524293
135.95,0.424934870162564
135.96,0.422908714778076
135.97,0.420880292657646
135.98,0.418849664309868
135.99,0.416816890201108
136,0.414782030784599
136.01,0.412745146645796
136.02,0.410706298438323
136.03,0.408665546883971
136.04,0.406622953209964
136.05,0.404578578572594
136.06,0.402532483754931
136.07,0.40048472988532
136.08,0.398435378172197
136.09,0.396384489904134
136.1,0.394332126043065
136.11,0.392278347551592
136.12,0.390223216180029
136.13,0.388166793383767
136.14,0.386109140684477
136.15,0.384050319670105
136.16,0.381990391592636
136.17,0.379929417375037
136.18,0.377867459156222
136.19,0.375804578592896
136.2,0.373740837390155
136.21,0.371676297301533
136.22,0.369611020162655
136.23,0.367545067936466
136.24,0.365478502473117
136.25,0.363411385742729
136.26,0.361343779765959
136.27,0.359275746613993
136.28,0.357207348575241
136.29,0.355138648868215
136.3,0.353069709269865
136.31,0.351000592235775
136.32,0.348931360288951
136.33,0.346862076019758
136.34,0.344792802078193
136.35,0.342723601055579
136.36,0.340654535800828
136.37,0.338585669153346
136.38,0.336517064018022
136.39,0.334448783365223
136.4,0.33238089023079
136.41,0.330313445869627
136.42,0.328246514153674
136.43,0.326180158082676
136.44,0.32411444065964
136.45,0.322049424927638
136.46,0.319985173969859
136.47,0.317921750524519
136.48,0.31585921784361
136.49,0.313797639107339
136.5,0.31173707748989
136.51,0.309677596199541
136.52,0.307619258478647
136.53,0.30556212927601
136.54,0.303506272087748
136.55,0.301451750395656
136.56,0.299398628095345
136.57,0.297346969169662
136.58,0.29529683799201
136.59,0.293248298730567
136.6,0.291201415661614
136.61,0.28915625320607
136.62,0.287112875881161
136.63,0.285071345862266
136.64,0.283031727939654
136.65,0.2809940866113
136.66,0.278958486095502
136.67,0.276924990637059
136.68,0.274893664335168
136.69,0.272864571504344
136.7,0.270837776443712
136.71,0.268813343457955
136.72,0.266791336873569
136.73,0.264771824021613
136.74,0.262754868805875
136.75,0.260740536109876
136.76,0.258728891112228
136.77,0.256719999090885
136.78,0.254713926333917
136.79,0.25271073812517
136.8,0.250710500206514
136.81,0.248713278476975
136.82,0.246719138957557
136.83,0.244728145831936
136.84,0.242740365880967
136.85,0.240755865102785
136.86,0.238774709544643
136.87,0.23679696532803
136.88,0.234822698535926
136.89,0.232851975475403
136.9,0.230884862471409
136.91,0.228921425921669
136.92,0.226961732355487
136.93,0.225005850089248
136.94,0.223053845503687
136.95,0.22110578583933
136.96,0.219161738481786
136.97,0.217221772620679
136.98,0.215285955721129
136.99,0.213354356097998
137,0.211427042286358
137.01,0.20950408157227
137.02,0.207585542961892
137.03,0.205671495214253
137.04,0.203762007171307
137.05,0.201857146529412
137.06,0.199956982333055
137.07,0.198061583529141
137.08,0.196171019037057
137.09,0.194285359945103
137.1,0.192404675746849
137.11,0.190529036127466
137.12,0.188658511254272
137.13,0.186793174174232
137.14,0.184933096324597
137.15,0.183078349043693
137.16,0.181229004538247
137.17,0.179385134804449
137.18,0.177546812469878
137.19,0.175714110669934
137.2,0.173887102706561
137.21,0.172065860277727
137.22,0.170250456026635
137.23,0.16844096387457
137.24,0.166637457280755
137.25,0.164840010827174
137.26,0.163048699402478
137.27,0.161263597376215
137.28,0.159484780518894
137.29,0.157712328347889
137.3,0.155946316825161
137.31,0.154186823919853
137.32,0.152433927571291
137.33,0.150687706744084
137.34,0.148948240948509
137.35,0.147215608460848
137.36,0.14548988660106
137.37,0.143771155780139
137.38,0.142059495650058
137.39,0.140354987307651
137.4,0.138657710883861
137.41,0.136967747273788
137.42,0.135285182625706
137.43,0.133610101815137
137.44,0.131942588720097
137.45,0.130282729779782
137.46,0.128630613579483
137.47,0.126986327857192
137.48,0.125349961986501
137.49,0.123721599436677
137.5,0.122101331034122
137.51,0.120489246240249
137.52,0.118885433070552
137.53,0.117289979756216
137.54,0.115702976480377
137.55,0.114124514293286
137.56,0.112554691995347
137.57,0.110993602249741
137.58,0.109441343132639
137.59,0.10789801741191
137.6,0.106363725653421
137.61,0.104838566846792
137.62,0.103322639766881
137.63,0.10181604831753
137.64,0.100318887303354
137.65,0.0988312549159676
137.66,0.0973532506807767
137.67,0.0958849809381219
137.68,0.0944265454297168
137.69,0.092978048635437
137.7,0.0915396124187615
137.71,0.0901113450393202
137.72,0.0886933622069454
137.73,0.087285781975207
137.74,0.0858887251620565
137.75,0.0845023034755267
137.76,0.0831266236314275
137.77,0.0817618047524676
137.78,0.080407951525478
137.79,0.0790651702458714
137.8,0.0777335686593362
137.81,0.0764132822074505
137.82,0.0751044237480736
137.83,0.0738071139672808
137.84,0.0725214878309589
137.85,0.0712476726169447
137.86,0.0699857971183327
137.87,0.0687359789211302
137.88,0.0674983519813812
137.89,0.0662730349729996
137.9,0.0650601374047256
137.91,0.0638597816427045
137.92,0.062672089869195
137.93,0.0614971821096111
137.94,0.0603351745493234
137.95,0.0591862027530103
137.96,0.0580503906088916
137.97,0.0569278640582573
137.98,0.0558187391303151
137.99,0.0547231434513676
138,0.0536411940096569
138.01,0.0525729811639347
138.02,0.0515186193514219
138.03,0.0504782145667221
138.04,0.0494518740359126
138.05,0.0484396959558733
138.06,0.0474417795300119
138.07,0.046458221573799
138.08,0.0454891158589155
138.09,0.0445345413770253
138.1,0.0435945811319808
138.11,0.0426693138686592
138.12,0.0417587968770839
138.13,0.0408630967187312
138.14,0.0399822682402853
138.15,0.0391163531065314
138.16,0.0382653939228631
138.17,0.037429421880619
138.18,0.0366084578683613
138.19,0.0358025198860103
138.2,0.0350116118484181
138.21,0.034235728796095
138.22,0.0334748612448842
138.23,0.0327289815688265
138.24,0.0319980569247934
138.25,0.0312820458663053
138.26,0.030580888816135
138.27,0.0298945227842951
138.28,0.0292228719888558
138.29,0.0285658474173239
138.3,0.0279233523113199
138.31,0.0272952781875133
138.32,0.0266815055691403
138.33,0.0260819046777817
138.34,0.0254963359183402
138.35,0.024924649487238
138.36,0.0243666841353615
138.37,0.0238222726413412
138.38,0.0232912361646832
138.39,0.0227733850350844
138.4,0.0222685300284521
138.41,0.0217764648461676
138.42,0.0212969778287429
138.43,0.0208298599764614
138.44,0.0203748838463935
138.45,0.0199318217266657
138.46,0.0195004479636963
138.47,0.0190805203269173
138.48,0.0186718013404735
138.49,0.0182740527050057
138.5,0.0178870236180148
138.51,0.0175104732191907
138.52,0.0171441547609356
138.53,0.0167878150882547
138.54,0.0164412156662561
138.55,0.0161041055196818
138.56,0.0157762360738432
138.57,0.0154573720445996
138.58,0.0151472661055498
138.59,0.0148456778250669
138.6,0.0145523761707811
138.61,0.0142671263577237
138.62,0.0139896991653519
138.63,0.0137198686106062
138.64,0.0134574142489312
138.65,0.0132021183879348
138.66,0.0129537672316127
138.67,0.0127121531579702
138.68,0.0124770724315214
138.69,0.0122483264656401
138.7,0.0120257221405919
138.71,0.0118090703919175
138.72,0.0115981882419295
138.73,0.0113928981927976
138.74,0.0111930246012517
138.75,0.0109983997072411
138.76,0.0108088597522133
138.77,0.0106242444906424
138.78,0.0104443995387575
138.79,0.0102691751953994
138.8,0.0100984281126758
138.81,0.00993201843342544
138.82,0.00976981074627535
138.83,0.00961167254873768
138.84,0.0094574776516397
138.85,0.00930710342702841
138.86,0.00916043137917738
138.87,0.0090173469740417
138.88,0.0088777392679751
138.89,0.00874150104567046
138.9,0.00860852882150082
138.91,0.00847872249401842
138.92,0.00835198530126936
138.93,0.00822822369923728
138.94,0.00810734833117579
138.95,0.00798927225134861
138.96,0.00787391177388411
138.97,0.00776118487003999
138.98,0.00765101329501074
138.99,0.00754332121640362
139,0.00743803633009528
139.01,0.00733508783022777
139.02,0.00723440767024958
139.03,0.00713593006798064
139.04,0.00703959156792334
139.05,0.00694533077613191
139.06,0.00685308794012175
139.07,0.0067628055417655
139.08,0.0066744278608391
139.09,0.00658790201909948
139.1,0.00650317591456809
139.11,0.00642019954021608
139.12,0.00633892475133522
139.13,0.00625930491455617
139.14,0.00618129497841059
139.15,0.00610485065455083
139.16,0.00602992964160395
139.17,0.00595649071992703
139.18,0.0058844946361255
139.19,0.00581390267397341
139.2,0.00574467753744867
139.21,0.0056767835958621
139.22,0.00561018587092395
139.23,0.00554485065475212
139.24,0.00548074534052493
139.25,0.00541783833875384
139.26,0.00535609904445898
139.27,0.00529549773404107
139.28,0.00523600551272976
139.29,0.00517759441755096
139.3,0.00512023729564831
139.31,0.00506390811342729
139.32,0.00500858123377316
139.33,0.0049542318721129
139.34,0.00490083610224716
139.35,0.00484837056711897
139.36,0.00479681258677392
139.37,0.00474614030665182
139.38,0.00469633253895174
139.39,0.00464736858140243
139.4,0.00459922835399472
139.41,0.00455189222537957
139.42,0.004505341237039
139.43,0.00445955689511952
139.44,0.00441452162092297
139.45,0.00437021782634362
139.46,0.00432662855486752
139.47,0.00428373729059812
139.48,0.00424152816224667
139.49,0.00419998556374774
139.5,0.00415909425997017
139.51,0.00411883943652114
139.52,0.00407920682002358
139.53,0.00404018255280462
139.54,0.00400175291579072
139.55,0.00396390463125981
139.56,0.00392662480943385
139.57,0.00388990106335445
139.58,0.00385372107121289
139.59,0.00381807291588447
139.6,0.00378294497870131
139.61,0.00374832600506136
139.62,0.00371420493081769
139.63,0.00368057098870488
139.64,0.00364741366658455
139.65,0.0036147227828518
139.66,0.00358248834152214
139.67,0.00355070056099274
139.68,0.00351934989660114
139.69,0.0034884271214943
139.7,0.0034579232637358
139.71,0.00342782941615624
139.72,0.00339813693817056
139.73,0.00336883740824679
139.74,0.00333992267436401
139.75,0.00331138465766151
139.76,0.00328321550342699
139.77,0.00325540753120365
139.78,0.00322795320544524
139.79,0.0032008451641683
139.8,0.00317407619942455
139.81,0.00314763924232156
139.82,0.00312152738482898
139.83,0.00309573391722736
139.84,0.00307025215848473
139.85,0.00304507558941033
139.86,0.00302019780807917
139.87,0.00299561273611547
139.88,0.00297131425475386
139.89,0.00294729635230835
139.9,0.00292355316716819
139.91,0.00290007895482983
139.92,0.00287686808971094
139.93,0.00285391503599663
139.94,0.00283121436586974
139.95,0.00280876074945921
139.96,0.00278654876263106
139.97,0.0027645732133295
139.98,0.00274282897276671
139.99,0.00272131094930926
140,0.00270001415503508
140.01,0.00267893374068654
140.02,0.00265806477073945
140.03,0.00263740241855466
140.04,0.00261694190605123
140.05,0.00259667906384124
140.06,0.00257660929850117
140.07,0.00255672816259043
140.08,0.00253703135669917
140.09,0.00251751445294183
140.1,0.0024981727890193
140.11,0.00247900230570639
140.12,0.00245999875228439
140.13,0.00244115790598927
140.14,0.00242247552644448
140.15,0.00240394742736249
140.16,0.00238556942488554
140.17,0.00236733733624994
140.18,0.00234924726414783
140.19,0.00233129564269477
140.2,0.00231347832804001
140.21,0.00229579149069073
140.22,0.00227823136051976
140.23,0.00226079391483575
140.24,0.00224347549016319
140.25,0.00222627238441923
140.26,0.00220918091562845
140.27,0.00219219736123156
140.28,0.00217531793323555
140.29,0.00215853899139533
140.3,0.00214185684118139
140.31,0.00212526805264941
140.32,0.0021087690916508
140.33,0.00209235640518297
140.34,0.0020760265312131
140.35,0.00205977612300484
140.36,0.00204360181030017
140.37,0.00202750030395892
140.38,0.00201146831317742
140.39,0.00199550252603251
140.4,0.00197959979004686
140.41,0.00196375695002633
140.42,0.0019479709339901
140.43,0.00193223869784356
140.44,0.00191655723782626
140.45,0.00190092361935449
140.46,0.00188533512234674
140.47,0.00186978893437191
140.48,0.00185428237657073
140.49,0.00183881285473418
140.5,0.00182337786409267
140.51,0.00180797498753261
140.52,0.00179260190488668
140.53,0.00177725636885217
140.54,0.00176193624419696
140.55,0.00174663950480228
140.56,0.00173136422901616
140.57,0.00171610866026215
140.58,0.00170087110502895
140.59,0.00168565001311953
140.6,0.00167044397618464
140.61,0.0016552517384017
140.62,0.00164007216065722
140.63,0.00162490426180927
140.64,0.00160974717754932
140.65,0.00159460021262831
140.66,0.0015794628377026
140.67,0.00156433467369589
140.68,0.00154921545039124
140.69,0.00153410511589179
140.7,0.00151900376429539
140.71,0.00150391164373932
140.72,0.00148882915203867
140.73,0.00147375688471142
140.74,0.00145869559747729
140.75,0.00144364615784636
140.76,0.00142860962633985
140.77,0.00141358724727137
140.78,0.00139858041337407
140.79,0.00138359056185853
140.8,0.0013686194084368
140.81,0.00135366877922472
140.82,0.00133874062356466
140.83,0.00132383698071309
140.84,0.00130896007354612
140.85,0.00129411222229073
140.86,0.00127929585367114
140.87,0.00126451351524096
140.88,0.00124976784610841
140.89,0.00123506157134843
140.9,0.00122039751758093
140.91,0.001205778566739
140.92,0.00119120764948848
140.93,0.00117668778310781
140.94,0.00116222201568608
140.95,0.0011478134286018
140.96,0.00113346514124234
140.97,0.00111918028050448
140.98,0.00110496197749434
140.99,0.0010908133704942
141,0.00107673758495593
141.01,0.00106273772680378
141.02,0.0010488168715272
141.03,0.0010349780714964
141.04,0.00102122433767187
141.05,0.00100755862082105
141.06,0.000993983828842865
141.07,0.000980502805600775
141.08,0.000967118317770779
141.09,0.000953833064775685
141.1,0.000940649661101079
141.11,0.000927570627288927
141.12,0.000914598399404659
141.13,0.000901735308837471
141.14,0.000888983575639199
141.15,0.000876345350340074
141.16,0.000863822658246092
141.17,0.00085141740280672
141.18,0.000839131426708536
141.19,0.000826966439898971
141.2,0.000814924035930475
141.21,0.000803005694050591
141.22,0.000791212780322204
141.23,0.000779546541783997
141.24,0.000768008138326252
141.25,0.000756598592420217
141.26,0.000745318811664705
141.27,0.000734169631277545
141.28,0.000723151747518276
141.29,0.000712265753652818
141.3,0.000701512162267917
141.31,0.000690891365096648
141.32,0.000680403658650926
141.33,0.000670049247834639
141.34,0.000659828236798296
141.35,0.000649740637931315
141.36,0.000639786391446765
141.37,0.000629965335506722
141.38,0.000620277230068154
141.39,0.000610721765473022
141.4,0.000601298546682284
141.41,0.000592007108816913
141.42,0.000582846924023382
141.43,0.000573817392729058
141.44,0.00056491785430936
141.45,0.000556147585065535
141.46,0.000547505807381519
141.47,0.000538991689554055
141.48,0.00053060435605087
141.49,0.00052234287902607
141.5,0.000514206287885375
141.51,0.000506193560874767
141.52,0.000498303647032917
141.53,0.000490535455374371
141.54,0.000482887857793857
141.55,0.000475359697860858
141.56,0.000467949790543754
141.57,0.000460656930643529
141.58,0.000453479885857584
141.59,0.000446417403611196
141.6,0.000439468202812996
141.61,0.000432630997117679
141.62,0.00042590447883814
141.63,0.000419287315387142
141.64,0.000412778173067174
141.65,0.000406375705216495
141.66,0.000400078562414842
141.67,0.00039388538337557
141.68,0.000387794802808924
141.69,0.000381805447777054
141.7,0.000375915950394507
141.71,0.000370124938568487
141.72,0.000364431029267087
141.73,0.000358832853126459
141.74,0.000353329038838429
141.75,0.000347918214667568
141.76,0.000342599016922324
141.77,0.00033737008620689
141.78,0.000332230067240954
141.79,0.000327177614371431
141.8,0.000322211389838108
141.81,0.000317330057041508
141.82,0.000312532294088038
141.83,0.00030781678841726
141.84,0.000303182232268941
141.85,0.000298627330207101
141.86,0.000294150798800026
141.87,0.000289751366233092
141.88,0.000285427773020075
141.89,0.00028117877211605
141.9,0.00027700312826437
141.91,0.000272899618752313
141.92,0.00026886703735011
141.93,0.000264904188389849
141.94,0.000261009883624724
141.95,0.000257182956242937
141.96,0.000253422250655825
141.97,0.00024972662708141
141.98,0.000246094958408293
141.99,0.000242526132823098
142,0.0002390190512758
142.01,0.000235572631532839
142.02,0.000232185805850802
142.03,0.00022885752222787
142.04,0.000225586744011357
142.05,0.000222372450313605
142.06,0.000219213629254121
142.07,0.000216109282917356
142.08,0.000213058432005764
142.09,0.000210060112347912
142.1,0.000207113378170546
142.11,0.000204217293593099
142.12,0.000201370938913168
142.13,0.000198573405351321
142.14,0.000195823803202274
142.15,0.000193121255556296
142.16,0.000190464896828032
142.17,0.00018785387804672
142.18,0.000185287363036763
142.19,0.000182764533917506
142.2,0.000180284582252446
142.21,0.000177846714410211
142.22,0.000175450150731233
142.23,0.000173094125362011
142.24,0.000170777885927943
142.25,0.00016850069361875
142.26,0.00016626182308954
142.27,0.000164060555424913
142.28,0.000161896190993203
142.29,0.000159768040909671
142.3,0.000157675428290675
142.31,0.000155617688755741
142.32,0.000153594169479462
142.33,0.000151604229545951
142.34,0.000149647239693891
142.35,0.000147722586203688
142.36,0.000145829663067701
142.37,0.000143967877014587
142.38,0.000142136646394035
142.39,0.000140335395835536
142.4,0.000138563565907368
142.41,0.000136820606304842
142.42,0.00013510597705917
142.43,0.000133419145213349
142.44,0.00013175959088467
142.45,0.000130126802749274
142.46,0.00012852027877224
142.47,0.000126939536943
142.48,0.000125384092359746
142.49,0.000123853473732249
142.5,0.00012234721923529
142.51,0.000120864875180042
142.52,0.0001194059947613
142.53,0.000117970143405847
142.54,0.000116556893632526
142.55,0.000115165826282577
142.56,0.000113796532409776
142.57,0.000112448610337323
142.58,0.000111121665438648
142.59,0.000109815311656242
142.6,0.000108529170653884
142.61,0.000107262866432244
142.62,0.000106016036395
142.63,0.000104788322730155
142.64,0.000103579374406987
142.65,0.000102388849073917
142.66,0.000101216414181695
142.67,0.000100061738062243
142.68,9.89244980020034e-05
142.69,9.78043777790747e-05
142.7,9.67010691148102e-05
142.71,9.56142692535968e-05
142.72,9.45436811353008e-05
142.73,9.3489014304381e-05
142.74,9.24499841217334e-05
142.75,9.14263046321021e-05
142.76,9.04177039592966e-05
142.77,8.9423912334428e-05
142.78,8.84446649963074e-05
142.79,8.74797046925872e-05
142.8,8.65287822878618e-05
142.81,8.55916472867349e-05
142.82,8.46680568257976e-05
142.83,8.37577729422095e-05
142.84,8.28605630724069e-05
142.85,8.19761990189933e-05
142.86,8.11044570809267e-05
142.87,8.02451182554009e-05
142.88,7.939796787066e-05
142.89,7.85627934631669e-05
142.9,7.77393893408089e-05
142.91,7.69275528674718e-05
142.92,7.61270852926685e-05
142.93,7.53377924951007e-05
142.94,7.45594851934553e-05
142.95,7.3791975657608e-05
142.96,7.30350806861756e-05
142.97,7.22886206275994e-05
142.98,7.15524207419336e-05
142.99,7.08263090756181e-05
143,7.01101164550073e-05
143.01,6.94036775003093e-05
143.02,6.87068301108644e-05
143.03,6.80194149326464e-05
143.04,6.73412762324999e-05
143.05,6.66722611181149e-05
143.06,6.60122196268061e-05
143.07,6.53610048837886e-05
143.08,6.47184734126371e-05
143.09,6.40844835460739e-05
143.1,6.34588966739499e-05
143.11,6.28415768038934e-05
143.12,6.22323914042581e-05
143.13,6.16312103771392e-05
143.14,6.10379053492686e-05
143.15,6.04523508189748e-05
143.16,5.98744236853945e-05
143.17,5.9304003467553e-05
143.18,5.87409717048634e-05
143.19,5.81852122296078e-05
143.2,5.76366110791842e-05
143.21,5.70950565427101e-05
143.22,5.65604395619173e-05
143.23,5.60326522030352e-05
143.24,5.5511588876877e-05
143.25,5.49971459245321e-05
143.26,5.44892215618211e-05
143.27,5.39877168463431e-05
143.28,5.34925346571854e-05
143.29,5.30035783877365e-05
143.3,5.25207538384456e-05
143.31,5.20439685159086e-05
143.32,5.15731315851961e-05
143.33,5.11081551723126e-05
143.34,5.06489516133918e-05
143.35,5.01954350059173e-05
143.36,4.97475211635729e-05
143.37,4.93051274013668e-05
143.38,4.8868172632105e-05
143.39,4.84365779626836e-05
143.4,4.80102647393359e-05
143.41,4.75891561441729e-05
143.42,4.71731767003568e-05
143.43,4.67622522338032e-05
143.44,4.63563105819963e-05
143.45,4.59552809478748e-05
143.46,4.55590927267843e-05
143.47,4.51676770655428e-05
143.48,4.47809663063512e-05
143.49,4.43988939545824e-05
143.5,4.40213955827035e-05
143.51,4.36484069694603e-05
143.52,4.3279865072199e-05
143.53,4.29157080787884e-05
143.54,4.25558752374901e-05
143.55,4.22003068545046e-05
143.56,4.1848944417942e-05
143.57,4.15017301386628e-05
143.58,4.11586072861708e-05
143.59,4.08195200605487e-05
143.6,4.0484413565144e-05
143.61,4.01532343736096e-05
143.62,3.98259300574602e-05
143.63,3.95024481044417e-05
143.64,3.91827373187488e-05
143.65,3.88667473297844e-05
143.66,3.85544285688669e-05
143.67,3.82457330232281e-05
143.68,3.79406138562039e-05
143.69,3.76390234830169e-05
143.7,3.73409158319897e-05
143.71,3.7046245601872e-05
143.72,3.67549682443992e-05
143.73,3.64670398791176e-05
143.74,3.61824172830812e-05
143.75,3.59010580944294e-05
143.76,3.56229205515943e-05
143.77,3.53479635504934e-05
143.78,3.50761466265165e-05
143.79,3.48074298500975e-05
143.8,3.45417737797927e-05
143.81,3.42791398141439e-05
143.82,3.40194897929207e-05
143.83,3.37627860932667e-05
143.84,3.35089916108584e-05
143.85,3.32580706753348e-05
143.86,3.30099898694504e-05
143.87,3.27647127963815e-05
143.88,3.25222051485548e-05
143.89,3.22824331926161e-05
143.9,3.20453637610041e-05
143.91,3.18109640439966e-05
143.92,3.15792012537002e-05
143.93,3.13500440726616e-05
143.94,3.11234612843148e-05
143.95,3.08994221581025e-05
143.96,3.06778964384306e-05
143.97,3.04588541093323e-05
143.98,3.02422647833628e-05
143.99,3.00280998641847e-05
144,2.98163305772969e-05
144.01,2.96069285167968e-05
144.02,2.93998656307547e-05
144.03,2.91951146339576e-05
144.04,2.89926506749995e-05
144.05,2.87924457267805e-05
144.06,2.85944735902111e-05
144.07,2.83987084355334e-05
144.08,2.8205124793364e-05
144.09,2.80136975457483e-05
144.1,2.78244029819364e-05
144.11,2.76372179056172e-05
144.12,2.74521177609858e-05
144.13,2.7269079269784e-05
144.14,2.70880795379841e-05
144.15,2.69090960517201e-05
144.16,2.67321066732202e-05
144.17,2.65570873061646e-05
144.18,2.63840160413554e-05
144.19,2.62128715032999e-05
144.2,2.60436319997252e-05
144.21,2.58762760205691e-05
144.22,2.57107830888216e-05
144.23,2.55471358245808e-05
144.24,2.53853123588407e-05
144.25,2.5225293055374e-05
144.26,2.50670586061405e-05
144.27,2.49105899396713e-05
144.28,2.47558673705336e-05
144.29,2.46028728922505e-05
144.3,2.44515882839273e-05
144.31,2.4301995628596e-05
144.32,2.41540773132192e-05
144.33,2.40078140840835e-05
144.34,2.38631894859762e-05
144.35,2.37201864572659e-05
144.36,2.35787881691884e-05
144.37,2.34389780544899e-05
144.38,2.33007390497517e-05
144.39,2.31640551589997e-05
144.4,2.30289105142262e-05
144.41,2.28952893954109e-05
144.42,2.27631763242509e-05
144.43,2.26325557005673e-05
144.44,2.25034124453582e-05
144.45,2.23757317996761e-05
144.46,2.22494991365829e-05
144.47,2.21247000592095e-05
144.48,2.20013199108295e-05
144.49,2.1879344435632e-05
144.5,2.17587599856612e-05
144.51,2.16395528897175e-05
144.52,2.15217096867881e-05
144.53,2.14052166791471e-05
144.54,2.12900603551539e-05
144.55,2.11762281335376e-05
144.56,2.10637072485816e-05
144.57,2.09524851322722e-05
144.58,2.08425494142949e-05
144.59,2.0733887907549e-05
144.6,2.06264872426566e-05
144.61,2.0520336270183e-05
144.62,2.04154232306586e-05
144.63,2.03117365462404e-05
144.64,2.02092648207117e-05
144.65,2.01079968394818e-05
144.66,2.00079207810997e-05
144.67,1.99090253247589e-05
144.68,1.98113000766405e-05
144.69,1.97147343374088e-05
144.7,1.96193175713594e-05
144.71,1.95250394064212e-05
144.72,1.94318895268595e-05
144.73,1.93398567293854e-05
144.74,1.92489316630385e-05
144.75,1.91591044428193e-05
144.76,1.90703653325241e-05
144.77,1.89827047447442e-05
144.78,1.88961132408664e-05
144.79,1.8810580971953e-05
144.8,1.87260986489681e-05
144.81,1.8642657391336e-05
144.82,1.85602482289246e-05
144.83,1.84788623296869e-05
144.84,1.83984909996631e-05
144.85,1.83191255005199e-05
144.86,1.82407565099609e-05
144.87,1.81633761709295e-05
144.88,1.80869761923264e-05
144.89,1.80115484079996e-05
144.9,1.79370847767448e-05
144.91,1.78635773823052e-05
144.92,1.77910178111229e-05
144.93,1.77193984412623e-05
144.94,1.76487118168057e-05
144.95,1.7578950429137e-05
144.96,1.75101068876958e-05
144.97,1.74421739199771e-05
144.98,1.73751443715302e-05
144.99,1.73090108474522e-05
145,1.72437656548617e-05
145.01,1.71794024597344e-05
145.02,1.71159144492499e-05
145.03,1.70532949185592e-05
145.04,1.69915372707846e-05
145.05,1.693063501702e-05
145.06,1.68705817763303e-05
145.07,1.68113700607936e-05
145.08,1.67529941681854e-05
145.09,1.66954480110536e-05
145.1,1.66387254963178e-05
145.11,1.65828206282265e-05
145.12,1.65277275083541e-05
145.13,1.6473440335603e-05
145.14,1.64199529931238e-05
145.15,1.63672595266689e-05
145.16,1.63153546809201e-05
145.17,1.62642329465276e-05
145.18,1.62138889040281e-05
145.19,1.61643172238465e-05
145.2,1.61155126662933e-05
145.21,1.60674700377697e-05
145.22,1.60201835002705e-05
145.23,1.59736484955155e-05
145.24,1.59278600606704e-05
145.25,1.5882813316272e-05
145.26,1.58385034662299e-05
145.27,1.57949257978259e-05
145.28,1.57520756817142e-05
145.29,1.57099480651366e-05
145.3,1.56685383928566e-05
145.31,1.56278424226845e-05
145.32,1.55878557713412e-05
145.33,1.55485741323331e-05
145.34,1.55099932759534e-05
145.35,1.54721090492813e-05
145.36,1.54349171933644e-05
145.37,1.53984130526827e-05
145.38,1.53625931451485e-05
145.39,1.53274535572815e-05
145.4,1.52929904478443e-05
145.41,1.52592000478421e-05
145.42,1.52260786605231e-05
145.43,1.5193622661378e-05
145.44,1.51618284981407e-05
145.45,1.51306923516025e-05
145.46,1.51002104921464e-05
145.47,1.50703798708262e-05
145.48,1.50411971620439e-05
145.49,1.50126591083234e-05
145.5,1.49847625203102e-05
145.51,1.49575042767713e-05
145.52,1.49308813245957e-05
145.53,1.49048906787939e-05
145.54,1.48795285882769e-05
145.55,1.48547921702739e-05
145.56,1.48306788993541e-05
145.57,1.48071859630588e-05
145.58,1.47843106105323e-05
145.59,1.4762050152523e-05
145.6,1.47404019613823e-05
145.61,1.47193634710659e-05
145.62,1.46989321771325e-05
145.63,1.46791049407997e-05
145.64,1.46598796730023e-05
145.65,1.46412540762217e-05
145.66,1.46232258314247e-05
145.67,1.4605792677259e-05
145.68,1.45889524100532e-05
145.69,1.45727028838171e-05
145.7,1.4557042010241e-05
145.71,1.45419677137078e-05
145.72,1.45274775218595e-05
145.73,1.45135698278873e-05
145.74,1.45002427336002e-05
145.75,1.44874943957383e-05
145.76,1.44753230259733e-05
145.77,1.44637268909087e-05
145.78,1.44527043120792e-05
145.79,1.44422536659515e-05
145.8,1.44323732206618e-05
145.81,1.44230611169552e-05
145.82,1.44143161470567e-05
145.83,1.4406136863705e-05
145.84,1.43985218716711e-05
145.85,1.43914698277576e-05
145.86,1.43849794407996e-05
145.87,1.43790494716636e-05
145.88,1.43736787332486e-05
145.89,1.43688659341623e-05
145.9,1.43646098869491e-05
145.91,1.43609096289084e-05
145.92,1.43577641366738e-05
145.93,1.43551724335111e-05
145.94,1.43531335890395e-05
145.95,1.43516467189536e-05
145.96,1.43507109847443e-05
145.97,1.4350325593421e-05
145.98,1.43504897972326e-05
145.99,1.43512028933894e-05
146,1.43524644227517e-05
146.01,1.43542736925854e-05
146.02,1.43566301222036e-05
146.03,1.4359533205191e-05
146.04,1.43629824805519e-05
146.05,1.43669775325082e-05
146.06,1.43715179902975e-05
146.07,1.43766035279711e-05
146.08,1.43822338641919e-05
146.09,1.43884087620325e-05
146.1,1.43951280739457e-05
146.11,1.44023918824767e-05
146.12,1.44101999281832e-05
146.13,1.44185521725644e-05
146.14,1.44274486227855e-05
146.15,1.4436889331572e-05
146.16,1.44468743971041e-05
146.17,1.44574039629108e-05
146.18,1.44684782177645e-05
146.19,1.44800973955749e-05
146.2,1.44922617752839e-05
146.21,1.45049716998837e-05
146.22,1.45182275498806e-05
146.23,1.45320297257493e-05
146.24,1.45463786887874e-05
146.25,1.45612749451167e-05
146.26,1.4576719045591e-05
146.27,1.45927115857037e-05
146.28,1.46092532054961e-05
146.29,1.46263445894644e-05
146.3,1.46439864664681e-05
146.31,1.46621796096376e-05
146.32,1.46809251977464e-05
146.33,1.47002239684399e-05
146.34,1.47200767947929e-05
146.35,1.47404846626371e-05
146.36,1.47614486051211e-05
146.37,1.47829697027632e-05
146.38,1.48050490835045e-05
146.39,1.48276879227613e-05
146.4,1.48508874434784e-05
146.41,1.48746489161815e-05
146.42,1.48989736751738e-05
146.43,1.49238631935997e-05
146.44,1.49493188147933e-05
146.45,1.49753420101108e-05
146.46,1.5001934299747e-05
146.47,1.50290972528302e-05
146.48,1.50568324875174e-05
146.49,1.50851416710892e-05
146.5,1.51140265200454e-05
146.51,1.51434888001999e-05
146.52,1.51735303267755e-05
146.53,1.5204152942749e-05
146.54,1.52353585454239e-05
146.55,1.52671491157114e-05
146.56,1.5299526663422e-05
146.57,1.53324932478587e-05
146.58,1.53660509778974e-05
146.59,1.54002020120643e-05
146.6,1.54349485586156e-05
146.61,1.5470292875615e-05
146.62,1.55062372710135e-05
146.63,1.55427841027275e-05
146.64,1.55799362860646e-05
146.65,1.56176960916955e-05
146.66,1.56560659434575e-05
146.67,1.56950484345201e-05
146.68,1.57346462111591e-05
146.69,1.57748619729284e-05
146.7,1.58156984728344e-05
146.71,1.58571585175077e-05
146.72,1.58992449673768e-05
146.73,1.59419607368405e-05
146.74,1.59853087944404e-05
146.75,1.60292921630351e-05
146.76,1.6073913919972e-05
146.77,1.61191777809874e-05
146.78,1.6165086982201e-05
146.79,1.62116444869413e-05
146.8,1.62588536449475e-05
146.81,1.63067178655309e-05
146.82,1.63552406178921e-05
146.83,1.64044254314413e-05
146.84,1.64542758961154e-05
146.85,1.65047956626973e-05
146.86,1.65559884431332e-05
146.87,1.66078580108526e-05
146.88,1.66604082010859e-05
146.89,1.67136429111832e-05
146.9,1.67675662500984e-05
146.91,1.68221823801195e-05
146.92,1.68774952286911e-05
146.93,1.69335089644991e-05
146.94,1.69902278215275e-05
146.95,1.70476560994341e-05
146.96,1.7105798163923e-05
146.97,1.71646584471186e-05
146.98,1.72242414479392e-05
146.99,1.72845517324695e-05
147,1.73455939343364e-05
147.01,1.74073727550808e-05
147.02,1.74698929645321e-05
147.03,1.75331595523652e-05
147.04,1.75971778992072e-05
147.05,1.76619525949785e-05
147.06,1.77274887225377e-05
147.07,1.77937914378386e-05
147.08,1.78608659704094e-05
147.09,1.79287176238271e-05
147.1,1.79973517761951e-05
147.11,1.80667738806176e-05
147.12,1.8136989465679e-05
147.13,1.8208004135918e-05
147.14,1.82798235723049e-05
147.15,1.8352453532718e-05
147.16,1.84258999158948e-05
147.17,1.85001700027193e-05
147.18,1.85752688227563e-05
147.19,1.86512025186547e-05
147.2,1.87279773182923e-05
147.21,1.88055995354593e-05
147.22,1.88840755705445e-05
147.23,1.89634119112207e-05
147.24,1.90436151331283e-05
147.25,1.91246919005634e-05
147.26,1.92066489671615e-05
147.27,1.9289493176583e-05
147.28,1.93732314631987e-05
147.29,1.94578708527753e-05
147.3,1.95434191781071e-05
147.31,1.96298832916466e-05
147.32,1.97172704428892e-05
147.33,1.98055880742342e-05
147.34,1.98948437263995e-05
147.35,1.99850450392279e-05
147.36,2.00761997524894e-05
147.37,2.01683157066899e-05
147.38,2.02614008438736e-05
147.39,2.03554632084285e-05
147.4,2.04505109478916e-05
147.41,2.05465523137538e-05
147.42,2.06435956622647e-05
147.43,2.07416500230393e-05
147.44,2.08407238883802e-05
147.45,2.09408257474688e-05
147.46,2.10419644288778e-05
147.47,2.11441488735717e-05
147.48,2.12473881358365e-05
147.49,2.13516913842065e-05
147.5,2.14570679023972e-05
147.51,2.15635270902318e-05
147.52,2.1671078464571e-05
147.53,2.17797316602426e-05
147.54,2.18894964309699e-05
147.55,2.20003826503016e-05
147.56,2.21124015134061e-05
147.57,2.22255636972729e-05
147.58,2.23398784893765e-05
147.59,2.24553563642848e-05
147.6,2.25720079294192e-05
147.61,2.26898439262505e-05
147.62,2.28088752315015e-05
147.63,2.29291128583432e-05
147.64,2.30505679575941e-05
147.65,2.31732518189187e-05
147.66,2.32971758720263e-05
147.67,2.34223516878699e-05
147.68,2.35487909798451e-05
147.69,2.36765056049866e-05
147.7,2.38055081673418e-05
147.71,2.39358132695372e-05
147.72,2.40674311897313e-05
147.73,2.42003745183917e-05
147.74,2.43346560067064e-05
147.75,2.4470288568147e-05
147.76,2.4607285280024e-05
147.77,2.47456593850472e-05
147.78,2.48854242928834e-05
147.79,2.50265935817158e-05
147.8,2.51691809998025e-05
147.81,2.53132004670361e-05
147.82,2.54586660764989e-05
147.83,2.56055920960271e-05
147.84,2.57539929697655e-05
147.85,2.59038855616038e-05
147.86,2.60552833964624e-05
147.87,2.62082013289757e-05
147.88,2.63626546375583e-05
147.89,2.65186587930503e-05
147.9,2.66762294605395e-05
147.91,2.68353825011846e-05
147.92,2.69961339740382e-05
147.93,2.71585001378709e-05
147.94,2.73224974529899e-05
147.95,2.74881425830679e-05
147.96,2.76554523969626e-05
147.97,2.78244439705398e-05
147.98,2.79951345884981e-05
147.99,2.81675440382076e-05
148,2.83416902358896e-05
148.01,2.85175898996366e-05
148.02,2.86952613464443e-05
148.03,2.88747231245282e-05
148.04,2.90559940155721e-05
148.05,2.92390930369762e-05
148.06,2.94240394441073e-05
148.07,2.96108527325425e-05
148.08,2.9799552640324e-05
148.09,2.99901591502037e-05
148.1,3.01826924918935e-05
148.11,3.03771731443092e-05
148.12,3.0573621837826e-05
148.13,3.07720618252159e-05
148.14,3.09725191578934e-05
148.15,3.11750108786398e-05
148.16,3.1379559114683e-05
148.17,3.15861862836606e-05
148.18,3.17949150967664e-05
148.19,3.20057685618916e-05
148.2,3.22187699867769e-05
148.21,3.24339429821534e-05
148.22,3.26513114648893e-05
148.23,3.28708996611368e-05
148.24,3.3092732109472e-05
148.25,3.33168336640487e-05
148.26,3.3543229497738e-05
148.27,3.37719451052757e-05
148.28,3.40030100253017e-05
148.29,3.42364478217816e-05
148.3,3.44722850929482e-05
148.31,3.47105488213558e-05
148.32,3.49512663394888e-05
148.33,3.5194465333306e-05
148.34,3.54401738457714e-05
148.35,3.56884202803928e-05
148.36,3.59392334047528e-05
148.37,3.61926423540529e-05
148.38,3.64486766346446e-05
148.39,3.67073661275662e-05
148.4,3.696874109208e-05
148.41,3.72328321692073e-05
148.42,3.74996769841404e-05
148.43,3.77693057586278e-05
148.44,3.80417481052765e-05
148.45,3.83170366676674e-05
148.46,3.85952045213793e-05
148.47,3.8876285178567e-05
148.48,3.91603125925401e-05
148.49,3.94473211623327e-05
148.5,3.97373457372901e-05
148.51,4.00304216216392e-05
148.52,4.03265845790665e-05
148.53,4.06258708372953e-05
148.54,4.09283170926617e-05
148.55,4.1233960514692e-05
148.56,4.15428432281883e-05
148.57,4.18550089965975e-05
148.58,4.21704912227427e-05
148.59,4.24893298412548e-05
148.6,4.28115653574496e-05
148.61,4.31372388547886e-05
148.62,4.34663920023597e-05
148.63,4.37990670623395e-05
148.64,4.41353068974635e-05
148.65,4.44751549784962e-05
148.66,4.48186553916998e-05
148.67,4.51658528463036e-05
148.68,4.55167918148675e-05
148.69,4.58715183481427e-05
148.7,4.62300793284925e-05
148.71,4.65925219433931e-05
148.72,4.69588940327786e-05
148.73,4.73292440962102e-05
148.74,4.77036213000368e-05
148.75,4.80820754845754e-05
148.76,4.84646571712708e-05
148.77,4.88514175698658e-05
148.78,4.92424085855695e-05
148.79,4.96376828262255e-05
148.8,5.00372972215975e-05
148.81,5.04413035825265e-05
148.82,5.08497568257142e-05
148.83,5.12627126914848e-05
148.84,5.16802276805795e-05
148.85,5.21023590621611e-05
148.86,5.25291648818046e-05
148.87,5.29607039695109e-05
148.88,5.33970359476972e-05
148.89,5.38382212391995e-05
148.9,5.42843210752719e-05
148.91,5.47354021815952e-05
148.92,5.51915401596342e-05
148.93,5.56527903560878e-05
148.94,5.61192191589209e-05
148.95,5.6590894003941e-05
148.96,5.70678833920081e-05
148.97,5.75502569062589e-05
148.98,5.80380852293299e-05
148.99,5.85314401605677e-05
149,5.90303946332664e-05
149.01,5.95350205685398e-05
149.02,6.00453926354483e-05
149.03,6.05615881156081e-05
149.04,6.10836842731209e-05
149.05,6.16117595520933e-05
149.06,6.21458935920365e-05
149.07,6.26861672432508e-05
149.08,6.32326625822409e-05
149.09,6.37854629271001e-05
149.1,6.43446528529138e-05
149.11,6.49103040203394e-05
149.12,6.54825100995878e-05
149.13,6.60613591351542e-05
149.14,6.66469393322861e-05
149.15,6.72393400685064e-05
149.16,6.7838651901751e-05
149.17,6.84449665785051e-05
149.18,6.90583770419441e-05
149.19,6.96789774400563e-05
149.2,7.03068684059992e-05
149.21,7.09421654424935e-05
149.22,7.15849572553283e-05
149.23,7.22353467037343e-05
149.24,7.28934384002755e-05
149.25,7.35593387477628e-05
149.26,7.42331559761304e-05
149.27,7.4915000179331e-05
149.28,7.56049870056046e-05
149.29,7.63032328734298e-05
149.3,7.70098522718162e-05
149.31,7.77249642762331e-05
149.32,7.84486901615467e-05
149.33,7.91811534473436e-05
149.34,7.99224799432127e-05
149.35,8.06727977940532e-05
149.36,8.14322025395349e-05
149.37,8.22008335209698e-05
149.38,8.29788258622021e-05
149.39,8.37663106974608e-05
149.4,8.45634208693352e-05
149.41,8.53702909287755e-05
149.42,8.61870571350923e-05
149.43,8.70138744725602e-05
149.44,8.78508755463744e-05
149.45,8.86982031074997e-05
149.46,8.95560024555184e-05
149.47,9.04244207712962e-05
149.48,9.13036071169874e-05
149.49,9.21937160983622e-05
149.5,9.30949542865425e-05
149.51,9.40074500037795e-05
149.52,9.49313665325731e-05
149.53,9.58668695998717e-05
149.54,9.68141273770732e-05
149.55,9.7773310480024e-05
149.56,9.87445964629628e-05
149.57,9.97281811996589e-05
149.58,0.000100724232235614
149.59,0.000101732933037153
149.6,0.000102754469770791
149.61,0.000103789031303207
149.62,0.000104836809201283
149.63,0.000105898008658839
149.64,0.000106972849925466
149.65,0.000108061520039493
149.66,0.000109164225885619
149.67,0.000110281177420754
149.68,0.000111412587674028
149.69,0.000112558672746763
149.7,0.000113719655810864
149.71,0.000114895763327428
149.72,0.000116087218074941
149.73,0.000117294249613795
149.74,0.00011851709067196
149.75,0.000119755977145021
149.76,0.000121011148096154
149.77,0.000122282878600028
149.78,0.000123571428588116
149.79,0.000124877035510968
149.8,0.000126199958472035
149.81,0.00012754046033696
149.82,0.000128898807733545
149.83,0.000130275271051798
149.84,0.000131670198133773
149.85,0.000133083868258922
149.86,0.000134516551023248
149.87,0.000135968543998896
149.88,0.000137440149452974
149.89,0.000138931674347559
149.9,0.000140443430339699
149.91,0.000141975749919217
149.92,0.000143528965608667
149.93,0.000145103394824297
149.94,0.000146699371800625
149.95,0.000148317235763615
149.96,0.000149957330930645
149.97,0.000151620006510513
149.98,0.000153305633458982
149.99,0.000155014608872197
150,0.00015674727513229
150.01,0.000158504008028919
150.02,0.000160285188867649
150.03,0.000162091204469945
150.04,0.000163922447173177
150.05,0.00016577932845168
150.06,0.00016766237344978
150.07,0.000169571927402978
150.08,0.00017150841948968
150.09,0.000173472285594441
150.1,0.000175463968307989
150.11,0.000177483916927178
150.12,0.000179532587455056
150.13,0.00018161056411857
150.14,0.000183718268393558
150.15,0.00018585618212113
150.16,0.000188024803067738
150.17,0.000190224636836194
150.18,0.00019245619686568
150.19,0.000194720004431696
150.2,0.000197016669576222
150.21,0.000199346728180848
150.22,0.000201710713070295
150.23,0.000204109189930653
150.24,0.000206542733287768
150.25,0.000209011926507318
150.26,0.00021151736179476
150.27,0.000214059715827893
150.28,0.000216639647729125
150.29,0.000219257739509008
150.3,0.000221914636064939
150.31,0.000224610992485825
150.32,0.000227347474052018
150.33,0.000230124756235413
150.34,0.000232943581975651
150.35,0.000235804767785105
150.36,0.000238708949693671
150.37,0.000241656865633634
150.38,0.000244649265447064
150.39,0.000247686910885827
150.4,0.000250770575611587
150.41,0.00025390106953988
150.42,0.000257079382686009
150.43,0.00026030622335479
150.44,0.00026358243666087
150.45,0.000266908881544887
150.46,0.000270286430773403
150.47,0.000273715970938915
150.48,0.000277198402459882
150.49,0.000280734831375329
150.5,0.000284326126612544
150.51,0.000287973250752257
150.52,0.000291677193221116
150.53,0.000295438960238375
150.54,0.000299259574815885
150.55,0.000303140206383222
150.56,0.000307081862159701
150.57,0.000311085633452248
150.58,0.000315152631892554
150.59,0.000319283987784778
150.6,0.000323480853874006
150.61,0.000327744548338432
150.62,0.000332076196507684
150.63,0.000336477026449294
150.64,0.000340948287109409
150.65,0.000345491248312788
150.66,0.000350107214176518
150.67,0.000354797694848956
150.68,0.000359563942026552
150.69,0.000364407341276571
150.7,0.000369329302112078
150.71,0.00037433125799183
150.72,0.000379414690404762
150.73,0.000384581287485805
150.74,0.0003898324700781
150.75,0.00039516980314277
150.76,0.000400594878970262
150.77,0.000406109317180378
150.78,0.000411714799835726
150.79,0.0004174132037425
150.8,0.000423206147424796
150.81,0.00042909539727353
150.82,0.000435082750540434
150.83,0.000441170035338261
150.84,0.000447359154907167
150.85,0.000453652194582978
150.86,0.000460051018807265
150.87,0.000466557637180586
150.88,0.000473174099781185
150.89,0.000479902497837658
150.9,0.00048674496440159
150.91,0.000493703709498669
150.92,0.000500780975018463
150.93,0.00050797901617736
150.94,0.000515300154043174
150.95,0.000522746756940044
150.96,0.000530321241251182
150.97,0.000538026072221821
150.98,0.000545863828251388
150.99,0.000553837060229724
151,0.000561948393065507
151.01,0.000570200510817822
151.02,0.000578596152630487
151.03,0.000587138113671042
151.04,0.000595829258551543
151.05,0.000604672545606095
151.06,0.000613670926036903
151.07,0.000622827440958997
151.08,0.000632145194098508
151.09,0.000641627352853017
151.1,0.000651277149352219
151.11,0.000661097923421935
151.12,0.000671093065523596
151.13,0.00068126600036435
151.14,0.000691620246164414
151.15,0.000702159393624465
151.16,0.000712887107139969
151.17,0.000723807126015517
151.18,0.000734923361069552
151.19,0.000746239681047658
151.2,0.000757760070544452
151.21,0.000769488603280366
151.22,0.000781429437212092
151.23,0.000793586815947426
151.24,0.000805965093083561
151.25,0.000818568769345434
151.26,0.000831402324007575
151.27,0.000844470378991439
151.28,0.000857777652213342
151.29,0.000871328959209119
151.3,0.000885129214758769
151.31,0.000899183495968765
151.32,0.000913496955191565
151.33,0.000928074804292651
151.34,0.000942922394921971
151.35,0.000958045189585887
151.36,0.000973448763490658
151.37,0.000989138806386788
151.38,0.00100512125123414
151.39,0.00102140198756396
151.4,0.00103798707859088
151.41,0.00105488272025033
151.42,0.00107209523648896
151.43,0.00108963108136991
151.44,0.00110749687417845
151.45,0.00112569944376176
151.46,0.00114424560774856
151.47,0.00116314239105121
151.48,0.0011823969636675
151.49,0.00120201664307025
151.5,0.00122200889659806
151.51,0.00124238142524234
151.52,0.00126314204418174
151.53,0.00128429867258096
151.54,0.00130585943165731
151.55,0.0013278326089412
151.56,0.00135022666094864
151.57,0.00137305021585303
151.58,0.00139631226729366
151.59,0.0014200217380247
151.6,0.00144418781715106
151.61,0.00146881989000203
151.62,0.00149392753321232
151.63,0.00151952051778012
151.64,0.00154560884646027
151.65,0.0015722027921587
151.66,0.00159931268953906
151.67,0.00162694914655983
151.68,0.00165512298521196
151.69,0.00168384524485724
151.7,0.00171312718556824
151.71,0.00174298043143144
151.72,0.00177341675717955
151.73,0.00180444808694644
151.74,0.00183608664819223
151.75,0.00186834491331331
151.76,0.00190123560345292
151.77,0.00193477169231243
151.78,0.00196896649655062
151.79,0.00200383347884188
151.8,0.00203938640770541
151.81,0.00207563932469419
151.82,0.00211260654577092
151.83,0.00215030266529212
151.84,0.00218874263583459
151.85,0.00222794183304257
151.86,0.00226791563335398
151.87,0.00230867984521724
151.88,0.00235025058455976
151.89,0.00239264427935814
151.9,0.00243587767420813
151.91,0.00247996794976352
151.92,0.00252493254383072
151.93,0.00257078916556036
151.94,0.00261755591267702
151.95,0.00266525122839666
151.96,0.0027138939063728
151.97,0.00276350309564399
151.98,0.00281409846093482
151.99,0.00286569982416393
152,0.00291832745707771
152.01,0.00297200201413988
152.02,0.00302674453486261
152.03,0.00308257644905608
152.04,0.00313951964153327
152.05,0.00319759649282208
152.06,0.00325682957936727
152.07,0.0033172419899675
152.08,0.0033788572368061
152.09,0.00344169926113651
152.1,0.00350579243896982
152.11,0.00357116177406963
152.12,0.00363783259568763
152.13,0.00370583060081282
152.14,0.0037751820265254
152.15,0.00384591358266875
152.16,0.0039180524581354
152.17,0.00399162632715303
152.18,0.00406666357689775
152.19,0.00414319282015156
152.2,0.00422124328323314
152.21,0.00430084471556842
152.22,0.00438202739519284
152.23,0.00446482218900429
152.24,0.00454926052915589
152.25,0.0046353743138415
152.26,0.00472319604677991
152.27,0.00481275880294242
152.28,0.00490409623619994
152.29,0.00499724282201872
152.3,0.00509223335948465
152.31,0.00518910334210801
152.32,0.00528788889597787
152.33,0.00538862677775226
152.34,0.00549135449988867
152.35,0.00559611031559584
152.36,0.00570293289535943
152.37,0.00581186170348394
152.38,0.00592293689534804
152.39,0.00603619932730999
152.4,0.00615169088710853
152.41,0.00626945384252025
152.42,0.00638953128264893
152.43,0.00651196708333086
152.44,0.00663680589051849
152.45,0.00676409329841904
152.46,0.00689387590689488
152.47,0.00702620067797325
152.48,0.00716111561445771
152.49,0.00729866957468809
152.5,0.00743891228600867
152.51,0.00758189489671946
152.52,0.00772766893145799
152.53,0.00787628690975277
152.54,0.00802780237897337
152.55,0.00818226985821964
152.56,0.00833974503012292
152.57,0.0085002849165828
152.58,0.0086639469548505
152.59,0.00883078991266653
152.6,0.00900087364537727
152.61,0.00917425911462375
152.62,0.00935100899410804
152.63,0.00953118659969871
152.64,0.00971485642101363
152.65,0.00990208427686766
152.66,0.0100929372274709
152.67,0.010287483748824
152.68,0.0104857940265413
152.69,0.010687938861292
152.7,0.0108939907065212
152.71,0.0111040234031739
152.72,0.011318112204221
152.73,0.0115363342143424
152.74,0.0117587677947484
152.75,0.0119854927319051
152.76,0.0122165904719001
152.77,0.0124521439982753
152.78,0.0126922377835883
152.79,0.0129369581413802
152.8,0.0131863929715235
152.81,0.0134406318657612
152.82,0.0136997659807521
152.83,0.0139638883549003
152.84,0.01423309376102
152.85,0.0145074787466249
152.86,0.0147871417063424
152.87,0.0150721828979136
152.88,0.0153627043947618
152.89,0.0156588101934493
152.9,0.0159606062000024
152.91,0.0162681998059469
152.92,0.0165817008896128
152.93,0.0169012211069987
152.94,0.0172268741023528
152.95,0.0175587751010131
152.96,0.0178970414144548
152.97,0.0182417926450464
152.98,0.0185931502442386
152.99,0.018951237552152
153,0.0193161792787359
153.01,0.0196881029966512
153.02,0.0200671379551984
153.03,0.0204534154062925
153.04,0.0208470678485874
153.05,0.0212482302750966
153.06,0.0216570397102917
153.07,0.0220736349858331
153.08,0.0224981564965135
153.09,0.0229307459375845
153.1,0.0233715478779008
153.11,0.0238207082996992
153.12,0.0242783749931365
153.13,0.0247446961132473
153.14,0.0252198229704065
153.15,0.025703908130395
153.16,0.0261971057194615
153.17,0.0266995707760376
153.18,0.0272114596317488
153.19,0.0277329309123609
153.2,0.0282641442274208
153.21,0.0288052604062019
153.22,0.0293564400436328
153.23,0.0299178467524603
153.24,0.0304896445670289
153.25,0.0310719985557345
153.26,0.031665073888565
153.27,0.0322690363967148
153.28,0.0328840537316017
153.29,0.0335102937095615
153.3,0.0341479247440672
153.31,0.0347971138953027
153.32,0.0354580306058134
153.33,0.0361308439666415
153.34,0.0368157231772627
153.35,0.0375128369916284
153.36,0.0382223534469628
153.37,0.0389444416668535
153.38,0.0396792699499564
153.39,0.0404270061957633
153.4,0.0411878170043819
153.41,0.041961868738701
153.42,0.0427493269944589
153.43,0.0435503562512084
153.44,0.0443651196730652
153.45,0.0451937794636965
153.46,0.0460364963844994
153.47,0.0468934297367849
153.48,0.0477647372288994
153.49,0.0486505748531169
153.5,0.0495510967586058
153.51,0.0504664549826309
153.52,0.0513967996289569
153.53,0.0523422785279513
153.54,0.0533030370232177
153.55,0.0542792179172918
153.56,0.0552709615239512
153.57,0.0562784053303776
153.58,0.0573016838851282
153.59,0.0583409287488796
153.6,0.059396268308473
153.61,0.0604678277492768
153.62,0.0615557289594295
153.63,0.0626600901444334
153.64,0.0637810259326739
153.65,0.0649186475289146
153.66,0.0660730620060273
153.67,0.0672443724968421
153.68,0.0684326780729157
153.69,0.0696380741186921
153.7,0.0708606512476246
153.71,0.0721004958089189
153.72,0.0733576896764143
153.73,0.0746323108953656
153.74,0.0759244320447163
153.75,0.0772341212253382
153.76,0.0785614417373429
153.77,0.0799064528584695
153.78,0.0812692079068152
153.79,0.0826497554940362
153.8,0.0840481392120136
153.81,0.0854643984258716
153.82,0.0868985661925937
153.83,0.0883506706847061
153.84,0.089820734925105
153.85,0.0913087775163839
153.86,0.0928148105396915
153.87,0.0943388410729465
153.88,0.0958808710001612
153.89,0.097440897601008
153.9,0.0990189115674825
153.91,0.10061489852481
153.92,0.102228838938438
153.93,0.103860708509621
153.94,0.105510476419824
153.95,0.107178106776317
153.96,0.108863558643487
153.97,0.110566786219652
153.98,0.112287737342711
153.99,0.11402635484114
154,0.115782576733167
154.01,0.117556336113164
154.02,0.119347559906535
154.03,0.121156170185595
154.04,0.122982084277306
154.05,0.124825215067474
154.06,0.126685469238964
154.07,0.128562748919058
154.08,0.130456951586509
154.09,0.132367970722371
154.1,0.134295693793045
154.11,0.136240004006953
154.12,0.138200780091994
154.13,0.140177897159455
154.14,0.142171224663428
154.15,0.144180628104674
154.16,0.146205968750413
154.17,0.148247104611012
154.18,0.150303888480437
154.19,0.15237616953229
154.2,0.154463793019969
154.21,0.156566601247894
154.22,0.158684431845682
154.23,0.160817119163206
154.24,0.162964494029702
154.25,0.165126384447978
154.26,0.167302614556077
154.27,0.169493005429156
154.28,0.171697375074311
154.29,0.173915538873639
154.3,0.176147309051507
154.31,0.178392495064975
154.32,0.180650903750544
154.33,0.1829223396238
154.34,0.185206604631316
154.35,0.187503498322745
154.36,0.189812818072602
154.37,0.192134359224688
154.38,0.194467915093675
154.39,0.19681327703876
154.4,0.19917023465537
154.41,0.201538575757452
154.42,0.203918086548094
154.43,0.206308551831914
154.44,0.208709754975989
154.45,0.211121477905273
154.46,0.213543501225758
154.47,0.215975604673844
154.48,0.218417566858368
154.49,0.220869165426236
154.5,0.223330177135572
154.51,0.225800378097541
154.52,0.228279543744732
154.53,0.230767448988397
154.54,0.233263868366326
154.55,0.235768575977967
154.56,0.238281345717414
154.57,0.240801951208528
154.58,0.243330165298092
154.59,0.245865761681467
154.6,0.248408513797415
154.61,0.250958195070534
154.62,0.253514577156398
154.63,0.256077434185259
154.64,0.258646539672449
154.65,0.261221667397021
154.66,0.263802592750142
154.67,0.266389090666483
154.68,0.26898093664572
154.69,0.271577907063988
154.7,0.274179778505308
154.71,0.276786328195998
154.72,0.279397334887425
154.73,0.282012577922305
154.74,0.284631837275743
154.75,0.287254892673788
154.76,0.289881526498524
154.77,0.292511521514915
154.78,0.295144661543449
154.79,0.297780731252804
154.8,0.300419516721097
154.81,0.303060805135409
154.82,0.305704384912564
154.83,0.308350045627035
154.84,0.310997578221566
154.85,0.313646775068286
154.86,0.316297429914159
154.87,0.318949337610081
154.88,0.321602293997538
154.89,0.324256097231709
154.9,0.326910546621271
154.91,0.329565442932755
154.92,0.332220587664287
154.93,0.3348757848349
154.94,0.337530839668623
154.95,0.340185558970534
154.96,0.342839750979369
154.97,0.345493225645539
154.98,0.348145794619724
154.99,0.35079727117688
155,0.353447470145784
155.01,0.356096207779428
155.02,0.358743302478386
155.03,0.361388574192247
155.04,0.364031844611543
155.05,0.366672936276001
155.06,0.369311674381355
155.07,0.371947885591315
155.08,0.374581398267451
155.09,0.377212042283038
155.1,0.379839649219264
155.11,0.382464052629475
155.12,0.385085087687455
155.13,0.3877025913
155.14,0.390316402061705
155.15,0.392926360397484
155.16,0.395532308463006
155.17,0.398134090179741
155.18,0.400731550864431
155.19,0.403324537843982
155.2,0.405912900235348
155.21,0.408496488835146
155.22,0.411075155944115
155.23,0.413648755327631
155.24,0.416217143031931
155.25,0.418780176566845
155.26,0.421337715141884
155.27,0.423889619536237
155.28,0.42643575222752
155.29,0.428975977487208
155.3,0.431510161198625
155.31,0.434038170913247
155.32,0.436559875810831
155.33,0.439075146754837
155.34,0.441583856267407
155.35,0.444085878511868
155.36,0.446581089295721
155.37,0.44906936539974
155.38,0.451550585937199
155.39,0.454024631399673
155.4,0.45649138382824
155.41,0.458950726777984
155.42,0.461402544880965
155.43,0.46384672490865
155.44,0.466283154906765
155.45,0.468711724409976
155.46,0.471132324562561
155.47,0.47354484827006
155.48,0.475949189440684
155.49,0.478345243649653
155.5,0.48073290794089
155.51,0.483112080881766
155.52,0.485482662518049
155.53,0.487844554253383
155.54,0.4901976589778
155.55,0.492541881017346
155.56,0.494877124955849
155.57,0.497203297364728
155.58,0.49952030665837
155.59,0.501828062165567
155.6,0.504126474492005
155.61,0.506415456228029
155.62,0.508694921517492
155.63,0.510964784663627
155.64,0.513224961814399
155.65,0.515475370420789
155.66,0.517715928839735
155.67,0.519946555685268
155.68,0.522167172458046
155.69,0.524377701155054
155.7,0.526578064924997
155.71,0.5287681881328
155.72,0.530947997592821
155.73,0.533117419544219
155.74,0.535276382029683
155.75,0.537424814246199
155.76,0.539562646534993
155.77,0.541689809669089
155.78,0.543806236241087
155.79,0.545911859785763
155.8,0.548006614827021
155.81,0.55009043693092
155.82,0.552163263446348
155.83,0.55422503236517
155.84,0.556275682408499
155.85,0.558315153597067
155.86,0.56034338700086
155.87,0.562360323998261
155.88,0.564365906697252
155.89,0.566360079296272
155.9,0.568342786373018
155.91,0.57031397340213
155.92,0.572273586976698
155.93,0.574221575174033
155.94,0.57615788594395
155.95,0.578082468535048
155.96,0.579995273075499
155.97,0.581896250622021
155.98,0.583785354042771
155.99,0.585662535847463
156,0.587527749896912
156.01,0.589380950937066
156.02,0.591222094592558
156.03,0.593051136381312
156.04,0.594868033660228
156.05,0.59667274440056
156.06,0.598465227268114
156.07,0.600245441702666
156.08,0.602013347933627
156.09,0.603768906926843
156.1,0.605512080376791
156.11,0.607242830715599
156.12,0.608961121092666
156.13,0.610666915720621
156.14,0.612360179625867
156.15,0.614040877999021
156.16,0.615708977008249
156.17,0.617364443527641
156.18,0.619007245128773
156.19,0.620637350059324
156.2,0.622254727265328
156.21,0.623859346358989
156.22,0.62545117761686
156.23,0.627030191971627
156.24,0.628596361103988
156.25,0.630149657317775
156.26,0.631690053465533
156.27,0.633217523083294
156.28,0.634732040332788
156.29,0.636233579996085
156.3,0.637722117484546
156.31,0.639197628787955
156.32,0.640660090502897
156.33,0.642109479815685
156.34,0.643545774494988
156.35,0.644968952911288
156.36,0.646378993988679
156.37,0.647775877201454
156.38,0.649159582588077
156.39,0.650530090735052
156.4,0.651887382808097
156.41,0.653231440654974
156.42,0.654562246426697
156.43,0.655879782895845
156.44,0.657184033359072
156.45,0.658474981630891
156.46,0.659752612219857
156.47,0.661016909994888
156.48,0.662267860316248
156.49,0.663505449087824
156.5,0.664729662713936
156.51,0.665940488121782
156.52,0.667137912771058
156.53,0.668321924509571
156.54,0.669492511711124
156.55,0.670649663226732
156.56,0.671793368379572
156.57,0.672923616959905
156.58,0.674040399266286
156.59,0.675143706039271
156.6,0.676233528429427
156.61,0.677309858063243
156.62,0.678372687011737
156.63,0.679422007785548
156.64,0.680457813330056
156.65,0.681480097216621
156.66,0.682488853234216
156.67,0.683484075613631
156.68,0.68446575904261
156.69,0.685433898626679
156.7,0.686388489884747
156.71,0.687329528758756
156.72,0.688257011916386
156.73,0.689170935961992
156.74,0.690071298088305
156.75,0.690958095889149
156.76,0.691831327355628
156.77,0.692690990872328
156.78,0.693537085286181
156.79,0.694369609960537
156.8,0.695188564361547
156.81,0.695993948466417
156.82,0.696785762635302
156.83,0.697564007608076
156.84,0.698328684501052
156.85,0.699079794872827
156.86,0.699817340635091
156.87,0.700541323995789
156.88,0.701251747572847
156.89,0.701948614348496
156.9,0.70263192766627
156.91,0.703301691228009
156.92,0.703957909180386
156.93,0.704600585931215
156.94,0.705229726242666
156.95,0.705845335244263
156.96,0.706447418412341
156.97,0.707035981567263
156.98,0.707611030876722
156.99,0.708172573061548
157,0.708720614859426
157.01,0.709255163473223
157.02,0.709776226440674
157.03,0.710283811631872
157.04,0.71077792724677
157.05,0.711258581812668
157.06,0.711725784314169
157.07,0.712179544006765
157.08,0.712619870341982
157.09,0.713046773174349
157.1,0.713460262678959
157.11,0.713860349349283
157.12,0.714247043995011
157.13,0.71462035775167
157.14,0.714980302234849
157.15,0.715326889109446
157.16,0.715660130457707
157.17,0.715980038671293
157.18,0.716286626449339
157.19,0.716579906796518
157.2,0.716859893021105
157.21,0.717126598825025
157.22,0.717380038158726
157.23,0.717620225206842
157.24,0.717847174500172
157.25,0.718060900867107
157.26,0.718261419431889
157.27,0.71844874561289
157.28,0.718622895134808
157.29,0.718783884127202
157.3,0.71893172882295
157.31,0.719066445821915
157.32,0.719188052012521
157.33,0.719296564570208
157.34,0.719392000955887
157.35,0.719474378914384
157.36,0.719543716522879
157.37,0.719600032104256
157.38,0.719643344236667
157.39,0.719673671799008
157.4,0.719691033948193
157.41,0.719695450117722
157.42,0.719686940016228
157.43,0.719665523638806
157.44,0.719631221320784
157.45,0.719584053551083
157.46,0.719524041139405
157.47,0.719451205165437
157.48,0.719365566977522
157.49,0.719267148191342
157.5,0.719155970688589
157.51,0.71903205670622
157.52,0.718895428665985
157.53,0.718746109225808
157.54,0.718584121339193
157.55,0.7184094882217
157.56,0.718222233349765
157.57,0.718022380459528
157.58,0.717809953545647
157.59,0.717584976925188
157.6,0.717347475096573
157.61,0.717097472821718
157.62,0.716834995130226
157.63,0.716560067305915
157.64,0.716272714885729
157.65,0.71597296365864
157.66,0.715660839664557
157.67,0.715336369208826
157.68,0.714999578824343
157.69,0.714650495298538
157.7,0.714289145666734
157.71,0.713915557210054
157.72,0.713529757454339
157.73,0.713131774169072
157.74,0.712721635368995
157.75,0.712299369388346
157.76,0.711865004682824
157.77,0.711418569997137
157.78,0.71096009431577
157.79,0.710489606861997
157.8,0.710007137096885
157.81,0.709512714718303
157.82,0.709006369674261
157.83,0.708488132223945
157.84,0.707958032725608
157.85,0.707416101829634
157.86,0.706862370420267
157.87,0.706296869614708
157.88,0.705719630762253
157.89,0.70513068544341
157.9,0.704530065462645
157.91,0.703917802841896
157.92,0.703293929859275
157.93,0.702658479007521
157.94,0.702011483005701
157.95,0.70135297479828
157.96,0.700682987554231
157.97,0.700001554666123
157.98,0.699308709732765
157.99,0.698604486566649
158,0.697888919238797
158.01,0.697162042020302
158.02,0.696423889400442
158.03,0.695674496085723
158.04,0.694913896998927
158.05,0.694142127278152
158.06,0.693359222344579
158.07,0.692565217812604
158.08,0.69176014942782
158.09,0.690944053199536
158.1,0.690116965349999
158.11,0.689278922313578
158.12,0.688429960735908
158.13,0.687570117473081
158.14,0.686699429617406
158.15,0.685817934527007
158.16,0.684925669639526
158.17,0.684022672660031
158.18,0.683108981501828
158.19,0.682184634285749
158.2,0.681249669339401
158.21,0.680304125196455
158.22,0.67934804059533
158.23,0.67838145426851
158.24,0.677404405468086
158.25,0.676416933518693
158.26,0.675419077944087
158.27,0.674410878466239
158.28,0.673392375004423
158.29,0.672363607674317
158.3,0.671324616787095
158.31,0.670275442772885
158.32,0.669216126335578
158.33,0.668146708374634
158.34,0.667067229959729
158.35,0.665977732349758
158.36,0.664878256991861
158.37,0.66376884552039
158.38,0.66264953975594
158.39,0.661520381884232
158.4,0.66038141424631
158.41,0.659232679117922
158.42,0.658074219108583
158.43,0.656906077015698
158.44,0.655728295823949
158.45,0.654540918704604
158.46,0.653343989014899
158.47,0.652137550319313
158.48,0.650921646426133
158.49,0.649696321203645
158.5,0.648461618760697
158.51,0.64721758339066
158.52,0.645964259570868
158.53,0.644701691962067
158.54,0.643429925407866
158.55,0.642149004934183
158.56,0.640858974857923
158.57,0.639559880981991
158.58,0.638251768780143
158.59,0.636934683875612
158.6,0.635608672056101
158.61,0.634273779272482
158.62,0.632930051637436
158.63,0.63157753542415
158.64,0.630216277382602
158.65,0.628846324104409
158.66,0.627467722295964
158.67,0.626080518922235
158.68,0.624684761109703
158.69,0.623280496145469
158.7,0.621867771476276
158.71,0.620446634707619
158.72,0.619017133921532
158.73,0.617579317352958
158.74,0.616133232881692
158.75,0.614678928840236
158.76,0.613216453727706
158.77,0.611745856209558
158.78,0.610267185117319
158.79,0.608780489448321
158.8,0.607285818313592
158.81,0.605783220794756
158.82,0.604272746479396
158.83,0.602754444967248
158.84,0.601228366013828
158.85,0.599694559529588
158.86,0.598153075579138
158.87,0.596603963926064
158.88,0.595047274290668
158.89,0.593483057538416
158.9,0.591911364189929
158.91,0.590332244907765
158.92,0.588745750496409
158.93,0.587151931894345
158.94,0.585550840097867
158.95,0.583942526378123
158.96,0.582327042093587
158.97,0.580704438743425
158.98,0.579074767967484
158.99,0.577438081546332
159,0.57579443223768
159.01,0.574143872042727
159.02,0.572486453138278
159.03,0.57082222802758
159.04,0.569151249368177
159.05,0.56747356997191
159.06,0.565789242536728
159.07,0.564098319902833
159.08,0.562400855485911
159.09,0.560696902624715
159.1,0.558986514804395
159.11,0.557269745656541
159.12,0.555546648615108
159.13,0.553817275367533
159.14,0.552081680988634
159.15,0.550339919332037
159.16,0.548592044365107
159.17,0.54683811016895
159.18,0.545078170938401
159.19,0.543312281206898
159.2,0.541540495352833
159.21,0.539762867917653
159.22,0.537979453590602
159.23,0.536190307177992
159.24,0.534395483603244
159.25,0.532595038600973
159.26,0.530789027831382
159.27,0.528977506302483
159.28,0.527160529610508
159.29,0.525338153486542
159.3,0.52351043379653
159.31,0.52167742632099
159.32,0.519839186265656
159.33,0.517995770323948
159.34,0.516147234734879
159.35,0.514293635857441
159.36,0.51243503017065
159.37,0.51057147427348
159.38,0.508703023008685
159.39,0.506829733794497
159.4,0.504951663462258
159.41,0.503068868794398
159.42,0.501181406668609
159.43,0.499289334057837
159.44,0.497392708153415
159.45,0.495491586215626
159.46,0.493586025450886
159.47,0.491676083249746
159.48,0.489761817101159
159.49,0.487843284592524
159.5,0.485920543505703
159.51,0.483993652432993
159.52,0.482062668890319
159.53,0.480127650981795
159.54,0.478188656920922
159.55,0.476245745030595
159.56,0.474298973743085
159.57,0.472348400819573
159.58,0.470394084892232
159.59,0.468436084786098
159.6,0.466474459215001
159.61,0.464509266989003
159.62,0.46254056701433
159.63,0.460568417769128
159.64,0.458592877300879
159.65,0.456614005312549
159.66,0.454631860857549
159.67,0.452646503064706
159.68,0.450657991138253
159.69,0.448666384357871
159.7,0.446671741980699
159.71,0.444674123475402
159.72,0.442673588337616
159.73,0.440670196134168
159.74,0.438664006506134
159.75,0.43665507916877
159.76,0.434643474644555
159.77,0.432629253179482
159.78,0.430612474460903
159.79,0.428593198682568
159.8,0.426571486127566
159.81,0.424547397168309
159.82,0.422520992266582
159.83,0.420492331640178
159.84,0.418461476058709
159.85,0.416428486223529
159.86,0.41439342290699
159.87,0.412356346966968
159.88,0.41031731934691
159.89,0.408276400149405
159.9,0.406233648346074
159.91,0.404189126226296
159.92,0.402142894647108
159.93,0.400095014514636
159.94,0.39804554678415
159.95,0.395994552459991
159.96,0.393942092932594
159.97,0.391888229343677
159.98,0.389833022793653
159.99,0.387776534550586
160,0.385718825937156
160.01,0.383659958330704
160.02,0.381599993263315
160.03,0.379538993936234
160.04,0.377477021085898
160.05,0.375414136533807
160.06,0.373350402175701
160.07,0.371285879981605
160.08,0.36922063199576
160.09,0.367154720072962
160.1,0.365088206093527
160.11,0.363021152496188
160.12,0.360953621535933
160.13,0.358885675534755
160.14,0.356817376881636
160.15,0.354748788032551
160.16,0.352679970006464
160.17,0.350610985465586
160.18,0.348541896986264
160.19,0.346472766933977
160.2,0.344403657707326
160.21,0.342334631765693
160.22,0.340265751653384
160.23,0.338197079840536
160.24,0.336128678878538
160.25,0.334060611353896
160.26,0.331992939888284
160.27,0.329925728712173
160.28,0.327859040571313
160.29,0.32579293822903
160.3,0.323727484843926
160.31,0.321662743647279
160.32,0.319598778087671
160.33,0.317535652053362
160.34,0.315473428812763
160.35,0.313412172009511
160.36,0.311351945372081
160.37,0.309292812713716
160.38,0.307234836139205
160.39,0.305178079407935
160.4,0.303122606606511
160.41,0.301068481409086
160.42,0.299015767529156
160.43,0.296964528406715
160.44,0.294914826449393
160.45,0.292866725980332
160.46,0.290820290560185
160.47,0.288775583757928
160.48,0.286732669150848
160.49,0.284691613082058
160.5,0.28265247976491
160.51,0.280615332670508
160.52,0.278580236190449
160.53,0.276547254799158
160.54,0.274516453268207
160.55,0.272487897453754
160.56,0.270461651645495
160.57,0.268437780907141
160.58,0.266416350411079
160.59,0.26439742543843
160.6,0.262381070329153
160.61,0.260367350022707
160.62,0.258356330049881
160.63,0.256348075643673
160.64,0.254342651933114
160.65,0.252340123344747
160.66,0.250340555446336
160.67,0.248344013408926
160.68,0.246350562424608
160.69,0.244360269234328
160.7,0.242373199598911
160.71,0.24038941895184
160.72,0.238408993203103
160.73,0.236431988893789
160.74,0.23445847428524
160.75,0.232488515184478
160.76,0.230522178582554
160.77,0.228559531646781
160.78,0.226600640784416
160.79,0.224645573341529
160.8,0.222694396869837
160.81,0.220747178889013
160.82,0.218803986535978
160.83,0.216864886080338
160.84,0.214929945694389
160.85,0.212999232899452
160.86,0.211072815289805
160.87,0.209150762118401
160.88,0.207233141203083
160.89,0.205320020653151
160.9,0.203411468900381
160.91,0.201507555558843
160.92,0.199608351627185
160.93,0.197713925620554
160.94,0.195824347413928
160.95,0.193939687121502
160.96,0.192060015095427
160.97,0.19018540192827
160.98,0.188315918451525
160.99,0.186451635621968
161,0.184592624162553
161.01,0.182738955623423
161.02,0.180890701539752
161.03,0.179047933655501
161.04,0.177210723919948
161.05,0.175379144482226
161.06,0.173553267698424
161.07,0.171733167877886
161.08,0.169918918080093
161.09,0.168110591861059
161.1,0.166308263583387
161.11,0.164512009722396
161.12,0.162721904893746
161.13,0.160938024947198
161.14,0.159160446099163
161.15,0.157389244973825
161.16,0.155624498712374
161.17,0.153866284845448
161.18,0.152114679966409
161.19,0.150369762135771
161.2,0.148631609719066
161.21,0.146900301389572
161.22,0.145175916980003
161.23,0.143458535701496
161.24,0.141748237507228
161.25,0.140045104495471
161.26,0.138349220216233
161.27,0.136660666181686
161.28,0.134979525617619
161.29,0.133305885054638
161.3,0.131639830422991
161.31,0.129981448248594
161.32,0.128330823759867
161.33,0.126688044181243
161.34,0.125053197774989
161.35,0.123426369714947
161.36,0.121807647067374
161.37,0.120197117790735
161.38,0.118594872754036
161.39,0.1170010019715
161.4,0.115415595309005
161.41,0.113838749754914
161.42,0.112270561145863
161.43,0.110711125009512
161.44,0.109160539728741
161.45,0.107618904948152
161.46,0.106086321598735
161.47,0.104562886081671
161.48,0.103048697475449
161.49,0.101543857702172
161.5,0.100048464709499
161.51,0.0985626176121019
161.52,0.0970864170831293
161.53,0.0956199688724426
161.54,0.0941633782584734
161.55,0.0927167488703307
161.56,0.0912801945539971
161.57,0.0898538296102067
161.58,0.0884377663779493
161.59,0.0870321209725166
161.6,0.0856370115160382
161.61,0.0842525566247847
161.62,0.0828788620277499
161.63,0.0815160457124219
161.64,0.0801642171955153
161.65,0.0788234841519858
161.66,0.0774939578563135
161.67,0.0761757665199053
161.68,0.0748690236548169
161.69,0.0735738562454383
161.7,0.0722903957973274
161.71,0.071018770831145
161.72,0.0697591001166738
161.73,0.068511516060242
161.74,0.0672761375846011
161.75,0.0660530795147669
161.76,0.0648424633528925
161.77,0.0636444082524784
161.78,0.062459029980401
161.79,0.0612864531334611
161.8,0.0601268060830176
161.81,0.0589802111571908
161.82,0.057846801509543
161.83,0.0567267068718434
161.84,0.0556200437620811
161.85,0.0545269186047095
161.86,0.0534474510674183
161.87,0.0523817465732019
161.88,0.0513299116591237
161.89,0.0502920521865709
161.9,0.0492682743782114
161.91,0.0482586775399037
161.92,0.0472633597288293
161.93,0.0462824172308015
161.94,0.0453159391612871
161.95,0.0443640068100764
161.96,0.0434267038106716
161.97,0.0425040957173078
161.98,0.041596252108682
161.99,0.0407032325424498
162,0.0398250883115556
162.01,0.0389618674739348
162.02,0.0381136055755331
162.03,0.0372803349401401
162.04,0.0364620778564045
162.05,0.0356588448834218
162.06,0.0348706432758045
162.07,0.0340974641907881
162.08,0.0333392937419271
162.09,0.0325961072790109
162.1,0.0318678669019368
162.11,0.0311545286785762
162.12,0.0304560350637956
162.13,0.0297723185867895
162.14,0.0291033011567226
162.15,0.0284488943071475
162.16,0.0278089976456483
162.17,0.0271835006785166
162.18,0.0265722824711309
162.19,0.0259752102729046
162.2,0.0253921439206977
162.21,0.0248229311576313
162.22,0.0242674104234093
162.23,0.0237254115396894
162.24,0.0231967541948137
162.25,0.022681250594286
162.26,0.0221787048066764
162.27,0.0216889123025004
162.28,0.0212116632064444
162.29,0.0207467395412312
162.3,0.0202939184078652
162.31,0.0198529731871209
162.32,0.0194236706774779
162.33,0.019005774412314
162.34,0.0185990445983364
162.35,0.0182032383977096
162.36,0.0178181112326094
162.37,0.0174434170462592
162.38,0.0170789085721202
162.39,0.0167243386095076
162.4,0.0163794602663692
162.41,0.0160440275951712
162.42,0.0157177951802801
162.43,0.0154005202373822
162.44,0.0150919624482882
162.45,0.0147918820613489
162.46,0.0145000443944956
162.47,0.0142162176135026
162.48,0.013940171808666
162.49,0.0136716828550644
162.5,0.0134105301785592
162.51,0.0131564963963611
162.52,0.0129093703478765
162.53,0.012668945067969
162.54,0.0124350168920433
162.55,0.0122073892316377
162.56,0.0119858697932636
162.57,0.0117702693651749
162.58,0.0115604062498856
162.59,0.0113561029508486
162.6,0.0111571853505501
162.61,0.0109634862616803
162.62,0.0107748428052481
162.63,0.0105910962080508
162.64,0.0104120935412151
162.65,0.0102376863801777
162.66,0.0100677305888024
162.67,0.00990208734345815
162.68,0.00974062215742475
162.69,0.00958320411736415
162.7,0.00942970769538364
162.71,0.00928001111123686
162.72,0.00913399558343642
162.73,0.00899154746075952
162.74,0.00885255648346535
162.75,0.00871691573353944
162.76,0.0085845220856884
162.77,0.00845527573707015
162.78,0.00832908133274727
162.79,0.00820584681731157
162.8,0.00808548290415035
162.81,0.00796790330019593
162.82,0.00785302373560422
162.83,0.00774076413156345
162.84,0.00763104663452079
162.85,0.00752379613632142
162.86,0.00741893984325393
162.87,0.00731640737360359
162.88,0.00721613129286506
162.89,0.00711804601434835
162.9,0.00702208808659271
162.91,0.00692819651930261
162.92,0.00683631251351879
162.93,0.00674637894478601
162.94,0.00665834075522271
162.95,0.00657214477441833
162.96,0.00648773955517737
162.97,0.00640507536363163
162.98,0.00632410416846092
162.99,0.0062447795159539
163,0.00616705634918729
163.01,0.00609089105891816
163.02,0.00601624175905648
163.03,0.00594306760807164
163.04,0.00587132900655074
163.05,0.00580098764672323
163.06,0.00573200711008878
163.07,0.00566435131315711
163.08,0.00559798554005952
163.09,0.0055328762862351
163.1,0.005468991325149
163.11,0.00540629904666655
163.12,0.00534476894638075
163.13,0.00528437152134093
163.14,0.00522507813679619
163.15,0.00516686095837777
163.16,0.00510969297915904
163.17,0.00505354823190273
163.18,0.00499840124756787
163.19,0.00494422733614665
163.2,0.00489100260328143
163.21,0.00483870425812362
163.22,0.00478730954741094
163.23,0.0047367965648536
163.24,0.00468714399410254
163.25,0.0046383316753689
163.26,0.00459033954937586
163.27,0.00454314810743998
163.28,0.00449673845589658
163.29,0.00445109231868619
163.3,0.00440619202817686
163.31,0.00436202016576949
163.32,0.00431855986894356
163.33,0.00427579471545508
163.34,0.00423370889279146
163.35,0.00419228677718827
163.36,0.00415151320784118
163.37,0.0041113733910478
163.38,0.00407185325502554
163.39,0.0040329390441725
163.4,0.00399461706638143
163.41,0.00395687413139825
163.42,0.0039196973956754
163.43,0.00388307439832379
163.44,0.00384699290946891
163.45,0.00381144102682062
163.46,0.00377640713258955
163.47,0.00374188019700414
163.48,0.00370784924261257
163.49,0.00367430354258623
163.5,0.00364123269050795
163.51,0.00360862648521801
163.52,0.00357647489903081
163.53,0.00354476825829532
163.54,0.00351349705082656
163.55,0.00348265196571381
163.56,0.00345222427865509
163.57,0.00342220503452121
163.58,0.00339258562004569
163.59,0.00336335761814136
163.6,0.00333451286183735
163.61,0.00330604336653839
163.62,0.00327794126459568
163.63,0.00325019889014163
163.64,0.00322280876243082
163.65,0.00319576368701161
163.66,0.003169056469708
163.67,0.00314268013273616
163.68,0.00311662785060608
163.69,0.00309089272531914
163.7,0.00306546811004356
163.71,0.00304034752397732
163.72,0.00301552453813111
163.73,0.00299099295932833
163.74,0.00296674703655156
163.75,0.0029427806140387
163.76,0.0029190878573249
163.77,0.00289566304986699
163.78,0.00287250046459634
163.79,0.00284959458974707
163.8,0.00282693999562587
163.81,0.00280453133276226
163.82,0.00278236333879162
163.83,0.00276043083414103
163.84,0.00273872871931555
163.85,0.0027172519688904
163.86,0.00269599562775986
163.87,0.00267495485973208
163.88,0.00265412483375453
163.89,0.00263350080091299
163.9,0.00261307806993359
163.91,0.00259285206736353
163.92,0.00257281827832898
163.93,0.00255297218084807
163.94,0.00253330933716271
163.95,0.00251382536455351
163.96,0.00249451596451426
163.97,0.00247537684293086
163.98,0.00245640376767952
163.99,0.00243759255052297
164,0.0024189390444407
164.01,0.00240043914156548
164.02,0.00238208877073907
164.03,0.00236388389492417
164.04,0.00234582052225821
164.05,0.00232789473370342
164.06,0.00231010258160565
164.07,0.0022924401712627
164.08,0.00227490363647149
164.09,0.00225748920753494
164.1,0.00224019308788928
164.11,0.00222301151225725
164.12,0.00220594075349946
164.13,0.00218897712520045
164.14,0.00217211698983228
164.15,0.00215535671217017
164.16,0.00213869269864376
164.17,0.00212212140031427
164.18,0.00210563929517154
164.19,0.00208924288929137
164.2,0.00207292872632581
164.21,0.00205669342499334
164.22,0.00204053359917513
164.23,0.00202444591561884
164.24,0.00200842709556459
164.25,0.00199247392530478
164.26,0.00197658320534754
164.27,0.00196075179733156
164.28,0.00194497664301255
164.29,0.00192925472856698
164.3,0.00191358309059283
164.31,0.00189795883538958
164.32,0.00188237916962163
164.33,0.00186684133426863
164.34,0.0018513426564199
164.35,0.00183588055316348
164.36,0.00182045254219685
164.37,0.00180505620152121
164.38,0.00178968921141986
164.39,0.00177434936827817
164.4,0.00175903456198223
164.41,0.00174374278345822
164.42,0.00172847214027135
164.43,0.00171322088276005
164.44,0.00169798735613748
164.45,0.00168277004242306
164.46,0.00166756755523864
164.47,0.00165237864409568
164.48,0.00163720220112699
164.49,0.00162203726380573
164.5,0.00160688300333871
164.51,0.00159173875092057
164.52,0.00157660399849578
164.53,0.00156147839283056
164.54,0.00154636170422972
164.55,0.00153125390847767
164.56,0.00151615513441144
164.57,0.00150106565897705
164.58,0.00148598590044497
164.59,0.00147091649027651
164.6,0.00145585821371606
164.61,0.0014408119634849
164.62,0.00142577882815349
164.63,0.00141076007691297
164.64,0.00139575712536328
164.65,0.00138077145026412
164.66,0.00136580478863712
164.67,0.00135085899366002
164.68,0.00133593604133444
164.69,0.00132103800325242
164.7,0.0013061671310743
164.71,0.00129132576274724
164.72,0.00127651632416633
164.73,0.00126174137552774
164.74,0.0012470035694295
164.75,0.00123230565753898
164.76,0.00121765046957156
164.77,0.00120304090064646
164.78,0.00118847990230277
164.79,0.00117397050853383
164.8,0.00115951577060785
164.81,0.00114511876453641
164.82,0.00113078261618136
164.83,0.00111651045840775
164.84,0.00110230543082764
164.85,0.00108817066965876
164.86,0.00107410929792492
164.87,0.00106012441683552
164.88,0.00104621909732462
164.89,0.00103239638604075
164.9,0.0010186592832275
164.91,0.00100501072870145
164.92,0.00099145361930092
164.93,0.000977990783106722
164.94,0.000964624970453219
164.95,0.00095135886480746
164.96,0.000938195060837992
164.97,0.000925136058773212
164.98,0.000912184284484993
164.99,0.000899342053403614
165,0.000886611572208816
165.01,0.00087399497650154
165.02,0.000861494272632493
165.03,0.000849111353179562
165.04,0.000836848030654395
165.05,0.000824705982772826
165.06,0.000812686772775078
165.07,0.0008007918793729
165.08,0.000789022642834067
165.09,0.000777380291119319
165.1,0.000765865961992494
165.11,0.000754480657328295
165.12,0.000743225269949321
165.13,0.000732100617748387
165.14,0.000721107376461828
165.15,0.000710246124120822
165.16,0.000699517349948294
165.17,0.000688921424927922
165.18,0.000678458623204715
165.19,0.000668129139404307
165.2,0.000657933055905639
165.21,0.000647870367670879
165.22,0.000637941002255646
165.23,0.000628144783430351
165.24,0.000618481459335492
165.25,0.000608950704142792
165.26,0.000599552112968214
165.27,0.000590285209929659
165.28,0.000581149448381964
165.29,0.000572144216306951
165.3,0.000563268837842533
165.31,0.000554522586605864
165.32,0.000545904671775656
165.33,0.000537414252588954
165.34,0.000529050443822218
165.35,0.000520812310657574
165.36,0.000512698877671746
165.37,0.000504709112537783
165.38,0.000496841957475506
165.39,0.000489096316293179
165.4,0.000481471057524303
165.41,0.000473965019532404
165.42,0.000466577012830335
165.43,0.000459305822732708
165.44,0.000452150212025732
165.45,0.000445108923597108
165.46,0.000438180678279316
165.47,0.000431364178651167
165.48,0.000424658118770483
165.49,0.000418061173509861
165.5,0.000411571999027065
165.51,0.000405189251977661
165.52,0.000398911576563956
165.53,0.000392737608611654
165.54,0.000386665981139999
165.55,0.000380695323426359
165.56,0.000374824263768019
165.57,0.000369051430767987
165.58,0.00036337545469579
165.59,0.000357794952389075
165.6,0.000352308558683839
165.61,0.000346914907635583
165.62,0.000341612628871464
165.63,0.000336400364282357
165.64,0.000331276759750442
165.65,0.000326240469533425
165.66,0.000321290155267529
165.67,0.000316424487437554
165.68,0.000311642142699008
165.69,0.000306941807009022
165.7,0.000302322180579532
165.71,0.000297781971912273
165.72,0.000293319898951281
165.73,0.000288934695188449
165.74,0.000284625103597443
165.75,0.000280389871762952
165.76,0.000276227767990149
165.77,0.000272137570414608
165.78,0.000268118073353295
165.79,0.000264168081829041
165.8,0.000260286416033281
165.81,0.000256471910769855
165.82,0.000252723415987075
165.83,0.000249039797177054
165.84,0.000245419925914306
165.85,0.000241862693100449
165.86,0.000238367006467891
165.87,0.000234931785838279
165.88,0.000231555961914606
165.89,0.000228238484354737
165.9,0.000224978315676705
165.91,0.000221774437625796
165.92,0.000218625844777743
165.93,0.000215531546583718
165.94,0.000212490567628199
165.95,0.000209501944407886
165.96,0.000206564733169699
165.97,0.000203678003924325
165.98,0.000200840833118104
165.99,0.000198052316381146
166,0.000195311563796988
166.01,0.000192617699488861
166.02,0.000189969865326625
166.03,0.000187367212308394
166.04,0.00018480890731009
166.05,0.000182294136572082
166.06,0.000179822097864361
166.07,0.000177392003859222
166.08,0.000175003078455062
166.09,0.000172654548864987
166.1,0.000170345666369476
166.11,0.000168075691116151
166.12,0.000165843903541533
166.13,0.000163649588390519
166.14,0.000161492045754068
166.15,0.000159370590055125
166.16,0.000157284546878004
166.17,0.000155233254976207
166.18,0.000153216062770943
166.19,0.000151232332552569
166.2,0.000149281438327679
166.21,0.00014736276543929
166.22,0.000145475710736786
166.23,0.000143619682434644
166.24,0.000141794100380328
166.25,0.000139998395788875
166.26,0.000138232010435359
166.27,0.000136494395089197
166.28,0.000134785007122247
166.29,0.000133103317703424
166.3,0.00013144880718441
166.31,0.000129820972915338
166.32,0.000128219315002213
166.33,0.000126643346426382
166.34,0.000125092585438698
166.35,0.000123566564962018
166.36,0.000122064827034063
166.37,0.000120586916307384
166.38,0.000119132386249791
166.39,0.000117700805746788
166.4,0.000116291748936215
166.41,0.000114904795390359
166.42,0.000113539537933108
166.43,0.00011219557655966
166.44,0.000110872516640418
166.45,0.000109569975149203
166.46,0.000108287576827057
166.47,0.000107024949704834
166.48,0.00010578172981558
166.49,0.000104557565101716
166.5,0.00010335210652321
166.51,0.000102165004523505
166.52,0.000100995928858988
166.53,9.98445520324353e-05
166.54,9.87105520344836e-05
166.55,9.75936130770165e-05
166.56,9.64934289254437e-05
166.57,9.54096992412705e-05
166.58,9.43421234341235e-05
166.59,9.32904106037825e-05
166.6,9.22542795082595e-05
166.61,9.12334533173378e-05
166.62,9.02276524186721e-05
166.63,8.92366118665699e-05
166.64,8.82600711976388e-05
166.65,8.72977745077133e-05
166.66,8.63494629016595e-05
166.67,8.54148936170394e-05
166.68,8.44938256886809e-05
166.69,8.35860220314354e-05
166.7,8.26912469801417e-05
166.71,8.18092759354686e-05
166.72,8.09398872212217e-05
166.73,8.00828604216137e-05
166.74,7.9237978590487e-05
166.75,7.84050350032043e-05
166.76,7.75838252635809e-05
166.77,7.67741456551886e-05
166.78,7.59757967093654e-05
166.79,7.51885876023434e-05
166.8,7.44123298571928e-05
166.81,7.36468351201973e-05
166.82,7.28919199722149e-05
166.83,7.21474082380225e-05
166.84,7.14131260826055e-05
166.85,7.06888989568906e-05
166.86,6.99745579777952e-05
166.87,6.92699403666117e-05
166.88,6.85748855490803e-05
166.89,6.7889232590024e-05
166.9,6.7212826359816e-05
166.91,6.65455163572795e-05
166.92,6.58871545290162e-05
166.93,6.52375906986794e-05
166.94,6.45966818863785e-05
166.95,6.39642888615112e-05
166.96,6.33402745038127e-05
166.97,6.27245010239848e-05
166.98,6.21168370154589e-05
166.99,6.15171537547226e-05
167,6.09253249619806e-05
167.01,6.03412228669899e-05
167.02,5.97647237888773e-05
167.03,5.91957097135472e-05
167.04,5.86340635526401e-05
167.05,5.80796685909108e-05
167.06,5.75324085623771e-05
167.07,5.69921745072223e-05
167.08,5.64588578115532e-05
167.09,5.59323515363021e-05
167.1,5.54125477585581e-05
167.11,5.48993455447301e-05
167.12,5.43926444157349e-05
167.13,5.38923460976849e-05
167.14,5.33983491349072e-05
167.15,5.29105604791076e-05
167.16,5.24288869851738e-05
167.17,5.19532374728813e-05
167.18,5.14835187715014e-05
167.19,5.10196426090675e-05
167.2,5.05615230727483e-05
167.21,5.01090752879819e-05
167.22,4.96622148883178e-05
167.23,4.92208587395278e-05
167.24,4.87849265756599e-05
167.25,4.83543389880115e-05
167.26,4.79290179724728e-05
167.27,4.75088874308637e-05
167.28,4.70938728851075e-05
167.29,4.66839003026319e-05
167.3,4.62788973999778e-05
167.31,4.58787931979574e-05
167.32,4.54835178367022e-05
167.33,4.50930024856179e-05
167.34,4.47071799200215e-05
167.35,4.43259838890062e-05
167.36,4.39493492569363e-05
167.37,4.35772120557078e-05
167.38,4.32095096081733e-05
167.39,4.28461798833575e-05
167.4,4.24871620075091e-05
167.41,4.21323960798703e-05
167.42,4.17818236120271e-05
167.43,4.1435389797095e-05
167.44,4.10930369867226e-05
167.45,4.0754710061868e-05
167.46,4.04203549512696e-05
167.47,4.00899184191816e-05
167.48,3.97633449123681e-05
167.49,3.944058402428e-05
167.5,3.91215845591661e-05
167.51,3.88062960734071e-05
167.52,3.84946688438408e-05
167.53,3.81866574449687e-05
167.54,3.78822129581053e-05
167.55,3.75812887363371e-05
167.56,3.72838390074777e-05
167.57,3.69898188083742e-05
167.58,3.66991826666893e-05
167.59,3.64118871738318e-05
167.6,3.6127889361746e-05
167.61,3.58471468073406e-05
167.62,3.55696177299816e-05
167.63,3.5295261271937e-05
167.64,3.50240369442023e-05
167.65,3.47559048382689e-05
167.66,3.44908256858417e-05
167.67,3.42287607846551e-05
167.68,3.39696734330841e-05
167.69,3.37135266305075e-05
167.7,3.34602834246689e-05
167.71,3.32099079254423e-05
167.72,3.29623648433384e-05
167.73,3.27176192924164e-05
167.74,3.24756364216594e-05
167.75,3.2236382822157e-05
167.76,3.19998252407722e-05
167.77,3.17659309293025e-05
167.78,3.15346676314912e-05
167.79,3.13060035128659e-05
167.8,3.10799072580974e-05
167.81,3.08563479973369e-05
167.82,3.06352952888725e-05
167.83,3.04167191139836e-05
167.84,3.02005905070286e-05
167.85,2.9986881509282e-05
167.86,2.97755631300973e-05
167.87,2.95666075011695e-05
167.88,2.93599872165085e-05
167.89,2.91556753271311e-05
167.9,2.89536438020473e-05
167.91,2.87538668773916e-05
167.92,2.85563185361224e-05
167.93,2.83609730820778e-05
167.94,2.81678051610696e-05
167.95,2.79767898827539e-05
167.96,2.77879026761433e-05
167.97,2.76011191392036e-05
167.98,2.74164152568921e-05
167.99,2.72337673131893e-05
168,2.70531520445697e-05
168.01,2.68745481527739e-05
168.02,2.66979323566488e-05
168.03,2.65232826045876e-05
168.04,2.63505771968325e-05
168.05,2.61797947830688e-05
168.06,2.60109142648601e-05
168.07,2.58439149463283e-05
168.08,2.5678776506068e-05
168.09,2.55154789247256e-05
168.1,2.53540025132822e-05
168.11,2.5194327910154e-05
168.12,2.50364334060709e-05
168.13,2.48803006660059e-05
168.14,2.47259107406525e-05
168.15,2.45732446892177e-05
168.16,2.44222837443701e-05
168.17,2.42730097094185e-05
168.18,2.41254073754246e-05
168.19,2.39794575783659e-05
168.2,2.38351430604097e-05
168.21,2.36924468380609e-05
168.22,2.35513522015679e-05
168.23,2.34118424017874e-05
168.24,2.32739006349598e-05
168.25,2.31375111389103e-05
168.26,2.30026580267419e-05
168.27,2.2869325637044e-05
168.28,2.27374985300432e-05
168.29,2.2607161155814e-05
168.3,2.2478298300213e-05
168.31,2.23508951703395e-05
168.32,2.22249370083945e-05
168.33,2.21004092313044e-05
168.34,2.19772974249204e-05
168.35,2.18555881035693e-05
168.36,2.17352671634569e-05
168.37,2.16163207917845e-05
168.38,2.14987354618039e-05
168.39,2.13824978306825e-05
168.4,2.12675947453488e-05
168.41,2.11540133647379e-05
168.42,2.10417408431027e-05
168.43,2.09307645838102e-05
168.44,2.08210721670737e-05
168.45,2.07126513476939e-05
168.46,2.06054899673666e-05
168.47,2.04995759040686e-05
168.48,2.03948975127252e-05
168.49,2.02914431653033e-05
168.5,2.01892013886364e-05
168.51,2.00881608616563e-05
168.52,1.99883104126209e-05
168.53,1.98896389925264e-05
168.54,1.97921356485498e-05
168.55,1.9695789669562e-05
168.56,1.96005904353427e-05
168.57,1.95065274585357e-05
168.58,1.94135903817147e-05
168.59,1.93217689744546e-05
168.6,1.92310532797474e-05
168.61,1.91414338393136e-05
168.62,1.90529005704202e-05
168.63,1.89654438479015e-05
168.64,1.88790541772468e-05
168.65,1.87937221927914e-05
168.66,1.87094386559091e-05
168.67,1.86261944380389e-05
168.68,1.85439804856457e-05
168.69,1.84627879563707e-05
168.7,1.83826080871205e-05
168.71,1.83034322306914e-05
168.72,1.82252518538311e-05
168.73,1.8148058535301e-05
168.74,1.80718439807765e-05
168.75,1.79966000721963e-05
168.76,1.79223186780038e-05
168.77,1.78489918241908e-05
168.78,1.77766116417699e-05
168.79,1.77051703650029e-05
168.8,1.76346603296285e-05
168.81,1.75650740028083e-05
168.82,1.74964041142476e-05
168.83,1.74286432132835e-05
168.84,1.73617840648773e-05
168.85,1.72958195325835e-05
168.86,1.72307425771478e-05
168.87,1.71665462551008e-05
168.88,1.71032237274366e-05
168.89,1.7040768316655e-05
168.9,1.69791733261363e-05
168.91,1.6918432197282e-05
168.92,1.6858538462563e-05
168.93,1.67994857442569e-05
168.94,1.67412677531886e-05
168.95,1.66838782954584e-05
168.96,1.66273113298701e-05
168.97,1.65715607817412e-05
168.98,1.65166207117098e-05
168.99,1.64624852635726e-05
169,1.64091486630654e-05
169.01,1.63566052166459e-05
169.02,1.63048493102762e-05
169.03,1.62538754082048e-05
169.04,1.62036780517484e-05
169.05,1.61542520165688e-05
169.06,1.61055920145868e-05
169.07,1.60576927646852e-05
169.08,1.60105491309016e-05
169.09,1.59641560511277e-05
169.1,1.59185085360241e-05
169.11,1.58736016679372e-05
169.12,1.58294305998124e-05
169.13,1.57859905541111e-05
169.14,1.57432768904738e-05
169.15,1.57012853210794e-05
169.16,1.56600110569787e-05
169.17,1.56194496317202e-05
169.18,1.55795966478156e-05
169.19,1.55404477758872e-05
169.2,1.55019987538125e-05
169.21,1.54642453858712e-05
169.22,1.5427183541891e-05
169.23,1.53908091563938e-05
169.24,1.53551183861445e-05
169.25,1.53201072837477e-05
169.26,1.52857719425879e-05
169.27,1.52521085713533e-05
169.28,1.52191134417302e-05
169.29,1.51867828876679e-05
169.3,1.51551133046439e-05
169.31,1.51241011489285e-05
169.32,1.50937429368509e-05
169.33,1.50640352860578e-05
169.34,1.50349749672546e-05
169.35,1.50065585867816e-05
169.36,1.49787829131714e-05
169.37,1.49516447734763e-05
169.38,1.49251410526341e-05
169.39,1.48992686928341e-05
169.4,1.48740246928831e-05
169.41,1.48494061075711e-05
169.42,1.48254100470374e-05
169.43,1.48020338398425e-05
169.44,1.4779274671186e-05
169.45,1.47571297962308e-05
169.46,1.47355965626092e-05
169.47,1.47146723725356e-05
169.48,1.46943546822828e-05
169.49,1.46746410016593e-05
169.5,1.46555288934849e-05
169.51,1.46370159730681e-05
169.52,1.46190999489852e-05
169.53,1.46017786294318e-05
169.54,1.45850497247495e-05
169.55,1.45689110697768e-05
169.56,1.45533605508549e-05
169.57,1.45383961053808e-05
169.58,1.45240157213606e-05
169.59,1.4510217436963e-05
169.6,1.44969993400724e-05
169.61,1.44843595678429e-05
169.62,1.447229656756e-05
169.63,1.4460808463039e-05
169.64,1.44498935165355e-05
169.65,1.44395500793513e-05
169.66,1.44297765517404e-05
169.67,1.4420571382537e-05
169.68,1.44119330687817e-05
169.69,1.4403860155349e-05
169.7,1.43963512345738e-05
169.71,1.43894049458791e-05
169.72,1.4383019975402e-05
169.73,1.43771951082564e-05
169.74,1.43719292756949e-05
169.75,1.43672211855147e-05
169.76,1.43630697223195e-05
169.77,1.43594738169683e-05
169.78,1.43564324462581e-05
169.79,1.43539446326054e-05
169.8,1.43520094437293e-05
169.81,1.43506259923333e-05
169.82,1.43497934357872e-05
169.83,1.43495109758102e-05
169.84,1.43497778581524e-05
169.85,1.43505937280359e-05
169.86,1.43519579125523e-05
169.87,1.4353869667481e-05
169.88,1.43563284498896e-05
169.89,1.43593337627349e-05
169.9,1.43628851546784e-05
169.91,1.43669822199019e-05
169.92,1.43716245979227e-05
169.93,1.43768119734098e-05
169.94,1.43825440759992e-05
169.95,1.43888206801093e-05
169.96,1.4395641627254e-05
169.97,1.44030071671318e-05
169.98,1.44109169521752e-05
169.99,1.44193709608696e-05
170,1.44283692180398e-05
170.01,1.44379117947633e-05
170.02,1.44479988082842e-05
170.03,1.44586304219273e-05
170.04,1.4469806845011e-05
170.05,1.4481528332762e-05
170.06,1.44937951862285e-05
170.07,1.45066077521939e-05
170.08,1.45199663107983e-05
170.09,1.45338712194076e-05
170.1,1.45483230522892e-05
170.11,1.45633223210207e-05
170.12,1.45788695809168e-05
170.13,1.45949654308816e-05
170.14,1.46116105132615e-05
170.15,1.46288055136974e-05
170.16,1.4646551160978e-05
170.17,1.46648482268919e-05
170.18,1.46836975260806e-05
170.19,1.47030999158909e-05
170.2,1.47230569784037e-05
170.21,1.47435693375894e-05
170.22,1.47646379448735e-05
170.23,1.47862638813191e-05
170.24,1.48084482747894e-05
170.25,1.48311922999872e-05
170.26,1.48544971784921e-05
170.27,1.48783641787984e-05
170.28,1.49027946163538e-05
170.29,1.4927789853597e-05
170.3,1.49533512999959e-05
170.31,1.49794805923644e-05
170.32,1.50061796753341e-05
170.33,1.50334497543062e-05
170.34,1.5061292474593e-05
170.35,1.50897095330609e-05
170.36,1.51187026783377e-05
170.37,1.51482737110218e-05
170.38,1.51784244838897e-05
170.39,1.52091569021048e-05
170.4,1.52404729234252e-05
170.41,1.52723745584122e-05
170.42,1.53048638706383e-05
170.43,1.53379422344543e-05
170.44,1.53716118873676e-05
170.45,1.54058752726342e-05
170.46,1.54407345944651e-05
170.47,1.54761921049767e-05
170.48,1.5512250104191e-05
170.49,1.55489109400349e-05
170.5,1.55861770083413e-05
170.51,1.56240507528483e-05
170.52,1.56625346651996e-05
170.53,1.57016317824245e-05
170.54,1.57413454737765e-05
170.55,1.57816776778281e-05
170.56,1.58226311621972e-05
170.57,1.58642087472678e-05
170.58,1.59064133061913e-05
170.59,1.59492477648854e-05
170.6,1.5992715102035e-05
170.61,1.60368183490907e-05
170.62,1.60815605902707e-05
170.63,1.61269449758931e-05
170.64,1.61729758597977e-05
170.65,1.62196557204898e-05
170.66,1.62669879148404e-05
170.67,1.63149758561064e-05
170.68,1.6363623013931e-05
170.69,1.64129329143423e-05
170.7,1.64629091397552e-05
170.71,1.65135553289702e-05
170.72,1.65648751771738e-05
170.73,1.66168724359386e-05
170.74,1.6669551528659e-05
170.75,1.67229162677931e-05
170.76,1.67769703773852e-05
170.77,1.68317178862688e-05
170.78,1.68871628825882e-05
170.79,1.69433095137985e-05
170.8,1.70001619866658e-05
170.81,1.70577245672677e-05
170.82,1.71160015809915e-05
170.83,1.71749974125362e-05
170.84,1.7234717003062e-05
170.85,1.72951656688787e-05
170.86,1.7356347255604e-05
170.87,1.74182664711185e-05
170.88,1.74809280875684e-05
170.89,1.75443369413648e-05
170.9,1.76084979331845e-05
170.91,1.76734160279694e-05
170.92,1.7739096254927e-05
170.93,1.78055437075305e-05
170.94,1.78727635570543e-05
170.95,1.79407633270968e-05
170.96,1.80095467981904e-05
170.97,1.80791194415127e-05
170.98,1.81494867995996e-05
170.99,1.82206544863437e-05
171,1.82926281869964e-05
171.01,1.83654136581668e-05
171.02,1.84390167278217e-05
171.03,1.85134432952857e-05
171.04,1.85886993312413e-05
171.05,1.866479273812e-05
171.06,1.87417293769222e-05
171.07,1.8819514755301e-05
171.08,1.88981552423912e-05
171.09,1.8977657284202e-05
171.1,1.90580274036187e-05
171.11,1.91392722004003e-05
171.12,1.92213983511822e-05
171.13,1.93044126094747e-05
171.14,1.93883218056634e-05
171.15,1.9473132847009e-05
171.16,1.95588527176474e-05
171.17,1.96454908024811e-05
171.18,1.97330557337561e-05
171.19,1.98215526042375e-05
171.2,1.99109889145472e-05
171.21,2.00013722524888e-05
171.22,2.0092710293048e-05
171.23,2.01850107983937e-05
171.24,2.02782816178753e-05
171.25,2.03725306880261e-05
171.26,2.04677660325613e-05
171.27,2.05639957623783e-05
171.28,2.0661228075557e-05
171.29,2.07594728620406e-05
171.3,2.08587428233045e-05
171.31,2.0959042629911e-05
171.32,2.10603810968659e-05
171.33,2.11627671397243e-05
171.34,2.1266209774588e-05
171.35,2.13707181181065e-05
171.36,2.14763013874753e-05
171.37,2.15829689004388e-05
171.38,2.16907300752883e-05
171.39,2.17995944308623e-05
171.4,2.19095715865468e-05
171.41,2.20206715621499e-05
171.42,2.21329112555927e-05
171.43,2.22462954634478e-05
171.44,2.23608344933294e-05
171.45,2.2476538767805e-05
171.46,2.25934188243927e-05
171.47,2.27114853155621e-05
171.48,2.28307490087345e-05
171.49,2.29512207862808e-05
171.5,2.3072911645525e-05
171.51,2.31958326987419e-05
171.52,2.33199951731575e-05
171.53,2.34454104109492e-05
171.54,2.3572098140903e-05
171.55,2.37000659851036e-05
171.56,2.38293246158112e-05
171.57,2.39598862319348e-05
171.58,2.40917631665584e-05
171.59,2.42249678869388e-05
171.6,2.43595129945066e-05
171.61,2.44954112248633e-05
171.62,2.4632675447786e-05
171.63,2.47713186672242e-05
171.64,2.49113540213004e-05
171.65,2.50527947823107e-05
171.66,2.5195659880635e-05
171.67,2.53399627657634e-05
171.68,2.54857146376578e-05
171.69,2.56329296655139e-05
171.7,2.57816221703249e-05
171.71,2.59318066248782e-05
171.72,2.60834976537561e-05
171.73,2.62367100333369e-05
171.74,2.63914586917909e-05
171.75,2.65477587090863e-05
171.76,2.67056253169853e-05
171.77,2.68650738990451e-05
171.78,2.70261262061966e-05
171.79,2.71888042725224e-05
171.8,2.73531176726257e-05
171.81,2.75190833353407e-05
171.82,2.76867183969555e-05
171.83,2.78560402012183e-05
171.84,2.80270662993333e-05
171.85,2.81998144499628e-05
171.86,2.83743026192231e-05
171.87,2.85505489806904e-05
171.88,2.87285715527363e-05
171.89,2.89083886518282e-05
171.9,2.90900193765229e-05
171.91,2.92734826809474e-05
171.92,2.94587977237693e-05
171.93,2.96459838681984e-05
171.94,2.98350606819818e-05
171.95,3.00260479374109e-05
171.96,3.02189656113167e-05
171.97,3.04138338850711e-05
171.98,3.06106776775875e-05
171.99,3.08095199634471e-05
172,3.10103784054146e-05
172.01,3.12132745625806e-05
172.02,3.14182302316049e-05
172.03,3.16252674467168e-05
172.04,3.18344084797153e-05
172.05,3.20456758399686e-05
172.06,3.22590922744161e-05
172.07,3.24746807675628e-05
172.08,3.26924735974848e-05
172.09,3.29124972804585e-05
172.1,3.31347703484885e-05
172.11,3.33593177596523e-05
172.12,3.35861647698453e-05
172.13,3.38153369327768e-05
172.14,3.40468600999704e-05
172.15,3.42807604207644e-05
172.16,3.45170643423118e-05
172.17,3.47557986095802e-05
172.18,3.49969950521442e-05
172.19,3.52406818573001e-05
172.2,3.5486884425649e-05
172.21,3.57356311917274e-05
172.22,3.59869509171477e-05
172.23,3.62408726906001e-05
172.24,3.64974259278466e-05
172.25,3.67566403717296e-05
172.26,3.70185460921663e-05
172.27,3.728317348615e-05
172.28,3.7550562290313e-05
172.29,3.78207439008545e-05
172.3,3.80937462827667e-05
172.31,3.83696020104747e-05
172.32,3.86483440363796e-05
172.33,3.8930005690868e-05
172.34,3.92146206823062e-05
172.35,3.95022230970425e-05
172.36,3.97928473994016e-05
172.37,4.00865284316935e-05
172.38,4.03833120971106e-05
172.39,4.06832331123166e-05
172.4,4.09863242347219e-05
172.41,4.12926227774574e-05
172.42,4.16021664876532e-05
172.43,4.191499354644e-05
172.44,4.22311425689428e-05
172.45,4.25506526042906e-05
172.46,4.287356313561e-05
172.47,4.31999140800268e-05
172.48,4.35297635238451e-05
172.49,4.38631489041831e-05
172.5,4.42001073043145e-05
172.51,4.45406818652864e-05
172.52,4.48849162488458e-05
172.53,4.52328546374395e-05
172.54,4.55845417342139e-05
172.55,4.59400227630154e-05
172.56,4.6299343468392e-05
172.57,4.66625501155854e-05
172.58,4.7029705934024e-05
172.59,4.74008535774578e-05
172.6,4.77760380317125e-05
172.61,4.81553089390293e-05
172.62,4.8538716537575e-05
172.63,4.89263116614337e-05
172.64,4.93181457406084e-05
172.65,4.97142708010216e-05
172.66,5.01147394645147e-05
172.67,5.05196049488484e-05
172.68,5.09289402253403e-05
172.69,5.13427943939549e-05
172.7,5.17612209568305e-05
172.71,5.21842776336351e-05
172.72,5.26120228857594e-05
172.73,5.30445159163196e-05
172.74,5.34818166701476e-05
172.75,5.39239858338054e-05
172.76,5.43710932249526e-05
172.77,5.48232013862758e-05
172.78,5.52803710485375e-05
172.79,5.57426670101533e-05
172.8,5.62101548908478e-05
172.81,5.66829011316574e-05
172.82,5.71609729949193e-05
172.83,5.76444385642881e-05
172.84,5.81333758095178e-05
172.85,5.86278593112039e-05
172.86,5.91279547535814e-05
172.87,5.96337351033182e-05
172.88,6.01452742605527e-05
172.89,6.06626470588962e-05
172.9,6.11859292654329e-05
172.91,6.17151975807203e-05
172.92,6.22505384802135e-05
172.93,6.2792042731569e-05
172.94,6.33397808961653e-05
172.95,6.3893835574388e-05
172.96,6.44542904536665e-05
172.97,6.50212303084767e-05
172.98,6.55947410003447e-05
172.99,6.61749094778336e-05
173,6.67618281767543e-05
173.01,6.73556002012999e-05
173.02,6.79563068726476e-05
173.03,6.85640412114206e-05
173.04,6.91788974487566e-05
173.05,6.98009710263082e-05
173.06,7.04303585962458e-05
173.07,7.10671580212437e-05
173.08,7.17114718064109e-05
173.09,7.23634333886685e-05
173.1,7.30231248543226e-05
173.11,7.36906520737037e-05
173.12,7.43661223567173e-05
173.13,7.50496444528289e-05
173.14,7.57413285510678e-05
173.15,7.64412862800273e-05
173.16,7.71496307078642e-05
173.17,7.78665065269591e-05
173.18,7.85920140633506e-05
173.19,7.93262724410179e-05
173.2,8.00694032430942e-05
173.21,8.0821529680071e-05
173.22,8.15827765898016e-05
173.23,8.23532704375062e-05
173.24,8.31331393157539e-05
173.25,8.39225449771249e-05
173.26,8.47216093127454e-05
173.27,8.55304631103151e-05
173.28,8.6349244467236e-05
173.29,8.7178093348708e-05
173.3,8.80171515877293e-05
173.31,8.88665628851009e-05
173.32,8.97264728094074e-05
173.33,9.05970655174747e-05
173.34,9.14784909797019e-05
173.35,9.23708913660431e-05
173.36,9.32744246498533e-05
173.37,9.41892510150011e-05
173.38,9.51155328558483e-05
173.39,9.60534347772552e-05
173.4,9.70031235945805e-05
173.41,9.79647907530805e-05
173.42,9.8938618557155e-05
173.43,9.99247689531366e-05
173.44,0.000100923421473917
173.45,0.000101934758134781
173.46,0.000102958963433384
173.47,0.00010399622434976
173.48,0.000105046730346325
173.49,0.000106110700364432
173.5,0.000107188364007362
173.51,0.000108279892054458
173.52,0.000109385490341923
173.53,0.000110505367644949
173.54,0.00011163973567772
173.55,0.000112788809093405
173.56,0.000113952805484172
173.57,0.000115131963466862
173.58,0.000116326560617778
173.59,0.000117536788697831
173.6,0.000118762883865853
173.61,0.000120005085707106
173.62,0.000121263637233323
173.63,0.000122538784882682
173.64,0.000123830778519813
173.65,0.000125139878709876
173.66,0.000126466407786875
173.67,0.000127810592227661
173.68,0.000129172704987013
173.69,0.000130553023631215
173.7,0.000131951830401785
173.71,0.000133369412279145
173.72,0.000134806061046318
173.73,0.000136262073352629
173.74,0.000137737750777365
173.75,0.000139233408769314
173.76,0.000140749383875298
173.77,0.00014228597625986
173.78,0.00014384351130661
173.79,0.000145422320014677
173.8,0.00014702273907911
173.81,0.000148645110971293
173.82,0.000150289784019301
173.83,0.00015195711248836
173.84,0.000153647456661214
173.85,0.000155361199867439
173.86,0.000157098734308644
173.87,0.000158860423254906
173.88,0.000160646656026549
173.89,0.000162457828802915
173.9,0.000164294344722636
173.91,0.000166156613983908
173.92,0.000168045053944758
173.93,0.000169960089223329
173.94,0.000171902151798106
173.95,0.000173871706530695
173.96,0.000175869210037355
173.97,0.000177895105125674
173.98,0.000179949858748668
173.99,0.00018203394619518
174,0.000184147851211511
174.01,0.000186292066122942
174.02,0.000188467091955307
174.03,0.000190673438556561
174.04,0.000192911624718339
174.05,0.000195182221838948
174.06,0.000197485763582879
174.07,0.000199822787482739
174.08,0.000202193855370242
174.09,0.000204599539256393
174.1,0.000207040421481083
174.11,0.000209517094862612
174.12,0.000212030162847336
174.13,0.000214580239659191
174.14,0.000217167950449275
174.15,0.000219794002828201
174.16,0.000222459017353543
174.17,0.000225163650769842
174.18,0.00022790858151851
174.19,0.000230694500548022
174.2,0.00023352211150045
174.21,0.000236392130897854
174.22,0.000239305288328746
174.23,0.000242262326634555
174.24,0.000245264002695541
174.25,0.000248311165726121
174.26,0.000251404560963408
174.27,0.000254544996379779
174.28,0.000257733295463591
174.29,0.000260970297478829
174.3,0.00026425685772475
174.31,0.000267593847795549
174.32,0.000270982155839924
174.33,0.000274422711081376
174.34,0.000277916426416651
174.35,0.000281464243034271
174.36,0.000285067121725641
174.37,0.000288726041601563
174.38,0.000292442000376238
174.39,0.000296216014651361
174.4,0.000300049120200198
174.41,0.000303942414720364
174.42,0.000307896963306215
174.43,0.000311913861130959
174.44,0.000315994230962308
174.45,0.000320139217075351
174.46,0.000324349985584689
174.47,0.000328627724776688
174.48,0.000332973645441734
174.49,0.000337389055031271
174.5,0.000341875206238882
174.51,0.000346433373285269
174.52,0.000351064874920354
174.53,0.000355771055861818
174.54,0.000360553287222593
174.55,0.000365412966938346
174.56,0.000370351520194999
174.57,0.000375370453525621
174.58,0.000380471256851062
174.59,0.000385655429430592
174.6,0.000390924521858904
174.61,0.000396280115622819
174.62,0.000401723823608817
174.63,0.000407257290610285
174.64,0.000412882193834897
174.65,0.000418600277725335
174.66,0.00042441330144569
174.67,0.000430323031126214
174.68,0.000436331287711418
174.69,0.000442439928220132
174.7,0.000448650846312976
174.71,0.000454965972859489
174.72,0.000461387276505429
174.73,0.00046791682214661
174.74,0.000474556704488441
174.75,0.000481308978796766
174.76,0.000488175788540636
174.77,0.000495159320065798
174.78,0.000502261803283269
174.79,0.000509485512357899
174.8,0.000516832766396944
174.81,0.000524305987873309
174.82,0.000531907681826407
174.83,0.000539640275066888
174.84,0.000547506308045253
174.85,0.000555508374873827
174.86,0.000563649124355604
174.87,0.000571931261013559
174.88,0.000580357545021562
174.89,0.000588930795584381
174.9,0.000597653890438135
174.91,0.000606529766984934
174.92,0.0006155614234493
174.93,0.000624751919904589
174.94,0.000634104364059076
174.95,0.000643621903270577
174.96,0.000653307802927538
174.97,0.000663165368789708
174.98,0.000673197971762493
174.99,0.000683409048803993
175,0.000693802103832605
175.01,0.00070438084655972
175.02,0.00071514895799689
175.03,0.000726110182519214
175.04,0.000737268375245032
175.05,0.000748627476598621
175.06,0.000760191498957515
175.07,0.000771964556359929
175.08,0.000783950853053149
175.09,0.000796154682854927
175.1,0.000808580433425489
175.11,0.000821232488964888
175.12,0.000834115420056319
175.13,0.000847233879292916
175.14,0.000860592601011592
175.15,0.000874196414041734
175.16,0.000888050306321084
175.17,0.000902159300740864
175.18,0.000916528535555786
175.19,0.000931163258286097
175.2,0.000946068822207609
175.21,0.00096125083086107
175.22,0.000976714846565899
175.23,0.000992466593761256
175.24,0.00100851192629787
175.25,0.00102485682306839
175.26,0.0010415073945924
175.27,0.00105846987680613
175.28,0.00107575063994952
175.29,0.00109335618959276
175.3,0.00111129316855785
175.31,0.00112956831067965
175.32,0.00114818855016535
175.33,0.00116716094205612
175.34,0.00118649268584148
175.35,0.00120619113067913
175.36,0.00122626384590793
175.37,0.00124671846568901
175.38,0.00126756281461281
175.39,0.00128880487780217
175.4,0.0013104528053355
175.41,0.00133251502120302
175.42,0.00135499998947133
175.43,0.00137791639971292
175.44,0.00140127312234337
175.45,0.00142507921184759
175.46,0.00144934392167744
175.47,0.00147407668228596
175.48,0.00149928712342853
175.49,0.0015249850726563
175.5,0.00155118055853268
175.51,0.00157788382411305
175.52,0.00160510530876406
175.53,0.00163285566694811
175.54,0.00166114576827586
175.55,0.00168998670055266
175.56,0.00171938986197731
175.57,0.00174936678224586
175.58,0.00177992925019404
175.59,0.00181108929727367
175.6,0.00184285919662601
175.61,0.00187525153111949
175.62,0.00190827906940124
175.63,0.0019419548511865
175.64,0.00197629218321749
175.65,0.00201130463837108
175.66,0.00204700605896802
175.67,0.00208341056286861
175.68,0.00212053254665909
175.69,0.00215838668992635
175.7,0.00219698795961726
175.71,0.00223635166515524
175.72,0.00227649336332571
175.73,0.00231742891787997
175.74,0.00235917450733883
175.75,0.00240174662214272
175.76,0.00244516210143911
175.77,0.00248943820928906
175.78,0.00253459236981426
175.79,0.00258064241340605
175.8,0.00262760651321585
175.81,0.00267550319027048
175.82,0.00272435137258271
175.83,0.00277417031950944
175.84,0.00282497962958911
175.85,0.0028767992935947
175.86,0.00292964968036611
175.87,0.00298355154123675
175.88,0.00303852599835206
175.89,0.00309459459214821
175.9,0.00315177925283385
175.91,0.00321010231495886
175.92,0.00326958652278995
175.93,0.00333025509671252
175.94,0.00339213169496926
175.95,0.00345524031440619
175.96,0.00351960543480149
175.97,0.00358525197995463
175.98,0.00365220532360624
175.99,0.00372049154126788
176,0.00379013690285195
176.01,0.00386116822076198
176.02,0.00393361281412603
176.03,0.0040074984960195
176.04,0.00408285360251705
176.05,0.00415970702007908
176.06,0.00423808807275234
176.07,0.00431802664379429
176.08,0.00439955314951957
176.09,0.00448269854656979
176.1,0.00456749431697902
176.11,0.00465397251326272
176.12,0.00474216575412577
176.13,0.00483210722024763
176.14,0.00492383066729364
176.15,0.00501737046712455
176.16,0.00511276187429942
176.17,0.0052100404026746
176.18,0.0053092423281868
176.19,0.00541040456986796
176.2,0.00551356478809586
176.21,0.00561876127744155
176.22,0.00572603297647774
176.23,0.0058354195459463
176.24,0.00594696134462789
176.25,0.00606069941003803
176.26,0.00617667555919664
176.27,0.0062949323259624
176.28,0.00641551299154502
176.29,0.00653846170577036
176.3,0.00666382332162658
176.31,0.00679164346709038
176.32,0.00692196859533348
176.33,0.00705484607617364
176.34,0.00719032433990993
176.35,0.00732845233953544
176.36,0.00746928004995022
176.37,0.00761285834996718
176.38,0.00775923929816808
176.39,0.00790847567791953
176.4,0.00806062127216972
176.41,0.00821573088535365
176.42,0.00837386037875638
176.43,0.00853506669915591
176.44,0.0086994077533653
176.45,0.00886694256760242
176.46,0.0090377312666307
176.47,0.00921183527201733
176.48,0.00938931699700981
176.49,0.00957024007705802
176.5,0.00975466937901556
176.51,0.00994267119031255
176.52,0.0101343128576014
176.53,0.0103296630982869
176.54,0.0105287919791833
176.55,0.0107317709721219
176.56,0.0109386728632372
176.57,0.0111495718785342
176.58,0.011364543681222
176.59,0.0115836654004211
176.6,0.0118070156623734
176.61,0.0120346746121612
176.62,0.0122667240111426
176.63,0.0125032471707108
176.64,0.0127443289980688
176.65,0.0129900560553802
176.66,0.0132405166279496
176.67,0.013495800655644
176.68,0.0137559998250805
176.69,0.0140212075663735
176.7,0.0142915189335066
176.71,0.0145670309633524
176.72,0.014847842455245
176.73,0.0151340540175213
176.74,0.0154257680517654
176.75,0.0157230889643847
176.76,0.0160261230294012
176.77,0.0163349783762232
176.78,0.0166497649562731
176.79,0.0169705948776405
176.8,0.0172975821485993
176.81,0.0176308426236487
176.82,0.0179704939538946
176.83,0.018316656116249
176.84,0.0186694509609498
176.85,0.0190290021526668
176.86,0.0193954351356475
176.87,0.0197688777444086
176.88,0.0201494596452987
176.89,0.0205373122577364
176.9,0.0209325687504746
176.91,0.0213353646699886
176.92,0.021745837327263
176.93,0.0221641256641052
176.94,0.0225903702931566
176.95,0.0230247141656758
176.96,0.0234673018721377
176.97,0.023918279455225
176.98,0.0243777945098495
176.99,0.0248459968687621
177,0.0253230378257781
177.01,0.0258090699002785
177.02,0.026304247023871
177.03,0.0268087251881006
177.04,0.0273226616251785
177.05,0.0278462145993111
177.06,0.0283795433957161
177.07,0.028922809267163
177.08,0.0294761743934872
177.09,0.0300398017743901
177.1,0.0306138550083421
177.11,0.0311984994554789
177.12,0.0317939010630994
177.13,0.0324002263145057
177.14,0.0330176417856731
177.15,0.0336463155973776
177.16,0.0342864160396777
177.17,0.0349381116439598
177.18,0.0356015706138097
177.19,0.036276962246623
177.2,0.036964455623931
177.21,0.037664219709022
177.22,0.0383764226703761
177.23,0.0391012333133572
177.24,0.0398388197896175
177.25,0.0405893497206471
177.26,0.0413529894206394
177.27,0.0421299053656839
177.28,0.0429202628933872
177.29,0.0437242263601372
177.3,0.0445419583816822
177.31,0.045373621111109
177.32,0.0462193750948983
177.33,0.0470793794095137
177.34,0.0479537910233629
177.35,0.0488427657230901
177.36,0.0497464572346889
177.37,0.0506650172889001
177.38,0.0515985951787398
177.39,0.0525473382407517
177.4,0.0535113913262661
177.41,0.0544908967490957
177.42,0.0554859940632301
177.43,0.0564968201211789
177.44,0.0575235088396656
177.45,0.0585661910765737
177.46,0.0596249946243846
177.47,0.0607000438979135
177.48,0.0617914598847763
177.49,0.0628993600397873
177.5,0.0640238584213634
177.51,0.0651650651700929
177.52,0.066323086466175
177.53,0.0674980245386533
177.54,0.0686899778698626
177.55,0.0698990406196587
177.56,0.0711253024382891
177.57,0.072368848664671
177.58,0.073629760561323
177.59,0.0749081147884511
177.6,0.0762039829423976
177.61,0.077517432022797
177.62,0.0788485246441787
177.63,0.0801973186711811
177.64,0.0815638663707974
177.65,0.0829482152064595
177.66,0.0843504079639416
177.67,0.0857704826423178
177.68,0.0872084711794618
177.69,0.0886644005680653
177.7,0.090138292874383
177.71,0.0916301654351036
177.72,0.0931400291399925
177.73,0.0946678898632173
177.74,0.0962137483661725
177.75,0.0977776008326547
177.76,0.099359436688907
177.77,0.100959240356117
177.78,0.102576991017091
177.79,0.104212663478949
177.8,0.105866225613786
177.81,0.107537640358051
177.82,0.109226865354001
177.83,0.110933854081765
177.84,0.112658553066262
177.85,0.114400904010724
177.86,0.116160843349339
177.87,0.117938303608723
177.88,0.119733210431026
177.89,0.121545484813961
177.9,0.123375042562064
177.91,0.125221795544343
177.92,0.127085649610077
177.93,0.128966506034874
177.94,0.130864261345446
177.95,0.132778807276717
177.96,0.134710030843708
177.97,0.13665781445081
177.98,0.138622035899189
177.99,0.140602568592551
178,0.142599281621954
178.01,0.144612039629146
178.02,0.146640703207636
178.03,0.148685128740371
178.04,0.150745168581227
178.05,0.152820671151127
178.06,0.15491148098425
178.07,0.157017439168651
178.08,0.159138382844942
178.09,0.161274145110182
178.1,0.163424557285745
178.11,0.165589445420887
178.12,0.16776863306813
178.13,0.169961941487733
178.14,0.172169187191975
178.15,0.174390185368864
178.16,0.176624747615536
178.17,0.17887268223686
178.18,0.181133796739334
178.19,0.183407894024253
178.2,0.185694775637191
178.21,0.187994241299735
178.22,0.190306086985969
178.23,0.192630108971291
178.24,0.194966099436916
178.25,0.197313848420711
178.26,0.199673146625925
178.27,0.202043781035429
178.28,0.204425536418313
178.29,0.206818198578049
178.3,0.209221550367094
178.31,0.211635372316988
178.32,0.214059446085394
178.33,0.216493551257233
178.34,0.218937465057485
178.35,0.221390965920245
178.36,0.223853831009138
178.37,0.226325835118182
178.38,0.228806754296084
178.39,0.231296364049227
178.4,0.23379443757208
178.41,0.23630074941935
178.42,0.238815073945219
178.43,0.241337183141066
178.44,0.243866849311954
178.45,0.246403849230963
178.46,0.248947953885911
178.47,0.25149893578509
178.48,0.254056568943696
178.49,0.256620627786609
178.5,0.259190884583955
178.51,0.261767112614423
178.52,0.264349090632574
178.53,0.266936591666102
178.54,0.269529390998549
178.55,0.272127265432892
178.56,0.274729992536387
178.57,0.277337348880372
178.58,0.279949112206503
178.59,0.282565064268218
178.6,0.285184983609298
178.61,0.287808650709932
178.62,0.290435848194797
178.63,0.293066359923491
178.64,0.29569996887546
178.65,0.298336459688135
178.66,0.300975619986553
178.67,0.303617236630432
178.68,0.306261098332049
178.69,0.308906995092662
178.7,0.311554717856877
178.71,0.314204059323458
178.72,0.31685481345702
178.73,0.319506775649959
178.74,0.322159742240079
178.75,0.324813511520869
178.76,0.327467883186944
178.77,0.330122658439117
178.78,0.332777639344018
178.79,0.335432630063774
178.8,0.338087436286793
178.81,0.340741865206753
178.82,0.343395725395403
178.83,0.346048827178871
178.84,0.348700982539109
178.85,0.351352005069536
178.86,0.354001709850145
178.87,0.356649913719691
178.88,0.359296435264404
178.89,0.361941094734449
178.9,0.364583713908034
178.91,0.367224116335365
178.92,0.369862127406385
178.93,0.372497574194726
178.94,0.375130285241299
178.95,0.37776009085582
178.96,0.380386823332805
178.97,0.383010316597635
178.98,0.385630406238491
178.99,0.388246929261434
179,0.39085972489018
179.01,0.39346863391665
179.02,0.396073498882025
179.03,0.398674163771577
179.04,0.401270474603662
179.05,0.403862279070549
179.06,0.406449426581151
179.07,0.409031768140327
179.08,0.411609156465826
179.09,0.414181446138943
179.1,0.416748493388893
179.11,0.419310156112718
179.12,0.421866293701371
179.13,0.424416767522904
179.14,0.426961440527447
179.15,0.429500177347742
179.16,0.43203284410198
179.17,0.434559308740097
179.18,0.437079440842972
179.19,0.43959311161992
179.2,0.442100193838695
179.21,0.444600561870164
179.22,0.447094091802064
179.23,0.44958066128275
179.24,0.452060149514837
179.25,0.454532437061395
179.26,0.45699740641359
179.27,0.459454941487255
179.28,0.46190492775322
179.29,0.464347252228894
179.3,0.466781803264023
179.31,0.469208470687913
179.32,0.471627146141778
179.33,0.474037722607318
179.34,0.476440094547261
179.35,0.478834157895262
179.36,0.481219809791647
179.37,0.483596949053254
179.38,0.485965475929037
179.39,0.488325292036216
179.4,0.490676300395997
179.41,0.49301840541032
179.42,0.49535151271943
179.43,0.497675529528678
179.44,0.499990364319189
179.45,0.502295926912144
179.46,0.504592128456883
179.47,0.506878881323339
179.48,0.509156099104031
179.49,0.511423696893854
179.5,0.513681590957773
179.51,0.515929698816239
179.52,0.518167939232392
179.53,0.520396232117126
179.54,0.522614498653655
179.55,0.52482266124937
179.56,0.527020643473663
179.57,0.529208370068525
179.58,0.531385766937837
179.59,0.533552761414455
179.6,0.535709281602439
179.61,0.537855256874616
179.62,0.539990617723129
179.63,0.542115295747241
179.64,0.54422922372137
179.65,0.546332335637244
179.66,0.548424566282481
179.67,0.550505851635391
179.68,0.552576128732015
179.69,0.554635335654631
179.7,0.556683411355567
179.71,0.558720295265894
179.72,0.56074592874449
179.73,0.562760253734339
179.74,0.564763213132888
179.75,0.566754750778273
179.76,0.568734811581412
179.77,0.570703342368392
179.78,0.572660289369273
179.79,0.574605600347592
179.8,0.576539223988298
179.81,0.578461109887348
179.82,0.580371208525386
179.83,0.582269470938464
179.84,0.584155849502564
179.85,0.586030297271301
179.86,0.587892768143696
179.87,0.589743216852815
179.88,0.591581598954495
179.89,0.593407871183286
179.9,0.595221990605531
179.91,0.597023915254015
179.92,0.598813603960683
179.93,0.600591016338781
179.94,0.602356112772498
179.95,0.604108854567528
179.96,0.605849203597571
179.97,0.607577122523893
179.98,0.609292574759298
179.99,0.610995524443362
180,0.612685936432662
180.01,0.614363776545087
180.02,0.616029011051303
180.03,0.617681606926815
180.04,0.619321531882947
180.05,0.620948754312191
180.06,0.622563243279237
180.07,0.624164968806885
180.08,0.62575390132523
180.09,0.627330011851825
180.1,0.628893272140486
180.11,0.630443654585475
180.12,0.63198113221332
180.13,0.633505678674724
180.14,0.635017268126739
180.15,0.636515875476354
180.16,0.638001476181905
180.17,0.639474046284724
180.18,0.640933562406109
180.19,0.642380001738929
180.2,0.643813342231447
180.21,0.645233563431897
180.22,0.646640643725447
180.23,0.648034562782776
180.24,0.649415300845751
180.25,0.650782838721755
180.26,0.652137157777933
180.27,0.653478239677605
180.28,0.654806066445266
180.29,0.65612062125851
180.3,0.657421887516033
180.31,0.658709849125452
180.32,0.659984490496235
180.33,0.661245796532558
180.34,0.662493753212563
180.35,0.663728346678895
180.36,0.664949563188487
180.37,0.666157389762541
180.38,0.667351813911812
180.39,0.668532823631337
180.4,0.669700407395214
180.41,0.670854554053229
180.42,0.6719952530345
180.43,0.673122494211109
180.44,0.674236267896219
180.45,0.675336564852359
180.46,0.676423376285942
180.47,0.67749669388618
180.48,0.678556510536385
180.49,0.679602818432888
180.5,0.680635610660388
180.51,0.681654880744078
180.52,0.682660622645725
180.53,0.683652830759746
180.54,0.684631499842991
180.55,0.68559662496165
180.56,0.686548201866425
180.57,0.687486226599587
180.58,0.688410695610418
180.59,0.689321605750941
180.6,0.690218954271645
180.61,0.691102738817209
180.62,0.691972957949768
180.63,0.69282960991768
180.64,0.693672693578016
180.65,0.694502208210182
180.66,0.695318153479687
180.67,0.696120529434618
180.68,0.696909336502121
180.69,0.697684575618246
180.7,0.698446248040618
180.71,0.699194355270911
180.72,0.699928899261755
180.73,0.700649882333257
180.74,0.701357307169803
180.75,0.702051176816916
180.76,0.702731494713463
180.77,0.703398264803799
180.78,0.704051491115311
180.79,0.70469117814311
180.8,0.705317330732693
180.81,0.705929954077059
180.82,0.706529053713859
180.83,0.707114635522511
180.84,0.707686705982996
180.85,0.708245271612804
180.86,0.708790339305598
180.87,0.70932191633636
180.88,0.709840010315104
180.89,0.710344629184421
180.9,0.710835781217052
180.91,0.711313475095127
180.92,0.711777719840428
180.93,0.712228524656321
180.94,0.712665899145874
180.95,0.71308985323478
180.96,0.713500397169183
180.97,0.713897541513513
180.98,0.714281297156557
180.99,0.714651675409946
181,0.715008687728723
181.01,0.715352345948676
181.02,0.715682662215836
181.03,0.715999648984481
181.04,0.716303319015134
181.05,0.716593685372563
181.06,0.716870761548485
181.07,0.71713456121935
181.08,0.717385098338276
181.09,0.717622387196505
181.1,0.717846442383359
181.11,0.718057278784451
181.12,0.718254911579895
181.13,0.718439356255338
181.14,0.718610628749983
181.15,0.71876874503623
181.16,0.718913721482296
181.17,0.719045574745773
181.18,0.719164321772059
181.19,0.71926997979279
181.2,0.719362566324273
181.21,0.71944209921393
181.22,0.719508596596281
181.23,0.719562076804632
181.24,0.719602558496742
181.25,0.719630060609646
181.26,0.719644602358225
181.27,0.719646203233777
181.28,0.719634883002584
181.29,0.719610661782001
181.3,0.719573559870444
181.31,0.719523597851723
181.32,0.7194607965934
181.33,0.719385177232893
181.34,0.719296761176156
181.35,0.719195570096359
181.36,0.719081625949751
181.37,0.718954951024138
181.38,0.718815567747032
181.39,0.718663498863166
181.4,0.718498767380044
181.41,0.718321396566741
181.42,0.718131409952715
181.43,0.717928831326602
181.44,0.717713684775259
181.45,0.717485994624246
181.46,0.717245785419817
181.47,0.716993081987616
181.48,0.716727909408095
181.49,0.71645029301542
181.5,0.716160258396354
181.51,0.715857831389157
181.52,0.715543038123562
181.53,0.715215904922523
181.54,0.714876458376355
181.55,0.714524725325439
181.56,0.714160732857057
181.57,0.713784508304318
181.58,0.713396079245114
181.59,0.712995473516822
181.6,0.712582719221662
181.61,0.712157844645183
181.62,0.711720878341811
181.63,0.711271849106479
181.64,0.710810785973636
181.65,0.710337718216238
181.66,0.709852675344755
181.67,0.709355687117623
181.68,0.70884678358314
181.69,0.70832599492485
181.7,0.707793351603857
181.71,0.707248884315126
181.72,0.706692623986556
181.73,0.706124601778049
181.74,0.705544849080592
181.75,0.704953397516244
181.76,0.704350278968756
181.77,0.703735525500386
181.78,0.703109169421556
181.79,0.702471243269696
181.8,0.701821779808344
181.81,0.701160812026266
181.82,0.700488373136536
181.83,0.699804496575652
181.84,0.699109216003982
181.85,0.698402565301729
181.86,0.697684578570351
181.87,0.696955290131299
181.88,0.696214734524981
181.89,0.695462946509882
181.9,0.694699961061662
181.91,0.693925813372265
181.92,0.69314053888316
181.93,0.69234417321344
181.94,0.691536752195981
181.95,0.690718311885492
181.96,0.689888888549296
181.97,0.689048518666482
181.98,0.688197238927042
181.99,0.687335086231041
182,0.686462097715123
182.01,0.68557831070489
182.02,0.684683762718405
182.03,0.683778491493978
182.04,0.682862534976523
182.05,0.681935931316744
182.06,0.680998718870346
182.07,0.680050936197194
182.08,0.679092622045096
182.09,0.678123815366408
182.1,0.677144555337016
182.11,0.67615488132058
182.12,0.675154832880305
182.13,0.674144449778064
182.14,0.673123771973578
182.15,0.672092839623572
182.16,0.671051693073829
182.17,0.670000372859257
182.18,0.668938919730153
182.19,0.66786737461988
182.2,0.666785778654214
182.21,0.665694173150501
182.22,0.664592599616796
182.23,0.663481099750994
182.24,0.662359715439995
182.25,0.661228488840592
182.26,0.660087462174132
182.27,0.658936677899099
182.28,0.657776178660767
182.29,0.656606007290395
182.3,0.655426206804427
182.31,0.654236820403723
182.32,0.653037891472723
182.33,0.651829463588609
182.34,0.650611580502543
182.35,0.649384286142731
182.36,0.648147624622225
182.37,0.646901640233984
182.38,0.645646377450053
182.39,0.644381880920811
182.4,0.643108195474177
182.41,0.64182536608042
182.42,0.640533437834699
182.43,0.639232456140394
182.44,0.637922466510926
182.45,0.636603514631246
182.46,0.635275646356972
182.47,0.633938907713495
182.48,0.632593344895078
182.49,0.631239004263996
182.5,0.629875932350946
182.51,0.628504175850909
182.52,0.627123781624882
182.53,0.625734796698362
182.54,0.624337268260406
182.55,0.622931243662728
182.56,0.621516770418843
182.57,0.620093896203132
182.58,0.618662668957806
182.59,0.617223136714791
182.6,0.615775347592089
182.61,0.614319349924222
182.62,0.612855192205259
182.63,0.611382923088039
182.64,0.609902591383475
182.65,0.608414246059814
182.66,0.606917936225194
182.67,0.60541371110447
182.68,0.603901620163775
182.69,0.602381712983497
182.7,0.600854039296456
182.71,0.599318648987141
182.72,0.597775592090908
182.73,0.596224918793176
182.74,0.594666679428667
182.75,0.593100924174055
182.76,0.591527703776305
182.77,0.589947069002462
182.78,0.588359070733755
182.79,0.586763759991841
182.8,0.585161187937758
182.81,0.583551405870933
182.82,0.581934465228088
182.83,0.580310417607141
182.84,0.578679314845172
182.85,0.57704120871329
182.86,0.575396151205818
182.87,0.573744194451491
182.88,0.572085390712477
182.89,0.5704197923835
182.9,0.568747451990902
182.91,0.567068422191729
182.92,0.565382756015213
182.93,0.563690506605746
182.94,0.561991726847404
182.95,0.560286469979534
182.96,0.558574789375671
182.97,0.556856738543006
182.98,0.555132371121869
182.99,0.553401740885248
183,0.551664901738217
183.01,0.549921907313148
183.02,0.548172811754319
183.03,0.546417669367089
183.04,0.544656534469528
183.05,0.54288946149375
183.06,0.541116504984518
183.07,0.539337719597733
183.08,0.537553160124576
183.09,0.535762881438378
183.1,0.533966938520309
183.11,0.532165386463142
183.12,0.530358280464565
183.13,0.528545675825727
183.14,0.526727627949891
183.15,0.5249041930369
183.16,0.52307542662198
183.17,0.521241384437939
183.18,0.519402122453385
183.19,0.517557696755741
183.2,0.515708163551192
183.21,0.513853578885043
183.22,0.51199399922739
183.23,0.510129481137284
183.24,0.508260081239194
183.25,0.50638585627132
183.26,0.504506863085634
183.27,0.502623158055525
183.28,0.500734798310293
183.29,0.498841841038289
183.3,0.496944343425175
183.31,0.495042362759679
183.32,0.493135956433536
183.33,0.491225181576571
183.34,0.489310095813578
183.35,0.487390756843945
183.36,0.485467222396265
183.37,0.483539550295542
183.38,0.481607798463127
183.39,0.479672025033583
183.4,0.477732288113597
183.41,0.475788645913632
183.42,0.473841156764837
183.43,0.471889879096872
183.44,0.469934871437958
183.45,0.467976192082922
183.46,0.46601389977468
183.47,0.464048053338556
183.48,0.46207871162741
183.49,0.460105933586518
183.5,0.4581297782535
183.51,0.456150304206181
183.52,0.454167570690525
183.53,0.452181637026327
183.54,0.450192562504407
183.55,0.44820040649765
183.56,0.446205228461058
183.57,0.444207087671771
183.58,0.442206043771414
183.59,0.440202156473355
183.6,0.438195485514133
183.61,0.436186090708481
183.62,0.434174031949373
183.63,0.432159369215798
183.64,0.430142162583256
183.65,0.428122472166676
183.66,0.426100358176552
183.67,0.424075880901995
183.68,0.422049100710718
183.69,0.420020078049084
183.7,0.417988873075629
183.71,0.415955546383271
183.72,0.413920158690902
183.73,0.411882770688245
183.74,0.409843443137761
183.75,0.40780223687458
183.76,0.405759212699834
183.77,0.403714431107356
183.78,0.40166795338215
183.79,0.399619840569684
183.8,0.397570153781121
183.81,0.395518954193356
183.82,0.393466303048952
183.83,0.391412261353425
183.84,0.389356890431861
183.85,0.387300251772772
183.86,0.385242406817924
183.87,0.383183417069507
183.88,0.381123344090061
183.89,0.379062249505608
183.9,0.377000195019706
183.91,0.374937242366569
183.92,0.372873453353393
183.93,0.370808889848018
183.94,0.368743613778982
183.95,0.366677687135441
183.96,0.364611171960949
183.97,0.362544130364018
183.98,0.360476624517234
183.99,0.358408716650986
184,0.356340469056166
184.01,0.354271944084214
184.02,0.352203204092671
184.03,0.350134310983592
184.04,0.348065327554952
184.05,0.345996316319199
184.06,0.343927339842235
184.07,0.341858460743344
184.08,0.339789741695238
184.09,0.337721245262698
184.1,0.335653034117376
184.11,0.33358517112012
184.12,0.331517719096659
184.13,0.329450740920093
184.14,0.327384299606561
184.15,0.325318458507843
184.16,0.3232532805133
184.17,0.321188828778987
184.18,0.319125166517922
184.19,0.317062357000134
184.2,0.31500046347214
184.21,0.312939549332802
184.22,0.31087967801289
184.23,0.308820912992077
184.24,0.306763317805298
184.25,0.304706955971502
184.26,0.30265189108252
184.27,0.300598186853297
184.28,0.298545907011827
184.29,0.29649511533857
184.3,0.294445875693473
184.31,0.292398252084107
184.32,0.290352308408059
184.33,0.288308108684484
184.34,0.286265716987967
184.35,0.284225197448518
184.36,0.282186614675977
184.37,0.280150032847302
184.38,0.278115516307148
184.39,0.276083129505883
184.4,0.274052936958796
184.41,0.272025003261735
184.42,0.269999393072991
184.43,0.267976171098961
184.44,0.265955402120997
184.45,0.263937150985968
184.46,0.261921482760274
184.47,0.259908463283001
184.48,0.257898157440552
184.49,0.255890630608562
184.5,0.253885948260015
184.51,0.251884175870168
184.52,0.2498853790809
184.53,0.247889623644171
184.54,0.245896975384447
184.55,0.243907499989763
184.56,0.241921262762564
184.57,0.2399383299175
184.58,0.23795876739928
184.59,0.235982641215986
184.6,0.234010018148975
184.61,0.232040964351664
184.62,0.23007554616175
184.63,0.228113830082998
184.64,0.226155883495704
184.65,0.224201774550138
184.66,0.222251569849428
184.67,0.220305336881596
184.68,0.218363143297451
184.69,0.216425057191171
184.7,0.214491146492475
184.71,0.212561479408671
184.72,0.210636124324667
184.73,0.208715149002576
184.74,0.206798621264772
184.75,0.204886610057916
184.76,0.202979183967292
184.77,0.201076411729514
184.78,0.199178362768988
184.79,0.197285105895427
184.8,0.19539671032251
184.81,0.193513245399798
184.82,0.191634782885067
184.83,0.189761394439109
184.84,0.187893150458653
184.85,0.186030122506231
184.86,0.184172382412502
184.87,0.182320002452383
184.88,0.18047305522305
184.89,0.178631612504273
184.9,0.176795743886441
184.91,0.174965522857982
184.92,0.173141021621347
184.93,0.171322312466464
184.94,0.169509467793191
184.95,0.167702560113322
184.96,0.165901662201064
184.97,0.164106854421367
184.98,0.162318209256676
184.99,0.160535802463678
185,0.158759711578619
185.01,0.156990016606255
185.02,0.155226795048739
185.03,0.153470126364626
185.04,0.151720086080944
185.05,0.149976752588665
185.06,0.148240206109359
185.07,0.146510525793761
185.08,0.14478778484449
185.09,0.143072063753492
185.1,0.141363440576421
185.11,0.139661997756132
185.12,0.137967822363303
185.13,0.136280993344682
185.14,0.134601593756205
185.15,0.132929710240432
185.16,0.131265429101539
185.17,0.129608837062457
185.18,0.127960020607246
185.19,0.126319068012274
185.2,0.124686068606802
185.21,0.123061107107196
185.22,0.121444271770571
185.23,0.119835651340213
185.24,0.118235335046822
185.25,0.116643411909054
185.26,0.115059971298765
185.27,0.113485112211234
185.28,0.111918927835266
185.29,0.110361513551363
185.3,0.108812971669186
185.31,0.107273402005751
185.32,0.105742906994962
185.33,0.104221581272776
185.34,0.102709528965839
185.35,0.10120685281207
185.36,0.0997136437464499
185.37,0.0982300041631789
185.38,0.0967560328405037
185.39,0.095291835643298
185.4,0.0938375119198528
185.41,0.0923931647430155
185.42,0.0909589259625028
185.43,0.0895349032370984
185.44,0.0881212145806174
185.45,0.0867179646100521
185.46,0.0853252755075101
185.47,0.0839432643331223
185.48,0.082572031549766
185.49,0.0812116952516898
185.5,0.0798623679636566
185.51,0.0785241647454464
185.52,0.077197197749254
185.53,0.0758815819722688
185.54,0.0745774473017541
185.55,0.0732849135797081
185.56,0.0720041111365165
185.57,0.0707351732425627
185.58,0.0694782301912264
185.59,0.0682333947214375
185.6,0.0670007979567356
185.61,0.0657805526538597
185.62,0.0645727725432408
185.63,0.0633775752230259
185.64,0.0621950867762883
185.65,0.0610254212984786
185.66,0.0598687126440092
185.67,0.0587250891493748
185.68,0.0575946771415267
185.69,0.0564775985394075
185.7,0.05537398382732
185.71,0.0542839319281906
185.72,0.0532075569023572
185.73,0.0521449667601772
185.74,0.0510962651521944
185.75,0.0500615513485112
185.76,0.0490409368176946
185.77,0.0480345188889044
185.78,0.0470423990464536
185.79,0.0460646806847446
185.8,0.0451014625862261
185.81,0.0441528079835812
185.82,0.043218798394237
185.83,0.0422995041893361
185.84,0.0413949854717562
185.85,0.0405052987316907
185.86,0.0396304965017599
185.87,0.0387706233356046
185.88,0.0379257163919127
185.89,0.0370958032447583
185.9,0.0362809083146576
185.91,0.0354810390348103
185.92,0.0346961981122277
185.93,0.0339263802476243
185.94,0.0331715636052916
185.95,0.0324317233125674
185.96,0.0317068204431286
185.97,0.0309968058723963
185.98,0.0303016219305898
185.99,0.0296211972902598
186,0.0289554526549297
186.01,0.0283042967230033
186.02,0.0276676268534341
186.03,0.0270453307878261
186.04,0.026437285040076
186.05,0.0258433555052549
186.06,0.0252633980952342
186.07,0.0246972597381758
186.08,0.024144775127263
186.09,0.0236057729338395
186.1,0.0230800714774801
186.11,0.0225674780744846
186.12,0.0220677996842329
186.13,0.0215808272339604
186.14,0.0211063482847002
186.15,0.0206441484431809
186.16,0.0201939987937939
186.17,0.0197556735883222
186.18,0.0193289394413375
186.19,0.0189135545008484
186.2,0.0185092858972005
186.21,0.0181158850016545
186.22,0.017733106476913
186.23,0.0173607090509711
186.24,0.0169984398433015
186.25,0.0166460537855747
186.26,0.016303305213001
186.27,0.0159699468038866
186.28,0.0156457344231323
186.29,0.0153304258120263
186.3,0.015023780918142
186.31,0.0147255610483891
186.32,0.014435532411709
186.33,0.0141534631600811
186.34,0.0138791250656676
186.35,0.0136122945360459
186.36,0.0133527512030629
186.37,0.0131002798498
186.38,0.0128546696313902
186.39,0.0126157138410744
186.4,0.0123832116760632
186.41,0.0121569663563149
186.42,0.011936785979185
186.43,0.0117224846487664
186.44,0.0115138796708433
186.45,0.011310794870146
186.46,0.0111130589006381
186.47,0.010920504173759
186.48,0.0107329693136743
186.49,0.0105502975119476
186.5,0.0103723360273127
186.51,0.0101989377684095
186.52,0.0100299600179321
186.53,0.00986526408305541
186.54,0.00970471646253467
186.55,0.00954818772033488
186.56,0.00939555234701461
186.57,0.00924668946869585
186.58,0.00910148201280639
186.59,0.00895981671923053
186.6,0.00882158435535602
186.61,0.00868667927057902
186.62,0.00855499938926692
186.63,0.00842644618063105
186.64,0.0083009243812257
186.65,0.00817834201597183
186.66,0.00805861028243372
186.67,0.00794164339468284
186.68,0.00782735863390317
186.69,0.00771567596442481
186.7,0.00760651811886555
186.71,0.00749981052591491
186.72,0.00739548132671718
186.73,0.00729346084546527
186.74,0.00719368183481765
186.75,0.00709607942722468
186.76,0.00700059090122583
186.77,0.00690715550087327
186.78,0.00681571448313741
186.79,0.00672621181024059
186.8,0.00663859256873214
186.81,0.00655280381397659
186.82,0.00646879443016416
186.83,0.00638651531514228
186.84,0.006305918532017
186.85,0.00622695782734626
186.86,0.00614958865761376
186.87,0.00607376799440142
186.88,0.00599945390661764
186.89,0.00592660589401154
186.9,0.00585518502184986
186.91,0.00578515331285418
186.92,0.0057164739595934
186.93,0.00564911128144457
186.94,0.00558303132148017
186.95,0.00551820076878651
186.96,0.00545458717680463
186.97,0.0053921591898302
186.98,0.00533088674292968
186.99,0.00527074056316044
187,0.00521169204689097
187.01,0.00515371353494705
187.02,0.00509677838135593
187.03,0.00504086073287854
187.04,0.00498593526730025
187.05,0.00493197747170974
187.06,0.00487896372084932
187.07,0.00482687118524301
187.08,0.00477567735456046
187.09,0.00472536047460754
187.1,0.00467589953201263
187.11,0.00462727430405524
187.12,0.00457946477701332
187.13,0.00453245162570327
187.14,0.00448621611082983
187.15,0.0044407401669486
187.16,0.00439600598923228
187.17,0.00435199633578264
187.18,0.0043086944532782
187.19,0.004266084194935
187.2,0.00422414961889144
187.21,0.00418287527145937
187.22,0.00414224608679546
187.23,0.00410224772908387
187.24,0.00406286588402278
187.25,0.00402408668334043
187.26,0.00398589662387082
187.27,0.00394828272737625
187.28,0.00391123230229421
187.29,0.00387473286344849
187.3,0.00383877230732563
187.31,0.00380333885780004
187.32,0.00376842107233638
187.33,0.00373400772272046
187.34,0.00370008787909725
187.35,0.00366665087574813
187.36,0.00363368637387921
187.37,0.00360118418450595
187.38,0.00356913438123454
187.39,0.00353752725707354
187.4,0.00350635355033797
187.41,0.00347560404826362
187.42,0.00344526973166232
187.43,0.00341534182418894
187.44,0.00338581184112599
187.45,0.00335667153044686
187.46,0.00332791271679088
187.47,0.00329952747248322
187.48,0.00327150802662556
187.49,0.0032438466676286
187.5,0.00321653601137451
187.51,0.00318956876676316
187.52,0.00316293778905457
187.53,0.00313663600731912
187.54,0.00311065652038025
187.55,0.00308499255336004
187.56,0.00305963742675379
187.57,0.00303458472569682
187.58,0.00300982853525596
187.59,0.00298536246836679
187.6,0.00296118050382188
187.61,0.00293727675238031
187.62,0.00291364535825527
187.63,0.00289028066623117
187.64,0.00286717713203322
187.65,0.002844329311011
187.66,0.00282173172389296
187.67,0.0027993787774689
187.68,0.00277726531293517
187.69,0.0027553860806959
187.7,0.00273373587950602
187.71,0.00271231004662709
187.72,0.002691103499083
187.73,0.00267011132856021
187.74,0.00264932872640423
187.75,0.00262875101104595
187.76,0.00260837361800655
187.77,0.00258819194081766
187.78,0.00256820149232412
187.79,0.00254839785537095
187.8,0.00252877642532641
187.81,0.00250933292976682
187.82,0.00249006305021987
187.83,0.00247096250566717
187.84,0.00245202707295379
187.85,0.00243325257094443
187.86,0.00241463482471956
187.87,0.00239616970202743
187.88,0.00237785310580506
187.89,0.00235968118664206
187.9,0.00234164987136594
187.91,0.00232375521444206
187.92,0.00230599330598883
187.93,0.00228836028095037
187.94,0.00227085230789398
187.95,0.00225346557939911
187.96,0.00223619632507185
187.97,0.00221904080352515
187.98,0.00220199527769716
187.99,0.00218505606311824
188,0.00216821949032921
188.01,0.0021514819444505
188.02,0.0021348398787882
188.03,0.00211828971225672
188.04,0.00210182792060067
188.05,0.0020854510503779
188.06,0.00206915567198258
188.07,0.00205293838185407
188.08,0.00203679582599447
188.09,0.00202072468357596
188.1,0.00200472168479575
188.11,0.00198878359989329
188.12,0.00197290725442908
188.13,0.00195708954902726
188.14,0.00194132739883071
188.15,0.00192561778552628
188.16,0.00190995779083673
188.17,0.00189434455976804
188.18,0.00187877527393891
188.19,0.00186324720268076
188.2,0.00184775771802169
188.21,0.00183230425015396
188.22,0.00181688431976066
188.23,0.00180149553865361
188.24,0.00178613561538548
188.25,0.00177080235056164
188.26,0.00175549364676387
188.27,0.00174020752937127
188.28,0.00172494215063206
188.29,0.00170969576075059
188.3,0.0016944667445575
188.31,0.00167925361847392
188.32,0.00166405503404035
188.33,0.00164886977488876
188.34,0.00163369675014036
188.35,0.00161853503430322
188.36,0.00160338384001803
188.37,0.00158824252164516
188.38,0.00157311059771582
188.39,0.00155798774089989
188.4,0.00154287378623784
188.41,0.00152776873214388
188.42,0.00151267274144224
188.43,0.00149758611791454
188.44,0.00148250936166934
188.45,0.00146744312996143
188.46,0.00145238819185331
188.47,0.00143734553319355
188.48,0.00142231628506876
188.49,0.00140730169672032
188.5,0.00139230321162224
188.51,0.0013773224157439
188.52,0.00136236101445937
188.53,0.00134742088703139
188.54,0.00133250404828297
188.55,0.00131761259777196
188.56,0.00130274880307149
188.57,0.00128791504888569
188.58,0.00127311380000948
188.59,0.00125834764962508
188.6,0.00124361929362897
188.61,0.00122893147719
188.62,0.00121428704284917
188.63,0.00119968891380813
188.64,0.00118514004663878
188.65,0.0011706434536419
188.66,0.00115620219860169
188.67,0.00114181937175501
188.68,0.00112749808723388
188.69,0.00111324147536806
188.7,0.00109905267626234
188.71,0.00108493483028833
188.72,0.00107089106530491
188.73,0.00105692448365715
188.74,0.00104303815184449
188.75,0.00102923510843275
188.76,0.0010155183433471
188.77,0.00100189079514846
188.78,0.000988355331520967
188.79,0.00097491476074853
188.8,0.000961571835282227
188.81,0.000948329199170418
188.82,0.000935189424274698
188.83,0.000922155014185895
188.84,0.000909228347905344
188.85,0.000896411717621097
188.86,0.000883707340311109
188.87,0.000871117294472564
188.88,0.000858643561945835
188.89,0.000846288046801749
188.9,0.000834052505118206
188.91,0.000821938590183627
188.92,0.000809947870900307
188.93,0.000798081769006404
188.94,0.000786341598557641
188.95,0.000774728590888199
188.96,0.000763243829341369
188.97,0.000751888290254105
188.98,0.000740662875227629
188.99,0.000729568339753032
189,0.000718605338732491
189.01,0.000707774447348977
189.02,0.000697076115840199
189.03,0.000686510695105192
189.04,0.000676078451280086
189.05,0.000665779545633091
189.06,0.00065561404419206
189.07,0.00064558193257633
189.08,0.00063568310405099
189.09,0.000625917363858523
189.1,0.000616284446292368
189.11,0.000606784005623541
189.12,0.000597415616706435
189.13,0.000588178789718765
189.14,0.000579072967505551
189.15,0.000570097525209577
189.16,0.000561251777287722
189.17,0.000552534979547568
189.18,0.000543946333453142
189.19,0.000535484986761544
189.2,0.000527150036913571
189.21,0.000518940536459581
189.22,0.000510855494244362
189.23,0.000502893879484361
189.24,0.000495054623401699
189.25,0.000487336622686098
189.26,0.000479738739462895
189.27,0.0004722598103614
189.28,0.000464898644097121
189.29,0.00045765401263449
189.3,0.000450524677452196
189.31,0.000443509376041376
189.32,0.000436606818460515
189.33,0.000429815705684127
189.34,0.000423134721875304
189.35,0.000416562540285109
189.36,0.000410097823333616
189.37,0.000403739225695185
189.38,0.000397485388551602
189.39,0.00039133494895071
189.4,0.000385286544318908
189.41,0.000379338801253581
189.42,0.000373490340930732
189.43,0.000367739791038541
189.44,0.00036208577646999
189.45,0.000356526923476618
189.46,0.00035106186181787
189.47,0.000345689225007551
189.48,0.000340407650039882
189.49,0.000335215782874536
189.5,0.000330112275660063
189.51,0.000325095774244368
189.52,0.000320164946011016
189.53,0.000315318462495208
189.54,0.000310555001475865
189.55,0.000305873252677756
189.56,0.000301271915668083
189.57,0.000296749699720429
189.58,0.000292305326182266
189.59,0.00028793752891199
189.6,0.000283645053204104
189.61,0.000279426657423279
189.62,0.000275281114780279
189.63,0.000271207207253248
189.64,0.000267203724209994
189.65,0.000263269476621337
189.66,0.000259403286821347
189.67,0.000255603995398861
189.68,0.000251870452743618
189.69,0.000248201525536769
189.7,0.000244596090436894
189.71,0.000241053043928662
189.72,0.000237571295997647
189.73,0.0002341497664013
189.74,0.00023078739360838
189.75,0.000227483129780823
189.76,0.000224235943116777
189.77,0.000221044816339007
189.78,0.000217908746944629
189.79,0.000214826747266863
189.8,0.000211797844602723
189.81,0.000208821082280172
189.82,0.000205895516735357
189.83,0.000203020215733485
189.84,0.00020019426569991
189.85,0.000197416765899058
189.86,0.00019468683072638
189.87,0.000192003587773678
189.88,0.000189366179158362
189.89,0.000186773764447672
189.9,0.000184225514431478
189.91,0.000181720615401145
189.92,0.000179258265549269
189.93,0.000176837675795669
189.94,0.000174458073618251
189.95,0.000172118698648997
189.96,0.000169818799694775
189.97,0.000167557642239423
189.98,0.000165334502927082
189.99,0.000163148673687879
190,0.00016099946032133
190.01,0.000158886178192463
190.02,0.000156808156769447
190.03,0.000154764737834751
190.04,0.000152755276144822
190.05,0.000150779138844426
190.06,0.000148835699518685
190.07,0.000146924340955649
190.08,0.000145044462334958
190.09,0.000143195471055234
190.1,0.000141376798070126
190.11,0.000139587872235849
190.12,0.000137828138095487
190.13,0.000136097047295516
190.14,0.000134394060838478
190.15,0.000132718653600248
190.16,0.000131070308909817
190.17,0.000129448526537187
190.18,0.000127852809747651
190.19,0.000126282674237104
190.2,0.000124737641646926
190.21,0.000123217242081222
190.22,0.000121721018081877
190.23,0.000120248519118461
190.24,0.000118799302944976
190.25,0.000117372935335786
190.26,0.000115968989865541
190.27,0.00011458705522292
190.28,0.000113226727995111
190.29,0.000111887607341443
190.3,0.000110569303814314
190.31,0.000109271432176048
190.32,0.000107993614061869
190.33,0.000106735483050358
190.34,0.00010549667786577
190.35,0.000104276844399169
190.36,0.000103075635482215
190.37,0.000101892710405964
190.38,0.00010072773508217
190.39,9.95803835785731e-05
190.4,9.84503381473716e-05
190.41,9.73372841297198e-05
190.42,9.62409146504814e-05
190.43,9.51609287527971e-05
190.44,9.40970310304515e-05
190.45,9.30489330107242e-05
190.46,9.20163516794784e-05
190.47,9.09990094190396e-05
190.48,8.99966334519315e-05
190.49,8.90089573433996e-05
190.5,8.8035719471507e-05
190.51,8.70766637619485e-05
190.52,8.61315407688345e-05
190.53,8.52001038577793e-05
190.54,8.42821120946509e-05
190.55,8.33773295584793e-05
190.56,8.24855259706214e-05
190.57,8.16064743308888e-05
190.58,8.07399527093428e-05
190.59,7.98857436251667e-05
190.6,7.90436338859786e-05
190.61,7.82134143994334e-05
190.62,7.7394880430687e-05
190.63,7.65878311759867e-05
190.64,7.57920697490553e-05
190.65,7.50074035649524e-05
190.66,7.42336444217318e-05
190.67,7.34706065200703e-05
190.68,7.271810820199e-05
190.69,7.19759713230288e-05
190.7,7.12440220776567e-05
190.71,7.05220906015573e-05
190.72,6.98100087509388e-05
190.73,6.91076124048469e-05
190.74,6.84147406597332e-05
190.75,6.77312359504531e-05
190.76,6.70569438035656e-05
190.77,6.63917125086225e-05
190.78,6.57353933967654e-05
190.79,6.50878406475066e-05
190.8,6.4448911688899e-05
190.81,6.38184665484156e-05
190.82,6.31963675665413e-05
190.83,6.25824798795706e-05
190.84,6.19766711485859e-05
190.85,6.13788128927084e-05
190.86,6.07887783355329e-05
190.87,6.0206442584533e-05
190.88,5.96316835445144e-05
190.89,5.90643814467116e-05
190.9,5.85044193235589e-05
190.91,5.79516819739694e-05
190.92,5.74060563321786e-05
190.93,5.68674315654694e-05
190.94,5.63356989085773e-05
190.95,5.58107516746257e-05
190.96,5.52924854252668e-05
190.97,5.47807971783422e-05
190.98,5.42755859917248e-05
190.99,5.3776752728868e-05
191,5.32842000037419e-05
191.01,5.27978337764691e-05
191.02,5.23175609637061e-05
191.03,5.18432891693956e-05
191.04,5.13749283259322e-05
191.05,5.091238998938e-05
191.06,5.04555874036453e-05
191.07,5.00044374879891e-05
191.08,4.95588558561581e-05
191.09,4.91187607478685e-05
191.1,4.86840719193057e-05
191.11,4.82547106074943e-05
191.12,4.78305987865242e-05
191.13,4.7411659678859e-05
191.14,4.69978188385105e-05
191.15,4.65890025800018e-05
191.16,4.61851384356546e-05
191.17,4.57861551137343e-05
191.18,4.53919859323794e-05
191.19,4.50025613689558e-05
191.2,4.46178142118975e-05
191.21,4.42376786429124e-05
191.22,4.38620900084767e-05
191.23,4.34909844795769e-05
191.24,4.31242989075473e-05
191.25,4.27619720970224e-05
191.26,4.24039434664638e-05
191.27,4.20501534058866e-05
191.28,4.17005432450612e-05
191.29,4.13550581336197e-05
191.3,4.10136416178453e-05
191.31,4.06762381114345e-05
191.32,4.03427935876147e-05
191.33,4.00132550033933e-05
191.34,3.96875699038717e-05
191.35,3.93656852677585e-05
191.36,3.90475513107628e-05
191.37,3.87331181166448e-05
191.38,3.8422336553545e-05
191.39,3.81151582482885e-05
191.4,3.78115359700574e-05
191.41,3.75114230102706e-05
191.42,3.72147731386424e-05
191.43,3.69215409706937e-05
191.44,3.6631681788203e-05
191.45,3.63451517042389e-05
191.46,3.60619105009626e-05
191.47,3.57819144176148e-05
191.48,3.55051220113517e-05
191.49,3.52314925357663e-05
191.5,3.49609859283757e-05
191.51,3.46935628177395e-05
191.52,3.44291845576813e-05
191.53,3.41678130405478e-05
191.54,3.39094108418404e-05
191.55,3.36539411631306e-05
191.56,3.34013678198979e-05
191.57,3.31516543881901e-05
191.58,3.29047642503152e-05
191.59,3.26606633368293e-05
191.6,3.24193171199411e-05
191.61,3.21806915110801e-05
191.62,3.19447528406445e-05
191.63,3.17114699135609e-05
191.64,3.14808116826734e-05
191.65,3.12527453883696e-05
191.66,3.10272399913268e-05
191.67,3.08042649616504e-05
191.68,3.0583790272089e-05
191.69,3.03657858198216e-05
191.7,3.01502223851527e-05
191.71,2.99370713728682e-05
191.72,2.97263044578743e-05
191.73,2.95178937444856e-05
191.74,2.93118117569133e-05
191.75,2.91080309903377e-05
191.76,2.89065248059212e-05
191.77,2.8707266855088e-05
191.78,2.85102310992838e-05
191.79,2.83153918485457e-05
191.8,2.81227237702049e-05
191.81,2.79322031842418e-05
191.82,2.77438049964161e-05
191.83,2.75575051299353e-05
191.84,2.7373279858323e-05
191.85,2.71911057984648e-05
191.86,2.70109599456127e-05
191.87,2.68328198293775e-05
191.88,2.66566629643473e-05
191.89,2.64824673291637e-05
191.9,2.63102112199072e-05
191.91,2.61398732437151e-05
191.92,2.59714323123993e-05
191.93,2.58048676376919e-05
191.94,2.56401587229654e-05
191.95,2.54772853553187e-05
191.96,2.53162276021506e-05
191.97,2.51569658037285e-05
191.98,2.4999480566812e-05
191.99,2.48437527582811e-05
192,2.46897639024916e-05
192.01,2.45374952900246e-05
192.02,2.43869285773554e-05
192.03,2.4238045708617e-05
192.04,2.40908288707071e-05
192.05,2.39452604878105e-05
192.06,2.38013233175528e-05
192.07,2.36590006497156e-05
192.08,2.35182754390286e-05
192.09,2.33791311085819e-05
192.1,2.32415513072749e-05
192.11,2.31055199053617e-05
192.12,2.29710209900014e-05
192.13,2.28380389849183e-05
192.14,2.27065584696353e-05
192.15,2.25765641335529e-05
192.16,2.2448040935363e-05
192.17,2.23209740355592e-05
192.18,2.21953487924348e-05
192.19,2.2071150758083e-05
192.2,2.19483658283693e-05
192.21,2.18269798866594e-05
192.22,2.17069790662139e-05
192.23,2.15883496899565e-05
192.24,2.14710782597294e-05
192.25,2.13551514526026e-05
192.26,2.12405562150705e-05
192.27,2.11272798451934e-05
192.28,2.10153094220753e-05
192.29,2.09046323668389e-05
192.3,2.0795236269522e-05
192.31,2.0687108886171e-05
192.32,2.05802381359283e-05
192.33,2.04746120670287e-05
192.34,2.03702189089754e-05
192.35,2.0267047059311e-05
192.36,2.01650850530594e-05
192.37,2.00643215728689e-05
192.38,1.99647454460492e-05
192.39,1.98663456416155e-05
192.4,1.97691112673282e-05
192.41,1.96730319202004e-05
192.42,1.95780970492461e-05
192.43,1.94842960900813e-05
192.44,1.93916187591509e-05
192.45,1.9300054907291e-05
192.46,1.92095945173326e-05
192.47,1.91202277017025e-05
192.48,1.90319447000235e-05
192.49,1.89447361182405e-05
192.5,1.88585924873567e-05
192.51,1.87735043685608e-05
192.52,1.86894625424845e-05
192.53,1.86064579120062e-05
192.54,1.85244815002293e-05
192.55,1.84435244484616e-05
192.56,1.83635780141952e-05
192.57,1.82846336283455e-05
192.58,1.82066827842413e-05
192.59,1.81297170652308e-05
192.6,1.80537281869519e-05
192.61,1.79787079728263e-05
192.62,1.79046483521318e-05
192.63,1.78315413580705e-05
192.64,1.77593791258407e-05
192.65,1.76881541477639e-05
192.66,1.76178587930482e-05
192.67,1.7548485448139e-05
192.68,1.74800266952977e-05
192.69,1.74124752164422e-05
192.7,1.7345823791606e-05
192.71,1.72800652974027e-05
192.72,1.72151927054866e-05
192.73,1.71511992416707e-05
192.74,1.70880780820669e-05
192.75,1.7025822448883e-05
192.76,1.69644257146046e-05
192.77,1.69038813435783e-05
192.78,1.68441828907151e-05
192.79,1.67853240001938e-05
192.8,1.67272984041648e-05
192.81,1.66700999236159e-05
192.82,1.66137224629619e-05
192.83,1.65581600101696e-05
192.84,1.65034066367905e-05
192.85,1.6449456495925e-05
192.86,1.63963038209294e-05
192.87,1.63439429241235e-05
192.88,1.62923681954955e-05
192.89,1.62415743544215e-05
192.9,1.61915559338866e-05
192.91,1.61423074956612e-05
192.92,1.609382376528e-05
192.93,1.60460995434981e-05
192.94,1.5999129705183e-05
192.95,1.59529091982026e-05
192.96,1.59074330423168e-05
192.97,1.58626963280675e-05
192.98,1.58186942612893e-05
192.99,1.57754225434743e-05
193,1.57328761928248e-05
193.01,1.56910506219836e-05
193.02,1.56499413143409e-05
193.03,1.5609543823184e-05
193.04,1.55698537708458e-05
193.05,1.55308668478543e-05
193.06,1.54925788120824e-05
193.07,1.54549854878954e-05
193.08,1.54180828181404e-05
193.09,1.53818667925415e-05
193.1,1.53463333978594e-05
193.11,1.53114787271462e-05
193.12,1.52772989368996e-05
193.13,1.52437902462678e-05
193.14,1.52109489362537e-05
193.15,1.51787713489206e-05
193.16,1.51472538865962e-05
193.17,1.51163930110776e-05
193.18,1.50861854411245e-05
193.19,1.5056627669139e-05
193.2,1.5027716333744e-05
193.21,1.49994481491336e-05
193.22,1.49718198873552e-05
193.23,1.49448283776217e-05
193.24,1.4918470505623e-05
193.25,1.48927432128366e-05
193.26,1.48676434958404e-05
193.27,1.48431685251307e-05
193.28,1.48193156742601e-05
193.29,1.47960819211259e-05
193.3,1.47734645184855e-05
193.31,1.47514607753957e-05
193.32,1.47300680567396e-05
193.33,1.47092837827545e-05
193.34,1.46891054285588e-05
193.35,1.46695305236803e-05
193.36,1.46505566515823e-05
193.37,1.46321814850934e-05
193.38,1.46144027123516e-05
193.39,1.45972180685362e-05
193.4,1.45806253534412e-05
193.41,1.45646224189984e-05
193.42,1.45492071688301e-05
193.43,1.45343775578028e-05
193.44,1.45201315915801e-05
193.45,1.45064673261759e-05
193.46,1.4493382868713e-05
193.47,1.44808763861845e-05
193.48,1.44689460761206e-05
193.49,1.44575901927118e-05
193.5,1.44468070384013e-05
193.51,1.44365949634451e-05
193.52,1.44269523654713e-05
193.53,1.44178776890402e-05
193.54,1.44093694252031e-05
193.55,1.44014261110626e-05
193.56,1.43940465634946e-05
193.57,1.43872295381678e-05
193.58,1.43809735550316e-05
193.59,1.43752773682657e-05
193.6,1.43701397794564e-05
193.61,1.43655596373018e-05
193.62,1.43615358373174e-05
193.63,1.43580673215417e-05
193.64,1.43551530782413e-05
193.65,1.43527921416165e-05
193.66,1.43509835915068e-05
193.67,1.43497267410192e-05
193.68,1.43490208164814e-05
193.69,1.43488649391613e-05
193.7,1.43492583951587e-05
193.71,1.43502005172755e-05
193.72,1.43516906848241e-05
193.73,1.43537283234373e-05
193.74,1.43563129048769e-05
193.75,1.43594439468428e-05
193.76,1.43631210127828e-05
193.77,1.43673437117009e-05
193.78,1.43721117239156e-05
193.79,1.43774247515114e-05
193.8,1.43832825293037e-05
193.81,1.43896848499286e-05
193.82,1.43966315509388e-05
193.83,1.44041225146257e-05
193.84,1.44121576678412e-05
193.85,1.44207369818197e-05
193.86,1.44298604720005e-05
193.87,1.44395281978487e-05
193.88,1.44497402626785e-05
193.89,1.44604970139346e-05
193.9,1.44717986284245e-05
193.91,1.44836452855476e-05
193.92,1.44960372854982e-05
193.93,1.4508974973629e-05
193.94,1.4522458740362e-05
193.95,1.45364890211006e-05
193.96,1.45510662961408e-05
193.97,1.45661910905829e-05
193.98,1.45818639742431e-05
193.99,1.45980855615642e-05
194,1.46148567029878e-05
194.01,1.46321780621298e-05
194.02,1.46500503514402e-05
194.03,1.46684743833331e-05
194.04,1.46874510163255e-05
194.05,1.47069811550263e-05
194.06,1.47270657501257e-05
194.07,1.47477057983849e-05
194.08,1.47689023426252e-05
194.09,1.47906564717174e-05
194.1,1.48129693205715e-05
194.11,1.48358422902173e-05
194.12,1.48592765355875e-05
194.13,1.48832733053129e-05
194.14,1.49078339399057e-05
194.15,1.49329598278895e-05
194.16,1.49586524058704e-05
194.17,1.49849131586086e-05
194.18,1.501174361909e-05
194.19,1.50391453685967e-05
194.2,1.50671200367798e-05
194.21,1.50956693017298e-05
194.22,1.5124795049751e-05
194.23,1.5154498987317e-05
194.24,1.51847829308262e-05
194.25,1.52156487673324e-05
194.26,1.52470984340431e-05
194.27,1.52791339184467e-05
194.28,1.53117572584384e-05
194.29,1.53449705424464e-05
194.3,1.53787759095587e-05
194.31,1.54131755496482e-05
194.32,1.54481717035004e-05
194.33,1.54837669397118e-05
194.34,1.55199634278999e-05
194.35,1.55567635542496e-05
194.36,1.55941697768611e-05
194.37,1.56321846062521e-05
194.38,1.56708106055123e-05
194.39,1.57100503904555e-05
194.4,1.57499066297729e-05
194.41,1.57903820451861e-05
194.42,1.58314794115999e-05
194.43,1.58732015572558e-05
194.44,1.59155513638841e-05
194.45,1.5958531766858e-05
194.46,1.60021457553461e-05
194.47,1.60463963933598e-05
194.48,1.60912878237019e-05
194.49,1.6136822434741e-05
194.5,1.61830034739691e-05
194.51,1.62298342464811e-05
194.52,1.62773181152235e-05
194.53,1.63254585012426e-05
194.54,1.63742588839337e-05
194.55,1.64237228012896e-05
194.56,1.64738538501481e-05
194.57,1.65246556864424e-05
194.58,1.65761320254487e-05
194.59,1.66282866420347e-05
194.6,1.66811233709085e-05
194.61,1.67346461068676e-05
194.62,1.67888589668598e-05
194.63,1.68437672181418e-05
194.64,1.68993739579709e-05
194.65,1.69556833831743e-05
194.66,1.7012699756222e-05
194.67,1.70704274056098e-05
194.68,1.71288707262437e-05
194.69,1.71880341798223e-05
194.7,1.72479222952218e-05
194.71,1.73085396688792e-05
194.72,1.73698909651752e-05
194.73,1.74319809168193e-05
194.74,1.7494814325231e-05
194.75,1.75583960609263e-05
194.76,1.76227310638994e-05
194.77,1.76878246225765e-05
194.78,1.77536827710636e-05
194.79,1.78203098388908e-05
194.8,1.7887711103575e-05
194.81,1.79558919180749e-05
194.82,1.80248577113029e-05
194.83,1.80946139886336e-05
194.84,1.81651663324141e-05
194.85,1.82365204024742e-05
194.86,1.83086819366367e-05
194.87,1.83816567512253e-05
194.88,1.84554507415777e-05
194.89,1.85300698825535e-05
194.9,1.86055202290447e-05
194.91,1.86818079164857e-05
194.92,1.87589395991524e-05
194.93,1.88369223568622e-05
194.94,1.89157617959865e-05
194.95,1.89954644393222e-05
194.96,1.90760368971003e-05
194.97,1.91574858676314e-05
194.98,1.92398181379515e-05
194.99,1.93230405844652e-05
195,1.94071601735936e-05
195.01,1.94921839624178e-05
195.02,1.95781190993242e-05
195.03,1.96649728246501e-05
195.04,1.97527524713283e-05
195.05,1.98414654655333e-05
195.06,1.99311193273242e-05
195.07,2.00217225528324e-05
195.08,2.01132836645965e-05
195.09,2.02058094586798e-05
195.1,2.02993079289182e-05
195.11,2.03937871728669e-05
195.12,2.04892553926476e-05
195.13,2.05857208958024e-05
195.14,2.06831920961418e-05
195.15,2.07816775145953e-05
195.16,2.08811857800618e-05
195.17,2.09817256302596e-05
195.18,2.10833059125775e-05
195.19,2.11859355849226e-05
195.2,2.12896237165738e-05
195.21,2.13943794890298e-05
195.22,2.1500213566372e-05
195.23,2.16071358891911e-05
195.24,2.17151549387754e-05
195.25,2.18242804685722e-05
195.26,2.19345223567141e-05
195.27,2.20458906071242e-05
195.28,2.21583953506202e-05
195.29,2.22720468460192e-05
195.3,2.23868554812423e-05
195.31,2.2502831774417e-05
195.32,2.26199863749851e-05
195.33,2.27383300648047e-05
195.34,2.28578737592551e-05
195.35,2.29786285083414e-05
195.36,2.31006054977998e-05
195.37,2.32238175987761e-05
195.38,2.33482763123956e-05
195.39,2.34739924643087e-05
195.4,2.36009779022597e-05
195.41,2.37292446229621e-05
195.42,2.38588047734416e-05
195.43,2.3989670652379e-05
195.44,2.41218547114499e-05
195.45,2.42553695566717e-05
195.46,2.43902279497429e-05
195.47,2.45264428093868e-05
195.48,2.46640272126944e-05
195.49,2.48029943964639e-05
195.5,2.49433577585482e-05
195.51,2.50851308591939e-05
195.52,2.52283300935065e-05
195.53,2.53729687202435e-05
195.54,2.55190599647997e-05
195.55,2.56666182099803e-05
195.56,2.5815658019048e-05
195.57,2.59661941374196e-05
195.58,2.61182414943545e-05
195.59,2.62718152046473e-05
195.6,2.64269305703194e-05
195.61,2.65836030823116e-05
195.62,2.67418484221724e-05
195.63,2.69016824637553e-05
195.64,2.70631212749063e-05
195.65,2.72261811191573e-05
195.66,2.73908784574172e-05
195.67,2.75572352093429e-05
195.68,2.77252659500025e-05
195.69,2.78949868611214e-05
195.7,2.80664154842752e-05
195.71,2.82395695863128e-05
195.72,2.84144671616455e-05
195.73,2.85911264345358e-05
195.74,2.8769565861381e-05
195.75,2.89498041330076e-05
195.76,2.91318601769548e-05
195.77,2.93157531597636e-05
195.78,2.95015024892646e-05
195.79,2.9689127816866e-05
195.8,2.98786490398422e-05
195.81,3.0070086303618e-05
195.82,3.02634628964983e-05
195.83,3.04587977598668e-05
195.84,3.06561116373006e-05
195.85,3.0855425823337e-05
195.86,3.10567618815429e-05
195.87,3.12601416470856e-05
195.88,3.14655872293166e-05
195.89,3.16731210143435e-05
195.9,3.18827656676069e-05
195.91,3.20945441364578e-05
195.92,3.23084796527329e-05
195.93,3.25245957353331e-05
195.94,3.27429161927943e-05
195.95,3.29634651258719e-05
195.96,3.31862669301114e-05
195.97,3.34113554246133e-05
195.98,3.36387498188889e-05
195.99,3.38684759609513e-05
196,3.41005600891854e-05
196.01,3.43350288062621e-05
196.02,3.45719090838875e-05
196.03,3.48112282675514e-05
196.04,3.50530140812747e-05
196.05,3.52972946323595e-05
196.06,3.55440984161312e-05
196.07,3.57934543206953e-05
196.08,3.6045390607956e-05
196.09,3.62999361787946e-05
196.1,3.65571219847587e-05
196.11,3.68169783701936e-05
196.12,3.70795360811616e-05
196.13,3.73448262696189e-05
196.14,3.76128804975787e-05
196.15,3.78837307412811e-05
196.16,3.81574093953617e-05
196.17,3.84339492770204e-05
196.18,3.87133836301912e-05
196.19,3.89957461297052e-05
196.2,3.92810720009781e-05
196.21,3.95693951925922e-05
196.22,3.98607506964766e-05
196.23,4.01551740374134e-05
196.24,4.04527011994647e-05
196.25,4.075336863044e-05
196.26,4.1057213246349e-05
196.27,4.13642724358619e-05
196.28,4.16745840647676e-05
196.29,4.19881864804325e-05
196.3,4.23051185162613e-05
196.31,4.26254237498044e-05
196.32,4.29491483330161e-05
196.33,4.32763285835305e-05
196.34,4.36070067894152e-05
196.35,4.39412259205599e-05
196.36,4.42790296419063e-05
196.37,4.46204623266666e-05
196.38,4.49655690695622e-05
196.39,4.53143957000432e-05
196.4,4.5666982431363e-05
196.41,4.60233762231977e-05
196.42,4.63836264220261e-05
196.43,4.674778073584e-05
196.44,4.7115887535029e-05
196.45,4.74879958587271e-05
196.46,4.78641554211377e-05
196.47,4.82444166178695e-05
196.48,4.86288305322725e-05
196.49,4.9017443937622e-05
196.5,4.941031183059e-05
196.51,4.98074868872655e-05
196.52,5.0209022374409e-05
196.53,5.06149722063122e-05
196.54,5.10253909476063e-05
196.55,5.14403338160725e-05
196.56,5.18598566854401e-05
196.57,5.22840192572123e-05
196.58,5.27128881997203e-05
196.59,5.31465178829194e-05
196.6,5.35849694506703e-05
196.61,5.4028305110885e-05
196.62,5.44765881634437e-05
196.63,5.4929883028136e-05
196.64,5.53882552681174e-05
196.65,5.58517716241558e-05
196.66,5.63205000441333e-05
196.67,5.67945097049887e-05
196.68,5.72738710429451e-05
196.69,5.77586557814098e-05
196.7,5.82489369589012e-05
196.71,5.87447677125232e-05
196.72,5.92462280898602e-05
196.73,5.97533930208025e-05
196.74,6.02663362509566e-05
196.75,6.07851323745972e-05
196.76,6.13098578953859e-05
196.77,6.18405969458092e-05
196.78,6.2377423653838e-05
196.79,6.29204174886473e-05
196.8,6.34696589124355e-05
196.81,6.40252293804121e-05
196.82,6.45872185663727e-05
196.83,6.51557212430247e-05
196.84,6.57308174857491e-05
196.85,6.63125961627017e-05
196.86,6.69011474622338e-05
196.87,6.74965628928793e-05
196.88,6.8098938086042e-05
196.89,6.87083679732126e-05
196.9,6.93249477351086e-05
196.91,6.99487749325373e-05
196.92,7.05799485180654e-05
196.93,7.12185688360227e-05
196.94,7.18647374486278e-05
196.95,7.25185575343393e-05
196.96,7.31801335915661e-05
196.97,7.38495714989886e-05
196.98,7.45269785240911e-05
196.99,7.5212464751035e-05
197,7.59061473950566e-05
197.01,7.66081351328229e-05
197.02,7.7318542244304e-05
197.03,7.80374845396695e-05
197.04,7.87650793592882e-05
197.05,7.95014532232015e-05
197.06,8.02467356841507e-05
197.07,8.1001045158045e-05
197.08,8.17645083032775e-05
197.09,8.25372536109433e-05
197.1,8.33194114048391e-05
197.11,8.4111122350458e-05
197.12,8.49125215182849e-05
197.13,8.5723744303277e-05
197.14,8.65449304750903e-05
197.15,8.73762218300234e-05
197.16,8.82177621910172e-05
197.17,8.90697093035501e-05
197.18,8.99322074552119e-05
197.19,9.08054079909847e-05
197.2,9.16894650305264e-05
197.21,9.25845349170903e-05
197.22,9.34907775662213e-05
197.23,9.44083631691765e-05
197.24,9.53374510727775e-05
197.25,9.62782082798195e-05
197.26,9.72308041875004e-05
197.27,9.81954105874269e-05
197.28,9.91722045434547e-05
197.29,0.000100161368198039
197.3,0.000101163078339984
197.31,0.000102177517851778
197.32,0.000103204872153793
197.33,0.000104245329204268
197.34,0.000105299096651883
197.35,0.000106366377596545
197.36,0.000107447363629576
197.37,0.00010854225832515
197.38,0.000109651268303066
197.39,0.000110774603228724
197.4,0.000111912498860494
197.41,0.000113065170031943
197.42,0.000114232835922499
197.43,0.000115415723526827
197.44,0.000116614063354072
197.45,0.000117828089680899
197.46,0.00011905806668738
197.47,0.000120304222677857
197.48,0.000121566805322688
197.49,0.000122846066071256
197.5,0.000124142260152008
197.51,0.00012545564657243
197.52,0.00012678648904158
197.53,0.000128135058469996
197.54,0.000129501623012839
197.55,0.000130886457453545
197.56,0.000132289840409929
197.57,0.000133712054334231
197.58,0.000135153385513089
197.59,0.000136614157026641
197.6,0.000138094714778561
197.61,0.0001395953277346
197.62,0.000141116309272485
197.63,0.000142657977575258
197.64,0.000144220655631233
197.65,0.000145804671234013
197.66,0.000147410396578446
197.67,0.00014903818826038
197.68,0.000150688374606238
197.69,0.000152361311837222
197.7,0.000154057361728716
197.71,0.000155776891610247
197.72,0.000157520274365494
197.73,0.000159287930683785
197.74,0.000161080241521139
197.75,0.000162897592954009
197.76,0.000164740387256217
197.77,0.000166609032830461
197.78,0.000168503944208312
197.79,0.000170425542050215
197.8,0.000172374336647977
197.81,0.000174350726662815
197.82,0.000176355158001301
197.83,0.000178388086865886
197.84,0.000180449976458209
197.85,0.000182541296979094
197.86,0.000184662538419118
197.87,0.000186814281187758
197.88,0.00018899696894666
197.89,0.000191211113165724
197.9,0.000193457233433358
197.91,0.000195735857456472
197.92,0.000198047521060485
197.93,0.000200392801561459
197.94,0.000202772324263526
197.95,0.00020518661027687
197.96,0.000207636242158425
197.97,0.000210121811767281
197.98,0.000212643920264694
197.99,0.000215203178114034
198,0.000217800267232413
198.01,0.000220435863316324
198.02,0.000223110575007647
198.03,0.000225825066300156
198.04,0.000228580011823992
198.05,0.00023137609684568
198.06,0.000234214017268061
198.07,0.000237094586850266
198.08,0.000240018530860637
198.09,0.00024298656066873
198.1,0.000245999434700676
198.11,0.000249057923627364
198.12,0.000252162810364371
198.13,0.000255314890072063
198.14,0.000258515136065749
198.15,0.00026176431549037
198.16,0.000265063266297485
198.17,0.000268412856262228
198.18,0.00027181396727901
198.19,0.000275267495361445
198.2,0.000278774361590331
198.21,0.000282335657703392
198.22,0.000285952256937749
198.23,0.000289625144430421
198.24,0.000293355324351765
198.25,0.000297143820217894
198.26,0.000300991675202871
198.27,0.000304899955702971
198.28,0.000308869773676682
198.29,0.000312902221716323
198.3,0.000316998430485549
198.31,0.000321159552713546
198.32,0.000325386763560244
198.33,0.000329681260981295
198.34,0.000334044271485194
198.35,0.000338477071439708
198.36,0.000342980916668887
198.37,0.000347557106799826
198.38,0.000352206967085847
198.39,0.000356931848833974
198.4,0.000361733129832539
198.41,0.000366612222942365
198.42,0.000371570594826605
198.43,0.00037660969141262
198.44,0.000381731008746338
198.45,0.000386936072672595
198.46,0.000392226439335754
198.47,0.000397603695680451
198.48,0.00040306947052021
198.49,0.000408625447539733
198.5,0.000414273295621567
198.51,0.000420014738432854
198.52,0.000425851534186455
198.53,0.000431785476218448
198.54,0.000437818393565629
198.55,0.000443952166503804
198.56,0.000450188733754977
198.57,0.000456530020300391
198.58,0.000462978013915687
198.59,0.000469534742441059
198.6,0.00047620227444975
198.61,0.000482982719916586
198.62,0.000489878254513605
198.63,0.000496891117843262
198.64,0.000504023530187704
198.65,0.000511277787656202
198.66,0.00051865623310577
198.67,0.000526161256932797
198.68,0.000533795297864733
198.69,0.000541560873387598
198.7,0.000549460565009459
198.71,0.000557496943712697
198.72,0.000565672664679008
198.73,0.000573990437571419
198.74,0.000582453027459962
198.75,0.000591063255747807
198.76,0.000599824030907423
198.77,0.000608738324966929
198.78,0.000617809119848523
198.79,0.000627039485349942
198.8,0.000636432554213624
198.81,0.000645991523173413
198.82,0.000655719654001802
198.83,0.000665620317819171
198.84,0.000675696950028431
198.85,0.000685952997726871
198.86,0.000696392011536361
198.87,0.000707017614960465
198.88,0.000717833505590623
198.89,0.000728843456311751
198.9,0.000740051391222665
198.91,0.000751461291675073
198.92,0.000763077142188964
198.93,0.000774903057726129
198.94,0.00078694323868585
198.95,0.000799201972361144
198.96,0.000811683634394337
198.97,0.000824392768349873
198.98,0.000837333973767278
198.99,0.00085051188323873
199,0.000863931268168022
199.01,0.000877596999541261
199.02,0.000891514049622377
199.03,0.000905687493648572
199.04,0.000920122549255854
199.05,0.000934824517586665
199.06,0.000949798787196326
199.07,0.000965050874617331
199.08,0.000980586409596794
199.09,0.000996411136898609
199.1,0.00101253091810553
199.11,0.00102895183083321
199.12,0.00104568000097636
199.13,0.00106272164180691
199.14,0.0010800831301279
199.15,0.001097770972799
199.16,0.00111579180879345
199.17,0.00113415241125502
199.18,0.00115285985928758
199.19,0.00117192125693826
199.2,0.00119134381090537
199.21,0.00121113492989959
199.22,0.00123130218041692
199.23,0.00125185329592084
199.24,0.00127279621408762
199.25,0.00129413898232003
199.26,0.00131588984300735
199.27,0.00133805721403771
199.28,0.00136064969201543
199.29,0.00138367591207397
199.3,0.00140714469863906
199.31,0.00143106516493998
199.32,0.00145544653103562
199.33,0.00148029819403165
199.34,0.00150563007246141
199.35,0.00153145187443091
199.36,0.00155777362445553
199.37,0.00158460561645267
199.38,0.00161195860629206
199.39,0.00163984317227708
199.4,0.00166827023824458
199.41,0.00169725101660891
199.42,0.00172679697025413
199.43,0.00175691965858826
199.44,0.00178763090830725
199.45,0.00181894289363469
199.46,0.00185086794220291
199.47,0.00188341856712833
199.48,0.00191660753811587
199.49,0.00195044821135393
199.5,0.00198495380325852
199.51,0.00202013788364395
199.52,0.00205601433660669
199.53,0.00209259761583759
199.54,0.00212990201972538
199.55,0.00216794225989015
199.56,0.0022067334546523
199.57,0.00224629110899128
199.58,0.00228663072174455
199.59,0.00232776819153392
199.6,0.00236971980087181
199.61,0.00241250239591538
199.62,0.00245613267888732
199.63,0.00250062781798947
199.64,0.00254600533593915
199.65,0.0025922835541473
199.66,0.00263948046148199
199.67,0.00268761460071813
199.68,0.00273670483643302
199.69,0.00278677098582074
199.7,0.00283783247895423
199.71,0.00288990932300806
199.72,0.0029430218804851
199.73,0.00299719134977563
199.74,0.00305243886597623
199.75,0.0031087859402051
199.76,0.00316625452040128
199.77,0.00322486731277455
199.78,0.00328464722912896
199.79,0.00334561738446692
199.8,0.00340780140860512
199.81,0.00347122358036661
199.82,0.00353590868980285
199.83,0.00360188165436246
199.84,0.00366916798662669
199.85,0.00373779366041747
199.86,0.00380778523694212
199.87,0.00387916962440715
199.88,0.00395197426401943
199.89,0.00402622709478303
199.9,0.00410195656800843
199.91,0.00417919165353354
199.92,0.00425796182428794
199.93,0.00433829708718367
199.94,0.00442022798350764
199.95,0.00450378562520921
199.96,0.00458900164709741
199.97,0.00467590824830353
199.98,0.00476453819661399
199.99,0.00485492487106328
200,0.0049471022964935
200.01,0.00504110499023505
200.02,0.00513696811935802
200.03,0.00523472746736826
200.04,0.00533441957235734
200.05,0.00543608151257657
200.06,0.00553975101797499
200.07,0.00564546650289738
200.08,0.00575326708501053
200.09,0.00586319265350811
200.1,0.00597528367833483
200.11,0.00608958139244923
200.12,0.00620612775605759
200.13,0.00632496557626358
200.14,0.00644613835415863
200.15,0.00656969033212801
200.16,0.00669566656329499
200.17,0.0068241129258592
200.18,0.00695507632928958
200.19,0.00708860424082284
200.2,0.00722474508409507
200.21,0.0073635481518863
200.22,0.0075050637618728
200.23,0.007649343146696
200.24,0.00779643832746496
200.25,0.00794640234562505
200.26,0.00809928920939894
200.27,0.00825515420692523
200.28,0.00841405331254279
200.29,0.00857604364653755
200.3,0.00874118339147447
200.31,0.00890953191262457
200.32,0.0090811498060854
200.33,0.00925609855556125
200.34,0.00943444090663821
200.35,0.00961624078639671
200.36,0.00980156358847268
200.37,0.00999047573863324
200.38,0.0101830449262065
200.39,0.0103793401752862
200.4,0.0105794318775992
200.41,0.0107833919665019
200.42,0.0109912934890721
200.43,0.0112032110072503
200.44,0.0114192205225872
200.45,0.0116393996190954
200.46,0.0118638273444569
200.47,0.0120925842079062
200.48,0.0123257523202633
200.49,0.0125634153826731
200.5,0.012805658813176
200.51,0.0130525695601446
200.52,0.0133042362924099
200.53,0.0135607493858537
200.54,0.0138222009280295
200.55,0.0140886847456019
200.56,0.0143602965025183
200.57,0.0146371336569979
200.58,0.0149192955101065
200.59,0.0152068829362999
200.6,0.0154999989236568
200.61,0.0157987483700343
200.62,0.0161032380497615
200.63,0.0164135766092886
200.64,0.0167298742718472
200.65,0.0170522437503686
200.66,0.0173807995455465
200.67,0.0177156581606542
200.68,0.0180569376824029
200.69,0.0184047582333236
200.7,0.0187592423417834
200.71,0.0191205143506877
200.72,0.0194887006341484
200.73,0.0198639284245086
200.74,0.0202463282580536
200.75,0.0206360322473753
200.76,0.0210331744693822
200.77,0.021437890592013
200.78,0.0218503176020333
200.79,0.0222705955474519
200.8,0.0226988659163329
200.81,0.0231352720898501
200.82,0.0235799581919003
200.83,0.024033070869501
200.84,0.0244947587940932
200.85,0.0249651721196672
200.86,0.0254444625520624
200.87,0.0259327819820158
200.88,0.0264302857802741
200.89,0.0269371301594047
200.9,0.0274534728306449
200.91,0.0279794720470392
200.92,0.0285152871799749
200.93,0.0290610800554509
200.94,0.0296170131586191
200.95,0.0301832501346412
200.96,0.030759953958541
200.97,0.031347290337937
200.98,0.0319454254799394
200.99,0.0325545262799645
201,0.0331747599882664
201.01,0.0338062935129879
201.02,0.0344492958178226
201.03,0.0351039356998724
201.04,0.0357703823090475
201.05,0.0364488040779692
201.06,0.0371393697212509
201.07,0.0378422483789883
201.08,0.0385576087346013
201.09,0.0392856188613368
201.1,0.040026446701268
201.11,0.0407802595942358
201.12,0.041547224209771
201.13,0.042327506358151
201.14,0.0431212711105169
201.15,0.0439286825182632
201.16,0.0447499033302285
201.17,0.0455850948791147
201.18,0.0464344174802913
201.19,0.0472980298183369
201.2,0.0481760886012574
201.21,0.0490687489084563
201.22,0.049976164020794
201.23,0.0508984851000513
201.24,0.0518358609598006
201.25,0.0527884382787768
201.26,0.0537563612337524
201.27,0.0547397714336231
201.28,0.0557388078051807
201.29,0.0567536064244733
201.3,0.0577843004194456
201.31,0.0588310198973587
201.32,0.0598938917820913
201.33,0.0609730395897112
201.34,0.0620685834163886
201.35,0.0631806398931394
201.36,0.0643093221274301
201.37,0.0654547391397259
201.38,0.0666169961402297
201.39,0.0677961944116285
201.4,0.0689924315365033
201.41,0.0702058002748693
201.42,0.0714363892567354
201.43,0.0726842827157162
201.44,0.0739495611308385
201.45,0.0752322994376939
201.46,0.0765325681801905
201.47,0.0778504330841579
201.48,0.0791859561276061
201.49,0.0805391931698592
201.5,0.0819101953937047
201.51,0.0832990089078937
201.52,0.0847056757744832
201.53,0.0861302320415238
201.54,0.0875727084730188
201.55,0.0890331306808866
201.56,0.0905115198412427
201.57,0.0920078914652021
201.58,0.0935222552016724
201.59,0.0950546155350348
201.6,0.0966049721829507
201.61,0.0981733196110688
201.62,0.0997596459449111
201.63,0.101363934195351
201.64,0.10298616238212
201.65,0.104626303768897
201.66,0.106284324856262
201.67,0.107960187177909
201.68,0.109653847109945
201.69,0.111365256791933
201.7,0.113094361352729
201.71,0.114841101146548
201.72,0.116605411287354
201.73,0.118387223046764
201.74,0.120186460729684
201.75,0.122003044046793
201.76,0.123836887530202
201.77,0.125687902210626
201.78,0.127555992413514
201.79,0.129441058010495
201.8,0.131342993988488
201.81,0.133261691565853
201.82,0.135197036390434
201.83,0.137148909416977
201.84,0.139117187127298
201.85,0.14110174223251
201.86,0.14310244273668
201.87,0.145119151933407
201.88,0.147151729070936
201.89,0.149200029778378
201.9,0.151263905765445
201.91,0.153343204123004
201.92,0.155437768371417
201.93,0.157547438537598
201.94,0.159672051357807
201.95,0.161811439354839
201.96,0.16396543186474
201.97,0.166133854916908
201.98,0.168316531494307
201.99,0.170513281211761
202,0.172723920724771
202.01,0.174948263858064
202.02,0.177186121543709
202.03,0.179437301982075
202.04,0.181701610948831
202.05,0.183978852024644
202.06,0.186268826055194
202.07,0.188571331811359
202.08,0.190886165413169
202.09,0.193213121401533
202.1,0.195551992198423
202.11,0.19790256815973
202.12,0.200264637756515
202.13,0.202637987922774
202.14,0.205022403924988
202.15,0.207417670040198
202.16,0.209823568628257
202.17,0.212239880967467
202.18,0.214666387808136
202.19,0.21710286880668
202.2,0.219549102585115
202.21,0.22200486690332
202.22,0.224469937792109
202.23,0.226944091912732
202.24,0.229427104919473
202.25,0.231918750106472
202.26,0.234418801342876
202.27,0.236927031785129
202.28,0.23944321487845
202.29,0.241967125034294
202.3,0.244498534641454
202.31,0.247037216879848
202.32,0.249582945392639
202.33,0.252135493878421
202.34,0.254694636563497
202.35,0.257260146621509
202.36,0.259831797214035
202.37,0.262409363188749
202.38,0.264992619244052
202.39,0.267581341418489
202.4,0.270175305363513
202.41,0.272774287702193
202.42,0.275378065116238
202.43,0.277986415234098
202.44,0.280599116596687
202.45,0.283215948542939
202.46,0.2858366920329
202.47,0.28846112819719
202.48,0.291089039538404
202.49,0.293720209090798
202.5,0.296354421154961
202.51,0.298991461466932
202.52,0.301631116721875
202.53,0.30427317420454
202.54,0.306917423078524
202.55,0.309563653514744
202.56,0.312211657112768
202.57,0.31486122680013
202.58,0.317512156786739
202.59,0.320164242743174
202.6,0.322817281637034
202.61,0.325471072094388
202.62,0.328125414208836
202.63,0.330780109251084
202.64,0.333434959952547
202.65,0.336089770903423
202.66,0.338744348089676
202.67,0.341398498893885
202.68,0.344052032472229
202.69,0.346704759514717
202.7,0.349356492333117
202.71,0.352007045039229
202.72,0.354656233254996
202.73,0.357303874360361
202.74,0.359949787460417
202.75,0.362593792897369
202.76,0.365235713225517
202.77,0.367875372619836
202.78,0.370512596987054
202.79,0.373147213258147
202.8,0.375779050688208
202.81,0.37840794019016
202.82,0.381033714322724
202.83,0.383656207293909
202.84,0.386275255082882
202.85,0.388890695403274
202.86,0.391502367688515
202.87,0.394110113227837
202.88,0.396713775010264
202.89,0.399313197751787
202.9,0.401908227969076
202.91,0.404498713605133
202.92,0.407084504432449
202.93,0.409665452164266
202.94,0.412241410134629
202.95,0.414812233028711
202.96,0.417377777288114
202.97,0.419937901375699
202.98,0.422492465260343
202.99,0.425041330586888
203,0.42758436072672
203.01,0.43012142067948
203.02,0.432652377106492
203.03,0.435177098342581
203.04,0.4376954543819
203.05,0.440207316971868
203.06,0.442712559403901
203.07,0.445211056659613
203.08,0.447702685372738
203.09,0.450187323680411
203.1,0.45266485046339
203.11,0.455135147383873
203.12,0.457598097215001
203.13,0.460053584276355
203.14,0.462501494234101
203.15,0.464941713990355
203.16,0.467374132445948
203.17,0.469798639746444
203.18,0.472215127479773
203.19,0.474623489583476
203.2,0.477023621482137
203.21,0.479415419154801
203.22,0.481798780576404
203.23,0.484173605238922
203.24,0.486539792453788
203.25,0.488897244101971
203.26,0.49124586375165
203.27,0.493585555931977
203.28,0.495916226483895
203.29,0.498237784462242
203.3,0.500550138193513
203.31,0.502853197989684
203.32,0.505146875625613
203.33,0.507431084014903
203.34,0.509705735441418
203.35,0.511970746044408
203.36,0.514226032205456
203.37,0.516471511486026
203.38,0.518707103019438
203.39,0.520932727864573
203.4,0.523148306961464
203.41,0.52535376298714
203.42,0.527549019815132
203.43,0.529734002760222
203.44,0.531908638373082
203.45,0.53407285408946
203.46,0.53622657868823
203.47,0.538369742135533
203.48,0.540502274362454
203.49,0.542624107153038
203.5,0.544735173705331
203.51,0.546835407939202
203.52,0.548924744789789
203.53,0.551003120846474
203.54,0.553070473141164
203.55,0.555126739730837
203.56,0.557171859768845
203.57,0.559205773396898
203.58,0.561228422997477
203.59,0.563239750625238
203.6,0.565239699707148
203.61,0.567228214774952
203.62,0.569205241350923
203.63,0.571170723555167
203.64,0.573124609348191
203.65,0.575066846498444
203.66,0.576997383611435
203.67,0.578916170288864
203.68,0.58082315863496
203.69,0.582718299417357
203.7,0.584601545108089
203.71,0.586472849062588
203.72,0.588332165417439
203.73,0.590179448791088
203.74,0.592014655190979
203.75,0.593837741229534
203.76,0.595648664325535
203.77,0.597447382756955
203.78,0.599233855713638
203.79,0.601008042958844
203.8,0.602769905121778
203.81,0.604519403602601
203.82,0.606256500493522
203.83,0.60798115860246
203.84,0.609693341618897
203.85,0.611393013892233
203.86,0.613080140490214
203.87,0.614754687189258
203.88,0.616416620482572
203.89,0.618065907850334
203.9,0.619702517030003
203.91,0.621326416606091
203.92,0.622937575834818
203.93,0.624535964635236
203.94,0.626121553580317
203.95,0.627694314117246
203.96,0.629254218147499
203.97,0.630801238154774
203.98,0.632335347318422
203.99,0.633856519439393
204,0.635364728932183
204.01,0.636859950902406
204.02,0.638342161145812
204.03,0.639811335813701
204.04,0.641267451755844
204.05,0.642710486404802
204.06,0.644140417768433
204.07,0.645557224424816
204.08,0.646960885904081
204.09,0.648351381760044
204.1,0.649728692308558
204.11,0.65109279841667
204.12,0.652443681496037
204.13,0.653781323496404
204.14,0.6551057070613
204.15,0.656416815260083
204.16,0.657714631608441
204.17,0.658999140204958
204.18,0.660270325663004
204.19,0.661528173104763
204.2,0.662772668190809
204.21,0.664003797144866
204.22,0.66522154654755
204.23,0.666425903528382
204.24,0.667616855700937
204.25,0.668794391157273
204.26,0.669958498462295
204.27,0.671109166945573
204.28,0.672246385995427
204.29,0.673370145597727
204.3,0.674480436208707
204.31,0.6755772487368
204.32,0.676660574537483
204.33,0.67773040540806
204.34,0.678786733872536
204.35,0.679829552707956
204.36,0.680858854947502
204.37,0.681874634191135
204.38,0.682876884466551
204.39,0.683865600224649
204.4,0.684840776335035
204.41,0.685802408187155
204.42,0.686750491765862
204.43,0.687685023040033
204.44,0.688605998579384
204.45,0.689513415359605
204.46,0.690407270758407
204.47,0.691287562551605
204.48,0.69215428890919
204.49,0.693007448697436
204.5,0.693847040745335
204.51,0.694673064422928
204.52,0.695485519493908
204.53,0.696284406103946
204.54,0.697069724777186
204.55,0.697841476412739
204.56,0.698599662457443
204.57,0.699344284605747
204.58,0.700075344830261
204.59,0.70079284554609
204.6,0.70149678953271
204.61,0.702187179930864
204.62,0.702864020239445
204.63,0.703527314381549
204.64,0.704177066733643
204.65,0.704813281774208
204.66,0.705435964446675
204.67,0.706045120043067
204.68,0.706640754201254
204.69,0.70722287290218
204.7,0.707791482467136
204.71,0.708346589774599
204.72,0.708888201727676
204.73,0.709416325684371
204.74,0.709930969339223
204.75,0.710432140718557
204.76,0.710919848178012
204.77,0.711394100400088
204.78,0.711854906534285
204.79,0.712302275942958
204.8,0.712736218251753
204.81,0.713156743463997
204.82,0.713563861902621
204.83,0.713957584207969
204.84,0.714337921335636
204.85,0.714704884579923
204.86,0.715058485701634
204.87,0.715398736506841
204.88,0.715725649222974
204.89,0.716039236386313
204.9,0.716339510840081
204.91,0.716626485732524
204.92,0.716900174515005
204.93,0.717160591026375
204.94,0.717407749345007
204.95,0.71764166380359
204.96,0.717862349070695
204.97,0.71806982011161
204.98,0.718264092186598
204.99,0.718445180849169
205,0.718613101957677
205.01,0.718767871762892
205.02,0.718909506635236
205.03,0.719038023304013
205.04,0.719153438785877
205.05,0.719255770383256
205.06,0.719345035682784
205.07,0.719421252553727
205.08,0.719484439226395
205.09,0.719534614161415
205.1,0.719571796048397
205.11,0.719596003894462
205.12,0.719607256984565
205.13,0.719605574880091
205.14,0.719590977417458
205.15,0.719563484714738
205.16,0.719523117242923
205.17,0.719469895615179
205.18,0.719403840768986
205.19,0.719324973911922
205.2,0.71923331652038
205.21,0.719128890338293
205.22,0.719011717375855
205.23,0.718881819940099
205.24,0.718739220584852
205.25,0.718583942102997
205.26,0.718416007566553
205.27,0.718235440308676
205.28,0.718042263922459
205.29,0.717836502259717
205.3,0.717618179435274
205.31,0.717387319894639
205.32,0.717143948219773
205.33,0.716888089296899
205.34,0.716619768266442
205.35,0.71633901052191
205.36,0.716045841708765
205.37,0.715740287723309
205.38,0.715422374718952
205.39,0.715092129189949
205.4,0.714749577729891
205.41,0.714394747241729
205.42,0.714027664875535
205.43,0.713648358027476
205.44,0.713256854338808
205.45,0.712853181694842
205.46,0.712437368227413
205.47,0.712009442350376
205.48,0.711569432653956
205.49,0.711117367995943
205.5,0.710653277473924
205.51,0.710177190424328
205.52,0.709689136421446
205.53,0.709189145276461
205.54,0.708677247036832
205.55,0.708153471988733
205.56,0.707617850646189
205.57,0.707070413758842
205.58,0.706511192308451
205.59,0.705940217507921
205.6,0.705357520800335
205.61,0.704763133857983
205.62,0.70415708858734
205.63,0.703539417181042
205.64,0.702910151961555
205.65,0.702269325518033
205.66,0.701616970665266
205.67,0.700953120442782
205.68,0.700277808113945
205.69,0.699591067165077
205.7,0.698892931312304
205.71,0.698183434564867
205.72,0.697462611033539
205.73,0.696730495099444
205.74,0.69598712136374
205.75,0.69523252464678
205.76,0.69446673998732
205.77,0.693689802641705
205.78,0.692901748077777
205.79,0.69210261193368
205.8,0.691292430138586
205.81,0.690471238803343
205.82,0.689639074251309
205.83,0.688795973017502
205.84,0.687941971847732
205.85,0.687077107697732
205.86,0.68620141772506
205.87,0.6853149392376
205.88,0.684417709848944
205.89,0.68350976733651
205.9,0.682591149682131
205.91,0.681661895071123
205.92,0.680722041891354
205.93,0.679771628732312
205.94,0.678810694384194
205.95,0.677839277977371
205.96,0.676857418666746
205.97,0.675865155838112
205.98,0.674862529098695
205.99,0.673849578254615
206,0.672826343310064
206.01,0.671792864466548
206.02,0.670749182122094
206.03,0.669695336938725
206.04,0.668631369742685
206.05,0.667557321489433
206.06,0.666473233373216
206.07,0.665379146783062
206.08,0.664275103302139
206.09,0.663161144707072
206.1,0.662037312967282
206.11,0.660903650171215
206.12,0.659760198451937
206.13,0.658607000472075
206.14,0.65744409892448
206.15,0.656271536686334
206.16,0.655089356818207
206.17,0.653897602563117
206.18,0.652696317345582
206.19,0.651485544770704
206.2,0.650265328441015
206.21,0.649035712406457
206.22,0.647796740787946
206.23,0.646548457877927
206.24,0.645290908141698
206.25,0.644024136216269
206.26,0.642748186909298
206.27,0.641463105197986
206.28,0.64016893669669
206.29,0.638865726744181
206.3,0.637553520747174
206.31,0.63623236444543
206.32,0.6349023037543
206.33,0.633563384764255
206.34,0.632215653740385
206.35,0.6308591571219
206.36,0.629493941481325
206.37,0.62812005355221
206.38,0.626737540324425
206.39,0.62534644891443
206.4,0.623946826608566
206.41,0.622538720862459
206.42,0.621122179300434
206.43,0.619697249714917
206.44,0.61826397998311
206.45,0.61682241753278
206.46,0.615372610920071
206.47,0.613914608453006
206.48,0.612448458581783
206.49,0.610974209896753
206.5,0.609491911126297
206.51,0.608001611399389
206.52,0.60650336011029
206.53,0.604997206247004
206.54,0.60348319921519
206.55,0.601961388569882
206.56,0.600431824014827
206.57,0.59889455540173
206.58,0.597349633218003
206.59,0.595797107700489
206.6,0.594237029123189
206.61,0.592669448075657
206.62,0.591094415314174
206.63,0.589511981762375
206.64,0.587922198511962
206.65,0.586325115488094
206.66,0.584720784673657
206.67,0.583109257478634
206.68,0.581490585455323
206.69,0.579864820304695
206.7,0.578232013876334
206.71,0.576592217410879
206.72,0.574945482864922
206.73,0.573291862668664
206.74,0.571631409090707
206.75,0.569964174533214
206.76,0.568290211531939
206.77,0.566609572834605
206.78,0.564922311426432
206.79,0.563228480158068
206.8,0.561528132138942
206.81,0.559821320615573
206.82,0.55810809897151
206.83,0.556388520727369
206.84,0.554662639601077
206.85,0.55293050936182
206.86,0.551192183948902
206.87,0.549447717439966
206.88,0.547697164050411
206.89,0.545940578133439
206.9,0.544178013642143
206.91,0.54240952506204
206.92,0.540635167258967
206.93,0.538854995011562
206.94,0.537069063225501
206.95,0.535277426933431
206.96,0.533480140942904
206.97,0.531677259699513
206.98,0.529868839012432
206.99,0.528054934242727
207,0.526235600862572
207.01,0.524410894455291
207.02,0.522580870715344
207.03,0.520745585586146
207.04,0.518905094924991
207.05,0.517059454775633
207.06,0.515208721296284
207.07,0.513352950757831
207.08,0.511492199543877
207.09,0.509626524293892
207.1,0.507755981754446
207.11,0.505880628572208
207.12,0.504000521626003
207.13,0.502115717911112
207.14,0.500226274539313
207.15,0.498332248738874
207.16,0.496433696833764
207.17,0.494530676721937
207.18,0.492623245865101
207.19,0.490711461815025
207.2,0.488795382228286
207.21,0.486875064866313
207.22,0.484950566975349
207.23,0.483021945921789
207.24,0.48108926011069
207.25,0.479152567529526
207.26,0.477211926254145
207.27,0.47526739444876
207.28,0.473319030365946
207.29,0.47136689265625
207.3,0.469411039617603
207.31,0.467451529802375
207.32,0.46548842185993
207.33,0.463521774531553
207.34,0.461551646650436
207.35,0.459578097278866
207.36,0.457601185569639
207.37,0.455620970557967
207.38,0.453637511487683
207.39,0.451650867698208
207.4,0.449661098624537
207.41,0.447668263797241
207.42,0.44567242150977
207.43,0.443673632074251
207.44,0.441671955174333
207.45,0.439667450550552
207.46,0.437660178025408
207.47,0.43565019750335
207.48,0.433637568757628
207.49,0.43162235081615
207.5,0.42960460434951
207.51,0.427584389432046
207.52,0.425561766206745
207.53,0.423536794885234
207.54,0.421509535747787
207.55,0.419480049260836
207.56,0.417448396003137
207.57,0.415414636370368
207.58,0.413378830956852
207.59,0.411341040428821
207.6,0.409301325524419
207.61,0.407259747053686
207.62,0.405216366091618
207.63,0.403171243647112
207.64,0.401124440697559
207.65,0.399076018381475
207.66,0.397026037912608
207.67,0.39497456057993
207.68,0.392921647747633
207.69,0.390867359819049
207.7,0.388811758563135
207.71,0.386754905564993
207.72,0.38469686233283
207.73,0.382637690437541
207.74,0.380577451512756
207.75,0.378516207190627
207.76,0.376454018155833
207.77,0.374390946748352
207.78,0.372327054716955
207.79,0.370262403861564
207.8,0.368197056033235
207.81,0.366131073134209
207.82,0.364064517199969
207.83,0.361997450481199
207.84,0.359929934942171
207.85,0.35786203274892
207.86,0.355793806124391
207.87,0.353725317348491
207.88,0.351656629221339
207.89,0.349587804315315
207.9,0.34751890502147
207.91,0.345449993986056
207.92,0.343381133925325
207.93,0.341312387624471
207.94,0.339243817067398
207.95,0.337175485505634
207.96,0.335107455792622
207.97,0.333039790837472
207.98,0.330972553604952
207.99,0.328905806692771
208,0.326839612296726
208.01,0.324774033873891
208.02,0.322709134369641
208.03,0.32064497676157
208.04,0.318581624059491
208.05,0.316519139750429
208.06,0.31445758698815
208.07,0.312397028857037
208.08,0.310337528614326
208.09,0.308279149560572
208.1,0.306221955197094
208.11,0.304166011650121
208.12,0.302111381328515
208.13,0.300058128189571
208.14,0.298006316282085
208.15,0.295956009746344
208.16,0.293907272026178
208.17,0.291860166291421
208.18,0.289814757379834
208.19,0.287771109425319
208.2,0.285729286617458
208.21,0.283689353201496
208.22,0.281651372674453
208.23,0.279615409269405
208.24,0.277581527303819
208.25,0.275549790968889
208.26,0.273520264569788
208.27,0.27149301365012
208.28,0.26946810216221
208.29,0.267445594725184
208.3,0.265425556021683
208.31,0.263408051539419
208.32,0.261393147583432
208.33,0.259380908752358
208.34,0.257371400547317
208.35,0.255364688596117
208.36,0.253360837555745
208.37,0.251359912874226
208.38,0.249361980501159
208.39,0.247367106135147
208.4,0.245375355554289
208.41,0.243386793854598
208.42,0.241401487162494
208.43,0.239419501320485
208.44,0.237440902228843
208.45,0.235465756231698
208.46,0.233494130546757
208.47,0.231526091000287
208.48,0.229561704117545
208.49,0.227601036526787
208.5,0.225644155912666
208.51,0.223691129782674
208.52,0.221742025045676
208.53,0.219796909186379
208.54,0.217855849841048
208.55,0.215918914784214
208.56,0.213986171956639
208.57,0.212057689446755
208.58,0.210133535493224
208.59,0.208213778402183
208.6,0.206298486235167
208.61,0.204387727708707
208.62,0.202481571477445
208.63,0.20058008667601
208.64,0.198683343138957
208.65,0.196791409905254
208.66,0.194904356571453
208.67,0.193022253501711
208.68,0.191145171450749
208.69,0.189273180654635
208.7,0.187406351927505
208.71,0.185544756465566
208.72,0.183688465664665
208.73,0.181837551107179
208.74,0.179992084672543
208.75,0.178152138384583
208.76,0.176317784609265
208.77,0.174489095961972
208.78,0.172666145293173
208.79,0.170849006452149
208.8,0.169037752732844
208.81,0.16723245797956
208.82,0.165433196491023
208.83,0.163640044210358
208.84,0.161853075736101
208.85,0.160072366617609
208.86,0.158297993083261
208.87,0.156530032553664
208.88,0.154768561632099
208.89,0.153013657805494
208.9,0.151265399191573
208.91,0.149523864500566
208.92,0.147789132517939
208.93,0.146061282633899
208.94,0.144340395191888
208.95,0.142626551103687
208.96,0.140919831383967
208.97,0.139220317809525
208.98,0.137528092732899
208.99,0.135843238969556
209,0.134165839900934
209.01,0.132495979442396
209.02,0.130833742056527
209.03,0.12917921299823
209.04,0.12753247911493
209.05,0.125893626707189
209.06,0.124262743315536
209.07,0.122639918980133
209.08,0.121025242629387
209.09,0.119418804632642
209.1,0.117820696559559
209.11,0.116231010455949
209.12,0.114649839333715
209.13,0.113077276303903
209.14,0.111513415859821
209.15,0.109958353198988
209.16,0.108412184149349
209.17,0.106875005365362
209.18,0.10534691429285
209.19,0.103828011173885
209.2,0.102318396963873
209.21,0.100818172467284
209.22,0.0993274414642258
209.23,0.0978463094927023
209.24,0.0963748818359584
209.25,0.0949132648429879
209.26,0.0934615650079021
209.27,0.0920198915736444
209.28,0.0905883531214058
209.29,0.0891670560607372
209.3,0.0877561114383657
209.31,0.0863556297876881
209.32,0.0849657232893269
209.33,0.0835865041018851
209.34,0.0822180885363971
209.35,0.0808605953713198
209.36,0.0795141424095621
209.37,0.078178850273793
209.38,0.0768548410193133
209.39,0.0755422356521636
209.4,0.0742411520245368
209.41,0.0729517136703851
209.42,0.0716740367147819
209.43,0.0704082400860027
209.44,0.0691544438643847
209.45,0.0679127723199707
209.46,0.0666833453524981
209.47,0.0654662917513071
209.48,0.0642617422203573
209.49,0.0630698247493674
209.5,0.0618906598069019
209.51,0.0607243777031427
209.52,0.0595710985593839
209.53,0.0584309337628819
209.54,0.0573040034858857
209.55,0.0561904245734765
209.56,0.0550903104513869
209.57,0.0540037754807663
209.58,0.0529309399157437
209.59,0.0518719163111188
209.6,0.05082681705808
209.61,0.0497957542348116
209.62,0.0487788368777867
209.63,0.0477761469683763
209.64,0.0467877846257619
209.65,0.0458138385997459
209.66,0.0448543930236166
209.67,0.0439095277522961
209.68,0.042979319096762
209.69,0.0420638381427376
209.7,0.0411631493499126
209.71,0.0402773076075495
209.72,0.0394063677034303
209.73,0.0385503679972782
209.74,0.0377093438388688
209.75,0.0368833235993774
209.76,0.0360723201390803
209.77,0.0352763449411657
209.78,0.0344953961553368
209.79,0.0337294626620899
209.8,0.0329785264597337
209.81,0.0322425544726801
209.82,0.0315215085147688
209.83,0.03081533779526
209.84,0.0301239785935708
209.85,0.0294473586559157
209.86,0.0287853955529801
209.87,0.0281379953506979
209.88,0.0275050525750382
209.89,0.0268864523706003
209.9,0.0262820677749409
209.91,0.0256917621928389
209.92,0.0251153906147282
209.93,0.0245527958149871
209.94,0.0240038121356896
209.95,0.0234682644076554
209.96,0.0229459678380052
209.97,0.0224367320269409
209.98,0.0219403561321291
209.99,0.0214566327294881
210,0.0209853485944669
210.01,0.0205262828451971
210.02,0.0200792106804997
210.03,0.019643902673066
210.04,0.0192201239033445
210.05,0.0188076363135834
210.06,0.0184061986849874
210.07,0.0180155672031689
210.08,0.0176354966436311
210.09,0.0172657402503254
210.1,0.0169060505967076
210.11,0.0165561806574672
210.12,0.0162158837574276
210.13,0.0158849145007771
210.14,0.0155630281561509
210.15,0.0152499831922711
210.16,0.0149455402632319
210.17,0.0146494610821019
210.18,0.0143615126056802
210.19,0.0140814645088262
210.2,0.0138090888103959
210.21,0.0135441633768395
210.22,0.0132864694896857
210.23,0.0130357921113349
210.24,0.0127919222682042
210.25,0.0125546549644865
210.26,0.0123237892508474
210.27,0.0120991308335045
210.28,0.0118804893714482
210.29,0.0116676785591274
210.3,0.0114605190158229
210.31,0.0112588352389481
210.32,0.0110624559359173
210.33,0.0108712162017458
210.34,0.0106849552875492
210.35,0.0105035169977556
210.36,0.010326750644986
210.37,0.0101545099239116
210.38,0.00998665310753448
210.39,0.00982304352216997
210.4,0.0096635485003761
210.41,0.00950803952504143
210.42,0.00935639300541863
210.43,0.00920848870853336
210.44,0.00906421019788581
210.45,0.00892344553675724
210.46,0.00878608620316198
210.47,0.00865202708669005
210.48,0.00852116677843251
210.49,0.00839340719863348
210.5,0.00826865505182244
210.51,0.00814681901230437
210.52,0.00802781148894642
210.53,0.00791154716123474
210.54,0.00779794408808052
210.55,0.00768692330905626
210.56,0.00757840827069562
210.57,0.00747232486736871
210.58,0.00736860161177707
210.59,0.00726716939728511
210.6,0.00716796198170907
210.61,0.00707091463310904
210.62,0.00697596495612056
210.63,0.00688305305159924
210.64,0.00679212057135676
210.65,0.00670311120126437
210.66,0.00661597124890093
210.67,0.00653064857315374
210.68,0.00644709260930317
210.69,0.0063652545907469
210.7,0.00628508678804895
210.71,0.00620654367795816
210.72,0.00612958094287894
210.73,0.00605415584309617
210.74,0.00598022692369105
210.75,0.00590775386389767
210.76,0.00583669766902403
210.77,0.00576702128014803
210.78,0.00569868796816755
210.79,0.00563166238942677
210.8,0.00556591054374224
210.81,0.0055013995304691
210.82,0.00543809723996571
210.83,0.00537597266269342
210.84,0.00531499587833025
210.85,0.00525513774734416
210.86,0.00519637005707184
210.87,0.00513866547170003
210.88,0.00508199748163367
210.89,0.00502634030529328
210.9,0.00497166891146451
210.91,0.0049179592922795
210.92,0.00486518775267847
210.93,0.00481333136557793
210.94,0.00476236781295474
210.95,0.00471227585930357
210.96,0.00466303471657492
210.97,0.00461462386165002
210.98,0.00456702349351201
210.99,0.00452021448040235
211,0.00447417857781448
211.01,0.00442889749666949
211.02,0.00438435365691648
211.03,0.00434052995429633
211.04,0.00429740988787237
211.05,0.00425497724574819
211.06,0.0042132162823306
211.07,0.0041721116607355
211.08,0.00413164855585048
211.09,0.00409181250766267
211.1,0.00405258931326536
211.11,0.00401396516831932
211.12,0.00397592669376181
211.13,0.0039384611760518
211.14,0.00390155575523304
211.15,0.00386519806855617
211.16,0.00382937606083613
211.17,0.00379407820719058
211.18,0.00375929305845106
211.19,0.00372500949920036
211.2,0.00369121671028254
211.21,0.00365790409708584
211.22,0.00362506131821719
211.23,0.00359267832131558
211.24,0.00356074526041944
211.25,0.00352925250770623
211.26,0.00349819080003504
211.27,0.00346755094875177
211.28,0.00343732395986548
211.29,0.00340750105098943
211.3,0.00337807365041104
211.31,0.00334903398205554
211.32,0.00332037369492602
211.33,0.00329208490809104
211.34,0.00326415992999128
211.35,0.00323659115125212
211.36,0.00320937093734349
211.37,0.00318249213687509
211.38,0.00315594760430529
211.39,0.00312973032407164
211.4,0.00310383365792407
211.41,0.00307825107189786
211.42,0.0030529759436133
211.43,0.00302800190168954
211.44,0.00300332270407648
211.45,0.00297893210166242
211.46,0.00295482407478343
211.47,0.0029309926983413
211.48,0.00290743212877611
211.49,0.00288413662820607
211.5,0.00286110071656246
211.51,0.00283831878841509
211.52,0.0028157854036555
211.53,0.00279349520495431
211.54,0.0027714430360375
211.55,0.00274962400943715
211.56,0.0027280329877364
211.57,0.00270666506819061
211.58,0.00268551544174686
211.59,0.0026645790925442
211.6,0.00264385114612753
211.61,0.00262332699673724
211.62,0.00260300196478652
211.63,0.0025828714109525
211.64,0.00256293089955047
211.65,0.00254317587180709
211.66,0.00252360183164616
211.67,0.00250420433215054
211.68,0.00248497902020498
211.69,0.0024659221238884
211.7,0.00244702921577824
211.71,0.00242829619316475
211.72,0.00240971901807417
211.73,0.00239129359291742
211.74,0.00237301568391096
211.75,0.00235488137550926
211.76,0.00233688665610755
211.77,0.00231902758982111
211.78,0.00230130032029019
211.79,0.00228370089189698
211.8,0.00226622541493104
211.81,0.00224887012370862
211.82,0.00223163134750529
211.83,0.00221450529674787
211.84,0.00219748828788871
211.85,0.00218057664203862
211.86,0.00216376670650268
211.87,0.00214705490561926
211.88,0.00213043767976834
211.89,0.00211391147325512
211.9,0.00209747275876845
211.91,0.00208111806248125
211.92,0.00206484392463647
211.93,0.00204864699322961
211.94,0.00203252393783584
211.95,0.00201647141518168
211.96,0.0020004861493275
211.97,0.00198456496947615
211.98,0.00196870473310929
211.99,0.0019529023245705
212,0.00193715470165354
212.01,0.00192145888025174
212.02,0.00190581193806944
212.03,0.00189021101657507
212.04,0.00187465332274277
212.05,0.00185913615953264
212.06,0.00184365689345369
212.07,0.00182821296607955
212.08,0.00181280192871697
212.09,0.00179742143297553
212.1,0.00178206920749858
212.11,0.00176674309118167
212.12,0.00175144102717358
212.13,0.00173616107327697
212.14,0.00172090140079989
212.15,0.00170566029306206
212.16,0.00169043616352076
212.17,0.00167522755026011
212.18,0.00166003314058729
212.19,0.00164485174643355
212.2,0.0016296823257854
212.21,0.00161452398298493
212.22,0.00159937597495722
212.23,0.00158423771607187
212.24,0.00156910876378907
212.25,0.00155398882251542
212.26,0.00153887778253751
212.27,0.00152377568230352
212.28,0.00150868269793903
212.29,0.00149359920150722
212.3,0.00147852572024076
212.31,0.00146346291917865
212.32,0.0014484116576481
212.33,0.00143337295352441
212.34,0.00141834794622574
212.35,0.00140333796505004
212.36,0.00138834449983435
212.37,0.0013733691537074
212.38,0.00135841367758622
212.39,0.00134347999556029
212.4,0.00132857014102895
212.41,0.00131368625225864
212.42,0.00129883063483368
212.43,0.0012840056948247
212.44,0.00126921391263974
212.45,0.00125445791626984
212.46,0.00123974041964045
212.47,0.00122506417184903
212.48,0.00121043205303814
212.49,0.00119584699962466
212.5,0.00118131197274907
212.51,0.00116683000060157
212.52,0.00115240415949576
212.53,0.00113803755350564
212.54,0.00112373331130709
212.55,0.00110949457613198
212.56,0.00109532448933893
212.57,0.00108122616657408
212.58,0.0010672027333594
212.59,0.00105325728160255
212.6,0.00103939287520483
212.61,0.0010256125288885
212.62,0.00101191920732159
212.63,0.000998315856101989
212.64,0.000984805326299966
212.65,0.000971390404388071
212.66,0.000958073817226524
212.67,0.000944858205597767
212.68,0.000931746114045547
212.69,0.000918740007141555
212.7,0.000905842260109253
212.71,0.000893055125521566
212.72,0.000880380766806358
212.73,0.000867821288398397
212.74,0.000855378626855826
212.75,0.000843054625649268
212.76,0.000830851051340378
212.77,0.000818769518045437
212.78,0.000806811533042024
212.79,0.000794978526766522
212.8,0.000783271787141937
212.81,0.000771692484186084
212.82,0.000760241693743468
212.83,0.000748920377768232
212.84,0.000737729369356874
212.85,0.000726669412138201
212.86,0.000715741168387107
212.87,0.000704945155905736
212.88,0.000694281801693893
212.89,0.000683751428438879
212.9,0.000673354256848912
212.91,0.00066309042933766
212.92,0.000652960018191211
212.93,0.000642962986274924
212.94,0.000633099197399334
212.95,0.000623368444128073
212.96,0.0006137704371041
212.97,0.000604304798815247
212.98,0.000594971076000075
212.99,0.000585768756327633
213,0.000576697279761665
213.01,0.00056775600197605
213.02,0.000558944225692649
213.03,0.000550261203260667
213.04,0.000541706133291794
213.05,0.000533278124083029
213.06,0.000524976262751548
213.07,0.000516799586846856
213.08,0.000508747102667475
213.09,0.000500817759731154
213.1,0.00049301048437988
213.11,0.000485324167409653
213.12,0.000477757671140582
213.13,0.000470309815834398
213.14,0.000462979398415832
213.15,0.000455765201034982
213.16,0.000448665971013859
213.17,0.000441680429631183
213.18,0.000434807288807979
213.19,0.000428045243898591
213.2,0.000421392984491905
213.21,0.000414849179087606
213.22,0.000408412488838213
213.23,0.000402081556793346
213.24,0.000395855032105473
213.25,0.000389731554315946
213.26,0.000383709743028336
213.27,0.000377788230429079
213.28,0.000371965641613711
213.29,0.000366240600861984
213.3,0.000360611733506972
213.31,0.000355077667142974
213.32,0.00034963703208929
213.33,0.00034428846431203
213.34,0.000339030606262545
213.35,0.000333862097756875
213.36,0.000328781587261199
213.37,0.000323787734911672
213.38,0.000318879204706431
213.39,0.000314054668417233
213.4,0.000309312809386773
213.41,0.000304652320051002
213.42,0.000300071903457515
213.43,0.000295570274679142
213.44,0.00029114615991638
213.45,0.000286798289596036
213.46,0.000282525414782266
213.47,0.000278326296596459
213.48,0.00027419970567034
213.49,0.000270144428941663
213.5,0.000266159265997315
213.51,0.000262243028442236
213.52,0.000258394542649501
213.53,0.000254612649659766
213.54,0.000250896204930383
213.55,0.000247244078934637
213.56,0.000243655157441664
213.57,0.000240128338465851
213.58,0.000236662528626048
213.59,0.000233256656639706
213.6,0.000229909663481232
213.61,0.000226620509715162
213.62,0.000223388166003839
213.63,0.000220211620152348
213.64,0.000217089870760968
213.65,0.000214021934995482
213.66,0.0002110068444547
213.67,0.000208043643395953
213.68,0.000205131390506159
213.69,0.00020226916037801
213.7,0.00019945604197343
213.71,0.000196691140194831
213.72,0.000193973572883446
213.73,0.000191302473088377
213.74,0.000188676986807112
213.75,0.000186096276060783
213.76,0.000183559516739808
213.77,0.00018106589518545
213.78,0.000178614613122222
213.79,0.000176204886164426
213.8,0.000173835943365065
213.81,0.000171507027506884
213.82,0.000169217393483455
213.83,0.000166966310045118
213.84,0.000164753060740088
213.85,0.000162576940134461
213.86,0.000160437256559374
213.87,0.000158333328655335
213.88,0.000156264487268625
213.89,0.000154230077524693
213.9,0.000152229455527622
213.91,0.000150261986849946
213.92,0.000148327050551492
213.93,0.00014642403620734
213.94,0.000144552345776706
213.95,0.000142711395790217
213.96,0.000140900609429572
213.97,0.000139119422749749
213.98,0.000137367282013529
213.99,0.000135643644595599
214,0.000133947979003358
214.01,0.000132279763731985
214.02,0.000130638478052495
214.03,0.000129023620034287
214.04,0.000127434693374319
214.05,0.000125871214887631
214.06,0.000124332716521131
214.07,0.000122818730531755
214.08,0.000121328802449203
214.09,0.000119862481329475
214.1,0.000118419328208815
214.11,0.00011699891359764
214.12,0.00011560081551955
214.13,0.000114224622469384
214.14,0.000112869928549294
214.15,0.000111536336745329
214.16,0.000110223457805448
214.17,0.000108930910115724
214.18,0.000107658319773878
214.19,0.000106405320206364
214.2,0.000105171552073529
214.21,0.000103956663128971
214.22,0.000102760308059382
214.23,0.000101582148331342
214.24,0.000100421853720751
214.25,9.92790999860232e-05
214.26,9.81535687444666e-05
214.27,9.70449485192431e-05
214.28,9.59529333446638e-05
214.29,9.48772230499152e-05
214.3,9.38175244315705e-05
214.31,9.27735495808955e-05
214.32,9.17450167883473e-05
214.33,9.0731651050708e-05
214.34,8.97331810898267e-05
214.35,8.87493417162989e-05
214.36,8.77798731008713e-05
214.37,8.68245211013729e-05
214.38,8.5883036055022e-05
214.39,8.49551735060883e-05
214.4,8.40406938733903e-05
214.41,8.31393624952569e-05
214.42,8.22509492001556e-05
214.43,8.13752284179174e-05
214.44,8.05119790147839e-05
214.45,7.96609857579522e-05
214.46,7.88220366545863e-05
214.47,7.79949238996167e-05
214.48,7.71794441287246e-05
214.49,7.63753969681354e-05
214.5,7.55825863844943e-05
214.51,7.48008209062562e-05
214.52,7.4029912339035e-05
214.53,7.32696761013894e-05
214.54,7.25199330212606e-05
214.55,7.17805066773436e-05
214.56,7.10512230541184e-05
214.57,7.03319122348422e-05
214.58,6.96224076372742e-05
214.59,6.89225459412256e-05
214.6,6.82321669893051e-05
214.61,6.75511137034926e-05
214.62,6.68792320109032e-05
214.63,6.62163707566318e-05
214.64,6.55623834410684e-05
214.65,6.49171254551536e-05
214.66,6.42804542622214e-05
214.67,6.36522306534041e-05
214.68,6.30323181276177e-05
214.69,6.24205821221237e-05
214.7,6.18168910204197e-05
214.71,6.12211158941595e-05
214.72,6.06331299877003e-05
214.73,6.00528088404032e-05
214.74,5.94800332713749e-05
214.75,5.89146844576761e-05
214.76,5.83566450591826e-05
214.77,5.78058008160507e-05
214.78,5.72620397236305e-05
214.79,5.67252503733587e-05
214.8,5.6195324544893e-05
214.81,5.56721563435908e-05
214.82,5.51556414136092e-05
214.83,5.46456772502526e-05
214.84,5.41421644354595e-05
214.85,5.36450043898909e-05
214.86,5.3154100108407e-05
214.87,5.26693565860614e-05
214.88,5.21906804960385e-05
214.89,5.17179823122341e-05
214.9,5.12511724887071e-05
214.91,5.07901629686622e-05
214.92,5.03348677771228e-05
214.93,4.98852025768785e-05
214.94,4.94410834286611e-05
214.95,4.90024290678951e-05
214.96,4.85691596997483e-05
214.97,4.81411967482011e-05
214.98,4.7718463032114e-05
214.99,4.73008827269405e-05
215,4.68883813634189e-05
215.01,4.64808857006966e-05
215.02,4.60783237575868e-05
215.03,4.56806247548225e-05
215.04,4.52877190762464e-05
215.05,4.48995389390692e-05
215.06,4.45160198042275e-05
215.07,4.4137094617892e-05
215.08,4.37626989767972e-05
215.09,4.33927696099204e-05
215.1,4.30272443514985e-05
215.11,4.26660623259506e-05
215.12,4.23091637769628e-05
215.13,4.19564896472732e-05
215.14,4.16079820648951e-05
215.15,4.12635841522089e-05
215.16,4.09232400006919e-05
215.17,4.05868941817081e-05
215.18,4.02544924872071e-05
215.19,3.99259817351627e-05
215.2,3.96013094374965e-05
215.21,3.92804239153136e-05
215.22,3.89632742712761e-05
215.23,3.8649812943142e-05
215.24,3.8339990120368e-05
215.25,3.8033757623028e-05
215.26,3.77310682263939e-05
215.27,3.74318754823543e-05
215.28,3.71361338376714e-05
215.29,3.6843799453794e-05
215.3,3.65548278121092e-05
215.31,3.6269175706688e-05
215.32,3.59868006716761e-05
215.33,3.57076609669363e-05
215.34,3.54317147892802e-05
215.35,3.5158920219518e-05
215.36,3.48892380637366e-05
215.37,3.46226287638855e-05
215.38,3.4359053323789e-05
215.39,3.40984732885784e-05
215.4,3.38408511477538e-05
215.41,3.35861528311855e-05
215.42,3.33343403086877e-05
215.43,3.30853779297392e-05
215.44,3.2839230619631e-05
215.45,3.2595863868312e-05
215.46,3.23552437192279e-05
215.47,3.21173357072468e-05
215.48,3.18821071645207e-05
215.49,3.16495255500183e-05
215.5,3.14195587223523e-05
215.51,3.11921749941166e-05
215.52,3.09673431178804e-05
215.53,3.07450340015713e-05
215.54,3.05252177351952e-05
215.55,3.03078643096499e-05
215.56,3.00929447464924e-05
215.57,2.98804305378972e-05
215.58,2.96702936393047e-05
215.59,2.94625055233359e-05
215.6,2.92570378752085e-05
215.61,2.90538642980427e-05
215.62,2.88529579852006e-05
215.63,2.8654292470915e-05
215.64,2.8457841617198e-05
215.65,2.82635801513486e-05
215.66,2.80714847474271e-05
215.67,2.7881529494294e-05
215.68,2.76936900703393e-05
215.69,2.7507942518801e-05
215.7,2.73242632416547e-05
215.71,2.71426289962701e-05
215.72,2.69630170990165e-05
215.73,2.67854049204928e-05
215.74,2.66097702830764e-05
215.75,2.6436091344964e-05
215.76,2.62643465945904e-05
215.77,2.60945148450409e-05
215.78,2.59265745475425e-05
215.79,2.57605051229492e-05
215.8,2.55962862655379e-05
215.81,2.54338978112151e-05
215.82,2.52733198587821e-05
215.83,2.51145327621337e-05
215.84,2.49575172336467e-05
215.85,2.48022541842392e-05
215.86,2.46487246593515e-05
215.87,2.44969099967948e-05
215.88,2.43467917564012e-05
215.89,2.41983517125855e-05
215.9,2.40515718469025e-05
215.91,2.39064364220668e-05
215.92,2.37629284789735e-05
215.93,2.36210303324487e-05
215.94,2.34807253860697e-05
215.95,2.33419973083415e-05
215.96,2.3204830031018e-05
215.97,2.30692077474242e-05
215.98,2.29351137029051e-05
215.99,2.2802532323608e-05
216,2.2671448451549e-05
216.01,2.25418468062526e-05
216.02,2.24137122770383e-05
216.03,2.22870299229485e-05
216.04,2.21617858092171e-05
216.05,2.20379650565415e-05
216.06,2.19155533751234e-05
216.07,2.17945366456909e-05
216.08,2.16749009148074e-05
216.09,2.15566326924001e-05
216.1,2.14397193352049e-05
216.11,2.1324147135757e-05
216.12,2.12099031104958e-05
216.13,2.10969744792633e-05
216.14,2.09853486650555e-05
216.15,2.08750128397469e-05
216.16,2.07659544428458e-05
216.17,2.06581615370499e-05
216.18,2.05516220973749e-05
216.19,2.04463242572753e-05
216.2,2.03422563052935e-05
216.21,2.02394066151487e-05
216.22,2.01377637743198e-05
216.23,2.00373165054215e-05
216.24,1.99380536596092e-05
216.25,1.98399642223828e-05
216.26,1.97430373482445e-05
216.27,1.9647262727628e-05
216.28,1.95526296112956e-05
216.29,1.94591276107738e-05
216.3,1.93667464757271e-05
216.31,1.9275476091947e-05
216.32,1.91853065592676e-05
216.33,1.90962281943192e-05
216.34,1.90082312470002e-05
216.35,1.89213061966565e-05
216.36,1.88354436605396e-05
216.37,1.87506343926517e-05
216.38,1.86668686877946e-05
216.39,1.8584137474108e-05
216.4,1.85024320780155e-05
216.41,1.84217437118135e-05
216.42,1.83420637204837e-05
216.43,1.82633835816951e-05
216.44,1.8185694842299e-05
216.45,1.81089885333383e-05
216.46,1.80332568624798e-05
216.47,1.79584917384599e-05
216.48,1.78846851939791e-05
216.49,1.78118293857037e-05
216.5,1.77399165942631e-05
216.51,1.76689387863274e-05
216.52,1.75988882158594e-05
216.53,1.7529757701653e-05
216.54,1.74615399040429e-05
216.55,1.73942275975482e-05
216.56,1.73278136708737e-05
216.57,1.72622911269076e-05
216.58,1.71976521997697e-05
216.59,1.71338905204216e-05
216.6,1.70709993270558e-05
216.61,1.70089719600924e-05
216.62,1.69478018644647e-05
216.63,1.68874825896172e-05
216.64,1.6828007476917e-05
216.65,1.67693699141007e-05
216.66,1.67115639632955e-05
216.67,1.66545834877443e-05
216.68,1.65984224463475e-05
216.69,1.6543074893662e-05
216.7,1.64885349799016e-05
216.71,1.64347965100937e-05
216.72,1.63818539569622e-05
216.73,1.63297017361418e-05
216.74,1.62783343128217e-05
216.75,1.62277462423115e-05
216.76,1.61779321700417e-05
216.77,1.61288866105106e-05
216.78,1.60806039836144e-05
216.79,1.60330794910892e-05
216.8,1.59863080785588e-05
216.81,1.59402847775489e-05
216.82,1.58950047054853e-05
216.83,1.58504630656949e-05
216.84,1.5806655147406e-05
216.85,1.57635762828587e-05
216.86,1.57212207769146e-05
216.87,1.56795848447174e-05
216.88,1.56386640223044e-05
216.89,1.55984539246948e-05
216.9,1.55589502458898e-05
216.91,1.55201487588724e-05
216.92,1.54820453156071e-05
216.93,1.54446358470412e-05
216.94,1.54079153900747e-05
216.95,1.53718801720734e-05
216.96,1.53365265218981e-05
216.97,1.53018505719375e-05
216.98,1.52678485257694e-05
216.99,1.52345166581619e-05
217,1.52018513150715e-05
217.01,1.51698489136444e-05
217.02,1.51385056040424e-05
217.03,1.51078176196267e-05
217.04,1.50777818607258e-05
217.05,1.50483949601765e-05
217.06,1.50196536172069e-05
217.07,1.49915545974359e-05
217.08,1.49640947328736e-05
217.09,1.49372709219213e-05
217.1,1.49110800682173e-05
217.11,1.48855188094598e-05
217.12,1.48605844823371e-05
217.13,1.48362742119502e-05
217.14,1.48125851870345e-05
217.15,1.47895146599594e-05
217.16,1.47670599467285e-05
217.17,1.47452184269794e-05
217.18,1.47239875439841e-05
217.19,1.47033638708681e-05
217.2,1.46833453074936e-05
217.21,1.46639295299874e-05
217.22,1.46451141415298e-05
217.23,1.46268968025406e-05
217.24,1.46092752306799e-05
217.25,1.45922472008475e-05
217.26,1.4575810545183e-05
217.27,1.45599629009675e-05
217.28,1.45447021322965e-05
217.29,1.45300263839753e-05
217.3,1.4515933688403e-05
217.31,1.45024221335187e-05
217.32,1.44894898628015e-05
217.33,1.44771350752704e-05
217.34,1.44653560254846e-05
217.35,1.44541510235431e-05
217.36,1.4443518435085e-05
217.37,1.44334563129416e-05
217.38,1.44239631493476e-05
217.39,1.44150375956706e-05
217.4,1.44066782054066e-05
217.41,1.43988835855735e-05
217.42,1.4391652396711e-05
217.43,1.43849833528808e-05
217.44,1.43788752216667e-05
217.45,1.43733268241741e-05
217.46,1.43683370350305e-05
217.47,1.43639039156049e-05
217.48,1.4360026711213e-05
217.49,1.43567045922764e-05
217.5,1.43539365794863e-05
217.51,1.43517217430807e-05
217.52,1.43500592028444e-05
217.53,1.4348948128109e-05
217.54,1.43483877377529e-05
217.55,1.43483773002012e-05
217.56,1.43489161334258e-05
217.57,1.43500031248589e-05
217.58,1.43516379315175e-05
217.59,1.43538200348661e-05
217.6,1.43565489186191e-05
217.61,1.4359824114154e-05
217.62,1.4363645200512e-05
217.63,1.43680118043974e-05
217.64,1.43729236001782e-05
217.65,1.43783803098854e-05
217.66,1.43843817020045e-05
217.67,1.43909274816271e-05
217.68,1.43980175856571e-05
217.69,1.44056519203181e-05
217.7,1.44138304391016e-05
217.71,1.44225531427673e-05
217.72,1.44318200793426e-05
217.73,1.4441631344123e-05
217.74,1.4451987079672e-05
217.75,1.44628874758211e-05
217.76,1.4474332745372e-05
217.77,1.44863229881679e-05
217.78,1.44988586618664e-05
217.79,1.45119401326387e-05
217.8,1.452556781315e-05
217.81,1.453974216256e-05
217.82,1.45544636865225e-05
217.83,1.45697329371856e-05
217.84,1.45855505131917e-05
217.85,1.46019170596773e-05
217.86,1.4618833246549e-05
217.87,1.46362997452883e-05
217.88,1.46543173928223e-05
217.89,1.46728870150916e-05
217.9,1.46920094842363e-05
217.91,1.4711685718596e-05
217.92,1.47319166827101e-05
217.93,1.47527033873173e-05
217.94,1.47740468893561e-05
217.95,1.47959482919644e-05
217.96,1.481840874448e-05
217.97,1.48414296427186e-05
217.98,1.48650121994779e-05
217.99,1.48891576446194e-05
218,1.49138673279398e-05
218.01,1.49391426463049e-05
218.02,1.49649850436493e-05
218.03,1.49913960109767e-05
218.04,1.50183770863596e-05
218.05,1.50459298549399e-05
218.06,1.50740559489279e-05
218.07,1.51027571101884e-05
218.08,1.51320354270331e-05
218.09,1.51618924102011e-05
218.1,1.51923299035662e-05
218.11,1.52233497994102e-05
218.12,1.52549540384219e-05
218.13,1.52871446096984e-05
218.14,1.53199235507444e-05
218.15,1.53532929474722e-05
218.16,1.5387254934202e-05
218.17,1.54218116936615e-05
218.18,1.54569658295406e-05
218.19,1.54927196565941e-05
218.2,1.55290753359583e-05
218.21,1.55660352775354e-05
218.22,1.5603601941506e-05
218.23,1.56417778383303e-05
218.24,1.56805655287462e-05
218.25,1.57199676237714e-05
218.26,1.57599867847021e-05
218.27,1.58006257231133e-05
218.28,1.5841887261491e-05
218.29,1.58837751361326e-05
218.3,1.59262915771747e-05
218.31,1.59694395486071e-05
218.32,1.60132220676503e-05
218.33,1.60576422047543e-05
218.34,1.6102703083599e-05
218.35,1.61484078810941e-05
218.36,1.61947598273794e-05
218.37,1.62417622058239e-05
218.38,1.62894183530271e-05
218.39,1.63377322998521e-05
218.4,1.63867077530692e-05
218.41,1.6436347787909e-05
218.42,1.64866560216902e-05
218.43,1.65376361287604e-05
218.44,1.65892918404985e-05
218.45,1.66416269453128e-05
218.46,1.66946452886421e-05
218.47,1.67483507729551e-05
218.48,1.68027473577509e-05
218.49,1.68578390595579e-05
218.5,1.69136313180843e-05
218.51,1.69701274450805e-05
218.52,1.70273317070315e-05
218.53,1.70852484565246e-05
218.54,1.7143882113295e-05
218.55,1.72032371646377e-05
218.56,1.72633181658166e-05
218.57,1.73241297404778e-05
218.58,1.73856765810594e-05
218.59,1.74479634492029e-05
218.6,1.75109951761638e-05
218.61,1.75747766632237e-05
218.62,1.76393129922257e-05
218.63,1.77046095944749e-05
218.64,1.77706712776445e-05
218.65,1.78375032575366e-05
218.66,1.79051108245779e-05
218.67,1.7973499344322e-05
218.68,1.80426742579516e-05
218.69,1.81126410827825e-05
218.7,1.81834054127655e-05
218.71,1.82549729189892e-05
218.72,1.83273493501828e-05
218.73,1.8400540533219e-05
218.74,1.84745523736153e-05
218.75,1.85493913299393e-05
218.76,1.86250638191581e-05
218.77,1.87015755575235e-05
218.78,1.87789328318227e-05
218.79,1.88571420151214e-05
218.8,1.89362095674497e-05
218.81,1.90161420364865e-05
218.82,1.90969460582472e-05
218.83,1.91786283577681e-05
218.84,1.92611957497918e-05
218.85,1.93446551394538e-05
218.86,1.94290135229676e-05
218.87,1.95142779883091e-05
218.88,1.9600456332331e-05
218.89,1.96875557419365e-05
218.9,1.97755833950717e-05
218.91,1.98645468054903e-05
218.92,1.99544535863987e-05
218.93,2.00453114512904e-05
218.94,2.01371282147858e-05
218.95,2.02299117934665e-05
218.96,2.03236702067129e-05
218.97,2.04184115775404e-05
218.98,2.05141441334365e-05
218.99,2.06108762071957e-05
219,2.0708616237759e-05
219.01,2.08073735454218e-05
219.02,2.09071563379938e-05
219.03,2.10079733672939e-05
219.04,2.11098335529168e-05
219.05,2.12127459286633e-05
219.06,2.13167196435111e-05
219.07,2.14217639625906e-05
219.08,2.15278882681561e-05
219.09,2.16351020605588e-05
219.1,2.17434149592201e-05
219.11,2.18528367036047e-05
219.12,2.19633771541913e-05
219.13,2.20750465255353e-05
219.14,2.21878562098742e-05
219.15,2.23018154765176e-05
219.16,2.24169347679886e-05
219.17,2.25332246601185e-05
219.18,2.26506958632849e-05
219.19,2.27693592236573e-05
219.2,2.28892257244353e-05
219.21,2.30103064870906e-05
219.22,2.31326127726078e-05
219.23,2.32561559827265e-05
219.24,2.33809476611796e-05
219.25,2.35069994949384e-05
219.26,2.36343240269487e-05
219.27,2.37629340423546e-05
219.28,2.38928408347218e-05
219.29,2.40240567834437e-05
219.3,2.41565944262698e-05
219.31,2.42904664608631e-05
219.32,2.4425685746365e-05
219.33,2.45622653049523e-05
219.34,2.47002183233986e-05
219.35,2.48395581546345e-05
219.36,2.49802983193088e-05
219.37,2.51224525073454e-05
219.38,2.52660345795088e-05
219.39,2.5411059594213e-05
219.4,2.55575417424934e-05
219.41,2.57054949591039e-05
219.42,2.5854933882888e-05
219.43,2.60058733373369e-05
219.44,2.61583283323514e-05
219.45,2.63123140659963e-05
219.46,2.64678459262584e-05
219.47,2.66249394928039e-05
219.48,2.6783610538737e-05
219.49,2.69438750323533e-05
219.5,2.7105749138903e-05
219.51,2.72692492223444e-05
219.52,2.74343918471024e-05
219.53,2.76011962742509e-05
219.54,2.77696789972052e-05
219.55,2.79398564099265e-05
219.56,2.81117460696486e-05
219.57,2.82853657559942e-05
219.58,2.84607334731588e-05
219.59,2.86378674520981e-05
219.6,2.88167861527153e-05
219.61,2.89975082660495e-05
219.62,2.91800527164585e-05
219.63,2.93644386638118e-05
219.64,2.95506855056742e-05
219.65,2.97388128794933e-05
219.66,2.99288406647869e-05
219.67,3.01207939746939e-05
219.68,3.03146915006254e-05
219.69,3.0510552804605e-05
219.7,3.07083990714683e-05
219.71,3.09082517628647e-05
219.72,3.11101326202213e-05
219.73,3.13140636677087e-05
219.74,3.15200672152006e-05
219.75,3.17281658612452e-05
219.76,3.1938382496025e-05
219.77,3.21507403043223e-05
219.78,3.23652627684836e-05
219.79,3.25819736713842e-05
219.8,3.28008970993934e-05
219.81,3.30220594107341e-05
219.82,3.32454844065384e-05
219.83,3.34711968534184e-05
219.84,3.36992221950523e-05
219.85,3.39295862019979e-05
219.86,3.41623149749379e-05
219.87,3.43974349479174e-05
219.88,3.46349728915959e-05
219.89,3.4874955916485e-05
219.9,3.51174114761934e-05
219.91,3.536236737067e-05
219.92,3.56098517494492e-05
219.93,3.58598931148884e-05
219.94,3.61125203254197e-05
219.95,3.63677722210622e-05
219.96,3.66256729696374e-05
219.97,3.68862520054249e-05
219.98,3.71495401566115e-05
219.99,3.74155686622101e-05
220,3.76843691765646e-05
220.01,3.79559737738405e-05
220.02,3.82304149525231e-05
220.03,3.85077256399132e-05
220.04,3.87879391966241e-05
220.05,3.90710894210792e-05
220.06,3.93572105540024e-05
220.07,3.96463372829232e-05
220.08,3.9938504746668e-05
220.09,4.02337564559255e-05
220.1,4.05321238014253e-05
220.11,4.08336435503618e-05
220.12,4.11383532651463e-05
220.13,4.14462910328637e-05
220.14,4.17574954717125e-05
220.15,4.20720057374547e-05
220.16,4.23898615298634e-05
220.17,4.2711103099172e-05
220.18,4.30357712525146e-05
220.19,4.33639073603849e-05
220.2,4.36955533233652e-05
220.21,4.4030751612204e-05
220.22,4.43695453692054e-05
220.23,4.47119782755162e-05
220.24,4.50580946072088e-05
220.25,4.54079392417149e-05
220.26,4.57615576642396e-05
220.27,4.61189959741846e-05
220.28,4.64803008915706e-05
220.29,4.68455197634587e-05
220.3,4.7214700570374e-05
220.31,4.75878919327198e-05
220.32,4.7965149694257e-05
220.33,4.8346521070327e-05
220.34,4.87320560939377e-05
220.35,4.91218065590942e-05
220.36,4.95158249808783e-05
220.37,4.99141646037514e-05
220.38,5.03168794098808e-05
220.39,5.07240241274427e-05
220.4,5.11356542389372e-05
220.41,5.15518259895006e-05
220.42,5.19725963952203e-05
220.43,5.23980262427405e-05
220.44,5.28281820552852e-05
220.45,5.32631182374403e-05
220.46,5.37028962390368e-05
220.47,5.41475784654091e-05
220.48,5.45972282926006e-05
220.49,5.50519100825579e-05
220.5,5.55116891983491e-05
220.51,5.59766320193579e-05
220.52,5.64468056957437e-05
220.53,5.69222720468194e-05
220.54,5.74031042873647e-05
220.55,5.78893723178848e-05
220.56,5.83811470514707e-05
220.57,5.88785004251318e-05
220.58,5.93815054111023e-05
220.59,5.98902360281602e-05
220.6,6.04047673529438e-05
220.61,6.0925175531272e-05
220.62,6.14515369949851e-05
220.63,6.19839302654903e-05
220.64,6.25224348141895e-05
220.65,6.30671310669818e-05
220.66,6.36181005635278e-05
220.67,6.41754259680058e-05
220.68,6.47391910798515e-05
220.69,6.53094808445303e-05
220.7,6.5886381364277e-05
220.71,6.64699897965938e-05
220.72,6.70603997129828e-05
220.73,6.76576978549034e-05
220.74,6.82619780669608e-05
220.75,6.88733358024484e-05
220.76,6.94918681565861e-05
220.77,7.01176738997765e-05
220.78,7.07508534636985e-05
220.79,7.13915054722022e-05
220.8,7.2039735536862e-05
220.81,7.26956489265894e-05
220.82,7.33593526779824e-05
220.83,7.40309556242581e-05
220.84,7.47105684242037e-05
220.85,7.53983035911237e-05
220.86,7.60942654794842e-05
220.87,7.67985592498255e-05
220.88,7.75113087747795e-05
220.89,7.82326303616265e-05
220.9,7.89626417943621e-05
220.91,7.97014623329155e-05
220.92,8.04492127123704e-05
220.93,8.12060151421668e-05
220.94,8.19720165847532e-05
220.95,8.27473352694208e-05
220.96,8.35320996131622e-05
220.97,8.43264420742678e-05
220.98,8.51304971454764e-05
220.99,8.59444013844782e-05
221,8.67682934444631e-05
221.01,8.76023259351301e-05
221.02,8.84466668493677e-05
221.03,8.93014493215234e-05
221.04,9.01668270307789e-05
221.05,9.10429567581911e-05
221.06,9.19299984660995e-05
221.07,9.28281153775853e-05
221.08,9.37374740558796e-05
221.09,9.46581974861147e-05
221.1,9.55904624705837e-05
221.11,9.6534447144418e-05
221.12,9.74903217686123e-05
221.13,9.84582589547495e-05
221.14,9.94384336649797e-05
221.15,0.000100431023212025
221.16,0.000101436221561686
221.17,0.00010245420571378
221.18,0.000103485160729687
221.19,0.000104529275282514
221.2,0.000105586740549959
221.21,0.000106657750214316
221.22,0.000107742502611479
221.23,0.000108841262031524
221.24,0.000109954197797826
221.25,0.000111081521394005
221.26,0.000112223447465406
221.27,0.000113380193819108
221.28,0.000114551981423925
221.29,0.000115739044186928
221.3,0.000116941666076043
221.31,0.000118160048971459
221.32,0.000119394434576166
221.33,0.000120645068430252
221.34,0.00012191219991091
221.35,0.000123196082232437
221.36,0.000124496971639367
221.37,0.000125815126986921
221.38,0.000127150814084022
221.39,0.000128504301124131
221.4,0.000129875860107309
221.41,0.000131265766840219
221.42,0.000132674300936134
221.43,0.000134101765964113
221.44,0.000135548473808166
221.45,0.000137014701066405
221.46,0.000138500748864406
221.47,0.00014000692264806
221.48,0.000141533532183582
221.49,0.00014308089155748
221.5,0.000144649379432189
221.51,0.000146239350362514
221.52,0.000147851108530053
221.53,0.000149484999412866
221.54,0.000151141373950295
221.55,0.000152820588542964
221.56,0.000154523005052752
221.57,0.000156249044976117
221.58,0.000157999086174905
221.59,0.000159773497776827
221.6,0.000161572673557679
221.61,0.00016339701356019
221.62,0.000165246924093977
221.63,0.000167122817735612
221.64,0.000169025123011772
221.65,0.000170954263058713
221.66,0.000172910669030001
221.67,0.000174894780051425
221.68,0.000176907041632978
221.69,0.000178947905668923
221.7,0.000181017830437747
221.71,0.000183117434322156
221.72,0.000185247119763612
221.73,0.000187407375248046
221.74,0.000189598702588413
221.75,0.000191821611336011
221.76,0.000194076618780431
221.77,0.000196364249949568
221.78,0.000198685157509048
221.79,0.000201039877888333
221.8,0.000203428942594649
221.81,0.000205852926599598
221.82,0.00020831241406638
221.83,0.000210807998349733
221.84,0.000213340281995951
221.85,0.00021590994368112
221.86,0.000218517653710665
221.87,0.000221164006520656
221.88,0.000223849657259176
221.89,0.000226575271498782
221.9,0.00022934152523652
221.91,0.000232149104893925
221.92,0.000234998752343877
221.93,0.000237891297192021
221.94,0.000240827387875729
221.95,0.000243807772273574
221.96,0.000246833210254317
221.97,0.000249904473676913
221.98,0.000253022346390522
221.99,0.000256187636012926
222,0.000259401378075639
222.01,0.000262664275171838
222.02,0.000265977184381709
222.03,0.000269340976814191
222.04,0.000272756537606977
222.05,0.000276224765926531
222.06,0.000279746574968012
222.07,0.00028332306983905
222.08,0.000286955167766675
222.09,0.000290643830912993
222.1,0.00029439006448176
222.11,0.000298194890903958
222.12,0.000302059349837709
222.13,0.000305984608717546
222.14,0.000309971711688622
222.15,0.000314021760591495
222.16,0.000318135884141447
222.17,0.000322315230064278
222.18,0.000326560965096204
222.19,0.000330874423063034
222.2,0.000335256751499768
222.21,0.000339709195344547
222.22,0.000344233021927091
222.23,0.00034882951974607
222.24,0.000353500009491898
222.25,0.000358246029082621
222.26,0.000363068846987307
222.27,0.000367969869640752
222.28,0.00037295052782921
222.29,0.000378012276690397
222.3,0.000383156622388414
222.31,0.000388385275337948
222.32,0.000393699679911995
222.33,0.000399101425199001
222.34,0.000404592128110349
222.35,0.000410173433380359
222.36,0.000415847056271557
222.37,0.000421614886392301
222.38,0.000427478574656565
222.39,0.00043343991451714
222.4,0.000439500730779431
222.41,0.000445662879601449
222.42,0.000451928306723604
222.43,0.000458299108007661
222.44,0.000464777185082826
222.45,0.000471364578151694
222.46,0.000478063368447204
222.47,0.000484875678907991
222.48,0.000491803674853782
222.49,0.000498849604043352
222.5,0.00050601574387571
222.51,0.000513304382491367
222.52,0.00052071787701532
222.53,0.000528258632607568
222.54,0.000535929103280635
222.55,0.000543731792717135
222.56,0.000551669317588397
222.57,0.000559744274995306
222.58,0.00056795932797938
222.59,0.000576317203006676
222.6,0.000584820682586529
222.61,0.000593472606229399
222.62,0.000602275877540388
222.63,0.00061123350891463
222.64,0.000620348495474434
222.65,0.0006296239262359
222.66,0.000639062953818447
222.67,0.000648668795519122
222.68,0.000658444734386624
222.69,0.000668394149456566
222.7,0.00067852050649184
222.71,0.000688827274833523
222.72,0.000699318028084142
222.73,0.000709996413467565
222.74,0.000720866153060644
222.75,0.000731931045025474
222.76,0.000743195037825588
222.77,0.00075466210508628
222.78,0.000766336275596735
222.79,0.000778221688037653
222.8,0.000790322566803943
222.81,0.000802643223451514
222.82,0.000815188058144767
222.83,0.00082796167274338
222.84,0.000840968613906186
222.85,0.000854213573867587
222.86,0.000867701346575837
222.87,0.000881436825363446
222.88,0.000895425004610605
222.89,0.000909671002787772
222.9,0.000924180109451354
222.91,0.000938957599167974
222.92,0.000954008909105879
222.93,0.000969339589106944
222.94,0.000984955303561387
222.95,0.00100086183328163
222.96,0.00101706514096598
222.97,0.00103357130552604
222.98,0.00105038644755056
222.99,0.00106751686075513
223,0.00108496896884566
223.01,0.00110274932765523
223.02,0.00112086462728142
223.03,0.00113932182105909
223.04,0.00115812787348954
223.05,0.00117728989494412
223.06,0.00119681516921134
223.07,0.00121671113011559
223.08,0.00123698536396722
223.09,0.00125764561981453
223.1,0.00127869995552501
223.11,0.00130015636924506
223.12,0.00132202311300452
223.13,0.00134430860835289
223.14,0.00136702144911762
223.15,0.00139017040416308
223.16,0.00141376446870912
223.17,0.00143781288052403
223.18,0.00146232490944634
223.19,0.00148731008563684
223.2,0.00151277813310217
223.21,0.00153873897277154
223.22,0.00156520272557323
223.23,0.00159217984274766
223.24,0.00161968091486288
223.25,0.00164771666243825
223.26,0.00167629808348523
223.27,0.00170543639816688
223.28,0.00173514305229594
223.29,0.00176542972083282
223.3,0.00179630841049435
223.31,0.00182779124398948
223.32,0.00185989061636404
223.33,0.00189261917802656
223.34,0.00192598982943823
223.35,0.00196001572481998
223.36,0.00199471031205612
223.37,0.00203008749291665
223.38,0.00206616111903814
223.39,0.00210294544852346
223.4,0.00214045501961559
223.41,0.00217870465490722
223.42,0.00221770946555039
223.43,0.00225748496197626
223.44,0.00229804698537416
223.45,0.00233941148762238
223.46,0.00238159483122392
223.47,0.00242461369643953
223.48,0.00246848508601039
223.49,0.00251322632987958
223.5,0.00255885515824909
223.51,0.00260538957975121
223.52,0.00265284793275229
223.53,0.00270124892409125
223.54,0.00275061161444504
223.55,0.00280095542323833
223.56,0.0028523001335518
223.57,0.00290466606145622
223.58,0.00295807369320727
223.59,0.00301254397681463
223.6,0.00306809825213701
223.61,0.00312475825613502
223.62,0.00318254618325569
223.63,0.00324148464380204
223.64,0.00330159659516619
223.65,0.00336290545579766
223.66,0.00342543507557748
223.67,0.00348920974361288
223.68,0.00355425427842232
223.69,0.00362059383965994
223.7,0.00368825408774466
223.71,0.00375726114920176
223.72,0.00382764162304454
223.73,0.00389942262203182
223.74,0.00397263174355874
223.75,0.0040472970411073
223.76,0.00412344708991806
223.77,0.00420111097355566
223.78,0.00428031829741204
223.79,0.00436109933868846
223.8,0.00444348470949772
223.81,0.00452750563855546
223.82,0.0046131939045369
223.83,0.00470058184338235
223.84,0.00478970249773226
223.85,0.00488058945959855
223.86,0.00497327678027452
223.87,0.00506779918402204
223.88,0.00516419200393605
223.89,0.00526249120943067
223.9,0.00536273365376898
223.91,0.00546495648393825
223.92,0.00556919763481907
223.93,0.00567549570724462
223.94,0.00578388997757283
223.95,0.00589442056520418
223.96,0.00600712823916716
223.97,0.00612205436445081
223.98,0.00623924110564616
223.99,0.00635873136643708
224,0.00648056884077194
224.01,0.00660479836357364
224.02,0.00673146502652849
224.03,0.00686061492612422
224.04,0.00699229497511041
224.05,0.00712655291502443
224.06,0.00726343769188584
224.07,0.0074029989603532
224.08,0.00754528704454665
224.09,0.00769035332331331
224.1,0.0078382501010555
224.11,0.00798903070114211
224.12,0.00814274994776428
224.13,0.00829946287692624
224.14,0.00845922584378427
224.15,0.00862209624022409
224.16,0.00878813251263999
224.17,0.00895739461431008
224.18,0.00912994336947648
224.19,0.00930584053128249
224.2,0.0094851491655602
224.21,0.00966793352020808
224.22,0.00985425914319712
224.23,0.0100441933252324
224.24,0.0102378038540689
224.25,0.0104351601154348
224.26,0.0106363328170368
224.27,0.0108413940119786
224.28,0.011050417483854
224.29,0.0112634782680298
224.3,0.0114806527100169
224.31,0.0117020187450699
224.32,0.0119276558363338
224.33,0.0121576450682852
224.34,0.0123920690055303
224.35,0.0126310118564178
224.36,0.0128745594660807
224.37,0.0131227992094033
224.38,0.0133758201824782
224.39,0.0136337132724033
224.4,0.0138965710492098
224.41,0.0141644878415012
224.42,0.0144375597660208
224.43,0.0147158847480901
224.44,0.0149995625534729
224.45,0.015288694813949
224.46,0.015583384933206
224.47,0.0158837382314806
224.48,0.0161898620660031
224.49,0.0165018656932116
224.5,0.0168198603171333
224.51,0.0171439584259067
224.52,0.0174742753358692
224.53,0.0178109280578435
224.54,0.0181540356140438
224.55,0.018503718625893
224.56,0.0188600996361849
224.57,0.0192233037051289
224.58,0.0195934576599481
224.59,0.019970690342209
224.6,0.0203551315342639
224.61,0.0207469142372821
224.62,0.0211461729875199
224.63,0.0215530442906806
224.64,0.0219676660782451
224.65,0.0223901779139705
224.66,0.0228207221059723
224.67,0.0232594424514671
224.68,0.0237064846044523
224.69,0.0241619945266784
224.7,0.024626121558053
224.71,0.0250990162829332
224.72,0.0255808309171312
224.73,0.0260717187496956
224.74,0.0265718340973045
224.75,0.0270813339885877
224.76,0.0276003764056636
224.77,0.0281291207518302
224.78,0.0286677261114574
224.79,0.0292163544512349
224.8,0.0297751685947518
224.81,0.0303443323525784
224.82,0.0309240101341748
224.83,0.0315143666294022
224.84,0.0321155686252278
224.85,0.0327277831944142
224.86,0.0333511781286903
224.87,0.0339859206047328
224.88,0.034632179093951
224.89,0.0352901224067375
224.9,0.0359599194072212
224.91,0.0366417387500512
224.92,0.0373357494651433
224.93,0.0380421203679091
224.94,0.0387610199706572
224.95,0.039492616344233
224.96,0.0402370773690538
224.97,0.0409945703175536
224.98,0.0417652614766345
224.99,0.0425493164935901
225,0.0433469002457995
225.01,0.0441581765162339
225.02,0.04498330733207
225.03,0.0458224540598265
225.04,0.0466757764362209
225.05,0.0475434325691861
225.06,0.0484255786634689
225.07,0.0493223693865261
225.08,0.0502339573467439
225.09,0.0511604930085173
225.1,0.0521021246151355
225.11,0.0530589981103134
225.12,0.0540312569375553
225.13,0.05501904195162
225.14,0.0560224912609353
225.15,0.0570417401171294
225.16,0.058076920785699
225.17,0.0591281625626543
225.18,0.060195591368546
225.19,0.0612793298158201
225.2,0.0623794970443673
225.21,0.0634962087193107
225.22,0.0646295766492559
225.23,0.0657797088483389
225.24,0.066946709414746
225.25,0.068130678810087
225.26,0.0693317128329252
225.27,0.0705499031784141
225.28,0.0717853372751885
225.29,0.0730380986741823
225.3,0.0743082656436342
225.31,0.0755959120666411
225.32,0.0769011072700145
225.33,0.0782239163137044
225.34,0.079564398644571
225.35,0.080922609018296
225.36,0.0822985974308345
225.37,0.0836924092807066
225.38,0.0851040840640975
225.39,0.0865336563567479
225.4,0.0879811558812045
225.41,0.0894466074733676
225.42,0.0909300298564377
225.43,0.0924314366877823
225.44,0.0939508367424415
225.45,0.0954882336058062
225.46,0.0970436247303617
225.47,0.0986170023920217
225.48,0.100208354040426
225.49,0.101817661670387
225.5,0.103444901235479
225.51,0.105090043467795
225.52,0.106753054448132
225.53,0.108433894576232
225.54,0.110132518400843
225.55,0.111848875288917
225.56,0.113582910148341
225.57,0.11533456205078
225.58,0.117103764544439
225.59,0.118890446079128
225.6,0.120694530928184
225.61,0.122515937360042
225.62,0.124354578522834
225.63,0.126210362601853
225.64,0.128083193673971
225.65,0.129972970499401
225.66,0.131879586547056
225.67,0.133802930712602
225.68,0.135742887878822
225.69,0.137699338419098
225.7,0.139672157319437
225.71,0.141661215454319
225.72,0.143666379640274
225.73,0.145687512801257
225.74,0.147724472860087
225.75,0.149777113921155
225.76,0.151845286210215
225.77,0.153928836553262
225.78,0.156027607166864
225.79,0.158141436798011
225.8,0.160270160623693
225.81,0.162413611157645
225.82,0.164571616424721
225.83,0.166744001507862
225.84,0.168930588267639
225.85,0.17113119593954
225.86,0.173345640225178
225.87,0.175573734111823
225.88,0.177815287793978
225.89,0.180070108974938
225.9,0.182338002665807
225.91,0.184618771419641
225.92,0.186912215438751
225.93,0.189218132654316
225.94,0.191536318876259
225.95,0.193866567857793
225.96,0.196208671472609
225.97,0.198562419699619
225.98,0.200927600809901
225.99,0.203304001506009
226,0.205691406974788
226.01,0.208089600976524
226.02,0.21049836593843
226.03,0.212917482915111
226.04,0.215346732040054
226.05,0.21778589235973
226.06,0.220234741512288
226.07,0.22269305660558
226.08,0.225160613884022
226.09,0.227637188832579
226.1,0.230122556294239
226.11,0.232616490574331
226.12,0.235118765641732
226.13,0.237629156443731
226.14,0.240147436385231
226.15,0.242673379357992
226.16,0.24520675851908
226.17,0.247747345686054
226.18,0.25029491476183
226.19,0.252849238920622
226.2,0.255410091975492
226.21,0.257977247960403
226.22,0.26055048091753
226.23,0.263129565507936
226.24,0.265714276118817
226.25,0.268304388292307
226.26,0.270899678050917
226.27,0.273499922017226
226.28,0.276104897706181
226.29,0.278714383220079
226.3,0.281328157593781
226.31,0.283946000483492
226.32,0.286567692044155
226.33,0.289193014077562
226.34,0.291821749127482
226.35,0.294453680968238
226.36,0.297088594484442
226.37,0.299726275660475
226.38,0.302366511795073
226.39,0.305009089895556
226.4,0.307653799659698
226.41,0.31030043174048
226.42,0.31294877798176
226.43,0.315598631796169
226.44,0.318249787773889
226.45,0.32090204195526
226.46,0.323555191870566
226.47,0.326209036220959
226.48,0.328863375475655
226.49,0.331518011651145
226.5,0.334172748305175
226.51,0.336827389848178
226.52,0.339481742762612
226.53,0.342135615195405
226.54,0.344788816779141
226.55,0.347441158580054
226.56,0.35009245340143
226.57,0.352742515736035
226.58,0.355391161704947
226.59,0.358038209092487
226.6,0.360683477396948
226.61,0.363326787847856
226.62,0.365967963412214
226.63,0.368606828395672
226.64,0.371243208968224
226.65,0.373876933238735
226.66,0.376507830936158
226.67,0.379135733158741
226.68,0.381760472845007
226.69,0.384381884897645
226.7,0.386999805812308
226.71,0.389614073815793
226.72,0.392224528838644
226.73,0.39483101260139
226.74,0.397433368557776
226.75,0.400031441916939
226.76,0.40262507952242
226.77,0.405214129990756
226.78,0.407798443794746
226.79,0.410377873112293
226.8,0.412952271823287
226.81,0.415521494649217
226.82,0.418085399121543
226.83,0.420643844071958
226.84,0.423196690019153
226.85,0.425743798965009
226.86,0.428285034565275
226.87,0.430820262319244
226.88,0.433349349264564
226.89,0.435872164086948
226.9,0.438388577707759
226.91,0.440898461981367
226.92,0.443401690670463
226.93,0.445898139191513
226.94,0.448387684456738
226.95,0.450870204977468
226.96,0.453345581076976
226.97,0.455813694605338
226.98,0.458274429008956
226.99,0.46072766737513
227,0.463173296713685
227.01,0.46561120464949
227.02,0.468041280271099
227.03,0.47046341411525
227.04,0.47287749996081
227.05,0.475283431038543
227.06,0.477681102675914
227.07,0.480070411782803
227.08,0.482451256771855
227.09,0.484823535612756
227.1,0.487187149639013
227.11,0.489542001207981
227.12,0.491887993829792
227.13,0.494225032334964
227.14,0.496553024477505
227.15,0.49887187796218
227.16,0.501181501875135
227.17,0.503481806941878
227.18,0.505772705264719
227.19,0.508054109260669
227.2,0.510325933405826
227.21,0.512588093669591
227.22,0.514840507032694
227.23,0.517083091717604
227.24,0.519315766862579
227.25,0.521538452962368
227.26,0.523751071823798
227.27,0.52595354630694
227.28,0.528145800407625
227.29,0.530327760190005
227.3,0.532499352611136
227.31,0.534660505095797
227.32,0.536811146649747
227.33,0.538951207447668
227.34,0.541080618410542
227.35,0.54319931158024
227.36,0.545307220560985
227.37,0.547404279809176
227.38,0.549490424852348
227.39,0.551565591961654
227.4,0.553629718309793
227.41,0.555682742561981
227.42,0.557724604128352
227.43,0.559755243375845
227.44,0.561774602099877
227.45,0.563782623396535
227.46,0.565779250243589
227.47,0.567764427056012
227.48,0.569738099188671
227.49,0.57170021292447
227.5,0.573650716017859
227.51,0.575589556812191
227.52,0.577516684329444
227.53,0.579432048703536
227.54,0.581335600980128
227.55,0.583227293107844
227.56,0.58510707690164
227.57,0.586974906259285
227.58,0.588830735562435
227.59,0.590674519956057
227.6,0.592506215390863
227.61,0.594325778772267
227.62,0.596133168559335
227.63,0.597928342813357
227.64,0.599711260871368
227.65,0.601481882863838
227.66,0.603240169705842
227.67,0.604986082753297
227.68,0.606719583969796
227.69,0.608440636653797
227.7,0.610149204530132
227.71,0.611845252023325
227.72,0.613528744245837
227.73,0.615199647976019
227.74,0.616857929979401
227.75,0.618503557440121
227.76,0.620136498534767
227.77,0.621756722140384
227.78,0.623364197827743
227.79,0.624958894738147
227.8,0.626540784062862
227.81,0.628109837151084
227.82,0.629666025941841
227.83,0.631209322979251
227.84,0.632739701796034
227.85,0.634257137898576
227.86,0.635761605154032
227.87,0.637253079001747
227.88,0.638731535534049
227.89,0.640196951493006
227.9,0.641649303167334
227.91,0.643088567241053
227.92,0.644514722580489
227.93,0.645927747772602
227.94,0.647327621915989
227.95,0.648714324608909
227.96,0.650087837580749
227.97,0.651448141740968
227.98,0.652795218293977
227.99,0.654129049389653
228,0.655449617728937
228.01,0.656756906558787
228.02,0.658050899494342
228.03,0.659331580912769
228.04,0.66059893563385
228.05,0.661852948999956
228.06,0.663093606871305
228.07,0.664320895489429
228.08,0.665534801257469
228.09,0.666735311672028
228.1,0.667922414452825
228.11,0.669096097785426
228.12,0.67025635031444
228.13,0.67140316148053
228.14,0.672536521143314
228.15,0.673656419211752
228.16,0.674762846273872
228.17,0.675855793370407
228.18,0.676935251989832
228.19,0.678001214164559
228.2,0.67905367254251
228.21,0.680092619842967
228.22,0.681118049386727
228.23,0.682129954932193
228.24,0.683128330671399
228.25,0.684113171211577
228.26,0.68508447141019
228.27,0.686042226797888
228.28,0.686986433216815
228.29,0.687917086915646
228.3,0.688834184545125
228.31,0.689737723153585
228.32,0.690627700503387
228.33,0.691504114382359
228.34,0.692366963051584
228.35,0.693216245197914
228.36,0.694051959897683
228.37,0.694874106613152
228.38,0.695682685396701
228.39,0.696477696552811
228.4,0.697259140673904
228.41,0.698027018813176
228.42,0.698781332404944
228.43,0.699522083261943
228.44,0.700249273496829
228.45,0.700962905563861
228.46,0.701662982423329
228.47,0.702349507328391
228.48,0.703022483889855
228.49,0.703681916072978
228.5,0.704327808214149
228.51,0.704960165065008
228.52,0.705578991608209
228.53,0.706184293219738
228.54,0.706776075618133
228.55,0.707354344861582
228.56,0.707919107348637
228.57,0.708470370272147
228.58,0.709008140484409
228.59,0.709532425442074
228.6,0.710043232936454
228.61,0.710540571091177
228.62,0.711024448359827
228.63,0.711494873523615
228.64,0.711951855775441
228.65,0.712395404629615
228.66,0.712825529793125
228.67,0.71324224136647
228.68,0.713645549770343
228.69,0.714035465743539
228.7,0.714412000340846
228.71,0.714775164930949
228.72,0.715124971250678
228.73,0.715461431269133
228.74,0.715784557290482
228.75,0.716094361927973
228.76,0.716390858099535
228.77,0.716674059025746
228.78,0.716943978227806
228.79,0.717200629637098
228.8,0.717444027524916
228.81,0.71767418622633
228.82,0.717891120493039
228.83,0.718094845373707
228.84,0.718285376212303
228.85,0.718462728646443
228.86,0.718626918605733
228.87,0.718777962452158
228.88,0.718915876655077
228.89,0.719040678019995
228.9,0.719152383655088
228.91,0.719251010955761
228.92,0.719336577603189
228.93,0.719409101562854
228.94,0.719468601067114
228.95,0.719515094614766
228.96,0.719548601030213
228.97,0.719569139393362
228.98,0.719576729060017
228.99,0.719571389660351
229,0.719553141097381
229.01,0.719522003545446
229.02,0.719477997595842
229.03,0.719421143936798
229.04,0.71935146355023
229.05,0.719268977711049
229.06,0.719173707961846
229.07,0.719065676111589
229.08,0.718944904234323
229.09,0.718811414722669
229.1,0.718665230322443
229.11,0.718506373821622
229.12,0.718334868372824
229.13,0.718150737391309
229.14,0.717954004553911
229.15,0.717744693797959
229.16,0.7175228293202
229.17,0.717288435553937
229.18,0.717041537184188
229.19,0.716782159194353
229.2,0.716510326799765
229.21,0.716226065468719
229.22,0.715929400921342
229.23,0.715620359128452
229.24,0.71529896631043
229.25,0.714965248940329
229.26,0.714619233736483
229.27,0.714260947659704
229.28,0.713890417918468
229.29,0.713507671965295
229.3,0.713112737495614
229.31,0.712705642446647
229.32,0.71228641499627
229.33,0.711855083707654
229.34,0.711411677248675
229.35,0.710956224493815
229.36,0.710488754605261
229.37,0.710009296984411
229.38,0.709517881270957
229.39,0.709014537341997
229.4,0.708499295311132
229.41,0.707972185578299
229.42,0.707433238716306
229.43,0.706882485543644
229.44,0.706319957120355
229.45,0.705745684739675
229.46,0.70515969992719
229.47,0.704562034439999
229.48,0.703952720265881
229.49,0.703331789467485
229.5,0.702699274559079
229.51,0.702055208197016
229.52,0.701399623259054
229.53,0.700732552846418
229.54,0.700054030282799
229.55,0.699364089113356
229.56,0.698662763103553
229.57,0.697950086236778
229.58,0.697226092717431
229.59,0.696490816966299
229.6,0.69574429362061
229.61,0.694986557533032
229.62,0.694217643770684
229.63,0.693437587614118
229.64,0.692646424625616
229.65,0.691844190743991
229.66,0.691030921759065
229.67,0.690206653837432
229.68,0.689371423359434
229.69,0.688525266918412
229.7,0.687668221320009
229.71,0.686800323581444
229.72,0.685921610930797
229.73,0.685032120911956
229.74,0.684131891121932
229.75,0.683220959429175
229.76,0.682299363912823
229.77,0.681367142861047
229.78,0.680424334770422
229.79,0.679470978345298
229.8,0.678507112497169
229.81,0.677532775952645
229.82,0.676548008040736
229.83,0.675552848337066
229.84,0.674547336498669
229.85,0.673531512377283
229.86,0.672505416018232
229.87,0.671469087659336
229.88,0.670422567729769
229.89,0.66936589681599
229.9,0.668299115694683
229.91,0.667222265382471
229.92,0.666135387052498
229.93,0.665038522062453
229.94,0.663931711953362
229.95,0.662814998448431
229.96,0.661688423451856
229.97,0.660552029272464
229.98,0.659405859161905
229.99,0.65824995504128
230,0.65708435969213
230.01,0.655909116091834
230.02,0.654724267413531
230.03,0.65352985702605
230.04,0.652325928493836
230.05,0.651112525576872
230.06,0.649889691488316
230.07,0.64865747069282
230.08,0.647415907472585
230.09,0.646165046260057
230.1,0.64490493166984
230.11,0.643635608497957
230.12,0.64235712172113
230.13,0.641069516496003
230.14,0.639772837317485
230.15,0.638467129622357
230.16,0.637152439246573
230.17,0.635828811883474
230.18,0.634496293381311
230.19,0.633154929741347
230.2,0.63180476711604
230.21,0.63044585180718
230.22,0.629078230688938
230.23,0.627701950981398
230.24,0.626317059215303
230.25,0.624923602512525
230.26,0.623521628171566
230.27,0.622111183668042
230.28,0.620692316655183
230.29,0.619265075163709
230.3,0.617829507175072
230.31,0.616385660899904
230.32,0.614933584759294
230.33,0.613473327362108
230.34,0.612004937505957
230.35,0.61052846362952
230.36,0.609043953343243
230.37,0.607551456612961
230.38,0.606051022612732
230.39,0.604542700667423
230.4,0.603026540252693
230.41,0.601502590770308
230.42,0.599970901814395
230.43,0.598431523384292
230.44,0.5968845054789
230.45,0.595329898240439
230.46,0.593767751954439
230.47,0.592198117690634
230.48,0.590621046038543
230.49,0.589036587708857
230.5,0.587444793710838
230.51,0.585845715210859
230.52,0.584239403531997
230.53,0.582625910061642
230.54,0.581005286473391
230.55,0.579377584547277
230.56,0.577742856219009
230.57,0.576101153579918
230.58,0.57445252862352
230.59,0.572797032774197
230.6,0.571134718970112
230.61,0.569465639714726
230.62,0.56778984764692
230.63,0.566107395540928
230.64,0.564418335927624
230.65,0.562722721435575
230.66,0.561020605407411
230.67,0.559312041007491
230.68,0.557597081521339
230.69,0.555875780355582
230.7,0.554148191762188
230.71,0.552414369505814
230.72,0.550674367313081
230.73,0.548928239259863
230.74,0.547176039560205
230.75,0.545417822566264
230.76,0.543653642679827
230.77,0.541883554557752
230.78,0.540107612955391
230.79,0.538325872761518
230.8,0.536538389001605
230.81,0.534745216651141
230.82,0.532946409599612
230.83,0.53114202383571
230.84,0.529332114672271
230.85,0.52751673753378
230.86,0.525695947956369
230.87,0.523869801448308
230.88,0.522038353453596
230.89,0.52020165996821
230.9,0.518359776894942
230.91,0.516512760240653
230.92,0.51466066611627
230.93,0.512803551138525
230.94,0.510941471951784
230.95,0.509074484848986
230.96,0.507202646498224
230.97,0.50532601368478
230.98,0.503444643311111
230.99,0.501558592255655
231,0.499667917637033
231.01,0.497772676716878
231.02,0.49587292683145
231.03,0.493968725431003
231.04,0.492060130079777
231.05,0.490147197176007
231.06,0.488229984854754
231.07,0.486308550887238
231.08,0.484382953052822
231.09,0.482453249223221
231.1,0.480519497325259
231.11,0.47858175503685
231.12,0.476640080667966
231.13,0.474694532399014
231.14,0.472745168497139
231.15,0.470792047316214
231.16,0.468835227296839
231.17,0.466874767649781
231.18,0.464910726712475
231.19,0.462943163276949
231.2,0.460972136237015
231.21,0.458997704582321
231.22,0.457019927398347
231.23,0.455038863614187
231.24,0.453054572560096
231.25,0.451067113596585
231.26,0.449076546146641
231.27,0.447082929725119
231.28,0.445086323938738
231.29,0.443086787675972
231.3,0.441084380689028
231.31,0.439079162910015
231.32,0.437071194137526
231.33,0.435060534246667
231.34,0.433047243189043
231.35,0.431031380502728
231.36,0.429013006093398
231.37,0.42699218024746
231.38,0.42496896309221
231.39,0.422943414819931
231.4,0.420915595687878
231.41,0.41888556635895
231.42,0.416853387540855
231.43,0.414819119535091
231.44,0.412782822974541
231.45,0.410744558567423
231.46,0.408704387097282
231.47,0.406662369530144
231.48,0.404618566995865
231.49,0.402573040416416
231.5,0.400525850926214
231.51,0.398477059739496
231.52,0.39642672815031
231.53,0.394374917190339
231.54,0.392321687088913
231.55,0.39026709991214
231.56,0.388211217031326
231.57,0.386154099875422
231.58,0.384095809931068
231.59,0.382036408665106
231.6,0.379975957004441
231.61,0.377914516896829
231.62,0.375852149949129
231.63,0.37378891781562
231.64,0.37172488219805
231.65,0.369660104849617
231.66,0.367594648850341
231.67,0.365528575504576
231.68,0.363461946884799
231.69,0.361394825127833
231.7,0.359327272434891
231.71,0.357259351071564
231.72,0.355191123330054
231.73,0.353122651613683
231.74,0.35105399837889
231.75,0.348985226142049
231.76,0.346916397483342
231.77,0.344847575046749
231.78,0.342778820738619
231.79,0.340710197322377
231.8,0.338641767669887
231.81,0.336573594510695
231.82,0.33450574062328
231.83,0.332438268835105
231.84,0.330371241804862
231.85,0.328304722381063
231.86,0.326238773579948
231.87,0.324173458368572
231.88,0.322108839757951
231.89,0.320044980803107
231.9,0.317981944919335
231.91,0.315919795580289
231.92,0.313858595897572
231.93,0.311798409252939
231.94,0.309739299087705
231.95,0.3076813291522
231.96,0.305624563434859
231.97,0.303569065443748
231.98,0.301514899009868
231.99,0.299462128039674
232,0.297410816252646
232.01,0.295361026967496
232.02,0.293312824524882
232.03,0.291266272917444
232.04,0.289221436190469
232.05,0.287178378282457
232.06,0.285137162554138
232.07,0.283097853441074
232.08,0.281060515001308
232.09,0.279025211324399
232.1,0.276992006653956
232.11,0.274960966485266
232.12,0.272932154596223
232.13,0.270905635499247
232.14,0.268881473770332
232.15,0.266859734066027
232.16,0.264840483315793
232.17,0.26282378559999
232.18,0.260809706192279
232.19,0.258798310478248
232.2,0.256789663955458
232.21,0.25478383188748
232.22,0.252780880053718
232.23,0.250780874235546
232.24,0.248783880293639
232.25,0.246789964192174
232.26,0.244799189526143
232.27,0.242811622400549
232.28,0.240827328874912
232.29,0.238846374631527
232.3,0.236868825386335
232.31,0.234894747828874
232.32,0.232924208184041
232.33,0.230957272426127
232.34,0.228994006868905
232.35,0.227034479536724
232.36,0.225078758690507
232.37,0.223126911002099
232.38,0.22117900421642
232.39,0.219235106072496
232.4,0.217295284255987
232.41,0.215359607197116
232.42,0.213428143295156
232.43,0.211500960488658
232.44,0.209578124391831
232.45,0.207659704349529
232.46,0.205745768399505
232.47,0.203836384729323
232.48,0.201931623378655
232.49,0.200031552250538
232.5,0.198136240160661
232.51,0.196245756048713
232.52,0.19436017287634
232.53,0.192479559780671
232.54,0.19060398707828
232.55,0.18873352561798
232.56,0.186868246559458
232.57,0.185008221334235
232.58,0.183153521657587
232.59,0.181304219538402
232.6,0.179460386120484
232.61,0.177622092968468
232.62,0.175789412849583
232.63,0.173962418226773
232.64,0.172141181958462
232.65,0.170325777326613
232.66,0.168516277473252
232.67,0.166712755923175
232.68,0.164915289908536
232.69,0.163123953517161
232.7,0.161338822380006
232.71,0.15955997307286
232.72,0.157787482819756
232.73,0.156021428798387
232.74,0.154261888725325
232.75,0.152508937618766
232.76,0.150762654366963
232.77,0.149023116989028
232.78,0.147290404213061
232.79,0.14556459503848
232.8,0.143845768534973
232.81,0.14213400489495
232.82,0.140429388350259
232.83,0.138731999349883
232.84,0.137041920472665
232.85,0.135359235847019
232.86,0.133684029844145
232.87,0.132016387293287
232.88,0.13035639339111
232.89,0.128704132517193
232.9,0.127059691664702
232.91,0.125423157674423
232.92,0.123794618193347
232.93,0.122174161269034
232.94,0.120561875538138
232.95,0.118957851632733
232.96,0.11736218338153
232.97,0.115774962540995
232.98,0.11419628331144
232.99,0.112626241180961
233,0.111064932365868
233.01,0.109512451390616
233.02,0.107968893856538
233.03,0.106434357536928
233.04,0.104908938749418
233.05,0.103392735054346
233.06,0.101885844588346
233.07,0.100388372621131
233.08,0.0989004196520022
233.09,0.0974220893899249
233.1,0.0959534924467154
233.11,0.0944947357758277
233.12,0.093045928757935
233.13,0.0916071785010094
233.14,0.090178597546295
233.15,0.0887602951915899
233.16,0.0873523764555515
233.17,0.0859549532628485
233.18,0.0845681365003708
233.19,0.0831920379285302
233.2,0.0818267686265063
233.21,0.080472449236146
233.22,0.0791292006075868
233.23,0.0777971412855927
233.24,0.0764763964986072
233.25,0.0751670919774835
233.26,0.073869355496177
233.27,0.0725832953673863
233.28,0.0713090394180834
233.29,0.070046709179445
233.3,0.0687964178883265
233.31,0.0675582858265284
233.32,0.0663324328365488
233.33,0.0651189887229644
233.34,0.0639180724963501
233.35,0.0627298102349997
233.36,0.0615543332348519
233.37,0.0603917685615908
233.38,0.0592422389271246
233.39,0.0581058640447741
233.4,0.056982771548483
233.41,0.0558730712070359
233.42,0.0547768736020479
233.43,0.0536942932077457
233.44,0.0526254426771141
233.45,0.0515704302646247
233.46,0.0505293621132295
233.47,0.0495023498617117
233.48,0.0484894973515207
233.49,0.0474909072658068
233.5,0.0465066643724524
233.51,0.0455368662643024
233.52,0.0445815992025386
233.53,0.0436409348083055
233.54,0.0427149521330234
233.55,0.041803718345451
233.56,0.0409072909564858
233.57,0.0400257279281061
233.58,0.0391590754705825
233.59,0.0383073720789144
233.6,0.0374706535576337
233.61,0.0366489407154173
233.62,0.0358422485937429
233.63,0.035050587415861
233.64,0.0342739485517889
233.65,0.0335123209562366
233.66,0.0327656847176613
233.67,0.0320340007119453
233.68,0.0313172288194289
233.69,0.0306153159601557
233.7,0.029928193813984
233.71,0.0292557890754561
233.72,0.0285980157166489
233.73,0.0279547749646585
233.74,0.0273259599424028
233.75,0.0267114521557248
233.76,0.0261111222861747
233.77,0.0255248304870763
233.78,0.0249524279110854
233.79,0.0243937558005322
233.8,0.023848643402286
233.81,0.0233169154330233
233.82,0.022798385488947
233.83,0.0222928557203274
233.84,0.0218001295697186
233.85,0.0213199954226077
233.86,0.0208522337441791
233.87,0.020396631873988
233.88,0.0199529569172199
233.89,0.0195209747917301
233.9,0.0191004588168526
233.91,0.0186911629335672
233.92,0.0182928440357868
233.93,0.0179052658901263
233.94,0.0175281754558276
233.95,0.017161325400356
233.96,0.0168044736891595
233.97,0.0164573690381625
233.98,0.0161197697490421
233.99,0.0157914279295531
234,0.0154721010177813
234.01,0.0151615474737082
234.02,0.0148595263956053
234.03,0.0145658038702358
234.04,0.0142801434869909
234.05,0.0140023186842034
234.06,0.0137321018928515
234.07,0.0134692715280236
234.08,0.0132136114079321
234.09,0.0129649072822315
234.1,0.0127229523868197
234.11,0.0124875418256245
234.12,0.0122584771225305
234.13,0.0120355645836356
234.14,0.0118186143955404
234.15,0.011607443518885
234.16,0.0114018723192026
234.17,0.0112017268924967
234.18,0.0110068384796094
234.19,0.010817042953842
234.2,0.010632181012543
234.21,0.0104520985666045
234.22,0.0102766459511073
234.23,0.010105678018571
234.24,0.00993905495628352
234.25,0.00977663997538931
234.26,0.009618302389655
234.27,0.00946391543702206
234.28,0.00931335482669551
234.29,0.00916650279810002
234.3,0.00902324456287678
234.31,0.00888346771394071
234.32,0.00874706616122334
234.33,0.00861393595440868
234.34,0.00848397605385458
234.35,0.00835709088979871
234.36,0.00823318640343688
234.37,0.00811217214459083
234.38,0.00799396213264675
234.39,0.00787847106283749
234.4,0.0077656181453179
234.41,0.00765532598130198
234.42,0.00754751697843369
234.43,0.00744211853360473
234.44,0.00733905972371598
234.45,0.00723827227130654
234.46,0.00713969098658135
234.47,0.00704325181947067
234.48,0.00694889327475373
234.49,0.00685655588755333
234.5,0.0067661821726197
234.51,0.00667771654709063
234.52,0.00659110520678952
234.53,0.00650629667985692
234.54,0.0064232405511692
234.55,0.0063418882082626
234.56,0.00626219274197029
234.57,0.00618410913876158
234.58,0.00610759328234181
234.59,0.00603260264106092
234.6,0.0059590963278642
234.61,0.0058870346993042
234.62,0.00581637918878715
234.63,0.00574709251980846
234.64,0.00567913891296653
234.65,0.0056124833561855
234.66,0.00554709202041124
234.67,0.00548293220156869
234.68,0.00541997238022783
234.69,0.00535818164730388
234.7,0.00529753011752296
234.71,0.00523798877567838
234.72,0.00517953029733602
234.73,0.00512212716920069
234.74,0.00506575300655284
234.75,0.00501038216739791
234.76,0.00495599020414631
234.77,0.00490255310892068
234.78,0.00485004742012111
234.79,0.0047984504402067
234.8,0.00474774026155795
234.81,0.00469789574432443
234.82,0.00464889600410911
234.83,0.00460072085997719
234.84,0.00455335070994447
234.85,0.00450676686231155
234.86,0.00446095066264552
234.87,0.00441588411892026
234.88,0.00437154970885843
234.89,0.00432793072124018
234.9,0.00428501061336792
234.91,0.00424277327608919
234.92,0.00420120306755718
234.93,0.00416028488529697
234.94,0.00412000406626011
234.95,0.00408034615434258
234.96,0.00404129714287513
234.97,0.00400284341086352
234.98,0.00396497182184156
234.99,0.00392766938213873
235,0.00389092348920573
235.01,0.00385472184659295
235.02,0.00381905266192545
235.03,0.00378390425165276
235.04,0.00374926523336386
235.05,0.00371512451717093
235.06,0.00368147138792439
235.07,0.00364829543682695
235.08,0.00361558634758836
235.09,0.0035833341212161
235.1,0.0035515290080134
235.11,0.00352016159226205
235.12,0.00348922255202206
235.13,0.0034587028293791
235.14,0.00342859357474061
235.15,0.00339888615942968
235.16,0.00336957213199905
235.17,0.00334064322257683
235.18,0.00331209134029332
235.19,0.00328390861588302
235.2,0.00325608739587855
235.21,0.00322862007939023
235.22,0.00320149926559765
235.23,0.00317471771377465
235.24,0.00314826854936386
235.25,0.00312214478795358
235.26,0.00309633968390164
235.27,0.00307084663446869
235.28,0.00304565919262193
235.29,0.0030207710369093
235.3,0.00299617596982062
235.31,0.00297186792369677
235.32,0.00294784087129155
235.33,0.00292408872114964
235.34,0.00290060567464811
235.35,0.00287738591404677
235.36,0.00285442408537294
235.37,0.00283171478715224
235.38,0.00280925259691139
235.39,0.00278703228442075
235.4,0.00276504855706743
235.41,0.00274329640373702
235.42,0.00272177084507206
235.43,0.00270046691772377
235.44,0.00267937967088224
235.45,0.00265850432766573
235.46,0.00263783611914062
235.47,0.00261737028429611
235.48,0.00259710212440599
235.49,0.00257702696827207
235.5,0.00255714025103759
235.51,0.00253743785307639
235.52,0.00251791526205083
235.53,0.00249856821008396
235.54,0.0024793924083743
235.55,0.00246038362751367
235.56,0.00244153779077607
235.57,0.00242285084452785
235.58,0.00240431842495915
235.59,0.00238593654265859
235.6,0.00236770111220686
235.61,0.00234960807190616
235.62,0.00233165344375124
235.63,0.00231383315193598
235.64,0.00229614315661842
235.65,0.00227857979223567
235.66,0.00226113952079491
235.67,0.00224381853403732
235.68,0.00222661327486347
235.69,0.00220951959535199
235.7,0.00219253390591948
235.71,0.00217565257089375
235.72,0.00215887192211403
235.73,0.00214218840649789
235.74,0.00212559835608003
235.75,0.0021090981535577
235.76,0.0020926843385559
235.77,0.00207635359741718
235.78,0.00206010243288526
235.79,0.00204392749279797
235.8,0.00202782543818623
235.81,0.00201179300791301
235.82,0.0019958270040669
235.83,0.00197992427034011
235.84,0.00196408154630274
235.85,0.00194829578307985
235.86,0.00193256391751542
235.87,0.00191688297519954
235.88,0.00190125011012595
235.89,0.00188566242133698
235.9,0.00187011711373831
235.91,0.00185461155209728
235.92,0.00183914316082407
235.93,0.00182370940896926
235.94,0.00180830788599148
235.95,0.00179293622607434
235.96,0.00177759221613155
235.97,0.00176227372903578
235.98,0.00174697873919242
235.99,0.00173170531651051
236,0.00171645165990209
236.01,0.00170121607728831
236.02,0.0016859970332338
236.03,0.0016707931269537
236.04,0.00165560305905147
236.05,0.0016404256859883
236.06,0.00162526001249926
236.07,0.00161010519184362
236.08,0.00159496053314898
236.09,0.00157982549574309
236.1,0.00156469963811931
236.11,0.00154958275124696
236.12,0.00153447476546746
236.13,0.00151937575402543
236.14,0.00150428593902441
236.15,0.00148920574536836
236.16,0.00147413575256591
236.17,0.0014590766648664
236.18,0.00144402938016894
236.19,0.00142899497148444
236.2,0.00141397466711474
236.21,0.00139896975553218
236.22,0.00138398179787227
236.23,0.00136901247522347
236.24,0.00135406359551289
236.25,0.00133913705210204
236.26,0.00132423493921606
236.27,0.00130935945137314
236.28,0.00129451289542138
236.29,0.00127969770588516
236.3,0.00126491641941743
236.31,0.00125017166812577
236.32,0.00123546619274636
236.33,0.00122080280430168
236.34,0.00120618436433444
236.35,0.00119161383886779
236.36,0.00117709422822037
236.37,0.00116262855921262
236.38,0.00114821992184099
236.39,0.00113387142380359
236.4,0.00111958619048216
236.41,0.00110536735677382
236.42,0.00109121805964662
236.43,0.00107714143075773
236.44,0.00106314058131756
236.45,0.00104921859591881
236.46,0.00103537852104561
236.47,0.00102162336252206
236.48,0.00100795608101224
236.49,0.000994379588833692
236.5,0.000980896717645358
236.51,0.000967510241479889
236.52,0.00095422286740758
236.53,0.000941037203114299
236.54,0.000927955779709754
236.55,0.00091498104141569
236.56,0.000902115320796991
236.57,0.000889360858000108
236.58,0.000876719792178641
236.59,0.000864194136215948
236.6,0.000851785824738235
236.61,0.000839496708337421
236.62,0.000827328482669443
236.63,0.000815282749519173
236.64,0.000803360998295959
236.65,0.000791564598894817
236.66,0.000779894813541995
236.67,0.00076835279308199
236.68,0.000756939559676832
236.69,0.000745656043593517
236.7,0.000734503075447885
236.71,0.00072348135056902
236.72,0.000712591477613387
236.73,0.000701833967311856
236.74,0.00069120921379322
236.75,0.000680717520972393
236.76,0.000670359097372321
236.77,0.000660134050781302
236.78,0.000650042403917459
236.79,0.000640084092320248
236.8,0.000630258958605152
236.81,0.000620566771112584
236.82,0.000611007221047713
236.83,0.000601579916458337
236.84,0.000592284397994971
236.85,0.000583120137732879
236.86,0.000574086538724024
236.87,0.000565182942692658
236.88,0.000556408631708583
236.89,0.000547762830640293
236.9,0.000539244710912663
236.91,0.000530853393506951
236.92,0.00052258795223546
236.93,0.000514447416504465
236.94,0.000506430774601525
236.95,0.000498536976977665
236.96,0.000490764932299031
236.97,0.000483113514533182
236.98,0.000475581570661324
236.99,0.000468167917609008
237,0.000460871346433658
237.01,0.000453690624645763
237.02,0.00044662449771383
237.03,0.000439671692946735
237.04,0.000432830923070995
237.05,0.000426100878986519
237.06,0.000419480232116642
237.07,0.000412967653219347
237.08,0.000406561797076613
237.09,0.000400261305124422
237.1,0.000394064817276894
237.11,0.000387970966718345
237.12,0.000381978387235869
237.13,0.000376085707753017
237.14,0.000370291558941189
237.15,0.000364594556364361
237.16,0.0003589933329173
237.17,0.000353486519700811
237.18,0.000348072741410324
237.19,0.000342750633567939
237.2,0.000337518835842134
237.21,0.000332375994611962
237.22,0.000327320763091775
237.23,0.000322351802355379
237.24,0.000317467778881946
237.25,0.000312667366983111
237.26,0.000307949255189456
237.27,0.000303312138647641
237.28,0.000298754718980305
237.29,0.000294275714458803
237.3,0.00028987385276688
237.31,0.000285547872424445
237.32,0.000281296525863195
237.33,0.000277118578136116
237.34,0.000273012804511427
237.35,0.000268977997042334
237.36,0.000265012961007006
237.37,0.000261116509289992
237.38,0.000257287472842825
237.39,0.000253524696499774
237.4,0.000249827038700866
237.41,0.00024619337231873
237.42,0.000242622584913783
237.43,0.000239113579006883
237.44,0.000235665272334516
237.45,0.000232276598031818
237.46,0.00022894650307447
237.47,0.000225673945360828
237.48,0.000222457903437794
237.49,0.000219297369008714
237.5,0.000216191344234944
237.51,0.000213138849432529
237.52,0.000210138918865881
237.53,0.000207190602225137
237.54,0.000204292965037813
237.55,0.000201445085848586
237.56,0.000198646058810798
237.57,0.000195894990652142
237.58,0.000193191005104264
237.59,0.000190533239851399
237.6,0.000187920844413806
237.61,0.000185352982140225
237.62,0.000182828832315054
237.63,0.000180347587063182
237.64,0.000177908452771457
237.65,0.000175510648659211
237.66,0.000173153407630597
237.67,0.000170835976587989
237.68,0.000168557615514284
237.69,0.000166317597517111
237.7,0.000164115208045239
237.71,0.000161949743529689
237.72,0.000159820516058568
237.73,0.000157726849129526
237.74,0.000155668078122129
237.75,0.000153643548742277
237.76,0.00015165262103548
237.77,0.000149694665870643
237.78,0.000147769065809544
237.79,0.000145875215789296
237.8,0.000144012520920618
237.81,0.000142180397915613
237.82,0.000140378274492749
237.83,0.000138605588625551
237.84,0.000136861789696899
237.85,0.000135146337375647
237.86,0.00013345870170139
237.87,0.000131798360970216
237.88,0.000130164805472908
237.89,0.000128557534505859
237.9,0.000126976056895433
237.91,0.000125419892271665
237.92,0.000123888568224332
237.93,0.000122381621794912
237.94,0.00012089859910716
237.95,0.000119439056258038
237.96,0.000118002557288945
237.97,0.000116588674916081
237.98,0.000115196990521493
237.99,0.00011382709207863
238,0.000112478576886232
238.01,0.000111151050521138
238.02,0.000109844125936625
238.03,0.000108557423658895
238.04,0.000107290571234578
238.05,0.000106043203966166
238.06,0.000104814964056397
238.07,0.000103605500624776
238.08,0.000102414471605079
238.09,0.000101241543987813
238.1,0.000100086386831424
238.11,9.89486779070576e-05
238.12,9.78281016141761e-05
238.13,9.6724346017564e-05
238.14,9.56371070364867e-05
238.15,9.45660874179935e-05
238.16,9.35109950202867e-05
238.17,9.24715434726899e-05
238.18,9.14474550166926e-05
238.19,9.04384537504972e-05
238.2,8.94442705369036e-05
238.21,8.84646415690834e-05
238.22,8.7499308733313e-05
238.23,8.65480197330636e-05
238.24,8.56105260172773e-05
238.25,8.4686584515266e-05
238.26,8.37759569925499e-05
238.27,8.28784104631258e-05
238.28,8.19937163261388e-05
238.29,8.11216503140045e-05
238.3,8.02619927535172e-05
238.31,7.94145283226296e-05
238.32,7.85790474388481e-05
238.33,7.77553427911966e-05
238.34,7.69432118483559e-05
238.35,7.61424560655973e-05
238.36,7.5352880782999e-05
238.37,7.45742966459861e-05
238.38,7.38065168641826e-05
238.39,7.30493581071829e-05
238.4,7.23026409744226e-05
238.41,7.15661895722035e-05
238.42,7.08398314533631e-05
238.43,7.01233975021684e-05
238.44,6.94167217931045e-05
238.45,6.87196415651977e-05
238.46,6.8031997109212e-05
238.47,6.73536324223004e-05
238.48,6.66843968827541e-05
238.49,6.60241388770388e-05
238.5,6.53727112400281e-05
238.51,6.47299696343589e-05
238.52,6.40957724771881e-05
238.53,6.34699836530264e-05
238.54,6.28524663561053e-05
238.55,6.22430876336364e-05
238.56,6.16417171849818e-05
238.57,6.10482272709202e-05
238.58,6.04624912824713e-05
238.59,5.98843859418777e-05
238.6,5.93137905999044e-05
238.61,5.87505864615679e-05
238.62,5.81946568671187e-05
238.63,5.76458887584506e-05
238.64,5.71041717812654e-05
238.65,5.65693951531521e-05
238.66,5.60414513310325e-05
238.67,5.55202347905561e-05
238.68,5.50056418707875e-05
238.69,5.44975703851018e-05
238.7,5.3995920644024e-05
238.71,5.35005944784677e-05
238.72,5.3011495441039e-05
238.73,5.25285287511917e-05
238.74,5.20516058821585e-05
238.75,5.15806346003756e-05
238.76,5.11155260864307e-05
238.77,5.06561934036752e-05
238.78,5.02025513086184e-05
238.79,4.97545141963793e-05
238.8,4.93119992188565e-05
238.81,4.88749257157284e-05
238.82,4.84432138093561e-05
238.83,4.80167849595338e-05
238.84,4.75955626936194e-05
238.85,4.71794723142413e-05
238.86,4.6768438918122e-05
238.87,4.63623895383176e-05
238.88,4.59612524368168e-05
238.89,4.5564957511793e-05
238.9,4.51734382449594e-05
238.91,4.47866258626993e-05
238.92,4.44044541898838e-05
238.93,4.40268582854082e-05
238.94,4.36537744199565e-05
238.95,4.32851381069755e-05
238.96,4.29208882706554e-05
238.97,4.25609642701292e-05
238.98,4.22053063758294e-05
238.99,4.18538558572571e-05
239,4.15065549737965e-05
239.01,4.1163347034186e-05
239.02,4.08241760970338e-05
239.03,4.04889871742944e-05
239.04,4.01577261373961e-05
239.05,3.98303396884633e-05
239.06,3.95067766064481e-05
239.07,3.91869872497118e-05
239.08,3.88709202673009e-05
239.09,3.8558526358956e-05
239.1,3.82497570747798e-05
239.11,3.79445647982066e-05
239.12,3.76429024578775e-05
239.13,3.73447239449043e-05
239.14,3.70499840257778e-05
239.15,3.67586381240425e-05
239.16,3.64706423910186e-05
239.17,3.61859536873314e-05
239.18,3.59045287883543e-05
239.19,3.56263260514695e-05
239.2,3.53513041850713e-05
239.21,3.50794224567325e-05
239.22,3.48106407111112e-05
239.23,3.45449197815763e-05
239.24,3.42822231587581e-05
239.25,3.40225116534155e-05
239.26,3.37657479897899e-05
239.27,3.35118954991987e-05
239.28,3.32609181087546e-05
239.29,3.30127804665397e-05
239.3,3.27674478680258e-05
239.31,3.25248859235469e-05
239.32,3.22850609306383e-05
239.33,3.20479397432095e-05
239.34,3.18134897614815e-05
239.35,3.15816774589553e-05
239.36,3.13524708381902e-05
239.37,3.11258388452454e-05
239.38,3.09017503819709e-05
239.39,3.06801747536385e-05
239.4,3.04610816526221e-05
239.41,3.02444427918521e-05
239.42,3.00302293844918e-05
239.43,2.98184121349252e-05
239.44,2.96089628389999e-05
239.45,2.94018537126582e-05
239.46,2.91970573833886e-05
239.47,2.89945473841497e-05
239.48,2.87942974815305e-05
239.49,2.85962814391272e-05
239.5,2.84004736857944e-05
239.51,2.82068490577649e-05
239.52,2.8015382792727e-05
239.53,2.78260498298192e-05
239.54,2.76388255556598e-05
239.55,2.74536864941074e-05
239.56,2.72706090607095e-05
239.57,2.70895699834859e-05
239.58,2.69105462929552e-05
239.59,2.67335155847692e-05
239.6,2.65584557930474e-05
239.61,2.63853447249894e-05
239.62,2.62141606835903e-05
239.63,2.60448822506969e-05
239.64,2.58774882788337e-05
239.65,2.57119588440241e-05
239.66,2.55482748193598e-05
239.67,2.5386415461317e-05
239.68,2.52263612721137e-05
239.69,2.50680930891788e-05
239.7,2.49115920842309e-05
239.71,2.47568384888382e-05
239.72,2.46038116416386e-05
239.73,2.44524945575419e-05
239.74,2.4302869003987e-05
239.75,2.41549170102358e-05
239.76,2.40086208673763e-05
239.77,2.38639640898093e-05
239.78,2.37209292399526e-05
239.79,2.35794995321897e-05
239.8,2.34396585049315e-05
239.81,2.3301389977303e-05
239.82,2.3164676774578e-05
239.83,2.30295020118598e-05
239.84,2.28958507433081e-05
239.85,2.27637073733373e-05
239.86,2.26330565341536e-05
239.87,2.25038831374403e-05
239.88,2.23761731153327e-05
239.89,2.2249911489581e-05
239.9,2.21250839640697e-05
239.91,2.20016764869799e-05
239.92,2.18796752507889e-05
239.93,2.1759064834528e-05
239.94,2.16398311317271e-05
239.95,2.15219612633026e-05
239.96,2.1405441796883e-05
239.97,2.12902594859006e-05
239.98,2.11764012639833e-05
239.99,2.10638542201953e-05
240,2.09526056609154e-05
240.01,2.08426430641193e-05
