T,R
0,0.0482342160966201
0.00999999999999091,0.0480841894846837
0.0199999999999818,0.0479336870879143
0.0299999999999727,0.0477827243179351
0.039999999999992,0.0476313164584831
0.0499999999999829,0.0474794786644606
0.0599999999999739,0.0473272259830613
0.0699999999999932,0.0471745733142904
0.0799999999999841,0.0470215354249407
0.089999999999975,0.0468681269556297
0.0999999999999943,0.0467143624152555
0.109999999999985,0.0465602562126705
0.119999999999976,0.0464058226319563
0.129999999999995,0.0462510757757453
0.139999999999986,0.0460960296394832
0.149999999999977,0.0459406980864795
0.159999999999997,0.0457850948473574
0.169999999999987,0.0456292335912619
0.179999999999978,0.0454731278012803
0.189999999999998,0.0453167908130361
0.199999999999989,0.0451602358511674
0.20999999999998,0.0450034760098712
0.219999999999999,0.0448465242527058
0.22999999999999,0.0446893934072393
0.239999999999981,0.0445320961763193
0.25,0.0443746451291929
0.259999999999991,0.0442170527033108
0.269999999999982,0.0440593312042348
0.279999999999973,0.0439014928057305
0.289999999999992,0.0437435495504945
0.299999999999983,0.0435855133467417
0.309999999999974,0.0434273959708084
0.319999999999993,0.0432692090661444
0.329999999999984,0.0431109641431047
0.339999999999975,0.0429526726218349
0.349999999999994,0.0427943458083339
0.359999999999985,0.0426359948018681
0.369999999999976,0.0424776306088133
0.379999999999995,0.0423192641065607
0.389999999999986,0.0421609060436782
0.399999999999977,0.0420025670605347
0.409999999999997,0.0418442576557369
0.419999999999987,0.0416859881936742
0.429999999999978,0.0415277689182363
0.439999999999998,0.0413696099467792
0.449999999999989,0.0412115212703918
0.45999999999998,0.0410535127205896
0.469999999999999,0.0408955940427863
0.47999999999999,0.0407377748434861
0.489999999999981,0.0405800646008219
0.5,0.0404224726662749
0.509999999999991,0.0402650082797196
0.519999999999982,0.0401076806286053
0.529999999999973,0.0399504986584735
0.539999999999992,0.0397934712398692
0.549999999999983,0.0396366071214019
0.559999999999974,0.039479914930165
0.569999999999993,0.0393234031756077
0.579999999999984,0.0391670803155654
0.589999999999975,0.0390109545923329
0.599999999999994,0.0388550341681815
0.609999999999985,0.0386993270888111
0.619999999999976,0.0385438412839684
0.629999999999995,0.038388584568068
0.639999999999986,0.03823356453775
0.649999999999977,0.0380787888023445
0.659999999999997,0.0379242648143981
0.669999999999987,0.0377699999048401
0.679999999999978,0.0376160012879986
0.689999999999998,0.0374622760619341
0.699999999999989,0.0373088312719813
0.70999999999998,0.0371556737839316
0.719999999999999,0.0370028103564796
0.72999999999999,0.0368502476462713
0.739999999999981,0.0366979921985105
0.75,0.0365460504475026
0.759999999999991,0.0363944288650637
0.769999999999982,0.0362431337068297
0.779999999999973,0.0360921710808823
0.789999999999992,0.0359415470401626
0.799999999999983,0.0357912675383589
0.809999999999974,0.0356413384310437
0.819999999999993,0.0354917653536351
0.829999999999984,0.0353425538836295
0.839999999999975,0.035193709602941
0.849999999999994,0.0350452379278408
0.859999999999985,0.0348971441729365
0.869999999999976,0.0347494335516856
0.879999999999995,0.0346021110911277
0.889999999999986,0.0344551816910442
0.899999999999977,0.0343086502915095
0.909999999999997,0.0341625216543684
0.919999999999987,0.0340168004345237
0.929999999999978,0.03387149117988
0.939999999999998,0.0337265985658286
0.949999999999989,0.0335821274599162
0.95999999999998,0.0334380819054805
0.969999999999999,0.0332944661915063
0.97999999999999,0.0331512845256227
0.989999999999981,0.0330085410357238
1,0.0328662397715934
1.00999999999999,0.0327243844383111
1.01999999999998,0.032582978890037
1.02999999999997,0.0324420269052995
1.03999999999999,0.0323015321219158
1.04999999999998,0.0321614980878126
1.05999999999997,0.0320219282292641
1.06999999999999,0.0318828258310629
1.07999999999998,0.0317441941859105
1.08999999999997,0.0316060364487998
1.09999999999999,0.0314683556793897
1.10999999999999,0.0313311548417004
1.11999999999998,0.0311944373193318
1.13,0.0310582058596246
1.13999999999999,0.0309224632550148
1.14999999999998,0.030787212277383
1.16,0.0306524556343884
1.16999999999999,0.0305181959251333
1.17999999999998,0.0303844356592658
1.19,0.0302511773728016
1.19999999999999,0.0301184234989492
1.20999999999998,0.0299861764102932
1.22,0.0298544384203679
1.22999999999999,0.0297232111469651
1.23999999999998,0.0295924969288485
1.25,0.0294622977392322
1.25999999999999,0.0293326154600601
1.26999999999998,0.0292034518864668
1.27999999999997,0.0290748089469527
1.28999999999999,0.0289466884839233
1.29999999999998,0.0288190920186723
1.30999999999997,0.0286920211349142
1.31999999999999,0.0285654773502292
1.32999999999998,0.0284394621356758
1.33999999999997,0.0283139771495661
1.34999999999999,0.0281890236565069
1.35999999999999,0.0280646029999316
1.36999999999998,0.0279407164766439
1.38,0.027817365338883
1.38999999999999,0.0276945505050208
1.39999999999998,0.027572272972744
1.41,0.0274505338518121
1.41999999999999,0.0273293340773751
1.42999999999998,0.0272086745224747
1.44,0.0270885559980459
1.44999999999999,0.026968979229308
1.45999999999998,0.026849944902041
1.47,0.0267314536415223
1.47999999999999,0.0266135060048415
1.48999999999998,0.0264961024864915
1.5,0.0263792435183693
1.50999999999999,0.0262629300987467
1.51999999999998,0.0261471624074368
1.52999999999997,0.0260319407329754
1.53999999999999,0.0259172653790237
1.54999999999998,0.0258031365975551
1.55999999999997,0.0256895545888538
1.56999999999999,0.0255765199551452
1.57999999999998,0.0254640326178378
1.58999999999997,0.0253520926887639
1.59999999999999,0.0252407002373992
1.60999999999999,0.025129855288243
1.61999999999998,0.025019557797815
1.63,0.0249098074590076
1.63999999999999,0.0248006042581054
1.64999999999998,0.0246919479981892
1.66,0.0245838384333842
1.66999999999999,0.0244762752688611
1.67999999999998,0.0243692582171524
1.69,0.0242627871213439
1.69999999999999,0.0241568614445629
1.70999999999998,0.0240514807440578
1.72,0.023946644532661
1.72999999999999,0.0238423522787904
1.73999999999998,0.0237386035634581
1.75,0.0236353980850125
1.75999999999999,0.0235327350160496
1.76999999999998,0.0234306137152254
1.77999999999997,0.0233290335025679
1.78999999999999,0.0232279936594765
1.79999999999998,0.0231274934287232
1.80999999999997,0.0230275323024218
1.81999999999999,0.0229281094383351
1.82999999999998,0.0228292239399231
1.83999999999997,0.0227308749484789
1.84999999999999,0.0226330615710362
1.85999999999999,0.0225357828803691
1.86999999999998,0.0224390379536702
1.88,0.0223428260407051
1.88999999999999,0.0222471459944132
1.89999999999998,0.0221519967875988
1.91,0.0220573773620162
1.91999999999999,0.0219632866283702
1.92999999999998,0.0218697234663151
1.94,0.0217766868532147
1.94999999999999,0.0216841756757146
1.95999999999998,0.0215921886760417
1.97,0.0215007246420578
1.97999999999999,0.0214097823332859
1.98999999999998,0.0213193604809084
2,0.0212294577877682
2.00999999999999,0.0211400732617588
2.01999999999998,0.0210512054059204
2.02999999999997,0.020962852873919
2.03999999999999,0.0208750143007588
2.04999999999998,0.0207876882967866
2.05999999999997,0.02070087344769
2.06999999999999,0.0206145684117828
2.07999999999998,0.0205287718843639
2.08999999999997,0.0204434822942456
2.09999999999999,0.0203586981658717
2.10999999999999,0.0202744180022045
2.11999999999998,0.020190640284723
2.13,0.0201073634734239
2.13999999999999,0.0200245863237292
2.14999999999998,0.0199423071700383
2.16,0.0198605243710402
2.16999999999999,0.0197792363331648
2.17999999999998,0.0196984414434875
2.19,0.0196181380697297
2.19999999999999,0.0195383245602601
2.20999999999998,0.0194589992440926
2.22,0.0193801605285799
2.22999999999999,0.0193018071701127
2.23999999999998,0.0192239371408951
2.25,0.0191465487385753
2.25999999999999,0.0190696402446031
2.26999999999998,0.0189932099242289
2.27999999999997,0.0189172560265042
2.28999999999999,0.0188417767842815
2.29999999999998,0.0187667704142148
2.30999999999997,0.0186922354805162
2.31999999999999,0.0186181702802594
2.32999999999998,0.0185445728173941
2.33999999999997,0.0184714412960349
2.34999999999999,0.0183987739075836
2.35999999999999,0.0183265688307298
2.36999999999998,0.0182548242314498
2.38,0.0181835382630067
2.38999999999999,0.0181127090659519
2.39999999999998,0.0180423353666328
2.41,0.0179724149507755
2.41999999999999,0.0179029459531434
2.42999999999998,0.0178339265120413
2.44,0.0177653547562208
2.44999999999999,0.0176972288048808
2.45999999999998,0.0176295467676666
2.47,0.0175623067446699
2.47999999999999,0.0174955069874084
2.48999999999998,0.0174291458246081
2.5,0.0173632211393441
2.50999999999999,0.0172977310311107
2.51999999999998,0.0172326735923941
2.52999999999997,0.0171680469086729
2.53999999999999,0.0171038490584177
2.54999999999998,0.017040078113092
2.55999999999997,0.016976732137151
2.56999999999999,0.016913809519496
2.57999999999998,0.0168513082460897
2.58999999999997,0.0167892263089217
2.59999999999999,0.016727561779855
2.60999999999999,0.0166663127260815
2.61999999999998,0.0166054772101209
2.63,0.0165450532898212
2.63999999999999,0.016485039018359
2.64999999999998,0.01642543251735
2.66,0.0163662322570218
2.66999999999999,0.0163074359679655
2.67999999999998,0.016249041712348
2.69,0.0161910475492542
2.69999999999999,0.016133451534687
2.70999999999998,0.0160762517215663
2.72,0.0160194461597299
2.72999999999999,0.0159630328959335
2.73999999999998,0.0159070099738502
2.75,0.0158513754340705
2.75999999999999,0.0157961277907742
2.76999999999998,0.0157412650734408
2.77999999999997,0.0156867851338597
2.78999999999999,0.0156326860409769
2.79999999999998,0.0155789658629286
2.80999999999997,0.0155256226670403
2.81999999999999,0.0154726545198266
2.82999999999998,0.0154200594869926
2.83999999999997,0.0153678356334323
2.84999999999999,0.0153159810232291
2.85999999999999,0.0152644938126748
2.86999999999998,0.0152133726731151
2.88,0.0151626152299542
2.88999999999999,0.0151122195825853
2.89999999999998,0.0150621838318061
2.91,0.0150125060798196
2.91999999999999,0.014963184430234
2.92999999999998,0.0149142169880621
2.94,0.0148656018597218
2.94999999999999,0.0148173371530363
2.95999999999998,0.0147694209772333
2.97,0.0147218518147288
2.97999999999999,0.0146746277878364
2.98999999999998,0.0146277468606405
3,0.0145812071804265
3.00999999999999,0.0145350068976977
3.01999999999998,0.0144891441661752
3.02999999999997,0.0144436171427974
3.03999999999999,0.0143984239877207
3.04999999999998,0.0143535628643193
3.05999999999997,0.0143090319391848
3.06999999999999,0.0142648294330401
3.07999999999998,0.0142209538959825
3.08999999999997,0.0141774032366738
3.09999999999999,0.0141341756578791
3.10999999999999,0.0140912693669217
3.11999999999998,0.0140486825756821
3.13,0.0140064135005992
3.13999999999999,0.0139644603626695
3.14999999999998,0.0139228213874475
3.16,0.0138814948050452
3.16999999999999,0.013840478850133
3.17999999999998,0.0137997719816506
3.19,0.0137593724581611
3.19999999999999,0.0137192784340064
3.20999999999998,0.0136794881816918
3.22,0.013639999979377
3.22999999999999,0.0136008121108761
3.23999999999998,0.0135619228656571
3.25,0.0135233305388421
3.25999999999999,0.0134850334312078
3.26999999999998,0.0134470298491847
3.27999999999997,0.0134093181295229
3.28999999999999,0.0133718968070366
3.29999999999998,0.0133347640700275
3.30999999999997,0.0132979182683892
3.31999999999999,0.0132613577598199
3.32999999999998,0.0132250809099177
3.33999999999997,0.0131890860922746
3.34999999999999,0.0131533716885708
3.35999999999999,0.0131179360886699
3.36999999999998,0.0130827776907129
3.38,0.0130478949012125
3.38999999999999,0.0130132861351485
3.39999999999998,0.0129789498160612
3.41,0.0129448843194046
3.41999999999999,0.0129110881103297
3.42999999999998,0.0128775596442206
3.44,0.0128442973755926
3.44999999999999,0.0128112997676382
3.45999999999998,0.0127785652923087
3.47,0.0127460924303955
3.47999999999999,0.0127138796716122
3.48999999999998,0.0126819255146753
3.5,0.0126502284673863
3.50999999999999,0.0126187870467132
3.51999999999998,0.0125875997788713
3.52999999999997,0.0125566651234272
3.53999999999999,0.0125259816035897
3.54999999999998,0.0124955478171221
3.55999999999997,0.0124653623193725
3.56999999999999,0.0124354236746017
3.57999999999998,0.0124057304560368
3.58999999999997,0.0123762812459258
3.59999999999999,0.0123470746355912
3.60999999999999,0.0123181092254848
3.61999999999998,0.0122893836252411
3.63,0.0122608964537316
3.63999999999999,0.0122326463391194
3.64999999999998,0.0122046318810533
3.66,0.012176851634167
3.66999999999999,0.0121493043302186
3.67999999999998,0.0121219886261797
3.69,0.0120949031878115
3.69999999999999,0.0120680466896904
3.70999999999998,0.0120414178152325
3.72,0.0120150152567197
3.72999999999999,0.0119888377153251
3.73999999999998,0.0119628839011374
3.75,0.0119371525331873
3.75999999999999,0.0119116423394723
3.76999999999998,0.011886352056982
3.77999999999997,0.0118612803869858
3.78999999999999,0.0118364261138978
3.79999999999998,0.0118117879994383
3.80999999999997,0.0117873648140689
3.81999999999999,0.0117631553371392
3.82999999999998,0.0117391583569042
3.83999999999997,0.0117153726705406
3.84999999999999,0.0116917970841643
3.85999999999999,0.0116684304128472
3.86999999999998,0.0116452714806338
3.88,0.0116223191205588
3.88999999999999,0.0115995721746636
3.89999999999998,0.011577029468068
3.91,0.0115546898658694
3.91999999999999,0.0115325522438104
3.92999999999998,0.0115106154778626
3.94,0.0114888784528969
3.94999999999999,0.0114673400626927
3.95999999999998,0.0114459992099485
3.97,0.0114248548062912
3.97999999999999,0.0114039057722863
3.98999999999998,0.0113831510374478
4,0.0113625895402478
4.00999999999999,0.011342220228127
4.01999999999998,0.0113220420237523
4.02999999999997,0.0113020538634445
4.03999999999999,0.01128225475369
4.04999999999998,0.0112626436729583
4.05999999999997,0.0112432196083105
4.06999999999999,0.0112239815553939
4.07999999999998,0.0112049285184363
4.08999999999997,0.0111860595102394
4.09999999999999,0.0111673735521738
4.10999999999999,0.0111488696741725
4.11999999999998,0.0111305469147252
4.13,0.0111124043208725
4.13999999999999,0.0110944409322763
4.14999999999998,0.0110766557260622
4.16,0.0110590478435075
4.16999999999999,0.0110416163608896
4.17999999999998,0.0110243603626325
4.19,0.0110072789412884
4.19999999999999,0.01099037119752
4.20999999999998,0.0109736362400817
4.22,0.0109570731858016
4.22999999999999,0.0109406811595636
4.23999999999998,0.0109244592942891
4.25,0.0109084067309183
4.25999999999999,0.0108925226183929
4.26999999999998,0.0108768061136371
4.27999999999997,0.0108612563803226
4.28999999999999,0.0108458724801174
4.29999999999998,0.0108306536727391
4.30999999999997,0.0108155991420343
4.31999999999999,0.0108007080793708
4.32999999999998,0.0107859796836066
4.33999999999997,0.0107714131610598
4.34999999999999,0.0107570077254777
4.35999999999999,0.0107427625980073
4.36999999999998,0.0107286770071639
4.38,0.0107147501888009
4.38999999999999,0.01070098138608
4.39999999999998,0.0106873698494398
4.41,0.0106739148365662
4.41999999999999,0.0106606156123614
4.42999999999998,0.0106474713796568
4.44,0.0106344814542084
4.44999999999999,0.0106216451281468
4.45999999999998,0.0106089616912381
4.47,0.0105964304400387
4.47999999999999,0.0105840506778557
4.48999999999998,0.0105718217147081
4.5,0.0105597428672869
4.50999999999999,0.0105478134589164
4.51999999999998,0.0105360328195148
4.52999999999997,0.0105244002855547
4.53999999999999,0.0105129152000246
4.54999999999998,0.0105015769123887
4.55999999999997,0.0104903847785483
4.56999999999999,0.0104793381133315
4.57999999999998,0.0104684362976359
4.58999999999997,0.0104576787194166
4.59999999999999,0.0104470647568544
4.60999999999999,0.0104365937941417
4.61999999999998,0.0104262652214351
4.63,0.0104160784348094
4.63999999999999,0.0104060328362105
4.64999999999998,0.0103961278334093
4.66,0.0103863628399546
4.66999999999999,0.0103767372751265
4.67999999999998,0.0103672505638901
4.69,0.0103579021368485
4.69999999999999,0.0103486914301965
4.70999999999998,0.0103396178450982
4.72,0.0103306808228276
4.72999999999999,0.0103218798387617
4.73999999999998,0.010313214347669
4.75,0.0103046838094267
4.75999999999999,0.0102962876889661
4.76999999999998,0.0102880254562174
4.77999999999997,0.0102798965860555
4.78999999999999,0.0102719005582449
4.79999999999998,0.0102640368573853
4.80999999999997,0.0102563049728566
4.81999999999999,0.0102487043987644
4.82999999999998,0.0102412346338849
4.83999999999997,0.0102338951816107
4.84999999999999,0.0102266855224063
4.85999999999999,0.0102196051460683
4.86999999999998,0.0102126535980209
4.88,0.0102058303965295
4.88999999999999,0.0101991350639719
4.89999999999998,0.0101925671267764
4.91,0.0101861261153593
4.91999999999999,0.0101798115640631
4.92999999999998,0.0101736230110937
4.94,0.0101675599984587
4.94999999999999,0.0101616220719052
4.95999999999998,0.010155808780857
4.97,0.010150119678353
4.97999999999999,0.010144554320985
4.98999999999998,0.0101391122534854
5,0.0101337930057293
5.00999999999999,0.0101285961753132
5.01999999999998,0.0101235213298249
5.02999999999997,0.0101185680398968
5.03999999999999,0.0101137358791372
5.04999999999998,0.0101090244240618
5.05999999999997,0.0101044332540251
5.06999999999999,0.0100999619511514
5.07999999999998,0.0100956101002666
5.08999999999997,0.0100913772888291
5.09999999999999,0.0100872631068617
5.10999999999999,0.0100832671468822
5.11999999999998,0.0100793890038356
5.13,0.0100756282719803
5.13999999999999,0.0100719845305545
5.14999999999998,0.0100684573954688
5.16,0.0100650464690755
5.16999999999999,0.0100617513556614
5.17999999999998,0.0100585716613738
5.19,0.0100555069941455
5.19999999999999,0.0100525569636206
5.20999999999998,0.0100497211810798
5.22,0.010046999259366
5.22999999999999,0.0100443908128098
5.23999999999998,0.0100418954571546
5.25,0.0100395127957455
5.25999999999999,0.0100372424421428
5.26999999999998,0.0100350840237324
5.27999999999997,0.0100330371593687
5.28999999999999,0.0100311014687843
5.29999999999998,0.0100292765725093
5.30999999999997,0.0100275620917901
5.31999999999999,0.0100259576485089
5.32999999999998,0.0100244628651028
5.33999999999997,0.0100230773644831
5.34999999999999,0.0100218007699539
5.35999999999999,0.0100206327051322
5.36999999999998,0.0100195727851372
5.38,0.0100186206390638
5.38999999999999,0.0100177758907475
5.39999999999998,0.0100170381636142
5.41,0.0100164070809417
5.41999999999999,0.0100158822657774
5.42999999999998,0.0100154633408548
5.44,0.010015149928511
5.44999999999999,0.0100149416506032
5.45999999999998,0.010014838128426
5.47,0.0100148389826285
5.47999999999999,0.0100149438382716
5.48999999999998,0.010015152321968
5.5,0.0100154640453335
5.50999999999999,0.0100158786266365
5.51999999999998,0.0100163956831787
5.52999999999997,0.0100170148312165
5.53999999999999,0.0100177356858809
5.54999999999998,0.0100185578610987
5.55999999999997,0.0100194809695132
5.56999999999999,0.0100205046224047
5.57999999999998,0.0100216284296115
5.58999999999997,0.0100228519994501
5.59999999999999,0.0100241748903684
5.60999999999999,0.0100255967210403
5.61999999999998,0.0100271171027906
5.63,0.0100287356326543
5.63999999999999,0.0100304519053548
5.64999999999998,0.0100322655132098
5.66,0.0100341760460369
5.66999999999999,0.0100361830910587
5.67999999999998,0.0100382862328091
5.69,0.0100404850530382
5.69999999999999,0.0100427791306182
5.70999999999998,0.0100451680386928
5.72,0.0100476513366425
5.72999999999999,0.0100502286037157
5.73999999999998,0.0100528994051811
5.75,0.0100556633028517
5.75999999999999,0.010058519854986
5.76999999999998,0.0100614686161894
5.77999999999997,0.0100645091373159
5.78999999999999,0.010067640965369
5.79999999999998,0.0100708636434036
5.80999999999997,0.010074176710427
5.81999999999999,0.0100775797013004
5.82999999999998,0.0100810721813372
5.83999999999997,0.010084653684028
5.84999999999999,0.0100883237144994
5.85999999999999,0.0100920817942734
5.86999999999998,0.0100959274406147
5.88,0.0100998601664464
5.88999999999999,0.0101038794802662
5.89999999999998,0.010107984886063
5.91,0.0101121758832329
5.91999999999999,0.0101164519664952
5.92999999999998,0.0101208126258087
5.94,0.0101252573462881
5.94999999999999,0.0101297855525602
5.95999999999998,0.0101343967493021
5.97,0.0101390904012047
5.97999999999999,0.0101438659667835
5.98999999999998,0.0101487228985899
6,0.0101536606430936
6.00999999999999,0.0101586786405662
6.01999999999998,0.0101637763249639
6.02999999999997,0.0101689531238106
6.03999999999999,0.0101742084478918
6.04999999999998,0.010179541715928
6.05999999999997,0.0101849523350007
6.06999999999999,0.0101904397044643
6.07999999999998,0.0101960032165157
6.08999999999997,0.0102016422560712
6.09999999999999,0.0102073562006424
6.10999999999999,0.0102131444202126
6.11999999999998,0.0102190062771134
6.13,0.0102249412157685
6.13999999999999,0.0102309485541809
6.14999999999998,0.0102370276293125
6.16,0.0102431777838872
6.16999999999999,0.0102493983537142
6.17999999999998,0.0102556886676287
6.19,0.0102620480474334
6.19999999999999,0.0102684758078387
6.20999999999998,0.0102749712564043
6.22,0.0102815336385668
6.22999999999999,0.0102881622575128
6.23999999999998,0.0102948564040429
6.25,0.0103016153483008
6.25999999999999,0.0103084383520698
6.26999999999998,0.0103153246686692
6.27999999999997,0.0103222735428521
6.28999999999999,0.0103292842107024
6.29999999999998,0.0103363558995319
6.30999999999997,0.0103434877775411
6.31999999999999,0.0103506790489576
6.32999999999998,0.0103579289188349
6.33999999999997,0.0103652365657624
6.34999999999999,0.0103726011573688
6.35999999999999,0.0103800218501239
6.36999999999998,0.0103874977891412
6.38,0.0103950281331818
6.38999999999999,0.0104026120861348
6.39999999999998,0.0104102487203941
6.41,0.0104179371518406
6.41999999999999,0.0104256764865036
6.42999999999998,0.0104334658205091
6.44,0.0104413042400265
6.44999999999999,0.0104491908212163
6.45999999999998,0.0104571246620617
6.47,0.010465104814069
6.47999999999999,0.0104731303235934
6.48999999999998,0.0104812002331229
6.5,0.0104893135757901
6.50999999999999,0.010497469375372
6.51999999999998,0.0105056665996218
6.52999999999997,0.01051390417384
6.53999999999999,0.0105221811333618
6.54999999999998,0.0105304964454076
6.55999999999997,0.0105388490661835
6.56999999999999,0.0105472379408813
6.57999999999998,0.0105556620036781
6.58999999999997,0.0105641200721225
6.59999999999999,0.0105726110972305
6.60999999999999,0.0105811339705079
6.61999999999998,0.0105896875663357
6.63,0.0105982707467797
6.63999999999999,0.0106068823615898
6.64999999999998,0.0106155212707303
6.66,0.0106241863181557
6.66999999999999,0.0106328763064038
6.67999999999998,0.0106415900427107
6.69,0.0106503263225761
6.69999999999999,0.0106590839297628
6.70999999999998,0.0106678616354164
6.72,0.0106766581852372
6.72999999999999,0.0106854723343884
6.73999999999998,0.0106943028176551
6.75,0.010703148357905
6.75999999999999,0.0107120076660877
6.76999999999998,0.0107208794412355
6.77999999999997,0.0107297622659805
6.78999999999999,0.010738654782811
6.79999999999998,0.0107475556779072
6.80999999999997,0.0107564635782125
6.81999999999999,0.0107653770966812
6.82999999999998,0.0107742948322787
6.83999999999997,0.0107832153596886
6.84999999999999,0.0107921372001859
6.85999999999999,0.0108010589339257
6.86999999999998,0.0108099790956092
6.88,0.0108188962052172
6.88999999999999,0.0108278087680097
6.89999999999998,0.010836715274526
6.91,0.0108456142514207
6.91999999999999,0.0108545041579737
6.92999999999998,0.0108633834374757
6.94,0.0108722505312489
6.94999999999999,0.0108811038667055
6.95999999999998,0.0108899418573484
6.97,0.0108987628989675
6.97999999999999,0.0109075653689545
6.98999999999998,0.0109163476435759
7,0.010925108079105
7.00999999999999,0.0109338450177746
7.01999999999998,0.0109425567877768
7.02999999999997,0.0109512417032631
7.03999999999999,0.0109598979685327
7.04999999999998,0.0109685237624628
7.05999999999997,0.0109771174210356
7.06999999999999,0.010985677173551
7.07999999999998,0.0109942012329293
7.08999999999997,0.0110026877957114
7.09999999999999,0.0110111350420592
7.10999999999999,0.0110195411610859
7.11999999999998,0.0110279043130161
7.13,0.0110362226194962
7.13999999999999,0.0110444942010256
7.14999999999998,0.011052717162197
7.16,0.0110608895916964
7.16999999999999,0.0110690095623029
7.17999999999998,0.0110770751490689
7.19,0.0110850843949024
7.19999999999999,0.0110930353216664
7.20999999999998,0.0111009259419106
7.22,0.0111087542525496
7.22999999999999,0.0111165182348626
7.23999999999998,0.011124215854494
7.25,0.0111318450087896
7.25999999999999,0.0111394036413086
7.26999999999998,0.0111468896728137
7.27999999999997,0.0111543009981998
7.28999999999999,0.0111616354960772
7.29999999999998,0.0111688910287706
7.30999999999997,0.01117606544232
7.31999999999999,0.0111831565493135
7.32999999999998,0.0111901621698033
7.33999999999997,0.0111970800998735
7.34999999999999,0.0112039081181402
7.35999999999999,0.0112106439867555
7.36999999999998,0.0112172854514072
7.38,0.0112238302428921
7.38999999999999,0.0112302761115035
7.39999999999998,0.0112366207352243
7.41,0.0112428617983848
7.41999999999999,0.0112489969692303
7.42999999999998,0.0112550238999211
7.44,0.0112609402265321
7.44999999999999,0.0112667435746542
7.45999999999998,0.0112724315806348
7.47,0.0112780018159063
7.47999999999999,0.0112834518568209
7.48999999999998,0.0112887792640305
7.5,0.0112939815824873
7.50999999999999,0.0112990563414431
7.51999999999998,0.0113040010628506
7.52999999999997,0.0113088132692794
7.53999999999999,0.01131349043355
7.54999999999998,0.0113180300280196
7.55999999999997,0.011322429509918
7.56999999999999,0.0113266863213469
7.57999999999998,0.011330797909605
7.58999999999997,0.0113347616971102
7.59999999999999,0.0113385750767645
7.60999999999999,0.0113422354366009
7.61999999999998,0.0113457401501305
7.63,0.0113490865763422
7.63999999999999,0.0113522721442674
7.64999999999998,0.0113552941623028
7.66,0.0113581499554127
7.66999999999999,0.011360836841072
7.67999999999998,0.0113633521237477
7.69,0.011365693110346
7.69999999999999,0.0113678571430695
7.70999999999998,0.0113698414632668
7.72,0.0113716433371671
7.72999999999999,0.0113732600193354
7.73999999999998,0.011374688752673
7.75,0.0113759267909916
7.75999999999999,0.0113769713711208
7.76999999999998,0.0113778196946145
7.77999999999997,0.0113784689657449
7.78999999999999,0.0113789163778798
7.79999999999998,0.011379159113482
7.80999999999997,0.0113791944331937
7.81999999999999,0.0113790194841626
7.82999999999998,0.0113786314225863
7.83999999999997,0.011378027406187
7.84999999999999,0.0113772045835155
7.85999999999999,0.0113761601138085
7.86999999999998,0.0113748912546204
7.88,0.0113733950923924
7.88999999999999,0.0113716687758409
7.89999999999998,0.0113697094508071
7.91,0.0113675142607112
7.91999999999999,0.0113650803470049
7.92999999999998,0.0113624048839901
7.94,0.0113594850011191
7.94999999999999,0.0113563178433552
7.95999999999998,0.0113529005577466
7.97,0.0113492302929975
7.97999999999999,0.01134530420001
7.98999999999998,0.0113411194309476
8,0.0113366731425372
8.00999999999999,0.0113319624954402
8.01999999999998,0.0113269846542572
8.02999999999997,0.0113217367884157
8.03999999999999,0.0113162160727068
8.04999999999998,0.0113104197019679
8.05999999999997,0.0113043448753546
8.06999999999999,0.0112979887843603
8.07999999999998,0.011291348637591
8.08999999999997,0.0112844216527998
8.09999999999999,0.0112772050574966
8.10999999999999,0.0112696961084557
8.11999999999998,0.0112618921012808
8.13,0.0112537902827469
8.13999999999999,0.0112453879413343
8.14999999999998,0.0112366823808695
8.16,0.0112276709213069
8.16999999999999,0.0112183509056938
8.17999999999998,0.0112087197489044
8.19,0.0111987748046648
8.19999999999999,0.0111885134800428
8.20999999999998,0.0111779332045583
8.22,0.0111670314311308
8.22999999999999,0.0111558056370282
8.23999999999998,0.0111442533820034
8.25,0.0111323721840225
8.25999999999999,0.0111201596085726
8.26999999999998,0.0111076132556597
8.27999999999997,0.0110947307567999
8.28999999999999,0.0110815097761244
8.29999999999998,0.0110679480585596
8.30999999999997,0.0110540433496032
8.31999999999999,0.0110397934183116
8.32999999999998,0.0110251960879126
8.33999999999997,0.0110102492225091
8.34999999999999,0.010994950728365
8.35999999999999,0.0109792985778803
8.36999999999998,0.0109632907904218
8.38,0.0109469253995063
8.38999999999999,0.0109302005047866
8.39999999999998,0.0109131142563468
8.41,0.0108956648561089
8.41999999999999,0.0108778505647071
8.42999999999998,0.010859669746036
8.44,0.0108411207476407
8.44999999999999,0.0108222020054748
8.45999999999998,0.0108029120163788
8.47,0.0107832493396224
8.47999999999999,0.0107632125984474
8.48999999999998,0.0107428005928213
8.5,0.0107220120922858
8.50999999999999,0.010700845925268
8.51999999999998,0.010679301022858
8.52999999999997,0.0106573763933618
8.53999999999999,0.0106350711242013
8.54999999999998,0.010612384454667
8.55999999999997,0.0105893157730616
8.56999999999999,0.0105658643732345
8.57999999999998,0.0105420297270782
8.58999999999997,0.0105178114027519
8.59999999999999,0.0104932090670874
8.60999999999999,0.0104682224881907
8.61999999999998,0.0104428515822935
8.63,0.0104170963111972
8.63999999999999,0.0103909567696564
8.64999999999998,0.0103644331646066
8.66,0.0103375258176702
8.66999999999999,0.0103102351676638
8.67999999999998,0.0102825615706038
8.69,0.0102545056163095
8.69999999999999,0.0102260681261573
8.70999999999998,0.0101972499531506
8.72,0.0101680520678474
8.72999999999999,0.0101384755600747
8.73999999999998,0.0101085217198283
8.75,0.0100781921554646
8.75999999999999,0.010047488235317
8.76999999999998,0.0100164116228508
8.77999999999997,0.00998496412189338
8.78999999999999,0.00995314767918298
8.79999999999998,0.00992096438691793
8.80999999999997,0.00988841781473709
8.81999999999999,0.00985551011337795
8.82999999999998,0.00982224401833351
8.83999999999997,0.00978862258599653
8.84999999999999,0.0097546490843504
8.85999999999999,0.00972032699893284
8.86999999999998,0.00968565941379824
8.88,0.00965064955599089
8.88999999999999,0.0096153015989836
8.89999999999998,0.00957961949712439
8.91,0.00954360736831466
8.91999999999999,0.00950726942869896
8.92999999999998,0.00947060985317302
8.94,0.00943363323297188
8.94999999999999,0.0093963441877722
8.95999999999998,0.00935874746601365
8.97,0.00932084944987329
8.97999999999999,0.00928265520495352
8.98999999999998,0.0092441704832447
9,0.00920540135793216
9.00999999999999,0.00916635419490002
9.01999999999998,0.00912703565377154
9.02999999999997,0.00908745269491346
9.03999999999999,0.00904761260114175
9.04999999999998,0.00900752258936154
9.05999999999997,0.00896718919336767
9.06999999999999,0.00892662062430177
9.07999999999998,0.00888582474711061
9.08999999999997,0.00884480962635842
9.09999999999999,0.00880358324145867
9.10999999999999,0.00876215404372425
9.11999999999998,0.00872053054922349
9.13,0.00867872142362464
9.13999999999999,0.0086367363365834
9.14999999999998,0.00859458492408732
9.16,0.00855227658957617
9.16999999999999,0.00850982128208577
9.17999999999998,0.00846722928117615
9.19,0.0084245112683599
9.19999999999999,0.00838167804648462
9.20999999999998,0.00833874080195965
9.22,0.00829571103230132
9.22999999999999,0.00825259891962531
9.23999999999998,0.00820941670025749
9.25,0.00816617618516419
9.25999999999999,0.00812288937988988
9.26999999999998,0.00807956812951059
9.27999999999997,0.00803622456693476
9.28999999999999,0.00799287110911794
9.29999999999998,0.00794952018722666
9.30999999999997,0.00790618478377057
9.31999999999999,0.00786287875464017
9.32999999999998,0.00781961492706599
9.33999999999997,0.0077764068240827
9.34999999999999,0.00773326817330393
9.35999999999999,0.00769021241727146
9.36999999999998,0.00764725375779436
9.38,0.00760440638005677
9.38999999999999,0.00756168464798573
9.39999999999998,0.00751910225757211
9.41,0.00747667343500768
9.41999999999999,0.00743441275996539
9.42999999999998,0.00739233465218407
9.44,0.00735045355502609
9.44999999999999,0.00730878390561119
9.45999999999998,0.00726734019352039
9.47,0.00722613688342427
9.47999999999999,0.00718518841884123
9.48999999999998,0.00714450934076847
9.5,0.00710411401645484
9.50999999999999,0.00706401679713482
9.51999999999998,0.00702423197681705
9.52999999999997,0.00698477384430554
9.53999999999999,0.00694565661865863
9.54999999999998,0.00690689435244142
9.55999999999997,0.00686850103521309
9.56999999999999,0.0068304904802
9.57999999999998,0.00679287589844287
9.58999999999997,0.00675567091937065
9.59999999999999,0.00671888876414529
9.60999999999999,0.00668254244170058
9.61999999999998,0.00664664451622339
9.63,0.00661120742988999
9.63999999999999,0.00657624337487215
9.64999999999998,0.00654176419590403
9.66,0.00650778154084656
9.66999999999999,0.00647430691059343
9.67999999999998,0.00644135114786456
9.69,0.00640892488141702
9.69999999999999,0.00637703838110615
9.70999999999998,0.0063457019056651
9.72,0.00631492494918486
9.72999999999999,0.00628471676397553
9.73999999999998,0.00625508621933175
9.75,0.00622604173365179
9.75999999999999,0.00619759131500109
9.76999999999998,0.00616974258557488
9.77999999999997,0.00614250270197125
9.78999999999999,0.00611587842379984
9.79999999999998,0.00608987632947499
9.80999999999997,0.00606450217123812
9.81999999999999,0.0060397613762623
9.82999999999998,0.006015658901415
9.83999999999997,0.00599219977604655
9.84999999999999,0.00596938815348762
9.85999999999999,0.00594722773656422
9.86999999999998,0.00592572186327669
9.88,0.00590487356193071
9.88999999999999,0.0058846855533839
9.89999999999998,0.00586515986751399
9.91,0.00584629822557792
9.91999999999999,0.00582810193724434
9.92999999999998,0.00581057216007225
9.94,0.00579370934727385
9.94999999999999,0.00577751366299744
9.95999999999998,0.00576198487948158
9.97,0.00574712265089951
9.97999999999999,0.00573292619115397
9.98999999999998,0.0057193942077961
10,0.005706525161936
10.01,0.00569431726420444
10.02,0.00568276867345972
10.03,0.00567187688984288
10.04,0.00566163927840364
10.05,0.00565205294112173
10.06,0.00564311479854345
10.07,0.00563482147113101
10.08,0.00562716936287677
10.09,0.00562015467130505
10.1,0.00561377339195339
10.11,0.00560802132965063
10.12,0.00560289410995303
10.13,0.00559838719017376
10.14,0.00559449587991576
10.15,0.00559121547463984
10.16,0.00558854099059365
10.17,0.005586467387901
10.18,0.00558498952869248
10.19,0.00558410218433184
10.2,0.00558380005524282
10.21,0.00558407778281698
10.22,0.00558492995837529
10.23,0.00558635105015721
10.24,0.00558833529406628
10.25,0.00559087719337785
10.26,0.00559397110325346
10.27,0.00559761135663354
10.28,0.00560179205220561
10.29,0.00560650748806582
10.3,0.00561175189615912
10.31,0.005617519488474
10.32,0.00562380462192638
10.33,0.00563060170813644
10.34,0.00563790502293198
10.35,0.0056457089714612
10.36,0.00565400799971789
10.37,0.00566279646716195
10.38,0.00567206899064323
10.39,0.00568182019225102
10.4,0.00569204477569774
10.41,0.00570273662391013
10.42,0.00571389020214667
10.43,0.00572550016763922
10.44,0.00573756098310059
10.45,0.00575006743030366
10.46,0.00576301483535191
10.47,0.00577639769691473
10.48,0.00579021095023583
10.49,0.00580444962157053
10.5,0.00581910887632816
10.51,0.00583418394336627
10.52,0.00584967018099506
10.53,0.00586556307118754
10.54,0.00588185759458337
10.55,0.0058985488231951
10.56,0.00591563244229574
10.57,0.00593310389477137
10.58,0.00595095872075909
10.59,0.00596919283377658
10.6,0.00598780176749699
10.61,0.00600678127666549
10.62,0.00602612717831224
10.63,0.00604583565664047
10.64,0.00606590275550933
10.65,0.00608632459756706
10.66,0.00610709745274449
10.67,0.00612821754156602
10.68,0.00614968101410713
10.69,0.00617148442477596
10.7,0.00619362426892688
10.71,0.00621609711332568
10.72,0.00623889946788301
10.73,0.00626202805432682
10.74,0.00628547960480614
10.75,0.00630925091139321
10.76,0.00633333895475284
10.77,0.00635774075359932
10.78,0.00638245331605935
10.79,0.00640747377220311
10.8,0.00643279931741414
10.81,0.00645842718379246
10.82,0.00648435472998303
10.83,0.00651057936734693
10.84,0.00653709857987636
10.85,0.00656390981016395
10.86,0.0065910106632286
10.87,0.00661839879631846
10.88,0.00664607191453448
10.89,0.00667402780416548
10.9,0.00670226432581299
10.91,0.00673077936375494
10.92,0.00675957087865483
10.93,0.00678863689258267
10.94,0.00681797551221543
10.95,0.0068475848752432
10.96,0.00687746319009758
10.97,0.00690760872521725
10.98,0.0069380197673383
10.99,0.00696869467610833
11,0.00699963188272505
11.01,0.00703082985886642
11.02,0.00706228712726254
11.03,0.00709400226029448
11.04,0.00712597388014206
11.05,0.00715820065688293
11.06,0.00719068131437436
11.07,0.00722341462057906
11.08,0.00725639938857034
11.09,0.00728963447645007
11.1,0.00732311877936426
11.11,0.00735685124351758
11.12,0.00739083085383068
11.13,0.0074250566367219
11.14,0.00745952765799919
11.15,0.00749424302184915
11.16,0.00752920187081122
11.17,0.0075644033867288
11.18,0.00759984678493509
11.19,0.0076355313168985
11.2,0.00767145626344091
11.21,0.00770762093860337
11.22,0.00774402469027745
11.23,0.00778066689509112
11.24,0.00781754695861663
11.25,0.00785466431434017
11.26,0.00789201842251316
11.27,0.00792960877532948
11.28,0.00796743488955717
11.29,0.00800549630210861
11.3,0.00804379257583722
11.31,0.00808232329986655
11.32,0.00812108808653765
11.33,0.00816008656559971
11.34,0.0081993183893172
11.35,0.00823878322771266
11.36,0.00827848076772343
11.37,0.00831841071747028
11.38,0.00835857280015799
11.39,0.00839896675424903
11.4,0.00843959233222525
11.41,0.00848044930116081
11.42,0.00852153744041657
11.43,0.00856285654423451
11.44,0.00860440642765247
11.45,0.00864618690384262
11.46,0.00868819780124668
11.47,0.00873043896088678
11.48,0.00877291024899106
11.49,0.00881561152234597
11.5,0.00885854265422748
11.51,0.0089017035242797
11.52,0.00894509398773434
11.53,0.00898871394170432
11.54,0.00903256327407324
11.55,0.0090766418758754
11.56,0.00912094967871536
11.57,0.00916548657629417
11.58,0.00921025248021537
11.59,0.00925524730536527
11.6,0.00930047096893173
11.61,0.00934592339075716
11.62,0.00939160449225987
11.63,0.00943751419600051
11.64,0.00948365242561464
11.65,0.00953001910453998
11.66,0.00957661415588195
11.67,0.00962343750192533
11.68,0.00967048906468967
11.69,0.00971776876429227
11.7,0.00976527651776573
11.71,0.00981301223985744
11.72,0.00986097584646597
11.73,0.00990916725684175
11.74,0.00995758637615623
11.75,0.0100062331106935
11.76,0.0100551073625098
11.77,0.0101042090241218
11.78,0.0101535379899257
11.79,0.0102030941467224
11.8,0.0102528773756505
11.81,0.0103028875663102
11.82,0.0103531245894852
11.83,0.0104035883132065
11.84,0.0104542786008446
11.85,0.0105051953096659
11.86,0.0105563382908889
11.87,0.0106077073894752
11.88,0.0106593024436688
11.89,0.0107111232845345
11.9,0.0107631697356846
11.91,0.0108154416138207
11.92,0.0108679387276859
11.93,0.0109206608793838
11.94,0.0109736078693351
11.95,0.0110267794805817
11.96,0.0110801754914898
11.97,0.0111337956720108
11.98,0.0111876397852579
11.99,0.0112417075930579
12,0.0112959988378048
12.01,0.0113505132574968
12.02,0.0114052505814153
12.03,0.011460210530386
12.04,0.0115153928177352
12.05,0.0115707971454957
12.06,0.0116264232073981
12.07,0.0116822706878708
12.08,0.0117383392624062
12.09,0.0117946285985472
12.1,0.0118511383517887
12.11,0.0119078681689015
12.12,0.0119648176868545
12.13,0.0120219865344416
12.14,0.0120793743353776
12.15,0.0121369806958656
12.16,0.0121948052153874
12.17,0.0122528474835886
12.18,0.0123111070810833
12.19,0.0123695835806927
12.2,0.0124282765418419
12.21,0.0124871855154657
12.22,0.0125463100425591
12.23,0.0126056496535631
12.24,0.0126652038676461
12.25,0.0127249721958111
12.26,0.0127849541379462
12.27,0.0128451491835782
12.28,0.0129055568128737
12.29,0.0129661764974938
12.3,0.0130270076951764
12.31,0.0130880498547261
12.32,0.0131493024145191
12.33,0.0132107648038886
12.34,0.0132724364485229
12.35,0.0133343167540307
12.36,0.0133964051197707
12.37,0.0134587009350528
12.38,0.0135212035790703
12.39,0.013583912419644
12.4,0.0136468268162024
12.41,0.0137099461174314
12.42,0.0137732696618955
12.43,0.0138367967780349
12.44,0.0139005267775972
12.45,0.0139644589693495
12.46,0.0140285926494428
12.47,0.0140929271031672
12.48,0.0141574616052045
12.49,0.0142221954309396
12.5,0.0142871278355963
12.51,0.0143522580644712
12.52,0.0144175853547986
12.53,0.0144831089339777
12.54,0.0145488280166014
12.55,0.0146147418089569
12.56,0.0146808495086562
12.57,0.0147471503023753
12.58,0.0148136433668135
12.59,0.0148803278728462
12.6,0.014947202981503
12.61,0.015014267839883
12.62,0.0150815215879219
12.63,0.0151489633561936
12.64,0.0152165922636276
12.65,0.0152844074180962
12.66,0.0153524079228606
12.67,0.0154205928695283
12.68,0.0154889613402473
12.69,0.0155575124076167
12.7,0.0156262451304739
12.71,0.0156951585637326
12.72,0.0157642517506632
12.73,0.0158335237249639
12.74,0.0159029735107702
12.75,0.0159726001323879
12.76,0.0160424026003492
12.77,0.0161123799110195
12.78,0.0161825310556908
12.79,0.0162528550170673
12.8,0.0163233507678143
12.81,0.0163940172678286
12.82,0.0164648534755281
12.83,0.0165358583378066
12.84,0.0166070307929497
12.85,0.0166783697706806
12.86,0.0167498741952572
12.87,0.0168215429793577
12.88,0.0168933750279975
12.89,0.0169653692382991
12.9,0.0170375244992583
12.91,0.0171098396957925
12.92,0.0171823137059689
12.93,0.0172549453944509
12.94,0.0173277336213213
12.95,0.0174006772393729
12.96,0.0174737750927943
12.97,0.0175470260028613
12.98,0.0176204288047292
12.99,0.017693982317665
13,0.017767685353155
13.01,0.0178415367149281
13.02,0.0179155352129222
13.03,0.0179896796403044
13.04,0.0180639687796477
13.05,0.0181384014107198
13.06,0.0182129763068434
13.07,0.0182876922321501
13.08,0.0183625479396919
13.09,0.0184375421852843
13.1,0.0185126737143285
13.11,0.0185879412657492
13.12,0.0186633435720636
13.13,0.018738879373613
13.14,0.0188145473882928
13.15,0.0188903463334847
13.16,0.0189662749217943
13.17,0.0190423318606172
13.18,0.0191185158438139
13.19,0.0191948255631827
13.2,0.0192712597134674
13.21,0.0193478169793574
13.22,0.0194244960405309
13.23,0.0195012955717572
13.24,0.0195782142430005
13.25,0.0196552507153985
13.26,0.0197324036476282
13.27,0.0198096716966265
13.28,0.0198870535127385
13.29,0.0199645477418154
13.3,0.0200421530253029
13.31,0.0201198680003339
13.32,0.020197691305604
13.33,0.0202756215717838
13.34,0.0203536574228797
13.35,0.0204317974815177
13.36,0.0205100403667224
13.37,0.0205883846940243
13.38,0.0206668290755655
13.39,0.0207453721363508
13.4,0.0208240124851945
13.41,0.020902748723557
13.42,0.020981579455872
13.43,0.0210605032843907
13.44,0.0211395188093286
13.45,0.0212186246290114
13.46,0.0212978193191142
13.47,0.0213771014730285
13.48,0.0214564696847872
13.49,0.0215359225408451
13.5,0.0216154586256887
13.51,0.021695076521934
13.52,0.0217747748104253
13.53,0.0218545520735882
13.54,0.0219344068889259
13.55,0.0220143378326146
13.56,0.0220943434802333
13.57,0.0221744224061966
13.58,0.0222545731838594
13.59,0.0223347943856234
13.6,0.0224150845966588
13.61,0.0224954423861273
13.62,0.022575866324972
13.63,0.0226563549861449
13.64,0.0227369069426315
13.65,0.0228175207675849
13.66,0.022898195034458
13.67,0.0229789283680007
13.68,0.0230597193322606
13.69,0.023140566507013
13.7,0.0232214684799113
13.71,0.0233024238411976
13.72,0.0233834311839315
13.73,0.0234644891042189
13.74,0.0235455960580806
13.75,0.0236267506885552
13.76,0.0237079515847888
13.77,0.0237891973262681
13.78,0.0238704864923608
13.79,0.0239518176622888
13.8,0.0240331894151008
13.81,0.0241146004415433
13.82,0.0241960492812269
13.83,0.0242775345293137
13.84,0.0243590547868955
13.85,0.0244406086579366
13.86,0.0245221947494348
13.87,0.0246038116719171
13.88,0.0246854580941387
13.89,0.024767132611056
13.9,0.0248488338529678
13.91,0.0249305604554375
13.92,0.0250123110595423
13.93,0.0250940843121264
13.94,0.025175878859969
13.95,0.0252576932233039
13.96,0.0253395261317168
13.97,0.0254213762366487
13.98,0.0255032421937154
13.99,0.0255851226627953
14,0.0256670163081173
14.01,0.0257489217983468
14.02,0.0258308377967363
14.03,0.0259127629640618
14.04,0.0259946959913479
14.05,0.0260766355612734
14.06,0.0261585803607814
14.07,0.0262405290811323
14.08,0.0263224804179553
14.09,0.0264044330713033
14.1,0.0264863858239703
14.11,0.0265683373936047
14.12,0.0266502864843816
14.13,0.0267322318332904
14.14,0.0268141721844306
14.15,0.0268961062892001
14.16,0.0269780329064826
14.17,0.0270599508022242
14.18,0.0271418587144498
14.19,0.0272237554422969
14.2,0.0273056397711821
14.21,0.0273875104942265
14.22,0.0274693664124002
14.23,0.0275512063346682
14.24,0.0276330290781375
14.25,0.0277148334333143
14.26,0.0277966181631232
14.27,0.0278783821449826
14.28,0.02796012421227
14.29,0.0280418432048761
14.3,0.0281235379692173
14.31,0.028205207358249
14.32,0.0282868502314785
14.33,0.0283684655022594
14.34,0.0284500520526373
14.35,0.0285316087541924
14.36,0.0286131345046562
14.37,0.0286946282099196
14.38,0.0287760887841296
14.39,0.0288575151497872
14.4,0.0289389062378474
14.41,0.0290202610770539
14.42,0.0291015785760486
14.43,0.0291828577037689
14.44,0.0292640974404754
14.45,0.0293452967772132
14.46,0.0294264547160126
14.47,0.0295075702700869
14.48,0.0295886424223169
14.49,0.0296696701103521
14.5,0.0297506524338855
14.51,0.0298315884314416
14.52,0.0299124771509809
14.53,0.0299933176499479
14.54,0.0300741089953207
14.55,0.0301548502636594
14.56,0.0302355405158736
14.57,0.0303161787830182
14.58,0.0303967642045076
14.59,0.0304772958820897
14.6,0.0305577729255929
14.61,0.0306381944528797
14.62,0.0307185595898017
14.63,0.0307988674701526
14.64,0.0308791172851002
14.65,0.030959308322039
14.66,0.0310394396668581
14.67,0.0311195105127709
14.68,0.0311995200643104
14.69,0.0312794675374796
14.7,0.0313593521599012
14.71,0.0314391731709703
14.72,0.0315189298287086
14.73,0.0315986214168379
14.74,0.0316782472004969
14.75,0.0317578064716987
14.76,0.0318372985354984
14.77,0.0319167227101731
14.78,0.0319960783274009
14.79,0.0320753647324396
14.8,0.0321545812125394
14.81,0.032233726903277
14.82,0.0323128013133439
14.83,0.0323918037984763
14.84,0.0324707337230188
14.85,0.0325495904597819
14.86,0.0326283733898996
14.87,0.0327070819026886
14.88,0.032785715404495
14.89,0.0328642733330789
14.9,0.0329427550848876
14.91,0.0330211600866235
14.92,0.0330994877732432
14.93,0.0331777375878601
14.94,0.0332559089816444
14.95,0.0333340014137235
14.96,0.0334120144462042
14.97,0.033489947930921
14.98,0.0335678011590878
14.99,0.0336455736892609
15,0.0337232650962966
15.01,0.033800874971736
15.02,0.0338784029241914
15.03,0.0339558485797301
15.04,0.0340332115062916
15.05,0.0341104910347127
15.06,0.0341876870129042
15.07,0.0342647990819173
15.08,0.0343418268946138
15.09,0.0344187701156371
15.1,0.0344956284213822
15.11,0.0345724014999644
15.12,0.0346490889829067
15.13,0.034725690228747
15.14,0.0348022050931942
15.15,0.0348786332278119
15.16,0.0349549742831745
15.17,0.0350312279080334
15.18,0.0351073937484861
15.19,0.0351834717985599
15.2,0.0352594621053904
15.21,0.0353353641567777
15.22,0.0354111777513963
15.23,0.0354869027064504
15.24,0.0355625388584348
15.25,0.0356380860638931
15.26,0.0357135442872407
15.27,0.0357889134360314
15.28,0.0358641934311694
15.29,0.0359393842427749
15.3,0.0360144858685426
15.31,0.0360894983347326
15.32,0.0361644216833887
15.33,0.0362392544670803
15.34,0.0363139974031768
15.35,0.0363886503893243
15.36,0.036463213326547
15.37,0.0365376861192484
15.38,0.0366120686640099
15.39,0.0366863607844109
15.4,0.036760562430002
15.41,0.03683467350298
15.42,0.036908693907415
15.43,0.0369826235492517
15.44,0.0370564625870388
15.45,0.0371302117477257
15.46,0.037203870613181
15.47,0.0372774392756548
15.48,0.0373509178461772
15.49,0.0374243064545592
15.5,0.0374976053018086
15.51,0.0375708146415886
15.52,0.0376439346248199
15.53,0.0377169654810646
15.54,0.0377899074609661
15.55,0.0378627608362483
15.56,0.0379355252957053
15.57,0.0380082006582716
15.58,0.0380807874649828
15.59,0.0381532858629543
15.6,0.0382256960010981
15.61,0.0382980180301223
15.62,0.0383702519252373
15.63,0.0384423977847616
15.64,0.0385144557893268
15.65,0.038586426048793
15.66,0.0386583086704355
15.67,0.038730103758944
15.68,0.0388018125241701
15.69,0.0388734350133481
15.7,0.0389449713063673
15.71,0.0390164217261577
15.72,0.039087786613118
15.73,0.0391590663251155
15.74,0.0392302616258813
15.75,0.0393013729602256
15.76,0.0393724007025689
15.77,0.0394433453705333
15.78,0.0395142075071469
15.79,0.0395849876808446
15.8,0.039655685282987
15.81,0.0397263005031649
15.82,0.0397968342107311
15.83,0.0398672867601084
15.84,0.0399376585030655
15.85,0.0400079497887161
15.86,0.0400781609811644
15.87,0.0401482924355084
15.88,0.0402183444874961
15.89,0.0402883174809504
15.9,0.0403582117575173
15.91,0.0404280276566646
15.92,0.0404977661571593
15.93,0.0405674282417391
15.94,0.0406370139472833
15.95,0.0407065238315335
15.96,0.0407759584705071
15.97,0.0408453184584963
15.98,0.0409146045598732
15.99,0.0409838176352572
16,0.0410529582316159
16.01,0.0411220270808337
16.02,0.0411910249389213
16.03,0.0412599525860153
16.04,0.0413288102361792
16.05,0.0413975973942352
16.0599999999999,0.0414663154898336
16.07,0.0415349650880887
16.08,0.0416035467497835
16.09,0.0416720610313723
16.1,0.0417405085058915
16.11,0.0418088897920525
16.12,0.0418772054028416
16.13,0.0419454558918346
16.14,0.042013641809606
16.15,0.0420817637037283
16.16,0.042149822406075
16.17,0.0422178199813165
16.1799999999999,0.0422857562376
16.19,0.042353631949435
16.2,0.042421447908985
16.21,0.0424892049260705
16.22,0.0425569038281672
16.23,0.042624545413782
16.24,0.04269213052565
16.25,0.0427596600579125
16.26,0.0428271348975189
16.27,0.0428945559481431
16.28,0.0429619241301841
16.29,0.0430292403715213
16.3,0.0430965042402662
16.3099999999999,0.043163717345498
16.32,0.0432308805033615
16.33,0.0432979945316996
16.34,0.0433650602500557
16.35,0.0434320784796723
16.36,0.0434990498651165
16.37,0.0435659749902569
16.38,0.0436328548098736
16.39,0.0436996900895267
16.4,0.0437664815911817
16.41,0.0438332300732099
16.42,0.0438999362903879
16.4299999999999,0.0439666026200408
16.44,0.044033229495083
16.45,0.0440998176546072
16.46,0.0441663681065326
16.47,0.0442328818770861
16.48,0.0442993600108005
16.49,0.044365803563243
16.5,0.0444322135894368
16.51,0.0444985912016011
16.52,0.044564937512967
16.53,0.0446312536546835
16.54,0.0446975407758166
16.55,0.0447638000433505
16.5599999999999,0.0448300316082383
16.57,0.0448962364515743
16.58,0.0449624160144763
16.59,0.045028571323656
16.6,0.0450947034064852
16.61,0.0451608132909952
16.62,0.0452269020058792
16.63,0.0452929699499085
16.64,0.0453590183646581
16.65,0.0454250482488891
16.66,0.0454910605441915
16.67,0.0455570561856544
16.6799999999999,0.0456230361018654
16.69,0.0456890014680297
16.7,0.0457549548683698
16.71,0.0458208963928885
16.72,0.0458868271837639
16.73,0.0459527483970094
16.74,0.046018661202476
16.75,0.046084566783851
16.76,0.0461504669351214
16.77,0.0462163637293764
16.78,0.0462822579154177
16.79,0.0463481509392595
16.8,0.0464140442779577
16.8099999999999,0.0464799394396095
16.82,0.0465458379633537
16.83,0.0466117389727278
16.84,0.0466776435331243
16.85,0.0467435538036304
16.86,0.0468094709447466
16.87,0.0468753961070713
16.88,0.046941330431299
16.89,0.047007275048221
16.9,0.0470732311745693
16.91,0.0471391998894031
16.92,0.047205182298543
16.9299999999999,0.0472711795068334
16.94,0.0473371926103063
16.95,0.0474032226961803
16.96,0.0474692711066134
16.97,0.0475353407991916
16.98,0.0476014321444367
16.99,0.0476675465700887
17,0.047733685532528
17.01,0.0477998505167761
17.02,0.0478660432577378
17.03,0.0479322654493791
17.04,0.0479985186115381
17.05,0.0480648044218867
17.0599999999999,0.0481311245942121
17.07,0.0481974808784176
17.08,0.0482638721925443
17.09,0.0483303013343756
17.1,0.0483967697137884
17.11,0.0484632786871651
17.12,0.0485298295974698
17.13,0.0485964231717139
17.14,0.0486630596785502
17.15,0.0487297407955516
17.16,0.0487964674951785
17.17,0.0488632407056356
17.1799999999999,0.0489300613108718
17.19,0.0489969340627152
17.2,0.0490638596047614
17.21,0.0491308388497593
17.22,0.0491978734262659
17.23,0.0492649650048099
17.24,0.049332115257462
17.25,0.0493993257603249
17.26,0.0494665983748497
17.27,0.0495339349003028
17.28,0.0496013371740476
17.29,0.0496688070715446
17.3,0.0497363444643651
17.3099999999999,0.0498039504404742
17.32,0.0498716272607284
17.33,0.0499393763195883
17.34,0.0500071989893811
17.35,0.0500750966000135
17.36,0.0501430699652776
17.37,0.0502111205795873
17.38,0.0502792496364007
17.39,0.0503474582979441
17.4,0.0504157476952122
17.41,0.0504841197757506
17.42,0.050552576863246
17.4299999999999,0.0506211198522357
17.44,0.0506897503224261
17.45,0.0507584698877476
17.46,0.0508272808621251
17.47,0.050896184851139
17.48,0.0509651837156396
17.49,0.0510342794060203
17.5,0.0511034730207619
17.51,0.0511727648034304
17.52,0.051242157135499
17.53,0.051311651462251
17.54,0.0513812492010573
17.55,0.0514509499622111
17.5599999999999,0.051520755095065
17.57,0.0515906656026509
17.58,0.0516606822074086
17.59,0.051730806220569
17.6,0.0518010400403475
17.61,0.0518713838022622
17.62,0.0519418385284813
17.63,0.0520124052267678
17.64,0.0520830874550731
17.65,0.0521538865739211
17.66,0.0522248039337165
17.67,0.0522958414097071
17.6799999999999,0.0523670004862946
17.69,0.0524382813866348
17.7,0.0525096865867222
17.71,0.0525812177165239
17.72,0.0526528764238882
17.73,0.0527246606382934
17.74,0.0527965708636816
17.75,0.05286860839293
17.76,0.0529407734520805
17.77,0.0530130660974942
17.78,0.0530854861214368
17.79,0.0531580333111014
17.8,0.0532307072459912
17.8099999999999,0.0533035099072472
17.82,0.0533764449398266
17.83,0.0534495119190478
17.84,0.0535227123298395
17.85,0.0535960467032093
17.86,0.0536695163370457
17.87,0.0537431229237973
17.88,0.0538168679265827
17.89,0.0538907463662251
17.9,0.053964760409836
17.91,0.0540389095466042
17.92,0.0541131929950928
17.9299999999999,0.0541876096389839
17.94,0.0542621582637583
17.95,0.0543368373598494
17.96,0.0544116475059385
17.97,0.0544865894204098
17.98,0.0545616613945234
17.99,0.0546368628199057
18,0.054712193555488
18.01,0.054787653109859
18.02,0.0548632410266291
18.03,0.0549389566070847
18.04,0.0550147954189828
18.05,0.0550907573484097
18.0599999999999,0.0551668405688423
18.07,0.0552430424953852
18.08,0.0553193595106869
18.09,0.0553957891670063
18.1,0.0554723281835246
18.11,0.0555489739496364
18.12,0.0556257236201646
18.13,0.0557025736081451
18.14,0.0557795210215909
18.15,0.0558565629695581
18.16,0.0559336960479605
18.17,0.0560109160348643
18.1799999999999,0.056088218191429
18.19,0.056165598586948
18.2,0.0562430515393488
18.21,0.0563205702911019
18.22,0.0563981491301142
18.23,0.0564757814919953
18.24,0.0565534605430942
18.25,0.0566311787620581
18.26,0.0567089290765987
18.27,0.0567867051381892
18.28,0.056864498823488
18.29,0.0569423022627186
18.3,0.0570201072013522
18.3099999999999,0.0570979053615681
18.32,0.0571756873008002
18.33,0.0572534411035098
18.34,0.0573311569933365
18.35,0.0574088233202547
18.36,0.0574864264023409
18.37,0.0575639535464437
18.38,0.0576413910790183
18.39,0.0577187260140826
18.4,0.0577959432613522
18.41,0.0578730279270515
18.42,0.0579499661835849
18.4299999999999,0.0580267420814684
18.44,0.0581033396100836
18.45,0.0581797403482698
18.46,0.0582559273595364
18.47,0.0583318821814447
18.48,0.0584075816884457
18.49,0.0584830058793485
18.5,0.0585581324849698
18.51,0.0586329372510024
18.52,0.0587073956415596
18.53,0.0587814831717368
18.54,0.0588551755965808
18.55,0.0589284464427112
18.5599999999999,0.059001270120599
18.57,0.0590736197269746
18.58,0.0591454665668812
18.59,0.0592167798683894
18.6,0.0592875295972723
18.61,0.0593576809719825
18.62,0.0594272002449005
18.63,0.0594960522389836
18.64,0.0595642011271086
18.65,0.0596316090275935
18.66,0.0596982407934197
18.67,0.0597640577028201
18.6799999999999,0.0598290211140403
18.69,0.0598930916557511
18.7,0.0599562292455389
18.71,0.0600183892673034
18.72,0.0600795288753192
18.73,0.0601396033013816
18.74,0.0601985667360513
18.75,0.0602563719908005
18.76,0.0603129735065567
18.77,0.060368322756869
18.78,0.0604223719664411
18.79,0.0604750739672502
18.8,0.0605263796210947
18.8099999999999,0.0605762394305682
18.82,0.0606246036821123
18.83,0.0606714221446436
18.84,0.0607166441616872
18.85,0.0607602184955305
18.86,0.0608020957882858
18.87,0.0608422250805058
18.88,0.0608805562404624
18.89,0.0609170409903469
18.9,0.0609516294699992
18.91,0.0609842744754826
18.92,0.0610149283239688
18.9299999999999,0.0610435442197616
18.94,0.0610700774742311
18.95,0.061094482831161
18.96,0.061116717813786
18.97,0.0611367407877027
18.98,0.0611545108241837
18.99,0.0611699908251276
19,0.0611831430330535
19.01,0.0611939328305968
19.02,0.0612023277975003
19.03,0.0612082962080434
19.04,0.0612118102572197
19.05,0.0612128426419883
19.0599999999999,0.0612113688794858
19.07,0.0612073671954004
19.08,0.0612008170977201
19.09,0.0611917011418771
19.1,0.0611800039201782
19.11,0.0611657120754204
19.12,0.0611488148394993
19.13,0.0611293034876555
19.14,0.0611071714517922
19.15,0.061082414091126
19.16,0.0610550293271553
19.17,0.0610250162872412
19.1799999999999,0.0609923763314059
19.19,0.0609571131261761
19.2,0.0609192302925275
19.21,0.0608787349228203
19.22,0.0608356347629713
19.23,0.0607899378359253
19.24,0.0607416553178199
19.25,0.06069079796767
19.26,0.0606373774950375
19.27,0.0605814070862476
19.28,0.0605228998311184
19.29,0.0604618696318213
19.3,0.0603983306455099
19.3099999999999,0.0603322973742872
19.32,0.0602637842637896
19.33,0.0601928058370637
19.34,0.0601193765574358
19.35,0.0600435105316045
19.36,0.059965221560378
19.37,0.0598845229532524
19.38,0.0598014274132731
19.39,0.0597159470869753
19.4,0.0596280932005116
19.41,0.0595378761843799
19.42,0.0594453057615481
19.4299999999999,0.0593503903704743
19.44,0.0592531376335859
19.45,0.0591535541389824
19.46,0.0590516450671837
19.47,0.0589474146868762
19.48,0.0588408660420925
19.49,0.0587320007005612
19.5,0.0586208192748703
19.51,0.058507321010309
19.52,0.0583915036784586
19.53,0.0582733641440331
19.54,0.058152897808613
19.55,0.0580300986763417
19.5599999999999,0.0579049599672013
19.57,0.0577774733946335
19.58,0.057647629442835
19.59,0.0575154179685022
19.6,0.0573808273523405
19.61,0.057243844995495
19.62,0.0571044578654923
19.63,0.056962651579221
19.64,0.0568184111116292
19.65,0.0566717215225664
19.66,0.0565225662926959
19.67,0.0563709286388763
19.6799999999999,0.0562167915289924
19.69,0.0560601388827795
19.7,0.0559009527887528
19.71,0.0557392157916408
19.72,0.0555749109609163
19.73,0.0554080227649088
19.74,0.0552385343203502
19.75,0.0550664298927833
19.76,0.0548916950493421
19.77,0.0547143168494168
19.78,0.0545342822149528
19.79,0.0543515797620052
19.8,0.0541662000298042
19.8099999999999,0.0539781352512707
19.82,0.0537873788803835
19.83,0.0535939265598295
19.84,0.0533977765099891
19.85,0.0531989291281617
19.86,0.0529973870970718
19.87,0.0527931559043765
19.88,0.0525862439358588
19.89,0.0523766625673662
19.9,0.0521644263648417
19.91,0.0519495532663028
19.92,0.0517320638481969
19.9299999999999,0.0515119832188852
19.94,0.0512893400616034
19.95,0.051064166969092
19.96,0.0508364992472417
19.97,0.0506063763486679
19.98,0.0503738432025073
19.99,0.0501389484537436
20,0.0499017443643005
20.01,0.0496622844113087
20.02,0.0494206309212326
20.03,0.049176849011122
20.04,0.048931008323767
20.05,0.0486831777439794
20.0599999999999,0.0484334354332471
20.07,0.0481818629541312
20.08,0.0479285457559395
20.09,0.0476735704219971
20.1,0.0474170270281188
20.11,0.0471590130261917
20.12,0.0468996280167336
20.13,0.0466389743093456
20.14,0.0463771525572878
20.15,0.0461142734203484
20.16,0.0458504480960297
20.17,0.0455857907052099
20.1799999999999,0.0453204128823577
20.19,0.0450544331070356
20.2,0.0447879715533781
20.21,0.0445211497560824
20.22,0.0442540890097352
20.23,0.0439869112631992
20.24,0.0437197422373539
20.25,0.0434527073310883
20.26,0.043185932305724
20.27,0.0429195413271712
20.28,0.0426536612444333
20.29,0.0423884178299778
20.3,0.0421239364933583
20.3099999999999,0.0418603418756481
20.32,0.0415977579063694
20.33,0.0413363075258477
20.34,0.0410761123670074
20.35,0.0408172930674529
20.36,0.0405599698478588
20.37,0.0403042592886893
20.38,0.0400502767197257
20.39,0.0397981353071099
20.4,0.0395479493515463
20.41,0.0392998277520221
20.42,0.0390538773161234
20.4299999999999,0.0388102026141356
20.44,0.0385689074631134
20.45,0.0383300948171872
20.46,0.0380938609642582
20.47,0.0378603010969631
20.48,0.0376295075428749
20.49,0.0374015746896452
20.5,0.0371765885121859
20.51,0.0369546340966951
20.52,0.0367357936694892
20.53,0.0365201490699055
20.54,0.0363077795593695
20.55,0.0360987590758417
20.5599999999999,0.0358931601159612
20.57,0.0356910529043291
20.58,0.0354925092669032
20.59,0.0352975933009267
20.6,0.0351063686083284
20.61,0.0349188964259693
20.62,0.0347352372151096
20.63,0.0345554485362126
20.64,0.0343795851632133
20.65,0.0342077002307275
20.66,0.0340398451816629
20.67,0.0338760706543766
20.6799999999999,0.0337164237878788
20.69,0.0335609505606721
20.7,0.0334096952236572
20.71,0.033262700885188
20.72,0.0331200086432087
20.73,0.0329816580758611
20.74,0.0328476873736766
20.75,0.0327181333947172
20.76,0.0325930317490523
20.77,0.0324724166064313
20.78,0.0323563209932534
20.79,0.0322447767840245
20.8,0.0321378137650162
20.8099999999999,0.0320354616729988
20.82,0.0319377488816796
20.83,0.0318447027248808
20.84,0.0317563487083284
20.85,0.0316727110967883
20.86,0.0315938142406536
20.87,0.0315196810091896
20.88,0.0314503332583942
20.89,0.0313857909075001
20.9,0.0313260738728453
20.91,0.0312712007247184
20.92,0.0312211888300408
20.9299999999999,0.0311760543701865
20.94,0.0311358127902534
20.95,0.0311004783758513
20.96,0.0310700636840146
20.97,0.0310445806709586
20.98,0.0310240400927223
20.99,0.0310084513279639
21,0.0309978219971955
21.01,0.0309921591108659
21.02,0.0309914681323953
21.03,0.0309957529026656
21.04,0.0310050159117982
21.05,0.0310192583358732
21.0599999999999,0.0310384797693629
21.07,0.0310626779651529
21.08,0.0310918493960421
21.09,0.0311259887903206
21.1,0.0311650890258367
21.11,0.0312091410903313
21.12,0.0312581344105999
21.13,0.0313120564439268
21.14,0.0313708924603635
21.15,0.0314346259321574
21.16,0.0315032382530718
21.17,0.0315767087056145
21.1799999999999,0.0316550144790035
21.19,0.0317381304769094
21.2,0.0318260293749878
21.21,0.0319186817963807
21.22,0.0320160559962868
21.23,0.0321181177503797
21.24,0.0322248305319956
21.25,0.0323361558217759
21.26,0.0324520522319667
21.27,0.0325724760637878
21.28,0.0326973813129305
21.29,0.0328267196373774
21.3,0.0329604399118982
21.3099999999999,0.0330984886005222
21.32,0.0332408102328839
21.33,0.0333873463888368
21.34,0.033538036193761
21.35,0.0336928165055346
21.36,0.0338516223535082
21.37,0.0340143855698736
21.38,0.0341810358566309
21.39,0.0343515011104243
21.4,0.0345257068179069
21.41,0.0347035759095397
21.42,0.0348850292881555
21.4299999999999,0.0350699864420626
21.44,0.0352583639887706
21.45,0.0354500767643126
21.46,0.0356450379061565
21.47,0.0358431589010239
21.48,0.0360443489420255
21.49,0.0362485156385955
21.5,0.0364555656431355
21.51,0.0366654034852789
21.52,0.0368779322596726
21.53,0.0370930538323886
21.54,0.0373106692819862
21.55,0.0375306780690092
21.5599999999999,0.0377529787120437
21.57,0.0379774685869652
21.58,0.0382040443409051
21.59,0.038432601822456
21.6,0.0386630363373293
21.61,0.038895242409068
21.62,0.0391291144046191
21.63,0.0393645467496551
21.64,0.0396014332891451
21.65,0.0398396678364515
21.66,0.0400791441067563
21.67,0.0403197561856888
21.6799999999999,0.0405613977034753
21.69,0.0408039621538031
21.7,0.0410473437488853
21.71,0.0412914370967801
21.72,0.0415361372648368
21.73,0.0417813395557809
21.74,0.0420269415000554
21.75,0.0422728416343235
21.76,0.0425189391681735
21.77,0.0427651340161742
21.78,0.0430113278060471
21.79,0.0432574239535563
21.8,0.0435033241430826
21.8099999999999,0.0437489323831943
21.82,0.0439941538547893
21.83,0.0442388959412595
21.84,0.0444830661978654
21.85,0.0447265734757512
21.86,0.0449693316930947
21.87,0.0452112542553398
21.88,0.0454522574313722
21.89,0.0456922572736624
21.9,0.0459311741537079
21.91,0.0461689297881284
21.92,0.0464054447591126
21.9299999999999,0.0466406439735847
21.94,0.0468744531415153
21.95,0.0471068005087323
21.96,0.0473376151388179
21.97,0.0475668283256735
21.98,0.0477943749629208
21.99,0.0480201903950385
22,0.048244212579085
22.01,0.0484663808852544
22.02,0.0486866375668941
22.03,0.0489049266004154
22.04,0.0491211923230608
22.05,0.0493353824962244
22.0599999999999,0.0495474461906365
22.07,0.0497573343665402
22.08,0.0499649996306648
22.09,0.050170396437565
22.1,0.0503734818315413
22.11,0.0505742139724904
22.12,0.0507725530913147
22.13,0.0509684608084612
22.14,0.0511619009441627
22.15,0.0513528389009251
22.16,0.0515412410340758
22.17,0.0517270759469857
22.1799999999999,0.0519103135881465
22.19,0.0520909257773672
22.2,0.0522688855117536
22.21,0.0524441673844026
22.22,0.0526167477870099
22.23,0.0527866043632167
22.24,0.052953716271079
22.25,0.0531180636392416
22.26,0.0532796280556941
22.27,0.0534383925435768
22.28,0.0535943411876552
22.29,0.053747459206302
22.3,0.0538977330115707
22.3099999999999,0.0540451503769391
22.32,0.0541897008086074
22.33,0.054331374265599
22.34,0.0544701621080924
22.35,0.0546060566557774
22.36,0.0547390515322646
22.37,0.0548691413507987
22.38,0.0549963200291019
22.39,0.0551205837613847
22.4,0.0552419289360938
22.41,0.0553603541476926
22.42,0.0554758579049936
22.4299999999999,0.0555884395343268
22.44,0.0556980996547018
22.45,0.0558048397668534
22.46,0.0559086621197394
22.47,0.0560095692391498
22.48,0.0561075637557898
22.49,0.0562026498505418
22.5,0.056294831969563
22.51,0.0563841153657529
22.52,0.056470505457013
22.53,0.0565540083858676
22.54,0.0566346320597705
22.55,0.0567123837765498
22.5599999999999,0.0567872718784401
22.57,0.0568593048361515
22.58,0.0569284920123964
22.59,0.0569948432838435
22.6,0.05705836865147
22.61,0.0571190784594497
22.62,0.0571769837041995
22.63,0.0572320957336055
22.64,0.0572844265965296
22.65,0.0573339882842608
22.66,0.0573807932995762
22.67,0.057424854890939
22.6799999999999,0.0574661863158999
22.69,0.0575048013277906
22.7,0.0575407138439067
22.71,0.0575739381997378
22.72,0.0576044890714336
22.73,0.0576323813854597
22.74,0.0576576303344763
22.75,0.0576802513853222
22.76,0.0577002602883199
22.77,0.0577176732121457
22.78,0.0577325063619415
22.79,0.0577447762531402
22.8,0.0577544996373373
22.8099999999999,0.0577616934847743
22.82,0.057766374969057
22.83,0.0577685614657395
22.84,0.0577682705149605
22.85,0.0577655198576056
22.86,0.0577603273927417
22.87,0.0577527112485723
22.88,0.0577426898302594
22.89,0.0577302815403332
22.9,0.0577155050056488
22.91,0.0576983790143176
22.92,0.0576789225025741
22.9299999999999,0.0576571545505216
22.94,0.0576330943534196
22.95,0.0576067610301093
22.96,0.0575781740144011
22.97,0.0575473527530532
22.98,0.057514316868455
22.99,0.0574790861145322
23,0.0574416802112202
23.01,0.0574021190081653
23.02,0.0573604227703554
23.03,0.0573166115360749
23.04,0.057270705509137
23.05,0.0572227250089816
23.0599999999999,0.0571726902013917
23.07,0.0571206214010997
23.08,0.057066539099839
23.09,0.0570104637597017
23.1,0.0569524158149743
23.11,0.0568924156601616
23.12,0.0568304838278218
23.13,0.0567666407978545
23.14,0.0567009071326666
23.15,0.0566333038948202
23.16,0.0565638515369211
23.17,0.0564925707707836
23.1799999999999,0.0564194823374769
23.19,0.0563446069189538
23.2,0.0562679653040998
23.21,0.056189578273557
23.22,0.0561094666182294
23.23,0.0560276510765512
23.24,0.0559441524173523
23.25,0.0558589914292784
23.26,0.0557721888777492
23.27,0.0556837655601144
23.28,0.0555937422934727
23.29,0.0555021398159734
23.3,0.055408978884913
23.3099999999999,0.05531428016355
23.32,0.0552180639457372
23.33,0.055120350919731
23.34,0.055021161542109
23.35,0.0549205161942232
23.36,0.0548184354640698
23.37,0.0547149395255362
23.38,0.0546100485889972
23.39,0.0545037827834167
23.4,0.054396162245237
23.41,0.0542872077757332
23.42,0.0541769391263561
23.4299999999999,0.0540653763724741
23.44,0.0539525395460526
23.45,0.0538384486251379
23.46,0.0537231235190168
23.47,0.0536065841326218
23.48,0.0534888503090022
23.49,0.0533699418453499
23.5,0.0532498783278317
23.51,0.0531286791840801
23.52,0.0530063640626951
23.53,0.0528829524073625
23.54,0.052758463582349
23.55,0.0526329164896061
23.5599999999999,0.0525063300090803
23.57,0.0523787231776088
23.58,0.0522501147329444
23.59,0.0521205232652847
23.6,0.0519899681035111
23.61,0.0518584678142875
23.62,0.051726040741882
23.63,0.0515927053230142
23.64,0.0514584799072334
23.65,0.051323382872633
23.66,0.0511874323949586
23.67,0.05105064660266
23.6799999999999,0.0509130435547324
23.69,0.0507746411900791
23.7,0.0506354566128939
23.71,0.0504955077624439
23.72,0.0503548121091115
23.73,0.0502133869931583
23.74,0.0500712496691475
23.75,0.0499284174384571
23.76,0.0497849072091386
23.77,0.0496407358638782
23.78,0.0494959201563231
23.79,0.049350476846334
23.8,0.0492044227274339
23.8099999999999,0.0490577741453083
23.82,0.0489105474773229
23.83,0.0487627589924597
23.84,0.0486144247018932
23.85,0.0484655604225262
23.86,0.0483161820941775
23.87,0.0481663054120563
23.88,0.0480159459372296
23.89,0.0478651191591686
23.9,0.0477138404373585
23.91,0.0475621249269573
23.92,0.0474099876864409
23.9299999999999,0.0472574436409605
23.94,0.047104507806448
23.95,0.0469511950133342
23.96,0.0467975198198253
23.97,0.0466434967653451
23.98,0.0464891402808122
23.99,0.0463344643224581
24,0.046179482921448
24.01,0.0460242101108422
24.02,0.0458686596755807
24.03,0.0457128452564437
24.04,0.045556780314317
24.05,0.0454004781857576
24.0599999999999,0.045243952058334
24.07,0.0450872149576654
24.08,0.0449302797516983
24.09,0.044773159983021
24.1,0.0446158682929938
24.11,0.0444584173021206
24.12,0.0443008196314999
24.13,0.0441430878085639
24.14,0.0439852335480953
24.15,0.0438272691996239
24.16,0.0436692067836541
24.17,0.0435110581440022
24.1799999999999,0.0433528349986185
24.19,0.0431945490024892
24.2,0.0430362115728913
24.21,0.0428778340327615
24.22,0.0427194275715738
24.23,0.042561003294223
24.24,0.042402572116323
24.25,0.0422441448403492
24.26,0.0420857321377124
24.27,0.0419273444238186
24.28,0.0417689920700974
24.29,0.0416106853297629
24.3,0.0414524342931888
24.3099999999999,0.0412942490504791
24.32,0.0411361395622467
24.33,0.040978115510624
24.34,0.0408201865225797
24.35,0.0406623622519963
24.36,0.040504652500934
24.37,0.040347066472873
24.38,0.0401896134573753
24.39,0.0400323025812026
24.4,0.0398751423327089
24.41,0.0397181417720338
24.42,0.0395613095803517
24.4299999999999,0.0394046543094782
24.44,0.0392481843885546
24.45,0.0390919081099762
24.46,0.0389358336387423
24.47,0.0387799690111562
24.48,0.0386243222123653
24.49,0.0384689014173263
24.5,0.0383137141848943
24.51,0.0381587681487151
24.52,0.0380040708262918
24.53,0.0378496296111671
24.54,0.037695451779844
24.55,0.0375415445024661
24.5599999999999,0.0373879148276051
24.57,0.0372345696872077
24.58,0.0370815156885599
24.59,0.0369287595155941
24.6,0.0367763077211784
24.61,0.0366241667029128
24.62,0.0364723428233299
24.63,0.0363208431169535
24.64,0.0361696733978948
24.65,0.0360188397971034
24.66,0.0358683483480572
24.67,0.0357182048619049
24.6799999999999,0.0355684149647607
24.69,0.0354189844337693
24.7,0.0352699188263962
24.71,0.0351212235930326
24.72,0.0349729041027169
24.73,0.0348249655991466
24.74,0.0346774132135896
24.75,0.0345302519777727
24.76,0.0343834868199389
24.77,0.03423712266211
24.78,0.0340911641924283
24.79,0.033945616042714
24.8,0.0338004827415775
24.8099999999999,0.0336557688427166
24.82,0.0335114789699925
24.83,0.0333676172387944
24.84,0.0332241878479865
24.85,0.0330811949014842
24.86,0.032938642408257
24.87,0.0327965344436516
24.88,0.0326548748069042
24.89,0.0325136672360652
24.9,0.0323729153971623
24.91,0.0322326228647585
24.92,0.0320927931797311
24.9299999999999,0.0319534298449578
24.94,0.0318145361227631
24.95,0.0316761152550637
24.96,0.0315381703955984
24.97,0.0314007046099304
24.98,0.0312637210298879
24.99,0.0311272225146189
25,0.0309912118825953
25.01,0.0308556918801309
25.02,0.0307206651685144
25.03,0.0305861344483847
25.04,0.0304521024074744
25.05,0.0303185713859402
25.0599999999999,0.0301855437691226
25.07,0.0300530218636643
25.08,0.0299210078975136
25.09,0.0297895042011021
25.1,0.0296585127977966
25.11,0.0295280357043364
25.12,0.0293980748711668
25.13,0.0292686321735359
25.14,0.0291397095498856
25.15,0.0290113088858681
25.16,0.0288834317545187
25.17,0.0287560797804543
25.1799999999999,0.0286292545175485
25.19,0.0285029574489302
25.2,0.0283771900546691
25.21,0.0282519539123102
25.22,0.0281272501877324
25.23,0.028003080127025
25.24,0.0278794449096854
25.25,0.027756345648622
25.26,0.0276337834036552
25.27,0.0275117594833821
25.28,0.0273902746594225
25.29,0.0272693298260528
25.3,0.0271489258153562
25.3099999999999,0.0270290633972231
25.32,0.0269097432793498
25.33,0.0267909664243805
25.34,0.0266727333566495
25.35,0.026555044607012
25.36,0.0264379006919326
25.37,0.0263213020706188
25.38,0.0262052491450237
25.39,0.0260897424698033
25.4,0.0259747823976489
25.41,0.0258603691197499
25.42,0.0257465028610365
25.4299999999999,0.0256331837937254
25.44,0.0255204120373192
25.45,0.0254081877891834
25.46,0.0252965112277443
25.47,0.0251853822366299
25.48,0.02507480077353
25.49,0.0249647667477795
25.5,0.024855280020361
25.51,0.0247463404441409
25.52,0.0246379479519425
25.53,0.0245301022154126
25.54,0.0244228029548382
25.55,0.0243160498509363
25.5599999999999,0.0242098425454684
25.57,0.0241041806418537
25.58,0.0239990637057864
25.59,0.0238944912989735
25.6,0.0237904629075679
25.61,0.0236869779890026
25.62,0.0235840359712056
25.63,0.0234816362483762
25.64,0.0233797781816507
25.65,0.0232784610997699
25.66,0.0231776842773371
25.67,0.0230774469518361
25.6799999999999,0.0229777483722854
25.69,0.022878587734902
25.7,0.0227799642055336
25.71,0.022681876920246
25.72,0.0225843249859159
25.73,0.0224873074801456
25.74,0.0223908234286108
25.75,0.022294871864941
25.76,0.0221994517812719
25.77,0.0221045621429574
25.78,0.0220102018891283
25.79,0.0219163699332501
25.8,0.0218230651636817
25.8099999999999,0.0217302864362287
25.82,0.0216380325880624
25.83,0.0215463024370781
25.84,0.0214550947744905
25.85,0.0213644083688905
25.86,0.0212742419667872
25.87,0.021184594293146
25.88,0.0210954640512253
25.89,0.021006849921755
25.9,0.0209187505695629
25.91,0.0208311646382652
25.92,0.0207440907525576
25.9299999999999,0.0206575275187514
25.94,0.0205714735253089
25.95,0.0204859273433812
25.96,0.0204008874317714
25.97,0.0203163523443403
25.98,0.0202323206005629
25.99,0.0201487906872942
26,0.0200657610740558
26.01,0.0199832302134177
26.02,0.0199011965413811
26.03,0.0198196585165205
26.04,0.0197386145829184
26.05,0.0196580630945081
26.0599999999999,0.0195780024332067
26.07,0.019498430967122
26.08,0.019419347050973
26.09,0.0193407490265071
26.1,0.0192626352229207
26.11,0.01918500395728
26.12,0.0191078535349374
26.13,0.0190311822528245
26.14,0.0189549884198443
26.15,0.0188792702926056
26.16,0.0188040261362286
26.17,0.0187292542064678
26.1799999999999,0.0186549527501422
26.19,0.0185811200055653
26.2,0.0185077542029769
26.21,0.0184348535649715
26.22,0.0183624163069293
26.23,0.0182904406374481
26.24,0.0182189245994671
26.25,0.0181478664346972
26.26,0.0180772643509779
26.27,0.0180071165162582
26.28,0.0179374210920893
26.29,0.0178681762339795
26.3,0.0177993800917497
26.3099999999999,0.0177310308098876
26.32,0.0176631265279028
26.33,0.0175956653806835
26.34,0.0175286454437109
26.35,0.0174620648042305
26.36,0.0173959216242302
26.37,0.0173302140131435
26.38,0.0172649400764964
26.39,0.017200097916216
26.4,0.0171356856309398
26.41,0.0170717013163247
26.42,0.0170081430653563
26.4299999999999,0.0169450089686578
26.44,0.0168822971124415
26.45,0.0168200055706156
26.46,0.0167581324369261
26.47,0.016696675794299
26.48,0.0166356337247072
26.49,0.0165750043094718
26.5,0.0165147856295661
26.51,0.0164549757659186
26.52,0.0163955727997163
26.53,0.0163365748127073
26.54,0.0162779798875045
26.55,0.0162197859642283
26.5599999999999,0.0161619911830288
26.57,0.0161045936379149
26.58,0.016047591403016
26.59,0.0159909825533609
26.6,0.0159347651651186
26.61,0.0158789373158398
26.62,0.0158234970846946
26.63,0.0157684425527139
26.64,0.0157137718030297
26.65,0.0156594828691262
26.66,0.0156055738150705
26.67,0.0155520427604673
26.6799999999999,0.0154988877903841
26.69,0.0154461069922976
26.7,0.0153936984562965
26.71,0.0153416602752813
26.72,0.0152899905451667
26.73,0.0152386873650845
26.74,0.0151877488375828
26.75,0.0151371730717117
26.76,0.0150869581875958
26.77,0.0150371022915033
26.78,0.0149876035025386
26.79,0.0149384599443076
26.8,0.0148896697451229
26.8099999999999,0.0148412310382078
26.82,0.014793141961901
26.83,0.0147454006598615
26.84,0.0146980052812719
26.85,0.0146509539810437
26.86,0.0146042449200225
26.87,0.0145578762511506
26.88,0.0145118459339737
26.89,0.0144661522940722
26.9,0.0144207935043872
26.91,0.0143757677436036
26.92,0.0143310731963097
26.9299999999999,0.0142867080531553
26.94,0.0142426705110098
26.95,0.0141989587731222
26.96,0.014155571049278
26.97,0.0141125055559582
26.98,0.0140697605164991
26.99,0.0140273341612489
27,0.013985224521065
27.01,0.0139434299544675
27.02,0.0139019487164652
27.03,0.0138607790528581
27.04,0.0138199192160459
27.05,0.0137793674651423
27.0599999999999,0.0137391220660891
27.07,0.0136991812917705
27.08,0.0136595434221279
27.09,0.0136202067442732
27.1,0.0135811695526035
27.11,0.013542430148916
27.12,0.0135039868641669
27.13,0.0134658380089374
27.14,0.0134279819039747
27.15,0.0133904168836178
27.16,0.0133531412903305
27.17,0.0133161534748219
27.1799999999999,0.0132794517961656
27.19,0.0132430346219201
27.2,0.0132069003282491
27.21,0.0131710473000407
27.22,0.0131354739310275
27.23,0.0131001786239074
27.24,0.0130651596676382
27.25,0.0130304154723273
27.26,0.0129959445214982
27.27,0.0129617452420015
27.28,0.0129278160691392
27.29,0.0128941554467437
27.3,0.0128607618272562
27.3099999999999,0.012827633671805
27.32,0.0127947694502846
27.33,0.0127621676414344
27.34,0.0127298267329166
27.35,0.0126977452213952
27.36,0.0126659215294349
27.37,0.0126343541119945
27.38,0.0126030415638238
27.39,0.0125719824066309
27.4,0.0125411751704982
27.41,0.0125106183939227
27.42,0.0124803106238569
27.4299999999999,0.0124502504157492
27.44,0.0124204363335837
27.45,0.0123908669499221
27.46,0.0123615408459426
27.47,0.0123324566114812
27.48,0.0123036128542713
27.49,0.0122750081996895
27.5,0.0122466412484384
27.51,0.0122185106273469
27.52,0.0121906149722758
27.53,0.0121629529281638
27.54,0.012135523149075
27.55,0.0121083242982455
27.5599999999999,0.0120813550481304
27.57,0.0120546140804506
27.58,0.0120281000862406
27.59,0.0120018117658937
27.6,0.011975747810829
27.61,0.0119499068430775
27.62,0.011924287671862
27.63,0.0118988890309096
27.64,0.011873709663223
27.65,0.0118487483211182
27.66,0.0118240037662615
27.67,0.011799474769707
27.6799999999999,0.0117751601119339
27.69,0.011751058582884
27.7,0.0117271689819993
27.71,0.0117034901182585
27.72,0.0116800208102151
27.73,0.0116567598860349
27.74,0.0116337061835327
27.75,0.0116108585502098
27.76,0.0115882156426022
27.77,0.0115657762981309
27.78,0.0115435395160224
27.79,0.0115215041691777
27.8,0.0114996691394304
27.8099999999999,0.0114780333175561
27.82,0.0114565956032818
27.83,0.011435354905296
27.84,0.0114143101412574
27.85,0.0113934602378047
27.86,0.0113728041305665
27.87,0.0113523407641699
27.88,0.0113320690922509
27.89,0.0113119880774632
27.9,0.0112920966914882
27.91,0.0112723939150439
27.92,0.0112528784904748
27.9299999999999,0.0112335495893203
27.94,0.011214406217044
27.95,0.0111954473810067
27.96,0.0111766720970054
27.97,0.0111580793892632
27.98,0.0111396682904208
27.99,0.0111214378415261
28,0.0111033870920252
28.01,0.0110855150997527
28.02,0.0110678209309223
28.03,0.0110503036601171
28.04,0.0110329623702807
28.05,0.0110157961527068
28.0599999999999,0.0109988041070305
28.07,0.0109819852864733
28.08,0.0109653387438928
28.09,0.0109488636778666
28.1,0.0109325592156143
28.11,0.010916424492257
28.12,0.0109004586507952
28.13,0.0108846608420881
28.14,0.0108690302248326
28.15,0.0108535659655414
28.16,0.0108382672385226
28.17,0.010823133225858
28.1799999999999,0.010808163117382
28.19,0.0107933561106605
28.2,0.0107787114109698
28.21,0.0107642282312753
28.22,0.0107499057922099
28.23,0.0107357432029726
28.24,0.0107217397487745
28.25,0.0107078946967676
28.26,0.0106942072922432
28.27,0.0106806767876602
28.28,0.0106673024426118
28.29,0.0106540835237933
28.3,0.0106410193049687
28.3099999999999,0.0106281090669381
28.32,0.010615352097505
28.33,0.0106027476914435
28.34,0.0105902951504654
28.35,0.0105779937831873
28.36,0.0105658429050979
28.37,0.0105538418385254
28.38,0.0105419898926508
28.39,0.0105302863196332
28.4,0.0105187305335084
28.41,0.0105073218794327
28.42,0.0104960597089456
28.4299999999999,0.0104849433799278
28.44,0.0104739722565601
28.45,0.0104631457092816
28.46,0.0104524631147482
28.47,0.0104419238557908
28.48,0.0104315273213743
28.49,0.0104212729065553
28.5,0.0104111600124411
28.51,0.010401188046148
28.52,0.0103913564207596
28.53,0.0103816645552854
28.54,0.010372111797085
28.55,0.0103626975730385
28.5599999999999,0.0103534213614409
28.57,0.0103442825995535
28.58,0.0103352807300106
28.59,0.010326415200768
28.6,0.0103176854650506
28.61,0.0103090909813015
28.62,0.0103006312131296
28.63,0.0102923056292578
28.64,0.0102841137034716
28.65,0.0102760549145672
28.66,0.0102681287462997
28.67,0.010260334687331
28.6799999999999,0.0102526722311788
28.69,0.0102451408761638
28.7,0.0102377399917622
28.71,0.0102304691835284
28.72,0.0102233279592585
28.73,0.0102163158309442
28.74,0.0102094323147825
28.75,0.0102026769311143
28.76,0.010196049204363
28.77,0.0101895486629722
28.78,0.0101831748393445
28.79,0.0101769272697799
28.8,0.0101708054944135
28.8099999999999,0.0101648090571543
28.82,0.0101589375056235
28.83,0.0101531903910926
28.84,0.0101475672684217
28.85,0.0101420676666207
28.86,0.0101366911198023
28.87,0.0101314372283042
28.88,0.0101263055578951
28.89,0.0101212956774285
28.9,0.0101164071587758
28.91,0.010111639576758
28.92,0.010106992509079
28.9299999999999,0.0101024655362575
28.94,0.0100980582415599
28.95,0.0100937702109325
28.96,0.010089601032934
28.97,0.0100855502986684
28.98,0.0100816176017171
28.99,0.0100778025380715
29,0.0100741047060653
29.01,0.0100705236784508
29.02,0.0100670590685307
29.03,0.0100637104847094
29.04,0.0100604775317975
29.05,0.0100573598164193
29.0599999999999,0.0100543569469389
29.07,0.010051468533385
29.08,0.0100486941873768
29.09,0.0100460335220493
29.1,0.0100434861519782
29.11,0.0100410516931063
29.12,0.0100387297626677
29.13,0.0100365199578422
29.14,0.0100344219039508
29.15,0.0100324352257847
29.16,0.0100305595431738
29.17,0.0100287944767095
29.1799999999999,0.010027139647664
29.19,0.0100255946779101
29.2,0.0100241591898407
29.21,0.010022832806288
29.22,0.0100216151504435
29.23,0.0100205058457771
29.24,0.0100195045159573
29.25,0.0100186107687275
29.26,0.0100178242302397
29.27,0.0100171445286915
29.28,0.0100165712862467
29.29,0.010016104124736
29.3,0.0100157426655714
29.3099999999999,0.010015486529661
29.32,0.0100153353373242
29.33,0.0100152887082056
29.34,0.0100153462611907
29.35,0.0100155076143197
29.36,0.0100157723847028
29.37,0.0100161402083702
29.38,0.0100166107027612
29.39,0.0100171834758183
29.4,0.0100178581433846
29.41,0.0100186343203015
29.42,0.01001951162034
29.4299999999999,0.0100204896561319
29.44,0.0100215680391008
29.45,0.0100227463793933
29.46,0.0100240242787486
29.47,0.0100254012858205
29.48,0.0100268770411382
29.49,0.0100284511425203
29.5,0.0100301231854397
29.51,0.0100318927629212
29.52,0.0100337594654381
29.53,0.0100357228808089
29.54,0.0100377825940949
29.55,0.0100399381874963
29.5599999999999,0.0100421892260116
29.57,0.0100445352819829
29.58,0.0100469759337727
29.59,0.0100495107485547
29.6,0.0100521392898515
29.61,0.0100548611174189
29.62,0.0100576757871301
29.63,0.0100605828508596
29.64,0.0100635818563679
29.65,0.0100666723509788
29.66,0.0100698539313555
29.67,0.0100731261055281
29.6799999999999,0.0100764884125356
29.69,0.0100799403879243
29.7,0.0100834815636999
29.71,0.0100871114682806
29.72,0.0100908296264499
29.73,0.0100946355551852
29.74,0.0100985287645625
29.75,0.0101025087718478
29.76,0.0101065750848817
29.77,0.0101107272073793
29.78,0.0101149646388679
29.79,0.0101192868746263
29.8,0.0101236934056227
29.8099999999999,0.0101281836581325
29.82,0.010132757101586
29.83,0.0101374132239713
29.84,0.0101421514832265
29.85,0.0101469713307089
29.86,0.0101518722110251
29.87,0.0101568535618602
29.88,0.0101619148138086
29.89,0.0101670554200534
29.9,0.0101722747846909
29.91,0.010177572319324
29.92,0.0101829474294967
29.9299999999999,0.0101883995134474
29.94,0.0101939279619728
29.95,0.0101995321582927
29.96,0.0102052115003086
29.97,0.0102109654345639
29.98,0.0102167932827506
29.99,0.0102226944124089
30,0.0102286681849547
30.01,0.0102347139556644
30.02,0.0102408310736601
30.03,0.0102470188818948
30.04,0.0102532766810568
30.05,0.0102596037778892
30.0599999999999,0.0102659995104143
30.07,0.0102724631854345
30.08,0.0102789941020303
30.09,0.010285591551464
30.1,0.010292254817082
30.11,0.0102989831742174
30.12,0.0103057758241142
30.13,0.0103126320384685
30.14,0.010319551066938
30.15,0.0103265321389068
30.16,0.0103335744736075
30.17,0.0103406772799337
30.1799999999999,0.0103478397562523
30.19,0.0103550610984108
30.2,0.0103623405549347
30.21,0.010369677257875
30.22,0.0103770703734773
30.23,0.0103845190581166
30.24,0.0103920224582012
30.25,0.0103995797100752
30.26,0.010407189939922
30.27,0.010414852292167
30.28,0.0104225659115266
30.29,0.0104303298729546
30.3,0.0104381432728003
30.3099999999999,0.010446005198318
30.32,0.0104539147276579
30.33,0.010461870929856
30.34,0.0104698728648241
30.35,0.0104779194522235
30.36,0.0104860097360718
30.37,0.0104941427745538
30.38,0.010502317572597
30.39,0.0105105331246982
30.4,0.0105187884149236
30.41,0.0105270824169083
30.42,0.0105354140938055
30.4299999999999,0.0105437822960219
30.44,0.0105521860096601
30.45,0.0105606241525948
30.46,0.0105690956309705
30.47,0.0105775993392014
30.48,0.0105861341599714
30.49,0.0105946989929617
30.5,0.010603292694797
30.51,0.010611914112658
30.52,0.0106205620878858
30.53,0.010629235450572
30.54,0.0106379330195587
30.55,0.0106466535398274
30.5599999999999,0.0106553957782356
30.57,0.0106641585358361
30.58,0.0106729405696121
30.59,0.0106817406238184
30.6,0.0106905574299816
30.61,0.0106993896822722
30.62,0.0107082360474897
30.63,0.0107170952371853
30.64,0.0107259659215948
30.65,0.0107348467572988
30.66,0.010743736387223
30.67,0.0107526334433689
30.6799999999999,0.010761536555023
30.69,0.0107704443181321
30.7,0.0107793553234232
30.71,0.0107882681481888
30.72,0.0107971813562864
30.73,0.0108060934981385
30.74,0.0108150030802074
30.75,0.0108239086389033
30.76,0.0108328086802456
30.77,0.0108417016963226
30.78,0.0108505861653981
30.79,0.0108594605519116
30.8,0.010868323239248
30.8099999999999,0.0108771726732547
30.82,0.0108860072801335
30.83,0.0108948254579873
30.84,0.010903625590208
30.85,0.0109124060454773
30.86,0.0109211651767472
30.87,0.010929901261455
30.88,0.0109386126536058
30.89,0.0109472976556848
30.9,0.010955954554837
30.91,0.010964581622867
30.92,0.0109731771162394
30.9299999999999,0.0109817392705714
30.94,0.0109902662924561
30.95,0.0109987564021068
30.96,0.0110072077914295
30.97,0.0110156186367214
30.98,0.0110239870986709
30.99,0.0110323113223576
31,0.0110405894255049
31.01,0.011048819510502
31.02,0.0110569996824202
31.03,0.0110651280204842
31.04,0.0110732025880282
31.05,0.0110812214324958
31.0599999999999,0.0110891825854399
31.07,0.011097084043434
31.08,0.0111049238045808
31.09,0.0111126998557193
31.1,0.0111204101612249
31.11,0.0111280526692899
31.12,0.0111356253119233
31.13,0.0111431260049513
31.14,0.0111505526372923
31.15,0.0111579030963706
31.16,0.0111651752487625
31.17,0.0111723669440847
31.1799999999999,0.0111794760156532
31.19,0.0111865002804836
31.2,0.0111934375401009
31.21,0.0112002855843699
31.22,0.0112070421787202
31.23,0.0112137050757403
31.24,0.0112202720117837
31.25,0.0112267407069692
31.26,0.0112331088651808
31.27,0.011239374180946
31.28,0.0112455343370985
31.29,0.0112515869825842
31.3,0.0112575297588912
31.3099999999999,0.0112633602914841
31.32,0.0112690761898038
31.33,0.0112746750472675
31.34,0.0112801544643752
31.35,0.0112855120112371
31.36,0.0112907452263974
31.37,0.0112958516443209
31.38,0.0113008287838681
31.39,0.0113056741482951
31.4,0.0113103852252536
31.41,0.0113149595421943
31.42,0.0113193945439938
31.4299999999999,0.0113236876708021
31.44,0.0113278363564872
31.45,0.0113318380200039
31.46,0.0113356900653938
31.47,0.0113393898845048
31.48,0.0113429349108546
31.49,0.0113463224823486
31.5,0.0113495499540509
31.51,0.011352614667195
31.52,0.0113555139491833
31.53,0.011358245131747
31.54,0.0113608055311612
31.55,0.0113631924278227
31.5599999999999,0.0113654031009892
31.57,0.0113674348167824
31.58,0.0113692848281882
31.59,0.0113709505273972
31.6,0.0113724290895822
31.61,0.011373717752784
31.62,0.0113748137464273
31.63,0.0113757142894871
31.64,0.0113764166404021
31.65,0.0113769180645672
31.66,0.0113772157264423
31.67,0.0113773068265831
31.6799999999999,0.0113771885573759
31.69,0.0113768581030378
31.7,0.0113763126086109
31.71,0.0113755492488761
31.72,0.0113745651799214
31.73,0.0113733575468103
31.74,0.0113719234858331
31.75,0.011370260141557
31.76,0.0113683646661552
31.77,0.0113662341578745
31.78,0.0113638657276438
31.79,0.011361256478575
31.8,0.0113584035059622
31.8099999999999,0.0113553042024165
31.82,0.0113519556211327
31.83,0.0113483548539969
31.84,0.0113444990354881
31.85,0.011340385298889
31.86,0.0113360108404259
31.87,0.0113313729930055
31.88,0.0113264688493299
31.89,0.0113212956161025
31.9,0.0113158505127856
31.91,0.0113101307726482
31.92,0.0113041334589488
31.9299999999999,0.0112978556664291
31.94,0.0112912946933107
31.95,0.0112844477316399
31.96,0.0112773119745534
31.97,0.0112698846160481
31.98,0.011262162929671
31.99,0.0112541441184285
32,0.0112458253884336
32.01,0.0112372039649097
32.02,0.0112282770777332
32.03,0.011219041987015
32.04,0.01120949680273
32.05,0.0111996385332521
32.0599999999999,0.0111894646525262
32.07,0.0111789726792172
32.08,0.0111681601797407
32.09,0.0111570246729335
32.1,0.0111455634648832
32.11,0.0111337742919297
32.12,0.0111216547619662
32.13,0.0111092025088643
32.14,0.0110964149751626
32.15,0.0110832896651515
32.16,0.0110698242637369
32.17,0.0110560163772156
32.1799999999999,0.0110418638406937
32.19,0.0110273645563607
32.2,0.0110125161734544
32.21,0.0109973164984057
32.22,0.0109817635949914
32.23,0.0109658557515801
32.24,0.0109495908553711
32.25,0.0109329670368337
32.26,0.0109159824614259
32.27,0.0108986353143793
32.28,0.0108809238951337
32.29,0.0108628465313088
32.3,0.0108444015748397
32.3099999999999,0.0108255873386596
32.32,0.0108064023182806
32.33,0.010786845005362
32.34,0.0107669139843175
32.35,0.0107466081808161
32.36,0.0107259261861117
32.37,0.010704866794455
32.38,0.010683428886563
32.39,0.0106616117936806
32.4,0.010639414399697
32.41,0.0106168358508324
32.42,0.0105938753672833
32.4299999999999,0.0105705324002505
32.44,0.0105468065314944
32.45,0.0105226971771613
32.46,0.0104982039527699
32.47,0.0104733265590109
32.48,0.0104480649294394
32.49,0.0104224189302703
32.5,0.0103963885449625
32.51,0.0103699738610357
32.52,0.0103431751460456
32.53,0.0103159929858263
32.54,0.0102884276760976
32.55,0.0102604797679701
32.5599999999999,0.0102321499145675
32.57,0.010203439269396
32.58,0.0101743488738933
32.59,0.0101448797101347
32.6,0.010115033008593
32.61,0.0100848101487977
32.62,0.0100542130774307
32.63,0.0100232432782465
32.64,0.00999190258598761
32.65,0.00996019297040133
32.66,0.00992811664711696
32.67,0.00989567603906284
32.6799999999999,0.00986287355012485
32.69,0.00982971181906625
32.7,0.00979619364654424
32.71,0.00976232202649491
32.72,0.00972810012570525
32.73,0.00969353124722094
32.74,0.00965861888702467
32.75,0.00962336671936532
32.76,0.00958777873933827
32.77,0.00955185912452832
32.78,0.00951561211818874
32.79,0.00947904224155642
32.8,0.00944215422799934
32.8099999999999,0.00940495296335163
32.82,0.00936744356711575
32.83,0.00932963142484841
32.84,0.00929152211701235
32.85,0.00925312144944377
32.86,0.00921443520051665
32.87,0.00917546947544863
32.88,0.00913623072971291
32.89,0.00909672554118522
32.9,0.00905696070019654
32.91,0.00901694328668026
32.92,0.00897668055645793
32.9299999999999,0.00893617996058352
32.94,0.00889544919667737
32.95,0.00885449618927092
32.96,0.00881332952891103
32.97,0.00877195775660204
32.98,0.00873038959224494
32.99,0.00868863413153272
33,0.00864670075203401
33.01,0.00860459825186916
33.02,0.00856233637626908
33.03,0.0085199251586117
33.04,0.00847737470450838
33.05,0.00843469534447694
33.0599999999999,0.00839189778653111
33.07,0.0083489928294791
33.08,0.00830599151382864
33.09,0.00826290513360655
33.1,0.00821974521586401
33.11,0.00817652319394612
33.12,0.00813325104406263
33.13,0.00808994089662356
33.14,0.00804660505891887
33.15,0.00800325604308399
33.16,0.00795990655554825
33.17,0.00791656951166042
33.1799999999999,0.00787325802205353
33.19,0.00782998539213527
33.2,0.00778676512025287
33.21,0.00774361033314852
33.22,0.00770053496891728
33.23,0.00765755291055828
33.24,0.00761467817308364
33.25,0.00757192490565334
33.26,0.00752930679325394
33.27,0.00748683834611683
33.28,0.00744453390102994
33.29,0.00740240787104946
33.3,0.00736047472633773
33.3099999999999,0.0073187487544415
33.32,0.00727724458066107
33.33,0.00723597674612159
33.34,0.0071949598058371
33.35,0.00715420829704865
33.36,0.00711373649323191
33.37,0.00707355896711864
33.38,0.00703369012416547
33.39,0.00699414431143204
33.4,0.00695493574676605
33.41,0.00691607811901013
33.42,0.00687758559225088
33.4299999999999,0.00683947196734484
33.44,0.00680175088818996
33.45,0.00676443576682937
33.46,0.00672753951697856
33.47,0.00669107526315059
33.48,0.00665505572124876
33.49,0.00661949334476216
33.5,0.00658440044584568
33.51,0.00654978955609262
33.52,0.00651567216861558
33.53,0.00648205978593877
33.54,0.00644896361394386
33.55,0.00641639439546598
33.5599999999999,0.00638436213431306
33.57,0.00635287711619176
33.58,0.00632194897514912
33.59,0.00629158693299751
33.6,0.00626179997584122
33.61,0.00623259702689872
33.62,0.0062039859286731
33.63,0.00617597435480027
33.64,0.0061485695335563
33.65,0.00612177842609252
33.66,0.0060956078800978
33.67,0.00607006381679525
33.6799999999999,0.00604515193209759
33.69,0.00602087743047462
33.7,0.00599724496164756
33.71,0.00597425890240406
33.72,0.00595192309616837
33.73,0.00593024101553883
33.74,0.00590921583891225
33.75,0.00588885002798942
33.76,0.00586914569191257
33.77,0.0058501047155168
33.78,0.00583172894500237
33.79,0.00581401924087307
33.8,0.00579697632169821
33.8099999999999,0.0057806005551772
33.82,0.00576489197544741
33.83,0.00574985023775562
33.84,0.00573547467246952
33.85,0.00572176418946544
33.86,0.00570871721535883
33.87,0.00569633206290183
33.88,0.00568460661277685
33.89,0.00567353854878176
33.9,0.0056631254703275
33.91,0.00565336432770303
33.92,0.00564425193834714
33.9299999999999,0.00563578509670077
33.94,0.00562796072635708
33.95,0.00562077496729603
33.96,0.00561422404359244
33.97,0.00560830398180885
33.98,0.00560300987788052
33.99,0.00559833741756432
34,0.00559428180259217
34.01,0.00559083828630669
34.02,0.0055880020347178
34.03,0.00558576781136493
34.04,0.00558413038516634
34.05,0.00558308505443
34.0599999999999,0.00558262648640327
34.07,0.00558274955953269
34.08,0.00558344870375249
34.09,0.00558471796799872
34.1,0.0055865519926018
34.11,0.00558894506308206
34.12,0.00559189186913133
34.13,0.00559538663632387
34.14,0.00559942370086351
34.15,0.00560399730314306
34.16,0.00560910153831366
34.17,0.00561473068571801
34.1799999999999,0.00562087892859108
34.19,0.00562754078172556
34.2,0.00563471053480758
34.21,0.00564238256576194
34.22,0.00565055123305766
34.23,0.00565921073669306
34.24,0.00566835560784054
34.25,0.00567798031327221
34.26,0.00568807931811322
34.27,0.00569864714871676
34.28,0.0057096783940702
34.29,0.00572116768278031
34.3,0.00573310969923249
34.3099999999999,0.00574549918272255
34.32,0.00575833093441338
34.33,0.0057715997906467
34.34,0.00578530062245982
34.35,0.00579942841206479
34.36,0.00581397818607214
34.37,0.00582894506710969
34.38,0.00584432423079277
34.39,0.00586011092704478
34.4,0.00587630047117217
34.41,0.00589288815840212
34.42,0.00590986946203147
34.4299999999999,0.00592723988764047
34.44,0.00594499501444194
34.45,0.00596313049412503
34.46,0.00598164204718509
34.47,0.0060005254692054
34.48,0.00601977664363056
34.49,0.00603939151868999
34.5,0.00605936612339037
34.51,0.00607969656064198
34.52,0.0061003789558703
34.53,0.00612140957097882
34.54,0.0061427847209667
34.55,0.00616450078846648
34.5599999999999,0.00618655421435063
34.57,0.00620894153151817
34.58,0.00623165933657322
34.59,0.00625470430786204
34.6,0.00627807320062082
34.61,0.00630176283042205
34.62,0.00632577009184524
34.63,0.00635009193929789
34.64,0.00637472540494855
34.65,0.00639966759671898
34.66,0.00642491569073709
34.67,0.00645046690236292
34.6799999999999,0.00647631854263712
34.69,0.00650246798247639
34.7,0.00652891265821671
34.71,0.00655565008253334
34.72,0.00658267782142412
34.73,0.00660999351024254
34.74,0.00663759484913131
34.75,0.00666547960261588
34.76,0.00669364559869675
34.77,0.00672209072871742
34.78,0.00675081294671338
34.79,0.00677981024056437
34.8,0.00680908068945236
34.8099999999999,0.00683862242054747
34.82,0.00686843361902756
34.83,0.0068985125207988
34.84,0.00692885741992702
34.85,0.00695946666864123
34.86,0.00699033867111787
34.87,0.00702147188626203
34.88,0.00705286482940551
34.89,0.00708451606327014
34.9,0.0071164242038925
34.91,0.00714858789945375
34.92,0.00718100585513936
34.9299999999999,0.00721367682462657
34.94,0.00724659960438517
34.95,0.00727977303922438
34.96,0.00731319601124655
34.97,0.00734686744628187
34.98,0.00738078632740141
34.99,0.00741495167596584
35,0.0074493625486379
35.01,0.00748401804553283
35.02,0.00751891728821742
35.03,0.00755405945628626
35.04,0.00758944375920754
35.05,0.00762506943044159
35.0599999999999,0.00766093573473231
35.07,0.00769704197632938
35.08,0.00773338748540119
35.09,0.00776997164592423
35.1,0.00780679384558837
35.11,0.00784385350919764
35.12,0.00788115009493697
35.13,0.0079186830908894
35.14,0.00795645200542053
35.15,0.00799445637647765
35.16,0.00803269575985472
35.17,0.00807116973084119
35.1799999999999,0.00810987789850574
35.19,0.00814881988838497
35.2,0.00818799534455503
35.21,0.00822740392884545
35.22,0.00826704532366168
35.23,0.00830691922700007
35.24,0.00834702535541923
35.25,0.00838736344319166
35.26,0.00842793323363517
35.27,0.00846873448562761
35.28,0.00850976698263596
35.29,0.0085510305353116
35.3,0.00859252494337537
35.3099999999999,0.00863425003019295
35.32,0.00867620562163623
35.33,0.00871839153970955
35.34,0.00876080764046568
35.35,0.00880345377796824
35.36,0.00884632981721577
35.37,0.0088894356366319
35.38,0.00893277111003307
35.39,0.00897633612102672
35.4,0.00902013056292834
35.41,0.00906415434154378
35.42,0.00910840735233623
35.4299999999999,0.00915288950048829
35.44,0.00919760069432079
35.45,0.00924254085093678
35.46,0.00928770989230665
35.47,0.00933310773278027
35.48,0.00937873429268461
35.49,0.009424589493382
35.5,0.00947067325909572
35.51,0.0095169855134548
35.52,0.00956352617803322
35.53,0.00961029517446019
35.54,0.0096572924229361
35.55,0.00970451784856592
35.5599999999999,0.00975197136943236
35.57,0.00979965290006129
35.58,0.00984756235353569
35.59,0.00989569963959212
35.6,0.00994406467724822
35.61,0.00999265736852677
35.62,0.0100414776143928
35.63,0.0100905253126141
35.64,0.0101398003566337
35.65,0.0101893026439521
35.66,0.0102390320562454
35.67,0.0102889884740057
35.6799999999999,0.0103391717723023
35.69,0.0103895818210179
35.7,0.01044021848728
35.71,0.0104910816275423
35.72,0.0105421710935048
35.73,0.0105934867301348
35.74,0.0106450283772766
35.75,0.0106967958715524
35.76,0.0107487890356351
35.77,0.010801007687476
35.78,0.010853451637376
35.79,0.010906120691467
35.8,0.0109590146503076
35.8099999999999,0.0110121332999451
35.82,0.0110654764213863
35.83,0.0111190437874774
35.84,0.0111728351650799
35.85,0.0112268503123042
35.86,0.0112810889767887
35.87,0.0113355508986419
35.88,0.01139023580921
35.89,0.0114451434320353
35.9,0.0115002734809294
35.91,0.0115556256602619
35.92,0.0116111996653847
35.9299999999999,0.0116669951822067
35.94,0.0117230118924686
35.95,0.011779249463227
35.96,0.0118357075528009
35.97,0.0118923858104647
35.98,0.0119492838758204
35.99,0.0120064013857102
36,0.0120637379588446
36.01,0.0121212932073678
36.02,0.0121790667337475
36.03,0.0122370581306943
36.04,0.012295266980901
36.05,0.012353692857403
36.0599999999999,0.0124123353231691
36.07,0.012471193931117
36.08,0.0125302682240342
36.09,0.0125895577344571
36.1,0.0126490619847177
36.11,0.0127087804867731
36.12,0.0127687127421591
36.13,0.0128288582429287
36.14,0.0128892164779204
36.15,0.0129497869159029
36.16,0.013010569019181
36.17,0.0130715622399028
36.1799999999999,0.0131327660208023
36.19,0.0131941797981386
36.2,0.0132558029929558
36.21,0.013317635018372
36.22,0.0133796752776004
36.23,0.0134419231613656
36.24,0.0135043780416488
36.25,0.0135670392931131
36.26,0.0136299062745493
36.27,0.0136929783339256
36.28,0.0137562548126043
36.29,0.0138197350514257
36.3,0.0138834183642992
36.3099999999999,0.0139473040618952
36.32,0.0140113914450177
36.33,0.0140756798028397
36.34,0.0141401684116347
36.35,0.0142048565431109
36.36,0.0142697434565792
36.37,0.0143348284012035
36.38,0.0144001106172547
36.39,0.0144655893363505
36.4,0.0145312637771143
36.41,0.0145971331495553
36.42,0.014663196653809
36.4299999999999,0.014729453478864
36.44,0.0147959028033706
36.45,0.0148625437985579
36.46,0.0149293756245612
36.47,0.0149963974316402
36.48,0.0150636083601925
36.49,0.0151310075407705
36.5,0.0151985941025938
36.51,0.0152663671547573
36.52,0.0153343257995295
36.53,0.0154024691303624
36.54,0.0154707962312469
36.55,0.0155393061767477
36.5599999999999,0.0156079980323051
36.57,0.0156768708542691
36.58,0.0157459236889479
36.59,0.0158151555737219
36.6,0.0158845655367433
36.61,0.0159541525969705
36.62,0.0160239157642066
36.63,0.0160938540481573
36.64,0.0161639664396834
36.65,0.0162342519221341
36.66,0.0163047094715394
36.67,0.0163753380553196
36.6799999999999,0.0164461366323438
36.69,0.01651710415077
36.7,0.0165882395461185
36.71,0.0166595417541784
36.72,0.0167310096983274
36.73,0.0168026422933978
36.74,0.0168744384457183
36.75,0.0169463970531531
36.76,0.0170185170158538
36.77,0.0170907972156667
36.78,0.0171632365256379
36.79,0.0172358338134516
36.8,0.0173085879390133
36.8099999999999,0.017381497754521
36.82,0.0174545621051866
36.83,0.0175277798308421
36.84,0.0176011497599906
36.85,0.0176746707154424
36.86,0.0177483415127664
36.87,0.0178221609603713
36.88,0.0178961278595815
36.89,0.0179702410092153
36.9,0.0180444991977365
36.91,0.0181189012054335
36.92,0.0181934458075267
36.9299999999999,0.0182681317727543
36.94,0.0183429578634644
36.95,0.0184179228357044
36.96,0.0184930254180495
36.97,0.0185682643613077
36.98,0.0186436383996673
36.99,0.0187191462602224
37,0.0187947866635595
37.01,0.0188705583238089
37.02,0.0189464599562651
37.03,0.0190224902907189
37.04,0.0190986480116392
37.05,0.0191749318151166
37.0599999999999,0.0192513403921354
37.07,0.0193278724286949
37.08,0.019404526605928
37.09,0.0194813015988769
37.1,0.0195581960781659
37.11,0.0196352087114495
37.12,0.0197123381610273
37.13,0.0197895830848512
37.14,0.0198669421366412
37.15,0.0199444139660008
37.16,0.0200219972049173
37.17,0.0200996904957607
37.1799999999999,0.0201774924757415
37.19,0.0202554017754695
37.2,0.0203334170214833
37.21,0.0204115368363352
37.22,0.0204897598398724
37.23,0.0205680846641487
37.24,0.0206465099137351
37.25,0.0207250341995433
37.26,0.0208036561294423
37.27,0.0208823743083755
37.28,0.020961187338478
37.29,0.0210400938223875
37.3,0.0211190923633552
37.3099999999999,0.0211981815534569
37.32,0.0212773599868097
37.33,0.0213566262556105
37.34,0.0214359789502755
37.35,0.0215154166595743
37.36,0.0215949379621446
37.37,0.0216745414412839
37.38,0.0217542256831592
37.39,0.0218339892688864
37.4,0.0219138307782907
37.41,0.021993748790024
37.42,0.0220737418816828
37.4299999999999,0.0221538086297158
37.44,0.0222339476091165
37.45,0.0223141573953998
37.46,0.0223944365629396
37.47,0.0224747836856177
37.48,0.0225551973369384
37.49,0.0226356760901482
37.5,0.0227162185183492
37.51,0.0227968232071795
37.52,0.0228774887281382
37.53,0.0229582136547881
37.54,0.0230389965635528
37.55,0.0231198360316555
37.5599999999999,0.0232007306372549
37.57,0.0232816789595825
37.58,0.0233626795783133
37.59,0.0234437310740473
37.6,0.0235248320306098
37.61,0.0236059810325283
37.62,0.0236871766660388
37.63,0.0237684175192175
37.64,0.0238497021821148
37.65,0.0239310292468899
37.66,0.0240123972971161
37.67,0.0240938049340755
37.6799999999999,0.0241752507555207
37.69,0.0242567333614793
37.7,0.0243382513545061
37.71,0.0244198033398059
37.72,0.0245013879253517
37.73,0.0245830037257924
37.74,0.0246646493571234
37.75,0.0247463234352376
37.76,0.0248280245815961
37.77,0.0249097514211908
37.78,0.024991502582675
37.79,0.0250732766984916
37.8,0.0251550724056738
37.8099999999999,0.0252368883491357
37.82,0.0253187231714612
37.83,0.0254005755223832
37.84,0.0254824440561886
37.85,0.0255643274318535
37.86,0.0256462243131777
37.87,0.0257281333689234
37.88,0.0258100532621008
37.89,0.025891982671672
37.9,0.025973920282807
37.91,0.0260558647829706
37.92,0.0261378148649423
37.9299999999999,0.0262197692269344
37.94,0.0263017265727102
37.95,0.0263836856105468
37.96,0.0264656450486866
37.97,0.0265476036114645
37.98,0.0266295600247504
37.99,0.026711513020382
38,0.0267934613362711
38.01,0.0268754037165115
38.02,0.0269573389114873
38.03,0.0270392656842162
38.04,0.0271211828007868
38.05,0.0272030890294567
38.0599999999999,0.0272849831486776
38.07,0.0273668639439721
38.08,0.0274487302080537
38.09,0.0275305807409509
38.1,0.027612414350041
38.11,0.0276942298450725
38.12,0.0277760260511176
38.13,0.0278578017978884
38.14,0.0279395559229099
38.15,0.0280212872716348
38.16,0.028102994697559
38.17,0.0281846770623368
38.1799999999999,0.0282663332246135
38.19,0.0283479620494966
38.2,0.0284295624304582
38.21,0.0285111332584561
38.22,0.0285926734325846
38.23,0.0286741818601537
38.24,0.0287556574567737
38.25,0.028837099146434
38.26,0.0289185058608696
38.27,0.0289998765412586
38.28,0.029081210137175
38.29,0.0291625056068017
38.3,0.0292437619170895
38.3099999999999,0.0293249780438372
38.32,0.0294061529717723
38.33,0.0294872857007725
38.34,0.0295683752495915
38.35,0.029649420622662
38.36,0.0297304208449279
38.37,0.0298113749511631
38.38,0.0298922819860784
38.39,0.0299731410044307
38.4,0.0300539510711318
38.41,0.0301347112409705
38.42,0.0302154205995402
38.4299999999999,0.0302960782451527
38.44,0.0303766832802879
38.45,0.0304572348176144
38.46,0.0305377319800739
38.47,0.0306181739009621
38.48,0.0306985597240091
38.49,0.0307788885675452
38.5,0.0308591595832475
38.51,0.030939371957163
38.52,0.0310195248666348
38.53,0.0310996174987418
38.54,0.0311796490503218
38.55,0.0312596187279945
38.5599999999999,0.0313395257481849
38.57,0.0314193693496794
38.58,0.0314991487802195
38.59,0.0315788632786708
38.6,0.0316585121049176
38.61,0.0317380945292644
38.62,0.0318176098324886
38.63,0.0318970573058891
38.64,0.031976436251336
38.65,0.03205574600182
38.66,0.0321349859192512
38.67,0.0322141553162552
38.6799999999999,0.0322932535465236
38.69,0.0323722799757093
38.7,0.0324512339815358
38.71,0.0325301149539111
38.72,0.0326089222950373
38.73,0.0326876553999012
38.74,0.032766313618761
38.75,0.0328448964311065
38.76,0.0329234032757557
38.77,0.0330018336026365
38.78,0.0330801868728042
38.79,0.0331584625584583
38.8,0.0332366601429592
38.8099999999999,0.0333147791094859
38.82,0.0333928188386703
38.83,0.0334707789097184
38.84,0.0335486588326949
38.85,0.0336264581265857
38.86,0.0337041763191868
38.87,0.0337818129469973
38.88,0.0338593675551079
38.89,0.0339368396970915
38.9,0.0340142291714332
38.91,0.0340915354411122
38.92,0.0341687581105169
38.9299999999999,0.0342458968008414
38.94,0.0343229511454217
38.95,0.0343999207898439
38.96,0.0344768053920552
38.97,0.0345536046224723
38.98,0.0346303182564953
38.99,0.0347069459660406
39,0.0347834874608223
39.01,0.0348599424780594
39.02,0.0349363107699176
39.03,0.0350125921037191
39.04,0.0350887862621529
39.05,0.0351648930434853
39.0599999999999,0.0352409118690256
39.07,0.035316842566414
39.08,0.0353926850274853
39.09,0.0354684390347488
39.1,0.0355441043774824
39.11,0.0356196808514217
39.12,0.0356951682584537
39.13,0.0357705664063052
39.14,0.0358458751800365
39.15,0.035921094437742
39.16,0.0359962239918447
39.17,0.0360712636984898
39.1799999999999,0.0361462134223131
39.19,0.036221073036398
39.2,0.0362958424284853
39.21,0.0363705219154564
39.22,0.0364451112392741
39.23,0.036519610389678
39.24,0.036594019377672
39.25,0.0366683382363386
39.26,0.0367425670216543
39.27,0.0368167056122164
39.28,0.0368907538368186
39.29,0.0369647119166115
39.3,0.0370385798974117
39.3099999999999,0.0371123578354115
39.32,0.0371860457969312
39.33,0.0372596438581685
39.34,0.0373331517869723
39.35,0.03740656972436
39.36,0.0374798977406415
39.37,0.0375531358657549
39.38,0.0376262841261149
39.39,0.0376993425436053
39.4,0.0377723113203459
39.41,0.0378451910434215
39.42,0.03791798150768
39.4299999999999,0.0379906828601359
39.44,0.038063295258838
39.45,0.0381358188728676
39.46,0.0382082540342906
39.47,0.0382806009936483
39.48,0.0383528599334181
39.49,0.0384250311124967
39.5,0.0384971148051238
39.51,0.038569111299656
39.52,0.0386410206207866
39.53,0.0387128431931183
39.54,0.0387845793061074
39.55,0.0388562292599205
39.5599999999999,0.0389277933654345
39.57,0.0389992718223695
39.58,0.0390706647215934
39.59,0.0391419724950181
39.6,0.0392131954284633
39.61,0.0392843338118818
39.62,0.0393553879393614
39.63,0.0394263583172726
39.64,0.0394972452767821
39.65,0.039568049117432
39.66,0.0396387702040517
39.67,0.0397094089106764
39.6799999999999,0.0397799656434729
39.69,0.0398504410933297
39.7,0.0399208355507819
39.71,0.0399911494807895
39.72,0.0400613833629023
39.73,0.0401315376912584
39.74,0.0402016128640848
39.75,0.0402716092695674
39.76,0.0403415275026453
39.77,0.0404113680716069
39.78,0.0404811314952536
39.79,0.0405508183028993
39.8,0.040620428840483
39.8099999999999,0.0406899635017569
39.82,0.0407594229149408
39.83,0.0408288075856761
39.84,0.040898118024098
39.85,0.0409673547448346
39.86,0.041036518369836
39.87,0.0411056094734985
39.88,0.0411746285613432
39.89,0.0412435761960966
39.9,0.041312452947719
39.91,0.0413812593934043
39.92,0.0414499964434472
39.9299999999999,0.0415186647704143
39.94,0.0415872649343496
39.95,0.0416557976251824
39.96,0.0417242635476505
39.97,0.0417926634212986
39.98,0.0418609977485008
39.99,0.0419292672666474
40,0.0419974727485542
40.01,0.0420656149199901
40.02,0.0421336945167726
40.03,0.0422017122847681
40.04,0.042269668573059
40.05,0.0423375641930594
40.0599999999999,0.0424053999090705
40.07,0.0424731764237423
40.08,0.0425408944423339
40.09,0.0426085546727161
40.1,0.0426761581104286
40.11,0.042743705390113
40.12,0.0428111972475042
40.13,0.0428786344493264
40.14,0.0429460177690531
40.15,0.0430133479869074
40.16,0.0430806262194903
40.17,0.0431478533090196
40.1799999999999,0.0432150300183748
40.19,0.0432821572292778
40.2,0.0433492358366787
40.21,0.0434162667487577
40.22,0.0434832507555083
40.23,0.0435501886734482
40.24,0.0436170815081713
40.25,0.0436839301777657
40.26,0.0437507356097423
40.27,0.0438174987410351
40.28,0.0438842203937113
40.29,0.0439509011973809
40.3,0.0440175422639917
40.3099999999999,0.044084144498324
40.32,0.0441507088082895
40.33,0.0442172361049299
40.34,0.0442837273251619
40.35,0.0443501836321524
40.36,0.0444166058398472
40.37,0.0444829949100805
40.38,0.0445493518113269
40.39,0.0446156775187021
40.4,0.0446819730139625
40.41,0.0447482396993428
40.42,0.0448144784501002
40.4299999999999,0.044880690299584
40.44,0.0449468763256206
40.45,0.0450130376186148
40.46,0.0450791752815515
40.47,0.0451452902285125
40.48,0.0452113835689303
40.49,0.0452774564686046
40.5,0.0453435100397508
40.51,0.0454095454037195
40.52,0.0454755636909968
40.53,0.0455415659429365
40.54,0.0456075529166696
40.55,0.0456735259558462
40.5599999999999,0.0457394861595851
40.57,0.0458054346302096
40.58,0.0458713724732458
40.59,0.045937300797425
40.6,0.0460032209035984
40.61,0.0460691339061088
40.62,0.0461350409081931
40.63,0.0462009430676637
40.64,0.0462668415485675
40.65,0.046332737521185
40.66,0.0463986322593452
40.67,0.0464645272523945
40.6799999999999,0.0465304235420979
40.69,0.0465963223807078
40.7,0.0466622250316743
40.71,0.0467281327696473
40.72,0.0467940468804755
40.73,0.0468599685071792
40.74,0.0469258989721386
40.75,0.0469918396009235
40.76,0.0470577916962658
40.77,0.0471237565697715
40.78,0.0471897355419207
40.79,0.0472557298069837
40.8,0.0473217403617172
40.8099999999999,0.0473877687195082
40.82,0.0474538161677294
40.83,0.0475198839966754
40.84,0.0475859734995644
40.85,0.0476520859725375
40.86,0.0477182228406272
40.87,0.0477843853842605
40.88,0.0478505749079344
40.89,0.0479167927410822
40.9,0.0479830402178532
40.91,0.0480493186771126
40.92,0.0481156295598654
40.9299999999999,0.0481819744380513
40.94,0.0482483545924261
40.95,0.0483147714451589
40.96,0.04838122642965
40.97,0.0484477209905301
40.98,0.0485142565863733
40.99,0.0485808346834189
41,0.0486474567604481
41.01,0.0487141243075634
41.02,0.0487808388261498
41.03,0.0488476014991348
41.04,0.0489144136754548
41.05,0.0489812769332025
41.0599999999999,0.0490481927037671
41.07,0.0491151624184928
41.08,0.0491821874304056
41.09,0.0492492688744608
41.1,0.0493164082800036
41.11,0.0493836070056145
41.12,0.0494508664024221
41.13,0.0495181878141017
41.14,0.0495855734874385
41.15,0.0496530246036309
41.16,0.0497205425886796
41.17,0.0497881289649103
41.1799999999999,0.0498557852671752
41.19,0.0499235130096679
41.2,0.0499913137212496
41.21,0.0500591889833527
41.22,0.0501271403669891
41.23,0.0501951694543107
41.24,0.0502632777222134
41.25,0.0503314659557447
41.26,0.0503997360461701
41.27,0.0504680894444649
41.28,0.0505365275946367
41.29,0.0506050519337254
41.3,0.050673663802718
41.3099999999999,0.0507423646225113
41.32,0.0508111558049366
41.33,0.0508800387359047
41.34,0.0509490147921105
41.35,0.0510180854625709
41.36,0.0510872523244733
41.37,0.05115651670732
41.38,0.0512258800485436
41.39,0.0512953437944905
41.4,0.0513649095076424
41.41,0.051434578609914
41.42,0.0515043525818293
41.4299999999999,0.0515742329104031
41.44,0.0516442206823703
41.45,0.0517143172377828
41.46,0.0517845240291355
41.47,0.0518548423893958
41.48,0.0519252734395634
41.49,0.0519958180087488
41.5,0.0520664774436723
41.51,0.0521372528311235
41.52,0.0522081452236463
41.53,0.0522791559675892
41.54,0.0523502859748618
41.55,0.0524215362740349
41.5599999999999,0.0524929078679988
41.57,0.0525644022189753
41.58,0.0526360205671582
41.59,0.0527077638817834
41.6,0.0527796333023987
41.61,0.0528516298669364
41.62,0.0529237543814544
41.63,0.0529960080381596
41.64,0.0530683918617405
41.65,0.0531409068640767
41.66,0.0532135520474941
41.67,0.0532863286198024
41.6799999999999,0.0533592370668507
41.69,0.0534322777159265
41.7,0.0535054509723144
41.71,0.0535787571718609
41.72,0.053652196438852
41.73,0.0537257688989363
41.74,0.0537994756278295
41.75,0.0538733165901926
41.76,0.0539472920923016
41.77,0.0540214021912429
41.78,0.0540956465944729
41.79,0.0541700255257364
41.8,0.0542445389399214
41.8099999999999,0.0543191856502549
41.82,0.0543939651023597
41.83,0.0544688767222244
41.84,0.0545439196328306
41.85,0.0546190928034992
41.86,0.0546943950945897
41.87,0.0547698252229355
41.88,0.0548453821803985
41.89,0.0549210648306339
41.9,0.0549968716076767
41.91,0.0550728010113043
41.92,0.055148851083941
41.9299999999999,0.0552250201577451
41.94,0.0553013063225337
41.95,0.0553777070115405
41.96,0.0554542188636287
41.97,0.0555308395090593
41.98,0.0556075659173655
41.99,0.055684394639238
42,0.0557613221655914
42.01,0.0558383447812005
42.02,0.0559154585318716
42.03,0.0559926592968058
42.04,0.0560699426868401
42.05,0.0561473040647231
42.0599999999999,0.0562247383503566
42.07,0.0563022404704274
42.08,0.0563798048670843
42.09,0.0564574251527216
42.1,0.0565350952765164
42.11,0.0566128084954049
42.12,0.0566905572636443
42.13,0.0567683342109953
42.14,0.0568461313722133
42.15,0.0569239403272533
42.16,0.0570017523524744
42.17,0.0570795583101165
42.1799999999999,0.057157348684694
42.19,0.0572351135549965
42.2,0.057312842399349
42.21,0.0573905239401728
42.22,0.0574681469194226
42.23,0.0575456990132952
42.24,0.0576231668234844
42.25,0.0577005372265426
42.26,0.0577777959140172
42.27,0.0578549276549187
42.28,0.0579319170814696
42.29,0.0580087480395119
42.3,0.0580854037680111
42.3099999999999,0.0581618668028845
42.32,0.0582381189797376
42.33,0.058314141437437
42.34,0.0583899147643718
42.35,0.0584654181725454
42.36,0.0585406298799136
42.37,0.0586155280217686
42.38,0.0586900890781663
42.39,0.0587642885454545
42.4,0.0588381015457539
42.41,0.0589115017776326
42.42,0.0589844618844501
42.4299999999999,0.0590569538136451
42.44,0.0591289488507289
42.45,0.0592004170307098
42.46,0.0592713276113136
42.47,0.0593416489451299
42.48,0.0594113483257682
42.49,0.05948039133042
42.5,0.0595487431898433
42.51,0.0596163674028853
42.52,0.0596832264073427
42.53,0.0597492817797187
42.54,0.0598144943505241
42.55,0.0598788234702802
42.5599999999999,0.0599422283389595
42.57,0.0600046669837119
42.58,0.0600660963822567
42.59,0.0601264727696039
42.6,0.0601857514216134
42.61,0.0602438863554982
42.62,0.0603008308094226
42.63,0.0603565373443627
42.64,0.0604109581665342
42.65,0.0604640440518589
42.66,0.0605157467688897
42.67,0.0605660165261752
42.6799999999999,0.0606148035329691
42.69,0.0606620583468678
42.7,0.0607077302672074
42.71,0.0607517693082361
42.72,0.0607941247583217
42.73,0.0608347461469656
42.74,0.0608735842682326
42.75,0.060910588534012
42.76,0.060945710674491
42.77,0.0609789021571961
42.78,0.0610101147367933
42.79,0.0610393027862788
42.8,0.0610664195642946
42.8099999999999,0.0610914208746175
42.82,0.0611142634873587
42.83,0.0611349046044255
42.84,0.0611533049417641
42.85,0.0611694245421103
42.86,0.0611832263238975
42.87,0.0611946755487317
42.88,0.0612037377303652
42.89,0.0612103824329958
42.9,0.0612145797750108
42.91,0.0612163022098211
42.92,0.0612155254135289
42.9299999999999,0.06121222593063
42.94,0.0612063833792034
42.95,0.0611979795529265
42.96,0.0611869981288694
42.97,0.0611734255817376
42.98,0.0611572502633008
42.99,0.0611384628316469
43,0.0611170561093978
43.01,0.0610930252627064
43.02,0.0610663669542151
43.03,0.0610370803460428
43.04,0.0610051665319413
43.05,0.0609706274388242
43.0599999999999,0.0609334680703279
43.07,0.0608936939589041
43.08,0.0608513121347819
43.09,0.0608063321017136
43.1,0.0607587626675616
43.11,0.0607086151963206
43.12,0.0606559015305407
43.13,0.0606006339861902
43.14,0.0605428258485199
43.15,0.060482490849751
43.16,0.0604196431176535
43.17,0.0603542970053508
43.1799999999999,0.0602864671169278
43.19,0.0602161680034024
43.2,0.0601434141331756
43.21,0.060068219747564
43.22,0.0599905987355286
43.23,0.0599105645634656
43.24,0.0598281301400824
43.25,0.0597433076334829
43.26,0.059656108710412
43.27,0.0595665440074194
43.28,0.0594746233031075
43.29,0.0593803556777604
43.3,0.0592837488455443
43.3099999999999,0.0591848095753113
43.32,0.0590835437358609
43.33,0.0589799556699685
43.34,0.0588740486937932
43.35,0.0587658250577007
43.36,0.0586552854179037
43.37,0.0585424293906571
43.38,0.0584272554121818
43.39,0.0583097603290616
43.4,0.0581899400106667
43.41,0.0580677890744056
43.42,0.0579433006429339
43.4299999999999,0.0578164669842678
43.44,0.0576872790869964
43.45,0.0575557266302013
43.46,0.0574217986271398
43.47,0.057285482833831
43.48,0.0571467659614173
43.49,0.0570056345489609
43.5,0.0568620736117308
43.51,0.0567160675264608
43.52,0.0565676002690072
43.53,0.0564166561050307
43.54,0.0562632176692853
43.55,0.0561072676128916
43.5599999999999,0.0559487891776178
43.57,0.0557877653811208
43.58,0.0556241787531852
43.59,0.0554580122522331
43.6,0.0552892507614051
43.61,0.0551178780497852
43.62,0.0549438791007043
43.63,0.0547672400095491
43.64,0.0545879483944187
43.65,0.0544059923268527
43.66,0.0542213615035923
43.67,0.0540340477008545
43.6799999999999,0.053844044196688
43.69,0.0536513460035063
43.7,0.0534559503592954
43.71,0.0532578572330226
43.72,0.0530570685529725
43.73,0.05285358904969
43.74,0.0526474262601685
43.75,0.0524385906987388
43.76,0.0522270960306731
43.77,0.0520129592404934
43.78,0.0517962003889518
43.79,0.0515768431351155
43.8,0.0513549152059771
43.8099999999999,0.0511304480730145
43.82,0.0509034759373007
43.83,0.0506740377425456
43.84,0.0504421768745758
43.85,0.0502079407588979
43.86,0.0499713787837877
43.87,0.0497325467598821
43.88,0.0494915044311643
43.89,0.0492483156992676
43.9,0.0490030457718678
43.91,0.0487557675320554
43.92,0.0485065570358807
43.9299999999999,0.0482554940731036
43.94,0.0480026598020373
43.95,0.0477481428942568
43.96,0.0474920347897723
43.97,0.0472344297142562
43.98,0.0469754236221507
43.99,0.0467151190178781
44,0.0464536206712559
44.01,0.0461910346758853
44.02,0.0459274695620194
44.03,0.0456630391622185
44.04,0.0453978588768362
44.05,0.0451320456934627
44.0599999999999,0.044865715346589
44.07,0.0445989903383346
44.08,0.0443319930988432
44.09,0.044064847600901
44.1,0.0437976749186224
44.11,0.0435306014997391
44.12,0.0432637530905967
44.13,0.0429972557796519
44.14,0.04273123480089
44.15,0.0424658157230565
44.16,0.042201124245483
44.17,0.0419372851867986
44.1799999999999,0.0416744228449532
44.19,0.04141266084888
44.2,0.041152121020996
44.21,0.0408929240356046
44.22,0.0406351891842911
44.23,0.0403790361257085
44.24,0.0401245800598953
44.25,0.0398719350782603
44.26,0.0396212130541012
44.27,0.0393725264194342
44.28,0.0391259827950732
44.29,0.0388816874922567
44.3,0.0386397435278168
44.3099999999999,0.038400253428091
44.32,0.0381633170544838
44.33,0.0379290293138134
44.34,0.037697483352549
44.35,0.0374687699075925
44.36,0.0372429820535277
44.37,0.0370202035294876
44.38,0.0368005176377348
44.39,0.0365840048399206
44.4,0.0363707457856607
44.41,0.0361608172175474
44.42,0.0359542917329023
44.4299999999999,0.0357512402270348
44.44,0.035551731635338
44.45,0.0353558351882918
44.46,0.0351636137391793
44.47,0.0349751292365587
44.48,0.0347904412754522
44.49,0.0346096091924735
44.5,0.0344326887222614
44.51,0.0342597332423347
44.52,0.0340907944666593
44.53,0.033925922584478
44.54,0.0337651668224444
44.55,0.0336085730836851
44.5599999999999,0.0334561861404802
44.57,0.0333080490945967
44.58,0.0331642040578637
44.59,0.0330246910457224
44.6,0.0328895487146412
44.61,0.0327588143863821
44.62,0.032632523880503
44.63,0.0325107115781012
44.64,0.0323934109564067
44.65,0.0322806541609957
44.66,0.0321724722028926
44.67,0.0320688938885645
44.6799999999999,0.0319699481753558
44.69,0.03187566255154
44.7,0.0317860634819734
44.71,0.0317011757838217
44.72,0.0316210231573993
44.73,0.0315456291076693
44.74,0.0314750158142324
44.75,0.0314092044177218
44.76,0.031348213517936
44.77,0.0312920626924225
44.78,0.0312407698513309
44.79,0.0311943519459721
44.8,0.0311528238667016
44.8099999999999,0.0311161997855901
44.82,0.0310844935208699
44.83,0.0310577174353932
44.84,0.0310358826251554
44.85,0.0310189978348512
44.86,0.0310070719450143
44.87,0.0310001120828777
44.88,0.0309981239838208
44.89,0.031001112001308
44.9,0.0310090791965633
44.91,0.0310220271788615
44.92,0.0310399557091764
44.9299999999999,0.0310628633494141
44.94,0.0310907470494375
44.95,0.0311236019775864
44.96,0.0311614210268818
44.97,0.031204196024302
44.98,0.031251916713015
44.99,0.0313045708853935
45,0.031362144378795
45.01,0.0314246210743342
45.02,0.0314919827697916
45.03,0.0315642096128016
45.04,0.0316412792156712
45.05,0.0317231671522286
45.0599999999999,0.0318098468404089
45.07,0.0319012895453833
45.08,0.031997464154101
45.09,0.032098337278422
45.1,0.0322038730232661
45.11,0.0323140330964252
45.12,0.0324287768115296
45.13,0.0325480609295753
45.14,0.0326718404633097
45.15,0.032800067094789
45.16,0.0329326902202005
45.17,0.0330696570668445
45.1799999999999,0.0332109130482544
45.19,0.0333564000946017
45.2,0.0335060580439022
45.21,0.0336598247268637
45.22,0.0338176353860694
45.23,0.0339794227187838
45.24,0.0341451171552985
45.25,0.0343146471513633
45.26,0.034487938418962
45.27,0.0346649144920797
45.28,0.0348454970016915
45.29,0.0350296058119611
45.3,0.0352171579152956
45.3099999999999,0.0354080684918702
45.32,0.0356022516574606
45.33,0.0357996190844131
45.34,0.0360000804921456
45.35,0.0362035440349521
45.36,0.0364099166107419
45.37,0.0366191031808832
45.38,0.0368310073239492
45.39,0.0370455308974118
45.4,0.0372625746198537
45.41,0.0374820378381664
45.42,0.0377038197884889
45.4299999999999,0.0379278177308104
45.44,0.0381539283713974
45.45,0.038382048925021
45.46,0.0386120750947223
45.47,0.038843902612828
45.48,0.0390774251318371
45.49,0.039312537517193
45.5,0.0395491338567575
45.51,0.0397871068285605
45.52,0.0400263496480283
45.53,0.0402667549622979
45.54,0.0405082172077969
45.55,0.0407506295216623
45.5599999999999,0.0409938856019216
45.57,0.0412378810236378
45.58,0.0414825113256395
45.59,0.0417276731188464
45.6,0.0419732626301941
45.61,0.0422191779442032
45.62,0.0424653182458299
45.63,0.0427115822385473
45.64,0.0429578702069001
45.65,0.04320408352638
45.66,0.0434501248426611
45.67,0.0436958977391859
45.6799999999999,0.0439413068776273
45.69,0.0441862598529654
45.7,0.0444306655662838
45.71,0.0446744343075059
45.72,0.0449174773912257
45.73,0.0451597081327461
45.74,0.0454010422486496
45.75,0.0456413959831912
45.76,0.0458806872661544
45.77,0.0461188362877039
45.78,0.0463557647702035
45.79,0.0465913961610971
45.8,0.0468256555279684
45.8099999999999,0.0470584704382082
45.82,0.0472897706547205
45.83,0.0475194874411096
45.84,0.0477475541242058
45.85,0.0479739059866838
45.86,0.048198480763981
45.87,0.0484212176578352
45.88,0.0486420574814168
45.89,0.0488609436909261
45.9,0.0490778210298503
45.91,0.0492926356605066
45.92,0.049505336030988
45.9299999999999,0.0497158725946479
45.94,0.0499241982908341
45.95,0.0501302670922364
45.96,0.0503340348177178
45.97,0.050535458155222
45.98,0.0507344959869544
45.99,0.0509311119401301
46,0.0511252696277082
46.01,0.0513169341780763
46.02,0.0515060732366518
46.03,0.0516926535945571
46.04,0.0518766441123025
46.05,0.052058015461663
46.0599999999999,0.0522367393987738
46.07,0.052412790462553
46.08,0.0525861451732848
46.09,0.0527567809709105
46.1,0.0529246771824893
46.11,0.0530898137941064
46.12,0.053252171393796
46.13,0.0534117328079207
46.14,0.0535684811540489
46.15,0.053722401216689
46.16,0.0538734800033126
46.17,0.0540217050219405
46.1799999999999,0.0541670652364225
46.19,0.0543095509510293
46.2,0.0544491531819628
46.21,0.054585863112165
46.22,0.0547196738659219
46.23,0.0548505787134441
46.24,0.0549785722293529
46.25,0.0551036507410655
46.26,0.0552258109719922
46.27,0.0553450507980473
46.28,0.05546136867389
46.29,0.0555747645041159
46.3,0.055685238797149
46.3099999999999,0.0557927919493122
46.32,0.0558974259176179
46.33,0.0559991429073642
46.34,0.0560979455556528
46.35,0.056193837019383
46.36,0.056286821900923
46.37,0.0563769056735276
46.38,0.0564640938802114
46.39,0.0565483929727777
46.4,0.0566298102310427
46.41,0.0567083536880808
46.42,0.0567840303668829
46.4299999999999,0.0568568490147313
46.44,0.0569268183906032
46.45,0.0569939481455578
46.46,0.0570582477716926
46.47,0.0571197276531506
46.48,0.0571783992687703
46.49,0.0572342737018485
46.5,0.0572873628213606
46.51,0.0573376786279986
46.52,0.0573852339047016
46.53,0.0574300417540873
46.54,0.0574721151131695
46.55,0.0575114675407274
46.5599999999999,0.0575481129070158
46.57,0.0575820654659378
46.58,0.0576133398479884
46.59,0.0576419507129912
46.6,0.0576679131482122
46.61,0.0576912428335077
46.62,0.0577119553939786
46.63,0.0577300668679855
46.64,0.0577455933258157
46.65,0.0577585513054847
46.66,0.057768957519768
46.67,0.0577768288485948
46.6799999999999,0.0577821823813707
46.69,0.0577850354219238
46.7,0.0577854055154884
46.71,0.0577833104937649
46.72,0.0577787681916408
46.73,0.057771796681375
46.74,0.0577624142411641
46.75,0.057750639311202
46.76,0.0577364904501854
46.77,0.057719986380442
46.78,0.0577011459289132
46.79,0.0576799880713655
46.8,0.0576565319055503
46.8099999999999,0.0576307966349991
46.82,0.0576028017822181
46.83,0.0575725667661268
46.84,0.0575401111896564
46.85,0.0575054547687591
46.86,0.0574686173543931
46.87,0.0574296188616588
46.88,0.0573884793155651
46.89,0.0573452187555631
46.9,0.0572998571860691
46.91,0.0572524148396563
46.92,0.0572029119286579
46.9299999999999,0.0571513687945615
46.94,0.0570978058267369
46.95,0.0570422433804046
46.96,0.0569847018826363
46.97,0.056925202109085
46.98,0.0568637646533712
46.99,0.0568004101438937
47,0.0567351593122742
47.01,0.0566680327703905
47.02,0.0565990510222809
47.03,0.0565282349005552
47.04,0.0564556051092392
47.05,0.0563811823556774
47.0599999999999,0.056304987434745
47.07,0.0562270410202541
47.08,0.0561473638134899
47.09,0.0560659764984116
47.1,0.0559829000754619
47.11,0.0558981553626269
47.12,0.0558117630893594
47.13,0.0557237440735509
47.14,0.0556341190163471
47.15,0.055542908425143
47.16,0.0554501331116718
47.17,0.0553558137261772
47.1799999999999,0.0552599708805162
47.19,0.055162624958546
47.2,0.0550637964955723
47.21,0.054963505888426
47.22,0.054861773461352
47.23,0.0547586198335775
47.24,0.0546540654584479
47.25,0.0545481305411602
47.26,0.0544408353712614
47.27,0.0543322001933786
47.28,0.0542222451965133
47.29,0.0541109905586975
47.3,0.0539984564059808
47.3099999999999,0.0538846628232314
47.32,0.0537696296525312
47.33,0.0536533765250852
47.34,0.0535359233930084
47.35,0.053417289955734
47.36,0.0532974958266536
47.37,0.0531765605166448
47.38,0.0530545034421657
47.39,0.0529313439324371
47.4,0.0528071012065234
47.41,0.0526817943754181
47.42,0.0525554427293932
47.4299999999999,0.0524280653022243
47.44,0.052299680923285
47.45,0.0521703084126968
47.46,0.0520399664964423
47.47,0.051908674072088
47.48,0.0517764497191754
47.49,0.0516433119500555
47.5,0.0515092792377365
47.51,0.0513743699799667
47.52,0.0512386019234349
47.53,0.0511019933643643
47.54,0.0509645622879339
47.55,0.050826326548584
47.5599999999999,0.0506873039006099
47.57,0.0505475122184224
47.58,0.0504069689611993
47.59,0.0502656915897856
47.6,0.0501236974546822
47.61,0.0499810037265255
47.62,0.0498376271868547
47.63,0.0496935848776388
47.64,0.0495488935476817
47.65,0.0494035697994816
47.66,0.0492576302426611
47.67,0.0491110915817186
47.6799999999999,0.0489639699446484
47.69,0.0488162815186372
47.7,0.0486680423666114
47.71,0.0485192686527981
47.72,0.0483699765167819
47.73,0.0482201816663539
47.74,0.0480698998751929
47.75,0.0479191468318945
47.76,0.0477679376747616
47.77,0.0476162875624254
47.78,0.0474642118572474
47.79,0.0473117256014256
47.8,0.0471588437026073
47.8099999999999,0.0470055807177631
47.82,0.0468519512019624
47.83,0.0466979695906459
47.84,0.0465436501078512
47.85,0.0463890068086374
47.86,0.0462340544592114
47.87,0.0460788068143767
47.88,0.0459232776697319
47.89,0.0457674807848843
47.9,0.0456114298064944
47.91,0.0454551380844633
47.92,0.0452986190787885
47.9299999999999,0.0451418860523734
47.94,0.0449849521522743
47.95,0.0448278303202943
47.96,0.0446705327639855
47.97,0.0445130723646342
47.98,0.0443554615328753
47.99,0.0441977125113865
48,0.0440398376032442
48.01,0.0438818494893071
48.02,0.0437237598405107
48.03,0.0435655805604918
48.04,0.0434073234394668
48.05,0.0432490002226502
48.0599999999999,0.0430906225928248
48.07,0.0429322019913051
48.08,0.0427737498027774
48.09,0.0426152771370414
48.1,0.0424567943531934
48.11,0.0422983126112976
48.12,0.0421398425770761
48.13,0.041981394774179
48.14,0.0418229797668845
48.15,0.0416646077562239
48.16,0.041506288883476
48.17,0.0413480331522895
48.1799999999999,0.0411898506554237
48.19,0.0410317511661858
48.2,0.0408737443220507
48.21,0.0407158396695725
48.22,0.0405580467581487
48.23,0.0404003749933221
48.24,0.040242833551432
48.25,0.0400854315485197
48.26,0.0399281779975745
48.27,0.0397710818124213
48.28,0.0396141517535133
48.29,0.0394573964804079
48.3,0.0393008244995158
48.3099999999999,0.03914444399368
48.32,0.0389882633396091
48.33,0.0388322906706153
48.34,0.0386765339971293
48.35,0.0385210011578033
48.36,0.0383656997515867
48.37,0.0382106374616669
48.38,0.0380558217579557
48.39,0.0379012599821117
48.4,0.0377469595016287
48.41,0.0375929277058674
48.42,0.0374391714832097
48.4299999999999,0.0372856977707105
48.44,0.0371325133889204
48.45,0.0369796252969591
48.46,0.0368270403818691
48.47,0.0366747650597419
48.48,0.0365228058217867
48.49,0.0363711690573476
48.5,0.0362198607690474
48.51,0.0360688869548253
48.52,0.0359182537173029
48.53,0.0357679669162809
48.54,0.0356180322967689
48.55,0.0354684556414706
48.5599999999999,0.0353192425113511
48.57,0.0351703983130403
48.58,0.0350219283864172
48.59,0.0348738379622233
48.6,0.0347261324528535
48.61,0.0345788168759149
48.62,0.034431896166245
48.63,0.034285375202184
48.64,0.0341392587615258
48.65,0.033993551701545
48.66,0.0338482585955302
48.67,0.0337033839411887
48.6799999999999,0.0335589321649251
48.69,0.0334149075977729
48.7,0.0332713144818823
48.71,0.0331281569571954
48.72,0.0329854390694818
48.73,0.032843164770081
48.74,0.0327013379151414
48.75,0.0325599623350533
48.76,0.03241904168949
48.77,0.0322785795588382
48.78,0.0321385794371458
48.79,0.031999044725166
48.8,0.0318599789535936
48.8099999999999,0.0317213853097423
48.82,0.0315832669482704
48.83,0.031445626955317
48.84,0.0313084683296595
48.85,0.0311717942278461
48.86,0.0310356074368044
48.87,0.0308999107327387
48.88,0.0307647068278064
48.89,0.0306299983531606
48.9,0.0304957878980047
48.91,0.0303620779649967
48.92,0.0302288709797199
48.9299999999999,0.0300961692973277
48.94,0.0299639752022302
48.95,0.0298322909089847
48.96,0.0297011185286482
48.97,0.0295704600867242
48.98,0.029440317610309
48.99,0.0293106930232537
49,0.0291815881809143
49.01,0.0290530048708388
49.02,0.0289249448134548
49.03,0.0287974096692029
49.04,0.0286704010248152
49.05,0.0285439204044506
49.0599999999999,0.0284179692685441
49.07,0.028292549014086
49.08,0.0281676609753276
49.09,0.0280433064259103
49.1,0.0279194865789792
49.11,0.0277962025840424
49.12,0.0276734555322704
49.13,0.0275512464557385
49.14,0.0274295763281377
49.15,0.0273084460654858
49.16,0.0271878566193807
49.17,0.0270678087723847
49.1799999999999,0.0269483032850056
49.19,0.0268293408730531
49.2,0.0267109222016549
49.21,0.0265930478861789
49.22,0.0264757184496619
49.23,0.0263589343380468
49.24,0.026242696046724
49.25,0.0261270039745143
49.26,0.0260118584710172
49.27,0.0258972598372722
49.28,0.0257832083264201
49.29,0.0256697041872589
49.3,0.0255567475704812
49.3099999999999,0.0254443385953573
49.32,0.025332477341017
49.33,0.0252211638436113
49.34,0.0251103980970711
49.35,0.0250001800199629
49.36,0.0248905094672424
49.37,0.024781386333552
49.38,0.024672810433042
49.39,0.0245647815387839
49.4,0.024457299383368
49.41,0.0243503636595025
49.42,0.0242439740266431
49.4299999999999,0.0241381301078949
49.44,0.0240328314765599
49.45,0.0239280776748056
49.46,0.0238238682083398
49.47,0.0237202025470384
49.48,0.0236170801255713
49.49,0.0235145003303417
49.5,0.0234124625118344
49.51,0.0233109660091024
49.52,0.0232100101159942
49.53,0.0231095940933808
49.54,0.0230097171697262
49.55,0.0229103785416577
49.5599999999999,0.0228115774092903
49.57,0.0227133129397773
49.58,0.0226155842246981
49.59,0.0225183903536605
49.6,0.0224217303893792
49.61,0.0223256033683755
49.62,0.0222300083016712
49.63,0.0221349441148349
49.64,0.0220404097242317
49.65,0.0219464040867705
49.66,0.0218529260947911
49.67,0.0217599746152486
49.6799999999999,0.021667548490206
49.69,0.0215756465373262
49.7,0.0214842675821828
49.71,0.0213934104141008
49.72,0.0213030737729905
49.73,0.0212132563954133
49.74,0.0211239569976382
49.75,0.0210351742762363
49.76,0.0209469069086729
49.77,0.0208591534476811
49.78,0.0207719124856833
49.79,0.0206851826654671
49.8,0.0205989625578699
49.8099999999999,0.0205132507124614
49.82,0.0204280456578257
49.83,0.0203433459018452
49.84,0.0202591501887027
49.85,0.020175457004398
49.86,0.0200922647057558
49.87,0.0200095717435925
49.88,0.0199273765487962
49.89,0.0198456775323262
49.9,0.0197644730852129
49.91,0.0196837615785581
49.92,0.0196035417095951
49.9299999999999,0.0195238117046392
49.94,0.0194445698603807
49.95,0.0193658145083949
49.96,0.0192875439631875
49.97,0.0192097565221958
49.98,0.0191324504657902
49.99,0.0190556240698512
50,0.0189792759963502
50.01,0.018903404246379
50.02,0.0188280070706956
50.03,0.0187530827059085
50.04,0.0186786293744774
50.05,0.0186046452847125
50.0599999999999,0.018531128630775
50.07,0.0184580776829621
50.08,0.0183854909368139
50.09,0.0183133663461024
50.1,0.0182417020903588
50.11,0.0181704963380893
50.12,0.0180997472467725
50.13,0.018029452962861
50.14,0.0179596116217812
50.15,0.0178902214919731
50.16,0.0178212808541812
50.17,0.0177527876896502
50.1799999999999,0.0176847401249376
50.19,0.017617136278159
50.2,0.0175499742589892
50.21,0.0174832521686604
50.22,0.0174169680999628
50.23,0.017351120339947
50.24,0.0172857070118458
50.25,0.0172207261151372
50.26,0.017156175741877
50.27,0.0170920539780677
50.28,0.0170283589036592
50.29,0.0169650885925483
50.3,0.016902241112579
50.3099999999999,0.0168398148456646
50.32,0.016777807726263
50.33,0.0167162177634796
50.34,0.0166550430230244
50.35,0.0165942815657939
50.36,0.0165339314478724
50.37,0.0164739907205298
50.38,0.0164144574302232
50.39,0.0163553296185963
50.4,0.0162966053224796
50.41,0.016238282909891
50.42,0.0161803606168811
50.4299999999999,0.0161228362036557
50.44,0.0160657077282898
50.45,0.016008973246363
50.46,0.0159526308109576
50.47,0.0158966784726592
50.48,0.0158411142795584
50.49,0.0157859362772481
50.5,0.0157311425088253
50.51,0.0156767311205703
50.52,0.0156227007771085
50.53,0.0155690490658552
50.54,0.0155157740617489
50.55,0.0154628738396703
50.5599999999999,0.0154103464744433
50.57,0.0153581900408336
50.58,0.0153064026135509
50.59,0.0152549822672463
50.6,0.0152039270765139
50.61,0.0151532351158911
50.62,0.01510290500828
50.63,0.0150529346122471
50.64,0.0150033219379246
50.65,0.0149540650970285
50.66,0.0149051622033171
50.67,0.0148566113725909
50.6799999999999,0.0148084107226922
50.69,0.0147605583735054
50.7,0.0147130524469578
50.71,0.0146658910670178
50.72,0.0146190725837956
50.73,0.0145725952553764
50.74,0.0145264570430328
50.75,0.0144806561054338
50.76,0.0144351906048078
50.77,0.0143900587069425
50.78,0.0143452585811846
50.79,0.0143007884004404
50.8,0.0142566463411753
50.8099999999999,0.014212830583414
50.82,0.0141693393653571
50.83,0.0141261711762325
50.84,0.0140833239892644
50.85,0.0140407960192037
50.86,0.0139985854855558
50.87,0.0139566906125787
50.88,0.0139151096292842
50.89,0.0138738407694377
50.9,0.0138328822715578
50.91,0.013792232378917
50.92,0.013751889339541
50.9299999999999,0.0137118516356214
50.94,0.0136721174468532
50.95,0.0136326850200932
50.96,0.0135935526476207
50.97,0.0135547186289888
50.98,0.0135161812711331
50.99,0.0134779388884787
51,0.0134399898030494
51.01,0.0134023323445753
51.02,0.0133649648506016
51.03,0.0133278856665968
51.04,0.0132910931460604
51.05,0.0132545856087287
51.0599999999999,0.0132183614488936
51.07,0.0131824190441026
51.08,0.0131467567781533
51.09,0.0131113730431636
51.1,0.0130762662396706
51.11,0.0130414347767301
51.12,0.0130068770720144
51.13,0.0129725915519116
51.14,0.0129385766516246
51.15,0.0129048308152696
51.16,0.0128713524891831
51.17,0.0128381400212443
51.1799999999999,0.0128051919596079
51.19,0.0127725067774613
51.2,0.0127400829567154
51.21,0.0127079189880756
51.22,0.0126760133711149
51.23,0.0126443646143466
51.24,0.0126129712352957
51.25,0.0125818317605716
51.26,0.0125509447259406
51.27,0.0125203086763979
51.28,0.0124899221389332
51.29,0.0124597835471661
51.3,0.0124298915685641
51.3099999999999,0.0124002447751217
51.32,0.0123708417474676
51.33,0.0123416810749001
51.34,0.0123127613554221
51.35,0.0122840811957767
51.36,0.0122556392114832
51.37,0.0122274340268718
51.38,0.0121994642751193
51.39,0.0121717285982847
51.4,0.0121442256378875
51.41,0.0121169540333084
51.42,0.0120899124702406
51.4299999999999,0.0120630996244106
51.44,0.0120365141804056
51.45,0.0120101548317029
51.46,0.011984020280696
51.47,0.0119581092387232
51.48,0.011932420426096
51.49,0.0119069525721257
51.5,0.0118817044151524
51.51,0.0118566747025722
51.52,0.0118318621748848
51.53,0.0118072655810104
51.54,0.0117828837123044
51.55,0.0117587153500045
51.5599999999999,0.0117347592843075
51.57,0.0117110143143874
51.58,0.0116874792484153
51.59,0.0116641529035771
51.6,0.0116410341060927
51.61,0.0116181216912353
51.62,0.0115954145033495
51.63,0.0115729113958704
51.64,0.0115506112107046
51.65,0.0115285128110591
51.66,0.0115066150907338
51.67,0.0114849169370591
51.6799999999999,0.0114634172463151
51.69,0.0114421149237415
51.7,0.0114210088835483
51.71,0.0114000980489244
51.72,0.0113793813520483
51.73,0.0113588577340982
51.74,0.0113385261452611
51.75,0.0113183855447432
51.76,0.0112984348279392
51.77,0.0112786729741846
51.78,0.0112590989978138
51.79,0.0112397118876897
51.8,0.0112205106412087
51.8099999999999,0.0112014942642918
51.82,0.0111826617713751
51.83,0.0111640121854015
51.84,0.0111455445378108
51.85,0.0111272578685309
51.86,0.0111091512259693
51.87,0.0110912236670034
51.88,0.0110734742569714
51.89,0.0110559019835043
51.9,0.0110385059681177
51.91,0.0110212853097279
51.92,0.0110042391016151
51.9299999999999,0.0109873664450022
51.94,0.0109706664490293
51.95,0.0109541382307284
51.96,0.0109377809149972
51.97,0.0109215936345736
51.98,0.0109055755300105
51.99,0.0108897257496492
52,0.0108740434495944
52.01,0.0108585277922721
52.02,0.0108431779120483
52.03,0.0108279930138127
52.04,0.0108129722824092
52.05,0.0107981149101436
52.0599999999999,0.0107834200967504
52.07,0.0107688870493618
52.08,0.0107545149824757
52.09,0.010740303117923
52.1,0.0107262506848361
52.11,0.0107123569196176
52.12,0.010698621065907
52.13,0.0106850423745498
52.14,0.010671620097354
52.15,0.0106583534805484
52.16,0.0106452418116827
52.17,0.0106322843685606
52.1799999999999,0.0106194804359024
52.19,0.0106068293053088
52.2,0.0105943302752238
52.21,0.0105819826508984
52.22,0.010569785744354
52.23,0.0105577388743457
52.24,0.0105458413663258
52.25,0.0105340925524072
52.26,0.0105224917713266
52.27,0.0105110383438606
52.28,0.010499731601381
52.29,0.0104885709260228
52.3,0.0104775556793606
52.3099999999999,0.0104666852291372
52.32,0.0104559589492171
52.33,0.0104453762195406
52.34,0.0104349364260771
52.35,0.0104246389607789
52.36,0.0104144832215352
52.37,0.0104044686121252
52.38,0.0103945945421721
52.39,0.0103848604270968
52.4,0.0103752656525586
52.41,0.0103658096454392
52.42,0.0103564918526068
52.4299999999999,0.01034731170898
52.44,0.0103382686547783
52.45,0.0103293621354661
52.46,0.0103205916016975
52.47,0.01031195650926
52.48,0.0103034563190193
52.49,0.0102950904968634
52.5,0.0102868585136466
52.51,0.0102787598451343
52.52,0.0102707939719469
52.53,0.0102629603535646
52.54,0.0102552584915503
52.55,0.0102476878835277
52.5599999999999,0.0102402480272089
52.57,0.0102329384247382
52.58,0.0102257585826318
52.59,0.0102187080117164
52.6,0.0102117862270688
52.61,0.0102049927479551
52.62,0.0101983270977698
52.63,0.010191788803975
52.64,0.0101853773980399
52.65,0.0101790924144626
52.66,0.0101729333605167
52.67,0.0101668998012939
52.6799999999999,0.0101609912819393
52.69,0.0101552073511532
52.7,0.0101495475611261
52.71,0.0101440114674717
52.72,0.0101385986291611
52.73,0.0101333086084569
52.74,0.0101281409708467
52.75,0.0101230952849772
52.76,0.0101181711225881
52.77,0.0101133680584459
52.78,0.0101086856619927
52.79,0.010104123486863
52.8,0.0100996811380572
52.8099999999999,0.0100953581996375
52.82,0.0100911542581825
52.83,0.0100870689027149
52.84,0.0100831017246282
52.85,0.0100792523176149
52.86,0.0100755202775935
52.87,0.0100719052026359
52.88,0.0100684066928951
52.89,0.0100650243505325
52.9,0.0100617577796451
52.91,0.010058606581691
52.92,0.0100555703603832
52.9299999999999,0.0100526487297332
52.94,0.0100498413002373
52.95,0.0100471476839137
52.96,0.0100445674942276
52.97,0.0100421003460171
52.98,0.0100397458554191
52.99,0.0100375036397942
53,0.0100353733176528
53.01,0.0100333545085805
53.02,0.0100314468331639
53.03,0.010029649912916
53.04,0.0100279633508751
53.05,0.0100263867696246
53.0599999999999,0.0100249198011896
53.07,0.0100235620682582
53.08,0.0100223131939262
53.09,0.0100211728016175
53.1,0.0100201405150045
53.11,0.0100192159579285
53.12,0.0100183987543198
53.13,0.0100176885281186
53.14,0.0100170849031951
53.15,0.01001658750327
53.16,0.0100161959518348
53.17,0.0100159098447662
53.1799999999999,0.0100157288132443
53.19,0.0100156524813397
53.2,0.0100156804675134
53.21,0.0100158123892542
53.22,0.0100160478629829
53.23,0.0100163865039577
53.24,0.010016827926179
53.25,0.0100173717422942
53.26,0.0100180175650071
53.27,0.0100187650246645
53.28,0.0100196137170808
53.29,0.010020563250597
53.3,0.0100216132319491
53.3099999999999,0.0100227632661839
53.32,0.010024012956574
53.33,0.0100253619045331
53.34,0.0100268097095311
53.35,0.0100283559690098
53.36,0.0100300002787522
53.37,0.0100317422327462
53.38,0.01003358142124
53.39,0.0100355174328578
53.4,0.0100375498537874
53.41,0.010039678267696
53.42,0.0100419022556461
53.4299999999999,0.0100442213960116
53.44,0.0100466352643939
53.45,0.0100491434335376
53.46,0.0100517454608454
53.47,0.0100544409070533
53.48,0.0100572293389769
53.49,0.010060110313218
53.5,0.0100630833825777
53.51,0.0100661480959426
53.52,0.0100693039981706
53.53,0.0100725506310827
53.54,0.0100758875360924
53.55,0.0100793142430789
53.5599999999999,0.0100828302806607
53.57,0.0100864351729977
53.58,0.0100901284396859
53.59,0.0100939095956507
53.6,0.0100977781510421
53.61,0.0101017336340377
53.62,0.0101057755410681
53.63,0.0101099033681126
53.64,0.0101141166100629
53.65,0.010118414757156
53.66,0.0101227972949054
53.67,0.0101272637040329
53.6799999999999,0.0101318134491668
53.69,0.0101364459868424
53.7,0.0101411607889896
53.71,0.0101459573129039
53.72,0.0101508350108228
53.73,0.0101557933299252
53.74,0.0101608316960219
53.75,0.0101659495167593
53.76,0.0101711462371091
53.77,0.0101764212764266
53.78,0.0101817740483184
53.79,0.0101872039606423
53.8,0.0101927104082444
53.8099999999999,0.0101982927676863
53.82,0.010203950438156
53.83,0.0102096828001888
53.84,0.0102154892281752
53.85,0.0102213690903605
53.86,0.0102273217443982
53.87,0.0102333465271381
53.88,0.0102394427965555
53.89,0.0102456098926759
53.9,0.0102518471490437
53.91,0.0102581538927227
53.92,0.0102645294368441
53.9299999999999,0.0102709730390704
53.94,0.0102774840308861
53.95,0.0102840617038643
53.96,0.010290705342208
53.97,0.0102974142227505
53.98,0.010304187610381
53.99,0.0103110246817959
54,0.0103179247274998
54.01,0.0103248869817565
54.02,0.0103319106702347
54.03,0.0103389950100076
54.04,0.0103461392095529
54.05,0.0103533424432981
54.0599999999999,0.0103606039132159
54.07,0.0103679227988183
54.08,0.0103752982704617
54.09,0.0103827294895941
54.1,0.0103902156087553
54.11,0.0103977557883594
54.12,0.0104053491664399
54.13,0.0104129948662867
54.14,0.0104206920086035
54.15,0.010428439705512
54.16,0.0104362370605515
54.17,0.010444083128047
54.1799999999999,0.0104519769197336
54.19,0.0104599175488813
54.2,0.0104679040667811
54.21,0.0104759355145604
54.22,0.0104840109231834
54.23,0.0104921293089605
54.24,0.0105002895901916
54.25,0.0105084908080451
54.26,0.0105167319397106
54.27,0.0105250119510238
54.28,0.010533329796467
54.29,0.0105416844191685
54.3,0.0105500747503857
54.3099999999999,0.0105584997105348
54.32,0.0105669582087177
54.33,0.0105754491425434
54.34,0.0105839713982584
54.35,0.0105925238507467
54.36,0.010601105378188
54.37,0.0106097148511078
54.38,0.0106183511012654
54.39,0.0106270129634331
54.4,0.0106356992614887
54.41,0.0106444088084154
54.42,0.0106531403858348
54.4299999999999,0.0106618926142423
54.44,0.0106706643500729
54.45,0.0106794543360964
54.46,0.0106882613017875
54.47,0.010697083963326
54.48,0.010705921023596
54.49,0.0107147711305291
54.5,0.0107236329665269
54.51,0.0107325051945194
54.52,0.0107413864566508
54.53,0.0107502753811297
54.54,0.0107591705822286
54.55,0.0107680706910258
54.5599999999999,0.0107769743208089
54.57,0.0107858800301647
54.58,0.0107947863872718
54.59,0.0108036919472133
54.6,0.0108125952519771
54.61,0.0108214948198981
54.62,0.0108303891100905
54.63,0.0108392766508605
54.64,0.0108481559222538
54.65,0.0108570253903638
54.66,0.0108658835073323
54.67,0.0108747287113492
54.6799999999999,0.0108835593153596
54.69,0.0108923737555795
54.7,0.0109011704238566
54.71,0.0109099476836084
54.72,0.0109187038826993
54.73,0.0109274373534404
54.74,0.0109361464180614
54.75,0.0109448293813455
54.76,0.0109534845270082
54.77,0.0109621101267083
54.78,0.010970704436687
54.79,0.0109792656977678
54.8,0.0109877921408233
54.8099999999999,0.0109962819974587
54.82,0.0110047334523765
54.83,0.0110131446886591
54.84,0.0110215138743218
54.85,0.0110298391623129
54.86,0.0110381186905134
54.87,0.0110463505101114
54.88,0.0110545327511123
54.89,0.0110626635008102
54.9,0.011070740825323
54.91,0.0110787627747351
54.92,0.0110867273830967
54.9299999999999,0.0110946326362617
54.94,0.011102476521183
54.95,0.0111102570325367
54.96,0.0111179721318499
54.97,0.0111256197638907
54.98,0.0111331978566687
54.99,0.0111407043353163
55,0.0111481371360917
55.01,0.0111554941174303
55.02,0.0111627731485554
55.03,0.0111699720826646
55.04,0.0111770887569297
55.05,0.0111841209924966
55.0599999999999,0.0111910665961387
55.07,0.0111979233563089
55.08,0.0112046890462466
55.09,0.0112113614232393
55.1,0.0112179382285687
55.11,0.0112244171875112
55.12,0.0112307959999508
55.13,0.0112370723535752
55.14,0.0112432439288406
55.15,0.0112493083844518
55.16,0.0112552633628893
55.17,0.0112611064904096
55.1799999999999,0.0112668353815523
55.19,0.0112724476587644
55.2,0.0112779408865179
55.21,0.0112833126307351
55.22,0.0112885604415191
55.23,0.0112936818531541
55.24,0.0112986743841055
55.25,0.0113035355841251
55.26,0.0113082629385286
55.27,0.011312853915576
55.28,0.0113173059795163
55.29,0.0113216165795435
55.3,0.0113257831497962
55.3099999999999,0.0113298031308626
55.32,0.0113336739666923
55.33,0.0113373930267867
55.34,0.0113409576943756
55.35,0.0113443653384461
55.36,0.0113476133137421
55.37,0.0113506989607649
55.38,0.0113536196925924
55.39,0.0113563727867056
55.4,0.011358955550237
55.41,0.0113613652794467
55.42,0.0113635992574073
55.4299999999999,0.0113656547540039
55.44,0.0113675290902758
55.45,0.0113692195461991
55.46,0.0113707233309792
55.47,0.011372037679002
55.48,0.0113731598129447
55.49,0.0113740869437756
55.5,0.0113748162867386
55.51,0.0113753451334966
55.52,0.0113756706260239
55.53,0.0113757899516631
55.54,0.0113757002884651
55.55,0.0113753988051896
55.5599999999999,0.0113748827252257
55.57,0.0113741491897429
55.58,0.0113731953471157
55.59,0.0113720183441149
55.6,0.0113706153196917
55.61,0.0113689834807638
55.62,0.0113671199986101
55.63,0.0113650219774072
55.64,0.0113626865532773
55.65,0.0113601108573614
55.66,0.0113572920541873
55.67,0.0113542273742126
55.6799999999999,0.0113509138992696
55.69,0.0113473487704506
55.7,0.0113435291269346
55.71,0.0113394521072502
55.72,0.0113351149471841
55.73,0.0113305147468475
55.74,0.0113256486566009
55.75,0.011320513826885
55.76,0.0113151074082205
55.77,0.0113094266584638
55.78,0.0113034687488657
55.79,0.0112972308303785
55.8,0.0112907100856276
55.8099999999999,0.0112839037004464
55.82,0.0112768089458978
55.83,0.0112694231461475
55.84,0.0112617434826345
55.85,0.0112537672217481
55.86,0.011245491645162
55.87,0.0112369140507425
55.88,0.0112280317884018
55.89,0.0112188421959273
55.9,0.0112093426302512
55.91,0.0111995304770924
55.92,0.0111894031452416
55.9299999999999,0.0111789580640133
55.94,0.011168192656266
55.95,0.0111571044151773
55.96,0.0111456908422727
55.97,0.0111339494656982
55.98,0.0111218778411602
55.99,0.0111094735598406
56,0.0110967342450099
56.01,0.0110836575393416
56.02,0.0110702411231377
56.03,0.0110564827098071
56.04,0.0110423800468668
56.05,0.0110279310121242
56.0599999999999,0.0110131334320293
56.07,0.0109979851776112
56.08,0.0109824841795878
56.09,0.0109666284139021
56.1,0.0109504159118943
56.11,0.0109338448128416
56.12,0.0109169132202983
56.13,0.0108996193260619
56.14,0.0108819613779683
56.15,0.0108639376815956
56.16,0.0108455465856481
56.17,0.010826786496303
56.1799999999999,0.0108076559050657
56.19,0.0107881533545491
56.2,0.0107682774517511
56.21,0.0107480268696227
56.22,0.010727400390192
56.23,0.0107063968215901
56.24,0.0106850150492843
56.25,0.0106632540389081
56.26,0.0106411128319416
56.27,0.0106185905474161
56.28,0.010595686568226
56.29,0.0105724002158392
56.3,0.0105487308595496
56.3099999999999,0.0105246780146353
56.32,0.0105002412932894
56.33,0.0104754204070506
56.34,0.0104502152503538
56.35,0.0104246257884243
56.36,0.0103986520391702
56.37,0.01037229417242
56.38,0.0103455524753051
56.39,0.0103184273550816
56.4,0.0102909192139054
56.41,0.0102630285657023
56.42,0.0102347562264699
56.4299999999999,0.0102061030399042
56.44,0.010177069972355
56.45,0.0101476581148622
56.46,0.0101178686422642
56.47,0.0100877028180157
56.48,0.0100571621413688
56.49,0.0100262481905062
56.5,0.00999496267330372
56.51,0.00996330742901131
56.52,0.00993128469518705
56.53,0.00989889749314386
56.54,0.00986614780250347
56.55,0.0098330382901851
56.5599999999999,0.00979957180951322
56.57,0.00976575140511504
56.58,0.00973158033038184
56.59,0.00969706212680408
56.6,0.00966220043200929
56.61,0.00962699914467042
56.62,0.0095914623873118
56.63,0.0095555941899221
56.64,0.00951939799210622
56.65,0.00948287843687612
56.66,0.0094460398534211
56.67,0.0094088869459729
56.6799999999999,0.00937142527285016
56.69,0.00933365953629847
56.7,0.00929559501143682
56.71,0.00925723740885441
56.72,0.00921859329678392
56.73,0.00917966869181833
56.74,0.00914047025650409
56.75,0.00910100472511065
56.76,0.00906127841095322
56.77,0.00902129891325975
56.78,0.00898107371549215
56.79,0.00894061033459787
56.8,0.00889991588176255
56.8099999999999,0.00885899849568217
56.82,0.00881786614772876
56.83,0.00877652715042792
56.84,0.00873499056492097
56.85,0.00869326486208363
56.86,0.00865135901823627
56.87,0.00860928240635515
56.88,0.00856704518684605
56.89,0.00852465709460264
56.9,0.00848212844725499
56.91,0.00843946969809289
56.92,0.00839669100592033
56.9299999999999,0.00835380359896558
56.94,0.00831081866969857
56.95,0.00826774746314971
56.96,0.00822460080963727
56.97,0.00818139058348982
56.98,0.0081381284891147
56.99,0.00809482643902562
57,0.00805149710369076
57.01,0.00800815260465136
57.02,0.00796480549925308
57.03,0.00792146852378063
57.04,0.00787815526027853
57.05,0.0078348787997541
57.0599999999999,0.00779165270961624
57.07,0.00774849079851267
57.08,0.00770540612340002
57.09,0.00766241271480072
57.1,0.00761952467164558
57.11,0.0075767561165925
57.12,0.00753412109944084
57.13,0.00749163384435903
57.14,0.00744930870684597
57.15,0.00740716005461209
57.16,0.00736520220213845
57.17,0.00732344948019445
57.1799999999999,0.00728191630955696
57.19,0.00724061705570942
57.2,0.00719956637180215
57.21,0.00715877918685297
57.22,0.00711826987763655
57.23,0.00707805307778879
57.24,0.00703814315897831
57.25,0.0069985537781292
57.26,0.00695929948966608
57.27,0.00692039435561276
57.28,0.00688185230712838
57.29,0.00684368717893253
57.3,0.00680591256337257
57.3099999999999,0.00676854189271874
57.32,0.00673158839942208
57.33,0.00669506522128502
57.34,0.00665898512044777
57.35,0.00662336066632558
57.36,0.00658820416823695
57.37,0.0065535276963325
57.38,0.00651934305410331
57.39,0.00648566168149632
57.4,0.00645249472867159
57.41,0.00641985301395435
57.42,0.0063877470356471
57.4299999999999,0.00635618690489535
57.44,0.00632518236246086
57.45,0.0062947427605757
57.46,0.00626487710351586
57.47,0.00623559409398793
57.48,0.00620690182598917
57.49,0.00617880803423993
57.5,0.00615132000737799
57.51,0.00612444499021638
57.52,0.00609818950776504
57.53,0.00607255956709399
57.54,0.00604756080914098
57.55,0.00602319847984785
57.5599999999999,0.0059994777031383
57.57,0.00597640270086806
57.58,0.00595397741250754
57.59,0.00593220532282723
57.6,0.00591108974131661
57.61,0.00589063347109923
57.62,0.00587083868099882
57.63,0.00585170721654587
57.64,0.00583324051036557
57.65,0.00581544010202683
57.66,0.00579830648701312
57.67,0.00578183999299562
57.6799999999999,0.00576604055686934
57.69,0.00575090791659406
57.7,0.00573644153046047
57.71,0.0057226402211187
57.72,0.00570950259692442
57.73,0.00569702693245216
57.74,0.00568521150966265
57.75,0.0056740539732355
57.76,0.00566355175970164
57.77,0.00565370204907237
57.78,0.00564450182171172
57.79,0.00563594792138634
57.8,0.00562803676301876
57.8099999999999,0.0056207646212202
57.82,0.00561412756351844
57.83,0.00560812153597749
57.84,0.00560274225224341
57.85,0.00559798525152684
57.86,0.00559384593330391
57.87,0.00559031955357726
57.88,0.00558740122825963
57.89,0.00558508597036675
57.9,0.00558336868146011
57.91,0.00558224416917551
57.92,0.00558170710711298
57.9299999999999,0.00558175211046209
57.94,0.005582373762032
57.95,0.00558356657268583
57.96,0.00558532500388529
57.97,0.00558764334412011
57.98,0.00559051599424962
57.99,0.00559393727838168
58,0.00559790150129489
58.01,0.00560240295539932
58.02,0.00560743593582035
58.03,0.00561299474461879
58.04,0.00561907367229506
58.05,0.00562566700787125
58.0599999999999,0.00563276911270841
58.07,0.00564037436390605
58.08,0.00564847703705703
58.09,0.00565707146990168
58.1,0.00566615210359371
58.11,0.00567571337121845
58.12,0.00568574970896191
58.13,0.00569625561603671
58.14,0.00570722562939226
58.15,0.00571865433722478
58.16,0.00573053656969499
58.17,0.00574286702772336
58.1799999999999,0.00575564056109356
58.19,0.00576885203305799
58.2,0.00578249614178665
58.21,0.00579656795569089
58.22,0.00581106249215421
58.23,0.00582597485594743
58.24,0.00584130023902246
58.25,0.0058570338610403
58.26,0.00587317103216901
58.27,0.00588970705636219
58.28,0.00590663732303085
58.29,0.00592395732724648
58.3,0.00594166260465912
58.3099999999999,0.00595974889804299
58.32,0.00597821191837965
58.33,0.00599704747309121
58.34,0.00601625145934721
58.35,0.00603581967659379
58.36,0.00605574819283996
58.37,0.00607603308109217
58.38,0.00609667049246635
58.39,0.00611765667537618
58.4,0.00613898791952848
58.41,0.00616066060087603
58.42,0.00618267116787994
58.4299999999999,0.00620501614200543
58.44,0.0062276921234546
58.45,0.00625069578600335
58.46,0.0062740238594011
58.47,0.0062976731509284
58.48,0.00632164054963846
58.49,0.00634592301083693
58.5,0.00637051752700622
58.51,0.00639542118468632
58.52,0.0064206311334546
58.53,0.00644614458727531
58.54,0.00647195886260638
58.55,0.00649807130187399
58.5599999999999,0.00652447932870952
58.57,0.00655118044224931
58.58,0.00657817229261697
58.59,0.00660545251204959
58.6,0.0066330188421188
58.61,0.00666086905774665
58.62,0.00668900072566432
58.63,0.0067174117878349
58.64,0.0067461001108767
58.65,0.00677506368281677
58.66,0.00680430090484303
58.67,0.00683380980208749
58.6799999999999,0.00686358864660668
58.69,0.00689363566484554
58.7,0.00692394874619573
58.71,0.00695452634855196
58.72,0.00698536675628607
58.73,0.00701646841680614
58.74,0.00704783012951824
58.75,0.00707945030159625
58.76,0.00711132757871523
58.77,0.0071434606329518
58.78,0.00717584813435834
58.79,0.00720848892400354
58.8,0.0072413818612375
58.8099999999999,0.00727452574899261
58.82,0.00730791931306582
58.83,0.00734156152808056
58.84,0.00737545130129493
58.85,0.00740958766663431
58.86,0.00744396975708828
58.87,0.00747859657769788
58.88,0.00751346723908092
58.89,0.00754858092614753
58.9,0.00758393687795651
58.91,0.00761953433569816
58.92,0.00765537260503187
58.9299999999999,0.00769145095129609
58.94,0.00772776866908284
58.95,0.00776432515866517
58.96,0.00780111981169775
58.97,0.00783815204651501
58.98,0.00787542130499793
58.99,0.00791292705027695
59,0.00795066876650132
59.01,0.0079886460146416
59.02,0.008026858360886
59.03,0.0080653053714681
59.04,0.00810398665353193
59.05,0.00814290182077061
59.0599999999999,0.00818205051859916
59.07,0.00822143241880449
59.08,0.00826104720983375
59.09,0.00830089456917922
59.1,0.00834097420996546
59.11,0.00838128586255446
59.12,0.00842182926503661
59.13,0.00846260419823624
59.14,0.0085036104391529
59.15,0.0085448477710565
59.16,0.00858631599609046
59.17,0.0086280149320395
59.1799999999999,0.0086699444067958
59.19,0.00871210425808234
59.2,0.00875449433494823
59.21,0.00879711448790246
59.22,0.00883996457815801
59.23,0.00888304447810359
59.24,0.00892635406393701
59.25,0.00896989322220236
59.26,0.00901366184375961
59.27,0.00905765982081138
59.28,0.00910188705115008
59.29,0.00914634344670934
59.3,0.00919102892323361
59.3099999999999,0.00923594339123497
59.32,0.00928108676905844
59.33,0.009326458973249
59.34,0.00937205992138601
59.35,0.00941788953705068
59.36,0.00946394774201087
59.37,0.00951023445979112
59.38,0.00955674961370456
59.39,0.00960349312358565
59.4,0.00965046490877927
59.41,0.00969766488645575
59.42,0.00974509298621969
59.4299999999999,0.00979274912268228
59.44,0.00984063320792536
59.45,0.00988874515331277
59.46,0.00993708486764129
59.47,0.00998565226418451
59.48,0.0100344472422106
59.49,0.0100834697008023
59.5,0.0101327195347531
59.51,0.0101821966353529
59.52,0.0102319008901451
59.53,0.0102818321789798
59.54,0.01033199037729
59.55,0.0103823753546976
59.5599999999999,0.010432986978579
59.57,0.0104838251080162
59.58,0.0105348895942485
59.59,0.0105861802828897
59.6,0.0106376970125663
59.61,0.0106894396225778
59.62,0.0107414079357901
59.63,0.0107936017709984
59.64,0.0108460209394476
59.65,0.0108986652467605
59.66,0.0109515344960743
59.67,0.0110046284743174
59.6799999999999,0.0110579469639094
59.69,0.0111114897392858
59.7,0.0111652565689711
59.71,0.0112192472130696
59.72,0.0112734614215083
59.73,0.0113278989368746
59.74,0.0113825594932615
59.75,0.0114374428063237
59.76,0.0114925485926218
59.77,0.0115478765572564
59.78,0.0116034263946874
59.79,0.011659197789403
59.8,0.0117151904314695
59.8099999999999,0.0117714039891427
59.82,0.0118278381191775
59.83,0.0118844924721459
59.84,0.0119413666890878
59.85,0.0119984604056118
59.86,0.0120557732460701
59.87,0.0121133048229621
59.88,0.0121710547408669
59.89,0.0122290225948501
59.9,0.0122872079664904
59.91,0.0123456104271546
59.92,0.0124042295428779
59.9299999999999,0.0124630648671053
59.94,0.0125221159429376
59.95,0.0125813823058187
59.96,0.0126408634833508
59.97,0.0127005589866928
59.98,0.0127604683194351
59.99,0.0128205909748699
60,0.0128809264375443
60.01,0.0129414741855467
60.02,0.0130022336802987
60.03,0.0130632043757214
60.04,0.0131243857156112
60.05,0.0131857771334277
60.0599999999999,0.0132473780513038
60.07,0.0133091878827523
60.08,0.0133712060303778
60.09,0.0134334318864685
60.1,0.01349586483304
60.11,0.013558504243636
60.12,0.0136213494790782
60.13,0.013684399890753
60.14,0.013747654819718
60.15,0.0138111135966854
60.16,0.0138747755472025
60.17,0.0139386399803
60.1799999999999,0.0140027061966388
60.19,0.014066973486976
60.2,0.014131441131893
60.21,0.0141961084020651
60.22,0.0142609745611264
60.23,0.0143260388582029
60.24,0.0143913005340932
60.25,0.0144567588195809
60.26,0.0145224129354467
60.27,0.0145882620927413
60.28,0.014654305493232
60.29,0.0147205423275261
60.3,0.0147869717768318
60.3099999999999,0.0148535930124685
60.32,0.0149204051958831
60.33,0.0149874074798002
60.34,0.0150545990077893
60.35,0.0151219789114173
60.36,0.0151895463136245
60.37,0.0152573003276975
60.38,0.0153252400572934
60.39,0.0153933645985795
60.4,0.0154616730374805
60.41,0.0155301644488207
60.42,0.0155988378990761
60.4299999999999,0.0156676924454007
60.44,0.0157367271356643
60.45,0.015805941010102
60.46,0.0158753330983966
60.47,0.0159449024209652
60.48,0.0160146479895469
60.49,0.0160845688068904
60.5,0.0161546638667979
60.51,0.0162249321556893
60.52,0.0162953726493512
60.53,0.0163659843153318
60.54,0.016436766112571
60.55,0.0165077169913645
60.5599999999999,0.0165788358936018
60.57,0.0166501217549926
60.58,0.0167215734994422
60.59,0.0167931900438156
60.6,0.0168649702966941
60.61,0.0169369131584318
60.62,0.0170090175214329
60.63,0.0170812822727505
60.64,0.0171537062875263
60.65,0.0172262884345422
60.66,0.0172990275747714
60.67,0.0173719225614451
60.6799999999999,0.0174449722402922
60.69,0.0175181754516603
60.7,0.0175915310252441
60.71,0.0176650377845821
60.72,0.0177386945459085
60.73,0.0178125001182258
60.74,0.0178864533035173
60.75,0.0179605528984624
60.76,0.0180347976902503
60.77,0.018109186460187
60.78,0.0181837179828009
60.79,0.0182583910259228
60.8,0.0183332043509331
60.8099999999999,0.0184081567149014
60.82,0.0184832468653344
60.83,0.0185584735446728
60.84,0.0186338354891626
60.85,0.0187093314289411
60.86,0.0187849600883204
60.87,0.018860720188349
60.88,0.0189366104405081
60.89,0.0190126295520905
60.9,0.0190887762248378
60.91,0.0191650491550366
60.92,0.0192414470337227
60.9299999999999,0.0193179685481676
60.94,0.0193946123783884
60.95,0.0194713772002101
60.96,0.0195482616845511
60.97,0.0196252644975223
60.98,0.0197023843006181
60.99,0.0197796197519606
61,0.0198569695033455
61.01,0.0199344322029301
61.02,0.0200120064946091
61.03,0.0200896910181179
61.04,0.0201674844091359
61.05,0.0202453853006909
61.0599999999999,0.0203233923228921
61.07,0.0204015040990721
61.08,0.0204797192504922
61.09,0.0205580363949911
61.1,0.0206364541470945
61.11,0.0207149711181245
61.12,0.0207935859192938
61.13,0.0208722971564463
61.14,0.0209511034318506
61.15,0.0210300033460718
61.16,0.0211089954971641
61.17,0.0211880784807894
61.1799999999999,0.021267250890336
61.19,0.0213465113169324
61.2,0.0214258583498195
61.21,0.021505290576264
61.22,0.0215848065817334
61.23,0.0216644049500143
61.24,0.0217440842633335
61.25,0.0218238431025106
61.26,0.021903680047094
61.27,0.0219835936753102
61.28,0.0220635825643583
61.29,0.0221436452904753
61.3,0.0222237804290559
61.3099999999999,0.0223039865547715
61.32,0.0223842622464599
61.33,0.022464606079678
61.34,0.0225450166270729
61.35,0.0226254924633147
61.36,0.0227060321631941
61.37,0.0227866343017598
61.38,0.0228672974544522
61.39,0.0229480201987752
61.4,0.0230288011109058
61.41,0.0231096387685027
61.42,0.0231905317502719
61.4299999999999,0.0232714786360357
61.44,0.0233524780068707
61.45,0.0234335284414145
61.46,0.0235146285097706
61.47,0.0235957768027288
61.48,0.0236769719041355
61.49,0.0237582123992342
61.5,0.0238394968747668
61.51,0.0239208239190766
61.52,0.0240021921322857
61.53,0.0240836001126118
61.54,0.0241650464511152
61.55,0.0242465297471975
61.5599999999999,0.0243280486028849
61.57,0.0244096016229623
61.58,0.0244911874151046
61.59,0.0245728045969555
61.6,0.0246544517892328
61.61,0.0247361276061974
61.62,0.0248178306713276
61.63,0.0248995596120691
61.64,0.0249813130599934
61.65,0.0250630896509561
61.66,0.0251448880129978
61.67,0.0252267067730022
61.6799999999999,0.0253085445881612
61.69,0.0253904001069488
61.7,0.0254722719820453
61.71,0.0255541588704461
61.72,0.0256360594335656
61.73,0.0257179723335242
61.74,0.025799896232654
61.75,0.0258818298096912
61.76,0.0259637717424505
61.77,0.0260457207133613
61.78,0.0261276754095529
61.79,0.0262096345229397
61.8,0.0262915967637732
61.8099999999999,0.0263735608771888
61.82,0.0264555255519672
61.83,0.0265374895106153
61.84,0.0266194514823762
61.85,0.0267014102034062
61.86,0.0267833644169522
61.87,0.0268653128654082
61.88,0.026947254265396
61.89,0.0270291873996041
61.9,0.0271111110325253
61.91,0.0271930239353487
61.92,0.0272749248860589
61.9299999999999,0.0273568126695359
61.94,0.0274386860762551
61.95,0.0275205438922825
61.96,0.027602384929101
61.97,0.0276842079976752
61.98,0.0277660119159987
61.99,0.0278477955091746
62,0.0279295576094902
62.01,0.0280112970572029
62.02,0.0280930127176463
62.03,0.0281747034375414
62.04,0.0282563680819248
62.05,0.0283380055238775
62.0599999999999,0.0284196146446314
62.07,0.0285011943336761
62.08,0.0285827434888636
62.09,0.02866426104095
62.1,0.0287457458956776
62.11,0.0288271969803136
62.12,0.0289086132320185
62.13,0.0289899935975003
62.14,0.0290713370331592
62.15,0.0291526425052328
62.16,0.0292339089190043
62.17,0.0293151352794067
62.1799999999999,0.0293963205757158
62.19,0.0294774637997747
62.2,0.0295585639519057
62.21,0.0296396200409351
62.22,0.029720631084215
62.23,0.029801596130944
62.24,0.0298825142125758
62.25,0.0299633843732918
62.26,0.0300442056702593
62.27,0.0301249771700394
62.28,0.0302056979486541
62.29,0.0302863670916533
62.3,0.0303669837195713
62.3099999999999,0.0304475469370166
62.32,0.0305280558574124
62.33,0.0306085096110339
62.34,0.0306889073388074
62.35,0.0307692481924207
62.36,0.0308495313344332
62.37,0.0309297559338487
62.38,0.0310099211634491
62.39,0.0310900262245496
62.4,0.0311700703214869
62.41,0.0312500526696413
62.42,0.031329972495526
62.4299999999999,0.031409829036876
62.44,0.0314896215427378
62.45,0.0315693491797269
62.46,0.0316490112388693
62.47,0.0317286069995951
62.48,0.0318081357378125
62.49,0.031887596738655
62.5,0.0319669892964256
62.51,0.0320463127145438
62.52,0.0321255663289918
62.53,0.0322047494981545
62.54,0.0322838615350052
62.55,0.0323629017898948
62.5599999999999,0.0324418696235174
62.57,0.0325207644069429
62.58,0.0325995855216486
62.59,0.0326783323595544
62.6,0.0327570044802596
62.61,0.0328356012400389
62.62,0.032914122080214
62.63,0.0329925664634858
62.64,0.0330709338669055
62.65,0.0331492237821172
62.66,0.033227435715601
62.67,0.0333055690599549
62.6799999999999,0.0333836232321479
62.69,0.033461597843988
62.7,0.0335394924156374
62.71,0.0336173064768225
62.72,0.0336950395667027
62.73,0.0337726912337385
62.74,0.0338502610337663
62.75,0.0339277484740569
62.76,0.0340051531564707
62.77,0.034082474656062
62.78,0.0341597125552374
62.79,0.0342368664435478
62.8,0.0343139359174824
62.8099999999999,0.0343909205802612
62.82,0.0344678202286123
62.83,0.0345446346085331
62.84,0.0346213633259073
62.85,0.0346980061003234
62.86,0.0347745626718442
62.87,0.0348510328018148
62.88,0.0349274161564024
62.89,0.0350037124606043
62.9,0.035079921554614
62.91,0.03515604323561
62.92,0.0352320773168223
62.9299999999999,0.0353080236277032
62.94,0.0353838816688382
62.95,0.0354596510520764
62.96,0.0355353316909112
62.97,0.0356109233293533
62.98,0.035686425711627
62.99,0.0357618388381904
63,0.0358371625890364
63.01,0.0359123966985705
63.02,0.0359875410129633
63.03,0.0360625953891749
63.04,0.0361375599735036
63.05,0.0362124347442819
63.0599999999999,0.0362872195937206
63.07,0.0363619145223396
63.08,0.0364365195518931
63.09,0.036511034421259
63.1,0.0365854591302995
63.11,0.0366597937478422
63.12,0.0367340382799262
63.13,0.0368081927434096
63.14,0.0368822568420874
63.15,0.0369562305872239
63.16,0.0370301139978511
63.17,0.0371039070351655
63.1799999999999,0.0371776096610009
63.19,0.0372512221698802
63.2,0.0373247445156304
63.21,0.0373981767044385
63.22,0.0374715187947229
63.23,0.0375447708551636
63.24,0.0376179333327339
63.25,0.0376910062584038
63.26,0.0377639897828337
63.27,0.0378368841049742
63.28,0.037909689442832
63.29,0.0379824057755616
63.3,0.0380550333092478
63.3099999999999,0.0381275723134222
63.32,0.0382000230030335
63.33,0.038272385604143
63.34,0.0383446601324698
63.35,0.0384168466712277
63.36,0.0384889455149695
63.37,0.0385609568432792
63.38,0.0386328808375915
63.39,0.0387047177959701
63.4,0.0387764681028885
63.41,0.0388481318903511
63.42,0.0389197094158827
63.4299999999999,0.0389912009459742
63.44,0.0390626068390995
63.45,0.0391339277167268
63.46,0.0392051637708081
63.47,0.039276315390258
63.48,0.0393473829820778
63.49,0.0394183669518061
63.5,0.0394892674284681
63.51,0.0395600849717723
63.52,0.0396308199955216
63.53,0.0397014729245775
63.54,0.0397720441948597
63.55,0.0398425337932817
63.5599999999999,0.0399129422788625
63.57,0.0399832700626962
63.58,0.0400535175262737
63.59,0.0401236850528226
63.6,0.0401937731824517
63.61,0.0402637824918526
63.62,0.0403337133083145
63.63,0.0404035660933689
63.64,0.0404733413173227
63.65,0.0405430394659471
63.66,0.0406126614219588
63.67,0.0406822075435373
63.6799999999999,0.0407516784066321
63.69,0.0408210746032474
63.7,0.0408903967414403
63.71,0.0409596452706572
63.72,0.0410288207139144
63.73,0.0410979237617216
63.74,0.04116695502261
63.75,0.041235915114943
63.76,0.0413048046220857
63.77,0.0413736237880376
63.78,0.0414423733978626
63.79,0.0415110540296737
63.8,0.0415796662632961
63.8099999999999,0.0416482106802665
63.82,0.0417166880595576
63.83,0.0417850990430324
63.84,0.0418534442056856
63.85,0.0419217241946657
63.86,0.0419899396645075
63.87,0.0420580913767462
63.88,0.0421261803996037
63.89,0.0421942072667977
63.9,0.0422621727532787
63.91,0.0423300776504185
63.92,0.0423979227660099
63.9299999999999,0.0424657086333998
63.94,0.0425334360197321
63.95,0.0426011058002017
63.96,0.0426687187651872
63.97,0.0427362757135834
63.98,0.0428037774115468
63.99,0.0428712243613589
64,0.0429386175005807
64.01,0.0430059575995486
64.02,0.0430732454308312
64.03,0.0431404817692299
64.04,0.0432076675393205
64.05,0.0432748036028649
64.0599999999999,0.0433418907153883
64.07,0.0434089297102142
64.08,0.043475921427657
64.09,0.0435428667303253
64.1,0.0436097668314245
64.11,0.0436766224623554
64.12,0.0437434345555462
64.13,0.043810204056913
64.14,0.0438769319258607
64.15,0.0439436190597456
64.16,0.0440102663712226
64.17,0.0440768748850743
64.1799999999999,0.044143445584056
64.19,0.0442099794614487
64.2,0.0442764775210574
64.21,0.0443429402606637
64.22,0.0444093688875298
64.23,0.0444757643731616
64.24,0.044542127676644
64.25,0.044608459759995
64.26,0.0446747615881662
64.27,0.0447410343155971
64.28,0.0448072788426612
64.29,0.0448734961681061
64.3,0.0449396872993343
64.3099999999999,0.0450058532493636
64.32,0.0450719950368277
64.33,0.0451381141813648
64.34,0.0452042115140489
64.35,0.0452702881416865
64.36,0.0453363451853019
64.37,0.0454023837785044
64.38,0.0454684050649798
64.39,0.0455344099406076
64.4,0.0456003996839314
64.41,0.0456663754398512
64.42,0.0457323383621273
64.4299999999999,0.0457982896133814
64.44,0.045864230355288
64.45,0.0459301613402581
64.46,0.0459960839322033
64.47,0.0460619992644324
64.48,0.0461279084729489
64.49,0.0461938126964536
64.5,0.0462597130894365
64.51,0.0463256111506611
64.52,0.046391507881913
64.53,0.0464574044873898
64.54,0.0465233021791852
64.55,0.0465892021772893
64.5599999999999,0.0466551057153902
64.57,0.0467210141417496
64.58,0.0467869286539943
64.59,0.0468528505213989
64.6,0.0469187810228137
64.61,0.0469847214466638
64.62,0.0470506730783186
64.63,0.0471166370366722
64.64,0.0471826147162442
64.65,0.0472486074134625
64.66,0.0473146164314601
64.67,0.0473806430800749
64.6799999999999,0.0474466886692328
64.69,0.0475127544425433
64.7,0.0475788417626626
64.71,0.0476449519531882
64.72,0.0477110863431868
64.73,0.0477772462671938
64.74,0.0478434330723047
64.75,0.047909648174855
64.76,0.0479758928966448
64.77,0.0480421686059639
64.78,0.0481084766776932
64.79,0.0481748184933049
64.8,0.0482411954418874
64.8099999999999,0.0483076089267903
64.82,0.0483740603456772
64.83,0.048440551107874
64.84,0.0485070826294392
64.85,0.0485736563331632
64.86,0.0486402736367625
64.87,0.0487069358901487
64.88,0.0487736445719348
64.89,0.0488404011166952
64.9,0.0489072069643105
64.91,0.0489740635599674
64.92,0.049040972343716
64.9299999999999,0.0491079347046577
64.94,0.0491749521314676
64.95,0.0492420260785779
64.96,0.049309158004602
64.97,0.0493763493723338
64.98,0.0494436016439797
64.99,0.0495109162613942
65,0.0495782947076291
65.01,0.0496457384546197
65.02,0.0497132489776406
65.03,0.0497808277549538
65.04,0.0498484762674122
65.05,0.0499161960005782
65.0599999999999,0.0499839884427493
65.07,0.050051855085526
65.08,0.050119797385923
65.09,0.0501878167743556
65.1,0.0502559147670929
65.11,0.0503240928437152
65.12,0.0503923524843756
65.13,0.0504606951307089
65.14,0.050529122223741
65.15,0.050597635252073
65.16,0.0506662356783388
65.17,0.0507349249636261
65.1799999999999,0.0508037045418867
65.19,0.0508725758572778
65.2,0.050941540367029
65.21,0.0510105995156833
65.22,0.0510797547451437
65.23,0.051149007422706
65.24,0.0512183589707102
65.25,0.0512878108181013
65.26,0.0513573643721544
65.27,0.0514270210349925
65.28,0.0514967820865049
65.29,0.051566648909818
65.3,0.0516366228581555
65.3099999999999,0.0517067052581493
65.32,0.0517768974211778
65.33,0.0518472006323878
65.34,0.0519176161675236
65.35,0.0519881452852124
65.36,0.0520587892227247
65.37,0.052129549197184
65.38,0.0522004263978926
65.39,0.052271421995313
65.4,0.0523425371398249
65.41,0.0524137729552759
65.42,0.0524851305403069
65.4299999999999,0.0525566109302067
65.44,0.0526282151356649
65.45,0.0526999441707777
65.46,0.052771798997674
65.47,0.0528437805437643
65.48,0.0529158896684516
65.49,0.0529881271788089
65.5,0.0530604938906009
65.51,0.05313299055131
65.52,0.0532056178619325
65.53,0.0532783764635169
65.54,0.0533512669321543
65.55,0.0534242898209864
65.5599999999999,0.0534974456146531
65.57,0.053570734740214
65.58,0.0536441575482248
65.59,0.053717714282605
65.6,0.0537914051933026
65.61,0.0538652304314481
65.62,0.053939190075957
65.63,0.0540132841088692
65.64,0.0540875123117887
65.65,0.054161874554246
65.66,0.0542363705483553
65.67,0.0543109999118472
65.6799999999999,0.0543857621560994
65.69,0.0544606565577679
65.7,0.0545356824563547
65.71,0.054610839012104
65.72,0.0546861252656052
65.73,0.054761540133851
65.74,0.0548370823386116
65.75,0.0549127505368681
65.76,0.0549885432207473
65.77,0.0550644587351032
65.78,0.055140495219111
65.79,0.0552166506850109
65.8,0.0552929229866937
65.8099999999999,0.0553693097949727
65.82,0.0554458085196182
65.83,0.0555224163652367
65.84,0.0555991304174992
65.85,0.0556759475097974
65.86,0.0557528641882994
65.87,0.0558298766381702
65.88,0.0559069809868052
65.89,0.0559841730190536
65.9,0.0560614482620394
65.91,0.056138802127852
65.92,0.0562162295469483
65.9299999999999,0.0562937252340368
65.94,0.0563712836096882
65.95,0.0564488987835278
65.96,0.0565265645635121
65.97,0.0566042744373037
65.98,0.0566820215659329
65.99,0.0567597983382739
66,0.0568375967913771
66.01,0.0569154086691554
66.02,0.0569932252029602
66.03,0.0570710372234424
66.04,0.0571488348985485
66.05,0.0572266080136018
66.0599999999999,0.057304346429847
66.07,0.0573820389682249
66.08,0.0574596741982052
66.09,0.0575372397998466
66.1,0.0576147232731623
66.11,0.0576921115148943
66.12,0.0577693903602494
66.13,0.0578465448125586
66.14,0.0579235593199871
66.15,0.0580004181225964
66.16,0.0580771041608396
66.17,0.0581535999008017
66.1799999999999,0.0582298875834718
66.19,0.0583059484179276
66.2,0.0583817627819147
66.21,0.058457310183336
66.22,0.0585325696332752
66.23,0.0586075183382394
66.24,0.0586821329757117
66.25,0.0587563891673477
66.26,0.0588302622459331
66.27,0.0589037258431415
66.28,0.0589767531993227
66.29,0.0590493169620173
66.3,0.059121388638212
66.3099999999999,0.0591929382666216
66.32,0.059263935337832
66.33,0.059334348243691
66.34,0.0594041435547028
66.35,0.0594732871347559
66.36,0.0595417437925274
66.37,0.0596094775793003
66.38,0.0596764508679098
66.39,0.0597426260096855
66.4,0.0598079641657508
66.41,0.0598724255375063
66.42,0.0599359689320838
66.4299999999999,0.0599985528162105
66.44,0.0600601342579395
66.45,0.0601206688017268
66.46,0.0601801113825127
66.47,0.060238416357522
66.48,0.0602955369400686
66.49,0.0603514253375798
66.5,0.0604060347936457
66.51,0.0604593168227392
66.52,0.0605112227365467
66.53,0.0605617029174148
66.54,0.0606107080084521
66.55,0.0606581878745866
66.5599999999999,0.0607040920508573
66.57,0.0607483698810169
66.58,0.0607909713914526
66.59,0.060831845895304
66.6,0.0608709432810193
66.61,0.0609082143747155
66.62,0.0609436099044029
66.63,0.0609770814115965
66.64,0.0610085811758927
66.65,0.0610380624255981
66.66,0.0610654791907699
66.67,0.06109078662024
66.6799999999999,0.061113941104036
66.69,0.0611349004404399
66.7,0.0611536237745475
66.71,0.061170071857568
66.72,0.0611842073485679
66.73,0.0611959945855001
66.74,0.0612053998652284
66.75,0.0612123913574188
66.76,0.061216939594343
66.77,0.0612190169872802
66.78,0.0612185979804279
66.79,0.0612156596690429
66.8,0.0612101809270384
66.8099999999999,0.061202143053511
66.82,0.0611915298639608
66.83,0.061178327014166
66.84,0.0611625227706897
66.85,0.0611441077815924
66.86,0.0611230740684272
66.87,0.0610994166286523
66.88,0.0610731323922848
66.89,0.0610442195522529
66.9,0.0610126790226578
66.91,0.0609785132997019
66.92,0.0609417260434431
66.9299999999999,0.0609023231554747
66.94,0.0608603117723286
66.95,0.0608157000646738
66.96,0.0607684978669955
66.97,0.0607187158954396
66.98,0.0606663656667651
66.99,0.0606114597993294
67,0.0605540113994829
67.01,0.0604940340946308
67.02,0.0604315421004224
67.03,0.0603665498340735
67.04,0.060299071746784
67.05,0.0602291224606686
67.0599999999999,0.060156716436449
67.07,0.0600818680166489
67.08,0.0600045910708894
67.09,0.059924899018219
67.1,0.0598428050195361
67.11,0.059758321418256
67.12,0.0596714596986345
67.13,0.0595822307808304
67.14,0.0594906448558873
67.15,0.0593967107338895
67.16,0.0593004363776729
67.17,0.0592018291265428
67.1799999999999,0.0591008945673072
67.19,0.0589976372136865
67.2,0.0588920610233251
67.21,0.0587841679973064
67.22,0.0586739589642025
67.23,0.0585614339289916
67.24,0.0584465914447899
67.25,0.0583294284465888
67.26,0.0582099409265369
67.27,0.0580881239661214
67.28,0.0579639707332999
67.29,0.0578374734025634
67.3,0.0577086236210924
67.3099999999999,0.0575774110974807
67.32,0.0574438246103856
67.33,0.0573078525737279
67.34,0.0571694817953533
67.35,0.0570286981756504
67.36,0.0568854872024208
67.37,0.0567398338577705
67.38,0.0565917218130625
67.39,0.0564411344675341
67.4,0.0562880558299051
67.41,0.0561324684305405
67.42,0.0559743549448097
67.4299999999999,0.0558136985462722
67.44,0.0556504821978534
67.45,0.0554846889099693
67.46,0.055316302384475
67.47,0.055145307287467
67.48,0.0549716882978606
67.49,0.054795431141376
67.5,0.054616523327803
67.51,0.054434952768687
67.52,0.0542507089621702
67.53,0.0540637832857123
67.54,0.0538741688360714
67.55,0.0536818603639933
67.5599999999999,0.053486854862743
67.57,0.0532891517761895
67.58,0.0530887527538174
67.59,0.0528856621398162
67.6,0.0526798870956902
67.61,0.0524714377321518
67.62,0.052260327282953
67.63,0.0520465722102153
67.64,0.0518301919375731
67.65,0.0516112099915552
67.66,0.0513896534406098
67.67,0.0511655525699303
67.6799999999999,0.0509389416510588
67.69,0.0507098593818323
67.7,0.0504783483019225
67.71,0.0502444537287456
67.72,0.0500082267270301
67.73,0.049769722177825
67.74,0.0495289983010521
67.75,0.0492861173812917
67.76,0.0490411470207583
67.77,0.0487941586845245
67.78,0.048545225648494
67.79,0.0482944278725063
67.8,0.0480418486460694
67.8099999999999,0.0477875738487499
67.82,0.0475316927074095
67.83,0.0472743004445084
67.84,0.0470154951810878
67.85,0.046755377758084
67.86,0.04649404845049
67.87,0.0462316164314518
67.88,0.0459681919521418
67.89,0.0457038883149271
67.9,0.0454388152246172
67.91,0.0451730916684523
67.92,0.0449068367275711
67.9299999999999,0.0446401713797811
67.94,0.0443732154917135
67.95,0.0441060916571843
67.96,0.0438389248196035
67.97,0.0435718400787917
67.98,0.0433049625466549
67.99,0.0430384170934954
68,0.0427723302226663
68.01,0.0425068277974447
68.02,0.0422420353784973
68.03,0.041978077789605
68.04,0.0417150794331968
68.05,0.0414531636534899
68.0599999999999,0.0411924526241751
68.07,0.040933068517111
68.08,0.0406751307360185
68.09,0.0404187572126226
68.1,0.0401640640911139
68.11,0.0399111669836415
68.12,0.0396601791106262
68.13,0.0394112103199807
68.14,0.0391643686148802
68.15,0.0389197605704525
68.16,0.0386774921736173
68.17,0.0384376634646472
68.1799999999999,0.0382003730540714
68.19,0.0379657170038549
68.2,0.0377337931561337
68.21,0.0375046911423644
68.22,0.0372784997282226
68.23,0.0370553048254983
68.24,0.0368351928949297
68.25,0.0366182450642759
68.26,0.0364045396368535
68.27,0.0361941526706091
68.28,0.0359871592937781
68.29,0.0357836323677162
68.3,0.0355836401939278
68.3099999999999,0.0353872495082696
68.32,0.0351945250512447
68.33,0.0350055306871378
68.34,0.0348203257807674
68.35,0.0346389682440332
68.36,0.0344615137460981
68.37,0.0342880185336145
68.38,0.0341185337989527
68.39,0.0339531098477549
68.4,0.033791795122231
68.41,0.0336346368598403
68.42,0.0334816802822707
68.4299999999999,0.0333329687745692
68.44,0.0331885442945187
68.45,0.0330484471779571
68.46,0.0329127162022789
68.47,0.0327813889188453
68.48,0.0326545014311733
68.49,0.0325320884926515
68.5,0.0324141833421368
68.51,0.0323008183114818
68.52,0.0321920244464653
68.53,0.032087831672721
68.54,0.0319882681845241
68.55,0.0318933617176796
68.5599999999999,0.0318031388722956
68.57,0.0317176252144129
68.58,0.0316368445745457
68.59,0.0315608199206564
68.6,0.0314895738299614
68.61,0.031423127628604
68.62,0.0313615012611728
68.63,0.0313047128548195
68.64,0.0312527809317474
68.65,0.0312057224863689
68.66,0.031163553459193
68.67,0.0311262873131058
68.6799999999999,0.0310939381614821
68.69,0.0310665184345327
68.7,0.0310440394735441
68.71,0.0310265104288026
68.72,0.0310139400243028
68.73,0.0310063358705184
68.74,0.0310037041543025
68.75,0.03100604930043
68.76,0.0310133740555239
68.77,0.031025680357921
68.78,0.0310429683825797
68.79,0.031065236706927
68.8,0.0310924823697739
68.8099999999999,0.0311247007691221
68.82,0.0311618855425688
68.83,0.0312040284612592
68.84,0.031251119710296
68.85,0.0313031475662364
68.86,0.0313600979532747
68.87,0.0314219551118732
68.88,0.0314887012321824
68.89,0.0315603163783782
68.9,0.0316367785707201
68.91,0.0317180634852814
68.92,0.0318041445926439
68.9299999999999,0.0318949935247876
68.94,0.0319905794646983
68.95,0.0320908691292773
68.96,0.0321958270118027
68.97,0.0323054154169021
68.98,0.032419594046982
68.99,0.0325383202428202
69,0.0326615488996227
69.01,0.0327892324169588
69.02,0.0329213206489653
69.03,0.0330577609260221
69.04,0.0331984988144833
69.05,0.0333434765411454
69.0599999999999,0.0334926340613093
69.07,0.0336459093469573
69.08,0.0338032382983855
69.09,0.0339645536385271
69.1,0.0341297860189957
69.11,0.0342988644427001
69.12,0.0344717150162681
69.13,0.0346482617571542
69.14,0.034828426535886
69.15,0.0350121291185893
69.16,0.0351992870071363
69.17,0.0353898156207463
69.1799999999999,0.0355836289972029
69.19,0.0357806387556906
69.2,0.0359807545712359
69.21,0.0361838846741241
69.22,0.0363899367220813
69.23,0.0365988154324822
69.24,0.0368104245362931
69.25,0.0370246668233089
69.26,0.0372414438406899
69.27,0.0374606558809016
69.28,0.0376822013982237
69.29,0.0379059779795777
69.3,0.0381318823715907
69.3099999999999,0.0383598105720892
69.32,0.0385896575169749
69.33,0.0388213172742045
69.34,0.0390546854688717
69.35,0.0392896564483235
69.36,0.0395261245560624
69.37,0.0397639829974847
69.38,0.0400031260157834
69.39,0.0402434479085176
69.4,0.0404848410934968
69.41,0.0407271993906764
69.42,0.0409704162491146
69.4299999999999,0.0412143870104638
69.44,0.0414590058577052
69.45,0.0417041680089835
69.46,0.0419497714660602
69.47,0.0421957136401909
69.48,0.0424418936872885
69.49,0.042688210044188
69.5,0.0429345641926893
69.51,0.0431808581528269
69.52,0.0434269931323931
69.53,0.0436728731464556
69.54,0.0439184028328338
69.55,0.0441634893652632
69.5599999999999,0.0444080399813335
69.57,0.0446519639578046
69.58,0.0448951731467698
69.59,0.0451375803485755
69.6,0.0453791004603003
69.61,0.0456196497546387
69.62,0.0458591471464271
69.63,0.0460975129144871
69.64,0.04633466774509
69.65,0.0465705356540591
69.66,0.0468050419408725
69.67,0.0470381138132744
69.6799999999999,0.0472696801012727
69.69,0.0474996716275053
69.7,0.047728021308043
69.71,0.0479546636887562
69.72,0.048179535640046
69.73,0.0484025765521088
69.74,0.0486237274529978
69.75,0.0488429313197049
69.76,0.0490601325509502
69.77,0.0492752784484339
69.78,0.0494883174456411
69.79,0.0496991989767672
69.8,0.0499078751646473
69.8099999999999,0.0501142997335347
69.82,0.0503184285452434
69.83,0.0505202185595939
69.84,0.0507196291582557
69.85,0.0509166221909458
69.86,0.051111160667018
69.87,0.0513032093246995
69.88,0.0514927341208617
69.89,0.0516797035837721
69.9,0.0518640870168801
69.91,0.0520458546104351
69.92,0.0522249787970293
69.9299999999999,0.0524014334001489
69.94,0.0525751946555508
69.95,0.0527462390328788
69.96,0.0529145448840996
69.97,0.0530800921029716
69.98,0.0532428619170357
69.99,0.0534028369769587
70,0.053560000788418
70.01,0.0537143386308036
70.02,0.0538658368894527
70.03,0.0540144826706183
70.04,0.0541602645772297
70.05,0.0543031721691182
70.0599999999999,0.0544431961693433
70.07,0.0545803282139801
70.08,0.0547145608822532
70.09,0.0548458880891023
70.1,0.0549743046860842
70.11,0.0550998063069378
70.12,0.0552223896763641
70.13,0.0553420524874867
70.14,0.0554587933151241
70.15,0.0555726114286856
70.16,0.055683506571173
70.17,0.0557914796721581
70.1799999999999,0.0558965321751011
70.19,0.055998666097495
70.2,0.0560978841293129
70.21,0.0561941896470255
70.22,0.056287587880691
70.23,0.0563780835971384
70.24,0.0564656826820844
70.25,0.0565503910811983
70.26,0.056632215964505
70.27,0.0567111649289678
70.28,0.0567872455171008
70.29,0.0568604661716782
70.3,0.056930835693046
70.3099999999999,0.0569983636204327
70.32,0.0570630598909961
70.33,0.0571249346538178
70.34,0.0571839987429832
70.35,0.0572402636371971
70.36,0.0572937409732164
70.37,0.0573444428937752
70.38,0.0573923817056893
70.39,0.0574375703672377
70.4,0.0574800221097666
70.41,0.0575197503889462
70.42,0.0575567690798246
70.4299999999999,0.0575910923163641
70.44,0.0576227347154019
70.45,0.0576517110999182
70.46,0.057678036546687
70.47,0.057701726459922
70.48,0.0577227965245368
70.49,0.057741262671077
70.5,0.0577571410732824
70.51,0.0577704481071265
70.52,0.0577812004259187
70.53,0.0577894148776135
70.54,0.0577951085978622
70.55,0.0577982989107698
70.5599999999999,0.057799003292996
70.57,0.0577972394351216
70.58,0.0577930253046161
70.59,0.0577863789589265
70.6,0.0577773186610309
70.61,0.0577658628137145
70.62,0.0577520298964156
70.63,0.0577358386280488
70.64,0.0577173078197239
70.65,0.057696456463962
70.66,0.0576733036707676
70.67,0.0576478686208256
70.6799999999999,0.0576201706230907
70.69,0.0575902293427994
70.7,0.0575580643364498
70.71,0.0575236953407801
70.72,0.0574871421793785
70.73,0.0574484246476952
70.74,0.0574075627935103
70.75,0.0573645766872332
70.76,0.0573194863595969
70.77,0.0572723118950333
70.78,0.0572230735164005
70.79,0.057171791429499
70.8,0.0571184860594692
70.8099999999999,0.0570631780626479
70.82,0.0570058877656778
70.83,0.0569466357046895
70.84,0.056885442489444
70.85,0.0568223288480608
70.86,0.0567573154735949
70.87,0.0566904231472393
70.88,0.0566216726731552
70.89,0.0565510845788358
70.9,0.0564786797880144
70.91,0.0564044791039843
70.92,0.0563285033349878
70.9299999999999,0.0562507729421257
70.94,0.0561713087028949
70.95,0.0560901312475098
70.96,0.0560072611401968
70.97,0.0559227194117927
70.98,0.055836526699749
70.99,0.0557487035791408
71,0.0556592706883417
71.01,0.0555682489133058
71.02,0.0554756590920139
71.03,0.0553815219146011
71.04,0.0552858581869648
71.05,0.0551886884258984
71.0599999999999,0.0550900329529172
71.07,0.0549899125349615
71.08,0.0548883476898971
71.09,0.0547853588156518
71.1,0.0546809661150202
71.11,0.0545751899362998
71.12,0.054468050451516
71.13,0.0543595677377014
71.14,0.054249762190054
71.15,0.0541386540003369
71.16,0.0540262630212205
71.17,0.0539126091949591
71.1799999999999,0.0537977123951747
71.19,0.0536815926671857
71.2,0.0535642697373453
71.21,0.0534457633466616
71.22,0.0533260931894895
71.23,0.0532052788428336
71.24,0.0530833396142462
71.25,0.0529602950388088
71.26,0.0528361644547281
71.27,0.0527109671162211
71.28,0.0525847221611904
71.29,0.0524574486348632
71.3,0.0523291655183634
71.3099999999999,0.05219989167867
71.32,0.0520696458810318
71.33,0.0519384468901333
71.34,0.0518063132731668
71.35,0.0516732635070742
71.36,0.0515393159759721
71.37,0.0514044889653338
71.38,0.0512688006985515
71.39,0.0511322692323282
71.4,0.0509949125377315
71.41,0.0508567484764153
71.42,0.0507177948430247
71.4299999999999,0.0505780693369255
71.44,0.0504375894777785
71.45,0.050296372707783
71.46,0.0501544363576684
71.47,0.0500117976489879
71.48,0.0498684737154735
71.49,0.0497244815405884
71.5,0.0495798380070882
71.51,0.0494345598821365
71.52,0.0492886638162587
71.53,0.0491421662642055
71.54,0.0489950836301591
71.55,0.0488474321924567
71.5599999999999,0.0486992280905719
71.57,0.0485504873361636
71.58,0.048401225848558
71.59,0.0482514594304265
71.6,0.0481012036980351
71.61,0.0479504741660195
71.62,0.0477992862190041
71.63,0.0476476551319765
71.64,0.0474955962049137
71.65,0.0473431243912896
71.66,0.0471902546042306
71.67,0.047037001632477
71.6799999999999,0.0468833801401579
71.69,0.0467294045873731
71.7,0.0465750893786781
71.71,0.0464204487867113
71.72,0.0462654969405067
71.73,0.0461102478373609
71.74,0.0459547153161503
71.75,0.0457989130730856
71.76,0.0456428547082669
71.77,0.0454865536649488
71.78,0.0453300232476234
71.79,0.045173276660583
71.8,0.0450163272384948
71.8099999999999,0.0448591877807128
71.82,0.0447018711154676
71.83,0.0445443899426861
71.84,0.044386756834138
71.85,0.0442289842425791
71.86,0.04407108450871
71.87,0.0439130698149503
71.88,0.0437549522310103
71.89,0.0435967437007366
71.9,0.043438456042373
71.91,0.04328010075469
71.92,0.0431216891707966
71.9299999999999,0.0429632327722187
71.94,0.0428047427540278
71.95,0.0426462301664079
71.96,0.0424877059134552
71.97,0.0423291811735949
71.98,0.0421706667484679
71.99,0.0420121731053183
72,0.0418537107447809
72.01,0.0416952900471339
72.02,0.0415369212733185
72.03,0.0413786144411727
72.04,0.0412203795536991
72.05,0.0410622264837133
72.0599999999999,0.0409041649602848
72.07,0.0407462045860723
72.08,0.0405883547134214
72.09,0.0404306247045974
72.1,0.040273023741618
72.11,0.0401155608689389
72.12,0.0399582450337384
72.13,0.0398010854326177
72.14,0.0396440906504493
72.15,0.0394872693460031
72.16,0.0393306300720954
72.17,0.0391741812466267
72.1799999999999,0.0390179310912429
72.19,0.0388618878621251
72.2,0.0387060596522338
72.21,0.0385504544475775
72.22,0.0383950799489611
72.23,0.0382399435674836
72.24,0.0380850529737268
72.25,0.0379304155325808
72.26,0.0377760384674265
72.27,0.0376219291189
72.28,0.0374680946999839
72.29,0.0373145420357366
72.3,0.037161277974274
72.3099999999999,0.0370083092523497
72.32,0.0368556426438664
72.33,0.0367032847407275
72.34,0.0365512419876444
72.35,0.0363995207797872
72.36,0.036248127424329
72.37,0.0360970678288987
72.38,0.0359463480909372
72.39,0.0357959741754469
72.4,0.0356459519052531
72.41,0.0354962869983858
72.42,0.0353469849459845
72.4299999999999,0.0351980512782888
72.44,0.035049491362036
72.45,0.0349013104519537
72.46,0.0347535136907921
72.47,0.0346061063359738
72.48,0.0344590932997414
72.49,0.0343124794503454
72.5,0.0341662695744328
72.51,0.034020468361841
72.52,0.0338750805323214
72.53,0.033730110604716
72.54,0.0335855630146716
72.55,0.0334414421338375
72.5599999999999,0.033297752252446
72.57,0.033154497425021
72.58,0.033011681724299
72.59,0.0328693091754363
72.6,0.0327273836753338
72.61,0.0325859090326286
72.62,0.0324448889442403
72.63,0.0323043270277708
72.64,0.0321642268268039
72.65,0.0320245917870854
72.66,0.0318854252659719
72.67,0.031746730544972
72.6799999999999,0.0316085108184746
72.69,0.0314707691814454
72.7,0.0313335086500167
72.71,0.0311967321552185
72.72,0.0310604426461942
72.73,0.0309246430474156
72.74,0.030789336034451
72.75,0.0306545242961672
72.76,0.0305202104561837
72.77,0.030386396966111
72.78,0.0302530860932976
72.79,0.0301202803281373
72.8,0.0299879819594276
72.8099999999999,0.0298561932044214
72.82,0.029724916209568
72.83,0.0295941530276964
72.84,0.0294639056412229
72.85,0.0293341759923485
72.86,0.0292049659377611
72.87,0.0290762772647329
72.88,0.0289481116917012
72.89,0.0288204709337608
72.9,0.0286933566019599
72.91,0.0285667702130707
72.92,0.0284407132451824
72.9299999999999,0.0283151871152247
72.94,0.0281901931798786
72.95,0.0280657326826286
72.96,0.0279418068596351
72.97,0.0278184168849272
72.98,0.0276955638639523
72.99,0.0275732488433344
73,0.0274514728115727
73.01,0.0273302367318085
73.02,0.0272095414713341
73.03,0.0270893878554601
73.04,0.0269697766566607
73.05,0.0268507085942836
73.0599999999999,0.0267321843344439
73.07,0.0266142044815689
73.08,0.0264967696034889
73.09,0.0263798802120838
73.1,0.0262635367695942
73.11,0.0261477396893862
73.12,0.0260324893258146
73.13,0.0259177859531439
73.14,0.0258036298537682
73.15,0.0256900212390468
73.16,0.025576960272873
73.17,0.0254644470722654
73.1799999999999,0.0253524817162993
73.19,0.0252410642421258
73.2,0.0251301946222676
73.21,0.0250198727951088
73.22,0.0249100986554684
73.23,0.0248008720552108
73.24,0.024692192803851
73.25,0.0245840606691662
73.26,0.0244764753778035
73.27,0.0243694367371902
73.28,0.0242629443505409
73.29,0.0241569978291321
73.3,0.0240515967591093
73.3099999999999,0.0239467406906289
73.32,0.0238424291385721
73.33,0.0237386615832614
73.34,0.0236354374711711
73.35,0.0235327561911485
73.36,0.0234306170879427
73.37,0.0233290195328562
73.38,0.0232279628353503
73.39,0.0231274462735517
73.4,0.0230274690949121
73.41,0.0229280305168677
73.42,0.0228291297274989
73.4299999999999,0.0227307658861899
73.44,0.0226329379766737
73.45,0.0225356451545293
73.46,0.0224388864920678
73.47,0.0223426610185845
73.48,0.0222469677354169
73.49,0.0221518056164721
73.5,0.0220571736087602
73.51,0.0219630706329243
73.52,0.0218694955904223
73.53,0.0217764473607476
73.54,0.0216839247825457
73.55,0.0215919266787017
73.5599999999999,0.0215004518486777
73.57,0.0214094990690587
73.58,0.0213190670941003
73.59,0.0212291546562714
73.6,0.0211397604668015
73.61,0.0210508832006264
73.62,0.0209625215335123
73.63,0.0208746741157631
73.64,0.0207873395767862
73.65,0.0207005165272069
73.66,0.0206142035594006
73.67,0.0205283992480247
73.6799999999999,0.0204431021505512
73.69,0.0203583107661761
73.7,0.0202740235559989
73.71,0.0201902390677332
73.72,0.0201069557802802
73.73,0.0200241721561869
73.74,0.0199418866420808
73.75,0.0198600976691094
73.76,0.0197788036533778
73.77,0.0196980029963862
73.78,0.0196176940942167
73.79,0.0195378753167296
73.8,0.0194585450241004
73.8099999999999,0.0193797015646862
73.82,0.0193013432745168
73.83,0.0192234684777386
73.84,0.019146075487053
73.85,0.0190691626041595
73.86,0.0189927281201986
73.87,0.0189167703161906
73.88,0.0188412874266589
73.89,0.0187662777153801
73.9,0.0186917394445975
73.91,0.0186176708543568
73.92,0.0185440701762973
73.9299999999999,0.0184709356340721
73.94,0.0183982654437677
73.95,0.0183260578143258
73.96,0.0182543109479608
73.97,0.0181830230405814
73.98,0.0181121921711264
73.99,0.0180418164545891
74,0.0179718941415991
74.01,0.0179024233861923
74.02,0.0178334023360755
74.03,0.0177648291329538
74.04,0.0176967019128577
74.05,0.0176290188064704
74.0599999999999,0.0175617779394551
74.07,0.017494977432782
74.08,0.0174286153899579
74.09,0.0173626898958031
74.1,0.0172971990791187
74.11,0.0172321410413368
74.12,0.0171675138804159
74.13,0.0171033156911517
74.14,0.0170395445654854
74.15,0.0169761985928127
74.16,0.0169132758602929
74.17,0.0168507744531576
74.1799999999999,0.0167886924563765
74.19,0.0167270279635511
74.2,0.0166657790489405
74.21,0.0166049437942576
74.22,0.0165445202809473
74.23,0.0164845065905017
74.24,0.0164249008047717
74.25,0.0163657010062828
74.26,0.0163069052785486
74.27,0.0162485117063848
74.28,0.0161905183762236
74.29,0.0161329231386041
74.3,0.0160757242025183
74.3099999999999,0.0160189196549612
74.32,0.0159625075688593
74.33,0.0159064860180276
74.34,0.0158508530773829
74.35,0.0157956068231606
74.36,0.0157407453331307
74.37,0.0156862666868113
74.38,0.0156321689656858
74.39,0.0155784502066685
74.4,0.0155251085031671
74.41,0.0154721419520881
74.42,0.0154195486391072
74.4299999999999,0.015367326652357
74.44,0.0153154740826165
74.45,0.0152639890235026
74.46,0.0152128695716585
74.47,0.0151621138269445
74.48,0.0151117198926292
74.49,0.0150616859345058
74.5,0.0150120100851262
74.51,0.014962690426665
74.52,0.0149137250864389
74.53,0.0148651121969277
74.54,0.0148168498959962
74.55,0.0147689363271175
74.5599999999999,0.0147213696395956
74.57,0.0146741479887879
74.58,0.0146272695363293
74.59,0.0145807324503532
74.6,0.0145345347680429
74.61,0.0144886745963951
74.62,0.0144431502149383
74.63,0.0143979597984963
74.64,0.014353101527468
74.65,0.0143085735879671
74.66,0.0142643741719621
74.67,0.0142205014774163
74.6799999999999,0.0141769537084272
74.69,0.0141337290753669
74.7,0.0140908257950223
74.71,0.0140482420353674
74.72,0.0140059759852355
74.73,0.0139640259248431
74.74,0.0139223900886035
74.75,0.0138810667171499
74.76,0.0138400540574383
74.77,0.0137993503628512
74.78,0.013758953893301
74.79,0.0137188629153333
74.8,0.0136790757022305
74.8099999999999,0.0136395905341156
74.82,0.0136004057297163
74.83,0.0135615196142421
74.84,0.0135229304594756
74.85,0.0134846365798484
74.86,0.0134466362977124
74.87,0.0134089279434648
74.88,0.0133715098556757
74.89,0.0133343803812135
74.9,0.0132975378753724
74.91,0.0132609807019977
74.92,0.0132247072336129
74.9299999999999,0.0131887158018524
74.94,0.013153004733933
74.95,0.0131175724843099
74.96,0.0130824174512158
74.97,0.0130475380412153
74.98,0.0130129326692923
74.99,0.0129785997589352
75,0.012944537742224
75.01,0.0129107450599164
75.02,0.0128772201615348
75.03,0.0128439615054519
75.04,0.0128109675187248
75.05,0.0127782366124686
75.0599999999999,0.0127457673256047
75.07,0.0127135581434766
75.08,0.0126816075598242
75.09,0.0126499140768325
75.1,0.0126184762051823
75.11,0.0125872924641011
75.12,0.0125563613814117
75.13,0.0125256814935836
75.14,0.0124952513457823
75.15,0.0124650694983057
75.16,0.0124351345270296
75.17,0.0124054449932693
75.1799999999999,0.0123759994791469
75.19,0.0123467965758913
75.2,0.0123178348838949
75.21,0.0122891130127697
75.22,0.0122606295814044
75.23,0.0122323832180213
75.24,0.0122043725602323
75.25,0.0121765962550959
75.26,0.0121490529033766
75.27,0.0121217410375906
75.28,0.0120946594557083
75.29,0.0120678068339473
75.3,0.0120411818575811
75.3099999999999,0.0120147832209748
75.32,0.0119886096276198
75.33,0.0119626597901704
75.34,0.0119369324304779
75.35,0.0119114262796268
75.36,0.0118861400779701
75.37,0.0118610725751642
75.38,0.0118362225302049
75.39,0.0118115887114624
75.4,0.0117871698967171
75.41,0.0117629647450394
75.42,0.0117389720305157
75.4299999999999,0.0117151906363945
75.44,0.0116916193685284
75.45,0.0116682570416392
75.46,0.011645102479329
75.47,0.0116221545140943
75.48,0.0115994119873389
75.49,0.0115768737493862
75.5,0.0115545386594926
75.51,0.0115324055858601
75.52,0.0115104734056496
75.53,0.0114887410049934
75.54,0.0114672072790086
75.55,0.0114458711318094
75.5599999999999,0.0114247314199288
75.57,0.0114037870951432
75.58,0.01138303709424
75.59,0.0113624803546271
75.6,0.0113421158225725
75.61,0.0113219424532109
75.62,0.0113019592105494
75.63,0.0112821650674754
75.64,0.0112625590057623
75.65,0.0112431400160767
75.66,0.0112239070979849
75.67,0.0112048592599594
75.6799999999999,0.0111859955193858
75.69,0.0111673149025691
75.7,0.0111488164144771
75.71,0.011130498924043
75.72,0.0111123616243024
75.73,0.0110944035682669
75.74,0.0110766238172348
75.75,0.011059021440777
75.76,0.011041595516723
75.77,0.0110243451311457
75.78,0.0110072693783475
75.79,0.0109903673608457
75.8,0.0109736381893579
75.8099999999999,0.0109570809827878
75.82,0.0109406948682107
75.83,0.0109244789808592
75.84,0.010908432464108
75.85,0.0108925543958733
75.86,0.010876843882207
75.87,0.0108613001641407
75.88,0.0108459224101823
75.89,0.0108307097963793
75.9,0.0108156615062878
75.91,0.0108007767309411
75.92,0.010786054668819
75.9299999999999,0.0107714945258163
75.94,0.0107570955152118
75.95,0.0107428568576376
75.96,0.0107287777810474
75.97,0.0107148575206856
75.98,0.0107010953190565
75.99,0.0106874904258927
76,0.0106740420743053
76.01,0.010660749535653
76.02,0.0106476120872615
76.03,0.0106346290060733
76.04,0.0106217995760036
76.05,0.0106091230879061
76.0599999999999,0.0105965988395389
76.07,0.0105842261355301
76.08,0.0105720042873438
76.09,0.0105599326132457
76.1,0.0105480104382687
76.11,0.0105362370941794
76.12,0.0105246119194429
76.13,0.0105131342591893
76.14,0.0105018034620478
76.15,0.0104906187736837
76.16,0.0104795796412457
76.17,0.0104686854315154
76.1799999999999,0.0104579355174227
76.19,0.0104473292780007
76.2,0.0104368660983406
76.21,0.010426545369546
76.22,0.0104163664886881
76.23,0.0104063288587605
76.24,0.0103964318886336
76.25,0.0103866749930101
76.26,0.010377057592379
76.27,0.010367579112971
76.28,0.010358238986713
76.29,0.0103490366162084
76.3,0.0103399713856452
76.3099999999999,0.0103310428026486
76.32,0.0103222503166909
76.33,0.0103135933823646
76.34,0.010305071459326
76.35,0.0102966840122389
76.36,0.0102884305107186
76.37,0.0102803104292755
76.38,0.0102723232472588
76.39,0.0102644684488003
76.4,0.0102567455227585
76.41,0.0102491539626616
76.42,0.0102416932666522
76.4299999999999,0.0102343629374303
76.44,0.0102271624472663
76.45,0.0102200913078639
76.46,0.0102131490517924
76.47,0.0102063351969608
76.48,0.0101996492653769
76.49,0.0101930907830853
76.5,0.0101866592801057
76.51,0.0101803542903712
76.52,0.0101741753516666
76.53,0.0101681220055662
76.54,0.0101621937973725
76.55,0.0101563902760541
76.5599999999999,0.0101507109941841
76.57,0.0101451555078781
76.58,0.0101397233767327
76.59,0.010134414111476
76.6,0.0101292273100159
76.61,0.0101241625442123
76.62,0.0101192193845196
76.63,0.0101143974043896
76.64,0.0101096961802037
76.65,0.010105115291206
76.66,0.0101006543194361
76.67,0.0100963128496616
76.6799999999999,0.0100920904693114
76.69,0.0100879867684082
76.7,0.0100840013395014
76.71,0.0100801337775995
76.72,0.0100763836801036
76.73,0.0100727506377727
76.74,0.0100692342163982
76.75,0.0100658340461422
76.76,0.010062549729938
76.77,0.0100593808724605
76.78,0.010056327080047
76.79,0.0100533879606171
76.8,0.010050563123593
76.8099999999999,0.0100478521798199
76.82,0.0100452547414856
76.83,0.0100427704220417
76.84,0.0100403988361229
76.85,0.0100381395955812
76.86,0.010035992318564
76.87,0.0100339566232108
76.88,0.0100320321277453
76.89,0.0100302184511447
76.9,0.0100285152130581
76.91,0.0100269220337257
76.92,0.0100254385338979
76.9299999999999,0.0100240643347544
76.94,0.0100227990578228
76.95,0.0100216423248979
76.96,0.0100205937645648
76.97,0.0100196530056146
76.98,0.0100188196636704
76.99,0.0100180933619633
77,0.0100174737236955
77.01,0.0100169603719633
77.02,0.0100165529296806
77.03,0.010016251019502
77.04,0.0100160542637463
77.05,0.01001596228432
77.0599999999999,0.0100159747026401
77.07,0.0100160911386927
77.08,0.0100163111773887
77.09,0.0100166344572767
77.1,0.0100170605932241
77.11,0.0100175891987753
77.12,0.0100182198860523
77.13,0.0100189522656556
77.14,0.0100197859465647
77.15,0.0100207205360391
77.16,0.0100217556398262
77.17,0.0100228908677776
77.1799999999999,0.0100241258179503
77.19,0.0100254600904431
77.2,0.0100268932832218
77.21,0.0100284249920249
77.22,0.0100300548102679
77.23,0.0100317823289487
77.24,0.0100336071365524
77.25,0.0100355288208102
77.26,0.0100375469897488
77.27,0.0100396612100899
77.28,0.0100418710622215
77.29,0.0100441761238843
77.3,0.0100465759700935
77.3099999999999,0.0100490701730614
77.32,0.0100516583021184
77.33,0.010054339923636
77.34,0.0100571146004952
77.35,0.0100599818881653
77.36,0.0100629413455867
77.37,0.0100659925255884
77.38,0.0100691349775136
77.39,0.0100723682471336
77.4,0.0100756918765609
77.41,0.0100791053986398
77.42,0.0100826083000948
77.4299999999999,0.0100862001308327
77.44,0.0100898804079125
77.45,0.0100936486428981
77.46,0.010097504341684
77.47,0.0101014470043217
77.48,0.0101054761300545
77.49,0.0101095912451146
77.5,0.0101137918170624
77.51,0.0101180773308444
77.52,0.0101224472666624
77.53,0.0101269010999728
77.54,0.0101314383014872
77.55,0.0101360583830076
77.5599999999999,0.010140760787386
77.57,0.0101455449769797
77.58,0.0101504104106034
77.59,0.0101553565429311
77.6,0.0101603828244953
77.61,0.0101654886250022
77.62,0.0101706733963016
77.63,0.0101759365758756
77.64,0.0101812775830234
77.65,0.0101866958316346
77.66,0.0101921907301894
77.67,0.0101977616093266
77.6799999999999,0.0102034078459171
77.69,0.0102091288445273
77.7,0.0102149239741158
77.71,0.0102207925966633
77.72,0.0102267340671726
77.73,0.0102327477273799
77.74,0.0102388329122102
77.75,0.0102449889586535
77.76,0.0102512151916593
77.77,0.0102575109290083
77.78,0.0102638754813127
77.79,0.0102703081718226
77.8,0.0102768083433844
77.8099999999999,0.0102833752642533
77.82,0.0102900082268583
77.83,0.0102967065174073
77.84,0.0103034694158872
77.85,0.0103102961733723
77.86,0.0103171859087329
77.87,0.0103241379476983
77.88,0.0103311515201845
77.89,0.0103382258475771
77.9,0.0103453601427315
77.91,0.0103525536099728
77.92,0.0103598053294489
77.9299999999999,0.0103671145430356
77.94,0.0103744804165704
77.95,0.0103819021058183
77.96,0.0103893787568802
77.97,0.0103969095061927
77.98,0.0104044934876139
77.99,0.0104121298593613
78,0.0104198177083191
78.01,0.0104275561382017
78.02,0.0104353442435572
78.03,0.0104431811097681
78.04,0.010451065813051
78.05,0.010458997417125
78.0599999999999,0.0104669749733032
78.07,0.0104749975338607
78.08,0.0104830641370157
78.09,0.0104911738117102
78.1,0.0104993255776101
78.11,0.0105075184451044
78.12,0.0105157513089657
78.13,0.0105240230849375
78.14,0.0105323328048736
78.15,0.0105406794146336
78.16,0.0105490618485639
78.17,0.0105574790294971
78.1799999999999,0.0105659298687525
78.19,0.0105744132145746
78.2,0.0105829279506703
78.21,0.0105914729621295
78.22,0.0106000471045606
78.23,0.0106086492212819
78.24,0.0106172781433216
78.25,0.010625932689418
78.26,0.0106346117275451
78.27,0.010643314034182
78.28,0.0106520383925097
78.29,0.0106607835810453
78.3,0.0106695483667246
78.3099999999999,0.0106783315049024
78.32,0.0106871317352808
78.33,0.0106959476886051
78.34,0.0107047781345248
78.35,0.0107136217697567
78.36,0.0107224772783914
78.37,0.0107313433318939
78.38,0.0107402185891028
78.39,0.0107491016658932
78.4,0.0107579910740414
78.41,0.0107668854965869
78.42,0.0107757835226457
78.4299999999999,0.010784683727101
78.44,0.0107935846706032
78.45,0.0108024848995696
78.46,0.0108113829408821
78.47,0.0108202773046576
78.48,0.0108291664990156
78.49,0.0108380490116166
78.5,0.010846923315738
78.51,0.0108557878702736
78.52,0.0108646411197341
78.53,0.0108734815087655
78.54,0.010882307460175
78.55,0.010891117370196
78.5599999999999,0.0108999096291747
78.57,0.0109086826133476
78.58,0.0109174346848414
78.59,0.0109261641916736
78.6,0.0109348693734968
78.61,0.0109435485541545
78.62,0.0109522000485097
78.63,0.0109608221318796
78.64,0.0109694130641692
78.65,0.0109779710898719
78.66,0.010986494438069
78.67,0.0109949812590528
78.6799999999999,0.0110034297764077
78.69,0.0110118381697547
78.7,0.0110202045987394
78.71,0.0110285272070055
78.72,0.0110368041221945
78.73,0.0110450334559457
78.74,0.0110532133170332
78.75,0.011061341784261
78.76,0.0110694169196771
78.77,0.0110774367729744
78.78,0.0110853993780024
78.79,0.0110933027527668
78.8,0.0111011448994298
78.8099999999999,0.0111089237942317
78.82,0.0111166374027619
78.83,0.0111242836836711
78.84,0.0111318605735999
78.85,0.0111393659931778
78.86,0.0111467978470234
78.87,0.0111541540237444
78.88,0.011161432384044
78.89,0.0111686307638123
78.9,0.011175747012403
78.91,0.0111827789487839
78.92,0.0111897243753951
78.9299999999999,0.0111965810781499
78.94,0.0112033468273777
78.95,0.0112100193773407
78.96,0.0112165964637716
78.97,0.0112230758068839
78.98,0.0112294551104018
78.99,0.0112357320615597
79,0.0112419043515003
79.01,0.0112479696603574
79.02,0.0112539256147747
79.03,0.0112597698442257
79.04,0.0112654999624467
79.05,0.0112711135674359
79.0599999999999,0.0112766082552746
79.07,0.0112819816073803
79.08,0.0112872311680847
79.09,0.0112923544776062
79.1,0.0112973490608989
79.11,0.011302212427652
79.12,0.0113069420774256
79.13,0.01131153549405
79.14,0.0113159901393771
79.15,0.0113203034638337
79.16,0.0113244729027458
79.17,0.0113284958763387
79.1799999999999,0.0113323698161989
79.19,0.0113360921324603
79.2,0.0113396601911398
79.21,0.0113430713607397
79.22,0.0113463229954515
79.23,0.0113494124351554
79.24,0.0113523370457005
79.25,0.0113550941671112
79.26,0.0113576810897825
79.27,0.0113600951146185
79.28,0.0113623335310563
79.29,0.0113643936172559
79.3,0.011366272640288
79.3099999999999,0.0113679678807346
79.32,0.0113694765908996
79.33,0.011370796003306
79.34,0.0113719233502476
79.35,0.0113728558549683
79.36,0.0113735907319168
79.37,0.0113741251870021
79.38,0.0113744564390168
79.39,0.0113745816779493
79.4,0.0113744980857557
79.41,0.0113742028424615
79.42,0.011373693121637
79.4299999999999,0.0113729660907017
79.44,0.0113720189112281
79.45,0.0113708487634272
79.46,0.0113694527936463
79.47,0.0113678281498696
79.48,0.0113659719790283
79.49,0.0113638814245271
79.5,0.0113615536265958
79.51,0.0113589857226414
79.52,0.0113561748956182
79.53,0.0113531182617816
79.54,0.011349812959546
79.55,0.0113462561285712
79.5599999999999,0.011342444908849
79.57,0.0113383764411384
79.58,0.0113340478717467
79.59,0.0113294564288657
79.6,0.0113245992246895
79.61,0.0113194734232534
79.62,0.0113140761939033
79.63,0.0113084047118803
79.64,0.0113024561589051
79.65,0.0112962277355126
79.66,0.0112897167147385
79.67,0.0112829202709658
79.6799999999999,0.0112758356340824
79.69,0.0112684600458077
79.7,0.0112607907604293
79.71,0.0112528250455393
79.72,0.0112445601909476
79.73,0.0112359935208235
79.74,0.0112271223361478
79.75,0.011217943972075
79.76,0.0112084557817727
79.77,0.0111986551372222
79.78,0.0111885394300186
79.79,0.0111781060885482
79.8,0.0111673525785905
79.8099999999999,0.0111562763426121
79.82,0.0111448748686487
79.83,0.0111331456698074
79.84,0.0111210862851568
79.85,0.0111086942806174
79.86,0.0110959673273678
79.87,0.0110829031396979
79.88,0.0110694993336808
79.89,0.0110557536280528
79.9,0.0110416637781345
79.91,0.0110272275770457
79.92,0.0110124428569204
79.9299999999999,0.0109973076024693
79.94,0.0109818198026667
79.95,0.0109659773853836
79.96,0.0109497783938472
79.97,0.0109332209225289
79.98,0.0109163031187369
79.99,0.0108990231842062
80,0.0108813792901211
80.01,0.0108633697253028
80.02,0.01084499287379
80.03,0.0108262471432807
80.04,0.0108071309999176
80.05,0.01078764296964
80.0599999999999,0.0107677816395364
80.07,0.0107475457867224
80.08,0.0107269341295446
80.09,0.0107059454464356
80.1,0.0106845786175041
80.11,0.0106628325957016
80.12,0.0106407064084711
80.13,0.0106181991593979
80.14,0.0105953102597244
80.15,0.0105720389316204
80.16,0.0105483845357713
80.17,0.0105243465516755
80.1799999999999,0.0104999245509158
80.19,0.0104751181992716
80.2,0.0104499272588311
80.21,0.0104243523051185
80.22,0.0103983930615514
80.23,0.0103720496977902
80.24,0.0103453225330342
80.25,0.0103182120143385
80.26,0.0102907187199785
80.27,0.0102628433202787
80.28,0.0102345856966749
80.29,0.010205947224946
80.3,0.0101769288621014
80.3099999999999,0.0101475316863301
80.32,0.0101177568986702
80.33,0.01008760582468
80.34,0.0100570799777337
80.35,0.0100261813674084
80.36,0.00999491153284181
80.37,0.00996327240531532
80.38,0.00993126606246001
80.39,0.00989889473077121
80.4,0.00986616078812349
80.41,0.00983306688783794
80.42,0.0097996161967038
80.4299999999999,0.00976581145250454
80.44,0.00973165582718877
80.45,0.00969715268508948
80.46,0.00966230558752082
80.47,0.00962711815469662
80.48,0.00959159423001903
80.49,0.00955573800319196
80.5,0.00951955378680294
80.51,0.00948304609943247
80.52,0.00944621966925001
80.53,0.009409079094256
80.54,0.0093716295422553
80.55,0.00933387632863205
80.5599999999999,0.00929582493382171
80.57,0.00925748104573613
80.58,0.00921885055217426
80.59,0.00917993949208708
80.6,0.00914075420634229
80.61,0.00910130121342837
80.62,0.00906158724652112
80.63,0.00902161925539641
80.64,0.00898140462720833
80.65,0.0089409510567347
80.66,0.00890026610885417
80.67,0.00885935777380225
80.6799999999999,0.00881823429440965
80.69,0.00877690416992155
80.7,0.00873537591962983
80.71,0.00869365852471076
80.72,0.00865176124624201
80.73,0.00860969354995923
80.74,0.00856746516094776
80.75,0.00852508601483051
80.76,0.00848256535070739
80.77,0.00843991395187971
80.78,0.00839714233420027
80.79,0.00835426123784137
80.8,0.00831128162637594
80.8099999999999,0.00826821476479629
80.82,0.00822507223250004
80.83,0.00818186562438265
80.84,0.00813860685965574
80.85,0.00809530808859529
80.86,0.00805198169251412
80.87,0.00800863982227211
80.88,0.00796529511958383
80.89,0.00792196063396698
80.9,0.00787864945400522
80.91,0.00783537486292112
80.92,0.00779215033597036
80.9299999999999,0.00774898883566643
80.94,0.00770590425919245
80.95,0.00766291038680315
80.96,0.00762002111047448
80.97,0.00757725046613152
80.98,0.00753461266532863
80.99,0.00749212192619289
81,0.00744979260925938
81.01,0.00740763917096592
81.02,0.0073656759843496
81.03,0.0073239175382269
81.04,0.00728237849249062
81.05,0.00724107348588906
81.0599999999999,0.00720001719261682
81.07,0.00715922354255542
81.08,0.00711870728302513
81.09,0.00707848286289755
81.1,0.00703856464356443
81.11,0.00699896686546155
81.12,0.00695970356110669
81.13,0.00692078881332248
81.14,0.00688223650133958
81.15,0.00684406035053225
81.16,0.00680627412592584
81.17,0.00676889137934569
81.1799999999999,0.00673192532932278
81.19,0.00669538909189538
81.2,0.00665929558205464
81.21,0.00662365725800524
81.22,0.00658848659524477
81.23,0.00655379573956865
81.24,0.00651959655199721
81.25,0.00648590050197852
81.26,0.00645271844297613
81.27,0.00642006133357594
81.28,0.00638793958556128
81.29,0.00635636321943741
81.3,0.00632534214103403
81.3099999999999,0.00629488580921042
81.32,0.00626500302821532
81.33,0.00623570230887455
81.34,0.00620699172558683
81.35,0.00617887966899306
81.36,0.00615137331123145
81.37,0.00612447960003415
81.38,0.00609820509586435
81.39,0.00607255595878077
81.4,0.00604753802814355
81.41,0.00602315652149073
81.42,0.005999416275669
81.4299999999999,0.00597632167152229
81.44,0.00595387679348723
81.45,0.00593208525681682
81.46,0.00591095006808437
81.47,0.00589047385170662
81.48,0.00587065876744421
81.49,0.00585150732416169
81.5,0.00583302077720788
81.51,0.00581520014752939
81.52,0.00579804609815676
81.53,0.00578155902480131
81.54,0.00576573946208036
81.55,0.00575058681634958
81.5599999999999,0.00573610043850881
81.57,0.00572227934117784
81.58,0.00570912212599089
81.59,0.00569662706394429
81.6,0.00568479217862215
81.61,0.00567361513180533
81.62,0.00566309326908054
81.63,0.00565322417401471
81.64,0.00564400462154314
81.65,0.00563543123341145
81.66,0.00562750043233005
81.67,0.00562020855661949
81.6799999999999,0.00561355235682002
81.69,0.00560752755322445
81.7,0.00560213005994303
81.71,0.00559735567476483
81.72,0.0055931993849933
81.73,0.00558965575237387
81.74,0.00558671988566062
81.75,0.00558438629449034
81.76,0.00558265074853468
81.77,0.00558150834320798
81.78,0.00558095364970078
81.79,0.0055809816167258
81.8,0.00558158619336842
81.8099999999999,0.00558276218946464
81.82,0.0055845042434358
81.83,0.00558680687981053
81.84,0.00558966415792963
81.85,0.00559307056556808
81.86,0.00559702038165218
81.87,0.00560150778694629
81.88,0.0056065267114033
81.89,0.00561207125947254
81.9,0.0056181353763652
81.91,0.00562471354068722
81.92,0.00563180095558964
81.9299999999999,0.00563939175647834
81.94,0.00564748070303021
81.95,0.0056560617077376
81.96,0.00566512870384914
81.97,0.00567467647127193
81.98,0.00568469939335117
81.99,0.00569519233892169
82,0.00570614994810035
82.01,0.00571756684720795
82.02,0.0057294378179407
82.03,0.00574175700563037
82.04,0.00575451928062735
82.05,0.00576771932932616
82.0599999999999,0.00578135182803022
82.07,0.00579541239516404
82.08,0.00580989582266529
82.09,0.00582479725990942
82.1,0.0058401119984811
82.11,0.00585583497098253
82.12,0.0058719616715669
82.13,0.00588848755562641
82.14,0.00590540815545534
82.15,0.00592271861405559
82.16,0.00594041459445954
82.17,0.00595849167959759
82.1799999999999,0.00597694547801982
82.19,0.00599577202626106
82.2,0.00601496705449151
82.21,0.00603452646704661
82.22,0.00605444625873792
82.23,0.00607472259027793
82.24,0.00609535162871069
82.25,0.00611632965536502
82.26,0.00613765305043201
82.27,0.00615931795831713
82.28,0.00618132091313422
82.29,0.00620365843382621
82.3,0.00622632709107968
82.3099999999999,0.00624932355891746
82.32,0.00627264453713327
82.33,0.00629628679933103
82.34,0.00632024718387228
82.35,0.00634452276210947
82.36,0.00636911052129343
82.37,0.00639400756837946
82.38,0.00641921109882685
82.39,0.00644471825208099
82.4,0.00647052636951481
82.41,0.00649663283039524
82.42,0.00652303507677306
82.4299999999999,0.00654973053686752
82.44,0.00657671677713827
82.45,0.006603991403212
82.46,0.00663155207330822
82.47,0.00665939660774821
82.48,0.00668752280726288
82.49,0.00671592853982631
82.5,0.00674461175086096
82.51,0.00677357043822404
82.52,0.00680280267052631
82.53,0.00683230658259299
82.54,0.00686208036966039
82.55,0.00689212222322848
82.5599999999999,0.00692243040713935
82.57,0.0069530032730944
82.58,0.00698383920152386
82.59,0.00701493664832846
82.6,0.00704629412208682
82.61,0.00707791015445022
82.62,0.00710978333894774
82.63,0.00714191233628545
82.64,0.00717429586902937
82.65,0.00720693268226431
82.66,0.00723982158410564
82.67,0.00727296140849156
82.6799999999999,0.00730635100169208
82.69,0.0073399893112823
82.7,0.00737387530281406
82.71,0.00740800798056601
82.72,0.00744238638489105
82.73,0.00747700959567125
82.74,0.00751187672702599
82.75,0.00754698693632958
82.76,0.00758233945972643
82.77,0.00761793351412188
82.78,0.00765376837294222
82.79,0.00768984334288961
82.8,0.00772615773799804
82.8099999999999,0.00776271093607728
82.82,0.00779950233463147
82.83,0.00783653136024102
82.84,0.00787379743907567
82.85,0.00791130005405997
82.86,0.00794903870112981
82.87,0.00798701289855802
82.88,0.00802522222683111
82.89,0.00806366624976665
82.9,0.00810234456426348
82.91,0.00814125679085387
82.92,0.00818040257456953
82.9299999999999,0.00821978157864677
82.94,0.0082593934864948
82.95,0.00829923800112127
82.96,0.00833931482519604
82.97,0.00837962368796331
82.98,0.00842016433676157
82.99,0.00846093652846974
83,0.00850194004587124
83.01,0.0085431746803703
83.02,0.00858464022813159
83.03,0.00862633650092445
83.04,0.00866826332958699
83.05,0.00871042055672377
83.0599999999999,0.00875280802738769
83.07,0.00879542560052213
83.08,0.00883827313513265
83.09,0.00888135049163793
83.1,0.00892465755120986
83.11,0.0089681941938496
83.12,0.00901196031065268
83.13,0.00905595580727416
83.14,0.00910018057652343
83.15,0.00914463452184722
83.16,0.00918931755330093
83.17,0.00923422959342731
83.1799999999999,0.0092793705553815
83.19,0.0093247403601478
83.2,0.00937033892934649
83.21,0.00941616617535335
83.22,0.00946222202472655
83.23,0.00950850639890859
83.24,0.00955501921914452
83.25,0.00960176041382363
83.26,0.00964872989947825
83.27,0.00969592759439272
83.28,0.0097433534143861
83.29,0.00979100728238237
83.3,0.00983888911673545
83.3099999999999,0.00988699882576755
83.32,0.00993533631873972
83.33,0.00998390150192063
83.34,0.0100326942811226
83.35,0.0100817145541989
83.36,0.0101309622162622
83.37,0.0101804371578729
83.38,0.0102301392653577
83.39,0.0102800684196221
83.4,0.010330224495672
83.41,0.0103806073628766
83.42,0.0104312168854843
83.4299999999999,0.0104820529279428
83.44,0.0105331153398055
83.45,0.0105844039672262
83.46,0.010635918649574
83.47,0.0106876592233544
83.48,0.0107396255161771
83.49,0.0107918173468209
83.5,0.0108442345279554
83.51,0.0108968768650158
83.52,0.010949744156972
83.53,0.0110028361933229
83.54,0.0110561527561671
83.55,0.0111096936193928
83.5599999999999,0.0111634585508026
83.57,0.0112174473083204
83.58,0.0112716596406572
83.59,0.0113260952883283
83.6,0.011380753983069
83.61,0.0114356354537505
83.62,0.0114907394128793
83.63,0.0115460655665827
83.64,0.0116016136118494
83.65,0.0116573832374582
83.66,0.0117133741247845
83.67,0.0117695859425872
83.6799999999999,0.0118260183515683
83.69,0.0118826710029485
83.7,0.0119395435392884
83.71,0.0119966355932235
83.72,0.0120539467871235
83.73,0.0121114767339111
83.74,0.0121692250366332
83.75,0.0122271912910989
83.76,0.0122853750802548
83.77,0.0123437759779142
83.78,0.0124023935479661
83.79,0.012461227344878
83.8,0.0125202769153276
83.8099999999999,0.0125795417925343
83.82,0.0126390215009581
83.83,0.0126987155549492
83.84,0.0127586234594877
83.85,0.0128187447094537
83.86,0.0128790787887338
83.87,0.0129396251714455
83.88,0.013000383321488
83.89,0.0130613526932542
83.9,0.01312253273013
83.91,0.0131839228653146
83.92,0.0132455225217756
83.9299999999999,0.0133073311121297
83.94,0.0133693480405687
83.95,0.0134315727002093
83.96,0.0134940044726254
83.97,0.0135566427298775
83.98,0.0136194868337196
83.99,0.0136825361368675
84,0.0137457899829283
84.01,0.0138092477024265
84.02,0.0138729086169847
84.03,0.0139367720380662
84.04,0.0140008372670734
84.05,0.0140651035957831
84.0599999999999,0.0141295703050808
84.07,0.014194236666028
84.08,0.0142591019395726
84.09,0.0143241653765556
84.1,0.0143894262179534
84.11,0.0144548836943704
84.12,0.0145205370264158
84.13,0.0145863854246291
84.14,0.0146524280894784
84.15,0.0147186642143228
84.16,0.0147850929805344
84.17,0.0148517135589211
84.1799999999999,0.0149185251112361
84.19,0.0149855267894594
84.2,0.0150527177375813
84.21,0.0151200970903117
84.22,0.0151876639704404
84.23,0.015255417492477
84.24,0.0153233567615384
84.25,0.0153914808718853
84.26,0.0154597889048585
84.27,0.0155282799388309
84.28,0.0155969530399928
84.29,0.0156658072650554
84.3,0.0157348416612736
84.3099999999999,0.01580405527102
84.32,0.0158734471268899
84.33,0.0159430162474973
84.34,0.0160127616451493
84.35,0.0160826823232561
84.36,0.0161527772763842
84.37,0.0162230454874276
84.38,0.0162934859332566
84.39,0.0163640975817965
84.4,0.0164348793917116
84.41,0.0165058303129189
84.42,0.0165769492870436
84.4299999999999,0.0166482352534295
84.44,0.0167196871342092
84.45,0.0167913038465663
84.46,0.0168630842994712
84.47,0.0169350273937463
84.48,0.0170071320226097
84.49,0.0170793970719523
84.5,0.0171518214183027
84.51,0.0172244039310075
84.52,0.0172971434716732
84.53,0.0173700388942378
84.54,0.0174430890435814
84.55,0.0175162927575852
84.5599999999999,0.0175896488676273
84.57,0.0176631561969372
84.58,0.0177368135613064
84.59,0.0178106197691546
84.6,0.0178845736252163
84.61,0.0179586739230917
84.62,0.0180329194501477
84.63,0.0181073089871742
84.64,0.0181818413081038
84.65,0.0182565151815586
84.66,0.018331329379089
84.67,0.0184062826500292
84.6799999999999,0.0184813737439126
84.69,0.0185566014041313
84.7,0.0186319643680319
84.71,0.0187074613670154
84.72,0.0187830911252762
84.73,0.018858852353529
84.74,0.0189347437695888
84.75,0.0190107640801508
84.76,0.0190869119861727
84.77,0.0191631861829556
84.78,0.0192395853602237
84.79,0.0193161082041812
84.8,0.0193927534054613
84.8099999999999,0.0194695196327619
84.82,0.0195464055568191
84.83,0.0196234098435608
84.84,0.0197005311542114
84.85,0.0197777681453943
84.86,0.0198551194697228
84.87,0.0199325837775609
84.88,0.020010159711281
84.89,0.0200878459107044
84.9,0.0201656410116501
84.91,0.020243543646043
84.92,0.020321552442022
84.9299999999999,0.0203996660257635
84.94,0.0204778830265073
84.95,0.0205562020583085
84.96,0.0206346217371044
84.97,0.0207131406758591
84.98,0.0207917574846867
84.99,0.0208704707709797
85,0.0209492791361406
85.01,0.0210281811674939
85.02,0.0211071754710743
85.03,0.0211862606412099
85.04,0.0212654352696317
85.05,0.0213446979455679
85.0599999999999,0.0214240472558373
85.07,0.0215034817890837
85.08,0.0215830001442853
85.09,0.0216626008948498
85.1,0.021742282622805
85.11,0.0218220439088083
85.12,0.0219018833322778
85.13,0.0219817994715207
85.14,0.0220617909061442
85.15,0.0221418562208422
85.16,0.0222219939876967
85.17,0.0223022027836648
85.1799999999999,0.022382481185489
85.19,0.0224628277698415
85.2,0.022543241113467
85.21,0.0226237197933289
85.22,0.0227042623599948
85.23,0.0227848673981918
85.24,0.0228655334843758
85.25,0.0229462591924319
85.26,0.0230270430964689
85.27,0.0231078837709229
85.28,0.0231887797906605
85.29,0.0232697297418797
85.3,0.0233507322090955
85.3099999999999,0.0234317857649689
85.32,0.0235128889909997
85.33,0.0235940404701619
85.34,0.0236752387870396
85.35,0.0237564825279607
85.36,0.0238377702824854
85.37,0.0239191006497649
85.38,0.0240004722182226
85.39,0.0240818835841898
85.4,0.0241633333466474
85.41,0.0242448201073744
85.42,0.0243263424710953
85.4299999999999,0.0244078990456288
85.44,0.0244894884234728
85.45,0.0245711092207678
85.46,0.0246527600554618
85.47,0.0247344395450275
85.48,0.0248161463102103
85.49,0.0248978789751467
85.5,0.0249796361674789
85.51,0.0250614165186025
85.52,0.0251432186636907
85.53,0.0252250412415201
85.54,0.0253068828949749
85.55,0.0253887422710332
85.5599999999999,0.025470618020884
85.57,0.0255525088000436
85.58,0.0256344132693782
85.59,0.0257163301089473
85.6,0.0257982579811656
85.61,0.0258801955626194
85.62,0.0259621415351717
85.63,0.0260440945860987
85.64,0.0261260534082285
85.65,0.0262080167000791
85.66,0.0262899831565189
85.67,0.0263719514870469
85.6799999999999,0.0264539204091395
85.69,0.0265358886432317
85.7,0.0266178549158512
85.71,0.0266998179597432
85.72,0.0267817765139919
85.73,0.0268637293239278
85.74,0.026945675121514
85.75,0.0270276126748382
85.76,0.0271095407466761
85.77,0.0271914581063624
85.78,0.0272733635298903
85.79,0.0273552558000112
85.8,0.027437133706335
85.8099999999999,0.0275189960479892
85.82,0.0276008416345133
85.83,0.0276826692737849
85.84,0.0277644777852433
85.85,0.0278462659958709
85.86,0.0279280327403021
85.87,0.0280097768609364
85.88,0.028091497208047
85.89,0.028173192640403
85.9,0.0282548620245212
85.91,0.0283365042348465
85.92,0.0284181181543887
85.9299999999999,0.0284997026746013
85.94,0.0285812566954931
85.95,0.0286627791257379
85.96,0.0287442688827881
85.97,0.0288257248681614
85.98,0.0289071460262384
85.99,0.0289885312990618
86,0.0290698796360168
86.01,0.0291511899952776
86.02,0.0292324613438885
86.03,0.0293136926578457
86.04,0.0293948829207393
86.05,0.0294760311214413
86.0599999999999,0.0295571362658199
86.07,0.0296381973654355
86.08,0.0297192134410651
86.09,0.0298001835227789
86.1,0.0298811066500122
86.11,0.0299619818716377
86.12,0.0300428082523292
86.13,0.0301235848639971
86.14,0.0302043107820021
86.15,0.0302849850956581
86.16,0.0303656069043401
86.17,0.0304461753175722
86.1799999999999,0.0305266894551148
86.19,0.030607148447053
86.2,0.0306875514168756
86.21,0.0307678975201163
86.22,0.0308481859180971
86.23,0.030928415780203
86.24,0.0310085862862346
86.25,0.031088696626475
86.26,0.0311687460017607
86.27,0.0312487336235505
86.28,0.0313286586902313
86.29,0.0314085204327256
86.3,0.03148831809852
86.3099999999999,0.0315680509372151
86.32,0.0316477182087632
86.33,0.0317273191835029
86.34,0.0318068531421991
86.35,0.0318863193760784
86.36,0.0319657171911222
86.37,0.0320450459023343
86.38,0.0321243048307039
86.39,0.0322034933108738
86.4,0.0322826106882827
86.41,0.0323616563192093
86.42,0.0324406295708177
86.4299999999999,0.0325195298212023
86.44,0.0325983564634937
86.45,0.0326771089046322
86.46,0.0327557865519347
86.47,0.0328343888293381
86.48,0.0329129151721424
86.49,0.0329913650270694
86.5,0.0330697378523171
86.51,0.033148033117616
86.52,0.0332262502959913
86.53,0.0333043888445968
86.54,0.0333824482866177
86.55,0.0334604281323273
86.5599999999999,0.0335383279030318
86.57,0.0336161471310847
86.58,0.0336938853598993
86.59,0.0337715421439649
86.6,0.0338491170476986
86.61,0.0339266096200523
86.62,0.0340040194625273
86.63,0.0340813461703413
86.64,0.0341585893493806
86.65,0.0342357486161884
86.66,0.0343128235979526
86.67,0.0343898139324941
86.6799999999999,0.0344667192682547
86.69,0.0345435393073397
86.7,0.0346202737052872
86.71,0.0346969221442931
86.72,0.0347734843221155
86.73,0.0348499599479149
86.74,0.0349263487422885
86.75,0.035002650437301
86.76,0.0350788647765162
86.77,0.035154991513389
86.78,0.0352310304146169
86.79,0.0353069812586558
86.8,0.0353828438350747
86.8099999999999,0.035458617945064
86.82,0.0355343034014663
86.83,0.0356099000288048
86.84,0.0356854076633154
86.85,0.0357608261216883
86.86,0.035836155206995
86.87,0.0359113948235676
86.88,0.0359865448420252
86.89,0.0360616051432819
86.9,0.0361365756184949
86.91,0.0362114561690119
86.92,0.0362862467063197
86.9299999999999,0.036360947151992
86.94,0.0364355574448062
86.95,0.0365100775229153
86.96,0.0365845073386154
86.97,0.03665884685429
86.98,0.0367330960422634
86.99,0.0368072548847577
87,0.0368813233738444
87.01,0.0369553015113992
87.02,0.0370291893838235
87.03,0.0371029870361777
87.04,0.0371766944773961
87.05,0.0372503117653522
87.0599999999999,0.0373238389695739
87.07,0.0373972761713052
87.08,0.0374706234635663
87.09,0.0375438809512167
87.1,0.0376170487372636
87.11,0.0376901269009519
87.12,0.0377631156097794
87.13,0.0378360150080383
87.14,0.0379088252511096
87.15,0.0379815465054696
87.16,0.0380541789486949
87.17,0.0381267227694688
87.1799999999999,0.0381991781675867
87.19,0.0382715451723603
87.2,0.038343824060358
87.21,0.0384160150616672
87.22,0.0384881183919076
87.23,0.0385601342744338
87.24,0.0386320629401695
87.25,0.0387039046274386
87.26,0.0387756595817972
87.27,0.0388473281240946
87.28,0.0389189105698792
87.29,0.0389904071479141
87.3,0.039061818150813
87.3099999999999,0.0391331438799921
87.32,0.0392043846456275
87.33,0.0392755407666113
87.34,0.0393466125705113
87.35,0.0394176004275763
87.36,0.0394885049870554
87.37,0.0395593264446581
87.38,0.0396300652050585
87.39,0.039700721686735
87.4,0.0397712963222115
87.41,0.0398417895582979
87.42,0.0399122018563303
87.4299999999999,0.0399825336924122
87.44,0.040052785257258
87.45,0.0401229570365852
87.46,0.0401930495551017
87.47,0.0402630632659093
87.48,0.0403329986260768
87.49,0.0404028560961551
87.5,0.0404726361396876
87.51,0.040542339300733
87.52,0.0406119660311403
87.53,0.0406815168084062
87.54,0.0407509921214043
87.55,0.0408203924621263
87.5599999999999,0.0408897183253495
87.57,0.0409589702146411
87.58,0.0410281492058588
87.59,0.0410972555737355
87.6,0.0411662899238537
87.61,0.0412352528784236
87.62,0.0413041450769374
87.63,0.041372967176819
87.64,0.0414417198125274
87.65,0.0415104033768243
87.66,0.0415790187033488
87.67,0.0416475664636547
87.6799999999999,0.0417160473409366
87.69,0.0417844620300805
87.7,0.0418528112377125
87.71,0.0419210955721647
87.72,0.0419893154320628
87.73,0.0420574716887622
87.74,0.0421255650089117
87.75,0.0421935960582681
87.76,0.0422615655009423
87.77,0.0423294739986449
87.78,0.0423973224027106
87.79,0.0424651116512627
87.8,0.0425328422786956
87.8099999999999,0.0426005150255745
87.82,0.0426681306395371
87.83,0.042735689875292
87.84,0.0428031934946212
87.85,0.0428706426305815
87.86,0.0429380379498068
87.87,0.0430053802544691
87.88,0.0430726703908214
87.89,0.043139909216802
87.9,0.043207097602035
87.91,0.0432742363408019
87.92,0.0433413261742894
87.9299999999999,0.0434083680842974
87.94,0.0434753629519291
87.95,0.043542311666947
87.96,0.0436092151277752
87.97,0.0436760742414983
87.98,0.0437428896894918
87.99,0.0438096624490642
88,0.0438763934490334
88.01,0.0439430835928693
88.02,0.0440097337895499
88.03,0.044076344953561
88.04,0.0441429180335638
88.05,0.0442094540180363
88.0599999999999,0.044275953806664
88.07,0.0443424183491877
88.08,0.0444088486019932
88.09,0.0444752455281141
88.1,0.0445416100972304
88.11,0.0446079435624414
88.12,0.0446742468669744
88.13,0.0447405209949296
88.14,0.0448067669904986
88.15,0.0448729859084827
88.16,0.0449391788142932
88.17,0.045005346761951
88.1799999999999,0.0450714907775474
88.19,0.045137611989011
88.2,0.0452037114929959
88.21,0.0452697903958181
88.22,0.045335849813455
88.23,0.0454018908715437
88.24,0.0454679144040927
88.25,0.0455339214479654
88.26,0.0455999132397878
88.27,0.0456658908758452
88.28,0.0457318554564763
88.29,0.0457978080860734
88.3,0.0458637498730822
88.3099999999999,0.0459296821164404
88.32,0.045995605861545
88.33,0.0460615222436646
88.34,0.0461274324134641
88.35,0.0461933375277504
88.36,0.0462592387494715
88.37,0.0463251373398958
88.38,0.0463910347650388
88.39,0.0464569320603267
88.4,0.0465228304646006
88.41,0.0465887312272013
88.42,0.0466546356079702
88.4299999999999,0.0467205448772485
88.44,0.0467864602002388
88.45,0.0468523828169161
88.46,0.0469183140652532
88.47,0.0469842552303344
88.48,0.0470502076054909
88.49,0.0471161724923029
88.5,0.047182151200598
88.51,0.0472481447295661
88.52,0.0473141545156616
88.53,0.0473801818738947
88.54,0.0474462281012721
88.55,0.0475122944993619
88.5599999999999,0.0475783823742938
88.57,0.047644493031668
88.58,0.0477106277665669
88.59,0.0477767879060005
88.6,0.047842974769721
88.61,0.0479091896815805
88.62,0.0479754339695336
88.63,0.048041709210354
88.64,0.0481080167932355
88.65,0.0481743580468864
88.66,0.0482407343843529
88.67,0.0483071472293186
88.6799999999999,0.0483735980122464
88.69,0.0484400881539021
88.7,0.0485066191185587
88.71,0.0485731923674412
88.72,0.0486398093719098
88.73,0.0487064716134586
88.74,0.0487731802687021
88.75,0.0488399367035516
88.76,0.0489067424698033
88.77,0.0489735989899339
88.78,0.0490405076870181
88.79,0.0491074699730146
88.8,0.0491744871345342
88.8099999999999,0.0492415606460011
88.82,0.0493086919068098
88.83,0.0493758823143191
88.84,0.0494431332638542
88.85,0.0495104464233341
88.86,0.04957782337573
88.87,0.0496452654484666
88.88,0.0497127741276645
88.89,0.0497803509069509
88.9,0.0498479972923428
88.91,0.0499157149944674
88.92,0.0499835054565942
88.9299999999999,0.0500513702377388
88.94,0.0501193109080196
88.95,0.0501873290486564
88.96,0.0502554259855378
88.97,0.0503236029880572
88.98,0.0503918617078707
88.99,0.050460203608571
89,0.0505286301466413
89.01,0.0505971424463063
89.02,0.0506657419709238
89.03,0.0507344300929261
89.04,0.0508032081411401
89.05,0.0508720775775025
89.0599999999999,0.0509410401845107
89.07,0.0510100971438649
89.08,0.0510792498756138
89.09,0.0511484998006941
89.1,0.0512178485417395
89.11,0.051287297604009
89.12,0.0513568484252516
89.13,0.0514265025129093
89.14,0.0514962613344131
89.15,0.0515661257376057
89.16,0.0516360974142339
89.17,0.0517061777349223
89.1799999999999,0.0517763680594867
89.19,0.0518466695238749
89.2,0.0519170831964567
89.21,0.051987610434979
89.22,0.0520582524258128
89.23,0.0521290103298811
89.24,0.0521998853064753
89.25,0.0522708784641749
89.26,0.0523419908921321
89.27,0.0524132236567708
89.28,0.0524845778904328
89.29,0.0525560549071441
89.3,0.0526276556422638
89.3099999999999,0.0526993811617889
89.32,0.0527712325183512
89.33,0.0528432106712556
89.34,0.0529153165961597
89.35,0.0529875512849915
89.36,0.0530599156879591
89.37,0.0531324100551811
89.38,0.0532050352468482
89.39,0.0532777919359227
89.4,0.0533506806640764
89.41,0.0534237016073861
89.42,0.0534968552473467
89.4299999999999,0.0535701418612996
89.44,0.0536435617764718
89.45,0.0537171154757708
89.46,0.053790803020411
89.47,0.0538646245589456
89.48,0.0539385803295216
89.49,0.0540126705364991
89.5,0.0540868952023626
89.51,0.0541612543781724
89.52,0.0542357474668925
89.53,0.0543103742297247
89.54,0.0543851344289225
89.55,0.0544600276397614
89.5599999999999,0.0545350521320769
89.57,0.0546102074291848
89.58,0.0546854924566506
89.59,0.054760905983146
89.6,0.0548364465532401
89.61,0.0549121126861436
89.62,0.0549879027169564
89.63,0.055063815100297
89.64,0.0551398483839394
89.65,0.0552160005100048
89.66,0.0552922695132276
89.67,0.0553686532360249
89.6799999999999,0.0554451494124247
89.69,0.055521755708993
89.7,0.0555984689273027
89.71,0.0556752855296145
89.72,0.0557522023867474
89.73,0.0558292155067147
89.74,0.0559063204226937
89.75,0.0559835128043567
89.76,0.0560607881133697
89.77,0.0561381418086922
89.78,0.0562155686410557
89.79,0.0562930634821894
89.8,0.0563706213011457
89.8099999999999,0.0564482364203339
89.82,0.0565259028430102
89.83,0.0566036136387956
89.84,0.056681362486807
89.85,0.0567591421009342
89.86,0.0568369434830992
89.87,0.0569147587922894
89.88,0.0569925791470646
89.89,0.0570703948860903
89.9,0.0571481962122051
89.91,0.0572259728318231
89.92,0.0573037149962191
89.9299999999999,0.0573814115045851
89.94,0.0574590510698795
89.95,0.0575366213228866
89.96,0.0576141101317122
89.97,0.0576915046938028
89.98,0.0577687897501071
89.99,0.0578459513608794
90,0.0579229743807075
90.01,0.0579998421580616
90.02,0.0580765381104973
90.03,0.0581530448050915
90.04,0.0582293438784671
90.05,0.0583054164010764
90.0599999999999,0.0583812427237445
90.07,0.0584568024065266
90.08,0.0585320743061113
90.09,0.058607036394063
90.1,0.0586816653097682
90.11,0.058755937399677
90.12,0.0588298273983148
90.13,0.0589033093517356
90.14,0.0589763564355027
90.15,0.059048940807766
90.16,0.0591210336881232
90.17,0.0591926054348863
90.1799999999999,0.0592636254307911
90.19,0.0593340619620352
90.2,0.0594038819700013
90.21,0.0594730517731928
90.22,0.059541536006571
90.23,0.0596092984949635
90.24,0.0596763021775283
90.25,0.0597425093518043
90.26,0.0598078808345954
90.27,0.0598723767744126
90.28,0.0599359562397513
90.29,0.0599985772513633
90.3,0.0600601966964081
90.3099999999999,0.0601207706201925
90.32,0.0601802542746945
90.33,0.0602386017648964
90.34,0.0602957666208003
90.35,0.060351702058854
90.36,0.0604063598285843
90.37,0.0604596921861701
90.38,0.0605116499348427
90.39,0.0605621836712056
90.4,0.0606112438369897
90.41,0.060658779836992
90.42,0.0607047420062125
90.4299999999999,0.0607490794402039
90.44,0.060791741667362
90.45,0.0608326791149909
90.46,0.0608718409171142
90.47,0.0609091784468041
90.48,0.0609446420676426
90.49,0.0609781830996984
90.5,0.0610097544355176
90.51,0.0610393081999587
90.52,0.0610667990362657
90.53,0.0610921818925122
90.54,0.0611154129722899
90.55,0.061136450150512
90.5599999999999,0.061155252596526
90.57,0.061171781088279
90.58,0.0611859981432845
90.59,0.0611978681663068
90.6,0.0612073572573718
90.61,0.0612144337386349
90.62,0.0612190678296129
90.63,0.061221231740699
90.64,0.0612209001050296
90.65,0.061218049550133
90.66,0.0612126591544056
90.67,0.0612047102354677
90.6799999999999,0.061194186172601
90.69,0.0611810730068739
90.7,0.061165358589426
90.71,0.0611470332641544
90.72,0.0611260898430677
90.73,0.06110252262411
90.74,0.0610763282400835
90.75,0.0610475057297284
90.76,0.0610160553342252
90.77,0.0609819792444848
90.78,0.0609452817938155
90.79,0.0609059683814912
90.8,0.0608640459166531
90.8099999999999,0.0608195230161371
90.82,0.0607724091768659
90.83,0.0607227149809554
90.84,0.0606704522548446
90.85,0.0606156334009443
90.86,0.0605582714656012
90.87,0.0604983802821373
90.88,0.0604359739368779
90.89,0.0603710667440674
90.9,0.0603036732946446
90.91,0.0602338081719734
90.92,0.0601614858667959
90.9299999999999,0.0600867205970124
90.94,0.0600095263313865
90.95,0.059929916732128
90.96,0.0598479046861061
90.97,0.0597635025713789
90.98,0.0596767222735159
90.99,0.059587574527215
91,0.0594960693012205
91.01,0.0594022159166845
91.02,0.0593060222499384
91.03,0.0592074951978521
91.04,0.0591066409784948
91.05,0.0590034640797571
91.0599999999999,0.0588979678757946
91.07,0.0587901551099747
91.08,0.058680026592208
91.09,0.0585675819732895
91.1,0.0584528201993048
91.11,0.0583357383576538
91.12,0.0582163323177436
91.13,0.0580945971455329
91.14,0.0579705262716992
91.15,0.0578441118255619
91.16,0.0577153451410003
91.17,0.0575842163476898
91.1799999999999,0.0574507141167671
91.19,0.057314826465883
91.2,0.0571765408337338
91.21,0.0570358430694143
91.22,0.0568927185017574
91.23,0.0567471522624645
91.24,0.0565991281910167
91.25,0.0564486297550808
91.26,0.0562956406563601
91.27,0.0561401435812641
91.28,0.0559821211741992
91.29,0.0558215566392432
91.3,0.0556584328468906
91.3099999999999,0.055492732803084
91.32,0.0553244403240781
91.33,0.0551535397903173
91.34,0.0549800159340364
91.35,0.0548038546857402
91.36,0.0546250432911119
91.37,0.0544435696482133
91.38,0.0542594231677402
91.39,0.0540725953949778
91.4,0.0538830791655573
91.41,0.0536908691553444
91.42,0.0534959622442786
91.4299999999999,0.0532983579246866
91.44,0.0530980576796833
91.45,0.0528950657486221
91.46,0.0526893891678513
91.47,0.0524810379255196
91.48,0.0522700251186547
91.49,0.0520563671377394
91.5,0.0518400832267189
91.51,0.0516211967899393
91.52,0.0513997347594515
91.53,0.0511757275257874
91.54,0.0509492088744027
91.55,0.0507202174792125
91.5599999999999,0.0504887958534021
91.57,0.0502549893317091
91.58,0.0500188483603642
91.59,0.0497804278004087
91.6,0.0495397862400939
91.61,0.0492969845084162
91.62,0.0490520906410934
91.63,0.0488051760507354
91.64,0.0485563166283996
91.65,0.048305587230576
91.66,0.0480530728752005
91.67,0.0477988608330977
91.6799999999999,0.04754304249996
91.69,0.0472857087044047
91.7,0.0470269567640509
91.71,0.0467668887017372
91.72,0.0465056090894341
91.73,0.0462432232697861
91.74,0.0459798386923194
91.75,0.0457155691493462
91.76,0.0454505295690803
91.77,0.0451848364013693
91.78,0.0449186054034977
91.79,0.0446519584940681
91.8,0.0443850177414587
91.8099999999999,0.0441179066489164
91.82,0.0438507465927094
91.83,0.0435836638205341
91.84,0.0433167839349534
91.85,0.0430502330381231
91.86,0.0427841361789082
91.87,0.0425186193734587
91.88,0.0422538084212934
91.89,0.0419898284336132
91.9,0.0417268038710721
91.91,0.0414648582626896
91.92,0.0412041139225637
91.9299999999999,0.0409446918245182
91.94,0.0406867119111492
91.95,0.0404302934224979
91.96,0.0401755520928466
91.97,0.0399226022439493
91.98,0.0396715562608234
91.99,0.0394225275393975
92,0.0391756231273425
92.01,0.0389309490103257
92.02,0.0386886085513323
92.03,0.0384487060407995
92.04,0.0382113398764869
92.05,0.0379766062077974
92.0599999999999,0.0377445986907736
92.07,0.037515410710788
92.08,0.0372891322604792
92.09,0.0370658489513978
92.1,0.0368456444943534
92.11,0.0366286010370498
92.12,0.0364147993714122
92.13,0.0362043147797433
92.14,0.0359972209777763
92.15,0.0357935891379218
92.16,0.0355934921086061
92.17,0.0353969951661803
92.1799999999999,0.0352041629427447
92.19,0.035015057664454
92.2,0.0348297407749764
92.21,0.0346482707084082
92.22,0.0344707031423481
92.23,0.0342970920438888
92.24,0.0341274899114219
92.25,0.0339619483061365
92.26,0.0338005151782529
92.27,0.0336432373776306
92.28,0.0334901600243366
92.29,0.0333413270545078
92.3,0.0331967802637139
92.3099999999999,0.033056560109035
92.32,0.0329207055787629
92.33,0.0327892541191101
92.34,0.0326622418501152
92.35,0.032539703655406
92.36,0.032421673117884
92.37,0.0323081824737252
92.38,0.0321992624356842
92.39,0.0320949431203779
92.4,0.0319952533490683
92.41,0.0319002209026569
92.42,0.031809871425055
92.4299999999999,0.0317242307211839
92.44,0.0316433232746783
92.45,0.0315671725752593
92.46,0.0314958003328597
92.47,0.0314292273584324
92.48,0.0313674742066873
92.49,0.031310560116453
92.5,0.031258503062143
92.51,0.0312113188620342
92.52,0.0311690239773544
92.53,0.0311316332300408
92.54,0.0310991604239346
92.55,0.0310716168094981
92.5599999999999,0.0310490139534213
92.57,0.0310313620186465
92.58,0.0310186698949953
92.59,0.031010944713394
92.6,0.0310081920598895
92.61,0.031010416830376
92.62,0.0310176222377327
92.63,0.0310298099663262
92.64,0.0310469802987564
92.65,0.0310691319804171
92.66,0.0310962620935051
92.67,0.0311283658929912
92.6799999999999,0.0311654372519973
92.69,0.0312074682196645
92.7,0.0312544485715455
92.71,0.0313063664435058
92.72,0.0313632081348117
92.73,0.031424957862353
92.74,0.0314915978512528
92.75,0.0315631081513515
92.76,0.0316394666786251
92.77,0.0317206494453582
92.78,0.0318066303160208
92.79,0.0318973806438735
92.8,0.031992869630648
92.8099999999999,0.0320930643530961
92.82,0.0321979293714886
92.83,0.0323074269317611
92.84,0.0324215168166155
92.85,0.0325401562700683
92.86,0.0326633001391517
92.87,0.0327909006742327
92.88,0.0329229082212915
92.89,0.0330592701814761
92.9,0.0331999313414399
92.91,0.0333448342342408
92.92,0.0334939199703845
92.9299999999999,0.0336471259606776
92.94,0.0338043876235261
92.95,0.0339656382816977
92.96,0.0341308088941518
92.97,0.0342998278567229
92.98,0.0344726213614446
92.99,0.0346491136630196
93,0.0348292264050302
93.01,0.0350128791212142
93.02,0.035199989581948
93.03,0.0353904739340252
93.04,0.0355842455359809
93.05,0.0357812160947851
93.0599999999999,0.0359812963152229
93.07,0.0361843945321557
93.08,0.036390417433327
93.09,0.0365992703252598
93.1,0.0368108575924932
93.11,0.0370250817568326
93.12,0.037241844101887
93.13,0.0374610439772514
93.14,0.0376825801831606
93.15,0.0379063501852822
93.16,0.0381322507014041
93.17,0.0383601770924465
93.1799999999999,0.038590024469193
93.19,0.0388216891158024
93.2,0.0390550652816445
93.21,0.0392900474788694
93.22,0.0395265293577102
93.23,0.0397644054686054
93.24,0.0400035696660473
93.25,0.04024391436619
93.26,0.040485333385291
93.27,0.0407277201407559
93.28,0.0409709685989266
93.29,0.0412149723200742
93.3,0.0414596261446172
93.3099999999999,0.0417048276260801
93.32,0.0419504731756909
93.33,0.0421964606411728
93.34,0.0424426877708617
93.35,0.0426890549814437
93.36,0.0429354628337889
93.37,0.0431818117177385
93.38,0.0434280044853536
93.39,0.043673944676326
93.4,0.0439195372552957
93.41,0.0441646880080707
93.42,0.0444093047029352
93.4299999999999,0.0446532977093632
93.44,0.0448965779159028
93.45,0.0451390583175641
93.46,0.0453806534759391
93.47,0.0456212803884559
93.48,0.0458608573689533
93.49,0.0460993037754422
93.5,0.0463365419261138
93.51,0.0465724951996893
93.52,0.046807088126693
93.53,0.0470402476339419
93.54,0.047271902690458
93.55,0.0475019849640403
93.5599999999999,0.0477304270422236
93.57,0.0479571635738659
93.58,0.0481821307366266
93.59,0.0484052672541695
93.6,0.0486265140487814
93.61,0.048845814655437
93.62,0.0490631141718676
93.63,0.0492783594938101
93.64,0.0494914989066403
93.65,0.0497024837100656
93.66,0.0499112657655847
93.67,0.0501177970691929
93.6799999999999,0.0503220319801326
93.69,0.0505239289190821
93.7,0.0507234457055396
93.71,0.0509205438622997
93.72,0.0511151880838416
93.73,0.0513073444676498
93.74,0.0514969771950806
93.75,0.0516840553458357
93.76,0.0518685481170632
93.77,0.0520504257322144
93.78,0.0522296597777554
93.79,0.052406224872871
93.8,0.0525800954915989
93.8099999999999,0.0527512490347917
93.82,0.0529196645421999
93.83,0.0530853222900512
93.84,0.0532482028633008
93.85,0.0534082895635188
93.86,0.0535655652909628
93.87,0.0537200142722713
93.88,0.0538716222136804
93.89,0.0540203776422102
93.9,0.0541662687502313
93.91,0.0543092850505174
93.92,0.0544494175351081
93.9299999999999,0.0545866581136143
93.94,0.0547209988951375
93.95,0.0548524334677177
93.96,0.0549809572454253
93.97,0.0551065661527354
93.98,0.055229256926473
93.99,0.0553490266771209
94,0.0554658738808688
94.01,0.055579797558575
94.02,0.0556907974045583
94.03,0.0557988739317398
94.04,0.0559040287714299
94.05,0.0560062639189732
94.0599999999999,0.056105582809207
94.07,0.056201989547321
94.08,0.0562954888457631
94.09,0.0563860854219774
94.1,0.0564737853072863
94.11,0.0565585942735794
94.12,0.056640518646603
94.13,0.0567195653813071
94.14,0.0567957427209373
94.15,0.0568690585918904
94.16,0.0569395222645257
94.17,0.0570071435018381
94.1799999999999,0.0570719324877729
94.19,0.0571338993184148
94.2,0.0571930553192186
94.21,0.0572494116092631
94.22,0.0573029796793598
94.23,0.0573537713970589
94.24,0.0574017993452386
94.25,0.057447075950767
94.26,0.0574896143187664
94.27,0.0575294282329033
94.28,0.0575665315574268
94.29,0.0576009384429833
94.3,0.0576326635571118
94.3099999999999,0.05766172187808
94.32,0.0576881283038692
94.33,0.0577118982867739
94.34,0.0577330475119812
94.35,0.057751591954554
94.36,0.0577675477130722
94.37,0.0577809312491935
94.38,0.0577917591605539
94.39,0.0578000482801658
94.4,0.0578058157672052
94.41,0.057809078898278
94.42,0.0578098551811432
94.4299999999999,0.0578081621097079
94.44,0.0578040175073446
94.45,0.0577974393087203
94.46,0.0577884459440633
94.47,0.057777055729387
94.48,0.057763287284987
94.49,0.0577471595777683
94.5,0.057728691676676
94.51,0.0577079028012376
94.52,0.0576848116033251
94.53,0.0576594374727241
94.54,0.0576317996275503
94.55,0.0576019174049048
94.5599999999999,0.0575698100267085
94.57,0.0575354970183072
94.58,0.0574989988347235
94.59,0.0574603350502567
94.6,0.0574195257275621
94.61,0.0573765911641061
94.62,0.0573315516840969
94.63,0.0572844276392678
94.64,0.0572352386192698
94.65,0.0571840052300586
94.66,0.0571307477928275
94.67,0.0570754864867235
94.6799999999999,0.0570182417183752
94.69,0.0569590339073486
94.7,0.0568978841721242
94.71,0.0568348130510362
94.72,0.0567698413722545
94.73,0.0567029896885989
94.74,0.0566342789703063
94.75,0.0565637301365838
94.76,0.0564913631408058
94.77,0.0564171990601447
94.78,0.0563412586193465
94.79,0.0562635624732819
94.8,0.0561841311460109
94.8099999999999,0.0561029853632829
94.82,0.0560201457640584
94.83,0.0559356334105342
94.84,0.0558494691892411
94.85,0.0557616738449625
94.86,0.0556722682367049
94.87,0.0555812728340407
94.88,0.0554887085862866
94.89,0.0553945962877489
94.9,0.0552989564917887
94.91,0.0552018094855273
94.92,0.0551031760231376
94.9299999999999,0.0550030766287968
94.94,0.054901531761072
94.95,0.0547985618620781
94.96,0.0546941873411251
94.97,0.0545884285537981
94.98,0.0544813057265551
94.99,0.0543728391581289
95,0.0542630490650888
95.01,0.0541519554796396
95.02,0.0540395780994002
95.03,0.0539259370133084
95.04,0.0538110520695512
95.05,0.0536949431652614
95.0599999999999,0.0535776301720678
95.07,0.0534591327516085
95.08,0.0533394705763153
95.09,0.0532186632433806
95.1,0.0530967303024459
95.11,0.0529736912532326
95.12,0.052849565533137
95.13,0.0527243722071701
95.14,0.0525981305679193
95.15,0.0524708597825638
95.16,0.0523425788912707
95.17,0.0522133063985334
95.1799999999999,0.052083061261253
95.19,0.0519518621508607
95.2,0.0518197276417184
95.21,0.0516866762136874
95.22,0.0515527262427277
95.23,0.0514178960088288
95.24,0.0512822037100985
95.25,0.0511456674889113
95.26,0.0510083053275227
95.27,0.0508701351374183
95.28,0.0507311747118728
95.29,0.0505914416959202
95.3,0.0504509537198684
95.3099999999999,0.0503097282831381
95.32,0.0501677827118716
95.33,0.0500251340836371
95.34,0.0498817996102443
95.35,0.0497377962987415
95.36,0.0495931410169835
95.37,0.0494478504723538
95.38,0.0493019413404098
95.39,0.0491554301487488
95.4,0.0490083332731908
95.41,0.048860666918269
95.42,0.0487124472668861
95.4299999999999,0.0485636903423331
95.44,0.0484144120660853
95.45,0.0482646282620909
95.46,0.0481143545870089
95.47,0.0479636065982968
95.48,0.0478123997273117
95.49,0.0476607492269157
95.5,0.047508670308617
95.51,0.0473561780338074
95.52,0.0472032873424704
95.53,0.0470500128921695
95.54,0.0468963693778289
95.55,0.0467423713372601
95.5599999999999,0.0465880331669257
95.57,0.0464333691024357
95.58,0.0462783932620172
95.59,0.0461231196546946
95.6,0.0459675621473719
95.61,0.045811734487483
95.62,0.0456556503046877
95.63,0.0454993230738194
95.64,0.0453427661513787
95.65,0.0451859927616592
95.66,0.045029015974404
95.67,0.0448718487639881
95.6799999999999,0.0447145039623297
95.69,0.0445569942713378
95.7,0.0443993322329104
95.71,0.0442415302850195
95.72,0.044083600727591
95.73,0.0439255557250806
95.74,0.0437674073083982
95.75,0.0436091674329674
95.76,0.0434508478743505
95.77,0.0432924602744062
95.78,0.0431340161555461
95.79,0.0429755269103194
95.8,0.0428170038073408
95.8099999999999,0.0426584579827057
95.82,0.0424999004409464
95.83,0.0423413420595086
95.84,0.0421827935870715
95.85,0.0420242656202246
95.86,0.0418657686290996
95.87,0.0417073129747751
95.88,0.0415489088758078
95.89,0.0413905664196551
95.9,0.0412322956147379
95.91,0.0410741063641094
95.92,0.0409160083603472
95.9299999999999,0.0407580112115476
95.94,0.0406001244028318
95.95,0.0404423573101057
95.96,0.0402847192061591
95.97,0.0401272192081348
95.98,0.0399698663304474
95.99,0.0398126694703526
96,0.0396556373658076
96.01,0.0394987785059396
96.02,0.0393421014632731
96.03,0.0391856146021021
96.04,0.0390293261597815
96.05,0.0388732442776644
96.0599999999999,0.0387173771713269
96.07,0.0385617326196069
96.08,0.0384063184072798
96.09,0.0382511422000701
96.1,0.0380962115449947
96.11,0.0379415338707058
96.12,0.0377871165437769
96.13,0.0376329667499777
96.14,0.0374790915725326
96.15,0.0373254979859805
96.16,0.0371721928506155
96.17,0.0370191829129837
96.1799999999999,0.0368664749848538
96.19,0.0367140756985039
96.2,0.0365619914402438
96.21,0.0364102285849937
96.22,0.0362587934085836
96.23,0.0361076920890569
96.24,0.0359569306007026
96.25,0.0358065146380152
96.26,0.0356564501829114
96.27,0.0355067429416001
96.28,0.035357398514108
96.29,0.0352084223945788
96.3,0.0350598199708958
96.3099999999999,0.0349115964979921
96.32,0.034763757163631
96.33,0.0346163070352866
96.34,0.0344692510750432
96.35,0.0343225941398288
96.36,0.0341763409816475
96.37,0.0340304966555139
96.38,0.0338850657547445
96.39,0.033740052738017
96.4,0.033595462077056
96.41,0.0334512981608176
96.42,0.0333075652970921
96.4299999999999,0.0331642675258403
96.44,0.0330214087690725
96.45,0.0328789931614921
96.46,0.0327370245967753
96.47,0.032595506878903
96.48,0.0324544437226656
96.49,0.0323138387394144
96.5,0.0321736953868751
96.51,0.0320340171410728
96.52,0.0318948073438162
96.53,0.0317560692468206
96.54,0.0316178060119788
96.55,0.0314800207116314
96.5599999999999,0.0313427166983798
96.57,0.0312058967913269
96.58,0.0310695638558072
96.59,0.0309337207084505
96.6,0.0307983700927736
96.61,0.0306635146804289
96.62,0.0305291570490364
96.63,0.0303952997192768
96.64,0.0302619451562975
96.65,0.0301290957472135
96.66,0.0299967538120281
96.67,0.0298649216047818
96.6799999999999,0.0297336012323293
96.69,0.0296027946459072
96.7,0.0294725039696622
96.71,0.0293427311491108
96.72,0.0292134780610468
96.73,0.0290847465141469
96.74,0.0289565382495689
96.75,0.0288288548795924
96.76,0.0287016980052851
96.77,0.0285750691684491
96.78,0.0284489698271965
96.79,0.0283234013723482
96.8,0.0281983651278617
96.8099999999999,0.028073862371337
96.82,0.0279498944733582
96.83,0.0278264624944002
96.84,0.0277035675347072
96.85,0.02758121063589
96.86,0.0274593927817526
96.87,0.0273381148991127
96.88,0.0272173778972516
96.89,0.0270971826270498
96.9,0.0269775298378634
96.91,0.0268584202544922
96.92,0.0267398545515165
96.9299999999999,0.0266218333542897
96.94,0.0265043572399304
96.95,0.0263874266337649
96.96,0.0262710420422314
96.97,0.0261552038899675
96.98,0.0260399125453404
96.99,0.0259251683297138
97,0.0258109715182114
97.01,0.0256973223130436
97.02,0.0255842208169481
97.03,0.0254716672002001
97.04,0.0253596615373293
97.05,0.0252482038568923
97.0599999999999,0.0251372941420058
97.07,0.0250269323308791
97.08,0.0249171183535976
97.09,0.0248078520707196
97.1,0.0246991332867178
97.11,0.0245909617778411
97.12,0.0244833372799149
97.13,0.0243762594889916
97.14,0.0242697280636039
97.15,0.0241637426524966
97.16,0.0240583028202408
97.17,0.0239534081139117
97.1799999999999,0.0238490580444887
97.19,0.0237452520875255
97.2,0.0236419896838223
97.21,0.0235392702400924
97.22,0.0234370931296346
97.23,0.0233354576818135
97.24,0.0232343631859834
97.25,0.0231338089310294
97.26,0.0230337941591643
97.27,0.0229343180820478
97.28,0.022835379881432
97.29,0.0227369787098062
97.3,0.0226391136910432
97.3099999999999,0.0225417839210441
97.32,0.0224449884108032
97.33,0.0223487261950289
97.34,0.022252996302703
97.35,0.0221577977130902
97.36,0.0220631293794095
97.37,0.0219689902294118
97.38,0.0218753791659624
97.39,0.0217822950676207
97.4,0.0216897367892211
97.41,0.0215977030764396
97.42,0.0215061927791033
97.4299999999999,0.0214152046769746
97.44,0.0213247375246647
97.45,0.0212347900546942
97.46,0.021145360978008
97.47,0.021056448984495
97.48,0.0209680527435077
97.49,0.0208801708944577
97.5,0.0207928020375857
97.51,0.0207059448007932
97.52,0.0206195977714053
97.53,0.0205337595181966
97.54,0.0204484285918788
97.55,0.0203636035255884
97.5599999999999,0.0202792828353734
97.57,0.0201954650206814
97.58,0.0201121485441709
97.59,0.0200293318642086
97.6,0.0199470134416138
97.61,0.0198651917095422
97.62,0.0197838650864277
97.63,0.0197030319764432
97.64,0.0196226907699598
97.65,0.0195428398440067
97.66,0.0194634775627304
97.67,0.01938460224916
97.6799999999999,0.0193062122523959
97.69,0.0192283059004593
97.7,0.0191508815063905
97.71,0.0190739373721643
97.72,0.0189974717891278
97.73,0.0189214830384373
97.74,0.0188459693914917
97.75,0.018770929092304
97.76,0.0186963602967339
97.77,0.0186222613139466
97.78,0.0185486303710694
97.79,0.0184754656866919
97.8,0.018402765471261
97.8099999999999,0.0183305279274754
97.82,0.0182587512506804
97.83,0.0181874336292638
97.84,0.0181165732450486
97.85,0.0180461682736891
97.86,0.0179762168087707
97.87,0.0179067169893546
97.88,0.0178376670128923
97.89,0.0177690650226623
97.9,0.0177009091566079
97.91,0.0176331975476837
97.92,0.0175659283242029
97.9299999999999,0.0174990996101834
97.94,0.0174327095256952
97.95,0.0173667561872078
97.96,0.0173012377079353
97.97,0.0172361520854587
97.98,0.0171714974901724
97.99,0.0171072720226471
98,0.0170434737767989
98.01,0.0169801008440888
98.02,0.0169171513138311
98.03,0.0168546232735015
98.04,0.0167925148090452
98.05,0.0167308240051852
98.0599999999999,0.0166695489457302
98.07,0.0166086876731898
98.08,0.0165482382056986
98.09,0.0164881986775098
98.1,0.0164285671618108
98.11,0.0163693417314221
98.12,0.016310520459061
98.13,0.0162521014176089
98.14,0.0161940826803769
98.15,0.0161364623213719
98.16,0.0160792384155624
98.17,0.0160224090391443
98.1799999999999,0.0159659722294211
98.19,0.0159099260740852
98.2,0.0158542686614861
98.21,0.0157989980708423
98.22,0.0157441123834886
98.23,0.0156896096831251
98.24,0.0156354880560623
98.25,0.0155817455914705
98.26,0.0155283803816263
98.27,0.0154753905221609
98.28,0.0154227740808275
98.29,0.0153705289593384
98.3,0.0153186533963986
98.3099999999999,0.0152671454844073
98.32,0.0152160033184401
98.33,0.0151652249964155
98.34,0.015114808619259
98.35,0.0150647522910693
98.36,0.0150150541192849
98.37,0.0149657122148477
98.38,0.0149167246923696
98.39,0.0148680897555128
98.4,0.0148198055621175
98.41,0.0147718701921873
98.42,0.0147242817902011
98.4299999999999,0.0146770385064611
98.44,0.0146301384973148
98.45,0.0145835799253771
98.46,0.0145373609597499
98.47,0.0144914797762446
98.48,0.014445934557604
98.49,0.0144007234937224
98.5,0.014355844531603
98.51,0.0143112960117839
98.52,0.0142670761416577
98.53,0.0142231831213481
98.54,0.0141796151573242
98.55,0.014136370462544
98.5599999999999,0.0140934472565998
98.57,0.0140508437658619
98.58,0.0140085582236245
98.59,0.0139665888702487
98.6,0.0139249339533078
98.61,0.0138835914678435
98.62,0.0138425598207015
98.63,0.0138018372742743
98.64,0.0137614220852884
98.65,0.0137213125164411
98.66,0.0136815068364663
98.67,0.0136420033202002
98.6799999999999,0.0136028002486473
98.69,0.0135638959090456
98.7,0.0135252885949335
98.71,0.0134869766062141
98.72,0.0134489584542628
98.73,0.0134112323352543
98.74,0.0133737965763418
98.75,0.01333664952004
98.76,0.0132997895170891
98.77,0.0132632149265822
98.78,0.0132269241160928
98.79,0.0131909154618013
98.8,0.0131551873486226
98.8099999999999,0.0131197381703334
98.82,0.0130845663296987
98.83,0.013049670148433
98.84,0.0130150481001329
98.85,0.0129806986111503
98.86,0.0129466201143064
98.87,0.0129128110513809
98.88,0.0128792698732136
98.89,0.0128459950398039
98.9,0.0128129850204121
98.91,0.0127802382936596
98.92,0.0127477533476291
98.9299999999999,0.0127155286799657
98.94,0.0126835625567095
98.95,0.0126518536384083
98.96,0.0126204004389952
98.97,0.0125892014763913
98.98,0.0125582552768226
98.99,0.0125275603748484
99,0.0124971153133925
99.01,0.0124669186437727
99.02,0.0124369689257309
99.03,0.0124072647274629
99.04,0.0123778046256486
99.05,0.0123485872442159
99.0599999999999,0.0123196111533846
99.07,0.0122908749578548
99.08,0.0122623772715554
99.09,0.0122341167173282
99.1,0.0122060919269693
99.11,0.0121783015412706
99.12,0.0121507442100605
99.13,0.0121234185922452
99.14,0.01209632335585
99.15,0.0120694571780602
99.16,0.0120428186933584
99.17,0.0120164066295229
99.1799999999999,0.0119902196878695
99.19,0.0119642565786418
99.2,0.0119385160210792
99.21,0.011912996743443
99.22,0.011887697483043
99.23,0.0118626169862642
99.24,0.0118377540085923
99.25,0.0118131073146407
99.26,0.0117886756775324
99.27,0.0117644577972312
99.28,0.0117404525214605
99.29,0.01171665864704
99.3,0.0116930749796545
99.3099999999999,0.011669700333865
99.32,0.0116465335331203
99.33,0.0116235734097696
99.34,0.0116008188050732
99.35,0.0115782685692147
99.36,0.011555921561313
99.37,0.0115337766494337
99.38,0.0115118327106006
99.39,0.0114900886152373
99.4,0.0114685432504796
99.41,0.0114471955316171
99.42,0.0114260443697237
99.4299999999999,0.0114050886847296
99.44,0.0113843274054278
99.45,0.01136375946948
99.46,0.0113433838234216
99.47,0.0113231994226688
99.48,0.0113032052315239
99.49,0.0112834002231811
99.5,0.0112637833797328
99.51,0.011244353692175
99.52,0.0112251100439561
99.53,0.0112060515208841
99.54,0.011187177134809
99.55,0.0111684859054968
99.5599999999999,0.0111499768610773
99.57,0.011131649038029
99.58,0.0111135014811656
99.59,0.0110955332436206
99.6,0.0110777433868336
99.61,0.0110601309805356
99.62,0.0110426951027342
99.63,0.0110254348396998
99.64,0.0110083492491319
99.65,0.0109914374128291
99.66,0.0109746984701397
99.67,0.010958131535612
99.6799999999999,0.010941735731594
99.69,0.0109255101882041
99.7,0.0109094540433033
99.71,0.0108935664424655
99.72,0.0108778465389496
99.73,0.0108622934936707
99.74,0.0108469064751714
99.75,0.0108316846595929
99.76,0.0108166272306468
99.77,0.0108017333679601
99.78,0.0107870022777921
99.79,0.010772433165933
99.8,0.0107580252453889
99.8099999999999,0.0107437777365349
99.82,0.0107296898670846
99.83,0.0107157608720593
99.84,0.0107019899937573
99.85,0.0106883764817228
99.86,0.0106749195927162
99.87,0.0106616185906822
99.88,0.0106484727467197
99.89,0.0106354813196018
99.9,0.010622643582227
99.91,0.0106099588428616
99.92,0.0105974263983965
99.9299999999999,0.0105850455525101
99.94,0.0105728156156304
99.95,0.010560735904896
99.96,0.0105488057441179
99.97,0.0105370244637411
99.98,0.010525391400806
99.99,0.0105139058989098
100,0.0105025673081686
100.01,0.0104913749851782
100.02,0.0104803282227965
100.03,0.0104694264345038
100.04,0.0104586689941282
100.05,0.010448055279514
100.06,0.0104375846744392
100.07,0.0104272565685641
100.08,0.0104170703573805
100.09,0.0104070254421601
100.1,0.0103971212299037
100.11,0.0103873571332903
100.12,0.0103777325706255
100.13,0.0103682469657905
100.14,0.0103588997334845
100.15,0.0103496902981636
100.16,0.0103406181128977
100.17,0.0103316826214201
100.18,0.0103228832726209
100.19,0.0103142195204903
100.2,0.0103056908240613
100.21,0.0102972966473526
100.22,0.0102890364593115
100.23,0.0102809097337575
100.24,0.0102729159493245
100.25,0.0102650545894041
100.26,0.0102573251420886
100.27,0.0102497270902896
100.28,0.0102422599363949
100.29,0.0102349231827352
100.3,0.0102277163349824
100.31,0.0102206389031698
100.32,0.0102136904016335
100.33,0.0102068703489532
100.34,0.0102001782678935
100.35,0.0101936136853448
100.36,0.0101871761322643
100.37,0.0101808651436172
100.38,0.0101746802583176
100.39,0.0101686210034201
100.4,0.0101626868947666
100.41,0.010156877509566
100.42,0.010151192398809
100.43,0.0101456311168757
100.44,0.0101401932214661
100.45,0.0101348782735324
100.46,0.0101296858372097
100.47,0.0101246154797476
100.48,0.010119666771442
100.49,0.0101148392855658
100.5,0.0101101325983008
100.51,0.0101055462886687
100.52,0.0101010799124604
100.53,0.0100967330604289
100.54,0.0100925053257608
100.55,0.0100883962960432
100.56,0.0100844055611853
100.57,0.0100805327133428
100.58,0.0100767773468439
100.59,0.0100731390581136
100.6,0.0100696174455993
100.61,0.0100662121096955
100.62,0.0100629226526696
100.63,0.0100597486785861
100.64,0.0100566897962751
100.65,0.010053745630156
100.66,0.0100509157766815
100.67,0.0100481998475546
100.68,0.0100455974560035
100.69,0.0100431082167104
100.7,0.0100407317457407
100.71,0.0100384676604714
100.72,0.0100363155795201
100.73,0.010034275122674
100.74,0.0100323459108187
100.75,0.0100305275658666
100.76,0.0100288197106867
100.77,0.0100272219340979
100.78,0.0100257338544982
100.79,0.0100243551150898
100.8,0.0100230853382416
100.81,0.0100219241466207
100.82,0.0100208711631102
100.83,0.0100199260107269
100.84,0.0100190883125396
100.85,0.0100183576915869
100.86,0.0100177337707949
100.87,0.0100172161728957
100.88,0.0100168045203448
100.89,0.0100164984349487
100.9,0.0100162974900782
100.91,0.0100162013392577
100.92,0.0100162096003962
100.93,0.0100163218904903
100.94,0.0100165378255348
100.95,0.0100168570204315
100.96,0.0100172790888996
100.97,0.0100178036433846
100.98,0.0100184302949686
100.99,0.0100191586532796
101,0.0100199883264013
101.01,0.0100209189207827
101.02,0.0100219500559939
101.03,0.0100230813480957
101.04,0.0100243123834424
101.05,0.0100256427631397
101.06,0.0100270720863836
101.07,0.0100285999503765
101.08,0.0100302259502435
101.09,0.0100319496789484
101.1,0.0100337707272094
101.11,0.0100356886834157
101.12,0.0100377031335432
101.13,0.0100398136610708
101.14,0.0100420198468963
101.15,0.0100443212600843
101.16,0.0100467174796887
101.17,0.0100492080787728
101.18,0.0100517926261228
101.19,0.0100544706874306
101.2,0.0100572418252059
101.21,0.0100601055986884
101.22,0.0100630615637597
101.23,0.0100661092728556
101.24,0.0100692482748779
101.25,0.0100724780817624
101.26,0.0100757982181745
101.27,0.0100792082412615
101.28,0.0100827076791178
101.29,0.0100862960552827
101.3,0.0100899728886269
101.31,0.0100937376932397
101.32,0.0100975899783159
101.33,0.0101015292480428
101.34,0.0101055550014871
101.35,0.010109666739278
101.36,0.0101138639799117
101.37,0.010118146186615
101.38,0.01012251284012
101.39,0.0101269634158087
101.4,0.0101314973836147
101.41,0.0101361142079247
101.42,0.0101408133474801
101.43,0.010145594255279
101.44,0.0101504563784775
101.45,0.0101553991582914
101.46,0.0101604220913062
101.47,0.0101655245816447
101.48,0.0101707060499537
101.49,0.010175965918976
101.5,0.0101813036056413
101.51,0.0101867185209936
101.52,0.0101922100701195
101.53,0.0101977776520759
101.54,0.0102034206598183
101.55,0.0102091384801284
101.56,0.0102149304405862
101.57,0.0102207958830221
101.58,0.0102267341985506
101.59,0.010232744734383
101.6,0.0102388268294737
101.61,0.0102449798143585
101.62,0.0102512030109929
101.63,0.0102574957325907
101.64,0.0102638572879893
101.65,0.0102702869939618
101.66,0.0102767841251398
101.67,0.0102833479616118
101.68,0.0102899777743469
101.69,0.0102966728250558
101.7,0.0103034323660515
101.71,0.010310255640111
101.72,0.0103171418803361
101.73,0.0103240904449929
101.74,0.0103311005310038
101.75,0.0103381713565993
101.76,0.0103453021516592
101.77,0.0103524921411535
101.78,0.0103597405453487
101.79,0.0103670464904203
101.8,0.010374409025803
101.81,0.0103818274201413
101.82,0.0103893008277946
101.83,0.0103968283936115
101.84,0.0104044092529299
101.85,0.0104120424827451
101.86,0.0104197271551193
101.87,0.0104274623952346
101.88,0.010435247282868
101.89,0.0104430808866665
101.9,0.0104509622641474
101.91,0.0104588905091498
101.92,0.0104668646748024
101.93,0.0104748837774888
101.94,0.0104829468434858
101.95,0.0104910528891531
101.96,0.0104992009209339
101.97,0.0105073899722374
101.98,0.0105156190304889
101.99,0.0105238870716581
102,0.0105321930709105
102.01,0.0105405359942529
102.02,0.0105489147985325
102.03,0.0105573282650766
102.04,0.0105657753710403
102.05,0.010574255031792
102.06,0.0105827661358909
102.07,0.010591307559911
102.08,0.0105998781664468
102.09,0.010608476679591
102.1,0.0106171019909803
102.11,0.0106257529093229
102.12,0.0106344282294133
102.13,0.0106431267321318
102.14,0.0106518472014616
102.15,0.0106605885117429
102.16,0.010669349346232
102.17,0.0106781284488444
102.18,0.0106869245512339
102.19,0.010695736372793
102.2,0.0107045626206522
102.21,0.0107134020109372
102.22,0.0107222532285228
102.23,0.0107311149410706
102.24,0.0107399858110766
102.25,0.0107488644891474
102.26,0.0107577496139992
102.27,0.0107666397656966
102.28,0.010775533407424
102.29,0.0107844292143086
102.3,0.0107933257492524
102.31,0.0108022215607946
102.32,0.0108111151831118
102.33,0.0108200051360181
102.34,0.010828889852928
102.35,0.0108377678362229
102.36,0.0108466375630735
102.37,0.010855497483249
102.38,0.0108643460311053
102.39,0.0108731816255842
102.4,0.0108820027063808
102.41,0.0108908077239925
102.42,0.0108995950201003
102.43,0.0109083629668673
102.44,0.0109171099223322
102.45,0.0109258342304086
102.46,0.0109345342208857
102.47,0.010943208145037
102.48,0.0109518543273294
102.49,0.0109604710496955
102.5,0.0109690565757501
102.51,0.0109776091541836
102.52,0.010986127018762
102.53,0.010994608336084
102.54,0.0110030512638089
102.55,0.0110114540178185
102.56,0.0110198147570332
102.57,0.0110281316241819
102.58,0.0110364027458023
102.59,0.011044626232241
102.6,0.0110528001826911
102.61,0.0110609226739544
102.62,0.0110689917678519
102.63,0.0110770055107616
102.64,0.0110849619329349
102.65,0.0110928590484967
102.66,0.0111006948587714
102.67,0.01110846736078
102.68,0.0111161745128713
102.69,0.0111238142670907
102.7,0.0111313845595645
102.71,0.0111388833105009
102.72,0.0111463084241891
102.73,0.0111536577725603
102.74,0.0111609292189433
102.75,0.01116812062579
102.76,0.0111752298295943
102.77,0.0111822546505888
102.78,0.0111891928927446
102.79,0.0111960423437718
102.8,0.011202800763331
102.81,0.0112094659107251
102.82,0.0112160355241069
102.83,0.0112225073244409
102.84,0.0112288790162929
102.85,0.0112351482878302
102.86,0.0112413128197192
102.87,0.0112473702936155
102.88,0.0112533183353292
102.89,0.0112591545722148
102.9,0.0112648766156358
102.91,0.0112704820609644
102.92,0.0112759684875812
102.93,0.0112813334893799
102.94,0.0112865746228292
102.95,0.0112916894120387
102.96,0.0112966753791397
102.97,0.0113015300308271
102.98,0.0113062508583596
102.99,0.0113108353375598
103,0.0113152809861395
103.01,0.0113195852231966
103.02,0.0113237454847803
103.03,0.011327759192561
103.04,0.0113316237533825
103.05,0.011335336559262
103.06,0.0113388950140363
103.07,0.0113422965333877
103.08,0.011345538437267
103.09,0.011348618069661
103.1,0.0113515327606848
103.11,0.0113542798265814
103.12,0.011356856569722
103.13,0.0113592603410635
103.14,0.0113614884295405
103.15,0.0113635380929798
103.16,0.011365406596072
103.17,0.0113670911913378
103.18,0.0113685891286355
103.19,0.0113698976853558
103.2,0.0113710140600965
103.21,0.0113719354673874
103.22,0.0113726591106616
103.23,0.0113731821822567
103.24,0.0113735019521999
103.25,0.0113736156132108
103.26,0.0113735203193529
103.27,0.0113732132442642
103.28,0.0113726915529438
103.29,0.0113719524227124
103.3,0.011370993116522
103.31,0.0113698107326468
103.32,0.0113684024262438
103.33,0.011366765346316
103.34,0.011364896635712
103.35,0.0113627934696862
103.36,0.0113604529895791
103.37,0.0113578723172459
103.38,0.0113550485822395
103.39,0.0113519789090426
103.4,0.0113486604357737
103.41,0.0113450903862141
103.42,0.0113412658308496
103.43,0.0113371838970642
103.44,0.0113328417095045
103.45,0.0113282363900798
103.46,0.0113233651992142
103.47,0.0113182253153731
103.48,0.0113128138633274
103.49,0.0113071280227511
103.5,0.0113011649822873
103.51,0.0112949219411511
103.52,0.0112883961410642
103.53,0.0112815847942451
103.54,0.0112744851423207
103.55,0.0112670944416683
103.56,0.0112594099643785
103.57,0.0112514289693692
103.58,0.0112431487030343
103.59,0.0112345665010177
103.6,0.0112256796817787
103.61,0.0112164855797821
103.62,0.0112069815461302
103.63,0.0111971649589292
103.64,0.0111870332068072
103.65,0.0111765836957175
103.66,0.0111658138537978
103.67,0.0111547211296818
103.68,0.0111433030073905
103.69,0.0111315571640469
103.7,0.0111194810676106
103.71,0.0111070723081672
103.72,0.0110943285090815
103.73,0.0110812473283796
103.74,0.0110678264857155
103.75,0.0110540637504961
103.76,0.0110399568875014
103.77,0.0110255037261665
103.78,0.011010702140759
103.79,0.0109955500519989
103.8,0.0109800452693127
103.81,0.0109641857975003
103.82,0.0109479696807928
103.83,0.0109313949799492
103.84,0.0109144597999519
103.85,0.0108971622952267
103.86,0.0108795006925002
103.87,0.0108614732268205
103.88,0.0108430781979308
103.89,0.0108243139557917
103.9,0.0108051789015815
103.91,0.0107856716805201
103.92,0.0107657911891893
103.93,0.0107455359084269
103.94,0.0107249046163546
103.95,0.010703896174832
103.96,0.0106825095324301
103.97,0.0106607438147827
103.98,0.0106385982116382
103.99,0.010616071946819
104,0.0105931643905157
104.01,0.0105698750219967
104.02,0.0105462034331116
104.03,0.0105221483257037
104.04,0.010497709489427
104.05,0.0104728867217228
104.06,0.0104476797343403
104.07,0.0104220883094778
104.08,0.0103961123216821
104.09,0.0103697524769758
104.1,0.0103430085492343
104.11,0.0103158807962581
104.12,0.0102883695781807
104.13,0.0102604753594055
104.14,0.0102321989270838
104.15,0.0102035417817641
104.16,0.0101745045147118
104.17,0.010145088302846
104.18,0.0101152944844486
104.19,0.0100851245645318
104.2,0.010054580020854
104.21,0.0100236624527439
104.22,0.00999237393831528
104.23,0.00996071657119659
104.24,0.00992869261637217
104.25,0.00989630451396837
104.26,0.00986355426607823
104.27,0.00983044446205897
104.28,0.00979697805112321
104.29,0.00976315794260589
104.3,0.00972898719549021
104.31,0.00969446901907729
104.32,0.00965960726423029
104.33,0.0096244053707884
104.34,0.00958886710426435
104.35,0.00955299643870844
104.36,0.00951679752721234
104.37,0.00948027479760144
104.38,0.00944343358384794
104.39,0.00940627837648161
104.4,0.00936881430092672
104.41,0.00933104671405267
104.42,0.00929298120953826
104.43,0.00925462347162362
104.44,0.00921597923434023
104.45,0.00917705490880474
104.46,0.00913785695146319
104.47,0.00909839205888614
104.48,0.00905866717144446
104.49,0.00901868897900545
104.5,0.00897846453475623
104.51,0.00893800156605863
104.52,0.00889730775867531
104.53,0.0088563910162656
104.54,0.00881525946094102
104.55,0.00877392165523423
104.56,0.00873238619511375
104.57,0.00869066188614759
104.58,0.00864875781595727
104.59,0.00860668330746457
104.6,0.00856444792042475
104.61,0.00852206205805028
104.62,0.00847953562929483
104.63,0.00843687904809565
104.64,0.0083941030194226
104.65,0.00835121852207156
104.66,0.00830823664512557
104.67,0.00826516757311833
104.68,0.00822202348665301
104.69,0.00817881610999628
104.7,0.00813555739239207
104.71,0.00809225950676881
104.72,0.00804893463422624
104.73,0.00800559477287578
104.74,0.00796225277956234
104.75,0.00791892139897614
104.76,0.00787561353132249
104.77,0.00783234256373433
104.78,0.00778912213233607
104.79,0.00774596560814157
104.8,0.00770288675557683
104.81,0.0076598995222428
104.82,0.00761701761973443
104.83,0.00757425512762736
104.84,0.0075316264336541
104.85,0.0074891459322603
104.86,0.00744682814158519
104.87,0.00740468674820145
104.88,0.00736273640916674
104.89,0.00732099168450596
104.9,0.00727946705856236
104.91,0.00723817702038327
104.92,0.00719713600513812
104.93,0.00715635848393312
104.94,0.0071158588717798
104.95,0.00707565153510903
104.96,0.00703575082846928
104.97,0.00699617123319824
104.98,0.00695692687147869
104.99,0.00691803189349289
105,0.00687950035722109
105.01,0.006841346027894
105.02,0.00680358234682006
105.03,0.00676622302511479
105.04,0.00672928141619292
105.05,0.00669277068084187
105.06,0.00665670333903035
105.07,0.0066210917057656
105.08,0.00658594819682119
105.09,0.00655128471241033
105.1,0.00651711281940059
105.11,0.00648344458064436
105.12,0.00645029113022106
105.13,0.00641766314337461
105.14,0.00638557114296262
105.15,0.00635402531061196
105.16,0.00632303511278482
105.17,0.0062926100232351
105.18,0.00626275900345176
105.19,0.00623349057885049
105.2,0.00620481289354256
105.21,0.00617673419445554
105.22,0.00614926158713848
105.23,0.00612240199834123
105.24,0.00609616190626349
105.25,0.00607054743494831
105.26,0.0060455645481036
105.27,0.00602121837310133
105.28,0.00599751374610127
105.29,0.00597445506696396
105.3,0.00595204630757302
105.31,0.0059302909640442
105.32,0.00590919208701073
105.33,0.00588875235484268
105.34,0.00586897426348411
105.35,0.0058498595222239
105.36,0.00583140954487473
105.37,0.00581362543281242
105.38,0.005796508243674
105.39,0.00578005818495836
105.4,0.00576427527849294
105.41,0.00574915919914644
105.42,0.0057347092947554
105.43,0.00572092455655555
105.44,0.00570780365679073
105.45,0.00569534492936529
105.46,0.00568354632547958
105.47,0.0056724055711428
105.48,0.005661920052787
105.49,0.00565208693975593
105.5,0.00564290343531333
105.51,0.00563436609297579
105.52,0.00562647138240664
105.53,0.00561921557603663
105.54,0.00561259481919618
105.55,0.00560660497334677
105.56,0.00560124176685099
105.57,0.00559650077154274
105.58,0.0055923774055302
105.59,0.00558886696804675
105.6,0.00558596463676719
105.61,0.00558366548497545
105.62,0.00558196424375398
105.63,0.00558085572380662
105.64,0.00558033465593334
105.65,0.00558039564780212
105.66,0.00558103319409635
105.67,0.00558224171906426
105.68,0.0055840156157092
105.69,0.00558634920711605
105.7,0.0055892368628573
105.71,0.00559267307006337
105.72,0.00559665207673321
105.73,0.00560116823720706
105.74,0.00560621591594462
105.75,0.00561178939582235
105.76,0.00561788314157701
105.77,0.0056244916161281
105.78,0.00563160934186574
105.79,0.00563922976079889
105.8,0.00564734743863629
105.81,0.00565595662985768
105.82,0.00566505151409344
105.83,0.00567462692946677
105.84,0.00568467741853221
105.85,0.00569519735771942
105.86,0.00570618136289471
105.87,0.00571762406206334
105.88,0.00572952013458626
105.89,0.00574186444616321
105.9,0.00575465191265525
105.91,0.00576787738364773
105.92,0.00578153533575236
105.93,0.00579562097712329
105.94,0.00581012931443082
105.95,0.00582505540679562
105.96,0.00584039444585968
105.97,0.00585614160493213
105.98,0.00587229213461838
105.99,0.00588884135242547
106,0.00590578474751329
106.01,0.00592311790679662
106.02,0.00594083637554457
106.03,0.00595893584509661
106.04,0.00597741206604009
106.05,0.00599626066284947
106.06,0.00601547761191091
106.07,0.00603505886832529
106.08,0.00605500046482246
106.09,0.00607529840109463
106.1,0.00609594882606077
106.11,0.00611694796678793
106.12,0.00613829209838349
106.13,0.00615997760904986
106.14,0.00618200100621405
106.15,0.00620435877391414
106.16,0.00622704751345201
106.17,0.00625006390256611
106.18,0.00627340465866191
106.19,0.006297066619586
106.2,0.00632104668406832
106.21,0.00634534182735323
106.22,0.00636994902100234
106.23,0.0063948653356138
106.24,0.00642008794877036
106.25,0.00644561407870606
106.26,0.00647144101901517
106.27,0.00649756615579034
106.28,0.00652398689978939
106.29,0.00655070074356735
106.3,0.00657770524530274
106.31,0.00660499806029243
106.32,0.00663257687917423
106.33,0.00666043946736842
106.34,0.00668858365907225
106.35,0.00671700731383413
106.36,0.00674570834919953
106.37,0.00677468478755955
106.38,0.00680393468892405
106.39,0.00683345617036002
106.4,0.00686324739655067
106.41,0.00689330659876713
106.42,0.00692363205859174
106.43,0.00695422211091566
106.44,0.00698507516998605
106.45,0.00701618970251409
106.46,0.00704756421645513
106.47,0.00707919728191267
106.48,0.00711108746054783
106.49,0.00714323342664835
106.5,0.00717563388008866
106.51,0.00720828756320879
106.52,0.0072411932588349
106.53,0.00727434979596873
106.54,0.00730775604176977
106.55,0.00734141095353554
106.56,0.00737531349794651
106.57,0.00740946268609399
106.58,0.00744385757423235
106.59,0.00747849724264139
106.6,0.00751338083386375
106.61,0.00754850752229051
106.62,0.00758387649518826
106.63,0.00761948697410096
106.64,0.00765533822830839
106.65,0.00769142954846204
106.66,0.00772776028886462
106.67,0.00776432979800522
106.68,0.00780113746515959
106.69,0.00783818271621279
106.7,0.00787546501481146
106.71,0.00791298383701495
106.72,0.00795073869364072
106.73,0.00798872911206296
106.74,0.00802695463957286
106.75,0.00806541486169573
106.76,0.00810410938020121
106.77,0.00814303781457614
106.78,0.00818219980398739
106.79,0.00822159500933048
106.8,0.00826122310748842
106.81,0.00830108379583705
106.82,0.00834117678637838
106.83,0.00838150180394774
106.84,0.00842205858844164
106.85,0.00846284692260475
106.86,0.00850386658862355
106.87,0.00854511737787386
106.88,0.00858659910260982
106.89,0.0086283115559474
106.9,0.0086702545668466
106.91,0.00871242797299655
106.92,0.00875483161645268
106.93,0.00879746536102177
106.94,0.00884032906474418
106.95,0.00888342259555155
106.96,0.00892674582837003
106.97,0.00897029866397188
106.98,0.00901408098341054
106.99,0.00905809268173306
107,0.00910233365826295
107.01,0.00914680381591453
107.02,0.00919150307849638
107.03,0.00923643135214226
107.04,0.0092815885518854
107.05,0.00932697459536997
107.06,0.00937258940170011
107.07,0.00941843289632957
107.08,0.00946450499948651
107.09,0.00951080563268945
107.1,0.00955733471737993
107.11,0.00960409217395281
107.12,0.00965107793034517
107.13,0.00969829190416699
107.14,0.00974573401174652
107.15,0.00979340416801527
107.16,0.00984130228486364
107.17,0.00988942828385219
107.18,0.0099377820723981
107.19,0.00998636355343261
107.2,0.0100351726284068
107.21,0.0100842091944793
107.22,0.010133473152322
107.23,0.0101829643924405
107.24,0.0102326827984264
107.25,0.0102826282507824
107.26,0.0103328006245487
107.27,0.0103831997923458
107.28,0.0104338256191556
107.29,0.0104846779622153
107.3,0.010535756673403
107.31,0.0105870615978355
107.32,0.0106385925783102
107.33,0.0106903494491007
107.34,0.0107423320338597
107.35,0.0107945401507653
107.36,0.0108469736102927
107.37,0.0108996322208358
107.38,0.0109525157825744
107.39,0.011005624081864
107.4,0.0110589569001381
107.41,0.0111125140106462
107.42,0.0111662951809686
107.43,0.0112203001709218
107.44,0.0112745287281315
107.45,0.0113289805934184
107.46,0.0113836554988688
107.47,0.0114385531683416
107.48,0.0114936733170861
107.49,0.0115490156499928
107.5,0.0116045798632278
107.51,0.0116603656435347
107.52,0.0117163726703153
107.53,0.0117726006158168
107.54,0.0118290491373401
107.55,0.0118857178848791
107.56,0.0119426064987134
107.57,0.0119997146116432
107.58,0.0120570418507422
107.59,0.0121145878259097
107.6,0.0121723521404861
107.61,0.0122303343881097
107.62,0.0122885341525869
107.63,0.0123469510077167
107.64,0.0124055845176584
107.65,0.0124644342364731
107.66,0.0125234997081645
107.67,0.0125827804664358
107.68,0.0126422760334073
107.69,0.0127019859227522
107.7,0.0127619096370045
107.71,0.0128220466681912
107.72,0.0128823964977539
107.73,0.012942958610582
107.74,0.013003732464051
107.75,0.0130647175117264
107.76,0.0131259131971298
107.77,0.0131873189537285
107.78,0.0132489342008981
107.79,0.013310758351757
107.8,0.0133727908085238
107.81,0.0134350309625951
107.82,0.0134974781949536
107.83,0.0135601318811869
107.84,0.0136229913833042
107.85,0.0136860560518072
107.86,0.0137493252284177
107.87,0.0138127982447759
107.88,0.0138764744219354
107.89,0.0139403530709419
107.9,0.014004433493175
107.91,0.0140687149796509
107.92,0.0141331968112665
107.93,0.0141978782578339
107.94,0.0142627585784052
107.95,0.0143278370235849
107.96,0.0143931128329058
107.97,0.014458585235618
107.98,0.0145242534523962
107.99,0.014590116697153
108,0.014656174167341
108.01,0.0147224250530656
108.02,0.0147888685344682
108.03,0.0148555037817426
108.04,0.014922329960471
108.05,0.014989346220774
108.06,0.0150565517043302
108.07,0.0151239455437272
108.08,0.0151915268620341
108.09,0.0152592947723706
108.1,0.0153272483782191
108.11,0.0153953867743966
108.12,0.0154637090459434
108.13,0.015532214268523
108.14,0.0156009015084108
108.15,0.0156697698212667
108.16,0.0157388182551497
108.17,0.0158080458481883
108.18,0.0158774516292444
108.19,0.0159470346179452
108.2,0.0160167938281434
108.21,0.0160867282632584
108.22,0.0161568369156249
108.23,0.016227118770165
108.24,0.0162975728030594
108.25,0.0163681979817158
108.26,0.0164389932645451
108.27,0.0165099576019249
108.28,0.0165810899354686
108.29,0.0166523891982991
108.3,0.0167238543151024
108.31,0.0167954842038925
108.32,0.0168672777729145
108.33,0.0169392339221773
108.34,0.0170113515439003
108.35,0.0170836295222642
108.36,0.0171560667337462
108.37,0.0172286620472195
108.38,0.0173014143230012
108.39,0.0173743224139821
108.4,0.01744738516537
108.41,0.0175206014147558
108.42,0.0175939699937388
108.43,0.0176674897262077
108.44,0.0177411594271564
108.45,0.0178149779052317
108.46,0.017888943961939
108.47,0.017963056391717
108.48,0.01803731398444
108.49,0.0181117155211707
108.5,0.0181862597758331
108.51,0.0182609455163386
108.52,0.0183357715040726
108.53,0.0184107364939824
108.54,0.0184858392321032
108.55,0.0185610784611967
108.56,0.0186364529168879
108.57,0.0187119613284449
108.58,0.0187876024190071
108.59,0.0188633749065025
108.6,0.018939277511358
108.61,0.0190153089362706
108.62,0.0190914678831879
108.63,0.01916775304876
108.64,0.0192441631244507
108.65,0.0193206967946344
108.66,0.0193973527344996
108.67,0.0194741296220931
108.68,0.0195510261270395
108.69,0.0196280409139558
108.7,0.0197051726425334
108.71,0.0197824199744234
108.72,0.0198597815682644
108.73,0.0199372560680644
108.74,0.020014842119073
108.75,0.020092538362773
108.76,0.0201703434370168
108.77,0.0202482559658043
108.78,0.0203262745767727
108.79,0.02040439789841
108.8,0.02048262455179
108.81,0.0205609531545011
108.82,0.0206393823207459
108.83,0.0207179106615066
108.84,0.0207965367853838
108.85,0.0208752592967303
108.86,0.0209540767974151
108.87,0.0210329878864635
108.88,0.0211119911601596
108.89,0.0211910852121502
108.9,0.0212702686393291
108.91,0.0213495400360462
108.92,0.0214288979868595
108.93,0.0215083410786404
108.94,0.0215878678965542
108.95,0.0216674770241888
108.96,0.0217471670436875
108.97,0.0218269365450915
108.98,0.0219067841057228
108.99,0.0219867083055267
109,0.0220667077243938
109.01,0.0221467809417436
109.02,0.0222269265366751
109.03,0.022307143078975
109.04,0.0223874291270001
109.05,0.0224677832669181
109.06,0.0225482040715327
109.07,0.0226286901130854
109.08,0.0227092399633446
109.09,0.0227898521936904
109.1,0.0228705253884672
109.11,0.0229512581193677
109.12,0.0230320489575158
109.13,0.0231128964775865
109.14,0.0231937992548851
109.15,0.0232747558654699
109.16,0.0233557648906918
109.17,0.0234368249339297
109.18,0.0235179345650955
109.19,0.0235990923705941
109.2,0.0236802969391391
109.21,0.0237615468619407
109.22,0.0238428407328882
109.23,0.0239241771246923
109.24,0.0240055546242265
109.25,0.024086971838246
109.26,0.0241684273639385
109.27,0.0242499198007199
109.28,0.0243314477503328
109.29,0.0244130098169438
109.3,0.0244946046076099
109.31,0.0245762307315137
109.32,0.0246578868007462
109.33,0.0247395714302316
109.34,0.0248212832378189
109.35,0.0249030208443813
109.36,0.02498478288542
109.37,0.02506656801167
109.38,0.0251483748454151
109.39,0.0252302020282825
109.4,0.025312048206576
109.41,0.0253939120314493
109.42,0.0254757921590785
109.43,0.0255576872343628
109.44,0.0256395959222189
109.45,0.0257215168948294
109.46,0.0258034488251461
109.47,0.0258853903912683
109.48,0.0259673402765683
109.49,0.0260492971672721
109.5,0.0261312597333163
109.51,0.0262132266835894
109.52,0.0262951967185212
109.53,0.0263771685436304
109.54,0.0264591408695982
109.55,0.0265411124123412
109.56,0.0266230819067782
109.57,0.0267050480931401
109.58,0.0267870096990276
109.59,0.0268689654684766
109.6,0.0269509141520888
109.61,0.0270328545071645
109.62,0.0271147852978401
109.63,0.0271967052979069
109.64,0.0272786132850847
109.65,0.0273605080451342
109.66,0.0274423883715533
109.67,0.0275242530654452
109.68,0.0276061009356598
109.69,0.0276879307914298
109.7,0.0277697414333031
109.71,0.0278515317063234
109.72,0.0279333004468861
109.73,0.0280150464992022
109.74,0.0280967687154062
109.75,0.0281784659556601
109.76,0.0282601370882592
109.77,0.0283417809773415
109.78,0.0284233964876442
109.79,0.028504982523137
109.8,0.0285865379803606
109.81,0.0286680617638261
109.82,0.0287495527860797
109.83,0.0288310099677734
109.84,0.0289124322377301
109.85,0.0289938185487227
109.86,0.029075167858708
109.87,0.0291564791140534
109.88,0.0292377512819842
109.89,0.0293189833388811
109.9,0.0294001742703833
109.91,0.029481323071491
109.92,0.0295624287466684
109.93,0.0296434903133827
109.94,0.0297245067963637
109.95,0.0298054772282866
109.96,0.029886400653373
109.97,0.0299672761259338
109.98,0.0300481027104762
109.99,0.0301288794818158
110,0.0302096055251834
110.01,0.0302902798872039
110.02,0.030370901676183
110.03,0.0304514700127527
110.04,0.0305319840146175
110.05,0.030612442809145
110.06,0.0306928455334062
110.07,0.0307731913342115
110.08,0.0308534793681528
110.09,0.0309337087996999
110.1,0.03101387880567
110.11,0.0310939885721396
110.12,0.0311740372948651
110.13,0.0312540241795336
110.14,0.0313339484417998
110.15,0.0314138093073223
110.16,0.0314936060118004
110.17,0.0315733378645229
110.18,0.0316530040917127
110.19,0.0317326039678441
110.2,0.0318121367788502
110.21,0.0318916018220925
110.22,0.0319709984064606
110.23,0.0320503258524713
110.24,0.0321295834871673
110.25,0.0322087706085544
110.26,0.0322878865960321
110.27,0.0323669308109281
110.28,0.0324459026258516
110.29,0.0325248014247484
110.3,0.0326036266029556
110.31,0.0326823775672575
110.32,0.0327610537359379
110.33,0.0328396544474999
110.34,0.0329181791741796
110.35,0.0329966273649414
110.36,0.0330749984701796
110.37,0.0331532919503284
110.38,0.0332315072758247
110.39,0.0333096439270739
110.4,0.0333877013944153
110.41,0.0334656792238419
110.42,0.0335435769327131
110.43,0.0336213940317579
110.44,0.0336991300606939
110.45,0.0337767845702167
110.46,0.033854357122032
110.47,0.0339318472888828
110.48,0.0340092546545773
110.49,0.0340865788484437
110.5,0.0341638195167532
110.51,0.0342409762525331
110.52,0.0343180486959258
110.53,0.0343950364997456
110.54,0.034471939329585
110.55,0.0345487568639206
110.56,0.0346254887942203
110.57,0.0347021347956699
110.58,0.0347786944570343
110.59,0.034855167576761
110.6,0.0349315538776313
110.61,0.0350078530932122
110.62,0.0350840649678186
110.63,0.0351601892564714
110.64,0.0352362257248576
110.65,0.0353121741492903
110.66,0.0353880342104974
110.67,0.0354638057554024
110.68,0.035539488580285
110.69,0.035615082488423
110.7,0.0356905872917068
110.71,0.0357660028105085
110.72,0.0358413288735474
110.73,0.0359165653177547
110.74,0.0359917121821967
110.75,0.0360667693069747
110.76,0.0361417365355192
110.77,0.0362166137733441
110.78,0.0362914009380099
110.79,0.0363660979592247
110.8,0.0364407047789446
110.81,0.0365152213514757
110.82,0.0365896476762991
110.83,0.0366639837547125
110.84,0.0367382295634592
110.85,0.0368123851163116
110.86,0.0368864504410025
110.87,0.0369604255793869
110.88,0.0370343105875991
110.89,0.0371081055362118
110.9,0.0371818104121868
110.91,0.0372554249274325
110.92,0.0373289494029792
110.93,0.0374023839025791
110.94,0.0374757284969576
110.95,0.0375489832635311
110.96,0.0376221482861299
110.97,0.0376952236547165
110.98,0.0377682094651047
110.99,0.0378411060072225
111,0.0379139133141894
111.01,0.0379866315103816
111.02,0.0380592607404222
111.03,0.0381318011567473
111.04,0.0382042529194973
111.05,0.0382766161964098
111.06,0.0383488911627112
111.07,0.0384210782821263
111.08,0.0384931778230594
111.09,0.0385651899070514
111.1,0.0386371148027573
111.11,0.0387089527936247
111.12,0.0387807041781972
111.13,0.0388523692704124
111.14,0.0389239483999028
111.15,0.038995441790708
111.16,0.0390668495394384
111.17,0.0391381721727403
111.18,0.039209410030175
111.19,0.0392805634615744
111.2,0.0393516328269737
111.21,0.0394226184965477
111.22,0.0394935208505442
111.23,0.0395643402724456
111.24,0.0396350768011891
111.25,0.0397057310275317
111.26,0.0397763033261809
111.27,0.0398467940758702
111.28,0.0399172036589861
111.29,0.0399875324611951
111.3,0.0400577808710715
111.31,0.0401279492797242
111.32,0.0401980385021572
111.33,0.0402680489312494
111.34,0.0403379809102979
111.35,0.04040783491927
111.36,0.0404776114487561
111.37,0.0405473110001141
111.38,0.0406169340856104
111.39,0.0406864812285621
111.4,0.0407559530266903
111.41,0.0408253501047681
111.42,0.0408946729725331
111.43,0.0409639222208296
111.44,0.0410330984549618
111.45,0.0411022022949764
111.46,0.0411712343759495
111.47,0.0412401953482689
111.48,0.0413090858013205
111.49,0.041377905759459
111.5,0.0414466562581982
111.51,0.0415153379173553
111.52,0.0415839513615807
111.53,0.0416524972200064
111.54,0.0417209761258947
111.55,0.0417893887162865
111.56,0.0418577356316508
111.57,0.0419260175873308
111.58,0.0419942352091684
111.59,0.0420623891467904
111.6,0.042130480067781
111.61,0.042198508645066
111.62,0.0422664755569154
111.63,0.0423343814869412
111.64,0.0424022275275949
111.65,0.0424700142255971
111.66,0.0425377423021375
111.67,0.0426054125163216
111.68,0.0426730256368343
111.69,0.0427405824419393
111.7,0.0428080837227623
111.71,0.0428755306639579
111.72,0.0429429238845784
111.73,0.0430102642450917
111.74,0.0430775526192428
111.75,0.043144789894053
111.76,0.0432119769698199
111.77,0.0432791146987309
111.78,0.0433462033594235
111.79,0.0434132442142373
111.8,0.0434802381336019
111.81,0.0435471859942883
111.82,0.0436140886794073
111.83,0.0436809470784121
111.84,0.0437477620059629
111.85,0.0438145339799122
111.86,0.0438812641057148
111.87,0.0439479532413402
111.88,0.0440146022463839
111.89,0.0440812119820676
111.9,0.0441477833112395
111.91,0.044214317359928
111.92,0.0442808156875952
111.93,0.0443472787914643
111.94,0.0444137076632751
111.95,0.0444801033064645
111.96,0.0445464667361687
111.97,0.0446127989792219
111.98,0.0446791011162067
111.99,0.0447453742637096
112,0.0448116194459994
112.01,0.0448778377513554
112.02,0.0449440302809516
112.03,0.0450101981488569
112.04,0.0450763424820346
112.05,0.0451424640434458
112.06,0.0452085636377205
112.07,0.0452746426480832
112.08,0.0453407021491165
112.09,0.0454067432198718
112.1,0.0454727669438708
112.11,0.0455387744091031
112.12,0.0456047666232231
112.13,0.0456707446422308
112.14,0.0457367095982521
112.15,0.0458026625778993
112.16,0.0458686046707055
112.17,0.0459345369691242
112.18,0.0460004605685301
112.19,0.0460663770269127
112.2,0.0461322875213205
112.21,0.046198193060676
112.22,0.0462640948403329
112.23,0.0463299940656148
112.24,0.0463958919518136
112.25,0.0464617897241915
112.26,0.0465276887456395
112.27,0.0465935902517935
112.28,0.0466594954863837
112.29,0.0467254057357139
112.3,0.0467913222977339
112.31,0.0468572464820403
112.32,0.046923179609875
112.33,0.0469891224687674
112.34,0.0470550765464759
112.35,0.0471210431977611
112.36,0.0471870237111967
112.37,0.0472530193807708
112.38,0.0473190315058838
112.39,0.0473850613913492
112.4,0.0474511099387619
112.41,0.0475171785846419
112.42,0.0475832685947168
112.43,0.0476493812166929
112.44,0.0477155176964524
112.45,0.0477816794649997
112.46,0.0478478682270568
112.47,0.047914085053152
112.48,0.0479803313015086
112.49,0.0480466083401846
112.5,0.0481129175470756
112.51,0.0481792606441413
112.52,0.0482456391017523
112.53,0.0483120543067442
112.54,0.0483785077679659
112.55,0.0484450010127151
112.56,0.0485115355371904
112.57,0.0485781121217254
112.58,0.0486447326395605
112.59,0.0487113985515035
112.6,0.0487781113228015
112.61,0.048844872423139
112.62,0.0489116829639181
112.63,0.0489785439582503
112.64,0.0490454570572505
112.65,0.0491124235866025
112.66,0.0491794448608591
112.67,0.0492465221834427
112.68,0.0493136574193442
112.69,0.0493808517998597
112.7,0.0494481066264792
112.71,0.0495154232873032
112.72,0.0495828031713028
112.73,0.0496502479213723
112.74,0.0497177601641043
112.75,0.0497853408340873
112.76,0.0498529915855652
112.77,0.049920714099465
112.78,0.0499885100833972
112.79,0.0500563803701938
112.8,0.0501243261647608
112.81,0.0501923494465462
112.82,0.0502604517250755
112.83,0.0503286345075789
112.84,0.0503968992989894
112.85,0.0504652469286365
112.86,0.0505336790077583
112.87,0.0506021968818431
112.88,0.0506708018534162
112.89,0.050739495384145
112.9,0.0508082790781247
112.91,0.0508771541181692
112.92,0.0509461218555727
112.93,0.0510151836346891
112.94,0.0510843415925663
112.95,0.051153597075228
112.96,0.0512229515497719
112.97,0.0512924065958493
112.98,0.0513619636877787
112.99,0.0514316240557254
113,0.0515013894147737
113.01,0.0515712612968061
113.02,0.0516412412398193
113.03,0.0517113297092147
113.04,0.0517815279834426
113.05,0.0518518374880141
113.06,0.0519222593726299
113.07,0.0519927947347783
113.08,0.0520634445753876
113.09,0.0521342099402965
113.1,0.0522050918009102
113.11,0.0522760910868422
113.12,0.052347209590663
113.13,0.0524184486607272
113.14,0.0524898091434881
113.15,0.0525612922116092
113.16,0.0526328990671027
113.17,0.052704631205909
113.18,0.0527764897437339
113.19,0.0528484759531659
113.2,0.0529205911206913
113.21,0.052992835579105
113.22,0.0530652094619554
113.23,0.0531377138940873
113.24,0.0532103494300008
113.25,0.0532831160215357
113.26,0.0533560138770342
113.27,0.053429043131534
113.28,0.0535022037821185
113.29,0.0535754976546525
113.3,0.0536489243034417
113.31,0.0537224840125806
113.32,0.0537961773379195
113.33,0.053870005606441
113.34,0.0539439690359996
113.35,0.0540180683075302
113.36,0.0540923027471692
113.37,0.0541666713457971
113.38,0.0542411746267191
113.39,0.0543158122823538
113.4,0.0543905827300901
113.41,0.0544654850343463
113.42,0.0545405182175174
113.43,0.0546156809660361
113.44,0.0546909734617505
113.45,0.0547663938580711
113.46,0.0548419408504304
113.47,0.0549176132321962
113.48,0.0549934102675511
113.49,0.0550693303469323
113.5,0.055145372102905
113.51,0.0552215333545163
113.52,0.0552978116209183
113.53,0.055374205217708
113.54,0.0554507119144285
113.55,0.0555273278460393
113.56,0.05560404957583
113.57,0.0556808736722054
113.58,0.0557577966446728
113.59,0.0558348145922521
113.6,0.0559119231703483
113.61,0.055989118839083
113.62,0.0560663978231566
113.63,0.0561437556609214
113.64,0.0562211875689128
113.65,0.0562986885246205
113.66,0.0563762537245265
113.67,0.0564538767738805
113.68,0.0565315503855312
113.69,0.0566092682749707
113.7,0.0566870229036556
113.71,0.0567648060506913
113.72,0.0568426094383092
113.73,0.056920424764709
113.74,0.0569982441196014
113.75,0.0570760580479318
113.76,0.0571538573539929
113.77,0.0572316328213458
113.78,0.0573093745669219
113.79,0.0573870719315871
113.8,0.0574647121578859
113.81,0.0575422841266888
113.82,0.0576197749975431
113.83,0.0576971694177161
113.84,0.0577744535332656
113.85,0.0578516120770515
113.86,0.0579286294695041
113.87,0.0580054890929833
113.88,0.0580821748570595
113.89,0.0581586702847101
113.9,0.0582349577540087
113.91,0.058311018533178
113.92,0.0583868341284152
113.93,0.0584623834680591
113.94,0.0585376441797106
113.95,0.0586125941246441
113.96,0.0586872095885823
113.97,0.0587614659102795
113.98,0.0588353380109602
113.99,0.0589088001570979
114,0.0589818252817644
114.01,0.0590543863973934
114.02,0.059126455166106
114.03,0.0591980018530142
114.04,0.0592689953373303
114.05,0.0593394042899576
114.06,0.0594091949016572
114.07,0.0594783331852561
114.08,0.0595467839211485
114.09,0.05961451094946
114.1,0.0596814767760682
114.11,0.0597476440951878
114.12,0.059812973730059
114.13,0.0598774257402114
114.14,0.0599409591091225
114.15,0.0600035320081696
114.16,0.0600651012492241
114.17,0.060125622855296
114.18,0.0601850518747417
114.19,0.06024334249477
114.2,0.0603004477545801
114.21,0.0603563209465686
114.22,0.0604109139459735
114.23,0.0604641781806137
114.24,0.0605160655754703
114.25,0.060566526360768
114.26,0.060615510985912
114.27,0.060662969247185
114.28,0.0607088506193387
114.29,0.0607531052360309
114.3,0.0607956819217759
114.31,0.0608365308999074
114.32,0.0608756022133897
114.33,0.0609128455077626
114.34,0.0609482129475294
114.35,0.0609816550676173
114.36,0.0610131244077173
114.37,0.0610425744929979
114.38,0.0610699585230787
114.39,0.0610952329145227
114.4,0.0611183531516753
114.41,0.0611392770515832
114.42,0.0611579645516522
114.43,0.0611743754448088
114.44,0.061188473088329
114.45,0.0612002216455622
114.46,0.0612095873515243
114.47,0.0612165385642641
114.48,0.0612210458322466
114.49,0.0612230815642096
114.5,0.0612226203007039
114.51,0.0612196391431145
114.52,0.0612141169885209
114.53,0.0612060353757898
114.54,0.0611953779905115
114.55,0.0611821305669213
114.56,0.0611662814573043
114.57,0.0611478209766249
114.58,0.0611267417378773
114.59,0.0611030386712094
114.6,0.0610767081643128
114.61,0.0610477491980261
114.62,0.0610161623967005
114.63,0.0609819500120654
114.64,0.0609451164001528
114.65,0.0609056671389113
114.66,0.0608636092397452
114.67,0.060818951386998
114.68,0.060771703079829
114.69,0.0607218750609307
114.7,0.060669479125553
114.71,0.0606145276255195
114.72,0.06055703380041
114.73,0.0604970113985529
114.74,0.0604344744901918
114.75,0.0603694375252115
114.76,0.0603019150763721
114.77,0.0602319217215997
114.78,0.0601594719435157
114.79,0.060084580023649
114.8,0.0600072599472354
114.81,0.0599275251524046
114.82,0.059845388680964
114.83,0.0597608629392995
114.84,0.0596739594390793
114.85,0.0595846891361112
114.86,0.0594930620473628
114.87,0.0593990870594985
114.88,0.059302772336801
114.89,0.0592041248382607
114.9,0.059103150258511
114.91,0.0589998534487673
114.92,0.0588942378314522
114.93,0.0587863054899215
114.94,0.0586760576803203
114.95,0.0585634940210057
114.96,0.0584486128086223
114.97,0.0583314115920885
114.98,0.0582118861376004
114.99,0.0580900310242346
115,0.0579658400452325
115.01,0.057839305304329
115.02,0.0577104178380707
115.03,0.0575791680140709
115.04,0.0574455445101516
115.05,0.0573095350487672
115.06,0.0571711269769087
115.07,0.0570303064031312
115.08,0.0568870583441425
115.09,0.0567413674787638
115.1,0.0565932183886487
115.11,0.0564425942442464
115.12,0.0562894780569026
115.13,0.0561338534873475
115.14,0.0559757030097885
115.15,0.0558150093214096
115.16,0.0556517556374985
115.17,0.0554859252744593
115.18,0.0553175016564897
115.19,0.0551464690256959
115.2,0.0549728128219568
115.21,0.0547965186274101
115.22,0.054617573240495
115.23,0.0544359654268313
115.24,0.0542516845525788
115.25,0.0540647217595847
115.26,0.0538750701708713
115.27,0.0536827248092347
115.28,0.0534876825931213
115.29,0.0532899428181489
115.3,0.0530895074270142
115.31,0.0528863807584976
115.32,0.0526805700284356
115.33,0.0524720852940769
115.34,0.0522609397860987
115.35,0.0520471500604781
115.36,0.0518307359523956
115.37,0.0516117204320025
115.38,0.0513901306960032
115.39,0.0511659975985965
115.4,0.0509393551094918
115.41,0.050710241787545
115.42,0.0504787003181165
115.43,0.0502447770421822
115.44,0.0500085217867178
115.45,0.0497699897595517
115.46,0.0495292401288534
115.47,0.0492863344432008
115.48,0.0490413403224014
115.49,0.0487943292086564
115.5,0.0485453753868926
115.51,0.0482945569252653
115.52,0.0480419579693714
115.53,0.0477876660149409
115.54,0.0475317720966896
115.55,0.0472743659051845
115.56,0.0470155477055761
115.57,0.0467554190296982
115.58,0.0464940850578031
115.59,0.0462316488251102
115.6,0.0459682202042795
115.61,0.04570391289238
115.62,0.0454388422282953
115.63,0.045173124161738
115.64,0.0449068743727091
115.65,0.0446402152102996
115.66,0.0443732688216824
115.67,0.0441061588371843
115.68,0.0438390063666766
115.69,0.043571937819899
115.7,0.0433050787867636
115.71,0.0430385553389263
115.72,0.042772492811646
115.73,0.0425070167837637
115.74,0.0422422531904669
115.75,0.0419783271155117
115.76,0.041715362955434
115.77,0.0414534842724568
115.78,0.041192813336622
115.79,0.0409334711073309
115.8,0.0406755769609686
115.81,0.0404192508094871
115.82,0.0401646084090674
115.83,0.0399117639012141
115.84,0.0396608293693597
115.85,0.0394119155445185
115.86,0.0391651339083701
115.87,0.0389205885412173
115.88,0.0386783827701574
115.89,0.0384386171433561
115.9,0.0382013935420061
115.91,0.0379668097930352
115.92,0.03773495830362
115.93,0.0375059302112327
115.94,0.037279813785622
115.95,0.0370567001828608
115.96,0.036836670893449
115.97,0.0366198070241849
115.98,0.0364061868313613
115.99,0.0361958875491462
116,0.0359889860067432
116.01,0.0357855517248232
116.02,0.035585653510555
116.03,0.035389357540227
116.04,0.0351967310947874
116.05,0.035007836531008
116.06,0.0348227332155577
116.07,0.0346414790227282
116.08,0.0344641298874871
116.09,0.0342907422532066
116.1,0.0341213671297701
116.11,0.0339560548403872
116.12,0.0337948538277993
116.13,0.0336378111707866
116.14,0.033484972359761
116.15,0.0333363805689616
116.16,0.0331920776607754
116.17,0.0330521039465741
116.18,0.0329164984532079
116.19,0.0327852985798693
116.2,0.0326585403877943
116.21,0.0325362586461367
116.22,0.0324184867862548
116.23,0.0323052567502548
116.24,0.0321965997236678
116.25,0.0320925456174888
116.26,0.0319931232774017
116.27,0.0318983597672859
116.28,0.0318082813149141
116.29,0.0317229136886514
116.3,0.0316422813942603
116.31,0.0315664080169733
116.32,0.031495313977639
116.33,0.0314290213636064
116.34,0.0313675503974557
116.35,0.0313109203624382
116.36,0.0312591491022878
116.37,0.0312122525111995
116.38,0.0311702468041154
116.39,0.031133146589828
116.4,0.0311009651850266
116.41,0.0310737147711079
116.42,0.0310514065396328
116.43,0.0310340504524113
116.44,0.0310216548170967
116.45,0.0310142270591848
116.46,0.0310117733338551
116.47,0.0310142983952829
116.48,0.0310218046447624
116.49,0.0310342941425655
116.5,0.0310517670965688
116.51,0.0310742220386551
116.52,0.0311016555759737
116.53,0.0311340631145927
116.54,0.0311714381795905
116.55,0.0312137725312743
116.56,0.0312610561244083
116.57,0.031313277069635
116.58,0.0313704215789654
116.59,0.0314324737652516
116.6,0.0314994158383669
116.61,0.0315712279578179
116.62,0.0316478881492684
116.63,0.0317293721275563
116.64,0.0318156535449765
116.65,0.0319067037265435
116.66,0.0320024916825535
116.67,0.0321029840772188
116.68,0.0322081451149308
116.69,0.0323179365409843
116.7,0.0324323179452021
116.71,0.0325512466658407
116.72,0.0326746771957049
116.73,0.0328025619395237
116.74,0.0329348511222633
116.75,0.0330714922290366
116.76,0.033212430376083
116.77,0.033357608085453
116.78,0.0335069656087651
116.79,0.0336604406496362
116.8,0.033817968425846
116.81,0.0339794816329787
116.82,0.0341449106858823
116.83,0.0343141844404941
116.84,0.0344872285450033
116.85,0.0346639668023006
116.86,0.0348443215960492
116.87,0.0350282125361068
116.88,0.0352155574490433
116.89,0.0354062717824292
116.9,0.035600269426844
116.91,0.0357974622126407
116.92,0.0359977597869189
116.93,0.036201070154256
116.94,0.0364072993797334
116.95,0.0366163533116571
116.96,0.0368281349379774
116.97,0.0370425462315158
116.98,0.0372594890898701
116.99,0.0374788634775385
117,0.0377005686605116
117.01,0.0379245021303482
117.02,0.0381505611311703
117.03,0.0383786421115152
117.04,0.0386086404028125
117.05,0.0388404507711768
117.06,0.0390739673964199
117.07,0.0393090843771769
117.08,0.0395456953299197
117.09,0.0397836934285106
117.1,0.0400229720947021
117.11,0.0402634247753558
117.12,0.0405049448810774
117.13,0.0407474261804983
117.14,0.0409907628239986
117.15,0.0412348494318212
117.16,0.0414795813348656
117.17,0.0417248546816678
117.18,0.0419705663796713
117.19,0.0422166141027758
117.2,0.042462896220884
117.21,0.0427093126357698
117.22,0.0429557636082396
117.23,0.0432021492192064
117.24,0.0434483718984714
117.25,0.0436943350395879
117.26,0.0439399446805088
117.27,0.0441851066844573
117.28,0.044429729150571
117.29,0.0446737225621551
117.3,0.0449169986447269
117.31,0.0451594710670293
117.32,0.0454010533422908
117.33,0.0456416628365068
117.34,0.0458812179692935
117.35,0.04611963763969
117.36,0.0463568435599977
117.37,0.0465927587317294
117.38,0.0468273091764239
117.39,0.04706042160143
117.4,0.0472920250014041
117.41,0.0475220509606006
117.42,0.0477504326804735
117.43,0.0479771056934738
117.44,0.0482020062941286
117.45,0.0484250738007002
117.46,0.0486462493855566
117.47,0.0488654753051761
117.48,0.0490826961105359
117.49,0.0492978581920313
117.5,0.0495109101220947
117.51,0.0497218021669363
117.52,0.0499304863614152
117.53,0.0501369168343585
117.54,0.0503410496008045
117.55,0.0505428425302567
117.56,0.050742254913697
117.57,0.0509392477614141
117.58,0.0511337841609007
117.59,0.0513258285898771
117.6,0.0515153470825367
117.61,0.0517023074008025
117.62,0.0518866790381987
117.63,0.0520684332929961
117.64,0.0522475427202266
117.65,0.0524239815149587
117.66,0.0525977253160383
117.67,0.0527687513967298
117.68,0.0529370382375979
117.69,0.0531025651473347
117.7,0.0532653133031703
117.71,0.0534252649744412
117.72,0.0535824039768623
117.73,0.0537367149535525
117.74,0.0538881839793764
117.75,0.0540367991962816
117.76,0.0541825492104418
117.77,0.0543254240922346
117.78,0.0544654140024015
117.79,0.0546025112098412
117.8,0.0547367086519406
117.81,0.0548680000247291
117.82,0.0549963800771895
117.83,0.0551218443363869
117.84,0.0552443894827946
117.85,0.0553640126924426
117.86,0.0554807119929646
117.87,0.0555944869449226
117.88,0.0557053374548574
117.89,0.0558132643158131
117.9,0.0559182693906199
117.91,0.0560203553458971
117.92,0.0561195256887933
117.93,0.0562157839003748
117.94,0.056309134171615
117.95,0.0563995816894949
117.96,0.0564871319846322
117.97,0.0565717910717374
117.98,0.0566535653421524
117.99,0.0567324620927605
118,0.056808489576611
118.01,0.0568816558930152
118.02,0.0569519700361366
118.03,0.0570194417306274
118.04,0.05708408111254
118.05,0.0571458987692628
118.06,0.0572049051762946
118.07,0.0572611120176467
118.08,0.0573145311476233
118.09,0.0573651743992949
118.1,0.0574130542804838
118.11,0.0574581835057738
118.12,0.0575005752334874
118.13,0.0575402429417737
118.14,0.0575772002034709
118.15,0.0576114610794145
118.16,0.0576430406677278
118.17,0.0576719536104868
118.18,0.0576982151949165
118.19,0.0577218407294722
118.2,0.0577428460901836
118.21,0.0577612474387051
118.22,0.0577770608064506
118.23,0.0577903021951713
118.24,0.0578009882230352
118.25,0.0578091355502947
118.26,0.0578147618261599
118.27,0.0578178840182056
118.28,0.0578185195974399
118.29,0.0578166865906125
118.3,0.0578124030901265
118.31,0.0578056874393591
118.32,0.0577965578602729
118.33,0.0577850322145427
118.34,0.0577711292585992
118.35,0.0577548675270959
118.36,0.057736265922957
118.37,0.0577153431064131
118.38,0.0576921178867672
118.39,0.0576666098743508
118.4,0.0576388387783105
118.41,0.0576088241090944
118.42,0.0575765856630395
118.43,0.057542142933385
118.44,0.0575055161430229
118.45,0.057466725458035
118.46,0.057425790324956
118.47,0.0573827308198331
118.48,0.0573375668998774
118.49,0.0572903187278952
118.5,0.057241006666844
118.51,0.0571896506836004
118.52,0.0571362709868763
118.53,0.0570808885002232
118.54,0.0570235233958359
118.55,0.0569641962019194
118.56,0.0569029275212324
118.57,0.0568397380247151
118.58,0.0567746484701885
118.59,0.0567076796916353
118.6,0.0566388526040087
118.61,0.0565681875967414
118.62,0.0564957057073258
118.63,0.0564214278133445
118.64,0.0563453747956294
118.65,0.0562675671476285
118.66,0.0561880256724377
118.67,0.0561067710758044
118.68,0.0560238239725116
118.69,0.05593920536119
118.7,0.0558529358968409
118.71,0.0557650361651377
118.72,0.0556755267858844
118.73,0.0555844286023496
118.74,0.0554917623262893
118.75,0.0553975485760293
118.76,0.0553018080275536
118.77,0.0552045611483928
118.78,0.0551058284152779
118.79,0.055005630401736
118.8,0.0549039875690746
118.81,0.0548009203773802
118.82,0.0546964492462229
118.83,0.0545905945032799
118.84,0.0544833764505977
118.85,0.0543748153488439
118.86,0.0542649314939059
118.87,0.0541537450259845
118.88,0.0540412760737204
118.89,0.0539275447143341
118.9,0.0538125707549761
118.91,0.0536963740245054
118.92,0.0535789743597734
118.93,0.0534603914465064
118.94,0.0533406449044862
118.95,0.0532197543524964
118.96,0.0530977391799901
118.97,0.0529746187308455
118.98,0.0528504122492397
118.99,0.0527251390214865
119,0.0525988181218293
119.01,0.0524714685293325
119.02,0.0523431091457815
119.03,0.0522137589434145
119.04,0.0520834370247813
119.05,0.0519521620274977
119.06,0.0518199526940925
119.07,0.0516868277131162
119.08,0.0515528049204653
119.09,0.0514179029004514
119.1,0.0512821398733713
119.11,0.0511455339184444
119.12,0.0510081029985637
119.13,0.050869864950906
119.14,0.0507308374715189
119.15,0.0505910381252054
119.16,0.0504504843769181
119.17,0.0503091941006174
119.18,0.0501671844069107
119.19,0.0500244725376593
119.2,0.0498810756355188
119.21,0.0497370106479185
119.22,0.0495922944510337
119.23,0.0494469438651522
119.24,0.0493009755696729
119.25,0.0491544061017078
119.26,0.0490072516718808
119.27,0.0488595286368919
119.28,0.04871125312101
119.29,0.0485624411129569
119.3,0.0484131086215591
119.31,0.0482632714663786
119.32,0.0481129452654877
119.33,0.0479621455629419
119.34,0.0478108877781252
119.35,0.047659187197908
119.36,0.0475070589959064
119.37,0.0473545182162953
119.38,0.0472015797775061
119.39,0.0470482583751509
119.4,0.0468945686117388
119.41,0.0467405249940861
119.42,0.0465861418594802
119.43,0.0464314334429698
119.44,0.0462764140592597
119.45,0.0461210976058422
119.46,0.0459654979624472
119.47,0.0458096288856157
119.48,0.0456535040116046
119.49,0.0454971368539142
119.5,0.0453405408041651
119.51,0.0451837291343277
119.52,0.045026714938314
119.53,0.044869510901524
119.54,0.0447121299533934
119.55,0.0445545847321851
119.56,0.044396887725816
119.57,0.0442390514328935
119.58,0.0440810881889261
119.59,0.0439230100594838
119.6,0.0437648290461245
119.61,0.0436065570164421
119.62,0.0434482060835561
119.63,0.0432897878145765
119.64,0.0431313138196292
119.65,0.0429727956078509
119.66,0.0428142443724016
119.67,0.042655670923828
119.68,0.0424970864564903
119.69,0.0423385018056237
119.7,0.0421799276581957
119.71,0.0420213746920663
119.72,0.0418628533374769
119.73,0.0417043738691207
119.74,0.0415459464447553
119.75,0.041387581115744
119.76,0.0412292880005302
119.77,0.0410710768142352
119.78,0.0409129572491037
119.79,0.0407549388743978
119.8,0.0405970312316338
119.81,0.0404392437454973
119.82,0.0402815856466202
119.83,0.0401240661063193
119.84,0.0399666941953085
119.85,0.0398094786798049
119.86,0.0396524284580933
119.87,0.0394955522451882
119.88,0.0393388586470808
119.89,0.0391823561194719
119.9,0.0390260525155897
119.91,0.0388699561984517
119.92,0.0387140751586838
119.93,0.0385584172461134
119.94,0.0384029902133573
119.95,0.0382478018236648
119.96,0.0380928594751051
119.97,0.0379381705207972
119.98,0.0377837421795429
119.99,0.0376295816788294
120,0.0374756962913744
120.01,0.0373220928238991
120.02,0.0371687781247456
120.03,0.0370157589383782
120.04,0.0368630419915069
120.05,0.0367106339310731
120.06,0.0365585412125362
120.07,0.0364067702585185
120.08,0.0362553274122157
120.09,0.0361042186859894
120.1,0.0359534501113847
120.11,0.0358030277579004
120.12,0.0356529575128964
120.13,0.0355032451678644
120.14,0.0353538959977287
120.15,0.0352049155018632
120.16,0.0350563090705165
120.17,0.0349080818908836
120.18,0.0347602390145416
120.19,0.0346127863585249
120.2,0.0344657284242241
120.21,0.034319069997608
120.22,0.034172815801082
120.23,0.0340269704425255
120.24,0.0338815384146714
120.25,0.0337365244154304
120.26,0.03359193327692
120.27,0.0334477689508158
120.28,0.0333040356651519
120.29,0.0331607375604789
120.3,0.0330178786912275
120.31,0.032875463027072
120.32,0.032733494606204
120.33,0.03259197721704
120.34,0.0324509145977257
120.35,0.0323103104337836
120.36,0.0321701683388566
120.37,0.0320304918564466
120.38,0.031891284281378
120.39,0.0317525484988616
120.4,0.0316142880340211
120.41,0.0314765060149216
120.42,0.031339205484826
120.43,0.0312023894024196
120.44,0.0310660606420369
120.45,0.0309302220972344
120.46,0.0307948764848698
120.47,0.030660026429533
120.48,0.0305256745024505
120.49,0.030391823196363
120.5,0.0302584749260451
120.51,0.0301256320177476
120.52,0.0299932966755433
120.53,0.0298614711034252
120.54,0.0297301573955371
120.55,0.0295993575685097
120.56,0.0294690735618416
120.57,0.0293393072382844
120.58,0.0292100607878491
120.59,0.0290813360693499
120.6,0.0289531346856026
120.61,0.0288254583416444
120.62,0.028698308689353
120.63,0.0285716873292092
120.64,0.028445595770018
120.65,0.0283200350445352
120.66,0.0281950067785946
120.67,0.0280705122821308
120.68,0.0279465528064802
120.69,0.0278231295450903
120.7,0.0277002436342225
120.71,0.0275778960046665
120.72,0.0274560875727901
120.73,0.0273348193388233
120.74,0.0272140921536299
120.75,0.0270939068048479
120.76,0.026974264016988
120.77,0.0268551644545027
120.78,0.0267366090939187
120.79,0.0266185983337481
120.8,0.0265011327206444
120.81,0.026384212750197
120.82,0.0262678388677965
120.83,0.0261520114694927
120.84,0.0260367309378891
120.85,0.0259219976081608
120.86,0.0258078117122844
120.87,0.025694173469099
120.88,0.0255810830538586
120.89,0.0254685405991705
120.9,0.0253565461959348
120.91,0.0252450998942838
120.92,0.0251342016355497
120.93,0.0250238512452463
120.94,0.0249140487360486
120.95,0.0248047939720967
120.96,0.024696086777381
120.97,0.0245879269364615
120.98,0.0244803141951873
120.99,0.024373248261419
121,0.024266728787702
121.01,0.0241607553231241
121.02,0.0240553275094365
121.03,0.0239504448953841
121.04,0.0238461069934925
121.05,0.0237423132806896
121.06,0.0236390631989251
121.07,0.0235363561557945
121.08,0.0234341915229971
121.09,0.0233325686028572
121.1,0.0232314867226069
121.11,0.0231309451533394
121.12,0.023030943134215
121.13,0.0229314798730471
121.14,0.0228325545468854
121.15,0.0227341663025995
121.16,0.0226363142574634
121.17,0.022538997452043
121.18,0.0224422149649625
121.19,0.0223459658243834
121.2,0.0222502490276795
121.21,0.0221550635446573
121.22,0.0220604083180925
121.23,0.021966282264267
121.24,0.0218726842735087
121.25,0.0217796132528249
121.26,0.0216870680353245
121.27,0.0215950474353066
121.28,0.021503550252337
121.29,0.021412575263653
121.3,0.0213221212247497
121.31,0.0212321868699667
121.32,0.0211427709130765
121.33,0.0210538720176718
121.34,0.0209654888534488
121.35,0.020877620081733
121.36,0.0207902643331728
121.37,0.0207034202199517
121.38,0.0206170863363331
121.39,0.0205312612592028
121.4,0.0204459435486119
121.41,0.0203611316595025
121.42,0.0202768240742009
121.43,0.0201930193516652
121.44,0.0201097159722695
121.45,0.020026912400355
121.46,0.0199446070846864
121.47,0.0198627984589063
121.48,0.0197814849419895
121.49,0.0197006649386995
121.5,0.0196203368400408
121.51,0.019540498968129
121.52,0.0194611497165413
121.53,0.0193822874341373
121.54,0.0193039104555269
121.55,0.0192260171032154
121.56,0.0191486056880302
121.57,0.0190716745095491
121.58,0.0189952218565242
121.59,0.0189192460073107
121.6,0.0188437452170732
121.61,0.0187687177266267
121.62,0.0186941617989102
121.63,0.0186200756712848
121.64,0.0185464575724489
121.65,0.0184733057228471
121.66,0.0184006183350776
121.67,0.0183283936143013
121.68,0.0182566297586491
121.69,0.0181853249596315
121.7,0.0181144772764345
121.71,0.0180440849251233
121.72,0.0179741460878654
121.73,0.0179046589177701
121.74,0.0178356215616753
121.75,0.0177670321604753
121.76,0.0176988888494544
121.77,0.0176311897586169
121.78,0.0175639330130191
121.79,0.0174971167265646
121.8,0.0174307389945172
121.81,0.0173647979423728
121.82,0.0172992916757931
121.83,0.0172342182968266
121.84,0.0171695759042272
121.85,0.017105362593769
121.86,0.0170415764585644
121.87,0.016978215589378
121.88,0.0169152780749444
121.89,0.0168527619891803
121.9,0.0167906654172835
121.91,0.0167289864470287
121.92,0.0166677231601451
121.93,0.0166068736376939
121.94,0.0165464359603761
121.95,0.0164864082088367
121.96,0.0164267884639718
121.97,0.0163675748072349
121.98,0.0163087653060829
121.99,0.016250357893947
122,0.0161923507439233
122.01,0.0161347419267191
122.02,0.0160775295133597
122.03,0.0160207115754108
122.04,0.0159642861852019
122.05,0.0159082514160487
122.06,0.0158526053424764
122.07,0.015797346040443
122.08,0.0157424715648701
122.09,0.0156879799859817
122.1,0.0156338693993182
122.11,0.01558013788578
122.12,0.0155267835285425
122.13,0.0154738044132696
122.14,0.0154211986283257
122.15,0.0153689642649884
122.16,0.0153170994176607
122.17,0.0152656021840833
122.18,0.0152144706655471
122.19,0.0151637029671066
122.2,0.0151132971847527
122.21,0.0150632514375903
122.22,0.0150135638440307
122.23,0.0149642325252629
122.24,0.0149152556072098
122.25,0.0148666312207354
122.26,0.0148183575018544
122.27,0.0147704325919413
122.28,0.0147228546379394
122.29,0.014675621792569
122.3,0.0146287322145371
122.31,0.0145821840274558
122.32,0.0145359752233487
122.33,0.0144901041099469
122.34,0.0144445688564116
122.35,0.0143993676375108
122.36,0.0143544986337737
122.37,0.0143099600316418
122.38,0.0142657500236235
122.39,0.0142218668084471
122.4,0.0141783085912133
122.41,0.0141350735835491
122.42,0.0140921600037604
122.43,0.0140495659976873
122.44,0.0140072897621495
122.45,0.0139653295870347
122.46,0.013923683708177
122.47,0.0138823503678917
122.48,0.0138413278150909
122.49,0.0138006143054003
122.5,0.0137602081012739
122.51,0.0137201074721106
122.52,0.0136803106943701
122.53,0.0136408160516882
122.54,0.0136016218349937
122.55,0.0135627263531171
122.56,0.0135241279073264
122.57,0.0134858248103888
122.58,0.0134478153844067
122.59,0.0134100979594295
122.6,0.0133726708735714
122.61,0.0133355324731318
122.62,0.013298681112712
122.63,0.0132621151553352
122.64,0.013225832972565
122.65,0.013189832944624
122.66,0.0131541134335069
122.67,0.0131186727120766
122.68,0.0130835092771454
122.69,0.0130486215340861
122.7,0.013014007896548
122.71,0.0129796667865377
122.72,0.0129455966344998
122.73,0.0129117958793973
122.74,0.0128782629687925
122.75,0.0128449963589265
122.76,0.0128119945148008
122.77,0.0127792559102571
122.78,0.012746778964773
122.79,0.012714562139529
122.8,0.0126826039773236
122.81,0.0126509029794609
122.82,0.0126194576557055
122.83,0.0125882665243321
122.84,0.012557328112176
122.85,0.0125266409546832
122.86,0.0124962035959616
122.87,0.0124660145888297
122.88,0.0124360724948676
122.89,0.0124063758844673
122.9,0.0123769233407291
122.91,0.0123477134499808
122.92,0.0123187448089599
122.93,0.0122900160240385
122.94,0.0122615257106705
122.95,0.0122332724934405
122.96,0.0122052550061159
122.97,0.0121774718916973
122.98,0.0121499218024695
122.99,0.0121226034000523
123,0.012095515355451
123.01,0.0120686563491076
123.02,0.0120420250709516
123.03,0.0120156201695468
123.04,0.0119894402598865
123.05,0.0119634841478123
123.06,0.0119377505531642
123.07,0.0119122382048479
123.08,0.0118869458408616
123.09,0.0118618722083245
123.1,0.0118370160635046
123.11,0.0118123761718463
123.12,0.0117879513079984
123.13,0.0117637402558415
123.14,0.0117397418085164
123.15,0.0117159547684512
123.16,0.0116923779473899
123.17,0.0116690100371916
123.18,0.0116458499160156
123.19,0.011622896446618
123.2,0.011600148469869
123.21,0.0115776048354407
123.22,0.0115552644018137
123.23,0.0115331260362823
123.24,0.0115111886149612
123.25,0.0114894510227908
123.26,0.0114679121535433
123.27,0.0114465709098289
123.28,0.0114254262031016
123.29,0.011404476953665
123.3,0.0113837220799607
123.31,0.0113631604905125
123.32,0.0113427911572643
123.33,0.0113226130337282
123.34,0.0113026250821173
123.35,0.0112828262733457
123.36,0.0112632155870282
123.37,0.01124379201148
123.38,0.0112245545437168
123.39,0.0112055021894544
123.4,0.0111866339631089
123.41,0.0111679488877963
123.42,0.0111494459953324
123.43,0.0111311243262326
123.44,0.0111129828335751
123.45,0.0110950205985152
123.46,0.0110772367131858
123.47,0.0110596302460745
123.48,0.0110422002738374
123.49,0.0110249458812812
123.5,0.0110078661613447
123.51,0.0109909602150815
123.52,0.0109742271516415
123.53,0.0109576660882536
123.54,0.0109412761502069
123.55,0.0109250564708335
123.56,0.01090900619149
123.57,0.0108931244454623
123.58,0.0108774103219102
123.59,0.0108618630403093
123.6,0.0108464817694477
123.61,0.0108312656856921
123.62,0.0108162139729565
123.63,0.0108013258226724
123.64,0.010786600433759
123.65,0.0107720370125928
123.66,0.0107576347729773
123.67,0.010743392936113
123.68,0.0107293107305672
123.69,0.0107153873922438
123.7,0.0107016221643534
123.71,0.0106880142693632
123.72,0.0106745629675453
123.73,0.0106612675342191
123.74,0.0106481272393345
123.75,0.0106351413598264
123.76,0.0106223091795791
123.77,0.0106096299893908
123.78,0.0105971030869371
123.79,0.0105847277767353
123.8,0.010572503370109
123.81,0.0105604291851514
123.82,0.01054850454669
123.83,0.0105367287862504
123.84,0.0105251012313373
123.85,0.0105136211519161
123.86,0.0105022879587231
123.87,0.010491101006184
123.88,0.0104800596549889
123.89,0.0104691632720481
123.9,0.0104584112304485
123.91,0.0104478029094097
123.92,0.0104373376942403
123.93,0.0104270149762941
123.94,0.0104168341529263
123.95,0.0104067946274498
123.96,0.0103968958090912
123.97,0.0103871371129473
123.98,0.0103775179599409
123.99,0.0103680377697366
124,0.010358695863513
124.01,0.0103494917633052
124.02,0.0103404249082446
124.03,0.0103314947427336
124.04,0.0103227007163911
124.05,0.010314042283998
124.06,0.0103055189054438
124.07,0.0102971300456713
124.08,0.0102888751746232
124.09,0.0102807537671874
124.1,0.0102727653031429
124.11,0.0102649092671057
124.12,0.0102571851484742
124.13,0.0102495924413754
124.14,0.0102421306445724
124.15,0.0102347991804815
124.16,0.0102275976156912
124.17,0.0102205254596497
124.18,0.0102135822260414
124.19,0.0102067674327261
124.2,0.0102000806016776
124.21,0.0101935212589225
124.22,0.0101870889344794
124.23,0.0101807831622973
124.24,0.0101746034801953
124.25,0.0101685494298005
124.26,0.0101626205564876
124.27,0.0101568164093176
124.28,0.0101511365409764
124.29,0.0101455805077142
124.3,0.0101401478318403
124.31,0.0101348380982055
124.32,0.0101296508732664
124.33,0.0101245857244389
124.34,0.0101196422221882
124.35,0.0101148199399597
124.36,0.010110118454111
124.37,0.0101055373438423
124.38,0.0101010761911281
124.39,0.0100967345806485
124.4,0.0100925120997203
124.41,0.0100884083382281
124.42,0.0100844228506239
124.43,0.010080555237314
124.44,0.0100768051061556
124.45,0.0100731720531879
124.46,0.0100696556763815
124.47,0.0100662555755591
124.48,0.0100629713523159
124.49,0.01005980260994
124.5,0.0100567489533332
124.51,0.0100538099889308
124.52,0.0100509853246229
124.53,0.0100482745696744
124.54,0.0100456773402976
124.55,0.0100431932523711
124.56,0.0100408219139582
124.57,0.0100385629398178
124.58,0.0100364159457543
124.59,0.0100343805485405
124.6,0.0100324563658407
124.61,0.0100306430161337
124.62,0.0100289401186358
124.63,0.0100273472932239
124.64,0.010025864160358
124.65,0.0100244903410052
124.66,0.0100232254650351
124.67,0.0100220691857222
124.68,0.0100210211050499
124.69,0.0100200808493072
124.7,0.0100192480453443
124.71,0.0100185223205158
124.72,0.0100179033026242
124.73,0.0100173906198628
124.74,0.0100169839007594
124.75,0.0100166827741193
124.76,0.0100164868052131
124.77,0.0100163955825142
124.78,0.0100164087738355
124.79,0.0100165259954109
124.8,0.0100167468620737
124.81,0.0100170709871371
124.82,0.0100174979822735
124.83,0.0100180274573942
124.84,0.0100186590205295
124.85,0.0100193922777082
124.86,0.0100202268523149
124.87,0.0100211623413949
124.88,0.0100221983422547
124.89,0.0100233344542127
124.9,0.0100245702742461
124.91,0.0100259053968817
124.92,0.0100273394140883
124.93,0.0100288719151676
124.94,0.0100305024866462
124.95,0.010032230719701
124.96,0.0100340563211641
124.97,0.0100359788115551
124.98,0.0100379977853315
124.99,0.0100401128363992
125,0.0100423235581647
125.01,0.0100446295435881
125.02,0.0100470303852352
125.03,0.0100495255651463
125.04,0.0100521146001256
125.05,0.0100547971384228
125.06,0.0100575727455462
125.07,0.0100604409845194
125.08,0.010063401415882
125.09,0.010066453597689
125.1,0.0100695970855111
125.11,0.0100728312329683
125.12,0.0100761556862061
125.13,0.0100795699796463
125.14,0.0100830736377306
125.15,0.0100866661808802
125.16,0.0100903471254955
125.17,0.0100941159839563
125.18,0.0100979722816786
125.19,0.010101915545122
125.2,0.0101059452597003
125.21,0.0101100609263446
125.22,0.0101142620423154
125.23,0.0101185481012026
125.24,0.0101229185929253
125.25,0.0101273730037319
125.26,0.0101319107728693
125.27,0.0101365313928434
125.28,0.0101412343397379
125.29,0.0101460190798574
125.3,0.0101508850754513
125.31,0.0101558317847144
125.32,0.010160858661786
125.33,0.010165965083362
125.34,0.0101711503207494
125.35,0.010176413922078
125.36,0.01018175529785
125.37,0.0101871738524249
125.38,0.0101926689840195
125.39,0.0101982400847082
125.4,0.0102038865404225
125.41,0.0102096076662602
125.42,0.0102154028424781
125.43,0.0102212714451386
125.44,0.010227212826483
125.45,0.0102332263319383
125.46,0.0102393113001175
125.47,0.0102454670628194
125.48,0.0102516929578669
125.49,0.0102579883629557
125.5,0.0102643525555191
125.51,0.0102707848475986
125.52,0.0102772845449963
125.53,0.0102838509472751
125.54,0.0102904833477582
125.55,0.0102971810335295
125.56,0.0103039431666529
125.57,0.0103107689952348
125.58,0.0103176578240558
125.59,0.0103246088949719
125.6,0.0103316214420959
125.61,0.0103386946917975
125.62,0.0103458278627033
125.63,0.0103530201545633
125.64,0.0103602705602618
125.65,0.0103675783884068
125.66,0.0103749428052243
125.67,0.0103823629675381
125.68,0.0103898380227693
125.69,0.0103973671089363
125.7,0.0104049493546553
125.71,0.0104125838817624
125.72,0.0104202698021063
125.73,0.0104280062145202
125.74,0.0104357922105927
125.75,0.0104436268725534
125.76,0.0104515092732734
125.77,0.0104594384762646
125.78,0.0104674135356801
125.79,0.0104754334522615
125.8,0.0104834972801681
125.81,0.0104916040437619
125.82,0.0104997527548768
125.83,0.0105079424156338
125.84,0.0105161720184401
125.85,0.0105244405459899
125.86,0.0105327468963908
125.87,0.0105410899019476
125.88,0.0105494685997412
125.89,0.0105578819101688
125.9,0.0105663287421391
125.91,0.0105748079930731
125.92,0.0105833185489034
125.93,0.0105918592840746
125.94,0.0106004290116282
125.95,0.0106090265924412
125.96,0.0106176508708588
125.97,0.0106263006687552
125.98,0.0106349747960318
125.99,0.0106436720506164
126,0.0106523912184637
126.01,0.0106611310629174
126.02,0.010669890304435
126.03,0.0106786677170526
126.04,0.010687462033348
126.05,0.0106962719735065
126.06,0.0107050962453207
126.07,0.0107139335441903
126.08,0.0107227825531225
126.09,0.0107316418782354
126.1,0.0107405101638003
126.11,0.0107493860681655
126.12,0.0107582682091254
126.13,0.0107671551900943
126.14,0.0107760455999982
126.15,0.0107849380131667
126.16,0.0107938309892248
126.17,0.0108027230705102
126.18,0.0108116127847183
126.19,0.0108204986480827
126.2,0.010829379159558
126.21,0.0108382528027578
126.22,0.0108471180458411
126.23,0.0108559733413994
126.24,0.0108648171263433
126.25,0.0108736478354195
126.26,0.0108824639057535
126.27,0.0108912637092516
126.28,0.010900045625684
126.29,0.0109088080194192
126.3,0.0109175492393556
126.31,0.0109262676188544
126.32,0.0109349614756705
126.33,0.0109436291128366
126.34,0.0109522688236522
126.35,0.0109608788751232
126.36,0.0109694575229629
126.37,0.0109780030070747
126.38,0.0109865135514912
126.39,0.0109949873643132
126.4,0.0110034226376494
126.41,0.0110118175475561
126.42,0.0110201702453589
126.43,0.0110284788786986
126.44,0.0110367415742029
126.45,0.0110449564418507
126.46,0.0110531215751132
126.47,0.0110612350508855
126.48,0.0110692949294183
126.49,0.0110772992542489
126.5,0.0110852460696759
126.51,0.011093133382729
126.52,0.011100959185761
126.53,0.0111087214579516
126.54,0.0111164181618123
126.55,0.0111240472431381
126.56,0.011131606630959
126.57,0.0111390942374921
126.58,0.0111465079777246
126.59,0.0111538457355082
126.6,0.0111611053673655
126.61,0.0111682847224015
126.62,0.0111753816332362
126.63,0.0111823939159865
126.64,0.0111893193702481
126.65,0.0111961557790769
126.66,0.0112029009203839
126.67,0.0112095525559785
126.68,0.0112161084119999
126.69,0.0112225662089364
126.7,0.0112289236511159
126.71,0.0112351784267124
126.72,0.011241328207753
126.73,0.0112473706501244
126.74,0.0112533034024362
126.75,0.0112591241124238
126.76,0.0112648303747113
126.77,0.0112704197854765
126.78,0.0112758899253941
126.79,0.0112812383596747
126.8,0.0112864626381041
126.81,0.0112915602950826
126.82,0.011296528853549
126.83,0.01130136585385
126.84,0.0113060687660615
126.85,0.0113106350687864
126.86,0.0113150622261206
126.87,0.0113193476877296
126.88,0.0113234888889245
126.89,0.011327483250738
126.9,0.0113313281800009
126.91,0.0113350211129438
126.92,0.0113385594102954
126.93,0.0113419404405047
126.94,0.0113451615609198
126.95,0.0113482201158594
126.96,0.0113511134367299
126.97,0.0113538388421428
126.98,0.0113563936380318
126.99,0.0113587751735669
127,0.0113609807236189
127.01,0.0113630075532455
127.02,0.0113648529293338
127.03,0.011366514107959
127.04,0.0113679883345689
127.05,0.0113692728441682
127.06,0.0113703648615023
127.07,0.0113712616524058
127.08,0.0113719604403625
127.09,0.0113724584052299
127.1,0.0113727527451784
127.11,0.0113728406505973
127.12,0.0113727193043616
127.13,0.0113723858820979
127.14,0.0113718375524514
127.15,0.0113710714940464
127.16,0.011370084885789
127.17,0.0113688748682354
127.18,0.0113674385934716
127.19,0.0113657732092121
127.2,0.0113638758591452
127.21,0.0113617436832798
127.22,0.0113593738220744
127.23,0.0113567634107918
127.24,0.0113539095799555
127.25,0.011350809459628
127.26,0.011347460178112
127.27,0.0113438588623084
127.28,0.0113400026380737
127.29,0.0113358887824196
127.3,0.0113315144050099
127.31,0.0113268766405868
127.32,0.0113219726532884
127.33,0.011316799613531
127.34,0.0113113546987036
127.35,0.0113056350959977
127.36,0.0112996381164131
127.37,0.0112933609169366
127.38,0.0112868007314079
127.39,0.0112799548073922
127.4,0.0112728204070848
127.41,0.0112653948082153
127.42,0.0112576752501155
127.43,0.0112496588061356
127.44,0.0112413428973654
127.45,0.0112327248153867
127.46,0.0112238018632787
127.47,0.0112145713559809
127.48,0.0112050306206571
127.49,0.0111951770140925
127.5,0.0111850079142592
127.51,0.0111745206777223
127.52,0.0111637126933022
127.53,0.0111525813652016
127.54,0.0111411241134535
127.55,0.0111293383743678
127.56,0.0111172220371099
127.57,0.0111047727698563
127.58,0.01109198799374
127.59,0.0110788653687259
127.6,0.0110654025955792
127.61,0.0110515974176878
127.62,0.0110374476228821
127.63,0.0110229513448278
127.64,0.0110081064422693
127.65,0.0109929108641965
127.66,0.0109773626722679
127.67,0.0109614599927796
127.68,0.0109452010191614
127.69,0.0109285840004261
127.7,0.010911605827196
127.71,0.010894265468285
127.72,0.0108765611483292
127.73,0.0108584911317419
127.74,0.0108400537226597
127.75,0.0108212472648878
127.76,0.0108020701809164
127.77,0.0107825210918574
127.78,0.0107625984141497
127.79,0.0107423007140825
127.8,0.01072162660864
127.81,0.0107005747662815
127.82,0.0106791444622802
127.83,0.0106573349850844
127.84,0.0106351451217153
127.85,0.0106125740852563
127.86,0.010589621200471
127.87,0.0105662859086404
127.88,0.0105425674661879
127.89,0.010518465583595
127.9,0.0104939800192362
127.91,0.0104691106222096
127.92,0.01044385736472
127.93,0.0104182201712569
127.94,0.0103921984249707
127.95,0.0103657926843428
127.96,0.0103390031724942
127.97,0.0103118302049609
127.98,0.0102842741896989
127.99,0.0102563358278619
128,0.0102280158918425
128.01,0.0101993150540402
128.02,0.0101702342102537
128.03,0.0101407743688104
128.04,0.0101109366520179
128.05,0.0100807232020568
128.06,0.0100501352977257
128.07,0.0100191745969216
128.08,0.00998784300443864
128.09,0.00995614259778405
128.1,0.00992407557904528
128.11,0.00989164413927694
128.12,0.00985885096123361
128.13,0.00982569878214136
128.14,0.00979219052294809
128.15,0.00975832929233679
128.16,0.00972411793001473
128.17,0.00968955957184216
128.18,0.00965465797640682
128.19,0.00961941681507316
128.2,0.00958383993053731
128.21,0.00954793133836874
128.22,0.00951169536125032
128.23,0.00947513653608374
128.24,0.00943825936671959
128.25,0.00940106865610018
128.26,0.00936356940070153
128.27,0.00932576679295809
128.28,0.00928766659637386
128.29,0.00924927516743502
128.3,0.00921059809893781
128.31,0.00917164167991756
128.32,0.00913241245433312
128.33,0.00909291722670738
128.34,0.00905316272429997
128.35,0.0090131551425085
128.36,0.00897290242826687
128.37,0.00893241212142965
128.38,0.00889169199113969
128.39,0.00885075003735751
128.4,0.00880959448543604
128.41,0.0087682337557171
128.42,0.00872667655535758
128.43,0.00868493180490086
128.44,0.00864300865981014
128.45,0.00860091651692499
128.46,0.00855866503340007
128.47,0.00851626407372025
128.48,0.00847372375683997
128.49,0.00843105444506815
128.5,0.00838826673615704
128.51,0.00834537144143814
128.52,0.008302379666093
128.53,0.00825930274234118
128.54,0.00821615224939394
128.55,0.00817293987460746
128.56,0.00812967716224177
128.57,0.00808637648761746
128.58,0.00804305019508375
128.59,0.00799971083593332
128.6,0.00795637107540468
128.61,0.00791304357700739
128.62,0.00786974152021078
128.63,0.00782647812306567
128.64,0.00778326677126227
128.65,0.00774012100251402
128.66,0.00769705449310821
128.67,0.0076540811050906
128.68,0.0076112148325553
128.69,0.00756846981063378
128.7,0.00752586017352608
128.71,0.00748339999116223
128.72,0.00744110380805163
128.73,0.00739898610595322
128.74,0.00735706145031628
128.75,0.00731534422124622
128.76,0.00727384857723027
128.77,0.00723258930617847
128.78,0.00719158093900118
128.79,0.00715083799570294
128.8,0.00711037483622732
128.81,0.00707020567034001
128.82,0.00703034491489655
128.83,0.0069908067827627
128.84,0.00695160538770957
128.85,0.00691275489028559
128.86,0.00687426941998757
128.87,0.00683616270998918
128.88,0.0067984484871378
128.89,0.0067611403365821
128.9,0.00672425137966399
128.91,0.00668779444821061
128.92,0.00665178261342127
128.93,0.00661622849706972
128.94,0.00658114446634233
128.95,0.00654654229039831
128.96,0.00651243337987039
128.97,0.00647882921290082
128.98,0.00644574070317213
128.99,0.00641317837657356
129,0.0063811529556163
129.01,0.0063496749441041
129.02,0.00631875386605279
129.03,0.00628839921657624
129.04,0.00625861990436994
129.05,0.00622942428637566
129.06,0.00620082073391907
129.07,0.0061728170266697
129.08,0.00614542044697395
129.09,0.00611863773174431
129.1,0.00609247529132147
129.11,0.00606693898125019
129.12,0.00604203439875427
129.13,0.00601776727118678
129.14,0.00599414199809677
129.15,0.00597116286717932
129.16,0.00594883381188215
129.17,0.00592715870714505
129.18,0.00590614054905598
129.19,0.00588578211012419
129.2,0.00586608572581239
129.21,0.00584705297916844
129.22,0.00582868545014387
129.23,0.00581098414309606
129.24,0.00579394965144997
129.25,0.0057775825301233
129.26,0.00576188250115113
129.27,0.00574684904223127
129.28,0.00573248124160599
129.29,0.00571877857141097
129.3,0.0057057393755798
129.31,0.0056933619601567
129.32,0.00568164434599757
129.33,0.0056705843630735
129.34,0.00566017950290969
129.35,0.00565042702843461
129.36,0.00564132397584595
129.37,0.00563286680649181
129.38,0.00562505194041325
129.39,0.00561787563573731
129.4,0.00561133384219089
129.41,0.00560542246051777
129.42,0.00560013718734245
129.43,0.00559547338277471
129.44,0.00559142631082266
129.45,0.00558799129864344
129.46,0.00558516376308878
129.47,0.00558293861593977
129.48,0.00558131088032647
129.49,0.00558027538910725
129.5,0.00557982649021255
129.51,0.00557995907324607
129.52,0.00558066774121833
129.53,0.00558194701402482
129.54,0.00558379105033625
129.55,0.00558619431472764
129.56,0.00558915108495807
129.57,0.0055926555862085
129.58,0.00559670238570152
129.59,0.00560128564479491
129.6,0.00560639964687975
129.61,0.00561203870009249
129.62,0.00561819705288656
129.63,0.00562486904391142
129.64,0.00563204905444183
129.65,0.00563973149903266
129.66,0.00564791059196124
129.67,0.00565658064398032
129.68,0.00566573615138446
129.69,0.00567537156183872
129.7,0.00568548134764533
129.71,0.00569606001519866
129.72,0.00570710213780919
129.73,0.00571860232857399
129.74,0.00573055527136648
129.75,0.00574295574483912
129.76,0.00575579853919546
129.77,0.00576907853770888
129.78,0.00578279068911077
129.79,0.005796929819478
129.8,0.00581149105716629
129.81,0.0058264695201728
129.82,0.00584186039928818
129.83,0.00585765883904152
129.84,0.00587386014178662
129.85,0.00589045968104476
129.86,0.00590745288019558
129.87,0.00592483526302072
129.88,0.00594260243093044
129.89,0.00596075002694295
129.9,0.00597927378798643
129.91,0.00599816951974603
129.92,0.00601743307888357
129.93,0.006037060443321
129.94,0.00605704765528597
129.95,0.00607739083459441
129.96,0.00609808602897164
129.97,0.0061191295303426
129.98,0.00614051764168444
129.99,0.00616224673573235
130,0.006184313277371
130.01,0.00620671378802115
130.02,0.00622944485712745
130.03,0.00625250314988223
130.04,0.00627588542985002
130.05,0.00629958854531451
130.06,0.0063236093861813
130.07,0.00634794493556482
130.08,0.00637259223182718
130.09,0.00639754830836708
130.1,0.00642281037866217
130.11,0.00644837568387942
130.12,0.00647424153279825
130.13,0.00650040525344623
130.14,0.00652686428861563
130.15,0.00655361612514977
130.16,0.00658065830997846
130.17,0.00660798852784438
130.18,0.00663560448719906
130.19,0.00666350394143774
130.2,0.00669168472946763
130.21,0.00672014473786577
130.22,0.0067488819074808
130.23,0.00677789427585936
130.24,0.0068071799301223
130.25,0.00683673701956438
130.26,0.00686656361276926
130.27,0.00689665799470787
130.28,0.0069270184442975
130.29,0.00695764328924217
130.3,0.00698853094148083
130.31,0.00701967988099416
130.32,0.00705108860167889
130.33,0.00708275567032678
130.34,0.00711467971571369
130.35,0.00714685941745793
130.36,0.00717929351321676
130.37,0.0072119807554762
130.38,0.00724491986578738
130.39,0.00727810971020731
130.4,0.00731154914907911
130.41,0.00734523713146682
130.42,0.00737917261369422
130.43,0.00741335457840724
130.44,0.00744778207030504
130.45,0.00748245427521611
130.46,0.007517370316257
130.47,0.00755252940620972
130.48,0.00758793072454577
130.49,0.00762357348009942
130.5,0.00765945698360762
130.51,0.00769558054317682
130.52,0.00773194343280098
130.53,0.00776854500422626
130.54,0.0078053846045881
130.55,0.0078424616756863
130.56,0.00787977576633088
130.57,0.00791732629203481
130.58,0.0079551127629952
130.59,0.00799313473033792
130.6,0.00803139179064659
130.61,0.00806988355017783
130.62,0.0081086096582286
130.63,0.00814756972582143
130.64,0.00818676327418634
130.65,0.00822619001783106
130.66,0.0082658496083667
130.67,0.00830574173834742
130.68,0.00834586617691613
130.69,0.00838622259973806
130.7,0.00842681073386488
130.71,0.00846763034773505
130.72,0.00850868129372944
130.73,0.008549963344672
130.74,0.00859147633245579
130.75,0.00863322007967957
130.76,0.00867519434104285
130.77,0.00871739899939464
130.78,0.00875983390189911
130.79,0.00880249890150891
130.8,0.0088453938541454
130.81,0.00888851862224437
130.82,0.00893187306958676
130.83,0.00897545708116446
130.84,0.00901927061035819
130.85,0.00906331351076246
130.86,0.0091075856800123
130.87,0.00915208701896606
130.88,0.00919681743874136
130.89,0.0092417768806067
130.9,0.00928696524692599
130.91,0.00933238245947148
130.92,0.00937802844270861
130.93,0.00942390311865489
130.94,0.00947000639262397
130.95,0.00951633819715194
130.96,0.00956289845353054
130.97,0.00960968708165727
130.98,0.00965670400186807
130.99,0.00970394914222816
131,0.00975142241334074
131.01,0.00979912372867196
131.02,0.00984705299829975
131.03,0.00989521013308155
131.04,0.0099435950608974
131.05,0.00999220767537129
131.06,0.0100410478782574
131.07,0.0100901155673658
131.08,0.0101394106370169
131.09,0.0101889329808602
131.1,0.0102386824821726
131.11,0.0102886590213593
131.12,0.0103388624734945
131.13,0.0103892927082381
131.14,0.0104399495905527
131.15,0.0104908329773973
131.16,0.0105419427198976
131.17,0.0105932786623575
131.18,0.0106448406432848
131.19,0.0106966285014958
131.2,0.0107486420577734
131.21,0.010800881129514
131.22,0.0108533455264185
131.23,0.010906035051621
131.24,0.0109589495087684
131.25,0.011012088681599
131.26,0.0110654523503206
131.27,0.0111190402869218
131.28,0.011172852255889
131.29,0.0112268880193589
131.3,0.0112811473225284
131.31,0.0113356299052698
131.32,0.0113903354987961
131.33,0.0114452638257006
131.34,0.0115004146010276
131.35,0.0115557875288951
131.36,0.0116113823049766
131.37,0.0116671986156546
131.38,0.0117232361380363
131.39,0.0117794945409611
131.4,0.0118359734818851
131.41,0.0118926726091548
131.42,0.0119495915612275
131.43,0.0120067299675543
131.44,0.0120640874566678
131.45,0.0121216636350659
131.46,0.0121794581040399
131.47,0.0122374704550607
131.48,0.0122957002702443
131.49,0.0123541471284929
131.5,0.0124128105902696
131.51,0.0124716902096043
131.52,0.0125307855308506
131.53,0.01259009608798
131.54,0.0126496213924307
131.55,0.0127093609614845
131.56,0.0127693142958817
131.57,0.0128294808856231
131.58,0.0128898602104114
131.59,0.0129504517578601
131.6,0.0130112549819305
131.61,0.0130722693350673
131.62,0.013133494259729
131.63,0.0131949291883492
131.64,0.0132565735384546
131.65,0.0133184267233819
131.66,0.0133804881440338
131.67,0.0134427571910065
131.68,0.0135052332445642
131.69,0.0135679156781848
131.7,0.0136308038508748
131.71,0.0136938971128703
131.72,0.0137571948042476
131.73,0.0138206962548723
131.74,0.0138844007824579
131.75,0.0139483076966147
131.76,0.014012416295941
131.77,0.0140767258686009
131.78,0.0141412356923706
131.79,0.0142059450437674
131.8,0.0142708531788241
131.81,0.014335959346388
131.82,0.0144012627859046
131.83,0.0144667627269294
131.84,0.0145324583870328
131.85,0.0145983489742464
131.86,0.0146644336885332
131.87,0.0147307117187869
131.88,0.0147971822438954
131.89,0.0148638444339026
131.9,0.0149306974531276
131.91,0.0149977404495274
131.92,0.0150649725640262
131.93,0.0151323929279448
131.94,0.015200000663034
131.95,0.0152677948804517
131.96,0.0153357746829392
131.97,0.015403939163504
131.98,0.0154722874055604
131.99,0.0155408184830576
132,0.0156095314617264
132.01,0.0156784253979773
132.02,0.0157474993375299
132.03,0.0158167523176244
132.04,0.0158861833663386
132.05,0.0159557915029274
132.06,0.0160255757391229
132.07,0.0160955350754162
132.08,0.0161656685042932
132.09,0.0162359750094036
132.1,0.0163064535656123
132.11,0.0163771031391807
132.12,0.0164479226875642
132.13,0.0165189111596044
132.14,0.016590067495587
132.15,0.0166613906272759
132.16,0.016732879480184
132.17,0.016804532971455
132.18,0.0168763500067234
132.19,0.016948329485164
132.2,0.0170204702978305
132.21,0.0170927713277139
132.22,0.0171652314498035
132.23,0.0172378495333994
132.24,0.017310624438808
132.25,0.0173835550169517
132.26,0.0174566401122135
132.27,0.0175298785613896
132.28,0.0176032691937572
132.29,0.0176768108311416
132.3,0.0177505022899763
132.31,0.0178243423776894
132.32,0.0178983298940604
132.33,0.0179724636323654
132.34,0.0180467423788469
132.35,0.0181211649127875
132.36,0.0181957300065804
132.37,0.0182704364339359
132.38,0.0183452829528313
132.39,0.0184202683158988
132.4,0.018495391270735
132.41,0.0185706505586958
132.42,0.0186460449149857
132.43,0.0187215730687484
132.44,0.0187972337426187
132.45,0.018873025654047
132.46,0.0189489475144548
132.47,0.0190249980295176
132.48,0.0191011758992808
132.49,0.0191774798182469
132.5,0.0192539084759413
132.51,0.0193304605682974
132.52,0.0194071347688912
132.53,0.0194839297532075
132.54,0.0195608441919708
132.55,0.0196378767512556
132.56,0.0197150260925963
132.57,0.0197922908720452
132.58,0.0198696697354603
132.59,0.0199471613341426
132.6,0.0200247643110796
132.61,0.0201024773050462
132.62,0.0201802989507039
132.63,0.020258227878695
132.64,0.0203362627175121
132.65,0.0204144020955263
132.66,0.0204926446294921
132.67,0.0205709889362225
132.68,0.0206494336291724
132.69,0.0207279773185435
132.7,0.0208066186113941
132.71,0.0208853561117439
132.72,0.0209641884306722
132.73,0.0210431141623527
132.74,0.0211221319038141
132.75,0.0212012402498073
132.76,0.0212804377928193
132.77,0.021359723123194
132.78,0.0214390948292531
132.79,0.0215185515004638
132.8,0.0215980917219
132.81,0.0216777140762606
132.82,0.0217574171457928
132.83,0.0218371995114356
132.84,0.0219170597529442
132.85,0.0219969964490179
132.86,0.0220770081761434
132.87,0.0221570935094259
132.88,0.0222372510259976
132.89,0.0223174793009994
132.9,0.022397776909067
132.91,0.0224781424244529
132.92,0.0225585744211482
132.93,0.0226390714732903
132.94,0.022719632157178
132.95,0.0228002550456851
132.96,0.0228809387134316
132.97,0.0229616817354501
132.98,0.0230424826873122
132.99,0.0231233401452527
133,0.0232042526862977
133.01,0.0232852188923324
133.02,0.0233662373416545
133.03,0.0234473066145961
133.04,0.0235284252934598
133.05,0.0236095919620824
133.06,0.0236908052059682
133.07,0.0237720636124189
133.08,0.0238533657695848
133.09,0.0239347102680667
133.1,0.0240160957016932
133.11,0.024097520665914
133.12,0.0241789837585907
133.13,0.0242604835801238
133.14,0.0243420187335829
133.15,0.0244235878243953
133.16,0.0245051894599687
133.17,0.0245868222528034
133.18,0.0246684848176357
133.19,0.0247501757724754
133.2,0.0248318937387356
133.21,0.0249136373413579
133.22,0.0249954052089401
133.23,0.0250771959741651
133.24,0.0251590082733314
133.25,0.025240840746747
133.26,0.0253226920389752
133.27,0.02540456079888
133.28,0.0254864456797535
133.29,0.0255683453394436
133.3,0.0256502584399881
133.31,0.0257321836464302
133.32,0.025814119632107
133.33,0.0258960650739157
133.34,0.0259780186538854
133.35,0.026059979059302
133.36,0.0261419449828302
133.37,0.0262239151226403
133.38,0.0263058881791857
133.39,0.0263878628613626
133.4,0.0264698378850788
133.41,0.0265518119708938
133.42,0.0266337838453771
133.43,0.0267157522412264
133.44,0.0267977158973828
133.45,0.0268796735587738
133.46,0.026961623974346
133.47,0.0270435659037731
133.48,0.0271254981116513
133.49,0.0272074193693392
133.5,0.0272893284550747
133.51,0.027371224154086
133.52,0.0274531052587062
133.53,0.0275349705659422
133.54,0.0276168188816663
133.55,0.0276986490208038
133.56,0.0277804598045082
133.57,0.0278622500615068
133.58,0.0279440186282117
133.59,0.0280257643488256
133.6,0.0281074860749429
133.61,0.0281891826590541
133.62,0.028270852972818
133.63,0.0283524958914497
133.64,0.028434110298326
133.65,0.0285156950850835
133.66,0.0285972491517164
133.67,0.0286787714066753
133.68,0.0287602607635874
133.69,0.0288417161460697
133.7,0.02892313648982
133.71,0.0290045207371089
133.72,0.0290858678390285
133.73,0.0291671767555838
133.74,0.0292484464557825
133.75,0.0293296759177288
133.76,0.0294108641244907
133.77,0.0294920100713524
133.78,0.0295731127652612
133.79,0.0296541712205498
133.8,0.0297351844609681
133.81,0.0298161515197673
133.82,0.0298970714397822
133.83,0.0299779432735182
133.84,0.0300587660757548
133.85,0.0301395389180526
133.86,0.030220260883385
133.87,0.0303009310621154
133.88,0.030381548554487
133.89,0.030462112470696
133.9,0.0305426219309644
133.91,0.0306230760656129
133.92,0.0307034740071692
133.93,0.0307838149072813
133.94,0.0308640979273138
133.95,0.0309443222371374
133.96,0.0310244870168882
133.97,0.0311045914570296
133.98,0.0311846347584154
133.99,0.0312646161323502
134,0.0313445347947238
134.01,0.0314243899795131
134.02,0.0315041809295533
134.03,0.0315839068975269
134.04,0.0316635671467482
134.05,0.0317431609512185
134.06,0.0318226875956816
134.07,0.0319021463756774
134.08,0.0319815365880438
134.09,0.0320608575538412
134.1,0.0321401086004307
134.11,0.0322192890655544
134.12,0.0322983982978381
134.13,0.0323774356568349
134.14,0.0324564005130701
134.15,0.0325352922478537
134.16,0.0326141102400887
134.17,0.0326928539000017
134.18,0.0327715226405872
134.19,0.0328501158857892
134.2,0.0329286330705343
134.21,0.0330070736407615
134.22,0.0330854370534533
134.23,0.0331637227760422
134.24,0.0332419302808439
134.25,0.0333200590616371
134.26,0.0333981086189321
134.27,0.0334760784643179
134.28,0.0335539681204867
134.29,0.0336317771212586
134.3,0.033709505011606
134.31,0.0337871513476793
134.32,0.0338647156923176
134.33,0.0339421976251652
134.34,0.0340195967360866
134.35,0.034096912625425
134.36,0.0341741449047316
134.37,0.0342512931967873
134.38,0.0343283571356215
134.39,0.0344053363665324
134.4,0.0344822305380808
134.41,0.0345590393141861
134.42,0.0346357623770648
134.43,0.034712399415224
134.44,0.0347889501282852
134.45,0.0348654142269932
134.46,0.0349417914332216
134.47,0.0350180814799793
134.48,0.0350942841076046
134.49,0.0351703990617089
134.5,0.0352464261140463
134.51,0.0353223650403044
134.52,0.0353982156270991
134.53,0.0354739776719686
134.54,0.0355496509833673
134.55,0.0356252353806599
134.56,0.0357007306941685
134.57,0.0357761367673373
134.58,0.0358514534510888
134.59,0.0359266806086567
134.6,0.0360018181141912
134.61,0.0360768658527537
134.62,0.0361518237203151
134.63,0.0362266916237501
134.64,0.0363014694808333
134.65,0.0363761572195076
134.66,0.0364507547794011
134.67,0.0365252621110225
134.68,0.0365996791755704
134.69,0.0366740059451049
134.7,0.0367482424025457
134.71,0.0368223885416651
134.72,0.0368964443670838
134.73,0.0369704098828943
134.74,0.0370442851060049
134.75,0.0371180700796634
134.76,0.0371917648484507
134.77,0.0372653694673552
134.78,0.0373388840017458
134.79,0.037412308527345
134.8,0.0374856431302021
134.81,0.0375588879046438
134.82,0.0376320429494965
134.83,0.0377051083859764
134.84,0.0377780843399237
134.85,0.0378509709472217
134.86,0.0379237683537596
134.87,0.037996476715401
134.88,0.0380690961979476
134.89,0.038141626977105
134.9,0.0382140692559373
134.91,0.0382864232352001
134.92,0.0383586891146042
134.93,0.0384308671129385
134.94,0.0385029574591702
134.95,0.0385749603924359
134.96,0.0386468761620272
134.97,0.0387187050273799
134.98,0.0387904472580622
134.99,0.0388621031337108
135,0.0389336729441471
135.01,0.0390051569892578
135.02,0.0390765555790125
135.03,0.0391478690334523
135.04,0.0392190976826779
135.05,0.0392902418668375
135.06,0.039361301936115
135.07,0.0394322782268318
135.08,0.0395031710707055
135.09,0.0395739808716139
135.1,0.0396447080110564
135.11,0.0397153528794661
135.12,0.0397859158761477
135.13,0.0398563974092106
135.14,0.0399267978955044
135.15,0.0399971177605539
135.16,0.0400673574634108
135.17,0.0401375174441241
135.18,0.0402075981513386
135.19,0.0402776000489175
135.2,0.0403475236095752
135.21,0.0404173693148353
135.22,0.0404871376549914
135.23,0.0405568291290671
135.24,0.0406264442557054
135.25,0.040695983630985
135.26,0.040765447736981
135.27,0.0408348371182172
135.28,0.0409041523290794
135.29,0.0409733939338447
135.3,0.0410425625067094
135.31,0.0411116586318188
135.32,0.041180682903294
135.33,0.0412496358703198
135.34,0.0413185181115426
135.35,0.0413873302781649
135.36,0.0414560729904301
135.37,0.0415247468770381
135.38,0.0415933525750886
135.39,0.0416618907300257
135.4,0.0417303619955826
135.41,0.0417987670337256
135.42,0.0418671064722202
135.43,0.0419353810055398
135.44,0.04200359131819
135.45,0.0420717380985224
135.46,0.0421398220421518
135.47,0.0422078438518665
135.48,0.0422758042375395
135.49,0.042343703916036
135.5,0.0424115436439317
135.51,0.0424793242461761
135.52,0.042547046420701
135.53,0.0426147109352865
135.54,0.0426823185676688
135.55,0.0427498701056581
135.56,0.0428173663472556
135.57,0.0428848080926226
135.58,0.0429521961200321
135.59,0.0430195312755671
135.6,0.0430868143904407
135.61,0.0431540463053845
135.62,0.0432212278706914
135.63,0.0432883599462547
135.64,0.0433554433848544
135.65,0.0434224788892709
135.66,0.043489467421431
135.67,0.0435564098467124
135.68,0.0436233070354585
135.69,0.0436901598627204
135.7,0.0437569692080023
135.71,0.0438237359573575
135.72,0.043890461166409
135.73,0.0439571456572316
135.74,0.0440237903528959
135.75,0.0440903961837854
135.76,0.0441569640875933
135.77,0.0442234950093227
135.78,0.0442899899012854
135.79,0.0443564498780869
135.8,0.0444228758589724
135.81,0.0444892688369504
135.82,0.0445556298254841
135.83,0.044621959849696
135.84,0.0446882599466192
135.85,0.044754531165452
135.86,0.0448207743568839
135.87,0.0448869906276414
135.88,0.0449531810551693
135.89,0.0450193466941864
135.9,0.0450854886072889
135.91,0.0451516078649504
135.92,0.0452177054473575
135.93,0.0452837824357076
135.94,0.0453498399299799
135.95,0.0454158790106808
135.96,0.0454819007643078
135.97,0.0455479062833493
135.98,0.0456138967118671
135.99,0.0456798731689231
136,0.0457458367570378
136.01,0.0458117886043292
136.02,0.0458777298459395
136.03,0.0459436616240355
136.04,0.0460095851702689
136.05,0.0460755016970845
136.06,0.0461414123407159
136.07,0.0462073182966712
136.08,0.046273220769739
136.09,0.0463391209739874
136.1,0.0464050200892605
136.11,0.046470919296179
136.12,0.046536819860327
136.13,0.0466027230164537
136.14,0.0466686300071072
136.15,0.0467345420826338
136.16,0.0468004604538426
136.17,0.0468663862928232
136.18,0.0469323209147584
136.19,0.046998265578078
136.2,0.0470642215469111
136.21,0.0471301900910842
136.22,0.0471961724876864
136.23,0.0472621700231724
136.24,0.0473281839821988
136.25,0.0473942156584483
136.26,0.0474602663513986
136.27,0.0475263373663228
136.28,0.047592430038284
136.29,0.0476585458347459
136.3,0.0477246860141983
136.31,0.0477908519313374
136.32,0.0478570449490812
136.33,0.0479232664385715
136.34,0.0479895177789442
136.35,0.0480558003538473
136.36,0.0481221155607491
136.37,0.0481884648030792
136.38,0.0482548494924331
136.39,0.0483212710485731
136.4,0.0483877308994277
136.41,0.0484542301935977
136.42,0.0485207704851392
136.43,0.0485873531902786
136.44,0.0486539797237142
136.45,0.0487206515043617
136.46,0.0487873699553527
136.47,0.0488541363739812
136.48,0.0489209522217363
136.49,0.0489878189265219
136.5,0.0490547379048923
136.51,0.0491217105755832
136.52,0.0491887383595117
136.53,0.0492558228336726
136.54,0.0493229654404261
136.55,0.0493901676198592
136.56,0.0494574308491872
136.57,0.0495247566126937
136.58,0.0495921464791016
136.59,0.0496596019496299
136.6,0.049727124537902
136.61,0.0497947157792489
136.62,0.0498623772184036
136.63,0.049930110052976
136.64,0.0499979158582505
136.65,0.0500657961620855
136.66,0.0501337524467568
136.67,0.05020178619373
136.68,0.0502698986738693
136.69,0.0503380913873536
136.7,0.050406365782526
136.71,0.0504747232813702
136.72,0.050543165299339
136.73,0.0506116934953506
136.74,0.0506803092327093
136.75,0.0507490139484792
136.76,0.050817809096097
136.77,0.0508866961289667
136.78,0.0509556766009331
136.79,0.0510247519440665
136.8,0.0510939236299737
136.81,0.0511631931366078
136.82,0.0512325619443818
136.83,0.0513020311304587
136.84,0.0513716022870221
136.85,0.051441276821384
136.86,0.051511056128229
136.87,0.051580941591186
136.88,0.0516509342189477
136.89,0.0517210354925289
136.9,0.0517912466999584
136.91,0.0518615691134014
136.92,0.0519320039892798
136.93,0.0520025525716783
136.94,0.0520732160846854
136.95,0.052143995738146
136.96,0.0522148927261893
136.97,0.0522859082837471
136.98,0.0523570435663434
136.99,0.0524282997377914
137,0.0524996779487515
137.01,0.0525711791326293
137.02,0.0526428044199012
137.03,0.0527145548635976
137.04,0.0527864314853617
137.05,0.0528584349081045
137.06,0.0529305660816035
137.07,0.0530028258618319
137.08,0.0530752150313686
137.09,0.0531477341710918
137.1,0.05322038395255
137.11,0.0532931649991957
137.12,0.0533660778638121
137.13,0.053439123142458
137.14,0.0535123013213805
137.15,0.0535856128285335
137.16,0.0536590580665634
137.17,0.0537326373244834
137.18,0.0538063508844358
137.19,0.0538801990060157
137.2,0.0539541818830063
137.21,0.054028299241159
137.22,0.0541025508980215
137.23,0.0541769368360343
137.24,0.0542514568203739
137.25,0.054326110183413
137.26,0.0544008961328834
137.27,0.0544758140636782
137.28,0.0545508631460013
137.29,0.0546260425930454
137.3,0.0547013513121682
137.31,0.0547767881706142
137.32,0.0548523521900769
137.33,0.0549280421074257
137.34,0.0550038565743918
137.35,0.0550797939314941
137.36,0.0551558522113053
137.37,0.0552320297341508
137.38,0.0553083244531013
137.39,0.0553847331244523
137.4,0.0554612534686512
137.41,0.0555378826195345
137.42,0.0556146173174874
137.43,0.0556914541588183
137.44,0.0557683895852407
137.45,0.055845419907716
137.46,0.0559225415073271
137.47,0.0559997501652445
137.48,0.0560770416184969
137.49,0.0561544111431388
137.5,0.0562318540754578
137.51,0.0563093654691737
137.52,0.0563869393428439
137.53,0.0564645693687105
137.54,0.0565422496458937
137.55,0.0566199734439151
137.56,0.0566977326544995
137.57,0.0567755197708223
137.58,0.0568533267159085
137.59,0.0569311453437351
137.6,0.0570089666828203
137.61,0.0570867818838028
137.62,0.05716458187023
137.63,0.0572423569510483
137.64,0.0573200963343449
137.65,0.0573977892006751
137.66,0.0574754244761504
137.67,0.0575529884762282
137.68,0.0576304686349185
137.69,0.0577078512179364
137.7,0.0577851215487663
137.71,0.0578622645405214
137.72,0.0579392646582362
137.73,0.0580161064182952
137.74,0.0580927729589152
137.75,0.058169247121452
137.76,0.0582455111826649
137.77,0.0583215468693925
137.78,0.0583973338671534
137.79,0.058472851564994
137.8,0.0585480790311792
137.81,0.0586229921758627
137.82,0.0586975675559162
137.83,0.0587717805060359
137.84,0.0588456066427779
137.85,0.05891901943281
137.86,0.058991992006376
137.87,0.0590644970186981
137.88,0.0591365059063338
137.89,0.0592079888262444
137.9,0.0592789145809823
137.91,0.0593492518202294
137.92,0.0594189671226729
137.93,0.0594880261435349
137.94,0.0595563938115329
137.95,0.0596240337058407
137.96,0.0596909083605506
137.97,0.0597569792578529
137.98,0.0598222076558552
137.99,0.0598865529924759
138,0.0599499741001848
138.01,0.0600124293713741
138.02,0.0600738756866863
138.03,0.0601342690580396
138.04,0.0601935644155902
138.05,0.0602517159350622
138.06,0.0603086771539182
138.07,0.0603644006932665
138.08,0.0604188380500315
138.09,0.0604719414398173
138.1,0.0605236614431689
138.11,0.0605739479870891
138.12,0.0606227525766082
138.13,0.0606700242908951
138.14,0.0607157126699817
138.15,0.0607597684309404
138.16,0.0608021403708959
138.17,0.0608427783523642
138.18,0.0608816332083651
138.19,0.0609186542550535
138.2,0.0609537929666477
138.21,0.0609870012851731
138.22,0.0610182302298409
138.23,0.0610474343659518
138.24,0.0610745675125484
138.25,0.0610995838819167
138.26,0.0611224421906163
138.27,0.0611430990648859
138.28,0.0611615135341339
138.29,0.0611776483351153
138.3,0.0611914649580319
138.31,0.0612029279584456
138.32,0.0612120049809023
138.33,0.0612186633555705
138.34,0.0612228740319673
138.35,0.0612246102567967
138.36,0.0612238460441746
138.37,0.0612205591836079
138.38,0.061214729042856
138.39,0.0612063368279187
138.4,0.06119536706449
138.41,0.0611818057102127
138.42,0.0611656411858028
138.43,0.0611468642027074
138.44,0.0611254676978385
138.45,0.0611014466448926
138.46,0.0610747977187668
138.47,0.0610455203682328
138.48,0.0610136152384102
138.49,0.0609790845927623
138.5,0.0609419335508048
138.51,0.0609021672317457
138.52,0.0608597929788594
138.53,0.0608148204368855
138.54,0.0607672578099415
138.55,0.0607171169036857
138.56,0.0606644102632908
138.57,0.0606091485786653
138.58,0.0605513465460955
138.59,0.0604910183820414
138.6,0.0604281770145897
138.61,0.0603628376229862
138.62,0.0602950147968478
138.63,0.060224722907797
138.64,0.0601519763875164
138.65,0.0600767894758413
138.66,0.0599991761111909
138.67,0.0599191495361877
138.68,0.0598367227791525
138.69,0.0597519081673816
138.7,0.0596647171622611
138.71,0.0595751606638327
138.72,0.0594832485564013
138.73,0.0593889897392635
138.74,0.0592923922442194
138.75,0.0591934628207499
138.76,0.0590922070893918
138.77,0.0589886297686166
138.78,0.0588827339682151
138.79,0.0587745216881312
138.8,0.0586639940915554
138.81,0.0585511505259939
138.82,0.0584359893114103
138.83,0.0583185077085309
138.84,0.0581987013667248
138.85,0.0580765648916299
138.86,0.0579520917094972
138.87,0.057825273814466
138.88,0.0576961022835393
138.89,0.0575645669998667
138.9,0.0574306565676929
138.91,0.0572943590199145
138.92,0.0571556611709439
138.93,0.0570145488579068
138.94,0.0568710077246346
138.95,0.0567250222140123
138.96,0.0565765762839278
138.97,0.056425653655137
138.98,0.0562722373554602
138.99,0.056116310255063
139,0.0559578554809198
139.01,0.0557968556380702
139.02,0.0556332936332091
139.03,0.0554671530889478
139.04,0.0552984175190756
139.05,0.0551270711896821
139.06,0.0549530995058301
139.07,0.0547764883176899
139.08,0.0545972246917297
139.09,0.0544152972632248
139.1,0.0542306957243575
139.11,0.0540434114669292
139.12,0.0538534378656632
139.13,0.053660770005889
139.14,0.0534654051619605
139.15,0.0532673430423445
139.16,0.0530665856911943
139.17,0.0528631378400716
139.18,0.0526570069986291
139.19,0.0524482036972491
139.2,0.052236741591373
139.21,0.0520226373007732
139.22,0.0518059112173344
139.23,0.0515865872268977
139.24,0.051364692413794
139.25,0.0511402579306875
139.26,0.0509133189758432
139.27,0.0506839143009324
139.28,0.050452086398146
139.29,0.0502178825748282
139.3,0.0499813539754635
139.31,0.049742554864382
139.32,0.0495015450163862
139.33,0.0492583881386482
139.34,0.0490131507425569
139.35,0.048765904745247
139.36,0.048516726118497
139.37,0.0482656939570437
139.38,0.0480128912645092
139.39,0.0477584058307599
139.4,0.0475023285781638
139.41,0.0472447529676629
139.42,0.046985777515049
139.43,0.0467255036710415
139.44,0.046464033554079
139.45,0.0462014755361447
139.46,0.0459379399666815
139.47,0.0456735401373399
139.48,0.0454083882529022
139.49,0.045142601527478
139.5,0.0448762998611691
139.51,0.0446096044871312
139.52,0.044342636340096
139.53,0.0440755171843704
139.54,0.0438083725748566
139.55,0.0435413278158554
139.56,0.0432745084224515
139.57,0.0430080387886843
139.58,0.0427420456614169
139.59,0.0424766548545506
139.6,0.0422119918503467
139.61,0.0419481816509674
139.62,0.0416853484027485
139.63,0.0414236152865171
139.64,0.0411631042671322
139.65,0.0409039372183315
139.66,0.0406462336468031
139.67,0.0403901110970333
139.68,0.0401356854604158
139.69,0.0398830718296225
139.7,0.0396323836601132
139.71,0.0393837303846991
139.72,0.0391372197928731
139.73,0.0388929579414712
139.74,0.0386510510680845
139.75,0.0384115987123015
139.76,0.0381746992103687
139.77,0.0379404480337656
139.78,0.037708942018669
139.79,0.0374802722325823
139.8,0.0372545262803986
139.81,0.0370317897193147
139.82,0.0368121464750788
139.83,0.0365956811411701
139.84,0.0363824702457572
139.85,0.0361725896497096
139.86,0.0359661124757169
139.87,0.0357631126498663
139.88,0.0355636588509698
139.89,0.0353678170627642
139.9,0.0351756513686677
139.91,0.0349872242014337
139.92,0.0348025973798504
139.93,0.0346218277089045
139.94,0.0344449708983437
139.95,0.0342720805164277
139.96,0.0341032098733766
139.97,0.0339384088010336
139.98,0.0337777253060009
139.99,0.0336212058183111
140,0.0334688953242696
140.01,0.0333208376876278
140.02,0.0331770742395013
140.03,0.0330376451667274
140.04,0.0329025891983176
140.05,0.032771943394298
140.06,0.0326457436969061
140.07,0.0325240247147032
140.08,0.0324068197785158
140.09,0.0322941609622351
140.1,0.0321860791086569
140.11,0.0320826041244001
140.12,0.0319837648093395
140.13,0.0318895889752535
140.14,0.0318001016350616
140.15,0.0317153285730068
140.16,0.0316352942543508
140.17,0.0315600220441999
140.18,0.0314895336955108
140.19,0.0314238492628155
140.2,0.0313629893174096
140.21,0.0313069728221908
140.22,0.0312558177703969
140.23,0.0312095397147944
140.24,0.0311681546848572
140.25,0.031131677307928
140.26,0.0311001210991159
140.27,0.0310734980752328
140.28,0.0310518186135055
140.29,0.03103509278141
140.3,0.0310233291003309
140.31,0.0310165344979253
140.32,0.0310147147861469
140.33,0.031017874522507
140.34,0.0310260168025368
140.35,0.0310391427485249
140.36,0.0310572526058673
140.37,0.0310803448966944
140.38,0.0311084163187514
140.39,0.0311414616109648
140.4,0.0311794742931037
140.41,0.0312224459077156
140.42,0.0312703660511126
140.43,0.0313232224756421
140.44,0.0313810010064785
140.45,0.0314436854643952
140.46,0.0315112579239452
140.47,0.0315836980728218
140.48,0.0316609835898671
140.49,0.0317430900173564
140.5,0.0318299907246888
140.51,0.0319216567911175
140.52,0.0320180570248651
140.53,0.0321191578573488
140.54,0.0322249233546684
140.55,0.0323353151611198
140.56,0.0324502924679335
140.57,0.0325698124805935
140.58,0.0326938293528627
140.59,0.0328222948836574
140.6,0.0329551586806784
140.61,0.0330923683099482
140.62,0.0332338680621748
140.63,0.0333796000121096
140.64,0.0335295043847492
140.65,0.0336835186636383
140.66,0.0338415777271339
140.67,0.0340036141904127
140.68,0.0341695588239404
140.69,0.0343393394569364
140.7,0.0345128817742066
140.71,0.0346901094106011
140.72,0.034870944114033
140.73,0.0350553048500129
140.74,0.0352431086342615
140.75,0.035434271241065
140.76,0.0356287060768406
140.77,0.0358263243759909
140.78,0.0360270357398562
140.79,0.0362307490070906
140.8,0.0364373703082195
140.81,0.0366468045581373
140.82,0.0368589552988354
140.83,0.0370737249171448
140.84,0.0372910142613782
140.85,0.0375107229704587
140.86,0.0377327493766881
140.87,0.0379569909044174
140.88,0.0381833441876776
140.89,0.0384117053615883
140.9,0.0386419693889006
140.91,0.0388740312054419
140.92,0.0391077857492665
140.93,0.0393431272600892
140.94,0.0395799495113126
140.95,0.0398181457614879
140.96,0.0400576098744946
140.97,0.040298235280282
140.98,0.0405399153531891
140.99,0.0407825437114643
141,0.0410260146558265
141.01,0.0412702230629835
141.02,0.0415150639149154
141.03,0.0417604332639278
141.04,0.0420062280429274
141.05,0.0422523460434491
141.06,0.0424986854277538
141.07,0.0427451453814791
141.08,0.0429916265549604
141.09,0.0432380300585848
141.1,0.0434842581455971
141.11,0.0437302143717565
141.12,0.0439758046605193
141.13,0.0442209361672336
141.14,0.0444655173832905
141.15,0.0447094584208589
141.16,0.044952671384816
141.17,0.0451950703947468
141.18,0.0454365691814845
141.19,0.0456770840816912
141.2,0.0459165331818165
141.21,0.0461548367239422
141.22,0.0463919161609347
141.23,0.04662769466181
141.24,0.046862098355547
141.25,0.0470950547359817
141.26,0.0473264934905802
141.27,0.0475563459097048
141.28,0.0477845458816393
141.29,0.0480110293964231
141.3,0.048235732760489
141.31,0.0484585955916808
141.32,0.0486795590144104
141.33,0.0488985656394947
141.34,0.0491155601030817
141.35,0.0493304887159334
141.36,0.0495433005332887
141.37,0.0497539456509648
141.38,0.0499623763337773
141.39,0.0501685472036731
141.4,0.050372414517275
141.41,0.0505739365867101
141.42,0.0507730724761697
141.43,0.0509697841165225
141.44,0.0511640348316192
141.45,0.0513557892283606
141.46,0.0515450139028817
141.47,0.0517316768691678
141.48,0.0519157474052132
141.49,0.052097196430324
141.5,0.0522759963119559
141.51,0.052452121742539
141.52,0.0526255480579614
141.53,0.0527962524628979
141.54,0.0529642142145521
141.55,0.0531294136988828
141.56,0.0532918327623453
141.57,0.0534514533208055
141.58,0.0536082599132756
141.59,0.0537622376654952
141.6,0.0539133721750349
141.61,0.0540616505147018
141.62,0.0542070609194078
141.63,0.0543495942830307
141.64,0.054489240942977
141.65,0.0546259929130923
141.66,0.0547598431406797
141.67,0.0548907859484102
141.68,0.0550188164342602
141.69,0.055143930144562
141.7,0.0552661241959253
141.71,0.0553853963144026
141.72,0.0555017448872334
141.73,0.0556151692106675
141.74,0.055725669283868
141.75,0.0558332462837856
141.76,0.0559379016554484
141.77,0.0560396376849709
141.78,0.0561384575945118
141.79,0.0562343650683877
141.8,0.0563273645298275
141.81,0.0564174609929621
141.82,0.0565046601290089
141.83,0.0565889682012767
141.84,0.0566703922036075
141.85,0.0567489396595245
141.86,0.0568246186345874
141.87,0.0568974377657453
141.88,0.0569674062324786
141.89,0.0570345337486382
141.9,0.0570988302228499
141.91,0.0571603057961491
141.92,0.0572189713003572
141.93,0.0572748379097599
141.94,0.0573279174885151
141.95,0.0573782218215794
141.96,0.0574257632664822
141.97,0.0574705551347393
141.98,0.0575126105828124
141.99,0.0575519433888756
142,0.057588567414311
142.01,0.0576224972079753
142.02,0.0576537475971022
142.03,0.0576823331603829
142.04,0.0577082690198584
142.05,0.0577315705486146
142.06,0.0577522535010712
142.07,0.0577703338584203
142.08,0.0577858276199543
142.09,0.057798751223309
142.1,0.057809121516314
142.11,0.0578169553289423
142.12,0.0578222697885552
142.13,0.0578250820884297
142.14,0.0578254097982419
142.15,0.0578232706309637
142.16,0.0578186826154194
142.17,0.0578116638616891
142.18,0.0578022327122892
142.19,0.0577904075544599
142.2,0.0577762070825217
142.21,0.0577596501246399
142.22,0.0577407556594442
142.23,0.0577195424460031
142.24,0.0576960296998704
142.25,0.0576702366473683
142.26,0.0576421825813496
142.27,0.0576118871355619
142.28,0.0575793697704161
142.29,0.0575446500904989
142.3,0.0575077477813845
142.31,0.0574686831303526
142.32,0.0574274760094951
142.33,0.0573841465391793
142.34,0.0573387149652688
142.35,0.0572912013090166
142.36,0.0572416259945775
142.37,0.0571900094231677
142.38,0.0571363720503517
142.39,0.0570807340494984
142.4,0.0570231159530325
142.41,0.0569635382035027
142.42,0.0569020212355272
142.43,0.0568385861256916
142.44,0.0567732533310103
142.45,0.0567060435510672
142.46,0.0566369775370517
142.47,0.0565660759348246
142.48,0.0564933595879729
142.49,0.0564188493122924
142.5,0.0563425659471599
142.51,0.0562645302892812
142.52,0.0561847630231686
142.53,0.0561032850485553
142.54,0.0560201171771308
142.55,0.055935280212332
142.56,0.0558487947608538
142.57,0.0557606814771213
142.58,0.0556709610637469
142.59,0.0555796541163072
142.6,0.0554867811813009
142.61,0.055392363324443
142.62,0.0552964208953941
142.63,0.0551989744506462
142.64,0.0551000445125562
142.65,0.0549996516570482
142.66,0.0548978165677829
142.67,0.0547945596555557
142.68,0.0546899014133053
142.69,0.0545838623150621
142.7,0.054476462329976
142.71,0.0543677216276184
142.72,0.0542576604855809
142.73,0.0541462989704231
142.74,0.0540336570734297
142.75,0.0539197549580205
142.76,0.0538046123960537
142.77,0.0536882491894751
142.78,0.0535706850564943
142.79,0.0534519397524097
142.8,0.0533320331021594
142.81,0.0532109845626023
142.82,0.0530888136460151
142.83,0.0529655397969175
142.84,0.0528411822383756
142.85,0.0527157602077777
142.86,0.0525892928968386
142.87,0.0524617993733554
142.88,0.052333298611745
142.89,0.0522038094441592
142.9,0.0520733506655275
142.91,0.0519419409480085
142.92,0.0518095988600778
142.93,0.051676342908508
142.94,0.051542191552621
142.95,0.0514071630363698
142.96,0.0512712755466074
142.97,0.0511345471654081
142.98,0.0509969958756471
142.99,0.0508586395493793
143,0.0507194959466649
143.01,0.0505795827194363
143.02,0.0504389174078203
143.03,0.0502975174602353
143.04,0.050155400186679
143.05,0.0500125827905826
143.06,0.0498690823594006
143.07,0.0497249158746262
143.08,0.049580100229748
143.09,0.049434652154278
143.1,0.0492885882780695
143.11,0.0491419251122039
143.12,0.048994679034879
143.13,0.0488468663040489
143.14,0.0486985030655126
143.15,0.0485496053344604
143.16,0.0484001890001555
143.17,0.0482502698461648
143.18,0.0480998635079387
143.19,0.047948985497131
143.2,0.047797651198343
143.21,0.0476458758822784
143.22,0.0474936747620043
143.23,0.0473410628087109
143.24,0.0471880549101076
143.25,0.0470346658250443
143.26,0.0468809101828684
143.27,0.0467268024974909
143.28,0.046572357152857
143.29,0.0464175883842868
143.3,0.0462625103058644
143.31,0.0461071369005033
143.32,0.0459514820194151
143.33,0.0457955593826403
143.34,0.0456393825763756
143.35,0.0454829650537043
143.36,0.0453263201340686
143.37,0.0451694610025967
143.38,0.0450124007264849
143.39,0.0448551523324284
143.4,0.0446977285724464
143.41,0.0445401421234929
143.42,0.044382405531609
143.43,0.0442245312118398
143.44,0.0440665314641513
143.45,0.0439084184603293
143.46,0.043750204219605
143.47,0.0435919006427712
143.48,0.0434335195010137
143.49,0.0432750724359618
143.5,0.0431165708853139
143.51,0.0429580262282479
143.52,0.0427994497056147
143.53,0.0426408524132971
143.54,0.0424822453132201
143.55,0.0423236392486644
143.56,0.0421650450364318
143.57,0.0420064732045308
143.58,0.0418479342131694
143.59,0.04168943839371
143.6,0.0415309959488701
143.61,0.0413726170278696
143.62,0.0412143116705024
143.63,0.0410560896744045
143.64,0.0408979607752509
143.65,0.0407399345884626
143.66,0.0405820206099156
143.67,0.0404242281268889
143.68,0.0402665662599433
143.69,0.0401090441831536
143.7,0.0399516708609966
143.71,0.0397944551321394
143.72,0.0396374057094712
143.73,0.0394805311605025
143.74,0.0393238399094685
143.75,0.039167340301424
143.76,0.0390110405317394
143.77,0.0388549486677669
143.78,0.0386990726487074
143.79,0.0385434204711675
143.8,0.0383880002511455
143.81,0.0382328194291037
143.82,0.0380778855879969
143.83,0.0379232062078107
143.84,0.0377687886672231
143.85,0.0376146401623285
143.86,0.0374607676339137
143.87,0.037307178231925
143.88,0.0371538788655154
143.89,0.037000876337513
143.9,0.0368481773451544
143.91,0.0366957883770943
143.92,0.0365437155438442
143.93,0.0363919653359477
143.94,0.036240543917133
143.95,0.036089457329631
143.96,0.0359387114935485
143.97,0.0357883123055254
143.98,0.0356382659037452
143.99,0.0354885777050476
144,0.0353392532711872
144.01,0.0351902980612665
144.02,0.0350417174326855
144.03,0.034893516698277
144.04,0.0347457013483414
144.05,0.0345982763160747
144.06,0.0344512466382473
144.07,0.0343046172663166
144.08,0.0341583930681194
144.09,0.0340125788295721
144.1,0.0338671789058364
144.11,0.0337221975139906
144.12,0.033577639348707
144.13,0.0334335087128429
144.14,0.0332898098102862
144.15,0.0331465467460454
144.16,0.033003723526339
144.17,0.0328613442833878
144.18,0.0327194128754059
144.19,0.0325779330457164
144.2,0.0324369085044429
144.21,0.0322963428801
144.22,0.0321562397137267
144.23,0.032016602433737
144.24,0.0318774344183916
144.25,0.0317387389464426
144.26,0.0316005192106407
144.27,0.031462778324882
144.28,0.031325519390564
144.29,0.0311887453176986
144.3,0.0310524589726279
144.31,0.0309166631375836
144.32,0.0307813605106897
144.33,0.0306465538163997
144.34,0.0305122455533818
144.35,0.0303784381878956
144.36,0.0302451341061293
144.37,0.0301123356125679
144.38,0.0299800451694451
144.39,0.0298482649025956
144.4,0.0297169968983579
144.41,0.0295862431972468
144.42,0.0294560057643326
144.43,0.0293262866510286
144.44,0.0291970877089545
144.45,0.0290684106794243
144.46,0.0289402572771251
144.47,0.0288126291464825
144.48,0.0286855279360286
144.49,0.0285589551981028
144.5,0.0284329123574333
144.51,0.0283074008069396
144.52,0.0281824218722979
144.53,0.0280579768882786
144.54,0.0279340671265256
144.55,0.0278106936684197
144.56,0.0276878575955073
144.57,0.0275655599242259
144.58,0.0274438016059002
144.59,0.0273225835308415
144.6,0.0272019069144633
144.61,0.0270817723352452
144.62,0.0269621805349555
144.63,0.0268431321947976
144.64,0.0267246279354099
144.65,0.0266066683168652
144.66,0.0264892540612787
144.67,0.0263723857401342
144.68,0.0262560636539167
144.69,0.0261402881800799
144.7,0.0260250596405902
144.71,0.0259103783019291
144.72,0.0257962444128793
144.73,0.0256826585369343
144.74,0.025569620587396
144.75,0.0254571306677779
144.76,0.0253451888313339
144.77,0.0252337950810581
144.78,0.0251229493696842
144.79,0.0250126517855356
144.8,0.0249029022300251
144.81,0.0247937004679928
144.82,0.0246850462932485
144.83,0.0245769394528998
144.84,0.024469379647354
144.85,0.0243623665973627
144.86,0.0242559002422984
144.87,0.0241499799871648
144.88,0.024044605400496
144.89,0.023939776008954
144.9,0.0238354912973278
144.91,0.0237317507085342
144.92,0.0236285538734378
144.93,0.023525900134801
144.94,0.0234237887783473
144.95,0.0233222191135365
144.96,0.0232211904105025
144.97,0.0231207019000518
144.98,0.0230207527736637
144.99,0.0229213423390042
145,0.0228224700448752
145.01,0.0227241347625236
145.02,0.0226263355827686
145.03,0.0225290715614764
145.04,0.0224323417195605
145.05,0.0223361450429814
145.06,0.0222404804827462
145.07,0.0221453475025421
145.08,0.0220507447748821
145.09,0.0219566711596324
145.1,0.021863125532909
145.11,0.0217701067406745
145.12,0.0216776135987349
145.13,0.0215856448927412
145.14,0.0214941995850734
145.15,0.0214032765752646
145.16,0.0213128744313903
145.17,0.0212229918673433
145.18,0.0211336275705868
145.19,0.0210447802021573
145.2,0.0209564483966605
145.21,0.0208686307855497
145.22,0.020781326364082
145.23,0.0206945334687577
145.24,0.020608250672416
145.25,0.0205224765249282
145.26,0.0204372095531993
145.27,0.0203524482611678
145.28,0.0202681911298057
145.29,0.0201844368323358
145.3,0.0201011838431364
145.31,0.0200184305160823
145.32,0.019936175277406
145.33,0.019854416533169
145.34,0.0197731526692635
145.35,0.0196923820514115
145.36,0.0196121031506697
145.37,0.0195323147428762
145.38,0.0194530148308635
145.39,0.0193742017461541
145.4,0.0192958738032199
145.41,0.0192180292994822
145.42,0.0191406665153118
145.43,0.0190637837140284
145.44,0.0189873791419022
145.45,0.0189114513015482
145.46,0.0188359986645471
145.47,0.0187610191950125
145.48,0.0186865111212295
145.49,0.0186124726577556
145.5,0.0185389020054184
145.51,0.0184657973513168
145.52,0.0183931568688209
145.53,0.018320978717572
145.54,0.0182492614319855
145.55,0.0181780031600905
145.56,0.0181072019014958
145.57,0.0180368558074784
145.58,0.0179669630186211
145.59,0.0178975216648133
145.6,0.017828529865251
145.61,0.0177599857284381
145.62,0.0176918873521837
145.63,0.0176242333502301
145.64,0.0175570215779145
145.65,0.0174902500842346
145.66,0.0174239169703907
145.67,0.0173580203298582
145.68,0.017292558248387
145.69,0.0172275288040034
145.7,0.0171629300670072
145.71,0.0170987601421809
145.72,0.0170350175529108
145.73,0.0169717000569331
145.74,0.016908805731744
145.75,0.0168463326496929
145.76,0.0167842788779841
145.77,0.0167226424786761
145.78,0.0166614215086819
145.79,0.0166006140197688
145.8,0.0165402181770169
145.81,0.0164802322726484
145.82,0.0164206541609021
145.83,0.0163614819044913
145.84,0.0163027135630881
145.85,0.0162443471933224
145.86,0.0161863808487832
145.87,0.0161288125800168
145.88,0.0160716404345282
145.89,0.0160148626073095
145.9,0.0159584772330896
145.91,0.0159024822788907
145.92,0.0158468758182374
145.93,0.0157916559261129
145.94,0.0157368206791868
145.95,0.0156823681560391
145.96,0.0156282964373887
145.97,0.0155746036063189
145.98,0.0155212877485037
145.99,0.0154683469524357
146,0.0154157792755768
146.01,0.0153635828262676
146.02,0.0153117557047135
146.03,0.0152602960096333
146.04,0.0152092018433785
146.05,0.0151584713121465
146.06,0.0151081025261941
146.07,0.0150580936000515
146.08,0.0150084426527344
146.09,0.0149591478079582
146.1,0.0149102071816929
146.11,0.0148616188428926
146.12,0.0148133809739521
146.13,0.014765491713127
146.14,0.0147179492038041
146.15,0.0146707515946879
146.16,0.0146238970399865
146.17,0.0145773836995984
146.18,0.0145312097392982
146.19,0.0144853733309244
146.2,0.0144398726525639
146.21,0.0143947058024969
146.22,0.0143498709185743
146.23,0.0143053662570518
146.24,0.0142611900080634
146.25,0.0142173403674768
146.26,0.0141738155370201
146.27,0.0141306137244077
146.28,0.0140877331434653
146.29,0.0140451720142563
146.3,0.0140029285632067
146.31,0.0139610010232316
146.32,0.0139193875801808
146.33,0.0138780864987016
146.34,0.0138370960367286
146.35,0.0137964144489624
146.36,0.0137560399967007
146.37,0.013715970947941
146.38,0.0136762055774861
146.39,0.0136367421670475
146.4,0.0135975790053501
146.41,0.0135587143882359
146.42,0.0135201466245428
146.43,0.0134818740630388
146.44,0.0134438949964151
146.45,0.0134062077535929
146.46,0.0133688106714874
146.47,0.0133317020951261
146.48,0.0132948803777683
146.49,0.0132583438810252
146.5,0.0132220909749777
146.51,0.0131861200382967
146.52,0.0131504294583621
146.53,0.013115017585787
146.54,0.013079882790042
146.55,0.0130450235207565
146.56,0.0130104381929527
146.57,0.0129761252301383
146.58,0.0129420830643907
146.59,0.0129083101364423
146.6,0.0128748048957648
146.61,0.0128415658006553
146.62,0.0128085913183194
146.63,0.0127758799249574
146.64,0.0127434299760236
146.65,0.0127112400139182
146.66,0.0126793085639424
146.67,0.012647634130267
146.68,0.012616215225778
146.69,0.0125850503721382
146.7,0.0125541380998469
146.71,0.0125234769483012
146.72,0.0124930654658569
146.73,0.0124629022098886
146.74,0.0124329857468516
146.75,0.0124033146523411
146.76,0.012373887511154
146.77,0.0123447028466248
146.78,0.0123157592561651
146.79,0.0122870553862866
146.8,0.0122585898528135
146.81,0.0122303612805635
146.82,0.0122023683033923
146.83,0.0121746095642351
146.84,0.0121470837151507
146.85,0.0121197894173641
146.86,0.0120927253413104
146.87,0.0120658901666768
146.88,0.0120392825824464
146.89,0.012012901286941
146.9,0.0119867449335523
146.91,0.0119608121885278
146.92,0.0119351018360569
146.93,0.0119096126050845
146.94,0.0118843432335329
146.95,0.0118592924683228
146.96,0.0118344590653978
146.97,0.0118098417897468
146.98,0.0117854394154271
146.99,0.0117612507255876
147,0.0117372745124916
147.01,0.0117135095775399
147.02,0.0116899547312938
147.03,0.0116666087699445
147.04,0.0116434704487363
147.05,0.0116205386661457
147.06,0.0115978122639759
147.07,0.011575290092848
147.08,0.0115529710122074
147.09,0.0115308538903309
147.1,0.0115089376043343
147.11,0.0114872210401788
147.12,0.0114657030926783
147.13,0.011444382665506
147.14,0.0114232586712022
147.15,0.0114023300311803
147.16,0.0113815956731023
147.17,0.0113610544794251
147.18,0.0113407054381179
147.19,0.0113205475031573
147.2,0.0113005796371824
147.21,0.011280800811493
147.22,0.0112612100060478
147.23,0.0112418062094632
147.24,0.0112225884190113
147.25,0.0112035556406184
147.26,0.0111847068888631
147.27,0.0111660411869749
147.28,0.0111475575668324
147.29,0.0111292550689618
147.3,0.0111111326534667
147.31,0.0110931894227831
147.32,0.0110754244501683
147.33,0.0110578368052156
147.34,0.0110404255657222
147.35,0.0110231898176723
147.36,0.0110061286552207
147.37,0.0109892411806759
147.38,0.0109725265044839
147.39,0.0109559837452112
147.4,0.0109396120295289
147.41,0.0109234104921957
147.42,0.0109073782760412
147.43,0.0108915144699461
147.44,0.0108758182411186
147.45,0.0108602887768327
147.46,0.010844925247097
147.47,0.0108297268295143
147.48,0.0108146927092518
147.49,0.0107998220790107
147.5,0.0107851141389961
147.51,0.0107705680968869
147.52,0.0107561831678057
147.53,0.0107419585742887
147.54,0.0107278935462557
147.55,0.0107139873209794
147.56,0.0107002391131786
147.57,0.0106866481607848
147.58,0.0106732137466143
147.59,0.0106599351342549
147.6,0.0106468115942886
147.61,0.010633842404255
147.62,0.010621026848614
147.63,0.0106083642187093
147.64,0.0105958538127313
147.65,0.0105834949356806
147.66,0.010571286899331
147.67,0.0105592290221927
147.68,0.0105473206294753
147.69,0.0105355610530515
147.7,0.0105239496179686
147.71,0.0105124856144825
147.72,0.0105011684392869
147.73,0.010489997447256
147.74,0.0104789719994951
147.75,0.0104680914632953
147.76,0.0104573552120889
147.77,0.0104467626254044
147.78,0.0104363130888221
147.79,0.0104260059939285
147.8,0.0104158407382718
147.81,0.0104058167253173
147.82,0.0103959333644021
147.83,0.0103861900706904
147.84,0.0103765862651284
147.85,0.0103671212976701
147.86,0.0103577946443816
147.87,0.0103486057476604
147.88,0.0103395540472505
147.89,0.0103306389881686
147.9,0.0103218600206508
147.91,0.0103132166000985
147.92,0.0103047081870241
147.93,0.0102963342469976
147.94,0.0102880942505926
147.95,0.0102799876733321
147.96,0.0102720139956347
147.97,0.0102641727027608
147.98,0.0102564632847588
147.99,0.0102488851981381
148,0.0102414379388812
148.01,0.0102341210311816
148.02,0.0102269339807151
148.03,0.0102198762974542
148.04,0.0102129474956068
148.05,0.0102061470935555
148.06,0.0101994746137966
148.07,0.0101929295828786
148.08,0.010186511531342
148.09,0.0101802199936574
148.1,0.010174054508165
148.11,0.0101680146170137
148.12,0.0101620998660996
148.13,0.0101563097920658
148.14,0.0101506439206786
148.15,0.0101451018341223
148.16,0.0101396830905706
148.17,0.0101343872514817
148.18,0.0101292138815318
148.19,0.0101241625485495
148.2,0.010119232823449
148.21,0.0101144242801644
148.22,0.0101097364955834
148.23,0.0101051690494812
148.24,0.0101007215244544
148.25,0.0100963935058548
148.26,0.0100921845817235
148.27,0.0100880943427242
148.28,0.0100841223083502
148.29,0.0100802681255398
148.3,0.0100765313900692
148.31,0.0100729116990842
148.32,0.0100694086517785
148.33,0.0100660218493192
148.34,0.0100627508947735
148.35,0.0100595953930343
148.36,0.0100565549507468
148.37,0.0100536291762345
148.38,0.010050817679425
148.39,0.0100481200717764
148.4,0.0100455359662034
148.41,0.0100430649770035
148.42,0.0100407066963747
148.43,0.0100384607453915
148.44,0.0100363267498421
148.45,0.0100343043272545
148.46,0.0100323930960546
148.47,0.0100305926754884
148.48,0.0100289026855444
148.49,0.0100273227468767
148.5,0.0100258524807263
148.51,0.0100244915088446
148.52,0.0100232394534152
148.53,0.0100220959369764
148.54,0.0100210605823439
148.55,0.010020133012533
148.56,0.0100193128426801
148.57,0.0100185996859
148.58,0.010017993174658
148.59,0.0100174929305153
148.6,0.0100170985747115
148.61,0.0100168097280822
148.62,0.0100166260109757
148.63,0.0100165470431706
148.64,0.0100165724437933
148.65,0.0100167018312346
148.66,0.0100169348230678
148.67,0.010017271035965
148.68,0.0100177100664358
148.69,0.0100182515307217
148.7,0.0100188950480345
148.71,0.010019640228663
148.72,0.0100204866814077
148.73,0.0100214340134918
148.74,0.0100224818304713
148.75,0.0100236297361461
148.76,0.01002487733247
148.77,0.010026224219462
148.78,0.0100276699951164
148.79,0.0100292142553134
148.8,0.0100308565802828
148.81,0.0100325965696875
148.82,0.0100344338119415
148.83,0.0100363678926437
148.84,0.0100383983947504
148.85,0.0100405248984824
148.86,0.0100427469812333
148.87,0.0100450642174762
148.88,0.0100474761786719
148.89,0.0100499824331757
148.9,0.0100525825461455
148.91,0.0100552760843614
148.92,0.0100580626196749
148.93,0.0100609416983199
148.94,0.0100639128736741
148.95,0.0100669756956645
148.96,0.0100701297106845
148.97,0.0100733744615112
148.98,0.0100767094872227
148.99,0.0100801343231149
149,0.010083648500619
149.01,0.0100872515269056
149.02,0.0100909429199463
149.03,0.0100947222069985
149.04,0.0100985888996647
149.05,0.0101025425048927
149.06,0.0101065825248756
149.07,0.0101107084569517
149.08,0.0101149197935048
149.09,0.0101192160218639
149.1,0.0101235966242039
149.11,0.0101280610301333
149.12,0.0101326087330114
149.13,0.0101372391976359
149.14,0.010141951879389
149.15,0.0101467462274595
149.16,0.0101516216847185
149.17,0.0101565776875955
149.18,0.010161613665954
149.19,0.0101667290429672
149.2,0.0101719232503326
149.21,0.0101771957525165
149.22,0.0101825459253867
149.23,0.0101879731752009
149.24,0.010193476902383
149.25,0.0101990565014834
149.26,0.010204711361138
149.27,0.0102104408640277
149.28,0.0102162443742751
149.29,0.0102221212539819
149.3,0.0102280708725986
149.31,0.0102340925846048
149.32,0.0102401857378033
149.33,0.0102463496732514
149.34,0.010252583725191
149.35,0.0102588872209795
149.36,0.010265259340741
149.37,0.0102716994277927
149.38,0.0102782067933322
149.39,0.0102847807172969
149.4,0.0102914204713564
149.41,0.0102981253189126
149.42,0.0103048945150994
149.43,0.0103117273233229
149.44,0.0103186229753087
149.45,0.0103255807027162
149.46,0.0103325997297533
149.47,0.0103396792725283
149.48,0.01034681853905
149.49,0.0103540167304376
149.5,0.0103612730562633
149.51,0.0103685866915171
149.52,0.0103759568140216
149.53,0.010383382593686
149.54,0.0103908631925057
149.55,0.0103983977645628
149.56,0.0104059854258649
149.57,0.0104136251779608
149.58,0.010421316221016
149.59,0.010429057656836
149.6,0.0104368485775964
149.61,0.0104446880658431
149.62,0.0104525751944918
149.63,0.010460508984091
149.64,0.0104684883972332
149.65,0.0104765125273403
149.66,0.0104845803911409
149.67,0.0104926909942788
149.68,0.0105008433313125
149.69,0.0105090363857158
149.7,0.010517269158266
149.71,0.0105255406401966
149.72,0.0105338497636951
149.73,0.010542195476204
149.74,0.0105505767147575
149.75,0.0105589924059823
149.76,0.0105674414660972
149.77,0.0105759227572526
149.78,0.0105844351555321
149.79,0.0105929775607076
149.8,0.0106015488375698
149.81,0.010610147839711
149.82,0.0106187734095256
149.83,0.0106274243782096
149.84,0.0106360994478807
149.85,0.010644797425155
149.86,0.010653517126959
149.87,0.0106622573202864
149.88,0.0106710167594408
149.89,0.0106797941860351
149.9,0.0106885883289921
149.91,0.0106973978650941
149.92,0.0107062214698301
149.93,0.0107150578544049
149.94,0.010723905687696
149.95,0.0107327636251663
149.96,0.0107416303088635
149.97,0.0107505043674202
149.98,0.0107593844265848
149.99,0.010768269111982
150,0.0107771569982978
150.01,0.0107860466646623
150.02,0.01079493667712
150.03,0.0108038255886302
150.04,0.0108127119390666
150.05,0.0108215942401667
150.06,0.0108304708710765
150.07,0.0108393404027439
150.08,0.0108482013063724
150.09,0.0108570520387651
150.1,0.0108658910423244
150.11,0.010874716745052
150.12,0.010883527560549
150.13,0.0108923218060469
150.14,0.0109010978986829
150.15,0.0109098542049983
150.16,0.010918589070915
150.17,0.0109273008271917
150.18,0.0109359877894246
150.19,0.0109446482580463
150.2,0.0109532805097871
150.21,0.0109618828148665
150.22,0.0109704534294904
150.23,0.0109789905920613
150.24,0.0109874925257127
150.25,0.0109959574383092
150.26,0.0110043835224467
150.27,0.0110127689340907
150.28,0.0110211118213932
150.29,0.0110294103415127
150.3,0.0110376626210742
150.31,0.011045866771052
150.32,0.0110540208867699
150.33,0.011062123047901
150.34,0.0110701713015043
150.35,0.0110781636602169
150.36,0.0110860981774966
150.37,0.0110939728639888
150.38,0.0111017857141794
150.39,0.0111095347063948
150.4,0.0111172178028017
150.41,0.0111248329472003
150.42,0.0111323780519824
150.43,0.0111398510400012
150.44,0.0111472498066262
150.45,0.0111545722308938
150.46,0.0111618161755071
150.47,0.011168979486836
150.48,0.011176059994917
150.49,0.0111830555171977
150.5,0.0111899638498936
150.51,0.0111967827744453
150.52,0.0112035100562144
150.53,0.0112101434442869
150.54,0.0112166806714739
150.55,0.0112231194572486
150.56,0.0112294575007521
150.57,0.0112356924863754
150.58,0.011241822082314
150.59,0.0112478439405308
150.6,0.0112537556978358
150.61,0.0112595550168548
150.62,0.0112652394833776
150.63,0.011270806691047
150.64,0.0112762542179051
150.65,0.0112815796263934
150.66,0.011286780465833
150.67,0.0112918543041823
150.68,0.0112967986421463
150.69,0.0113016109857232
150.7,0.0113062888258779
150.71,0.0113108296385419
150.72,0.011315230886225
150.73,0.0113194900286329
150.74,0.0113236044909434
150.75,0.011327571691345
150.76,0.0113313890332188
150.77,0.0113350539051391
150.78,0.0113385636896529
150.79,0.0113419157963602
150.8,0.0113451075486401
150.81,0.0113481362852037
150.82,0.0113509993308379
150.83,0.0113536939964059
150.84,0.0113562175955101
150.85,0.0113585674836605
150.86,0.0113607409072267
150.87,0.01136273514184
150.88,0.011364547452517
150.89,0.0113661750938861
150.9,0.0113676153104134
150.91,0.0113688653539987
150.92,0.0113699224611376
150.93,0.0113707838434706
150.94,0.0113714467141309
150.95,0.0113719082782644
150.96,0.0113721657333215
150.97,0.0113722162693491
150.98,0.011372057083822
150.99,0.0113716853495381
151,0.0113710982379775
151.01,0.0113702929160051
151.02,0.011369266545048
151.03,0.0113680162814188
151.04,0.0113665392818812
151.05,0.0113648327137772
151.06,0.0113628937125913
151.07,0.0113607194226436
151.08,0.0113583069855501
151.09,0.0113556535405967
151.1,0.0113527562251138
151.11,0.0113496121990883
151.12,0.0113462186119192
151.13,0.0113425725926979
151.14,0.011338671284251
151.15,0.0113345118307351
151.16,0.0113300913780997
151.17,0.0113254070745509
151.18,0.0113204561373578
151.19,0.0113152357039225
151.2,0.0113097429412327
151.21,0.0113039750268946
151.22,0.0112979291453505
151.23,0.0112916024884815
151.24,0.0112849922754742
151.25,0.0112780957834417
151.26,0.0112709102051765
151.27,0.01126343278646
151.28,0.0112556607862734
151.29,0.0112475914775761
151.3,0.0112392221480854
151.31,0.0112305501290065
151.32,0.011221572755468
151.33,0.0112122873594049
151.34,0.0112026913061083
151.35,0.0111927819811083
151.36,0.0111825567910527
151.37,0.0111720131645853
151.38,0.0111611485572259
151.39,0.0111499604431476
151.4,0.0111384463228466
151.41,0.0111266037226709
151.42,0.0111144301954915
151.43,0.0111019233215899
151.44,0.0110890807348247
151.45,0.0110759001558719
151.46,0.0110623792223715
151.47,0.0110485156555841
151.48,0.0110343072120187
151.49,0.0110197516845378
151.5,0.0110048469034619
151.51,0.0109895908978947
151.52,0.010973981656972
151.53,0.0109580171061829
151.54,0.0109416952968001
151.55,0.0109250143319331
151.56,0.0109079723681882
151.57,0.0108905676173299
151.58,0.0108727984584706
151.59,0.0108546631858541
151.6,0.0108361602039869
151.61,0.010817287987202
151.62,0.0107980450769283
151.63,0.0107784300835754
151.64,0.0107584415876371
151.65,0.0107380780378563
151.66,0.0107173383737754
151.67,0.0106962214156819
151.68,0.0106747260494217
151.69,0.0106528512274606
151.7,0.0106305959699447
151.71,0.0106079595699143
151.72,0.0105849412782776
151.73,0.0105615402981859
151.74,0.0105377560057401
151.75,0.0105135878610121
151.76,0.0104890354097956
151.77,0.0104640982853563
151.78,0.0104387773059884
151.79,0.010413071936153
151.8,0.0103869822627001
151.81,0.0103605085331466
151.82,0.0103336511266178
151.83,0.0103064105577692
151.84,0.0102787872627017
151.85,0.0102507814279363
151.86,0.0102223942195757
151.87,0.0101936265591808
151.88,0.010164479497096
151.89,0.0101349542146846
151.9,0.0101050520265642
151.91,0.0100747742666105
151.92,0.0100441224758455
151.93,0.0100130983949376
151.94,0.00998170385243987
151.95,0.00994994081524425
151.96,0.0099178113904361
151.97,0.00988531782714788
151.98,0.00985246316572227
151.99,0.00981924972523358
152,0.00978568030403324
152.01,0.00975175788136729
152.02,0.00971748560832837
152.03,0.00968286681096921
152.04,0.00964790514479568
152.05,0.00961260468817174
152.06,0.00957696916874748
152.07,0.00954100275889414
152.08,0.00950470983891986
152.09,0.00946809500129727
152.1,0.00943116305488992
152.11,0.00939391869241602
152.12,0.00935636704834376
152.13,0.00931851363738084
152.14,0.00928036405905085
152.15,0.00924192413319351
152.16,0.0092031999031143
152.17,0.00916419763873405
152.18,0.00912492325381188
152.19,0.00908538361589137
152.2,0.00904558553911382
152.21,0.00900553604340236
152.22,0.00896524235968727
152.23,0.00892471219529983
152.24,0.00888395358187219
152.25,0.00884297434679311
152.26,0.00880178277307557
152.27,0.00876038739414587
152.28,0.00871879699733669
152.29,0.0086770205740542
152.3,0.00863506743798279
152.31,0.00859294714618772
152.32,0.00855066951837457
152.33,0.00850824464257256
152.34,0.00846568246006741
152.35,0.00842299285353429
152.36,0.00838018684150441
152.37,0.00833727526184544
152.38,0.00829426917445635
152.39,0.0082511798598879
152.4,0.00820801887377741
152.41,0.00816479793031418
152.42,0.00812152897598529
152.43,0.0080782241804465
152.44,0.00803489593052584
152.45,0.00799155672093834
152.46,0.00794821912327236
152.47,0.00790489620935854
152.48,0.00786160111753117
152.49,0.00781834717891599
152.5,0.00777514791489982
152.51,0.00773201645791304
152.52,0.00768896668203938
152.53,0.00764601255247411
152.54,0.00760316810212618
152.55,0.00756044750359886
152.56,0.00751786485702411
152.57,0.00747543399680107
152.58,0.00743316959266249
152.59,0.00739108608611977
152.6,0.00734919798993297
152.61,0.00730751987969839
152.62,0.00726606587611699
152.63,0.00722485058099371
152.64,0.0071838886238616
152.65,0.00714319453492517
152.66,0.00710278282903746
152.67,0.00706266791072664
152.68,0.00702286391356245
152.69,0.00698338530284198
152.7,0.00694424630596889
152.71,0.00690546105920652
152.72,0.00686704359510153
152.73,0.00682900733448939
152.74,0.00679136581342429
152.75,0.00675413249853154
152.76,0.00671732052401912
152.77,0.00668094283483455
152.78,0.00664501223531304
152.79,0.00660954109225348
152.8,0.00657454156153879
152.81,0.00654002550389363
152.82,0.00650600496403106
152.83,0.00647249122607998
152.84,0.00643949535811678
152.85,0.00640702815478017
152.86,0.00637509998824452
152.87,0.00634372082539237
152.88,0.00631290042739866
152.89,0.00628264810381653
152.9,0.00625297275982793
152.91,0.00622388268445544
152.92,0.00619538596261254
152.93,0.00616749013849598
152.94,0.00614020228154138
152.95,0.00611352947672019
152.96,0.00608747824006921
152.97,0.00606205428802837
152.98,0.00603726306855286
152.99,0.00601310968509698
153,0.00598959936155102
153.01,0.00596673612724733
153.02,0.0059445238722353
153.03,0.00592296606474034
153.04,0.00590206571236893
153.05,0.00588182542135917
153.06,0.0058622473721229
153.07,0.00584333330646702
153.08,0.00582508461976982
153.09,0.00580750242005903
153.1,0.00579058716009436
153.11,0.0057743389749865
153.12,0.00575875758841707
153.13,0.0057438431016294
153.14,0.00572959445040184
153.15,0.00571601044572228
153.16,0.00570308959984172
153.17,0.00569083025323436
153.18,0.00567923049282852
153.19,0.00566828793319539
153.2,0.00565800000866674
153.21,0.00564836388440376
153.22,0.00563937630759592
153.23,0.00563103399021658
153.24,0.0056233333312211
153.25,0.00561627050115228
153.26,0.00560984153222248
153.27,0.00560404227193707
153.28,0.00559886828189851
153.29,0.00559431499399838
153.3,0.0055903776756917
153.31,0.00558705189435811
153.32,0.00558433261268046
153.33,0.00558221484163051
153.34,0.00558069352450741
153.35,0.00557976343689359
153.36,0.00557941916465663
153.37,0.00557965548297836
153.38,0.00558046701726822
153.39,0.0055818483559106
153.4,0.00558379351427894
153.41,0.00558629673464985
153.42,0.0055893522022918
153.43,0.00559295411544643
153.44,0.0055970973708614
153.45,0.00560177601717675
153.46,0.00560698446099604
153.47,0.00561271693022444
153.48,0.005618967758906
153.49,0.00562573145465138
153.5,0.0056330024636453
153.51,0.00564077465616878
153.52,0.00564904255047166
153.53,0.00565780043386912
153.54,0.00566704274570627
153.55,0.00567676399239146
153.56,0.00568695853594189
153.57,0.00569762084587545
153.58,0.00570874572439933
153.59,0.00572032777161717
153.6,0.00573236176829609
153.61,0.0057448424593825
153.62,0.00575776451095196
153.63,0.00577112290889042
153.64,0.0057849126087778
153.65,0.00579912847747964
153.66,0.00581376556189029
153.67,0.00582881894601091
153.68,0.00584428375121793
153.69,0.00586015535212427
153.7,0.00587642900285458
153.71,0.00589310007981296
153.72,0.00591016404411133
153.73,0.00592761642567313
153.74,0.00594545284772092
153.75,0.00596366901358282
153.76,0.00598226070218469
153.77,0.00600122357988879
153.78,0.00602055359983242
153.79,0.00604024671104468
153.8,0.00606029893368361
153.81,0.00608070638053654
153.82,0.00610146520737467
153.83,0.00612257165006301
153.84,0.00614402202791018
153.85,0.00616581279760844
153.86,0.00618794041734601
153.87,0.00621040145365337
153.88,0.00623319253173382
153.89,0.0062563102809653
153.9,0.00627975150165084
153.91,0.00630351303043165
153.92,0.00632759176229494
153.93,0.0063519846344567
153.94,0.00637668868800918
153.95,0.00640170101384737
153.96,0.00642701879811705
153.97,0.00645263933545277
153.98,0.00647855992200206
153.99,0.00650477795313038
154,0.00653129088142949
154.01,0.00655809621994223
154.02,0.00658519157543906
154.03,0.00661257461368135
154.04,0.00664024303679755
154.05,0.00666819456314583
154.06,0.00669642704936073
154.07,0.0067249383777747
154.08,0.00675372650045061
154.09,0.00678278946585188
154.1,0.00681212532448422
154.11,0.00684173220573344
154.12,0.00687160830336634
154.13,0.00690175190507091
154.14,0.00693216131445094
154.15,0.00696283491166646
154.16,0.00699377112906957
154.17,0.00702496835812018
154.18,0.00705642515537918
154.19,0.00708814008633546
154.2,0.00712011176345384
154.21,0.00715233884377162
154.22,0.00718482002957043
154.23,0.00721755406549058
154.24,0.00725053973750922
154.25,0.00728377596751943
154.26,0.00731726163419825
154.27,0.00735099568460502
154.28,0.00738497711827393
154.29,0.00741920492979492
154.3,0.00745367819562285
154.31,0.00748839603276471
154.32,0.00752335759127636
154.33,0.00755856200803094
154.34,0.00759400847880072
154.35,0.00762969624208751
154.36,0.00766562455249264
154.37,0.00770179274953373
154.38,0.00773820018981131
154.39,0.00777484622570953
154.4,0.00781173026041272
154.41,0.00784885173649781
154.42,0.00788621012931462
154.43,0.00792380493652148
154.44,0.00796163569077332
154.45,0.00799970191524737
154.46,0.00803800312843693
154.47,0.00807653893463488
154.48,0.00811530892857582
154.49,0.00815431273468113
154.5,0.00819355001516119
154.51,0.00823302041413479
154.52,0.0082727236054102
154.53,0.00831265929300044
154.54,0.00835282724143501
154.55,0.00839322717391572
154.56,0.00843385885548195
154.57,0.00847472206011459
154.58,0.00851581652128136
154.59,0.00855714205568628
154.6,0.0085986984652235
154.61,0.008640485563167
154.62,0.00868250319858908
154.63,0.00872475119758892
154.64,0.00876722940621853
154.65,0.00880993767837818
154.66,0.00885287588857493
154.67,0.00889604390842957
154.68,0.00893944161596732
154.69,0.00898306889737475
154.7,0.00902692564643305
154.71,0.00907101176259974
154.72,0.00911532714750545
154.73,0.00915987170787837
154.74,0.00920464535404319
154.75,0.00924964799991885
154.76,0.0092948795605305
154.77,0.00934033995291862
154.78,0.00938602909511611
154.79,0.0094319469155056
154.8,0.00947809333262049
154.81,0.00952446826808515
154.82,0.00957107164335122
154.83,0.00961790338231238
154.84,0.00966496340653215
154.85,0.00971225163442015
154.86,0.00975976798345669
154.87,0.00980751237009653
154.88,0.00985548470992301
154.89,0.00990368491228294
154.9,0.00995211288446554
154.91,0.0100007685305431
154.92,0.010049651757094
154.93,0.0100987624586599
154.94,0.010148100528218
154.95,0.0101976658540255
154.96,0.0102474583220672
154.97,0.0102974778117039
154.98,0.0103477241959481
154.99,0.0103981973427699
155,0.0104488971149276
155.01,0.0104998233705788
155.02,0.0105509759587936
155.03,0.0106023547229718
155.04,0.0106539594995333
155.05,0.0107057901243375
155.06,0.0107578464192728
155.07,0.0108101282008513
155.08,0.0108626352783883
155.09,0.0109153674557034
155.1,0.010968324529174
155.11,0.0110215062851486
155.12,0.011074912503135
155.13,0.0111285429545701
155.14,0.0111823974027768
155.15,0.0112364756024302
155.16,0.0112907772996567
155.17,0.0113453022317805
155.18,0.011400050129827
155.19,0.0114550207140222
155.2,0.0115102136952294
155.21,0.0115656287756022
155.22,0.011621265650071
155.23,0.0116771240065587
155.24,0.0117332035188151
155.25,0.0117895038533398
155.26,0.0118460246672184
155.27,0.0119027656092428
155.28,0.0119597263185465
155.29,0.0120169064235596
155.3,0.0120743055436278
155.31,0.0121319232883436
155.32,0.0121897592574454
155.33,0.0122478130407452
155.34,0.0123060842180311
155.35,0.0123645723589748
155.36,0.0124232770230409
155.37,0.0124821977649119
155.38,0.0125413341231212
155.39,0.0126006856278174
155.4,0.012660251799223
155.41,0.0127200321478862
155.42,0.0127800261788569
155.43,0.0128402333810547
155.44,0.0129006532356708
155.45,0.0129612852139109
155.46,0.0130221287760649
155.47,0.0130831833703661
155.48,0.0131444484380831
155.49,0.0132059234088668
155.5,0.0132676077020088
155.51,0.0133295007259825
155.52,0.0133916018786382
155.53,0.0134539105478887
155.54,0.013516426110772
155.55,0.0135791479336804
155.56,0.0136420753823513
155.57,0.0137052078069118
155.58,0.0137685445430056
155.59,0.0138320849196409
155.6,0.0138958282559654
155.61,0.0139597738562867
155.62,0.0140239210129665
155.63,0.0140882690159654
155.64,0.0141528171411098
155.65,0.0142175646537472
155.66,0.0142825108124702
155.67,0.0143476548752707
155.68,0.0144129960740402
155.69,0.0144785336375371
155.7,0.0145442667849509
155.71,0.0146101947251613
155.72,0.0146763166446364
155.73,0.0147426317367304
155.74,0.0148091391784412
155.75,0.014875838136614
155.76,0.0149427277679258
155.77,0.0150098072301824
155.78,0.0150770756597963
155.79,0.0151445321857395
155.8,0.015212175928612
155.81,0.0152800059996129
155.82,0.0153480214943944
155.83,0.015416221502354
155.84,0.0154846051058584
155.85,0.0155531713754986
155.86,0.0156219193720768
155.87,0.0156908481541267
155.88,0.015759956773509
155.89,0.015829244261371
155.9,0.015898709645617
155.91,0.0159683519455161
155.92,0.0160381701696357
155.93,0.0161081633124702
155.94,0.0161783303689629
155.95,0.0162486703215394
155.96,0.0163191821438377
155.97,0.0163898648005291
155.98,0.0164607172440791
155.99,0.0165317384227079
156,0.0166029272741203
156.01,0.0166742827272138
156.02,0.0167458037021029
156.03,0.0168174891215326
156.04,0.0168893378881898
156.05,0.0169613488988995
156.06,0.0170335210436418
156.07,0.0171058532045741
156.08,0.0171783442543649
156.09,0.0172509930589122
156.1,0.0173237984771703
156.11,0.0173967593598977
156.12,0.0174698745502911
156.13,0.0175431428842667
156.14,0.0176165631903952
156.15,0.0176901342896027
156.16,0.0177638549957265
156.17,0.0178377241154369
156.18,0.017911740448326
156.19,0.0179859027875632
156.2,0.0180602099186323
156.21,0.0181346606204644
156.22,0.0182092536652339
156.23,0.0182839878184374
156.24,0.0183588618384805
156.25,0.0184338744773289
156.26,0.0185090244809084
156.27,0.0185843105884843
156.28,0.0186597315329821
156.29,0.0187352860418948
156.3,0.0188109728439261
156.31,0.0188867906516453
156.32,0.0189627381759315
156.33,0.0190388141221678
156.34,0.0191150171903491
156.35,0.019191346076457
156.36,0.0192677994706432
156.37,0.0193443760575258
156.38,0.019421074517304
156.39,0.019497893525455
156.4,0.0195748317509719
156.41,0.0196518878510906
156.42,0.019729060489628
156.43,0.0198063483211436
156.44,0.0198837499954843
156.45,0.0199612641578605
156.46,0.0200388894516116
156.47,0.0201166245134493
156.48,0.0201944679755574
156.49,0.0202724184665284
156.5,0.0203504746108952
156.51,0.0204286350366055
156.52,0.020506898379071
156.53,0.0205852632441752
156.54,0.0206637282465079
156.55,0.0207422919978506
156.56,0.0208209531073173
156.57,0.0208997101814929
156.58,0.0209785618161272
156.59,0.0210575066074619
156.6,0.0211365431572945
156.61,0.0212156700601455
156.62,0.0212948859082197
156.63,0.0213741892915139
156.64,0.0214535787979273
156.65,0.0215330530130521
156.66,0.0216126105209397
156.67,0.0216922499038377
156.68,0.0217719697422674
156.69,0.0218517686151876
156.7,0.0219316451001061
156.71,0.0220115977738666
156.72,0.0220916252275686
156.73,0.0221717260288397
156.74,0.0222518987535844
156.75,0.0223321419772754
156.76,0.0224124542750924
156.77,0.0224928342220613
156.78,0.0225732803922778
156.79,0.0226537913583172
156.8,0.0227343656965419
156.81,0.0228150019820449
156.82,0.0228956987903553
156.83,0.0229764546975737
156.84,0.0230572682805029
156.85,0.0231381381124122
156.86,0.0232190627686016
156.87,0.0233000408299261
156.88,0.0233810708755284
156.89,0.0234621514856544
156.9,0.0235432812417696
156.91,0.0236244587266753
156.92,0.0237056825308097
156.93,0.0237869512398827
156.94,0.023868263441638
156.95,0.0239496177270754
156.96,0.0240310126893548
156.97,0.0241124469239276
156.98,0.0241939190288135
156.99,0.0242754276096847
157,0.0243569712673263
157.01,0.0244385486084826
157.02,0.0245201582429587
157.03,0.0246017987837589
157.04,0.0246834688472242
157.05,0.0247651670531704
157.06,0.0248468920190778
157.07,0.024928642368486
157.08,0.0250104167343855
157.09,0.0250922137499448
157.1,0.0251740320522393
157.11,0.025255870282373
157.12,0.0253377270856043
157.13,0.0254196011112001
157.14,0.0255014910090252
157.15,0.0255833954393515
157.16,0.025665313064614
157.17,0.0257472425519242
157.18,0.0258291825731881
157.19,0.0259111318052225
157.2,0.0259930889298752
157.21,0.0260750526388749
157.22,0.0261570216265806
157.23,0.0262389945894614
157.24,0.0263209702320752
157.25,0.0264029472647889
157.26,0.0264849244039046
157.27,0.0265669003717889
157.28,0.0266488738963471
157.29,0.0267308437064441
157.3,0.0268128085461108
157.31,0.0268947671622113
157.32,0.0269767183081708
157.33,0.0270586607440983
157.34,0.0271405932369048
157.35,0.0272225145604245
157.36,0.0273044234851865
157.37,0.0273863187961535
157.38,0.0274681992905408
157.39,0.0275500637682021
157.4,0.0276319110361322
157.41,0.0277137399085654
157.42,0.0277955492070739
157.43,0.0278773377609768
157.44,0.0279591044087814
157.45,0.028040847993776
157.46,0.028122567368231
157.47,0.0282042613922967
157.48,0.0282859289341048
157.49,0.0283675688698678
157.5,0.0284491800839831
157.51,0.0285307614728276
157.52,0.0286123119379587
157.53,0.028693830388366
157.54,0.0287753157430496
157.55,0.0288567669298083
157.56,0.0289381828853466
157.57,0.0290195625553807
157.58,0.0291009048947478
157.59,0.0291822088489649
157.6,0.0292634733942076
157.61,0.0293446975136662
157.62,0.0294258801961236
157.63,0.0295070204395652
157.64,0.029588117251262
157.65,0.0296691696478529
157.66,0.0297501766554282
157.67,0.029831137290508
157.68,0.0299120506052026
157.69,0.0299929156529013
157.7,0.0300737314951398
157.71,0.0301544972029214
157.72,0.0302352118567783
157.73,0.0303158745468341
157.74,0.0303964843734012
157.75,0.0304770404621322
157.76,0.0305575419246272
157.77,0.0306379878922721
157.78,0.0307183775066542
157.79,0.0307987099196401
157.8,0.0308789842934549
157.81,0.030959199800761
157.82,0.0310393556244001
157.83,0.0311194509560268
157.84,0.0311994850011135
157.85,0.0312794569744997
157.86,0.0313593661018061
157.87,0.0314392116195137
157.88,0.0315189927750375
157.89,0.0315987088268028
157.9,0.0316783590322883
157.91,0.0317579426375058
157.92,0.031837458951837
157.93,0.031916907271304
157.94,0.0319962869023784
157.95,0.0320755971620081
157.96,0.0321548373776396
157.97,0.0322340068872421
157.98,0.0323131050371226
157.99,0.0323921311830676
158,0.032471084696519
158.01,0.0325499649568632
158.02,0.0326287713540106
158.03,0.0327075032884133
158.04,0.0327861601710824
158.05,0.0328647414236052
158.06,0.0329432465044264
158.07,0.0330216748748795
158.08,0.0331000259758777
158.09,0.0331782992789357
158.1,0.0332564942671478
158.11,0.0333346104352517
158.12,0.0334126472896964
158.13,0.033490604348706
158.14,0.0335684811356878
158.15,0.0336462771716803
158.16,0.0337239920218502
158.17,0.0338016252483072
158.18,0.0338791764247805
158.19,0.0339566451366561
158.2,0.0340340309810194
158.21,0.0341113335666932
158.22,0.0341885525139633
158.23,0.0342656873423776
158.24,0.0343427377521194
158.25,0.0344197033854523
158.26,0.0344965838948047
158.27,0.0345733789427138
158.28,0.0346500882017698
158.29,0.03472671135456
158.3,0.0348032480936129
158.31,0.0348796981575271
158.32,0.0349560612564254
158.33,0.035032337108864
158.34,0.0351085254534802
158.35,0.035184626039409
158.36,0.0352606386262691
158.37,0.0353365629841525
158.38,0.0354123988936107
158.39,0.0354881462116898
158.4,0.0355638047952524
158.41,0.0356393744203263
158.42,0.0357148549289791
158.43,0.0357902461761151
158.44,0.0358655480295895
158.45,0.0359407603703264
158.46,0.0360158830924336
158.47,0.0360909160709274
158.48,0.0361658591068646
158.49,0.0362407121980767
158.5,0.0363154752715331
158.51,0.0363901482653293
158.52,0.0364647311286625
158.53,0.0365392238218066
158.54,0.0366136263160877
158.55,0.0366879385938589
158.56,0.036762160438811
158.57,0.0368362919527234
158.58,0.0369103331283385
158.59,0.0369842839621148
158.6,0.0370581444578651
158.61,0.0371319146265481
158.62,0.0372055944860635
158.63,0.0372791840610439
158.64,0.0373526836172731
158.65,0.0374260931932612
158.66,0.0374994128027923
158.67,0.0375726425419153
158.68,0.0376457825180249
158.69,0.037718832849947
158.7,0.0377917936680276
158.71,0.037864665114218
158.72,0.037937447376579
158.73,0.038010140654522
158.74,0.0380827451041296
158.75,0.0381552609255842
158.76,0.0382276883324571
158.77,0.0383000275518666
158.78,0.0383722788246359
158.79,0.0384444424054508
158.8,0.0385165185067978
158.81,0.0385885071442055
158.82,0.0386604087173232
158.83,0.0387322234748385
158.84,0.0388039516706617
158.85,0.0388755935634874
158.86,0.0389471494163537
158.87,0.0390186195331821
158.88,0.0390900042456788
158.89,0.0391613038125683
158.9,0.0392325185379661
158.91,0.0393036487334361
158.92,0.0393746947179903
158.93,0.0394456568378419
158.94,0.0395165356562383
158.95,0.0395873314127409
158.96,0.0396580444903878
158.97,0.0397286752827585
158.98,0.0397992241939742
158.99,0.0398696916386958
159,0.039940078181926
159.01,0.0400103842492591
159.02,0.0400806102826661
159.03,0.0401507567657031
159.04,0.0402208241947415
159.05,0.0402908130789675
159.06,0.0403607237879111
159.07,0.0404305566970521
159.08,0.0405003124341672
159.09,0.0405699915083784
159.1,0.0406395944371378
159.11,0.0407091217462258
159.12,0.0407785739415196
159.13,0.0408479513818659
159.14,0.0409172547004382
159.15,0.0409864844264964
159.16,0.0410556410949487
159.17,0.0411247252463518
159.18,0.041193737426911
159.19,0.0412626784819417
159.2,0.0413315489116179
159.21,0.0414003492861178
159.22,0.0414690802257227
159.23,0.0415377423607199
159.24,0.0416063363314006
159.25,0.0416748628568545
159.26,0.0417433226471984
159.27,0.0418117163463173
159.28,0.0418800446547933
159.29,0.0419483082849754
159.3,0.0420165079609801
159.31,0.0420846443557681
159.32,0.0421527179513406
159.33,0.0422207296279269
159.34,0.0422886801091909
159.35,0.0423565701263172
159.36,0.0424244004180101
159.37,0.0424921717304956
159.38,0.0425598846940855
159.39,0.0426275401081559
159.4,0.0426951387330989
159.41,0.042762681325715
159.42,0.0428301686486988
159.43,0.042897601470639
159.44,0.0429649806976678
159.45,0.0430323072136999
159.46,0.0430995817490314
159.47,0.0431668051349019
159.48,0.0432339782118131
159.49,0.0433011018295271
159.5,0.0433681768562758
159.51,0.04343520423778
159.52,0.0435021848164497
159.53,0.0435691194908888
159.54,0.0436360091700146
159.55,0.0437028547730579
159.56,0.0437696572295633
159.57,0.0438364173042038
159.58,0.0439031359429138
159.59,0.0439698141206734
159.6,0.0440364527732676
159.61,0.0441030528438328
159.62,0.0441696152828583
159.63,0.0442361409937469
159.64,0.0443026308325469
159.65,0.0443690858245669
159.66,0.044435506925033
159.67,0.0445018950943658
159.68,0.044568251298181
159.69,0.0446345765072878
159.7,0.0447008719324596
159.71,0.0447671384633862
159.72,0.0448333771110902
159.73,0.0448995889018922
159.74,0.0449657748701896
159.75,0.0450319360584591
159.76,0.0450980736649161
159.77,0.0451641888252059
159.78,0.045230282555565
159.79,0.0452963559673707
159.8,0.0453624101831247
159.81,0.0454284463364537
159.82,0.0454944655721076
159.83,0.0455604687862866
159.84,0.0456264572466359
159.85,0.0456924321091488
159.86,0.0457583945266273
159.87,0.0458243456600559
159.88,0.0458902866786004
159.89,0.0459562185978536
159.9,0.0460221422291821
159.91,0.0460880589564827
159.92,0.0461539699068045
159.93,0.0462198762090137
159.94,0.0462857789937922
159.95,0.0463516793936398
159.96,0.0464175789577707
159.97,0.0464834788705239
159.98,0.0465493802067557
159.99,0.0466152841890501
160,0.0466811920486347
160.01,0.0467471050253795
160.02,0.0468130243804686
160.03,0.0468789515881187
160.04,0.0469448878122364
160.05,0.0470108343558166
160.06,0.0470767925329788
160.07,0.0471427636689652
160.08,0.0472087491001432
160.09,0.0472747499962126
160.1,0.0473407675051502
160.11,0.0474068031124567
160.12,0.0474728581408411
160.13,0.0475389339192415
160.14,0.0476050317828253
160.15,0.0476711530729899
160.16,0.0477372989586148
160.17,0.0478034708021435
160.18,0.0478696699540843
160.19,0.0479358977381468
160.2,0.0480021554802501
160.21,0.0480684445515731
160.22,0.0481347664062317
160.23,0.0482011223332007
160.24,0.0482675136986011
160.25,0.0483339418738768
160.26,0.0484004082357928
160.27,0.0484669144258836
160.28,0.0485334618404218
160.29,0.0486000518781033
160.3,0.0486666860023188
160.31,0.0487333656879696
160.32,0.0488000923828498
160.33,0.0488668674482338
160.34,0.0489336924418853
160.35,0.0490005688522685
160.36,0.0490674981761216
160.37,0.0491344819184591
160.38,0.0492015211679212
160.39,0.0492686173931533
160.4,0.0493357721284797
160.41,0.0494029867987499
160.42,0.0494702628263223
160.43,0.0495376016220141
160.44,0.0496050045631427
160.45,0.0496724730788173
160.46,0.0497400085724572
160.47,0.0498076124440929
160.48,0.0498752860903669
160.49,0.0499430314690707
160.5,0.0500108500968839
160.51,0.0500787433334299
160.52,0.0501467127216927
160.53,0.0502147598165216
160.54,0.0502828861306585
160.55,0.0503510929364348
160.56,0.0504193819333893
160.57,0.0504877546588713
160.58,0.0505562126555765
160.59,0.0506247574715458
160.6,0.0506933902638927
160.61,0.0507621123803092
160.62,0.0508309253560089
160.63,0.0508998305781092
160.64,0.0509688294118106
160.65,0.0510379231750143
160.66,0.0511071132165114
160.67,0.0511764008507611
160.68,0.0512457873756078
160.69,0.0513152745879677
160.7,0.0513848639302137
160.71,0.0514545567105001
160.72,0.0515243543741017
160.73,0.051594258338362
160.74,0.0516642699214538
160.75,0.051734390615436
160.76,0.0518046218482702
160.77,0.0518749650497387
160.78,0.0519454209789217
160.79,0.0520159909444302
160.8,0.0520866762778061
160.81,0.0521574781627976
160.82,0.0522283977076687
160.83,0.0522994358994041
160.84,0.0523705938655352
160.85,0.0524418726327607
160.86,0.0525132731953698
160.87,0.0525847968950288
160.88,0.0526564446798283
160.89,0.0527282175177873
160.9,0.0528001164042817
160.91,0.0528721422872792
160.92,0.0529442960616632
160.93,0.0530165786777708
160.94,0.0530889910335484
160.95,0.0531615340059977
160.96,0.0532342078963675
160.97,0.0533070134828208
160.98,0.0533799513900761
160.99,0.0534530220865754
161,0.0535262257001384
161.01,0.0535995626627503
161.02,0.0536730331987605
161.03,0.0537466375857355
161.04,0.0538203760561057
161.05,0.0538942486422492
161.06,0.053968255378259
161.07,0.0540423964325524
161.08,0.0541166717514755
161.09,0.0541910812536153
161.1,0.0542656247374066
161.11,0.0543403014897067
161.12,0.0544151113074445
161.13,0.0544900537019386
161.14,0.0545651276803518
161.15,0.0546403319977297
161.16,0.0547156658264696
161.17,0.0547911279745416
161.18,0.0548667169129068
161.19,0.0549424311384849
161.2,0.0550182689987279
161.21,0.0550942287189773
161.22,0.0551703086849847
161.23,0.0552465067809528
161.24,0.0553228208963467
161.25,0.0553992486989648
161.26,0.0554757876734192
161.27,0.0555524353147964
161.28,0.055629188920463
161.29,0.0557060447654389
161.3,0.0557829993899411
161.31,0.055860049205047
161.32,0.0559371897841916
161.33,0.0560144166652321
161.34,0.0560917251692492
161.35,0.0561691105592242
161.36,0.0562465676882925
161.37,0.0563240910906499
161.38,0.0564016752146157
161.39,0.0564793142078007
161.4,0.0565570019449186
161.41,0.0566347315516746
161.42,0.0567124960668599
161.43,0.0567902883680675
161.44,0.0568681000506538
161.45,0.0569459226230344
161.46,0.0570237474555095
161.47,0.0571015648802718
161.48,0.0571793648999391
161.49,0.0572571371998824
161.5,0.0573348710309721
161.51,0.0574125551398403
161.52,0.0574901777526993
161.53,0.057567726664251
161.54,0.0576451892061716
161.55,0.0577225522469147
161.56,0.057799801431249
161.57,0.0578769219891462
161.58,0.0579538989674061
161.59,0.0580307156619607
161.6,0.0581073545071085
161.61,0.0581837977187975
161.62,0.0582600265217372
161.63,0.0583360212977874
161.64,0.0584117623744491
161.65,0.0584872295369073
161.66,0.0585624014071394
161.67,0.0586372554546409
161.68,0.0587117690202789
161.69,0.0587859175026204
161.7,0.058859675143293
161.71,0.0589330158768396
161.72,0.0590059119868909
161.73,0.0590783350294317
161.74,0.0591502559240642
161.75,0.0592216447831974
161.76,0.0592924704384589
161.77,0.0593627010621977
161.78,0.0594323038321776
161.79,0.0595012445566564
161.8,0.0595694878785921
161.81,0.0596369977443405
161.82,0.0597037359407408
161.83,0.0597696638898456
161.84,0.05983474199452
161.85,0.0598989297636271
161.86,0.0599621853357758
161.87,0.0600244672736901
161.88,0.0600857321709876
161.89,0.060145936028284
161.9,0.0602050339428809
161.91,0.060262980161344
161.92,0.0603197278503469
161.93,0.0603752294151631
161.94,0.0604294367476726
161.95,0.0604823013424236
161.96,0.0605337733558332
161.97,0.0605838042885732
161.98,0.0606323436253961
161.99,0.0606793412621692
162,0.0607247473278485
162.01,0.0607685108373032
162.02,0.0608105822349207
162.03,0.0608509108148968
162.04,0.0608894465815243
162.05,0.0609261406841865
162.06,0.0609609432056738
162.07,0.0609938068090918
162.08,0.0610246834168272
162.09,0.0610535261257524
162.1,0.0610802902157943
162.11,0.0611049302162348
162.12,0.0611274035121755
162.13,0.0611476683105755
162.14,0.06116568420099
162.15,0.0611814126822484
162.16,0.0611948169374035
162.17,0.0612058619175357
162.18,0.0612145144272757
162.19,0.0612207435085837
162.2,0.0612245199675272
162.21,0.0612258169925852
162.22,0.0612246099160945
162.23,0.0612208760861011
162.24,0.0612145954255318
162.25,0.0612057499459
162.26,0.0611943239947673
162.27,0.0611803044273181
162.28,0.0611636797503037
162.29,0.0611444412875918
162.3,0.0611225822923371
162.31,0.0610980978453321
162.32,0.0610709855998981
162.33,0.0610412448271058
162.34,0.0610088764877893
162.35,0.0609738838224088
162.36,0.0609362712854692
162.37,0.0608960448751982
162.38,0.0608532123718714
162.39,0.0608077824464493
162.4,0.0607597650934652
162.41,0.0607091715018118
162.42,0.0606560134678187
162.43,0.0606003037716153
162.44,0.0605420558515746
162.45,0.0604812834532466
162.46,0.0604180008757371
162.47,0.0603522226089415
162.48,0.0602839632128176
162.49,0.0602132372564061
162.5,0.0601400591673589
162.51,0.0600644432217349
162.52,0.0599864031784981
162.53,0.0599059523812761
162.54,0.0598231038246951
162.55,0.0597378695441747
162.56,0.0596502609227138
162.57,0.0595602887806248
162.58,0.0594679626678357
162.59,0.0593732912713392
162.6,0.0592762825371687
162.61,0.059176942906678
162.62,0.059075277805172
162.63,0.0589712918340029
162.64,0.0588649878934313
162.65,0.0587563677925096
162.66,0.0586454324850352
162.67,0.0585321811224507
162.68,0.0584166117412766
162.69,0.0582987214826111
162.7,0.058178505718095
162.71,0.0580559587291991
162.72,0.0579310739607825
162.73,0.0578038430722951
162.74,0.0576742566179728
162.75,0.0575423047996503
162.76,0.0574079759257428
162.77,0.0572712573852539
162.78,0.05713213622519
162.79,0.0569905985135978
162.8,0.0568466291068924
162.81,0.0567002125117084
162.82,0.0565513329893971
162.83,0.056399973723795
162.84,0.0562461176947715
162.85,0.0560897483343646
162.86,0.055930848114322
162.87,0.0557693996784896
162.88,0.0556053864824084
162.89,0.0554387917793816
162.9,0.0552695991716655
162.91,0.0550977932469371
162.92,0.0549233594871415
162.93,0.0547462838566912
162.94,0.0545665536809379
162.95,0.0543841579999105
162.96,0.0541990866291309
162.97,0.0540113311730487
162.98,0.0538208853360416
162.99,0.0536277448633862
163,0.053431907230656
163.01,0.0532333723762928
163.02,0.0530321430204101
163.03,0.052828224328432
163.04,0.0526216243033962
163.05,0.0524123539803573
163.06,0.0522004273570342
163.07,0.0519858619972988
163.08,0.0517686788840563
163.09,0.0515489023366438
163.1,0.051326559942738
163.11,0.0511016839198153
163.12,0.0508743102175838
163.13,0.0506444778226508
163.14,0.0504122300903456
163.15,0.0501776152036914
163.16,0.0499406853668616
163.17,0.0497014947911408
163.18,0.0494601042090212
163.19,0.0492165781483284
163.2,0.0489709848274319
163.21,0.0487233941473114
163.22,0.0484738840478242
163.23,0.048222535414703
163.24,0.0479694334973405
163.25,0.0477146624128853
163.26,0.047458314666707
163.27,0.0472004867349676
163.28,0.0469412782160967
163.29,0.0466807897894689
163.3,0.0464191227886109
163.31,0.0461563876380868
163.32,0.0458926954233927
163.33,0.0456281601456133
163.34,0.0453628916399672
163.35,0.0450970100025422
163.36,0.0448306346927865
163.37,0.0445638871166695
163.38,0.0442968879566581
163.39,0.044029759600564
163.4,0.0437626275443045
163.41,0.0434956171617969
163.42,0.0432288541851932
163.43,0.0429624630554384
163.44,0.0426965706823573
163.45,0.042431303047207
163.46,0.0421667858323336
163.47,0.0419031432755711
163.48,0.0416404994860315
163.49,0.0413789776071021
163.5,0.0411186993563537
163.51,0.0408597857894717
163.52,0.0406023574153738
163.53,0.0403465309749277
163.54,0.0400924220823718
163.55,0.0398401442155693
163.56,0.0395898124237042
163.57,0.0393415351880307
163.58,0.0390954199749698
163.59,0.0388515717134302
163.6,0.0386100951108178
163.61,0.0383710922059886
163.62,0.0381346600106387
163.63,0.0379008938963032
163.64,0.0376698869906707
163.65,0.0374417336031097
163.66,0.0372165199438315
163.67,0.0369943313215505
163.68,0.036775250145365
163.69,0.0365593599179784
163.7,0.0363467390431853
163.71,0.0361374622253909
163.72,0.0359316024091491
163.73,0.0357292307945574
163.74,0.0355304182330523
163.75,0.0353352296445409
163.76,0.0351437288566118
163.77,0.034955977285579
163.78,0.0347720364466024
163.79,0.0345919633943721
163.8,0.0344158133286723
163.81,0.0342436395782921
163.82,0.0340754941261873
163.83,0.033911427616681
163.84,0.0337514874405453
163.85,0.0335957197787624
163.86,0.0334441690743753
163.87,0.0332968790600148
163.88,0.0331538907910787
163.89,0.0330152441970686
163.9,0.0328809777611685
163.91,0.0327511284964014
163.92,0.0326257320768024
163.93,0.0325048229769572
163.94,0.0323884344077253
163.95,0.0322765983192475
163.96,0.0321693447115154
163.97,0.0320667034941633
163.98,0.031968703132233
163.99,0.0318753710625088
164,0.0317867328003255
164.01,0.0317028132922616
164.02,0.0316236368575043
164.03,0.031549226595259
164.04,0.0314796043247863
164.05,0.0314147898336681
164.06,0.0313548035108538
164.07,0.0312996641811948
164.08,0.0312493897198347
164.09,0.0312039955719305
164.1,0.0311634973872791
164.11,0.031127909751906
164.12,0.0310972460226881
164.13,0.0310715180692074
164.14,0.0310507359452343
164.15,0.0310349095354595
164.16,0.0310240471017682
164.17,0.03101815540566
164.18,0.0310172399877294
164.19,0.0310213051208965
164.2,0.0310303536272035
164.21,0.0310443863633238
164.22,0.0310634032586285
164.23,0.0310874025196261
164.24,0.0311163805445046
164.25,0.0311503317312246
164.26,0.0311892492568398
164.27,0.0312331243105065
164.28,0.0312819463291861
164.29,0.0313357028339679
164.3,0.0313943793946162
164.31,0.031457959611293
164.32,0.0315264247134627
164.33,0.0315997541798992
164.34,0.0316779252086704
164.35,0.0317609129324459
164.36,0.0318486904548929
164.37,0.031941228293506
164.38,0.0320384947816862
164.39,0.0321404559539112
164.4,0.0322470754355158
164.41,0.0323583144073982
164.42,0.0324741316184049
164.43,0.0325944838625146
164.44,0.0327193248734828
164.45,0.0328486060521054
164.46,0.0329822765492325
164.47,0.0331202833919328
164.48,0.0332625704743998
164.49,0.0334090794125723
164.5,0.0335597499655186
164.51,0.0337145191421313
164.52,0.0338733213385057
164.53,0.034036088691219
164.54,0.0342027516728109
164.55,0.0343732376327378
164.56,0.0345474718578757
164.57,0.0347253776159894
164.58,0.0349068763019134
164.59,0.0350918865585475
164.6,0.0352803251089612
164.61,0.0354721073069205
164.62,0.0356671461885609
164.63,0.0358653526989348
164.64,0.0360666361196909
164.65,0.0362709048911751
164.66,0.0364780648106708
164.67,0.0366880204268187
164.68,0.0369006750572893
164.69,0.0371159311208019
164.7,0.0373336893173107
164.71,0.0375538492385041
164.72,0.0377763091659273
164.73,0.0380009666726851
164.74,0.0382277181158362
164.75,0.0384564587813574
164.76,0.0386870832682142
164.77,0.0389194862949894
164.78,0.0391535628277416
164.79,0.0393892065374285
164.8,0.0396263113511968
164.81,0.0398647712161421
164.82,0.0401044804095943
164.83,0.040345332189704
164.84,0.0405872195621125
164.85,0.0408300365230874
164.86,0.0410736772719175
164.87,0.0413180363150763
164.88,0.0415630082247826
164.89,0.0418084892556449
164.9,0.0420543764240304
164.91,0.0423005672788594
164.92,0.0425469604582656
164.93,0.0427934558935447
164.94,0.0430399549630536
164.95,0.0432863590723116
164.96,0.0435325713117041
164.97,0.0437784963328534
164.98,0.0440240395408951
164.99,0.0442691077777175
165,0.0445136092396714
165.01,0.0447574542834985
165.02,0.045000554406697
165.03,0.0452428227618705
165.04,0.0454841747142804
165.05,0.0457245273042352
165.06,0.0459637996072302
165.07,0.046201911566958
165.08,0.046438785929087
165.09,0.0466743472275579
165.1,0.0469085209551011
165.11,0.0471412352269586
165.12,0.047372419790721
165.13,0.0476020060165435
165.14,0.0478299272792904
165.15,0.0480561187380087
165.16,0.0482805185409078
165.17,0.0485030659400945
165.18,0.0487237025631456
165.19,0.0489423716312569
165.2,0.0491590188829569
165.21,0.0493735919791314
165.22,0.0495860390395085
165.23,0.0497963113382842
165.24,0.0500043615058988
165.25,0.0502101439011011
165.26,0.0504136145772266
165.27,0.0506147312823427
165.28,0.0508134547172023
165.29,0.0510097463557373
165.3,0.0512035698617003
165.31,0.051394890320079
165.32,0.0515836750009376
165.33,0.0517698927944757
165.34,0.0519535124712614
165.35,0.0521345058790455
165.36,0.052312845727351
165.37,0.0524885068271366
165.38,0.0526614648083484
165.39,0.0528316967676606
165.4,0.052999181906978
165.41,0.0531639005525856
165.42,0.0533258343826607
165.43,0.0534849662778667
165.44,0.0536412805002861
165.45,0.0537947628113396
165.46,0.0539453996374842
165.47,0.0540931782492325
165.48,0.0542380874889393
165.49,0.0543801172407115
165.5,0.0545192588039292
165.51,0.0546555039198111
165.52,0.0547888457257044
165.53,0.0549192790107823
165.54,0.0550467989864047
165.55,0.0551714020118187
165.56,0.0552930843279598
165.57,0.0554118441118806
165.58,0.055527679972086
165.59,0.0556405912666214
165.6,0.0557505780377191
165.61,0.0558576409811082
165.62,0.055961782390262
165.63,0.0560630045262449
165.64,0.0561613105561864
165.65,0.0562567044915823
165.66,0.056349191023316
165.67,0.0564387755322044
165.68,0.0565254638486627
165.69,0.0566092623665094
165.7,0.0566901782650147
165.71,0.0567682190818387
165.72,0.0568433927109818
165.73,0.0569157076727131
165.74,0.0569851729348164
165.75,0.0570517982764634
165.76,0.0571155934910677
165.77,0.0571765689820777
165.78,0.0572347362004873
165.79,0.057290106532018
165.8,0.0573426920519936
165.81,0.0573925046279253
165.82,0.0574395570532578
165.83,0.0574838623639071
165.84,0.0575254337125367
165.85,0.0575642846233142
165.86,0.0576004289130419
165.87,0.0576338807835573
165.88,0.0576646553155843
165.89,0.0576927671546702
165.9,0.0577182315048923
165.91,0.0577410639860189
165.92,0.0577612804645896
165.93,0.0577788970967314
165.94,0.0577939301901938
165.95,0.0578063958308973
165.96,0.0578163108708102
165.97,0.0578236921254824
165.98,0.0578285568792587
165.99,0.0578309224065274
166,0.0578308061259331
166.01,0.0578282258368321
166.02,0.0578231999742861
166.03,0.0578157466685319
166.04,0.0578058844959115
166.05,0.0577936315325841
166.06,0.0577790064786546
166.07,0.057762028172814
166.08,0.0577427154323988
166.09,0.057721087043353
166.1,0.0576971619514016
166.11,0.057670959203002
166.12,0.0576424986630788
166.13,0.0576117995963423
166.14,0.0575788816687924
166.15,0.0575437646111564
166.16,0.0575064684044818
166.17,0.0574670131643583
166.18,0.0574254188255176
166.19,0.0573817056450252
166.2,0.0573358939602961
166.21,0.0572880039957798
166.22,0.0572380560484934
166.23,0.0571860704973383
166.24,0.057132067662541
166.25,0.0570760678317114
166.26,0.057018091277692
166.27,0.0569581584531426
166.28,0.0568962902230662
166.29,0.056832507002258
166.3,0.0567668294853907
166.31,0.0566992785275643
166.32,0.0566298749022748
166.33,0.0565586395046272
166.34,0.0564855926860771
166.35,0.0564107553720932
166.36,0.0563341484015856
166.37,0.0562557924808319
166.38,0.0561757083174545
166.39,0.0560939167367565
166.4,0.0560104385490937
166.41,0.0559252946701552
166.42,0.0558385059081658
166.43,0.0557500931294024
166.44,0.0556600768255138
166.45,0.0555684778398048
166.46,0.0554753169198902
166.47,0.0553806145062373
166.48,0.0552843910004853
166.49,0.0551866669817726
166.5,0.0550874629637968
166.51,0.0549867996508873
166.52,0.0548846973707561
166.53,0.0547811765484063
166.54,0.054676257598427
166.55,0.0545699609167451
166.56,0.0544623068431458
166.57,0.0543533157024111
166.58,0.0542430075631682
166.59,0.0541314025529856
166.6,0.0540185208573604
166.61,0.0539043825534436
166.62,0.0537890071872018
166.63,0.0536724146959523
166.64,0.053554624869906
166.65,0.0534356573902126
166.66,0.0533155318462169
166.67,0.0531942677793106
166.68,0.0530718846500596
166.69,0.0529484018311896
166.7,0.05282383858332
166.71,0.0526982141500998
166.72,0.0525715476778985
166.73,0.0524438582085643
166.74,0.0523151646959589
166.75,0.0521854860564815
166.76,0.0520548411100039
166.77,0.0519232484789027
166.78,0.051790726693212
166.79,0.0516572943202099
166.8,0.0515229697788097
166.81,0.0513877712628517
166.82,0.0512517168956396
166.83,0.0511148248041093
166.84,0.0509771129613315
166.85,0.050838599192643
166.86,0.0506993012396089
166.87,0.0505592367644125
166.88,0.0504184233107622
166.89,0.0502768782149278
166.9,0.0501346187644753
166.91,0.0499916621679667
166.92,0.0498480254988257
166.93,0.049703725763074
166.94,0.0495587798264774
166.95,0.0494132044414898
166.96,0.0492670162600696
166.97,0.0491202315881347
166.98,0.0489728668337575
166.99,0.0488249382720233
167,0.0486764620298154
167.01,0.0485274540478504
167.02,0.0483779301662048
167.03,0.0482279061484926
167.04,0.0480773976091962
167.05,0.0479264200708973
167.06,0.0477749889632158
167.07,0.047623119527278
167.08,0.0474708269126863
167.09,0.0473181261322742
167.1,0.0471650319977456
167.11,0.0470115593126875
167.12,0.0468577227143746
167.13,0.0467035367161514
167.14,0.0465490154946419
167.15,0.046394173347531
167.16,0.0462390243576417
167.17,0.0460835824743741
167.18,0.0459278615422625
167.19,0.0457718752547979
167.2,0.0456156371714468
167.21,0.0454591607265086
167.22,0.0453024592621833
167.23,0.0451455459938692
167.24,0.0449884339727477
167.25,0.0448311361451403
167.26,0.0446736653337356
167.27,0.0445160341404352
167.28,0.044358254991766
167.29,0.0442003403452601
167.3,0.0440423024470007
167.31,0.0438841534058325
167.32,0.0437259052024638
167.33,0.0435675696924966
167.34,0.0434091585668932
167.35,0.0432506833896293
167.36,0.0430921555859481
167.37,0.0429335865350064
167.38,0.0427749877396241
167.39,0.0426163701635529
167.4,0.0424577448212926
167.41,0.0422991226144496
167.42,0.0421405142743891
167.43,0.04198193007532
167.44,0.041823380650428
167.45,0.0416648763158381
167.46,0.0415064272542598
167.47,0.0413480435258491
167.48,0.0411897352484203
167.49,0.0410315121662486
167.5,0.040873383990535
167.51,0.0407153603092889
167.52,0.040557450587791
167.53,0.0403996639432501
167.54,0.0402420096307569
167.55,0.0400844966810536
167.56,0.0399271339864278
167.57,0.0397699303033088
167.58,0.0396128944671804
167.59,0.0394560349647023
167.6,0.0392993601990118
167.61,0.0391428784696319
167.62,0.0389865979535147
167.63,0.03883052695075
167.64,0.0386746734509461
167.65,0.0385190453230421
167.66,0.0383636503813591
167.67,0.0382084963426644
167.68,0.0380535905854093
167.69,0.0378989405334995
167.7,0.0377445535973626
167.71,0.0375904370035744
167.72,0.0374365978712071
167.73,0.0372830431593294
167.74,0.0371297795659353
167.75,0.0369768139297258
167.76,0.0368241528691686
167.77,0.0366718028846806
167.78,0.0365197703582607
167.79,0.0363680617413228
167.8,0.0362166831910971
167.81,0.0360656407699842
167.82,0.0359149404595426
167.83,0.0357645881342786
167.84,0.0356145895368308
167.85,0.0354649502798652
167.86,0.035315675926696
167.87,0.0351667719062482
167.88,0.035018243539209
167.89,0.0348700960383088
167.9,0.0347223346789399
167.91,0.0345749644268897
167.92,0.0344279902179422
167.93,0.0342814168938144
167.94,0.0341352491995108
167.95,0.0339894919192802
167.96,0.0338441497434503
167.97,0.0336992271292859
167.98,0.0335547285341095
167.99,0.033410658339242
168,0.0332670208261973
168.01,0.033123819937681
168.02,0.0329810599031677
168.03,0.0328387447308007
168.04,0.0326968783468495
168.05,0.0325554645965899
168.06,0.0324145068677634
168.07,0.0322740086986221
168.08,0.0321339736769748
168.09,0.0319944051633569
168.1,0.0318553064136394
168.11,0.0317166805779366
168.12,0.0315785313524366
168.13,0.0314408615795027
168.14,0.0313036742204255
168.15,0.0311669722014453
168.16,0.0310307583716443
168.17,0.0308950355131922
168.18,0.0307598063958712
168.19,0.0306250736264201
168.2,0.0304908397785569
168.21,0.0303571073587476
168.22,0.0302238788077315
168.23,0.0300911564283203
168.24,0.0299589423834748
168.25,0.0298272389565529
168.26,0.0296960482778549
168.27,0.0295653724089003
168.28,0.0294352133431854
168.29,0.0293055729568608
168.3,0.029176453078177
168.31,0.0290478555018808
168.32,0.0289197819315942
168.33,0.0287922340024792
168.34,0.0286652132817
168.35,0.028538721332778
168.36,0.0284127595874184
168.37,0.0282873294223487
168.38,0.0281624321598531
168.39,0.0280380690601886
168.4,0.0279142413272628
168.41,0.0277909501815703
168.42,0.0276681966795026
168.43,0.0275459818622975
168.44,0.0274243067165824
168.45,0.0273031721753671
168.46,0.027182579073526
168.47,0.0270625281230318
168.48,0.0269430201499177
168.49,0.0268240558514631
168.5,0.0267056358718161
168.51,0.0265877608027186
168.52,0.0264704311842272
168.53,0.0263536475094042
168.54,0.0262374102290019
168.55,0.0261217197274799
168.56,0.0260065763483867
168.57,0.025891980387633
168.58,0.0257779320942366
168.59,0.0256644316710736
168.6,0.0255514792619602
168.61,0.0254390749315198
168.62,0.0253272187684328
168.63,0.0252159107869128
168.64,0.0251051509570994
168.65,0.0249949392057046
168.66,0.0248852754166587
168.67,0.0247761594383822
168.68,0.024667591098952
168.69,0.0245595701464687
168.7,0.0244520963065467
168.71,0.0243451692661702
168.72,0.0242387886743954
168.73,0.0241329541430519
168.74,0.0240276652448366
168.75,0.0239229215060554
168.76,0.0238187224364655
168.77,0.0237150675031427
168.78,0.0236119561390317
168.79,0.0235093877436234
168.8,0.0234073616836313
168.81,0.0233058772834193
168.82,0.0232049337827408
168.83,0.0231045304799532
168.84,0.0230046666041712
168.85,0.0229053413531852
168.86,0.0228065538940213
168.87,0.0227083033634957
168.88,0.0226105888683124
168.89,0.0225134094829377
168.9,0.0224167642583839
168.91,0.0223206522154903
168.92,0.022225072347572
168.93,0.0221300236209702
168.94,0.0220355049756059
168.95,0.0219415153224389
168.96,0.0218480535213379
168.97,0.0217551184531075
168.98,0.0216627089543061
168.99,0.0215708238374728
169,0.0214794618916593
169.01,0.0213886218829661
169.02,0.0212983025550763
169.03,0.0212085026297904
169.04,0.0211192208075606
169.05,0.0210304557664547
169.06,0.0209422061656315
169.07,0.0208544706451649
169.08,0.0207672478251937
169.09,0.0206805363071525
169.1,0.0205943346743041
169.11,0.0205086414922743
169.12,0.020423455309582
169.13,0.0203387746581748
169.14,0.0202545980390255
169.15,0.0201709238756444
169.16,0.0200877506998322
169.17,0.0200050769730479
169.18,0.0199229011417855
169.19,0.0198412216380583
169.2,0.0197600368798794
169.21,0.0196793452717469
169.22,0.0195991452051256
169.23,0.0195194350589302
169.24,0.0194402131050433
169.25,0.0193614777039712
169.26,0.0192832272179217
169.27,0.0192054599660949
169.28,0.0191281742560137
169.29,0.0190513683839348
169.3,0.018975040635261
169.31,0.018899189284952
169.32,0.0188238125979384
169.33,0.0187489088135675
169.34,0.0186744761260713
169.35,0.0186005128053523
169.36,0.0185270170729911
169.37,0.0184539871417828
169.38,0.0183814212161121
169.39,0.0183093174923262
169.4,0.0182376741591081
169.41,0.0181664893978502
169.42,0.0180957613830274
169.43,0.0180254882474836
169.44,0.0179556681602103
169.45,0.0178862992808609
169.46,0.0178173797551654
169.47,0.0177489077232885
169.48,0.0176808813201784
169.49,0.0176132986759183
169.5,0.0175461579160733
169.51,0.0174794571620421
169.52,0.017413194513444
169.53,0.0173473680454797
169.54,0.017281975894929
169.55,0.0172170161635778
169.56,0.0171524869500837
169.57,0.0170883863502935
169.58,0.0170247124575572
169.59,0.0169614633630458
169.6,0.016898637156067
169.61,0.0168362319243824
169.62,0.016774245658014
169.63,0.0167126764834021
169.64,0.0166515224929612
169.65,0.0165907817634734
169.66,0.0165304523710474
169.67,0.0164705323914076
169.68,0.0164110199001828
169.69,0.0163519129731966
169.7,0.0162932096867545
169.71,0.016234908117934
169.72,0.0161770063448741
169.73,0.0161195024075842
169.74,0.0160623942725816
169.75,0.0160056801101124
169.76,0.0159493579939456
169.77,0.0158934259993025
169.78,0.0158378822031033
169.79,0.0157827246842158
169.8,0.0157279515237021
169.81,0.0156735608050665
169.82,0.0156195506145041
169.83,0.0155659190411467
169.84,0.0155126641773115
169.85,0.0154597840248195
169.86,0.0154072766846245
169.87,0.0153551402918092
169.88,0.0153033729437771
169.89,0.0152519727414448
169.9,0.0152009377894549
169.91,0.0151502661963878
169.92,0.0150999560749745
169.93,0.0150500055423087
169.94,0.0150004127200603
169.95,0.0149511757346861
169.96,0.0149022927051707
169.97,0.0148537615540326
169.98,0.0148055805648674
169.99,0.0147577478705604
170,0.0147102616084716
170.01,0.0146631199205953
170.02,0.0146163209537173
170.03,0.0145698628595729
170.04,0.0145237437950054
170.05,0.0144779619221235
170.06,0.0144325154084594
170.07,0.0143874024271278
170.08,0.0143426211980685
170.09,0.0142981699355341
170.1,0.0142540467971107
170.11,0.0142102499861438
170.12,0.0141667777129231
170.13,0.0141236281948639
170.14,0.0140807996566875
170.15,0.0140382903306011
170.16,0.0139960984564785
170.17,0.0139542222820402
170.18,0.0139126600630338
170.19,0.0138714100634149
170.2,0.0138304700348691
170.21,0.0137898385012787
170.22,0.0137495137776073
170.23,0.0137094941209485
170.24,0.0136697777938177
170.25,0.0136303630641899
170.26,0.0135912482055391
170.27,0.0135524314968773
170.28,0.0135139112227929
170.29,0.0134756856734898
170.3,0.0134377531448265
170.31,0.0134001121295686
170.32,0.0133627614027433
170.33,0.0133256989110696
170.34,0.0132889230236308
170.35,0.0132524321199555
170.36,0.013216224590238
170.37,0.0131802988355562
170.38,0.0131446532680916
170.39,0.013109286311349
170.4,0.0130741964003753
170.41,0.0130393819819791
170.42,0.01300484151495
170.43,0.0129705728813982
170.44,0.0129365746161431
170.45,0.0129028453866835
170.46,0.0128693836405858
170.47,0.0128361878329279
170.48,0.0128032564262984
170.49,0.0127705878907982
170.5,0.0127381807040383
170.51,0.0127060333511417
170.52,0.0126741443247423
170.53,0.0126425121142744
170.54,0.0126111352105618
170.55,0.0125800121437748
170.56,0.0125491414347759
170.57,0.012518521611835
170.58,0.0124881512106281
170.59,0.0124580287742378
170.6,0.0124281528531532
170.61,0.0123985220052705
170.62,0.0123691347958921
170.63,0.0123399898009867
170.64,0.012311085885276
170.65,0.0122824214494902
170.66,0.0122539951036151
170.67,0.0122258054659281
170.68,0.0121978511629981
170.69,0.0121701308296855
170.7,0.0121426431091419
170.71,0.0121153866528105
170.72,0.012088360120426
170.73,0.0120615621800143
170.74,0.0120349916431553
170.75,0.0120086471830542
170.76,0.0119825274493832
170.77,0.011956631154701
170.78,0.0119309570205001
170.79,0.0119055037772077
170.8,0.0118802701641851
170.81,0.0118552549297279
170.82,0.0118304568310663
170.83,0.0118058746343646
170.84,0.0117815071207976
170.85,0.0117573530843345
170.86,0.0117334113091795
170.87,0.0117096805982844
170.88,0.0116861597635958
170.89,0.0116628476260555
170.9,0.0116397430156
170.91,0.0116168447711606
170.92,0.0115941517406637
170.93,0.0115716627810301
170.94,0.0115493767576613
170.95,0.0115272924579155
170.96,0.0115054088229764
170.97,0.0114837247411555
170.98,0.0114622391094889
170.99,0.0114409508337385
171,0.0114198588283906
171.01,0.0113989620166568
171.02,0.0113782593304739
171.03,0.0113577497105035
171.04,0.0113374321061326
171.05,0.0113173054074346
171.06,0.0112973685904771
171.07,0.0112776206555855
171.08,0.0112580605829132
171.09,0.0112386873611374
171.1,0.0112194999874583
171.11,0.0112004974675995
171.12,0.011181678815808
171.13,0.0111630430548538
171.14,0.0111445892160305
171.15,0.0111263163391547
171.16,0.0111082234725666
171.17,0.0110903096338173
171.18,0.0110725738630142
171.19,0.011055015269964
171.2,0.0110376329335646
171.21,0.0110204259410627
171.22,0.0110033933880541
171.23,0.0109865343784835
171.24,0.0109698480246446
171.25,0.01095333344718
171.26,0.0109369897750811
171.27,0.0109208161456884
171.28,0.0109048117046912
171.29,0.0108889755712739
171.3,0.0108733068137969
171.31,0.0108578046852951
171.32,0.0108424683590283
171.33,0.010827297016315
171.34,0.0108122898465322
171.35,0.0107974460471154
171.36,0.0107827648235593
171.37,0.0107682453894168
171.38,0.0107538869662994
171.39,0.0107396887838774
171.4,0.0107256500798797
171.41,0.0107117700901584
171.42,0.0106980478340688
171.43,0.0106844827432999
171.44,0.0106710740783383
171.45,0.0106578211072515
171.46,0.0106447231056888
171.47,0.0106317793568807
171.48,0.010618989151639
171.49,0.0106063517883573
171.5,0.0105938665730103
171.51,0.0105815328191542
171.52,0.0105693498479266
171.53,0.0105573169880463
171.54,0.0105454333180315
171.55,0.0105336983048636
171.56,0.0105221113316307
171.57,0.0105106717450075
171.58,0.0104993788986509
171.59,0.0104882321532001
171.6,0.0104772308762766
171.61,0.0104663744424847
171.62,0.0104556622334106
171.63,0.010445093637623
171.64,0.010434668050673
171.65,0.0104243848750941
171.66,0.010414243311157
171.67,0.0104042427788128
171.68,0.0103943827952891
171.69,0.0103846627774042
171.7,0.0103750821482913
171.71,0.0103656403373982
171.72,0.0103563367804879
171.73,0.0103471709196378
171.74,0.0103381422032407
171.75,0.0103292500860038
171.76,0.0103204940289494
171.77,0.0103118734994145
171.78,0.0103033878699936
171.79,0.0102950365174603
171.8,0.0102868190299463
171.81,0.0102787348847961
171.82,0.0102707835647636
171.83,0.0102629645580129
171.84,0.0102552773581176
171.85,0.0102477214640616
171.86,0.0102402963802382
171.87,0.010233001616451
171.88,0.0102258366054816
171.89,0.0102188008061238
171.9,0.0102118938131927
171.91,0.0102051151469306
171.92,0.010198464332327
171.93,0.0101919408991185
171.94,0.0101855443817885
171.95,0.0101792743195676
171.96,0.0101731302564333
171.97,0.0101671117411102
171.98,0.0101612182512545
171.99,0.0101554493052099
172,0.0101498045183292
172.01,0.0101442834489661
172.02,0.0101388856596694
172.03,0.0101336107171822
172.04,0.0101284581924422
172.05,0.0101234276605818
172.06,0.0101185187009279
172.07,0.0101137308970023
172.08,0.0101090637250928
172.09,0.0101045167395002
172.1,0.0101000895998846
172.11,0.0100957818939552
172.12,0.0100915932128741
172.13,0.0100875231512571
172.14,0.0100835713071731
172.15,0.0100797372821446
172.16,0.0100760206811471
172.17,0.0100724211126096
172.18,0.0100689380536015
172.19,0.0100655710956122
172.2,0.0100623199204555
172.21,0.0100591841363394
172.22,0.0100561633541012
172.23,0.0100532571872076
172.24,0.0100504652517542
172.25,0.010047787166466
172.26,0.0100452225526973
172.27,0.0100427710344315
172.28,0.0100404321114967
172.29,0.0100382054082806
172.3,0.0100360906046702
172.31,0.0100340873229391
172.32,0.0100321951872745
172.33,0.0100304138237764
172.34,0.0100287428604579
172.35,0.0100271819272454
172.36,0.0100257306559783
172.37,0.0100243886804091
172.38,0.0100231554622592
172.39,0.0100220306534621
172.4,0.0100210139459205
172.41,0.010020104965426
172.42,0.0100193033387715
172.43,0.0100186086937506
172.44,0.0100180206591581
172.45,0.0100175388647897
172.46,0.0100171629414421
172.47,0.0100168925209131
172.48,0.0100167270592667
172.49,0.0100166662236662
172.5,0.0100167096901269
172.51,0.0100168570796231
172.52,0.0100171080132659
172.53,0.0100174621123037
172.54,0.0100179189981217
172.55,0.0100184782922422
172.56,0.0100191396163245
172.57,0.0100199025921649
172.58,0.0100207666556294
172.59,0.0100217314814387
172.6,0.0100227967239532
172.61,0.0100239619908729
172.62,0.0100252268891833
172.63,0.0100265910251558
172.64,0.0100280540043477
172.65,0.0100296154316022
172.66,0.0100312749110483
172.67,0.0100330320461009
172.68,0.0100348862797674
172.69,0.0100368372582942
172.7,0.0100388845954856
172.71,0.0100410278742428
172.72,0.0100432666755376
172.73,0.0100456005784122
172.74,0.0100480291599792
172.75,0.010050551995422
172.76,0.0100531685800517
172.77,0.0100558784817302
172.78,0.0100586812901143
172.79,0.0100615765620319
172.8,0.0100645638516417
172.81,0.0100676427104334
172.82,0.010070812687228
172.83,0.0100740733281775
172.84,0.0100774241262344
172.85,0.0100808645951531
172.86,0.0100843943001888
172.87,0.0100880127679112
172.88,0.0100917195215958
172.89,0.0100955140812238
172.9,0.0100993959634825
172.91,0.0101033646817649
172.92,0.0101074197016566
172.93,0.0101115604685395
172.94,0.0101157865309312
172.95,0.0101200973781435
172.96,0.0101244924954207
172.97,0.0101289713639399
172.98,0.0101335334608106
172.99,0.0101381782590752
173,0.0101429051933671
173.01,0.0101477136194751
173.02,0.0101526030676099
173.03,0.0101575729810905
173.04,0.0101626227982049
173.05,0.01016775195221
173.06,0.0101729598713321
173.07,0.010178245978766
173.08,0.0101836096805629
173.09,0.0101890502728389
173.1,0.0101945672321981
173.11,0.0102001599505385
173.12,0.0102058278139188
173.13,0.0102115702025582
173.14,0.0102173864908364
173.15,0.010223276047294
173.16,0.0102292382346318
173.17,0.0102352722741952
173.18,0.0102413775871393
173.19,0.0102475535108476
173.2,0.0102537993722872
173.21,0.0102601144917424
173.22,0.0102664981828149
173.23,0.010272949752424
173.24,0.0102794685008066
173.25,0.0102860536099912
173.26,0.0102927043997723
173.27,0.0102994201579533
173.28,0.010306200145871
173.29,0.010313043617343
173.3,0.0103199498186667
173.31,0.0103269179886205
173.32,0.0103339473584624
173.33,0.0103410370630158
173.34,0.0103481863168865
173.35,0.0103553943505717
173.36,0.0103626603533049
173.37,0.0103699835059702
173.38,0.0103773629811023
173.39,0.0103847979428861
173.4,0.0103922875471574
173.41,0.0103998308662927
173.42,0.0104074270023486
173.43,0.0104150751246413
173.44,0.0104227743426248
173.45,0.0104305237564926
173.46,0.010438322457178
173.47,0.0104461695263538
173.48,0.0104540640364328
173.49,0.0104620049997823
173.5,0.0104699914041224
173.51,0.0104780223432399
173.52,0.0104860968403833
173.53,0.010494213908682
173.54,0.0105023725511461
173.55,0.0105105717606662
173.56,0.0105188105200139
173.57,0.0105270877708079
173.58,0.0105354023827393
173.59,0.0105437533676753
173.6,0.0105521396562238
173.61,0.0105605601680366
173.62,0.0105690138118102
173.63,0.0105774994852851
173.64,0.0105860160752463
173.65,0.0105945624466954
173.66,0.0106031373661368
173.67,0.0106117397366407
173.68,0.0106203683865401
173.69,0.0106290221313365
173.7,0.0106376997735991
173.71,0.0106464001028617
173.72,0.0106551218955211
173.73,0.0106638639147353
173.74,0.0106726249103208
173.75,0.0106814036177932
173.76,0.0106901987575727
173.77,0.0106990090404434
173.78,0.0107078331615041
173.79,0.0107166698019664
173.8,0.0107255176290519
173.81,0.0107343752958878
173.82,0.0107432414414035
173.83,0.0107521146902273
173.84,0.0107609936525822
173.85,0.0107698769333395
173.86,0.010778763124213
173.87,0.0107876507831893
173.88,0.0107965384640839
173.89,0.0108054247060267
173.9,0.0108143080333688
173.91,0.0108231869555894
173.92,0.0108320599672033
173.93,0.0108409255476676
173.94,0.010849782161289
173.95,0.0108586282676331
173.96,0.0108674623043995
173.97,0.0108762826849892
173.98,0.0108850878140493
173.99,0.0108938760808076
174,0.0109026458589891
174.01,0.0109113955067308
174.02,0.0109201233664985
174.03,0.0109288277650022
174.04,0.0109375070131123
174.05,0.010946159419165
174.06,0.0109547832610595
174.07,0.0109633767989297
174.08,0.0109719382813059
174.09,0.0109804659406512
174.1,0.0109889579932857
174.11,0.0109974126393111
174.12,0.0110058280625353
174.13,0.0110142024303969
174.14,0.0110225338938897
174.15,0.0110308206115482
174.16,0.0110390606921838
174.17,0.0110472522362994
174.18,0.0110553933310799
174.19,0.0110634820471678
174.2,0.0110715164386009
174.21,0.0110794945427488
174.22,0.01108741438025
174.23,0.0110952739549488
174.24,0.0111030712540491
174.25,0.0111108042763449
174.26,0.0111184709609801
174.27,0.0111260692477056
174.28,0.0111335970596451
174.29,0.0111410523032576
174.3,0.011148432868302
174.31,0.0111557366277995
174.32,0.0111629614379976
174.33,0.0111701051630192
174.34,0.0111771656161542
174.35,0.0111841406049594
174.36,0.0111910279221163
174.37,0.0111978253438247
174.38,0.0112045306297908
174.39,0.0112111415232152
174.4,0.0112176557507818
174.41,0.011224071076244
174.42,0.0112303851807544
174.43,0.0112365957416035
174.44,0.0112427004287143
174.45,0.0112486968965894
174.46,0.0112545827843603
174.47,0.0112603557158363
174.48,0.0112660132995535
174.49,0.0112715531320906
174.5,0.0112769727914032
174.51,0.0112822698402337
174.52,0.0112874418271635
174.53,0.0112924862858257
174.54,0.0112974007349591
174.55,0.0113021826784608
174.56,0.0113068296054396
174.57,0.0113113389622488
174.58,0.0113157082039068
174.59,0.0113199347808255
174.6,0.0113240161171591
174.61,0.011327949621755
174.62,0.0113317326881646
174.63,0.0113353626946552
174.64,0.0113388370042217
174.65,0.0113421530420932
174.66,0.0113453081759994
174.67,0.0113482996975206
174.68,0.0113511249290173
174.69,0.0113537811801721
174.7,0.0113562657481371
174.71,0.0113585759176803
174.72,0.0113607089613328
174.73,0.0113626622514477
174.74,0.0113644331308456
174.75,0.0113660187780323
174.76,0.0113674164529357
174.77,0.0113686234083569
174.78,0.0113696368903512
174.79,0.0113704541386101
174.8,0.0113710723868421
174.81,0.0113714888238832
174.82,0.011371700608694
174.83,0.0113717049805822
174.84,0.0113714991295432
174.85,0.0113710802379072
174.86,0.0113704454804889
174.87,0.011369592024737
174.88,0.0113685168037443
174.89,0.0113672170027548
174.9,0.0113656897430802
174.91,0.0113639321040996
174.92,0.0113619411497623
174.93,0.0113597139281855
174.94,0.0113572476781637
174.95,0.0113545399511211
174.96,0.0113515875604729
174.97,0.0113483876495271
174.98,0.0113449373686595
174.99,0.0113412338765281
175,0.0113372743412876
175.01,0.0113330561088128
175.02,0.0113285764188756
175.03,0.0113238325167366
175.04,0.0113188217106318
175.05,0.0113135413410869
175.06,0.0113079880794167
175.07,0.0113021592014175
175.08,0.0112960519730537
175.09,0.0112896635321702
175.1,0.0112829909954374
175.11,0.011276031696653
175.12,0.011268782727439
175.13,0.0112612411927209
175.14,0.0112534042132852
175.15,0.0112452688967173
175.16,0.0112368331035512
175.17,0.0112280939299849
175.18,0.0112190486650794
175.19,0.0112096947015345
175.2,0.0112000294777584
175.21,0.0111900502543353
175.22,0.0111797545846763
175.23,0.0111691399978165
175.24,0.0111582040570438
175.25,0.0111469443734096
175.26,0.0111353579757339
175.27,0.0111234426539348
175.28,0.011111195974065
175.29,0.0110986155055907
175.3,0.0110856988338677
175.31,0.0110724437734523
175.32,0.0110588478971483
175.33,0.0110449088957565
175.34,0.0110306244841954
175.35,0.0110159924206552
175.36,0.0110010109397971
175.37,0.0109856777536316
175.38,0.0109699908340843
175.39,0.0109539482094656
175.4,0.010937547965268
175.41,0.0109207881298644
175.42,0.0109036669376448
175.43,0.0108861826305124
175.44,0.0108683335127276
175.45,0.0108501179530228
175.46,0.0108315341481705
175.47,0.0108125806399216
175.48,0.0107932559272833
175.49,0.0107735585653299
175.5,0.0107534871675192
175.51,0.010733040601822
175.52,0.0107122175802103
175.53,0.0106910169564161
175.54,0.0106694376647796
175.55,0.01064747871646
175.56,0.0106251393538024
175.57,0.0106024187396246
175.58,0.0105793161723879
175.59,0.0105558310540452
175.6,0.0105319628846446
175.61,0.0105077111140698
175.62,0.0104830754457929
175.63,0.0104580556479978
175.64,0.0104326515750238
175.65,0.0104068631813953
175.66,0.0103806905453409
175.67,0.0103541338290002
175.68,0.0103271933047389
175.69,0.0102998693567092
175.7,0.0102721624805395
175.71,0.0102440735632746
175.72,0.0102156033424794
175.73,0.0101867527106901
175.74,0.010157522736848
175.75,0.0101279146295098
175.76,0.0100979297417844
175.77,0.0100675695782422
175.78,0.0100368357847516
175.79,0.010005730163898
175.8,0.00997425467489957
175.81,0.00994241143695724
175.82,0.00991020248969848
175.83,0.00987763015982592
175.84,0.00984469705221708
175.85,0.00981140583762471
175.86,0.00977775934276778
175.87,0.00974376056357242
175.88,0.00970941285757977
175.89,0.00967471947822958
175.9,0.009639683954584
175.91,0.0096043099917219
175.92,0.00956860147340362
175.93,0.00953256286574158
175.94,0.00949619893313269
175.95,0.00945951405337851
175.96,0.00942251313343267
175.97,0.00938520132105344
175.98,0.00934758401104171
175.99,0.00930966572145567
176,0.00927145245854735
176.01,0.00923295015063722
176.02,0.00919416484591124
176.03,0.0091551028045745
176.04,0.00911577045167556
176.05,0.00907617433360057
176.06,0.00903632138341301
176.07,0.00899621866973229
176.08,0.00895587347118036
176.09,0.00891529327719584
176.1,0.00887448630201046
176.11,0.00883346061140996
176.12,0.00879222439070305
176.13,0.0087507862110163
176.14,0.00870915489736052
176.15,0.00866733954341295
176.16,0.00862534960012948
176.17,0.00858319467273109
176.18,0.00854088468674575
176.19,0.0084984298502961
176.2,0.00845583994807338
176.21,0.00841312529071946
176.22,0.0083702967215813
176.23,0.00832736507252421
176.24,0.00828434139287561
176.25,0.00824123702487719
176.26,0.00819806336272623
176.27,0.00815483204228
176.28,0.00811155488523245
176.29,0.00806824446852747
176.3,0.0080249132055236
176.31,0.00798157365880569
176.32,0.00793823874073708
176.33,0.00789492146351207
176.34,0.00785163475162538
176.35,0.00780839223909992
176.36,0.0077652075685325
176.37,0.00772209458183106
176.38,0.00767906631898621
176.39,0.00763613682195524
176.4,0.00759332013748515
176.41,0.0075506302905918
176.42,0.00750808141973615
176.43,0.00746568777491659
176.44,0.0074234635620746
176.45,0.00738142307156171
176.46,0.00733958062686659
176.47,0.00729795115498332
176.48,0.00725654912050123
176.49,0.0072153892008669
176.5,0.00717448609924871
176.51,0.00713385401725004
176.52,0.00709350777824294
176.53,0.00705346197604832
176.54,0.00701373087646384
176.55,0.00697432804981064
176.56,0.00693526773254411
176.57,0.00689656363313441
176.58,0.00685822985528273
176.59,0.00682028052677584
176.6,0.00678272893910818
176.61,0.00674558854178455
176.62,0.00670887234490574
176.63,0.00667259330150952
176.64,0.00663676422013115
176.65,0.00660139762130329
176.66,0.00656650539013015
176.67,0.00653209947142791
176.68,0.00649819138804857
176.69,0.00646479236628643
176.7,0.00643191375880223
176.71,0.00639956605603359
176.72,0.00636775959851804
176.73,0.00633650432775652
176.74,0.00630580971977661
176.75,0.0062756850150665
176.76,0.00624613899378797
176.77,0.00621718004309388
176.78,0.00618881616039006
176.79,0.00616105484478864
176.8,0.00613390316815257
176.81,0.00610736789579282
176.82,0.00608145554660564
176.83,0.00605617185056379
176.84,0.00603152222827962
176.85,0.00600751175631089
176.86,0.00598414518639915
176.87,0.00596142662463794
176.88,0.00593935982653381
176.89,0.00591794814580452
176.9,0.00589719453306078
176.91,0.00587710144343897
176.92,0.00585767092306963
176.93,0.00583890469556151
176.94,0.00582080414501814
176.95,0.00580337006688406
176.96,0.00578660292442921
176.97,0.00577050295508342
176.98,0.00575507011950992
176.99,0.00574030377240198
177,0.00572620302821451
177.01,0.0057127667314792
177.02,0.00569999343170743
177.03,0.00568788128644193
177.04,0.00567642819292588
177.05,0.00566563174820221
177.06,0.00565548925927352
177.07,0.00564599778287366
177.08,0.0056371541037884
177.09,0.0056289548238575
177.1,0.0056213964067784
177.11,0.00561447493712883
177.12,0.00560818636203726
177.13,0.00560252648624079
177.14,0.00559749104407961
177.15,0.0055930754727556
177.16,0.00558927513124854
177.17,0.00558608521962748
177.18,0.00558350069883199
177.19,0.00558151658953303
177.2,0.00558012775089602
177.21,0.00557932893508484
177.22,0.0055791147193932
177.23,0.00557947972252118
177.24,0.00558041845395197
177.25,0.00558192536871801
177.26,0.00558399489925322
177.27,0.00558662141529572
177.28,0.00558979927250019
177.29,0.00559352280736554
177.3,0.00559778625331937
177.31,0.00560258395216818
177.32,0.00560791021443398
177.33,0.00561375936386794
177.34,0.00562012553773058
177.35,0.005627003114538
177.36,0.00563438641773579
177.37,0.00564226979814228
177.38,0.0056506475553304
177.39,0.00565951410604217
177.4,0.00566886388250729
177.41,0.00567869135817024
177.42,0.00568899101868794
177.43,0.00569975743367462
177.44,0.00571098522428709
177.45,0.0057226690703909
177.46,0.00573480360611735
177.47,0.00574738360602533
177.48,0.00576040391233977
177.49,0.00577385941741543
177.5,0.00578774500154381
177.51,0.0058020556511131
177.52,0.00581678643759173
177.53,0.00583193248145558
177.54,0.00584748897473323
177.55,0.00586345117892956
177.56,0.00587981442654813
177.57,0.00589657412618268
177.58,0.0059137257421071
177.59,0.00593126481562615
177.6,0.00594918698342744
177.61,0.00596748795266847
177.62,0.00598616345464125
177.63,0.0060052092759585
177.64,0.00602462134437045
177.65,0.00604439562883873
177.66,0.00606452816835646
177.67,0.00608501507221456
177.68,0.00610585252406895
177.69,0.00612703677821114
177.7,0.00614856418289504
177.71,0.00617043119426914
177.72,0.0061926342935679
177.73,0.0062151700634281
177.74,0.00623803514427417
177.75,0.00626122619752555
177.76,0.00628474004168528
177.77,0.00630857353802996
177.78,0.00633272360170843
177.79,0.00635718714084119
177.8,0.00638196122583567
177.81,0.00640704295201256
177.82,0.00643242949110913
177.83,0.00645811819275237
177.84,0.00648410633548772
177.85,0.00651039131766043
177.86,0.00653697061270348
177.87,0.00656384182401275
177.88,0.00659100256595353
177.89,0.00661845055394516
177.9,0.00664618358278032
177.91,0.00667419921435593
177.92,0.00670249530881451
177.93,0.00673106966473017
177.94,0.0067599203408735
177.95,0.00678904541715589
177.96,0.00681844302145667
177.97,0.00684811130791671
177.98,0.00687804860520039
177.99,0.00690825315946929
178,0.00693872312293174
178.01,0.00696945679988159
178.02,0.00700045266566445
178.03,0.00703170909355797
178.04,0.00706322456996696
178.05,0.00709499790585855
178.06,0.00712702783464864
178.07,0.00715931300741224
178.08,0.00719185209834514
178.09,0.00722464401260177
178.1,0.00725768730662548
178.11,0.00729098083292006
178.12,0.00732452344545253
178.13,0.00735831415098242
178.14,0.00739235185527345
178.15,0.00742663571306897
178.16,0.00746116489829027
178.17,0.00749593858831012
178.18,0.00753095579709056
178.19,0.00756621580235472
178.2,0.0076017177681688
178.21,0.00763746080642544
178.22,0.00767344415065486
178.23,0.00770966725990171
178.24,0.00774612944011296
178.25,0.00778283004893507
178.26,0.00781976854151742
178.27,0.00785694438680048
178.28,0.00789435709089485
178.29,0.00793200610180126
178.3,0.00796989094472015
178.31,0.00800801119788098
178.32,0.00804636637005589
178.33,0.00808495601188466
178.34,0.00812377972570267
178.35,0.00816283715624279
178.36,0.00820212796791623
178.37,0.00824165182183084
178.38,0.00828140842762716
178.39,0.00832139752259488
178.4,0.00836161885929286
178.41,0.00840207214807127
178.42,0.00844275709735107
178.43,0.00848367351848936
178.44,0.0085248212011533
178.45,0.00856619989239967
178.46,0.00860780941663963
178.47,0.00864964959015989
178.48,0.00869172025171019
178.49,0.00873402125658093
178.5,0.0087765524627638
178.51,0.00881931374473202
178.52,0.00886230490328765
178.53,0.00890552584391045
178.54,0.00894897644967217
178.55,0.00899265660749967
178.56,0.00903656621121941
178.57,0.00908070516865868
178.58,0.00912507339214313
178.59,0.00916967076061822
178.6,0.00921449720399861
178.61,0.00925955264306045
178.62,0.00930483698633703
178.63,0.00935035014116103
178.64,0.00939609203933387
178.65,0.00944206260655297
178.66,0.00948826175428291
178.67,0.00953468940888991
178.68,0.00958134549195465
178.69,0.00962822992420074
178.7,0.00967534263097848
178.71,0.00972268353021705
178.72,0.009770252540068
178.73,0.00981804957669407
178.74,0.00986607455099438
178.75,0.00991432737327413
178.76,0.00996280794969636
178.77,0.010011516182198
178.78,0.0100604519759553
178.79,0.0101096152258412
178.8,0.0101590058226229
178.81,0.0102086236531421
178.82,0.0102584686023787
178.83,0.0103085405481752
178.84,0.0103588393626594
178.85,0.0104093649129031
178.86,0.010460117061303
178.87,0.0105110956636862
178.88,0.0105623005692459
178.89,0.0106137316209388
178.9,0.010665388654743
178.91,0.010717271499631
178.92,0.0107693799773578
178.93,0.0108217139020147
178.94,0.0108742730841585
178.95,0.0109270573263018
178.96,0.0109800664196652
178.97,0.0110333001493875
178.98,0.0110867582930255
178.99,0.0111404406216121
179,0.0111943468955982
179.01,0.0112484768678931
179.02,0.0113028302828364
179.03,0.0113574068776339
179.04,0.0114122063791774
179.05,0.0114672285057603
179.06,0.011522472966715
179.07,0.0115779394639886
179.08,0.0116336276905196
179.09,0.0116895373281847
179.1,0.0117456680504361
179.11,0.0118020195216943
179.12,0.0118585913986209
179.13,0.0119153833261229
179.14,0.0119723949404008
179.15,0.0120296258680212
179.16,0.0120870757266656
179.17,0.0121447441235186
179.18,0.012202630656032
179.19,0.0122607349118271
179.2,0.0123190564694288
179.21,0.0123775948976355
179.22,0.0124363497541419
179.23,0.0124953205870893
179.24,0.0125545069349818
179.25,0.0126139083286164
179.26,0.0126735242848739
179.27,0.0127333543119547
179.28,0.0127933979078435
179.29,0.0128536545602563
179.3,0.0129141237488196
179.31,0.0129748049433276
179.32,0.0130356975999975
179.33,0.0130968011664348
179.34,0.0131581150799655
179.35,0.0132196387676014
179.36,0.0132813716487139
179.37,0.0133433131298832
179.38,0.0134054626073633
179.39,0.0134678194676173
179.4,0.0135303830867958
179.41,0.0135931528309157
179.42,0.013656128058048
179.43,0.0137193081126005
179.44,0.0137826923299774
179.45,0.0138462800352885
179.46,0.0139100705433341
179.47,0.0139740631603045
179.48,0.0140382571835202
179.49,0.0141026518962056
179.5,0.0141672465732066
179.51,0.0142320404792375
179.52,0.0142970328688863
179.53,0.0143622229892112
179.54,0.0144276100754094
179.55,0.0144931933519375
179.56,0.0145589720340715
179.57,0.0146249453271772
179.58,0.0146911124267252
179.59,0.0147574725181408
179.6,0.0148240247772106
179.61,0.0148907683697938
179.62,0.0149577024519202
179.63,0.0150248261698109
179.64,0.01509213866023
179.65,0.0151596390507298
179.66,0.0152273264579593
179.67,0.0152951999893828
179.68,0.0153632587427932
179.69,0.0154315018063323
179.7,0.0154999282605754
179.71,0.0155685371833035
179.72,0.0156373276312525
179.73,0.0157062986568026
179.74,0.0157754493032204
179.75,0.0158447786047131
179.76,0.0159142855858134
179.77,0.0159839692575396
179.78,0.0160538286287996
179.79,0.0161238626966981
179.8,0.016194070449308
179.81,0.016264450865704
179.82,0.0163350029164173
179.83,0.0164057255717627
179.84,0.0164766177812021
179.85,0.0165476784903347
179.86,0.0166189066363008
179.87,0.0166903011478403
179.88,0.0167618609453564
179.89,0.0168335849400985
179.9,0.0169054720362154
179.91,0.0169775211292761
179.92,0.017049731106702
179.93,0.0171221008478441
179.94,0.017194629224039
179.95,0.0172673151038851
179.96,0.0173401573421726
179.97,0.0174131547873964
179.98,0.0174863062809809
179.99,0.0175596106568693
180,0.0176330667416009
180.01,0.0177066733556345
180.02,0.0177804293109686
180.03,0.017854333412505
180.04,0.0179283844583234
180.05,0.0180025812395361
180.06,0.0180769225403649
180.07,0.0181514071373894
180.08,0.0182260338011547
180.09,0.0183008012957165
180.1,0.0183757083782741
180.11,0.0184507537994948
180.12,0.0185259363035894
180.13,0.0186012546283902
180.14,0.0186767075159768
180.15,0.018752293688531
180.16,0.0188280118667391
180.17,0.0189038607660381
180.18,0.0189798390962022
180.19,0.019055945561438
180.2,0.0191321788598751
180.21,0.0192085376809592
180.22,0.0192850207142751
180.23,0.0193616266418612
180.24,0.0194383541405404
180.25,0.0195152018820118
180.26,0.0195921685329365
180.27,0.0196692527593778
180.28,0.0197464532256962
180.29,0.0198237685811798
180.3,0.0199011974757613
180.31,0.019978738555152
180.32,0.0200563904609555
180.33,0.0201341518307788
180.34,0.0202120212964013
180.35,0.0202899974868764
180.36,0.0203680790287865
180.37,0.0204462645441763
180.38,0.0205245526515539
180.39,0.0206029419659948
180.4,0.020681431099248
180.41,0.0207600186725317
180.42,0.0208387032896284
180.43,0.0209174835539487
180.44,0.0209963580681984
180.45,0.0210753254327442
180.46,0.021154384245745
180.47,0.0212335331022105
180.48,0.0213127705767468
180.49,0.0213920952691895
180.5,0.0214715057663914
180.51,0.0215510006530869
180.52,0.0216305785119889
180.53,0.0217102379238852
180.54,0.0217899774729487
180.55,0.0218697957507012
180.56,0.0219496913262948
180.57,0.0220296627772056
180.58,0.0221097086799402
180.59,0.0221898276101604
180.6,0.0222700181428074
180.61,0.0223502788522265
180.62,0.0224306083173856
180.63,0.0225110051101502
180.64,0.0225914678043582
180.65,0.0226719949741855
180.66,0.0227525851939617
180.67,0.0228332370383017
180.68,0.0229139490822375
180.69,0.0229947199011761
180.7,0.0230755480712707
180.71,0.0231564321696466
180.72,0.0232373707742609
180.73,0.0233183624641383
180.74,0.0233994058195
180.75,0.0234804994218977
180.76,0.0235616418537312
180.77,0.0236428316963869
180.78,0.0237240675376151
180.79,0.0238053479649581
180.8,0.0238866715678544
180.81,0.0239680369377633
180.82,0.024049442668293
180.83,0.0241308873553249
180.84,0.0242123695994458
180.85,0.0242938880011372
180.86,0.0243754411639115
180.87,0.0244570276945067
180.88,0.0245386462026321
180.89,0.0246202953010965
180.9,0.0247019736059378
180.91,0.0247836797368303
180.92,0.0248654123169857
180.93,0.0249471699727561
180.94,0.025028951334509
180.95,0.0251107550365073
180.96,0.0251925797170378
180.97,0.0252744240185421
180.98,0.0253562865873431
180.99,0.0254381660688232
181,0.0255200611211934
181.01,0.0256019704038441
181.02,0.0256838925808361
181.03,0.0257658263210239
181.04,0.0258477702981771
181.05,0.0259297231911043
181.06,0.0260116836823236
181.07,0.0260936504609801
181.08,0.0261756222218746
181.09,0.0262575976648489
181.1,0.0263395754953508
181.11,0.0264215544245539
181.12,0.0265035331694765
181.13,0.026585510453019
181.14,0.0266674850030917
181.15,0.0267494555555029
181.16,0.0268314208516693
181.17,0.0269133796394279
181.18,0.0269953306731551
181.19,0.0270772727138835
181.2,0.0271592045294227
181.21,0.0272411248913212
181.22,0.0273230325777745
181.23,0.0274049263794457
181.24,0.02748680509122
181.25,0.0275686675151918
181.26,0.0276505124607722
181.27,0.0277323387447995
181.28,0.0278141451916483
181.29,0.027895930627294
181.3,0.0279776938925696
181.31,0.028059433835025
181.32,0.028141149309056
181.33,0.0282228391769844
181.34,0.028304502309159
181.35,0.0283861375840565
181.36,0.0284677438878375
181.37,0.0285493201128646
181.38,0.0286308651638539
181.39,0.0287123779522971
181.4,0.0287938573982498
181.41,0.028875302430428
181.42,0.0289567119863051
181.43,0.0290380850122091
181.44,0.0291194204593864
181.45,0.0292007172899451
181.46,0.0292819744786354
181.47,0.0293631910069451
181.48,0.02944436586554
181.49,0.0295254980543498
181.5,0.0296065865826588
181.51,0.029687630469192
181.52,0.0297686287313552
181.53,0.029849580410975
181.54,0.0299304845545181
181.55,0.0300113402174527
181.56,0.0300921464648828
181.57,0.0301729023716251
181.58,0.0302536070222817
181.59,0.0303342595097226
181.6,0.0304148589345114
181.61,0.0304954044131132
181.62,0.0305758950692136
181.63,0.0306563300365565
181.64,0.0307367084590111
181.65,0.0308170294906412
181.66,0.0308972922957741
181.67,0.0309774960479038
181.68,0.031057639925393
181.69,0.0311377231271794
181.7,0.0312177448582563
181.71,0.0312977043340877
181.72,0.0313776007806701
181.73,0.0314574334345946
181.74,0.0315372015431063
181.75,0.0316169043637261
181.76,0.0316965411492428
181.77,0.0317761111870702
181.78,0.0318556137655899
181.79,0.0319350481838761
181.8,0.0320144137517428
181.81,0.0320937097897884
181.82,0.0321729356294456
181.83,0.0322520906130257
181.84,0.0323311740834097
181.85,0.0324101854083185
181.86,0.032489123962436
181.87,0.0325679891303922
181.88,0.0326467803077293
181.89,0.0327254969009363
181.9,0.0328041383274851
181.91,0.0328827040158675
181.92,0.0329611934029507
181.93,0.0330396059395882
181.94,0.0331179410877466
181.95,0.0331961983198406
181.96,0.0332743771194215
181.97,0.0333524769812102
181.98,0.0334304974111313
181.99,0.0335084379263433
182,0.0335862980480456
182.01,0.0336640773138582
182.02,0.0337417752767048
182.03,0.0338193914972867
182.04,0.033896925547491
182.05,0.0339743770104128
182.06,0.0340517454803752
182.07,0.0341290305629532
182.08,0.0342062318667887
182.09,0.0342833490128764
182.1,0.0343603816451114
182.11,0.0344373294117293
182.12,0.0345141919720033
182.13,0.0345909689962519
182.14,0.0346676601658412
182.15,0.0347442651731899
182.16,0.0348207837210056
182.17,0.0348972155223867
182.18,0.0349735603037634
182.19,0.0350498178014889
182.2,0.0351259877629538
182.21,0.0352020699465865
182.22,0.0352780641218561
182.23,0.0353539700692756
182.24,0.035429787580402
182.25,0.0355055164600581
182.26,0.0355811565207917
182.27,0.0356567075875784
182.28,0.035732169496483
182.29,0.0358075420946635
182.3,0.0358828252403761
182.31,0.0359580188029774
182.32,0.0360331226629311
182.33,0.0361081366988097
182.34,0.0361830608108174
182.35,0.0362578949157431
182.36,0.0363326389356991
182.37,0.0364072928035838
182.38,0.0364818564630705
182.39,0.0365563298685927
182.4,0.0366307129853312
182.41,0.036705005784254
182.42,0.0367792082397069
182.43,0.0368533203558627
182.44,0.0369273421383308
182.45,0.0370012736031026
182.46,0.0370751147765209
182.47,0.0371488656952512
182.48,0.037222526406253
182.49,0.0372960969667491
182.5,0.0373695774620658
182.51,0.0374429679621484
182.52,0.0375162685563626
182.53,0.0375894793452568
182.54,0.0376626004398012
182.55,0.0377356319613744
182.56,0.037808574041748
182.57,0.0378814268230755
182.58,0.0379541904620453
182.59,0.0380268651230161
182.6,0.0380994509778977
182.61,0.0381719482112142
182.62,0.0382443570179203
182.63,0.0383166776033953
182.64,0.038388910183435
182.65,0.0384610549842438
182.66,0.0385331122325927
182.67,0.0386050821426039
182.68,0.0386769649894755
182.69,0.0387487610351367
182.7,0.0388204705511659
182.71,0.0388920938187437
182.72,0.0389636311286075
182.73,0.0390350827810058
182.74,0.0391064490856519
182.75,0.0391777303524894
182.76,0.0392489269135067
182.77,0.0393200391062182
182.78,0.0393910672764639
182.79,0.0394620117791748
182.8,0.0395328729783201
182.81,0.039603651246853
182.82,0.03967434696666
182.83,0.0397449605399608
182.84,0.0398154924256109
182.85,0.0398859429991301
182.86,0.0399563126861854
182.87,0.0400266019221374
182.88,0.0400968111520427
182.89,0.0401669408306517
182.9,0.0402369914224082
182.91,0.0403069634014492
182.92,0.0403768572522107
182.93,0.0404466734687869
182.94,0.0405164125539911
182.95,0.0405860750209
182.96,0.0406556613923006
182.97,0.0407251722006913
182.98,0.0407946079882827
182.99,0.0408639693069965
183,0.0409332567184684
183.01,0.0410024707079774
183.02,0.0410716118515853
183.03,0.0411406807415626
183.04,0.0412096779549142
183.05,0.041278604075065
183.06,0.0413474596916604
183.07,0.0414162454003721
183.08,0.0414849618934335
183.09,0.0415536097758649
183.1,0.0416221896616674
183.11,0.0416907021921655
183.12,0.041759148017014
183.13,0.0418275277942008
183.14,0.0418958421900448
183.15,0.0419640920092435
183.16,0.0420322779212474
183.17,0.0421004006195384
183.18,0.0421684608300389
183.19,0.0422364592893226
183.2,0.0423043967446166
183.21,0.0423722738146285
183.22,0.0424400912809892
183.23,0.0425078499211436
183.24,0.0425755504966134
183.25,0.0426431937770724
183.26,0.0427107805403447
183.27,0.0427783114702099
183.28,0.0428457873693868
183.29,0.042913209039306
183.3,0.0429805772694601
183.31,0.0430478928556412
183.32,0.0431151565999427
183.33,0.0431823694301596
183.34,0.0432495321521601
183.35,0.0433166455874181
183.36,0.0433837105878603
183.37,0.0434507280138902
183.38,0.0435176987343913
183.39,0.0435846237465488
183.4,0.0436515039285781
183.41,0.0437183401747613
183.42,0.0437851334127869
183.43,0.0438518845810245
183.44,0.0439185946285225
183.45,0.043985264312678
183.46,0.0440518946146698
183.47,0.044118486516533
183.48,0.0441850409677102
183.49,0.0442515589245774
183.5,0.0443180413504459
183.51,0.0443844891602502
183.52,0.0444509033335308
183.53,0.0445172848549042
183.54,0.0445836347037652
183.55,0.0446499538654117
183.56,0.0447162433310428
183.57,0.044782504250409
183.58,0.0448487376133093
183.59,0.0449149444215177
183.6,0.044981125717309
183.61,0.0450472825511363
183.62,0.0451134159816297
183.63,0.0451795270930208
183.64,0.0452456170183415
183.65,0.0453116868126814
183.66,0.0453777375778631
183.67,0.0454437704247948
183.68,0.0455097864734713
183.69,0.0455757868529715
183.7,0.0456417725850846
183.71,0.0457077448136784
183.72,0.0457737047067486
183.73,0.0458396534071471
183.74,0.0459055920649324
183.75,0.0459715218373719
183.76,0.0460374438700022
183.77,0.046103359248125
183.78,0.0461692691917625
183.79,0.0462351748727298
183.8,0.0463010774688079
183.81,0.0463669781637415
183.82,0.0464328781472421
183.83,0.0464987787065973
183.84,0.046564681058242
183.85,0.0466305863950072
183.86,0.0466964959497101
183.87,0.04676241096274
183.88,0.0468283326820603
183.89,0.0468942623782216
183.9,0.0469602014130568
183.91,0.0470261510108652
183.92,0.0470921124649856
183.93,0.0471580870776484
183.94,0.0472240761599737
183.95,0.0472900810319739
183.96,0.0473561029104808
183.97,0.0474221430980174
183.98,0.0474882029672572
183.99,0.0475542838481361
184,0.047620387077331
184.01,0.0476865139982583
184.02,0.0477526659422535
184.03,0.0478188440689797
184.04,0.0478850498336682
184.05,0.0479512845786457
184.06,0.048017549650516
184.07,0.0480838464001625
184.08,0.0481501761827463
184.09,0.0482165404131971
184.1,0.0482829404923393
184.11,0.0483493777785763
184.12,0.0484158536650487
184.13,0.0484823695512441
184.14,0.0485489268823362
184.15,0.0486155272284333
184.16,0.0486821719562351
184.17,0.0487488625290085
184.18,0.048815600420304
184.19,0.0488823871139544
184.2,0.0489492238081193
184.21,0.0490161120620376
184.22,0.0490830533530139
184.23,0.0491500491389943
184.24,0.0492171008817703
184.25,0.0492842099453672
184.26,0.049351377722844
184.27,0.0494186057080332
184.28,0.0494858953383988
184.29,0.0495532480513082
184.3,0.0496206653202415
184.31,0.0496881487459603
184.32,0.0497556997116439
184.33,0.0498233196929006
184.34,0.0498910101692112
184.35,0.049958772623929
184.36,0.0500266085905436
184.37,0.0500945195531838
184.38,0.0501625070120933
184.39,0.0502305724768686
184.4,0.0502987174620133
184.41,0.0503669433552984
184.42,0.0504352515702651
184.43,0.0505036436667677
184.44,0.0505721211254014
184.45,0.0506406854263442
184.46,0.050709338011018
184.47,0.0507780801443521
184.48,0.0508469133443919
184.49,0.0509158390232771
184.5,0.050984858584804
184.51,0.0510539735272699
184.52,0.051123185265771
184.53,0.051192495193334
184.54,0.0512619047215406
184.55,0.0513314152767263
184.56,0.0514010283200495
184.57,0.0514707452429664
184.58,0.0515405674624412
184.59,0.0516104963941005
184.6,0.0516805331597504
184.61,0.0517506791646803
184.62,0.0518209357630414
184.63,0.0518913042653235
184.64,0.0519617858593875
184.65,0.0520323816254033
184.66,0.0521030928607111
184.67,0.0521739207388482
184.68,0.052244866410788
184.69,0.0523159310925871
184.7,0.0523871158755044
184.71,0.052458421864095
184.72,0.0525298501449746
184.73,0.0526014017948545
184.74,0.0526730778720944
184.75,0.052744879403547
184.76,0.0528168074029279
184.77,0.0528888628370811
184.78,0.052961046205247
184.79,0.0530333585605664
184.8,0.0531058007111656
184.81,0.0531783734304378
184.82,0.0532510771993164
184.83,0.0533239124904118
184.84,0.053396879900377
184.85,0.0534699798743192
184.86,0.0535432129809494
184.87,0.0536165795426152
184.88,0.0536900798914947
184.89,0.0537637143251061
184.9,0.0538374831195653
184.91,0.0539113864614284
184.92,0.0539854245057339
184.93,0.0540595969748591
184.94,0.0541339036567772
184.95,0.0542083444511552
184.96,0.05428291905495
184.97,0.0543576265533803
184.98,0.0544324665171534
184.99,0.054507438211328
185,0.0545825408406023
185.01,0.0546577735759358
185.02,0.054733135362436
185.03,0.0548086250916816
185.04,0.0548842415467455
185.05,0.0549599834135172
185.06,0.0550358492789791
185.07,0.0551118375718875
185.08,0.0551879457176555
185.09,0.0552641720300574
185.1,0.0553405143213844
185.11,0.0554169698881792
185.12,0.0554935354913685
185.13,0.0555702084092187
185.14,0.055646985427205
185.15,0.0557238634103339
185.16,0.0558008389139875
185.17,0.0558779082589916
185.18,0.0559550674792011
185.19,0.0560323125045214
185.2,0.0561096390930792
185.21,0.0561870419235092
185.22,0.0562645159317097
185.23,0.0563420558039461
185.24,0.0564196552388162
185.25,0.0564973080077228
185.26,0.0565750075097205
185.27,0.0566527469478816
185.28,0.056730519033992
185.29,0.0568083161672266
185.3,0.0568861305011645
185.31,0.0569639538005058
185.32,0.0570417775166313
185.33,0.0571195917976448
185.34,0.0571973872431723
185.35,0.0572751538100664
185.36,0.057352879743061
185.37,0.0574305539549718
185.38,0.0575081644608398
185.39,0.0575856983894865
185.4,0.0576631426471692
185.41,0.0577404834777364
185.42,0.0578177066084769
185.43,0.0578947971665868
185.44,0.0579717396940369
185.45,0.0580485175402563
185.46,0.0581251140568549
185.47,0.0582015116891027
185.48,0.0582776912012564
185.49,0.0583536336882185
185.5,0.0584293190941779
185.51,0.0585047258199961
185.52,0.0585798322850059
185.53,0.0586546157914315
185.54,0.0587290524689974
185.55,0.0588031178823309
185.56,0.0588767864470483
185.57,0.0589500316866266
185.58,0.0590228262734667
185.59,0.0590951418172556
185.6,0.0591669490962072
185.61,0.0592382178258323
185.62,0.0593089168018829
185.63,0.0593790137721992
185.64,0.0594484751135336
185.65,0.0595172665394378
185.66,0.0595853522451438
185.67,0.0596526955147242
185.68,0.0597192586307699
185.69,0.0597850029151457
185.7,0.0598498884750283
185.71,0.0599138750691585
185.72,0.0599769210778626
185.73,0.0600389840181775
185.74,0.0601000205350202
185.75,0.0601599862717568
185.76,0.0602188359746946
185.77,0.0602765234323203
185.78,0.0603330016759534
185.79,0.0603882230692624
185.8,0.0604421388164123
185.81,0.0604947011350234
185.82,0.0605458604241417
185.83,0.060595567002001
185.84,0.0606437713884026
185.85,0.0606904229015052
185.86,0.0607354717460817
185.87,0.0607788672580482
185.88,0.0608205588814929
185.89,0.0608604971463132
185.9,0.0608986313370058
185.91,0.060934912831482
185.92,0.0609692925786836
185.93,0.0610017218542131
185.94,0.0610321544442675
185.95,0.0610605428869395
185.96,0.0610868422669662
185.97,0.0611110086533458
185.98,0.06113299828212
185.99,0.0611527710199435
186,0.0611702859622273
186.01,0.061185504968832
186.02,0.0611983921427896
186.03,0.0612089118804761
186.04,0.0612170325591642
186.05,0.0612227228831454
186.06,0.0612259541483608
186.07,0.0612267006315298
186.08,0.0612249374284849
186.09,0.0612206429034112
186.1,0.0612137974420119
186.11,0.0612043832565511
186.12,0.0611923856203545
186.13,0.061177791452668
186.14,0.061160590096582
186.15,0.0611407731243131
186.16,0.0611183343930213
186.17,0.0610932694765309
186.18,0.061065576219036
186.19,0.0610352547622904
186.2,0.061002305857855
186.21,0.0609667334898169
186.22,0.0609285426399003
186.23,0.0608877390426677
186.24,0.0608443314987505
186.25,0.0607983287304585
186.26,0.0607497408307402
186.27,0.0606985794399225
186.28,0.0606448563736093
186.29,0.0605885845853518
186.3,0.0605297775136369
186.31,0.0604684491164044
186.32,0.0604046136291246
186.33,0.0603382855785507
186.34,0.0602694795967394
186.35,0.0601982102607662
186.36,0.0601244919855378
186.37,0.060048338926508
186.38,0.0599697648472173
186.39,0.059888783053771
186.4,0.0598054061594467
186.41,0.0597196462125055
186.42,0.0596315145007898
186.43,0.0595410212936837
186.44,0.0594481763087732
186.45,0.059352987947276
186.46,0.0592554635870901
186.47,0.0591556098652102
186.48,0.0590534318733985
186.49,0.0589489336046648
186.5,0.0588421181501499
186.51,0.0587329869544585
186.52,0.0586215403227722
186.53,0.0585077775768764
186.54,0.0583916963463955
186.55,0.0582732931652456
186.56,0.0581525635403301
186.57,0.0580295013362453
186.58,0.0579040994279308
186.59,0.0577763496466621
186.6,0.0576462423348306
186.61,0.0575137670104611
186.62,0.0573789121826142
186.63,0.0572416650992442
186.64,0.0571020126124988
186.65,0.0569599404650164
186.66,0.0568154333656861
186.67,0.0566684753662099
186.68,0.0565190513192104
186.69,0.0563671439782856
186.7,0.056212736145997
186.71,0.0560558106787928
186.72,0.0558963512214236
186.73,0.0557343400224981
186.74,0.0555697598937519
186.75,0.0554025946946596
186.76,0.0552328286409644
186.77,0.0550604459331611
186.78,0.0548854317579381
186.79,0.0547077733627966
186.8,0.0545274579955986
186.81,0.0543444744180822
186.82,0.0541588130058711
186.83,0.0539704664124711
186.84,0.0537794282740259
186.85,0.0535856944893148
186.86,0.0533892633564611
186.87,0.0531901356115809
186.88,0.0529883142378122
186.89,0.0527838050481067
186.9,0.0525766166655149
186.91,0.0523667608130745
186.92,0.0521542524243106
186.93,0.0519391098095835
186.94,0.0517213541537666
186.95,0.0515010106854737
186.96,0.0512781085723386
186.97,0.0510526808082648
186.98,0.0508247630786152
186.99,0.0505943955901175
187,0.0503616234997329
187.01,0.0501264958616079
187.02,0.0498890643969905
187.03,0.0496493850297191
187.04,0.0494075197478248
187.05,0.0491635341952196
187.06,0.0489174967141592
187.07,0.0486694788965133
187.08,0.0484195594096107
187.09,0.0481678200466445
187.1,0.0479143453043853
187.11,0.0476592215576299
187.12,0.0474025429354744
187.13,0.0471444059352893
187.14,0.0468849096664417
187.15,0.046624153638448
187.16,0.0463622451949578
187.17,0.0460992931766284
187.18,0.0458354087090636
187.19,0.0455707019191104
187.2,0.0453052904800657
187.21,0.0450392925648739
187.22,0.0447728285320977
187.23,0.0445060162498211
187.24,0.0442389795772751
187.25,0.0439718426576714
187.26,0.0437047305406289
187.27,0.0434377673793856
187.28,0.0431710783503078
187.29,0.0429047900735169
187.3,0.042639028608518
187.31,0.0423739196482682
187.32,0.042109588134618
187.33,0.0418461589633296
187.34,0.0415837559236407
187.35,0.0413225017870013
187.36,0.0410625193517804
187.37,0.0408039284279983
187.38,0.0405468477280907
187.39,0.0402913941181315
187.4,0.0400376847300729
187.41,0.039785832982577
187.42,0.0395359498979356
187.43,0.0392881444852625
187.44,0.0390425250256867
187.45,0.0387991979100404
187.46,0.0385582645933003
187.47,0.0383198248927669
187.48,0.0380839766923875
187.49,0.0378508184446662
187.5,0.0376204410922786
187.51,0.0373929345339553
187.52,0.037168385762373
187.53,0.0369468827501326
187.54,0.0367285079936149
187.55,0.0365133406130618
187.56,0.0363014576836795
187.57,0.0360929347274154
187.58,0.0358878475718561
187.59,0.035686264749415
187.6,0.0354882540784034
187.61,0.035293880845852
187.62,0.035103210786506
187.63,0.0349163048076611
187.64,0.0347332216921652
187.65,0.0345540183678806
187.66,0.0343787502067724
187.67,0.034207471388993
187.68,0.0340402324727668
187.69,0.0338770827434323
187.7,0.033718069604986
187.71,0.0335632398645988
187.72,0.0334126374068171
187.73,0.0332663047390751
187.74,0.033124282867969
187.75,0.0329866114691816
187.76,0.0328533289213218
187.77,0.0327244718753869
187.78,0.0326000758221649
187.79,0.0324801750036032
187.8,0.0323648016745461
187.81,0.0322539877889519
187.82,0.0321477638848379
187.83,0.0320461594097585
187.84,0.0319492021250681
187.85,0.0318569185477117
187.86,0.0317693350257591
187.87,0.0316864765197632
187.88,0.031608366975569
187.89,0.0315350278320809
187.9,0.0314664813903091
187.91,0.0314027483335169
187.92,0.0313438483991276
187.93,0.0312897994809848
187.94,0.0312406185349487
187.95,0.031196322343556
187.96,0.0311569262783014
187.97,0.0311224445939777
187.98,0.0310928890757081
187.99,0.0310682719086462
188,0.0310486035782986
188.01,0.0310338932427612
188.02,0.0310241486558558
188.03,0.0310193765619143
188.04,0.0310195823038338
188.05,0.0310247695401806
188.06,0.0310349406622158
188.07,0.0310500967519113
188.08,0.0310702373257065
188.09,0.0310953594874275
188.1,0.0311254596108575
188.11,0.031160532085915
188.12,0.0312005694971818
188.13,0.0312455624622163
188.14,0.0312954999631855
188.15,0.0313503689868238
188.16,0.0314101546817548
188.17,0.0314748401997435
188.18,0.0315444065653218
188.19,0.0316188327642647
188.2,0.0316980956943591
188.21,0.0317821700476534
188.22,0.0318710283073854
188.23,0.031964640638422
188.24,0.0320629746214861
188.25,0.0321659957476014
188.26,0.0322736669505683
188.27,0.0323859488908408
188.28,0.0325027999092165
188.29,0.0326241755777563
188.3,0.0327500293637356
188.31,0.0328803126626333
188.32,0.0330149739402102
188.33,0.0331539594165373
188.34,0.0332972128554011
188.35,0.0334446756217342
188.36,0.0335962865852798
188.37,0.0337519820441381
188.38,0.0339116959164501
188.39,0.0340753597386043
188.4,0.0342429032705456
188.41,0.0344142532423066
188.42,0.0345893344036037
188.43,0.0347680700993587
188.44,0.0349503807730793
188.45,0.0351361850706191
188.46,0.0353253995182366
188.47,0.0355179387813888
188.48,0.0357137155547886
188.49,0.0359126403683202
188.5,0.0361146220993788
188.51,0.0363195676948974
188.52,0.0365273834632848
188.53,0.0367379731714155
188.54,0.0369512393828001
188.55,0.0371670844059692
188.56,0.0373854086233679
188.57,0.037606111559655
188.58,0.0378290913397367
188.59,0.0380542455069085
188.6,0.0382814708080011
188.61,0.0385106629274387
188.62,0.0387417169625778
188.63,0.0389745274383862
188.64,0.0392089884490814
188.65,0.039444993626877
188.66,0.0396824362000014
188.67,0.0399212094691124
188.68,0.0401612066638358
188.69,0.0404023208576906
188.7,0.0406444457495094
188.71,0.0408874755452216
188.72,0.0411313045940249
188.73,0.0413758281030922
188.74,0.041620942125083
188.75,0.0418665435672141
188.76,0.0421125296493816
188.77,0.0423587975454052
188.78,0.0426052466240687
188.79,0.0428517765209844
188.8,0.0430982874170012
188.81,0.0433446808460432
188.82,0.0435908596025765
188.83,0.0438367289701554
188.84,0.044082194255489
188.85,0.0443271628590612
188.86,0.0445715441888464
188.87,0.0448152491813954
188.88,0.0450581905784568
188.89,0.0453002812821224
188.9,0.0455414376755119
188.91,0.0457815773236461
188.92,0.0460206184255755
188.93,0.0462584819080942
188.94,0.0464950900655198
188.95,0.0467303677720752
188.96,0.0469642409965317
188.97,0.0471966378384488
188.98,0.0474274888695828
188.99,0.047656726297284
189,0.0478842845814551
189.01,0.0481100992768584
189.02,0.0483341087002602
189.03,0.0485562530763211
189.04,0.0487764737966099
189.05,0.0489947145710437
189.06,0.0492109209900104
189.07,0.0494250406397665
189.08,0.0496370228917312
189.09,0.0498468189399062
189.1,0.0500543820196177
189.11,0.0502596672404344
189.12,0.0504626315581076
189.13,0.050663233456857
189.14,0.0508614331794802
189.15,0.0510571929785245
189.16,0.0512504765380036
189.17,0.0514412491195006
189.18,0.051629477761247
189.19,0.0518151311987376
189.2,0.0519981799091128
189.21,0.0521785957153199
189.22,0.0523563520897694
189.23,0.0525314240161555
189.24,0.0527037880468315
189.25,0.0528734220762133
189.26,0.0530403047691033
189.27,0.0532044167452296
189.28,0.0533657396707869
189.29,0.0535242566457436
189.3,0.0536799517552058
189.31,0.053832810304685
189.32,0.0539828199271025
189.33,0.0541299685726312
189.34,0.0542742457421379
189.35,0.054415641479397
189.36,0.0545541473468555
189.37,0.0546897560448203
189.38,0.05482246070817
189.39,0.0549522554160317
189.4,0.0550791353011755
189.41,0.0552030965937549
189.42,0.0553241365773034
189.43,0.0554422528846014
189.44,0.0555574443739942
189.45,0.0556697110971317
189.46,0.055779053550306
189.47,0.0558854730862988
189.48,0.0559889711357633
189.49,0.0560895505723942
189.5,0.0561872146776072
189.51,0.0562819675383079
189.52,0.0563738136726549
189.53,0.0564627582321026
189.54,0.0565488075728983
189.55,0.0566319681889748
189.56,0.0567122473115641
189.57,0.0567896526378415
189.58,0.0568641925038695
189.59,0.0569358758314648
189.6,0.0570047117787283
189.61,0.0570707099000014
189.62,0.057133880348249
189.63,0.0571942337109274
189.64,0.0572517811340759
189.65,0.0573065338898294
189.66,0.0573585038096527
189.67,0.0574077034309422
189.68,0.0574541453499962
189.69,0.0574978426624511
189.7,0.057538808523794
189.71,0.0575770567306979
189.72,0.0576126012976595
189.73,0.0576454567130324
189.74,0.0576756376460493
189.75,0.057703159097201
189.76,0.0577280364291671
189.77,0.0577502852795743
189.78,0.0577699215572481
189.79,0.0577869613010011
189.8,0.0578014207154755
189.81,0.0578133163570292
189.82,0.057822664961319
189.83,0.0578294835526768
189.84,0.0578337892028994
189.85,0.0578355992652882
189.86,0.0578349316313332
189.87,0.0578318040639122
189.88,0.0578262346618584
189.89,0.0578182414119588
189.9,0.0578078428096072
189.91,0.0577950574213954
189.92,0.0577799038180844
189.93,0.0577624006209117
189.94,0.057742566740069
189.95,0.0577204211111782
189.96,0.0576959832572439
189.97,0.0576692723355928
189.98,0.0576403077895816
189.99,0.0576091092509502
190,0.0575756965107817
190.01,0.0575400894297051
190.02,0.0575023080059261
190.03,0.0574623716727157
190.04,0.0574203005780802
190.05,0.0573761146724109
190.06,0.0573298341626048
190.07,0.0572814793776119
190.08,0.0572310704479177
190.09,0.0571786276733131
190.1,0.0571241716626043
190.11,0.0570677228500232
190.12,0.0570093018336949
190.13,0.0569489292359396
190.14,0.0568866257364464
190.15,0.0568224121371013
190.16,0.0567563092536479
190.17,0.0566883374954317
190.18,0.0566185177250601
190.19,0.0565468706380701
190.2,0.056473416891616
190.21,0.0563981770981754
190.22,0.0563211718220726
190.23,0.0562424216241876
190.24,0.0561619479262409
190.25,0.0560797712773541
190.26,0.0559959125865297
190.27,0.0559103925039563
190.28,0.0558232317330845
190.29,0.0557344512605191
190.3,0.0556440719704569
190.31,0.0555521144077885
190.32,0.0554585990156596
190.33,0.0553635465813478
190.34,0.0552669776551993
190.35,0.0551689128548146
190.36,0.0550693728144816
190.37,0.054968377919772
190.38,0.0548659485834527
190.39,0.0547621052418207
190.4,0.0546568683597375
190.41,0.0545502582006536
190.42,0.0544422950456602
190.43,0.0543329990979419
190.44,0.0542223904606229
190.45,0.054110489256249
190.46,0.05399731551504
190.47,0.0538828892023588
190.48,0.0537672302160125
190.49,0.0536503583840795
190.5,0.0535322934619613
190.51,0.0534130551401194
190.52,0.053292663066446
190.53,0.0531711367685362
190.54,0.0530484957130117
190.55,0.052924759273646
190.56,0.0527999466829467
190.57,0.0526740771716046
190.58,0.0525471698470964
190.59,0.0524192437237434
190.6,0.0522903177319888
190.61,0.0521604107332901
190.62,0.0520295414446188
190.63,0.0518977285016036
190.64,0.0517649904379938
190.65,0.0516313457278313
190.66,0.0514968128001611
190.67,0.05136140986636
190.68,0.0512251550854282
190.69,0.0510880665142284
190.7,0.0509501620870547
190.71,0.0508114596206261
190.72,0.0506719768569602
190.73,0.050531731412254
190.74,0.0503907407903517
190.75,0.0502490223738036
190.76,0.0501065934283261
190.77,0.0499634711102445
190.78,0.0498196724518177
190.79,0.0496752143637469
190.8,0.049530113716798
190.81,0.049384387240437
190.82,0.0492380514847186
190.83,0.0490911229163183
190.84,0.0489436178831045
190.85,0.0487955526011078
190.86,0.0486469431718343
190.87,0.0484978055792803
190.88,0.0483481556805496
190.89,0.0481980092085272
190.9,0.0480473817041442
190.91,0.0478962886374871
190.92,0.0477447453533153
190.93,0.0475927670504963
190.94,0.0474403687943881
190.95,0.0472875655502791
190.96,0.0471343722985299
190.97,0.0469808036557371
190.98,0.0468268742022063
190.99,0.0466725983894432
191,0.046517990539718
191.01,0.0463630649186857
191.02,0.0462078356316451
191.03,0.0460523166136311
191.04,0.0458965217040457
191.05,0.0457404646174751
191.06,0.0455841589278891
191.07,0.0454276177716645
191.08,0.0452708545692917
191.09,0.0451138824442257
191.1,0.0449567143786532
191.11,0.0447993632122749
191.12,0.0446418417720087
191.13,0.0444841627696532
191.14,0.0443263385938435
191.15,0.0441683815926833
191.16,0.044010303981404
191.17,0.0438521178422984
191.18,0.0436938351568707
191.19,0.0435354677371046
191.2,0.0433770272735306
191.21,0.0432185253270462
191.22,0.0430599733271184
191.23,0.0429013826663123
191.24,0.0427427647355465
191.25,0.042584130530947
191.26,0.0424254910504408
191.27,0.0422668571772855
191.28,0.0421082396813526
191.29,0.0419496487817995
191.3,0.0417910949604427
191.31,0.0416325885860928
191.32,0.0414741398067891
191.33,0.0413157586330217
191.34,0.0411574549484608
191.35,0.0409992385440326
191.36,0.0408411189994612
191.37,0.0406831057854777
191.38,0.0405252082341804
191.39,0.0403674355383859
191.4,0.0402097971409116
191.41,0.040052302167735
191.42,0.0398949594099682
191.43,0.0397377776977468
191.44,0.0395807657530354
191.45,0.0394239321817846
191.46,0.0392672853285992
191.47,0.0391108336484103
191.48,0.0389545854056195
191.49,0.0387985487581726
191.5,0.0386427317588512
191.51,0.0384871422221811
191.52,0.0383317874055625
191.53,0.0381766752044442
191.54,0.0380218130769429
191.55,0.0378672083506047
191.56,0.0377128682214142
191.57,0.0375587999322015
191.58,0.0374050107593115
191.59,0.0372515074241882
191.6,0.0370982967310462
191.61,0.0369453853718412
191.62,0.0367927799270046
191.63,0.0366404869434894
191.64,0.036488512849596
191.65,0.0363368638871602
191.66,0.0361855462409025
191.67,0.0360345659948103
191.68,0.0358839291333694
191.69,0.0357336414402583
191.7,0.0355837086728271
191.71,0.0354341365181379
191.72,0.0352849305318242
191.73,0.0351360961691239
191.74,0.0349876387856247
191.75,0.0348395635849031
191.76,0.034691875728572
191.77,0.0345445802686023
191.78,0.0343976821516023
191.79,0.0342511862253707
191.8,0.0341050972400462
191.81,0.0339594198885676
191.82,0.0338141587138668
191.83,0.0336693181840406
191.84,0.0335249026728554
191.85,0.0333809164604202
191.86,0.0332373637496289
191.87,0.0330942487280767
191.88,0.0329515753648647
191.89,0.0328093475939441
191.9,0.0326675692622988
191.91,0.0325262441308334
191.92,0.0323853758752606
191.93,0.0322449680505425
191.94,0.0321050241343232
191.95,0.0319655475619344
191.96,0.0318265416612665
191.97,0.0316880096770904
191.98,0.0315499547717944
191.99,0.0314123800261259
192,0.0312752884474144
192.01,0.031138682953898
192.02,0.0310025663867033
192.03,0.0308669415092503
192.04,0.0307318110072767
192.05,0.0305971774895917
192.06,0.0304630434983036
192.07,0.0303294115285969
192.08,0.0301962839491955
192.09,0.0300636630784879
192.1,0.0299315511631922
192.11,0.029799950379205
192.12,0.0296688628324558
192.13,0.0295382905486017
192.14,0.0294082354897205
192.15,0.0292786995588863
192.16,0.0291496845862975
192.17,0.0290211923357912
192.18,0.0288932245056515
192.19,0.0287657827294225
192.2,0.0286388685710455
192.21,0.0285124835386398
192.22,0.028386629075505
192.23,0.0282613065630001
192.24,0.0281365173216044
192.25,0.0280122626117114
192.26,0.0278885436123024
192.27,0.0277653614023402
192.28,0.0276427170897129
192.29,0.0275206116843782
192.3,0.0273990461374615
192.31,0.027278021341881
192.32,0.0271575381329658
192.33,0.0270375973930091
192.34,0.0269181998677927
192.35,0.0267993462016984
192.36,0.0266810370307323
192.37,0.0265632729395388
192.38,0.0264460544621857
192.39,0.026329382082957
192.4,0.0262132562371409
192.41,0.026097677283956
192.42,0.025982645557342
192.43,0.0258681613559046
192.44,0.0257542249202806
192.45,0.0256408364452332
192.46,0.0255279960804004
192.47,0.0254157039310395
192.48,0.0253039600587712
192.49,0.0251927643969136
192.5,0.0250821169064273
192.51,0.0249720175386372
192.52,0.0248624661681977
192.53,0.0247534626273632
192.54,0.0246450067065998
192.55,0.0245370981551966
192.56,0.0244297366818799
192.57,0.024322922000634
192.58,0.0242166537481629
192.59,0.0241109315071055
192.6,0.0240057548404378
192.61,0.0239011232749311
192.62,0.0237970363018349
192.63,0.0236934933775555
192.64,0.0235904939243397
192.65,0.0234880373224927
192.66,0.0233861229268067
192.67,0.0232847500625577
192.68,0.0231839180202442
192.69,0.0230836260593731
192.7,0.0229838734091248
192.71,0.0228846592690242
192.72,0.0227859828096086
192.73,0.0226878430786963
192.74,0.022590239179699
192.75,0.0224931702150929
192.76,0.0223966352249706
192.77,0.0223006332211301
192.78,0.0222051631876017
192.79,0.0221102240811743
192.8,0.022015814831922
192.81,0.021921934365505
192.82,0.0218285815622723
192.83,0.0217357552720971
192.84,0.0216434543282898
192.85,0.0215516775406829
192.86,0.02146042369619
192.87,0.0213696915593666
192.88,0.0212794798729659
192.89,0.0211897873488718
192.9,0.0211006126882359
192.91,0.0210119545737983
192.92,0.0209238116652612
192.93,0.0208361826031679
192.94,0.0207490660094564
192.95,0.0206624604880083
192.96,0.0205763646252032
192.97,0.0204907769904701
192.98,0.0204056961175157
192.99,0.0203211203433057
193,0.0202370483074864
193.01,0.0201534784959964
193.02,0.0200704093782474
193.03,0.0199878394075675
193.04,0.0199057670216425
193.05,0.0198241906429586
193.06,0.0197431086792463
193.07,0.0196625195239198
193.08,0.0195824215392652
193.09,0.0195028130799889
193.1,0.0194236925096592
193.11,0.0193450581651901
193.12,0.0192669083709992
193.13,0.0191892414394303
193.14,0.0191120556711784
193.15,0.0190353493557142
193.16,0.0189591207717075
193.17,0.0188833681874522
193.18,0.0188080899188617
193.19,0.0187332841897958
193.2,0.0186589492408897
193.21,0.0185850833096983
193.22,0.0185116846262062
193.23,0.018438751413283
193.24,0.0183662818871395
193.25,0.0182942742577808
193.26,0.0182227267294632
193.27,0.0181516374219336
193.28,0.0180810043511152
193.29,0.0180108258259594
193.3,0.0179411000039962
193.31,0.0178718250362068
193.32,0.0178029990673327
193.33,0.0177346202361905
193.34,0.0176666866759825
193.35,0.0175991965146096
193.36,0.0175321478749824
193.37,0.0174655388056495
193.38,0.0173993674239345
193.39,0.0173336318537398
193.4,0.0172683301908293
193.41,0.0172034605264429
193.42,0.0171390209475577
193.43,0.0170750095371504
193.44,0.0170114243744603
193.45,0.0169482635352498
193.46,0.0168855251121242
193.47,0.0168232073679686
193.48,0.0167613082556799
193.49,0.0166998258604234
193.5,0.0166387582674753
193.51,0.0165781035625924
193.52,0.0165178598323814
193.53,0.0164580251646675
193.54,0.0163985976488634
193.55,0.0163395753763383
193.56,0.0162809562783578
193.57,0.0162227383626713
193.58,0.016164919834629
193.59,0.0161074987712587
193.6,0.0160504732509222
193.61,0.0159938413535823
193.62,0.0159376011610725
193.63,0.0158817507573624
193.64,0.0158262882288272
193.65,0.0157712116645146
193.66,0.0157165191564133
193.67,0.0156622086091915
193.68,0.0156082780646504
193.69,0.0155547257202303
193.7,0.0155015496553414
193.71,0.0154487479511036
193.72,0.0153963186905087
193.73,0.0153442599585828
193.74,0.0152925698425503
193.75,0.0152412464319945
193.76,0.0151902878190218
193.77,0.0151396920984238
193.78,0.0150894574540665
193.79,0.0150395819950403
193.8,0.0149900637928905
193.81,0.0149409009657902
193.82,0.0148920916364548
193.83,0.0148436339323483
193.84,0.0147955259858887
193.85,0.0147477659346529
193.86,0.014700351921582
193.87,0.0146532820951874
193.88,0.0146065546097548
193.89,0.0145601675815162
193.9,0.0145141191799258
193.91,0.0144684075897741
193.92,0.0144230309853886
193.93,0.014377987547415
193.94,0.0143332754630032
193.95,0.0142888929259921
193.96,0.0142448381370957
193.97,0.0142011093040887
193.98,0.0141577046419918
193.99,0.0141146223732584
194,0.0140718605796269
194.01,0.0140294175298185
194.02,0.0139872914970776
194.03,0.0139454807196775
194.04,0.0139039834427653
194.05,0.0138627979184874
194.06,0.0138219224061157
194.07,0.0137813551721714
194.08,0.0137410944905513
194.09,0.0137011386426526
194.1,0.0136614859174987
194.11,0.0136221344741497
194.12,0.0135830826623227
194.13,0.0135443288098952
194.14,0.0135058712241612
194.15,0.0134677082193997
194.16,0.0134298381169486
194.17,0.0133922592452791
194.18,0.0133549699400689
194.19,0.0133179685442774
194.2,0.0132812534082182
194.21,0.0132448228896338
194.22,0.0132086753574238
194.23,0.0131728091828379
194.24,0.0131372227461793
194.25,0.0131019144359768
194.26,0.0130668826485891
194.27,0.0130321257882799
194.28,0.012997642267293
194.29,0.0129634305059274
194.3,0.0129294889326126
194.31,0.0128958159839842
194.32,0.0128624101049585
194.33,0.0128292698184619
194.34,0.0127963935425669
194.35,0.0127637797454472
194.36,0.0127314269090166
194.37,0.0126993335240664
194.38,0.012667498090347
194.39,0.0126359191166497
194.4,0.0126045951208891
194.41,0.0125735246301845
194.42,0.0125427061809425
194.43,0.0125121383189381
194.44,0.0124818195993979
194.45,0.0124517485870804
194.46,0.0124219238563594
194.47,0.0123923439863589
194.48,0.0123630073234294
194.49,0.0123339126519133
194.5,0.0123050585756124
194.51,0.0122764437076329
194.52,0.0122480666704445
194.53,0.0122199260959397
194.54,0.0121920206254932
194.55,0.0121643489100212
194.56,0.0121369096100409
194.57,0.0121097013957293
194.58,0.0120827229469829
194.59,0.012055972953477
194.6,0.0120294501147249
194.61,0.0120031531401373
194.62,0.0119770807023143
194.63,0.0119512311689212
194.64,0.0119256035624528
194.65,0.0119001966153958
194.66,0.0118750090691849
194.67,0.0118500396742233
194.68,0.0118252871899026
194.69,0.0118007503846239
194.7,0.0117764280358171
194.71,0.0117523189299619
194.72,0.0117284218626074
194.73,0.0117047356383933
194.74,0.0116812590710696
194.75,0.0116579909835169
194.76,0.0116349302077668
194.77,0.0116120755539241
194.78,0.0115894257658832
194.79,0.0115669797949253
194.8,0.0115447365036627
194.81,0.0115226947635089
194.82,0.0115008534546839
194.83,0.0114792114662212
194.84,0.0114577676959734
194.85,0.0114365210506188
194.86,0.0114154704456672
194.87,0.0113946148054666
194.88,0.0113739530632088
194.89,0.011353484160936
194.9,0.0113332070495467
194.91,0.0113131206888023
194.92,0.0112932240144897
194.93,0.0112735159454655
194.94,0.011253995526163
194.95,0.0112346617473474
194.96,0.0112155136083521
194.97,0.011196550117074
194.98,0.0111777702899701
194.99,0.0111591731520533
195,0.0111407577368884
195.01,0.0111225230865883
195.02,0.0111044682518097
195.03,0.0110865922917498
195.04,0.0110688942741416
195.05,0.0110513732752504
195.06,0.0110340283798698
195.07,0.0110168586113846
195.08,0.0109998630071556
195.09,0.0109830407576233
195.1,0.0109663909743735
195.11,0.0109499127769765
195.12,0.0109336052929668
195.13,0.0109174676578225
195.14,0.0109014990149458
195.15,0.0108856985156419
195.16,0.0108700653190996
195.17,0.0108545985923706
195.18,0.0108392975103491
195.19,0.0108241612557524
195.2,0.0108091890190997
195.21,0.0107943799986926
195.22,0.0107797333477719
195.23,0.0107652482596192
195.24,0.0107509239959504
195.25,0.0107367597815743
195.26,0.0107227548486638
195.27,0.0107089084367262
195.28,0.0106952197925727
195.29,0.0106816881702887
195.3,0.0106683128312034
195.31,0.0106550930438604
195.32,0.010642028083987
195.33,0.0106291172344645
195.34,0.0106163597852981
195.35,0.010603755033587
195.36,0.010591302283494
195.37,0.0105790007616374
195.38,0.0105668497839995
195.39,0.0105548487180228
195.4,0.0105429968899246
195.41,0.010531293632414
195.42,0.0105197382846497
195.43,0.0105083301921962
195.44,0.0104970687069816
195.45,0.0104859531872536
195.46,0.0104749829975372
195.47,0.0104641575085913
195.48,0.0104534760973661
195.49,0.0104429381469594
195.5,0.0104325430465741
195.51,0.0104222901914751
195.52,0.0104121789081353
195.53,0.0104022086214673
195.54,0.0103923787679119
195.55,0.0103826887620824
195.56,0.0103731380241209
195.57,0.0103637259796456
195.58,0.0103544520596976
195.59,0.0103453157006885
195.6,0.0103363163443474
195.61,0.010327453437668
195.62,0.010318726432856
195.63,0.0103101347872761
195.64,0.0103016779633993
195.65,0.01029335542875
195.66,0.0102851666558533
195.67,0.0102771110814083
195.68,0.0102691882055017
195.69,0.0102613975221768
195.7,0.0102537385213072
195.71,0.0102462106973521
195.72,0.0102388135492994
195.73,0.0102315465806079
195.74,0.01022440929915
195.75,0.0102174012171541
195.76,0.0102105218511475
195.77,0.0102037707218986
195.78,0.0101971473543597
195.79,0.0101906512776094
195.8,0.0101842820247953
195.81,0.0101780391330766
195.82,0.0101719220760273
195.83,0.0101659304385211
195.84,0.010160063773144
195.85,0.0101543216294068
195.86,0.0101487035603243
195.87,0.0101432091223513
195.88,0.010137837875318
195.89,0.0101325893823664
195.9,0.0101274632098857
195.91,0.0101224589274481
195.92,0.0101175761077451
195.93,0.0101128143265229
195.94,0.0101081731625183
195.95,0.0101036521973946
195.96,0.0100992510156775
195.97,0.0100949691446548
195.98,0.0100908062124296
195.99,0.0100867618080938
196,0.0100828355227842
196.01,0.0100790269498064
196.02,0.0100753356845568
196.03,0.0100717613244438
196.04,0.0100683034688093
196.05,0.0100649617188505
196.06,0.0100617356775415
196.07,0.0100586249495543
196.08,0.0100556291394654
196.09,0.0100527478537893
196.1,0.0100499807032577
196.11,0.0100473272982793
196.12,0.0100447872505439
196.13,0.0100423601729431
196.14,0.0100400456794906
196.15,0.0100378433852434
196.16,0.0100357529062216
196.17,0.0100337738593296
196.18,0.0100319058622761
196.19,0.0100301485334953
196.2,0.0100285015058104
196.21,0.0100269643914683
196.22,0.0100255368105946
196.23,0.0100242183847725
196.24,0.0100230087360066
196.25,0.0100219074866461
196.26,0.0100209142593098
196.27,0.0100200286768097
196.28,0.0100192503620751
196.29,0.0100185789380774
196.3,0.0100180140277534
196.31,0.0100175552464309
196.32,0.0100172022055862
196.33,0.0100169545346511
196.34,0.0100168118530828
196.35,0.0100167737796192
196.36,0.0100168399321873
196.37,0.0100170099278124
196.38,0.0100172833825262
196.39,0.0100176599112761
196.4,0.0100181391202098
196.41,0.0100187206213773
196.42,0.0100194040274019
196.43,0.0100201889465506
196.44,0.0100210749853832
196.45,0.0100220617486532
196.46,0.0100231488392078
196.47,0.0100243358578883
196.48,0.0100256224034307
196.49,0.0100270080994549
196.5,0.0100284925265524
196.51,0.0100300752792984
196.52,0.0100317559504271
196.53,0.0100335341304586
196.54,0.0100354094076182
196.55,0.0100373813677564
196.56,0.0100394495942679
196.57,0.0100416136683451
196.58,0.0100438731692273
196.59,0.0100462276720925
196.6,0.010048676749984
196.61,0.0100512199731285
196.62,0.0100538569088584
196.63,0.0100565871215339
196.64,0.0100594101488245
196.65,0.0100623255351178
196.66,0.0100653328397904
196.67,0.0100684316054126
196.68,0.0100716213698529
196.69,0.0100749016661169
196.7,0.010078272022185
196.71,0.0100817319938973
196.72,0.0100852810922159
196.73,0.0100889188340717
196.74,0.010092644735616
196.75,0.0100964583090299
196.76,0.0101003590649264
196.77,0.010104346525304
196.78,0.0101084201836106
196.79,0.0101125795394985
196.8,0.0101168240889768
196.81,0.0101211533244111
196.82,0.0101255667098704
196.83,0.0101300636917713
196.84,0.0101346437664217
196.85,0.0101393063998738
196.86,0.0101440510534204
196.87,0.0101488771835942
196.88,0.010153784195145
196.89,0.0101587715219566
196.9,0.0101638386111217
196.91,0.0101689848871905
196.92,0.0101742097687526
196.93,0.0101795126684373
196.94,0.0101848929830382
196.95,0.0101903501161383
196.96,0.0101958834612819
196.97,0.0102014924054001
196.98,0.0102071763292956
196.99,0.0102129346114259
197,0.0102187666393336
197.01,0.0102246717681308
197.02,0.0102306493579671
197.03,0.0102366987632385
197.04,0.0102428193325868
197.05,0.0102490103673378
197.06,0.0102552711548996
197.07,0.010261601045751
197.08,0.0102679993481468
197.09,0.0102744653629443
197.1,0.0102809983836032
197.11,0.0102875976424733
197.12,0.0102942624113937
197.13,0.0103009919643268
197.14,0.0103077855517913
197.15,0.0103146424156842
197.16,0.0103215617892805
197.17,0.0103285429103389
197.18,0.0103355849909378
197.19,0.0103426872400758
197.2,0.0103498488589541
197.21,0.0103570690403689
197.22,0.0103643469737681
197.23,0.0103716818703827
197.24,0.010379072884046
197.25,0.0103865191805531
197.26,0.0103940199179343
197.27,0.010401574246456
197.28,0.0104091812653524
197.29,0.0104168400257379
197.3,0.0104245496874517
197.31,0.0104323093469511
197.32,0.0104401180907722
197.33,0.0104479749955297
197.34,0.010455879074271
197.35,0.0104638293522863
197.36,0.010471824888876
197.37,0.0104798647038792
197.38,0.0104879478056258
197.39,0.0104960731909363
197.4,0.0105042398766275
197.41,0.0105124468352397
197.42,0.0105206930295812
197.43,0.0105289774174713
197.44,0.0105372989458609
197.45,0.0105456565516786
197.46,0.0105540492492201
197.47,0.0105624759102056
197.48,0.0105709354484888
197.49,0.0105794267679398
197.5,0.0105879487624448
197.51,0.0105965003159065
197.52,0.0106050802611835
197.53,0.0106136872688234
197.54,0.0106223202902272
197.55,0.0106309781399974
197.56,0.0106396596202891
197.57,0.0106483635208098
197.58,0.0106570886188193
197.59,0.0106658336385715
197.6,0.0106745972685055
197.61,0.0106833782840082
197.62,0.0106921753980853
197.63,0.0107009873101005
197.64,0.0107098127057749
197.65,0.0107186502571874
197.66,0.0107274986696376
197.67,0.0107363566106335
197.68,0.010745222694896
197.69,0.0107540955508305
197.7,0.0107629737940866
197.71,0.0107718560275578
197.72,0.0107807408413815
197.73,0.0107896267390121
197.74,0.0107985122903867
197.75,0.0108073960534456
197.76,0.0108162765547506
197.77,0.0108251523071017
197.78,0.0108340218095375
197.79,0.0108428835473349
197.8,0.0108517358879498
197.81,0.0108605773318261
197.82,0.0108694063144077
197.83,0.0108782212521838
197.84,0.0108870205467976
197.85,0.0108958025850458
197.86,0.0109045657359474
197.87,0.0109133083345524
197.88,0.010922028734016
197.89,0.010930725258708
197.9,0.0109393962178951
197.91,0.0109480399057415
197.92,0.0109566546013086
197.93,0.0109652385603222
197.94,0.0109737900135696
197.95,0.0109823072044424
197.96,0.0109907883480736
197.97,0.0109992316442014
197.98,0.0110076352771693
197.99,0.0110159974159256
198,0.0110243161902917
198.01,0.0110325897206213
198.02,0.0110408161410302
198.03,0.0110489935526557
198.04,0.0110571200407302
198.05,0.0110651936745825
198.06,0.0110732125076366
198.07,0.0110811745573037
198.08,0.0110890778436817
198.09,0.0110969203755659
198.1,0.0111047001390166
198.11,0.0111124151038885
198.12,0.0111200632238301
198.13,0.0111276424362841
198.14,0.0111351506575072
198.15,0.0111425857941064
198.16,0.0111499457347249
198.17,0.0111572283512723
198.18,0.0111644314993961
198.19,0.0111715530184817
198.2,0.0111785907312493
198.21,0.0111855424384053
198.22,0.0111924059329551
198.23,0.0111991789880429
198.24,0.0112058593603718
198.25,0.0112124447901921
198.26,0.0112189330012907
198.27,0.0112253217035402
198.28,0.0112316086102367
198.29,0.0112377913867057
198.3,0.0112438676952817
198.31,0.0112498351824451
198.32,0.0112556914788526
198.33,0.011261434199367
198.34,0.0112670609484399
198.35,0.011272569340927
198.36,0.0112779569318769
198.37,0.0112832212800672
198.38,0.0112883599296307
198.39,0.0112933704101474
198.4,0.0112982502367369
198.41,0.0113029969078284
198.42,0.0113076079000455
198.43,0.0113120806896266
198.44,0.0113164127324804
198.45,0.0113206014701812
198.46,0.01132464433004
198.47,0.0113285387251764
198.48,0.01133228205711
198.49,0.0113358717188142
198.5,0.0113393050780501
198.51,0.0113425794939156
198.52,0.0113456923119709
198.53,0.0113486408643272
198.54,0.0113514224697376
198.55,0.0113540344590161
198.56,0.0113564741863525
198.57,0.0113587389062049
198.58,0.011360825901993
198.59,0.0113627324467264
198.6,0.0113644558032483
198.61,0.0113659932244796
198.62,0.0113673419638517
198.63,0.0113684992745003
198.64,0.0113694623733189
198.65,0.011370228481947
198.66,0.0113707948141848
198.67,0.0113711585762903
198.68,0.0113713169672766
198.69,0.0113712671558753
198.7,0.0113710062930597
198.71,0.0113705315716572
198.72,0.0113698401526911
198.73,0.0113689291896986
198.74,0.0113677958289216
198.75,0.0113664372094984
198.76,0.0113648505054008
198.77,0.0113630328914009
198.78,0.0113609814668186
198.79,0.011358693363621
198.8,0.0113561657104034
198.81,0.0113533956327509
198.82,0.0113503802535989
198.83,0.0113471168080257
198.84,0.0113436025216435
198.85,0.0113398344690918
198.86,0.0113358098145247
198.87,0.0113315257281509
198.88,0.011326979387015
198.89,0.0113221679757789
198.9,0.011317088641409
198.91,0.0113117385526688
198.92,0.0113061149350095
198.93,0.0113002149935775
198.94,0.0112940359425032
198.95,0.0112875750055277
198.96,0.0112808294166301
198.97,0.0112737962406672
198.98,0.0112664726352891
198.99,0.0112588559077345
199,0.011250943275137
199.01,0.0112427319588927
199.02,0.0112342191847347
199.03,0.0112254021828085
199.04,0.0112162785219643
199.05,0.0112068455731367
199.06,0.0111971005290086
199.07,0.0111870407483857
199.08,0.0111766636104878
199.09,0.0111659665159684
199.1,0.0111549468879338
199.11,0.0111436026338533
199.12,0.0111319313443507
199.13,0.0111199304706815
199.14,0.0111075976775398
199.15,0.0110949306771713
199.16,0.0110819272315984
199.17,0.0110685851548454
199.18,0.0110549018965908
199.19,0.0110408752424733
199.2,0.0110265031297566
199.21,0.0110117834095953
199.22,0.0109967139633993
199.23,0.0109812926409423
199.24,0.0109655169172487
199.25,0.0109493848695443
199.26,0.0109328943529996
199.27,0.0109160432261309
199.28,0.0108988293486784
199.29,0.0108812513601295
199.3,0.0108633078744083
199.31,0.01084499695356
199.32,0.0108263171137514
199.33,0.0108072669951565
199.34,0.0107878452656024
199.35,0.0107680508690518
199.36,0.0107478827897807
199.37,0.0107273398829516
199.38,0.0107064203111251
199.39,0.0106851234157849
199.4,0.010663448186507
199.41,0.0106413934728138
199.42,0.01061895807456
199.43,0.0105961411070696
199.44,0.0105729415961075
199.45,0.0105493593046762
199.46,0.0105253936825618
199.47,0.0105010440399059
199.48,0.0104763099319799
199.49,0.0104511917805483
199.5,0.0104256892914295
199.51,0.0103998025290652
199.52,0.0103735316709445
199.53,0.0103468768720719
199.54,0.0103198385863642
199.55,0.0102924173145804
199.56,0.0102646135859355
199.57,0.0102364279700112
199.58,0.0102078613101932
199.59,0.0101789144824333
199.6,0.0101495885569752
199.61,0.0101198849573593
199.62,0.0100898048345196
199.63,0.0100593496062934
199.64,0.0100285208692681
199.65,0.00999732087544847
199.66,0.00996575131827391
199.67,0.00993381428390928
199.68,0.00990151200216213
199.69,0.00986884715926115
199.7,0.00983582223357114
199.71,0.00980243997368545
199.72,0.00976870328846369
199.73,0.00973461537390384
199.74,0.00970017947178532
199.75,0.00966539898758829
199.76,0.00963027750681445
199.77,0.00959481899554416
199.78,0.00955902748961254
199.79,0.00952290709326208
199.8,0.0094864621543942
199.81,0.00944969737380461
199.82,0.00941261770501325
199.83,0.00937522809075344
199.84,0.00933753378822143
199.85,0.00929954027508977
199.86,0.00926125313158306
199.87,0.009222678295409
199.88,0.00918382188294567
199.89,0.00914469023544863
199.9,0.00910528986710595
199.91,0.00906562747415205
199.92,0.00902571008444468
199.93,0.00898554490657704
199.94,0.00894513937678402
199.95,0.00890450119610518
199.96,0.00886363826510976
199.97,0.00882255872736808
199.98,0.00878127096768854
199.99,0.00873978362377504
200,0.00869810559717177
200.01,0.00865624600332466
200.02,0.00861421422228982
200.03,0.00857201988768768
200.04,0.00852967269131649
200.05,0.00848718272659391
200.06,0.00844456033383797
200.07,0.00840181606604218
200.08,0.00835896062653289
200.09,0.00831600467848242
200.1,0.00827295950364241
200.11,0.00822983643785087
200.12,0.00818664702146638
200.13,0.00814340329829132
200.14,0.00810011735694119
200.15,0.00805680142870054
200.16,0.00801346804691336
200.17,0.00797012991790116
200.18,0.00792679952499422
200.19,0.00788349012185055
200.2,0.00784021494314909
200.21,0.00779698740842261
200.22,0.00775382086525511
200.23,0.00771072880779599
200.24,0.00766772512490576
200.25,0.00762482370718527
200.26,0.00758203856463204
200.27,0.00753938379012287
200.28,0.00749687361092735
200.29,0.00745452233795897
200.3,0.00741234436777678
200.31,0.00737035412684855
200.32,0.00732856605024579
200.33,0.00728699473862536
200.34,0.00724565478833277
200.35,0.00720456082864234
200.36,0.00716372709572963
200.37,0.00712316814407492
200.38,0.00708289850522903
200.39,0.00704293259986508
200.4,0.00700328472515744
200.41,0.00696396884997312
200.42,0.00692499917856632
200.43,0.0068863896557567
200.44,0.00684815408035328
200.45,0.00681030614707552
200.46,0.00677285935875398
200.47,0.00673582699637677
200.48,0.00669922215961719
200.49,0.00666305773252396
200.5,0.00662734642478282
200.51,0.00659210063427137
200.52,0.00655733252459893
200.53,0.00652305398648371
200.54,0.00648927649339013
200.55,0.00645601108167188
200.56,0.00642326871669588
200.57,0.0063910598885336
200.58,0.00635939470746751
200.59,0.00632828323350724
200.6,0.00629773486052972
200.61,0.006267758569189
200.62,0.00623836298069911
200.63,0.00620955636399759
200.64,0.00618134694090528
200.65,0.00615374198640412
200.66,0.00612674853926701
200.67,0.00610037319848909
200.68,0.0060746222756002
200.69,0.00604950162493809
200.7,0.00602501650436201
200.71,0.0060011717911758
200.72,0.00597797189950231
200.73,0.0059554212424355
200.74,0.00593352326169994
200.75,0.00591228110937342
200.76,0.00589169749210573
200.77,0.00587177486202651
200.78,0.00585251555352273
200.79,0.0058339208961991
200.8,0.00581599203720198
200.81,0.00579872970942063
200.82,0.00578213466419916
200.83,0.00576620699939813
200.84,0.00575094634647412
200.85,0.00573635207383217
200.86,0.00572242320444298
200.87,0.00570915848494535
200.88,0.00569655623569448
200.89,0.00568461447959563
200.9,0.00567333091611526
200.91,0.0056627031965733
200.92,0.00565272875407833
200.93,0.00564340441280817
200.94,0.00563472690685879
200.95,0.00562669273216466
200.96,0.00561929862772602
200.97,0.00561254067694725
200.98,0.00560641489512613
200.99,0.00560091717828732
201,0.00559604305915635
201.01,0.00559178735489538
201.02,0.00558814560191068
201.03,0.00558511282280898
201.04,0.00558268387654395
201.05,0.00558085386396628
201.06,0.00557961770571789
201.07,0.00557897006241535
201.08,0.00557890566502632
201.09,0.00557941898119475
201.1,0.0055805046659244
201.11,0.00558215730262323
201.12,0.00558437137536139
201.13,0.00558714090409568
201.14,0.00559046038560343
201.15,0.00559432409119108
201.16,0.00559872630287619
201.17,0.00560366131899319
201.18,0.00560912333741644
201.19,0.00561510658055757
201.2,0.00562160542732373
201.21,0.00562861421870005
201.22,0.00563612728693198
201.23,0.0056441390497222
201.24,0.00565264370642985
201.25,0.00566163577772659
201.26,0.00567110974039662
201.27,0.00568106008084277
201.28,0.00569148117938941
201.29,0.00570236764443306
201.3,0.00571371405663326
201.31,0.00572551509514444
201.32,0.00573776550946549
201.33,0.00575046003619586
201.34,0.00576359350545941
201.35,0.00577716081366253
201.36,0.00579115692731739
201.37,0.00580557688677536
201.38,0.00582041581010984
201.39,0.00583566885316015
201.4,0.00585133108192906
201.41,0.0058673978516621
201.42,0.00588386450464481
201.43,0.00590072644981341
201.44,0.00591797914406732
201.45,0.00593561813711338
201.46,0.00595363903945018
201.47,0.0059720375316011
201.48,0.00599080947512579
201.49,0.0060099507012378
201.5,0.00602945715665529
201.51,0.00604932487710209
201.52,0.00606954985648303
201.53,0.0060901282610482
201.54,0.00611105633848277
201.55,0.00613233039463389
201.56,0.00615394672511423
201.57,0.00617590172053608
201.58,0.0061981918777913
201.59,0.00622081372987123
201.6,0.00624376395906791
201.61,0.00626703934383561
201.62,0.0062906366324029
201.63,0.006314552697521
201.64,0.00633878449520624
201.65,0.00636332906801157
201.66,0.00638818352881896
201.67,0.00641334507767358
201.68,0.00643881094204837
201.69,0.00646457822065685
201.7,0.0064906443438692
201.71,0.00651700669809877
201.72,0.00654366273056994
201.73,0.00657061003670269
201.74,0.00659784615754804
201.75,0.00662536872965664
201.76,0.00665317544537184
201.77,0.00668126429375872
201.78,0.00670963308964644
201.79,0.00673827979831517
201.8,0.00676720246897061
201.81,0.006796399071296
201.82,0.00682586776129601
201.83,0.00685560676192094
201.84,0.00688561433819187
201.85,0.00691588863789642
201.86,0.00694642791389775
201.87,0.00697723053589667
201.88,0.00700829485135078
201.89,0.00703961940881324
201.9,0.00707120284339096
201.91,0.00710304364151877
201.92,0.00713514043417604
201.93,0.00716749196351089
201.94,0.00720009710667577
201.95,0.0072329546851178
201.96,0.00726606364544028
201.97,0.00729942291661895
201.98,0.00733303110401859
201.99,0.00736688723814841
202,0.00740099019942009
202.01,0.00743533907264723
202.02,0.00746993282145176
202.03,0.00750477040834414
202.04,0.00753985104007597
202.05,0.00757517429957641
202.06,0.00761073942777967
202.07,0.0076465459477769
202.08,0.00768259258904159
202.09,0.00771887893167115
202.1,0.00775540430772074
202.11,0.00779216803111831
202.12,0.00782916939786986
202.13,0.00786640768456179
202.14,0.00790388221109542
202.15,0.00794159303626086
202.16,0.00797953953358915
202.17,0.00801772141540639
202.18,0.00805613820103203
202.19,0.00809478954288283
202.2,0.00813367525853514
202.21,0.00817279498481008
202.22,0.00821214783548607
202.23,0.00825173346520417
202.24,0.00829155122973906
202.25,0.00833160145997716
202.26,0.00837188381014444
202.27,0.00841239803359869
202.28,0.00845314392389614
202.29,0.00849412117282083
202.3,0.00853532976945127
202.31,0.00857676965033735
202.32,0.00861844025438723
202.33,0.00866034150419156
202.34,0.00870247312470918
202.35,0.00874483500311899
202.36,0.00878742706020321
202.37,0.00883024903670931
202.38,0.00887330077579805
202.39,0.00891658229614316
202.4,0.00896009347596028
202.41,0.00900383428641357
202.42,0.0090478045277415
202.43,0.00909200409259329
202.44,0.0091364329368136
202.45,0.00918109096790955
202.46,0.00922597804928273
202.47,0.00927109407788245
202.48,0.00931643892147987
202.49,0.00936201255329516
202.5,0.009407814919707
202.51,0.00945384591826942
202.52,0.00950010548072891
202.53,0.00954659352202624
202.54,0.00959330998901541
202.55,0.00964025482575527
202.56,0.0096874279308414
202.57,0.00973482920234742
202.58,0.00978245856483684
202.59,0.00983031592236436
202.6,0.0098784012091878
202.61,0.00992671431441249
202.62,0.00997525513450889
202.63,0.0100240235815164
202.64,0.010073019568564
202.65,0.0101222429889126
202.66,0.0101716937414892
202.67,0.0102213716908384
202.68,0.0102712767354294
202.69,0.0103214087571973
202.7,0.0103717676339921
202.71,0.010422353207947
202.72,0.0104731653477505
202.73,0.010524203903076
202.74,0.01057546871529
202.75,0.0106269596402667
202.76,0.0106786765044207
202.77,0.0107306191322361
202.78,0.0107827873417313
202.79,0.0108351809553895
202.8,0.0108877997790085
202.81,0.0109406436126021
202.82,0.0109937122506405
202.83,0.0110470054709965
202.84,0.0111005230501347
202.85,0.0111542647573443
202.86,0.0112082303518829
202.87,0.0112624195835325
202.88,0.0113168321934242
202.89,0.0113714679136785
202.9,0.0114263264667466
202.91,0.011481407572828
202.92,0.0115367109412957
202.93,0.0115922362682754
202.94,0.0116479832433139
202.95,0.0117039515481264
202.96,0.0117601408552537
202.97,0.011816550827158
202.98,0.0118731811177483
202.99,0.0119300313717699
203,0.0119871012194574
203.01,0.0120443902854678
203.02,0.0121018981851718
203.03,0.0121596245230197
203.04,0.012217568893402
203.05,0.0122757308825491
203.06,0.0123341100642069
203.07,0.0123927060026097
203.08,0.0124515182516698
203.09,0.012510546356337
203.1,0.0125697898603519
203.11,0.0126292482849591
203.12,0.0126889211461117
203.13,0.0127488079498196
203.14,0.012808908193032
203.15,0.0128692213640937
203.16,0.0129297469390183
203.17,0.0129904843850261
203.18,0.0130514331595242
203.19,0.0131125927027991
203.2,0.0131739624447306
203.21,0.0132355418120554
203.22,0.0132973302168309
203.23,0.0133593270601084
203.24,0.0134215317479465
203.25,0.0134839436651419
203.26,0.0135465621834914
203.27,0.0136093866685736
203.28,0.0136724164762879
203.29,0.0137356509349319
203.3,0.0137990893819739
203.31,0.0138627311385309
203.32,0.0139265755141408
203.33,0.0139906218099262
203.34,0.0140548693368581
203.35,0.0141193173689879
203.36,0.0141839651808927
203.37,0.0142488120377956
203.38,0.0143138571913459
203.39,0.0143790998757927
203.4,0.0144445393292166
203.41,0.0145101747740117
203.42,0.0145760054224047
203.43,0.0146420304759372
203.44,0.0147082491258294
203.45,0.0147746605536326
203.46,0.0148412639302915
203.47,0.0149080584164134
203.48,0.0149750431738121
203.49,0.0150422173474438
203.5,0.0151095800694968
203.51,0.0151771304658879
203.52,0.0152448676533789
203.53,0.015312790734682
203.54,0.0153808988075789
203.55,0.0154491909604542
203.56,0.0155176662716981
203.57,0.0155863238104709
203.58,0.0156551626266455
203.59,0.0157241817712444
203.6,0.015793380282811
203.61,0.0158627571894841
203.62,0.0159323115099315
203.63,0.0160020422778289
203.64,0.0160719484880006
203.65,0.0161420291377183
203.66,0.0162122832160706
203.67,0.0162827097023396
203.68,0.0163533075511668
203.69,0.0164240757301342
203.7,0.0164950131898837
203.71,0.0165661188721034
203.72,0.0166373917119654
203.73,0.0167088306456101
203.74,0.016780434586742
203.75,0.0168522024465255
203.76,0.0169241331282475
203.77,0.0169962255247467
203.78,0.0170684785158477
203.79,0.0171408909822161
203.8,0.0172134617927245
203.81,0.0172861898080824
203.82,0.0173590738853222
203.83,0.0174321128757302
203.84,0.0175053056137142
203.85,0.0175786509303873
203.86,0.0176521476492869
203.87,0.0177257945864332
203.88,0.01779959055115
203.89,0.0178735343581096
203.9,0.0179476247965529
203.91,0.0180218606560224
203.92,0.0180962407193248
203.93,0.0181707637626244
203.94,0.0182454285555339
203.95,0.0183202338582158
203.96,0.0183951784268433
203.97,0.0184702610119063
203.98,0.0185454803567058
203.99,0.0186208351982966
204,0.0186963242675721
204.01,0.0187719462899585
204.02,0.0188476999855488
204.03,0.0189235840668468
204.04,0.0189995972413631
204.05,0.0190757382109281
204.06,0.0191520056717765
204.07,0.0192283983146839
204.08,0.019304914832883
204.09,0.019381553903627
204.1,0.0194583142032781
204.11,0.0195351944033036
204.12,0.0196121931703793
204.13,0.0196893091664969
204.14,0.0197665410499944
204.15,0.0198438874741679
204.16,0.0199213470875313
204.17,0.0199989185347391
204.18,0.0200766004563395
204.19,0.0201543914888816
204.2,0.020232290264847
204.21,0.0203102954126004
204.22,0.0203884055575132
204.23,0.02046661932107
204.24,0.0205449353212735
204.25,0.020623352172754
204.26,0.0207018684868742
204.27,0.0207804828773707
204.28,0.0208591939474305
204.29,0.0209380002999278
204.3,0.0210169005352683
204.31,0.0210958932512616
204.32,0.0211749770432385
204.33,0.0212541505041634
204.34,0.0213334122275546
204.35,0.0214127608030688
204.36,0.0214921948166965
204.37,0.0215717128539287
204.38,0.0216513134985799
204.39,0.0217309953329072
204.4,0.0218107569377325
204.41,0.0218905968928437
204.42,0.0219705137773282
204.43,0.0220505061680852
204.44,0.022130572641593
204.45,0.0222107117735279
204.46,0.0222909221388858
204.47,0.0223712023121046
204.48,0.0224515508671881
204.49,0.0225319663810034
204.5,0.0226124474258328
204.51,0.0226929925755387
204.52,0.0227736004041975
204.53,0.0228542694861423
204.54,0.0229349983960896
204.55,0.0230157857092673
204.56,0.0230966300037063
204.57,0.0231775298567248
204.58,0.023258483845473
204.59,0.0233394905491226
204.6,0.0234205485480774
204.61,0.0235016564241055
204.62,0.02358281276047
204.63,0.0236640161415854
204.64,0.0237452651529243
204.65,0.0238265583835596
204.66,0.023907894423764
204.67,0.0239892718659259
204.68,0.0240706893046791
204.69,0.0241521453370311
204.7,0.0242336385624954
204.71,0.0243151675804262
204.72,0.0243967309968868
204.73,0.0244783274192723
204.74,0.0245599554579081
204.75,0.0246416137262075
204.76,0.024723300840796
204.77,0.0248050154216378
204.78,0.024886756093374
204.79,0.0249685214833086
204.8,0.0250503102219844
204.81,0.0251321209443011
204.82,0.0252139522891705
204.83,0.0252958028996433
204.84,0.0253776714230378
204.85,0.0254595565109449
204.86,0.0255414568187314
204.87,0.025623371007683
204.88,0.0257052977433155
204.89,0.0257872356960319
204.9,0.02586918354125
204.91,0.0259511399595295
204.92,0.0260331036366993
204.93,0.0261150732594272
204.94,0.0261970475230594
204.95,0.026279025130868
204.96,0.0263610047897668
204.97,0.0264429852124073
204.98,0.0265249651172958
204.99,0.02660694322891
205,0.0266889182774463
205.01,0.0267708889964398
205.02,0.0268528541304572
205.03,0.0269348124284798
205.04,0.027016762645972
205.05,0.0270987035449947
205.06,0.0271806338943168
205.07,0.0272625524695308
205.08,0.0273444580533799
205.09,0.0274263494355233
205.1,0.0275082254126497
205.11,0.0275900847888342
205.12,0.0276719263755464
205.13,0.0277537489917671
205.14,0.0278355514640998
205.15,0.027917332626136
205.16,0.0279990913117827
205.17,0.0280808263749263
205.18,0.0281625366724063
205.19,0.0282442210690598
205.2,0.0283258784378269
205.21,0.0284075076598506
205.22,0.0284891076245802
205.23,0.0285706772230035
205.24,0.0286522153582647
205.25,0.0287337209471608
205.26,0.0288151929113248
205.27,0.0288966301809331
205.28,0.0289780316947922
205.29,0.0290593964004257
205.3,0.0291407232542024
205.31,0.0292220112219415
205.32,0.0293032592775457
205.33,0.0293844664043607
205.34,0.0294656315948949
205.35,0.029546753850906
205.36,0.0296278321834889
205.37,0.0297088656131618
205.38,0.0297898531697786
205.39,0.0298707938905812
205.4,0.0299516868260476
205.41,0.0300325310349197
205.42,0.0301133255857552
205.43,0.0301940695570132
205.44,0.0302747620371368
205.45,0.0303554021246414
205.46,0.0304359889263985
205.47,0.0305165215388127
205.48,0.0305969991020816
205.49,0.0306774207525391
205.5,0.0307577856365841
205.51,0.0308380929107393
205.52,0.0309183417417127
205.53,0.0309985313064585
205.54,0.0310786607910677
205.55,0.0311587293795057
205.56,0.0312387362864948
205.57,0.0313186807285585
205.58,0.0313985619325075
205.59,0.0314783791354859
205.6,0.0315581315850179
205.61,0.0316378185390546
205.62,0.0317174392671995
205.63,0.0317969930612969
205.64,0.031876479204556
205.65,0.0319558969990259
205.66,0.0320352457576657
205.67,0.0321145248044045
205.68,0.0321937334742021
205.69,0.0322728711131077
205.7,0.032351937077434
205.71,0.0324309307264795
205.72,0.0325098514443839
205.73,0.0325886986207892
205.74,0.0326674716565497
205.75,0.0327461699637844
205.76,0.032824792965926
205.77,0.0329033400977713
205.78,0.0329818108008918
205.79,0.0330602044881567
205.8,0.0331385206506955
205.81,0.0332167587624561
205.82,0.0332949183081177
205.83,0.0333729987830904
205.84,0.0334509996935171
205.85,0.033528920556275
205.86,0.0336067608991955
205.87,0.0336845202625937
205.88,0.0337621981945532
205.89,0.0338397942551843
205.9,0.0339173080153746
205.91,0.0339947390567917
205.92,0.0340720869718867
205.93,0.0341493513638985
205.94,0.0342265318468545
205.95,0.0343036280943534
205.96,0.0343806397302452
205.97,0.0344575664006375
205.98,0.03453440777094
205.99,0.0346111635183508
206,0.0346878333319127
206.01,0.0347644169125662
206.02,0.0348409139732033
206.03,0.0349173242174192
206.04,0.0349936473704604
206.05,0.0350698831899588
206.06,0.0351460314315482
206.07,0.0352220918624
206.08,0.0352980642612394
206.09,0.0353739484183638
206.1,0.0354497441356613
206.11,0.035525451198029
206.12,0.0356010693445272
206.13,0.0356765984584292
206.14,0.0357520383721052
206.15,0.0358273889276037
206.16,0.0359026499765635
206.17,0.0359778213801254
206.18,0.0360529030088445
206.19,0.0361278947426003
206.2,0.036202796543974
206.21,0.0362776082763347
206.22,0.036352329855167
206.23,0.0364269612070529
206.24,0.0365015022686799
206.25,0.0365759529868183
206.26,0.0366503133182934
206.27,0.0367245832299605
206.28,0.0367987628453939
206.29,0.0368728521594982
206.3,0.0369468511463605
206.31,0.0370207598425381
206.32,0.0370945782981055
206.33,0.0371683065768144
206.34,0.0372419447562561
206.35,0.0373154929280232
206.36,0.0373889510770343
206.37,0.0374623191661855
206.38,0.0375355974238327
206.39,0.0376087859564146
206.4,0.0376818848799008
206.41,0.0377548943196746
206.42,0.0378278144104176
206.43,0.0379006452959934
206.44,0.0379733871164415
206.45,0.0380460399247763
206.46,0.03811860393265
206.47,0.0381910792959832
206.48,0.03826346617572
206.49,0.0383357647374803
206.5,0.0384079751512159
206.51,0.0384800977414177
206.52,0.0385521329109638
206.53,0.0386240807598266
206.54,0.0386959415547213
206.55,0.0387677155772865
206.56,0.0388394031245134
206.57,0.0389110045091807
206.58,0.038982519993823
206.59,0.0390539499116673
206.6,0.0391252946278167
206.61,0.0391965545017032
206.62,0.0392677299076783
206.63,0.0393388212352601
206.64,0.0394098288893755
206.65,0.0394807527536833
206.66,0.0395515934879662
206.67,0.0396223514692651
206.68,0.0396930270798208
206.69,0.039763620709614
206.7,0.039834132756367
206.71,0.0399045635331266
206.72,0.0399749134298841
206.73,0.0400451828840139
206.74,0.0401153723027822
206.75,0.04018548209936
206.76,0.0402555126928222
206.77,0.0403254646587973
206.78,0.040395338778548
206.79,0.0404651353238192
206.8,0.0405348548129179
206.81,0.04060449777673
206.82,0.0406740647587224
206.83,0.0407435563149421
206.84,0.0408129729783034
206.85,0.0408823153451575
206.86,0.0409515840048347
206.87,0.0410207795585051
206.88,0.0410899026194864
206.89,0.041158953813243
206.9,0.0412279334499822
206.91,0.0412968420922609
206.92,0.0413656804624032
206.93,0.0414344491579425
206.94,0.0415031487819934
206.95,0.0415717799432539
206.96,0.0416403432694616
206.97,0.0417088394126243
206.98,0.0417772689830705
206.99,0.0418456326186918
207,0.0419139309635692
207.01,0.0419821646679725
207.02,0.0420503343883598
207.03,0.0421184412476283
207.04,0.0421864857160926
207.05,0.0422544685218349
207.06,0.0423223904101096
207.07,0.042390252137595
207.08,0.0424580544723917
207.09,0.0425257981620555
207.1,0.0425934839668165
207.11,0.0426611127057998
207.12,0.0427286851828863
207.13,0.0427962022125364
207.14,0.0428636646197883
207.15,0.0429310732402581
207.16,0.0429984285295727
207.17,0.0430657315115974
207.18,0.0431329830092968
207.19,0.043200183846088
207.2,0.0432673348515115
207.21,0.0433344368612294
207.22,0.04340149066059
207.23,0.0434684970424587
207.24,0.0435354568908176
207.25,0.0436023710482224
207.26,0.0436692403618513
207.27,0.0437360656835047
207.28,0.0438028478696053
207.29,0.0438695883661628
207.3,0.0439362877906513
207.31,0.0440029470788791
207.32,0.0440695671876509
207.33,0.0441361490850887
207.34,0.0442026937506329
207.35,0.0442692021737926
207.36,0.0443356753554077
207.37,0.0444021143095431
207.38,0.0444685200605195
207.39,0.0445348936439421
207.4,0.0446012361067004
207.41,0.0446675485069687
207.42,0.0447338312928358
207.43,0.0448000858203278
207.44,0.0448663131191467
207.45,0.0449325142122586
207.46,0.0449986901275614
207.47,0.0450648418978852
207.48,0.0451309705529286
207.49,0.0451970770960196
207.5,0.0452631625944705
207.51,0.0453292280948653
207.52,0.0453952746482168
207.53,0.0454613033099666
207.54,0.0455273151399848
207.55,0.0455933114171616
207.56,0.0456592935044976
207.57,0.0457252623098843
207.58,0.0457912189829801
207.59,0.0458571646838355
207.6,0.0459231005828934
207.61,0.0459890278609892
207.62,0.0460549477252621
207.63,0.0461208613818692
207.64,0.0461867700388327
207.65,0.0462526749219224
207.66,0.0463185772675738
207.67,0.0463844783228883
207.68,0.0464503793456334
207.69,0.0465162810884314
207.7,0.046582184956985
207.71,0.0466480922386757
207.72,0.0467140041558219
207.73,0.0467799219351702
207.74,0.0468458468078948
207.75,0.0469117800058713
207.76,0.046977722706689
207.77,0.0470436761849311
207.78,0.0471096416816027
207.79,0.0471756204414659
207.8,0.0472416137130404
207.81,0.0473076227486014
207.82,0.0473736489088867
207.83,0.0474396937675125
207.84,0.0475057584715215
207.85,0.047571844363721
207.86,0.0476379527980394
207.87,0.0477040851395239
207.88,0.0477702428550788
207.89,0.0478364273669795
207.9,0.0479026400619625
207.91,0.0479688823767154
207.92,0.0480351557616058
207.93,0.0481014616798911
207.94,0.0481678009428926
207.95,0.0482341752905263
207.96,0.0483005861188069
207.97,0.0483670348264852
207.98,0.0484335228150489
207.99,0.0485000513301595
208,0.0485666214486082
208.01,0.0486332347020956
208.02,0.0486998924122609
208.03,0.0487665958946847
208.04,0.0488333464588891
208.05,0.0489001458710159
208.06,0.0489669955111162
208.07,0.0490338966475873
208.08,0.0491008506889725
208.09,0.0491678590492976
208.1,0.0492349232117062
208.11,0.0493020457082371
208.12,0.049369227556431
208.13,0.0494364703876506
208.14,0.0495037758582109
208.15,0.049571145649379
208.16,0.0496385808296067
208.17,0.0497060821964852
208.18,0.0497736518484931
208.19,0.0498412912653371
208.2,0.0499090019226782
208.21,0.0499767852921315
208.22,0.050044642436242
208.23,0.0501125747563177
208.24,0.0501805836640742
208.25,0.0502486704755365
208.26,0.0503168365317764
208.27,0.0503850837618842
208.28,0.0504534132662603
208.29,0.0505218264471337
208.3,0.0505903247065297
208.31,0.0506589098262626
208.32,0.0507275839742557
208.33,0.0507963484112019
208.34,0.0508652048275244
208.35,0.0509341549458086
208.36,0.0510031995523981
208.37,0.0510723400519787
208.38,0.0511415782122253
208.39,0.0512109154997044
208.4,0.0512803533715102
208.41,0.0513498922289546
208.42,0.051419533770299
208.43,0.0514892791850097
208.44,0.0515591296232683
208.45,0.0516290864465411
208.46,0.0516991515055551
208.47,0.0517693256751657
208.48,0.0518396102065659
208.49,0.0519100063417328
208.5,0.0519805157493385
208.51,0.0520511399607675
208.52,0.0521218801774381
208.53,0.0521927378077458
208.54,0.052263714273089
208.55,0.0523348099655749
208.56,0.0524060264392655
208.57,0.0524773649587083
208.58,0.0525488266965722
208.59,0.0526204126479809
208.6,0.0526921230385566
208.61,0.052763959030859
208.62,0.0528359213644556
208.63,0.0529080107929559
208.64,0.0529802281341253
208.65,0.0530525739290462
208.66,0.0531250487505195
208.67,0.0531976536187645
208.68,0.0532703896780897
208.69,0.0533432574173289
208.7,0.0534162576101994
208.71,0.0534893908990138
208.72,0.0535626579698538
208.73,0.053636059565154
208.74,0.0537095963776012
208.75,0.0537832675842645
208.76,0.0538570735142081
208.77,0.0539310143975355
208.78,0.0540050901720684
208.79,0.0540792997334702
208.8,0.0541536428925032
208.81,0.0542281189825828
208.82,0.0543027273355207
208.83,0.0543774683724613
208.84,0.0544523408978489
208.85,0.054527344177548
208.86,0.0546024776811661
208.87,0.0546777415279572
208.88,0.0547531347407203
208.89,0.0548286567237853
208.9,0.0549043061354063
208.91,0.0549800810240458
208.92,0.0550559806696957
208.93,0.0551320036991169
208.94,0.055208147098882
208.95,0.0552844073908555
208.96,0.0553607820535129
208.97,0.05543726810449
208.98,0.0555138626175743
208.99,0.0555905617341673
209,0.0556673625728434
209.01,0.0557442639686069
209.02,0.0558212622126422
209.03,0.0558983541634256
209.04,0.0559755352539719
209.05,0.0560528024373591
209.06,0.0561301516536673
209.07,0.0562075754557899
209.08,0.0562850693759632
209.09,0.0563626274351097
209.1,0.0564402433045825
209.11,0.0565179101597266
209.12,0.0565956207789453
209.13,0.0566733694436386
209.14,0.05675114865285
209.15,0.0568289508593895
209.16,0.0569067681842223
209.17,0.0569845925871242
209.18,0.0570624157982368
209.19,0.0571402278470528
209.2,0.0572180185332791
209.21,0.057295778019151
209.22,0.0573734947135357
209.23,0.0574511560936824
209.24,0.0575287500445948
209.25,0.0576062636123062
209.26,0.0576836834814765
209.27,0.0577609953872523
209.28,0.0578381849150656
209.29,0.0579152378954587
209.3,0.057992138692449
209.31,0.0580688714115718
209.32,0.0581454188432573
209.33,0.0582217639268706
209.34,0.058297887507644
209.35,0.0583737691535478
209.36,0.0584493885749052
209.37,0.0585247234104335
209.38,0.058599750901537
209.39,0.0586744477685283
209.4,0.0587487908853401
209.41,0.0588227551266702
209.42,0.0588963158712031
209.43,0.0589694474440625
209.44,0.0590421230218316
209.45,0.0591143131178556
209.46,0.059185989242329
209.47,0.0592571196322666
209.48,0.0593276711971629
209.49,0.0593976106142041
209.5,0.0594669049252483
209.51,0.0595355183442969
209.52,0.0596034154491172
209.53,0.0596705608101933
209.54,0.0597369169975926
209.55,0.0598024449661412
209.56,0.0598671055826194
209.57,0.0599308581857524
209.58,0.0599936596610279
209.59,0.0600554671039196
209.6,0.0601162362857222
209.61,0.0601759217626576
209.62,0.0602344772125523
209.63,0.0602918584857172
209.64,0.0603480179117166
209.65,0.0604029081857768
209.66,0.0604564814691236
209.67,0.0605086890939693
209.68,0.0605594816139792
209.69,0.0606088091124948
209.7,0.060656621376618
209.71,0.0607028683929017
209.72,0.06074749879163
209.73,0.0607904630345026
209.74,0.0608317105717105
209.75,0.0608711907936206
209.76,0.0609088552697067
209.77,0.0609446538592346
209.78,0.0609785382957656
209.79,0.0610104608963907
209.8,0.0610403737241095
209.81,0.0610682318095646
209.82,0.0610939890629538
209.83,0.061117601442591
209.84,0.0611390271341021
209.85,0.061158224586799
209.86,0.0611751543918297
209.87,0.0611897788562946
209.88,0.0612020621116344
209.89,0.0612119697589206
209.9,0.0612194698538636
209.91,0.0612245323174675
209.92,0.0612271289626536
209.93,0.0612272340907701
209.94,0.0612248239605688
209.95,0.0612198771183523
209.96,0.0612123745618944
209.97,0.0612022992556579
209.98,0.0611896368231394
209.99,0.0611743750530355
210,0.0611565035699743
210.01,0.0611360147868021
210.02,0.0611129028347639
210.03,0.0610871639202107
210.04,0.0610587966613619
210.05,0.0610278010479314
210.06,0.0609941790844911
210.07,0.0609579347880187
210.08,0.0609190731924284
210.09,0.0608776011944089
210.1,0.0608335271590433
210.11,0.0607868602114445
210.12,0.0607376110219678
210.13,0.0606857911783368
210.14,0.0606314128310687
210.15,0.0605744891491578
210.16,0.0605150338005165
210.17,0.0604530607430746
210.18,0.0603885844102856
210.19,0.0603216193600516
210.2,0.0602521801755934
210.21,0.0601802813694317
210.22,0.0601059372849098
210.23,0.0600291620345246
210.24,0.0599499691627473
210.25,0.0598683718042296
210.26,0.0597843826157724
210.27,0.0596980132947421
210.28,0.0596092749071011
210.29,0.0595181777895802
210.3,0.0594247310514177
210.31,0.0593289429767131
210.32,0.0592308209129767
210.33,0.0591303707774403
210.34,0.0590275975460606
210.35,0.058922505131963
210.36,0.0588150958608551
210.37,0.0587053710770511
210.38,0.0585933309909854
210.39,0.0584789741659154
210.4,0.0583622981675801
210.41,0.0582432993854396
210.42,0.0581219726141566
210.43,0.0579983117132683
210.44,0.0578723093564078
210.45,0.0577439566717665
210.46,0.0576132438450399
210.47,0.0574801604436191
210.48,0.0573446942460456
210.49,0.0572068322088252
210.5,0.0570665613726183
210.51,0.0569238668763088
210.52,0.0567787333796708
210.53,0.0566311454194168
210.54,0.0564810866675378
210.55,0.056328540194619
210.56,0.0561734891136989
210.57,0.0560159165176846
210.58,0.0558558049257806
210.59,0.0556931371749359
210.6,0.0555278968719246
210.61,0.0553600672457764
210.62,0.0551896322000771
210.63,0.055016577108222
210.64,0.0548408873544361
210.65,0.0546625495357248
210.66,0.0544815518778104
210.67,0.0542978837363537
210.68,0.0541115358099803
210.69,0.0539225006300172
210.7,0.0537307729636334
210.71,0.0535363491708268
210.72,0.0533392279663958
210.73,0.0531394106366258
210.74,0.052936901010224
210.75,0.0527317055587483
210.76,0.0525238337183183
210.77,0.0523132978804685
210.78,0.0521001138253636
210.79,0.051884300701599
210.8,0.0516658808532039
210.81,0.0514448802462519
210.82,0.0512213289832511
210.83,0.0509952609253458
210.84,0.0507667126540017
210.85,0.0505357261941296
210.86,0.0503023473303912
210.87,0.0500666253387982
210.88,0.0498286133456401
210.89,0.0495883697905701
210.9,0.0493459570917582
210.91,0.0491014388687827
210.92,0.048854886702393
210.93,0.048606375314931
210.94,0.0483559838506153
210.95,0.0481037922381067
210.96,0.0478498855989866
210.97,0.0475943553709579
210.98,0.0473372957870417
210.99,0.0470788033856408
211,0.0468189741116699
211.01,0.046557913976804
211.02,0.0462957298445617
211.03,0.0460325318525309
211.04,0.0457684267504199
211.05,0.0455035307333943
211.06,0.0452379605857083
211.07,0.0449718351874404
211.08,0.0447052729269586
211.09,0.0444383941952901
211.1,0.0441713230753405
211.11,0.0439041838383284
211.12,0.0436371012499654
211.13,0.0433701987574124
211.14,0.0431036033213375
211.15,0.0428374410553541
211.16,0.0425718381279585
211.17,0.0423069193922327
211.18,0.0420428103401185
211.19,0.0417796355588493
211.2,0.041517518637957
211.21,0.0412565826197533
211.22,0.0409969492493945
211.23,0.0407387381299527
211.24,0.0404820674535981
211.25,0.0402270534769855
211.26,0.0399738137970063
211.27,0.0397224609801471
211.28,0.0394731052558887
211.29,0.0392258549299034
211.3,0.0389808160008853
211.31,0.0387380979212003
211.32,0.0384977998202647
211.33,0.0382600208612089
211.34,0.0380248573529103
211.35,0.0377924047125969
211.36,0.0375627594316066
211.37,0.0373360083021575
211.38,0.0371122380382812
211.39,0.0368915324519062
211.4,0.0366739757823926
211.41,0.0364596490753145
211.42,0.0362486276342142
211.43,0.0360409855801063
211.44,0.0358367942520531
211.45,0.0356361272687233
211.46,0.0354390511247548
211.47,0.0352456301937026
211.48,0.0350559270041398
211.49,0.0348700019451092
211.5,0.0346879168534357
211.51,0.0345097264641374
211.52,0.0343354851389846
211.53,0.0341652451330388
211.54,0.0339990574567812
211.55,0.0338369723971735
211.56,0.0336790360795759
211.57,0.0335252938028462
211.58,0.0333757891513844
211.59,0.0332305650764706
211.6,0.0330896627417159
211.61,0.03295312112996
211.62,0.0328209782694539
211.63,0.0326932708862434
211.64,0.0325700331618611
211.65,0.0324512992843779
211.66,0.0323371020326242
211.67,0.0322274729031707
211.68,0.0321224421200653
211.69,0.0320220374251272
211.7,0.0319262873014614
211.71,0.0318352184965455
211.72,0.031748856734268
211.73,0.0316672264308909
211.74,0.0315903505361937
211.75,0.0315182517660432
211.76,0.0314509515586022
211.77,0.0313884700865999
211.78,0.031330826243362
211.79,0.0312780385126494
211.8,0.0312301241736293
211.81,0.0311870989995122
211.82,0.0311489774086873
211.83,0.031115773551977
211.84,0.0310875001770143
211.85,0.0310641683586944
211.86,0.0310457878314635
211.87,0.0310323677935247
211.88,0.031023915910045
211.89,0.0310204381981611
211.9,0.0310219393292014
211.91,0.0310284229392404
211.92,0.0310398911025012
211.93,0.0310563441125074
211.94,0.0310777808151848
211.95,0.0311041987228267
211.96,0.0311355936426788
211.97,0.0311719592615883
211.98,0.0312132877122966
211.99,0.0312595695558124
212,0.0313107933922434
212.01,0.031366945564726
212.02,0.0314280106361463
212.03,0.0314939712359257
212.04,0.0315648078310818
212.05,0.0316404987281634
212.06,0.0317210200463945
212.07,0.0318063456574417
212.08,0.0318964474318941
212.09,0.0319912950694033
212.1,0.0320908556895136
212.11,0.032195094221681
212.12,0.0323039732880453
212.13,0.0324174530627266
212.14,0.032535491305365
212.15,0.0326580431832667
212.16,0.0327850614745498
212.17,0.0329164963625023
212.18,0.0330522960465581
212.19,0.0331924057366936
212.2,0.0333367681959473
212.21,0.033485324329646
212.22,0.0336380124591654
212.23,0.0337947682423516
212.24,0.0339555252318251
212.25,0.0341202147534539
212.26,0.034288765622465
212.27,0.0344611044300499
212.28,0.0346371554678363
212.29,0.0348168407890684
212.3,0.0350000802255307
212.31,0.0351867920383116
212.32,0.0353768918014073
212.33,0.0355702932128748
212.34,0.0357669089249338
212.35,0.0359666491904075
212.36,0.0361694225352408
212.37,0.036375136123957
212.38,0.03658369559056
212.39,0.0367950049774829
212.4,0.0370089668930606
212.41,0.0372254824470648
212.42,0.0374444516844806
212.43,0.0376657734061524
212.44,0.0378893455850398
212.45,0.0381150648635481
212.46,0.0383428270500901
212.47,0.0385725284598812
212.48,0.0388040636526356
212.49,0.0390373271131179
212.5,0.0392722131090218
212.51,0.0395086156685371
212.52,0.0397464287266924
212.53,0.0399855454416319
212.54,0.040225858589588
212.55,0.0404672617056439
212.56,0.0407096484499717
212.57,0.0409529136548601
212.58,0.0411969514729908
212.59,0.0414416570375565
212.6,0.0416869263909175
212.61,0.0419326562109952
212.62,0.0421787442042627
212.63,0.0424250872986561
212.64,0.042671584694144
212.65,0.0429181362556243
212.66,0.0431646429229896
212.67,0.0434110067037506
212.68,0.0436571307207622
212.69,0.0439029200027062
212.7,0.044148281597307
212.71,0.0443931233780954
212.72,0.0446373550362055
212.73,0.0448808870106338
212.74,0.0451236326629446
212.75,0.0453655067330107
212.76,0.0456064243588677
212.77,0.0458463037405478
212.78,0.046085064402016
212.79,0.0463226271691602
212.8,0.0465589148662386
212.81,0.0467938520541781
212.82,0.0470273658042123
212.83,0.0472593852074539
212.84,0.0474898408725579
212.85,0.0477186654249108
212.86,0.0479457930799888
212.87,0.0481711607429525
212.88,0.0483947071917305
212.89,0.0486163735474231
212.9,0.0488361029462566
212.91,0.0490538394233909
212.92,0.049269527485375
212.93,0.0494831145402932
212.94,0.0496945507168096
212.95,0.0499037869357019
212.96,0.0501107761023813
212.97,0.0503154756558438
212.98,0.0505178435794465
212.99,0.0507178395702126
213,0.050915423960954
213.01,0.0511105607663043
213.02,0.0513032128067028
213.03,0.0514933448274778
213.04,0.0516809230323762
213.05,0.0518659184777353
213.06,0.0520483005952712
213.07,0.0522280417204702
213.08,0.0524051162431404
213.09,0.0525795003041848
213.1,0.0527511697866758
213.11,0.0529201034275607
213.12,0.0530862816857703
213.13,0.0532496847839868
213.14,0.0534102942581901
213.15,0.0535680933565141
213.16,0.0537230669762735
213.17,0.0538752017002211
213.18,0.0540244841475143
213.19,0.0541709025651426
213.2,0.0543144463638827
213.21,0.054455106086061
213.22,0.0545928733324094
213.23,0.0547277405477622
213.24,0.0548597014327675
213.25,0.0549887505887365
213.26,0.0551148835218784
213.27,0.0552380966959072
213.28,0.0553583874428716
213.29,0.0554757542670928
213.3,0.0555901962739611
213.31,0.055701713504636
213.32,0.0558103063932995
213.33,0.055915976341058
213.34,0.056018725434513
213.35,0.0561185566361627
213.36,0.0562154735243713
213.37,0.0563094802128144
213.38,0.0564005816540687
213.39,0.0564887835025538
213.4,0.0565740918972166
213.41,0.0566565135321019
213.42,0.0567360554173282
213.43,0.0568127253704551
213.44,0.0568865316173387
213.45,0.0569574831046444
213.46,0.0570255889981068
213.47,0.0570908589988773
213.48,0.0571533037093826
213.49,0.0572129338310502
213.5,0.0572697606648394
213.51,0.0573237958139956
213.52,0.0573750513894949
213.53,0.0574235399537459
213.54,0.0574692742204754
213.55,0.0575122671588162
213.56,0.0575525322255217
213.57,0.0575900831875847
213.58,0.0576249343293283
213.59,0.0576570999202252
213.6,0.0576865946558177
213.61,0.0577134337910007
213.62,0.0577376326007975
213.63,0.057759206753899
213.64,0.0577781719745182
213.65,0.0577945444128953
213.66,0.0578083404263578
213.67,0.0578195766737118
213.68,0.0578282700524585
213.69,0.0578344376263731
213.7,0.0578380967136005
213.71,0.0578392648603114
213.72,0.0578379598056402
213.73,0.0578341994820156
213.74,0.0578280017474786
213.75,0.0578193848472462
213.76,0.0578083670757649
213.77,0.0577949670110242
213.78,0.0577792032809616
213.79,0.057761094613374
213.8,0.0577406600205485
213.81,0.0577179187569747
213.82,0.0576928900569792
213.83,0.0576655933263322
213.84,0.057636047873434
213.85,0.0576042734122305
213.86,0.0575702896687892
213.87,0.0575341163393564
213.88,0.0574957731843468
213.89,0.0574552801312961
213.9,0.0574126571055672
213.91,0.0573679245372083
213.92,0.057321102505354
213.93,0.0572722112950128
213.94,0.0572212712819324
213.95,0.0571683029245515
213.96,0.0571133267551558
213.97,0.0570563633832464
213.98,0.0569974331223624
213.99,0.0569365563943315
214,0.0568737537755541
214.01,0.0568090457491709
214.02,0.0567424533888382
214.03,0.0566739971691413
214.04,0.0566036977993965
214.05,0.0565315760343941
214.06,0.0564576526812566
214.07,0.056381948547345
214.08,0.0563044844854539
214.09,0.0562252812140042
214.1,0.0561443595470281
214.11,0.0560617403272547
214.12,0.0559774443602451
214.13,0.0558914923869719
214.14,0.0558039051852682
214.15,0.0557147034867299
214.16,0.0556239079982045
214.17,0.0555315393948062
214.18,0.0554376183005501
214.19,0.0553421652976268
214.2,0.0552452011386359
214.21,0.0551467463501015
214.22,0.0550468214448772
214.23,0.0549454469175353
214.24,0.0548426432076594
214.25,0.0547384307161083
214.26,0.0546328298023907
214.27,0.0545258607719978
214.28,0.0544175438714196
214.29,0.0543078992886416
214.3,0.0541969471604168
214.31,0.054084707557848
214.32,0.0539712004939509
214.33,0.0538564459284467
214.34,0.0537404637320963
214.35,0.0536232737130209
214.36,0.0535048956084943
214.37,0.0533853490958886
214.38,0.0532646537575716
214.39,0.0531428291038759
214.4,0.0530198945642579
214.41,0.0528958695451667
214.42,0.0527707733086595
214.43,0.0526446250553083
214.44,0.0525174439027473
214.45,0.0523892487845691
214.46,0.0522600586083376
214.47,0.0521298921874944
214.48,0.0519987682167969
214.49,0.0518667053932356
214.5,0.0517337222731881
214.51,0.05159983723911
214.52,0.0514650686123896
214.53,0.0513294346089316
214.54,0.0511929533618045
214.55,0.0510556428861857
214.56,0.0509175210742762
214.57,0.0507786057166041
214.58,0.0506389144915089
214.59,0.0504984650632625
214.6,0.0503572749394681
214.61,0.0502153614706126
214.62,0.0500727419319759
214.63,0.0499294334898715
214.64,0.0497854530444428
214.65,0.0496408174592571
214.66,0.0494955435377388
214.67,0.0493496479073638
214.68,0.0492031470649905
214.69,0.049056057657773
214.7,0.0489083960476833
214.71,0.048760178386316
214.72,0.0486114207934369
214.73,0.0484621392784618
214.74,0.0483123494449009
214.75,0.0481620669597129
214.76,0.0480113074376847
214.77,0.0478600862800822
214.78,0.0477084187476737
214.79,0.0475563201174477
214.8,0.0474038054201102
214.81,0.0472508895182541
214.82,0.0470975871770616
214.83,0.0469439130266186
214.84,0.0467898818115004
214.85,0.0466355079671099
214.86,0.046480805772625
214.87,0.0463257894441318
214.88,0.0461704730831761
214.89,0.0460148704308787
214.9,0.0458589952974644
214.91,0.045702861386106
214.92,0.0455464822209039
214.93,0.0453898711926915
214.94,0.0452330414738897
214.95,0.0450760061792181
214.96,0.0449187782829906
214.97,0.0447613706031099
214.98,0.0446037958149119
214.99,0.0444460664570633
215,0.0442881953468506
215.01,0.0441301946059247
215.02,0.0439720764357626
215.03,0.0438138529083712
215.04,0.0436555359665037
215.05,0.0434971374286696
215.06,0.043338668999155
215.07,0.0431801422295517
215.08,0.043021568554172
215.09,0.0428629592802578
215.1,0.0427043255882767
215.11,0.042545678436314
215.12,0.0423870286255151
215.13,0.0422283869783347
215.14,0.0420697641065792
215.15,0.0419111704858876
215.16,0.0417526164552522
215.17,0.041594112441123
215.18,0.0414356685861429
215.19,0.0412772948306084
215.2,0.0411190010605173
215.21,0.0409607970390708
215.22,0.0408026924073347
215.23,0.0406446967541708
215.24,0.0404868194678001
215.25,0.0403290698412996
215.26,0.0401714570558812
215.27,0.0400139901775013
215.28,0.0398566781035244
215.29,0.0396995292309607
215.3,0.0395425524004664
215.31,0.0393857560990845
215.32,0.0392291486810845
215.33,0.039072738367263
215.34,0.0389165334204412
215.35,0.0387605421535421
215.36,0.0386047722791394
215.37,0.0384492316084295
215.38,0.0382939278365566
215.39,0.038138868543327
215.4,0.037984061190826
215.41,0.0378295131057587
215.42,0.0376752315340292
215.43,0.0375212235950272
215.44,0.0373674962953503
215.45,0.0372140565294493
215.46,0.037060911080269
215.47,0.0369080668585138
215.48,0.0367555303771784
215.49,0.0366033081289615
215.5,0.0364514065224178
215.51,0.0362998318677321
215.52,0.0361485903780066
215.53,0.0359976877700926
215.54,0.0358471299511259
215.55,0.035696922850122
215.56,0.0355470721544182
215.57,0.0353975834373937
215.58,0.0352484621582219
215.59,0.0350997138732384
215.6,0.0349513440772606
215.61,0.0348033578172428
215.62,0.0346557602151039
215.63,0.0345085562965937
215.64,0.0343617509923383
215.65,0.03421534914992
215.66,0.0340693555568648
215.67,0.0339237748510841
215.68,0.0337786116058823
215.69,0.0336338703067022
215.7,0.0334895553523109
215.71,0.0333456710511534
215.72,0.0332022212575777
215.73,0.033059210240774
215.74,0.0329166419835086
215.75,0.0327745203744403
215.76,0.0326328492083832
215.77,0.0324916321865661
215.78,0.0323508729464598
215.79,0.0322105750039781
215.8,0.0320707417837257
215.81,0.0319313766247412
215.82,0.0317924827752441
215.83,0.0316540633929945
215.84,0.0315161219304656
215.85,0.0313786616086934
215.86,0.0312416852230944
215.87,0.0311051957170984
215.88,0.0309691959660646
215.89,0.0308336887788984
215.9,0.0306986768996642
215.91,0.0305641626530898
215.92,0.0304301485442165
215.93,0.0302966371739268
215.94,0.030163630928789
215.95,0.0300311321223462
215.96,0.029899142995742
215.97,0.0297676657183488
215.98,0.0296367022328697
215.99,0.0295062545302835
216,0.029376324552193
216.01,0.0292469141223518
216.02,0.0291180249851418
216.03,0.0289896588096096
216.04,0.0288618176593268
216.05,0.0287345029102137
216.06,0.0286077161088404
216.07,0.0284814587431958
216.08,0.0283557322441538
216.09,0.0282305379890641
216.1,0.0281058773059491
216.11,0.0279817514615385
216.12,0.0278581616753635
216.13,0.0277351091175816
216.14,0.0276125949104745
216.15,0.0274906199588968
216.16,0.0273691851472961
216.17,0.0272482914752485
216.18,0.0271279397912442
216.19,0.0270081308869942
216.2,0.0268888654977587
216.21,0.02677014419903
216.22,0.0266519676123039
216.23,0.0265343362881956
216.24,0.026417250701716
216.25,0.0263007112668573
216.26,0.0261847183662263
216.27,0.0260692726387702
216.28,0.0259543742246885
216.29,0.0258400233898847
216.3,0.0257262203557537
216.31,0.0256129653003334
216.32,0.0255002583457123
216.33,0.0253880995583622
216.34,0.0252764889986744
216.35,0.0251654266708554
216.36,0.0250549125394648
216.37,0.0249449465304194
216.38,0.0248355285709336
216.39,0.0247266584787777
216.4,0.0246183360203075
216.41,0.024510560939435
216.42,0.0244033329362425
216.43,0.024296651666985
216.44,0.0241905167578382
216.45,0.0240849279315796
216.46,0.0239798846410948
216.47,0.0238753863889061
216.48,0.0237714326355949
216.49,0.0236680227998038
216.5,0.0235651562582334
216.51,0.0234628325110826
216.52,0.0233610509549081
216.53,0.0232598107777764
216.54,0.023159111232507
216.55,0.023058951533673
216.56,0.0229593308576034
216.57,0.0228602483423799
216.58,0.0227617035237392
216.59,0.0226636952659444
216.6,0.0225662226452878
216.61,0.0224692847057182
216.62,0.0223728804577155
216.63,0.0222770088782871
216.64,0.0221816690519731
216.65,0.0220868600560697
216.66,0.0219925806773426
216.67,0.0218988298059415
216.68,0.0218056063025419
216.69,0.0217129089983412
216.7,0.021620736695061
216.71,0.0215290884237479
216.72,0.0214379628501512
216.73,0.0213473587002143
216.74,0.0212572746974711
216.75,0.0211677095392278
216.76,0.0210786618965645
216.77,0.0209901305164336
216.78,0.0209021142048795
216.79,0.0208146114222347
216.8,0.02072762076252
216.81,0.0206411407954807
216.82,0.0205551700665832
216.83,0.0204697070970174
216.84,0.0203847503836957
216.85,0.0203002984211858
216.86,0.0202163502490858
216.87,0.0201329039497676
216.88,0.0200499579725331
216.89,0.0199675107459456
216.9,0.0198855606778296
216.91,0.0198041061552706
216.92,0.0197231455446147
216.93,0.0196426771914707
216.94,0.01956269988588
216.95,0.0194832118657814
216.96,0.0194042113376119
216.97,0.0193256966187554
216.98,0.0192476660095815
216.99,0.0191701177934475
217,0.0190930502366959
217.01,0.0190164615886562
217.02,0.0189403503565349
217.03,0.0188647150207625
217.04,0.0187895535604666
217.05,0.018714864213064
217.06,0.0186406452028596
217.07,0.0185668947410437
217.08,0.018493611025694
217.09,0.0184207922417746
217.1,0.0183484366067488
217.11,0.0182765425728371
217.12,0.0182051081073207
217.13,0.018134131371698
217.14,0.0180636105164106
217.15,0.0179935436808432
217.16,0.0179239289933238
217.17,0.0178547645711228
217.18,0.0177860485204551
217.19,0.0177177794758242
217.2,0.0176499553311155
217.21,0.0175825741351403
217.22,0.0175156340045419
217.23,0.0174491330485993
217.24,0.0173830693692291
217.25,0.0173174410609828
217.26,0.017252246211049
217.27,0.0171874830318764
217.28,0.0171231496393403
217.29,0.0170592440243894
217.3,0.0169957642598557
217.31,0.0169327084121031
217.32,0.0168700745410249
217.33,0.0168078607000455
217.34,0.0167460649361197
217.35,0.0166846852897331
217.36,0.0166237197949015
217.37,0.01656316696621
217.38,0.0165030248042207
217.39,0.0164432911660537
217.4,0.0163839641052042
217.41,0.0163250416713662
217.42,0.0162665219104327
217.43,0.0162084028644962
217.44,0.0161506825718475
217.45,0.0160933590669766
217.46,0.0160364303805726
217.47,0.0159798951951241
217.48,0.0159237513343069
217.49,0.0158679967151259
217.5,0.0158126294045164
217.51,0.0157576474686199
217.52,0.0157030489727833
217.53,0.0156488319815592
217.54,0.0155949945587059
217.55,0.0155415347671868
217.56,0.0154884506691721
217.57,0.0154357407783469
217.58,0.0153834029292232
217.59,0.0153314351675944
217.6,0.0152798355830201
217.61,0.0152286022660398
217.62,0.0151777333081738
217.63,0.0151272268019215
217.64,0.0150770808407628
217.65,0.0150272935191577
217.66,0.0149778629368548
217.67,0.0149287875903543
217.68,0.0148800653208908
217.69,0.0148316942498696
217.7,0.0147836725010853
217.71,0.0147359982007217
217.72,0.0146886694773517
217.73,0.014641684461937
217.74,0.0145950412878294
217.75,0.0145487380907688
217.76,0.0145027730557015
217.77,0.0144571446786884
217.78,0.0144118508598169
217.79,0.0143668897689164
217.8,0.0143222595796959
217.81,0.0142779584697452
217.82,0.0142339846205334
217.83,0.0141903362174097
217.84,0.0141470114496032
217.85,0.0141040085102232
217.86,0.0140613256832521
217.87,0.0140189614364287
217.88,0.0139769137650389
217.89,0.0139351808984266
217.9,0.0138937610709959
217.91,0.0138526525222106
217.92,0.0138118534965945
217.93,0.0137713622437317
217.94,0.0137311770182656
217.95,0.0136912960798998
217.96,0.0136517176933978
217.97,0.0136124403874539
217.98,0.0135734623995456
217.99,0.0135347819345522
218,0.0134963972977188
218.01,0.0134583068004747
218.02,0.0134205087604327
218.03,0.0133830015013893
218.04,0.0133457833533246
218.05,0.0133088526524024
218.06,0.0132722077409706
218.07,0.0132358470103616
218.08,0.013199769062834
218.09,0.0131639720796427
218.1,0.0131284544438642
218.11,0.0130932145456742
218.12,0.0130582507823481
218.13,0.0130235615582599
218.14,0.012989145284883
218.15,0.0129550003807901
218.16,0.0129211252716531
218.17,0.0128875183902429
218.18,0.0128541783023648
218.19,0.0128211034668909
218.2,0.0127882922815015
218.21,0.0127557432187032
218.22,0.0127234547587344
218.23,0.0126914253895649
218.24,0.0126596536068971
218.25,0.0126281379141641
218.26,0.0125968768225312
218.27,0.0125658688508953
218.28,0.0125351125351732
218.29,0.0125046065512942
218.3,0.0124743493444947
218.31,0.012444339472457
218.32,0.0124145755010472
218.33,0.0123850560043149
218.34,0.0123557795644937
218.35,0.0123267447720009
218.36,0.0122979502254374
218.37,0.0122693945315883
218.38,0.0122410763054223
218.39,0.0122129942256234
218.4,0.0121851469463729
218.41,0.012157533070715
218.42,0.0121301512522265
218.43,0.012103000152998
218.44,0.0120760784436321
218.45,0.012049384803245
218.46,0.0120229179194656
218.47,0.011996676488436
218.48,0.0119706592148108
218.49,0.0119448648117584
218.5,0.0119192920401802
218.51,0.0118939396110226
218.52,0.0118688062667723
218.53,0.0118438907594407
218.54,0.0118191918500589
218.55,0.0117947083087008
218.56,0.0117704389145057
218.57,0.0117463824557004
218.58,0.0117225377296223
218.59,0.0116989035427422
218.6,0.0116754787106864
218.61,0.0116522620582599
218.62,0.0116292524031697
218.63,0.0116064485311108
218.64,0.0115838493398704
218.65,0.0115614536867081
218.66,0.0115392604377982
218.67,0.0115172684682394
218.68,0.0114954766620643
218.69,0.0114738839122472
218.7,0.0114524891207142
218.71,0.0114312911983521
218.72,0.0114102890650173
218.73,0.0113894816495447
218.74,0.0113688678897575
218.75,0.0113484466847068
218.76,0.0113282169546719
218.77,0.0113081777076579
218.78,0.0112883279113147
218.79,0.0112686665418094
218.8,0.0112491925838172
218.81,0.0112299050305118
218.82,0.0112108028835557
218.83,0.0111918851530915
218.84,0.011173150857732
218.85,0.0111545990245513
218.86,0.0111362286890748
218.87,0.0111180388952709
218.88,0.0111000286477425
218.89,0.0110821970140337
218.9,0.0110645430780722
218.91,0.0110470659134801
218.92,0.0110297646019443
218.93,0.0110126382331965
218.94,0.0109956859049909
218.95,0.0109789067230838
218.96,0.0109622998012127
218.97,0.0109458642610745
218.98,0.0109295992323051
218.99,0.0109135038524584
219,0.0108975772669845
219.01,0.0108818185916167
219.02,0.0108662270091835
219.03,0.0108508016892121
219.04,0.0108355418062127
219.05,0.0108204465422982
219.06,0.0108055150871577
219.07,0.0107907466380272
219.08,0.0107761403996631
219.09,0.0107616955843141
219.1,0.0107474114116935
219.11,0.0107332871089516
219.12,0.010719321910648
219.13,0.0107055150515994
219.14,0.0106918657415983
219.15,0.0106783732667379
219.16,0.010665036888229
219.17,0.0106518558743251
219.18,0.0106388295002871
219.19,0.0106259570483463
219.2,0.0106132378076696
219.21,0.0106006710743229
219.22,0.0105882561512354
219.23,0.0105759923481637
219.24,0.0105638789816558
219.25,0.0105519153750153
219.26,0.0105401008349307
219.27,0.01052843467161
219.28,0.0105169162556474
219.29,0.0105055449334978
219.3,0.0104943200579001
219.31,0.0104832409878303
219.32,0.0104723070884551
219.33,0.0104615177310857
219.34,0.0104508722931315
219.35,0.0104403701580534
219.36,0.0104300107153177
219.37,0.0104197933603497
219.38,0.010409717494487
219.39,0.0103997824887615
219.4,0.0103899877567641
219.41,0.0103803327330939
219.42,0.0103708168394832
219.43,0.0103614395031329
219.44,0.0103522001566591
219.45,0.0103430982380397
219.46,0.0103341331905613
219.47,0.0103253044627656
219.48,0.010316611508396
219.49,0.0103080537863446
219.5,0.0102996307605986
219.51,0.010291341900187
219.52,0.0102831866791273
219.53,0.0102751645397847
219.54,0.0102672749729934
219.55,0.0102595174788924
219.56,0.0102518915483767
219.57,0.0102443966768708
219.58,0.0102370323642683
219.59,0.0102297981148729
219.6,0.0102226934373385
219.61,0.0102157178446097
219.62,0.0102088708538619
219.63,0.0102021519864418
219.64,0.0101955607678079
219.65,0.0101890967274707
219.66,0.0101827593989329
219.67,0.0101765482847004
219.68,0.0101704629378351
219.69,0.0101645029108576
219.7,0.0101586677504376
219.71,0.0101529570067719
219.72,0.01014737023352
219.73,0.0101419069877387
219.74,0.010136566829817
219.75,0.0101313493234111
219.76,0.0101262540353791
219.77,0.0101212805357163
219.78,0.0101164283974898
219.79,0.0101116971967736
219.8,0.0101070865125835
219.81,0.0101025958777638
219.82,0.0100982248995067
219.83,0.0100939731714519
219.84,0.010089840280894
219.85,0.0100858258175302
219.86,0.010081929373388
219.87,0.0100781505427536
219.88,0.0100744889220995
219.89,0.0100709441100128
219.9,0.0100675157071227
219.91,0.0100642033160288
219.92,0.0100610065412289
219.93,0.0100579249890471
219.94,0.0100549582675616
219.95,0.0100521059619443
219.96,0.0100493676973965
219.97,0.0100467430881344
219.98,0.0100442317472214
219.99,0.0100418332890162
220,0.0100395473290977
220.01,0.01003737348419
220.02,0.0100353113720865
220.03,0.0100333606115753
220.04,0.0100315208223634
220.05,0.0100297916250022
220.06,0.0100281726408112
220.07,0.0100266634918038
220.08,0.0100252638006114
220.09,0.0100239731478418
220.1,0.0100227911822173
220.11,0.0100217175264416
220.12,0.010020751801783
220.13,0.0100198936294778
220.14,0.0100191426306452
220.15,0.010018498426201
220.16,0.0100179606367722
220.17,0.0100175288826109
220.18,0.0100172027835092
220.19,0.0100169819587126
220.2,0.0100168660253035
220.21,0.010016854599412
220.22,0.0100169472997917
220.23,0.0100171437423672
220.24,0.0100174435420626
220.25,0.0100178463127152
220.26,0.0100183516669883
220.27,0.0100189592162845
220.28,0.0100196685706595
220.29,0.0100204793387347
220.3,0.0100213911276109
220.31,0.0100224035427811
220.32,0.0100235161963146
220.33,0.0100247286868291
220.34,0.0100260406137889
220.35,0.0100274515760811
220.36,0.0100289611706135
220.37,0.0100305689922298
220.38,0.0100322746336258
220.39,0.0100340776852645
220.4,0.0100359777352921
220.41,0.0100379743694533
220.42,0.0100400671710075
220.43,0.0100422557134155
220.44,0.0100445395555254
220.45,0.0100469182846528
220.46,0.0100493914702095
220.47,0.0100519586783543
220.48,0.0100546194718921
220.49,0.0100573734101724
220.5,0.0100602200489891
220.51,0.0100631589404789
220.52,0.0100661896331362
220.53,0.0100693116744305
220.54,0.0100725246032793
220.55,0.0100758279564901
220.56,0.010079221266744
220.57,0.010082704062496
220.58,0.010086275867876
220.59,0.0100899362025891
220.6,0.0100936845818168
220.61,0.0100975205161175
220.62,0.0101014435210217
220.63,0.0101054530950631
220.64,0.0101095487337227
220.65,0.0101137299294134
220.66,0.0101179961695748
220.67,0.0101223469365809
220.68,0.0101267817076478
220.69,0.0101312999547414
220.7,0.0101359011444847
220.71,0.010140584734906
220.72,0.0101453501800286
220.73,0.0101501969308181
220.74,0.0101551244306413
220.75,0.0101601321169331
220.76,0.0101652194210967
220.77,0.0101703857684043
220.78,0.0101756305777342
220.79,0.010180953249376
220.8,0.0101863531951919
220.81,0.0101918298130865
220.82,0.0101973824940805
220.83,0.010203010622196
220.84,0.0102087135743425
220.85,0.010214490720202
220.86,0.0102203414273789
220.87,0.0102262650566012
220.88,0.0102322609522352
220.89,0.0102383284559604
220.9,0.0102444669019307
220.91,0.0102506756166753
220.92,0.010256953919
220.93,0.0102633011198881
220.94,0.0102697165273751
220.95,0.0102761994350232
220.96,0.0102827491301378
220.97,0.0102893648923552
220.98,0.0102960459931155
220.99,0.0103027916955705
221,0.0103096012544911
221.01,0.0103164739080199
221.02,0.0103234088766165
221.03,0.0103304053976212
221.04,0.0103374626869908
221.05,0.0103445799512516
221.06,0.0103517563873743
221.07,0.0103589911826471
221.08,0.0103662835145507
221.09,0.0103736325549365
221.1,0.0103810374636951
221.11,0.0103884973912924
221.12,0.010396011479823
221.13,0.0104035788622306
221.14,0.0104111986623079
221.15,0.0104188699946965
221.16,0.010426591934144
221.17,0.010434363587768
221.18,0.0104421840412588
221.19,0.0104500523684454
221.2,0.0104579676336747
221.21,0.0104659288918113
221.22,0.0104739351854524
221.23,0.0104819854654731
221.24,0.0104900787996035
221.25,0.0104982141946925
221.26,0.0105063906472547
221.27,0.0105146071434713
221.28,0.0105228626591895
221.29,0.0105311561442882
221.3,0.010539486463313
221.31,0.0105478526068041
221.32,0.0105562534963405
221.33,0.0105646880420876
221.34,0.0105731551427966
221.35,0.0105816536858053
221.36,0.0105901825336461
221.37,0.0105987405170836
221.38,0.0106073265071931
221.39,0.0106159393395284
221.4,0.0106245778377233
221.41,0.0106332408134915
221.42,0.0106419270666268
221.43,0.0106506353675049
221.44,0.0106593644706665
221.45,0.0106681131526804
221.46,0.0106768801602012
221.47,0.0106856642275172
221.48,0.0106944640765507
221.49,0.0107032784168574
221.5,0.0107121058997704
221.51,0.0107209451858913
221.52,0.0107297949650792
221.53,0.0107386538866868
221.54,0.0107475205868322
221.55,0.0107563936883993
221.56,0.0107652718010369
221.57,0.0107741534730836
221.58,0.0107830372832136
221.59,0.0107919218094641
221.6,0.0108008055996108
221.61,0.0108096871874797
221.62,0.0108185650929472
221.63,0.0108274378219405
221.64,0.0108363038356174
221.65,0.0108451616182894
221.66,0.0108540096347472
221.67,0.0108628463304046
221.68,0.0108716701363523
221.69,0.0108804794693582
221.7,0.0108892727318674
221.71,0.0108980482422917
221.72,0.0109068044055423
221.73,0.0109155395760824
221.74,0.0109242520909039
221.75,0.0109329402720616
221.76,0.0109416024266736
221.77,0.0109502368469209
221.78,0.0109588417648481
221.79,0.0109674154442984
221.8,0.0109759561389511
221.81,0.0109844620740806
221.82,0.0109929314594763
221.83,0.0110013624894429
221.84,0.0110097533428004
221.85,0.0110181021680773
221.86,0.0110264071022022
221.87,0.011034666285434
221.88,0.0110428778311507
221.89,0.011051039836973
221.9,0.0110591503847638
221.91,0.0110672075406286
221.92,0.0110752093453387
221.93,0.0110831538074644
221.94,0.0110910389605695
221.95,0.0110988628035268
221.96,0.0111066233191188
221.97,0.0111143184740373
221.98,0.0111219462188836
221.99,0.011129504486709
222,0.0111369911677206
222.01,0.011144404178773
222.02,0.0111517414029744
222.03,0.0111590007070898
222.04,0.0111661799415411
222.05,0.0111732769404073
222.06,0.0111802895214239
222.07,0.0111872154861713
222.08,0.0111940526196736
222.09,0.0112007986906445
222.1,0.0112074514514851
222.11,0.011214008638257
222.12,0.0112204679706817
222.13,0.011226827161901
222.14,0.0112330838963114
222.15,0.0112392358455425
222.16,0.0112452806657359
222.17,0.0112512159968507
222.18,0.011257039462664
222.19,0.0112627487178312
222.2,0.011268341335579
222.21,0.0112738148978654
222.22,0.0112791669715411
222.23,0.01128439510796
222.24,0.0112894968448718
222.25,0.0112944697381778
222.26,0.0112993112784063
222.27,0.0113040189606344
222.28,0.0113085902649891
222.29,0.0113130226566472
222.3,0.0113173135875986
222.31,0.0113214605067762
222.32,0.0113254608289652
222.33,0.0113293119619577
222.34,0.0113330112988254
222.35,0.0113365562179191
222.36,0.011339944093989
222.37,0.0113431723252175
222.38,0.0113462382256685
222.39,0.0113491391245557
222.4,0.0113518723372914
222.41,0.0113544351654864
222.42,0.0113568249195981
222.43,0.0113590389411681
222.44,0.0113610744697998
222.45,0.0113629287731415
222.46,0.0113645991084563
222.47,0.011366082722855
222.48,0.0113673768535282
222.49,0.0113684787468203
222.5,0.0113693856328799
222.51,0.0113700947165291
222.52,0.0113706032050357
222.53,0.0113709082980013
222.54,0.0113710071876615
222.55,0.0113708970591875
222.56,0.0113705751025252
222.57,0.0113700384880723
222.58,0.0113692843826152
222.59,0.0113683099490143
222.6,0.0113671123449911
222.61,0.011365688723455
222.62,0.0113640362355318
222.63,0.0113621520501489
222.64,0.0113600332984319
222.65,0.011357677122559
222.66,0.0113550806623278
222.67,0.011352241055534
222.68,0.0113491554383491
222.69,0.0113458209662895
222.7,0.0113422348072979
222.71,0.0113383940826479
222.72,0.0113342959376596
222.73,0.0113299375196826
222.74,0.0113253159785858
222.75,0.0113204284672462
222.76,0.0113152721908522
222.77,0.0113098443228726
222.78,0.0113041420247882
222.79,0.0112981624823599
222.8,0.0112919028891241
222.81,0.0112853604470257
222.82,0.0112785323670516
222.83,0.0112714159385549
222.84,0.0112640083709312
222.85,0.0112563069168981
222.86,0.0112483088452501
222.87,0.0112400114391681
222.88,0.0112314119969857
222.89,0.0112225078431704
222.9,0.0112132963507506
222.91,0.0112037748523777
222.92,0.0111939407251526
222.93,0.0111837913667416
222.94,0.0111733241962429
222.95,0.0111625366550538
222.96,0.0111514262366872
222.97,0.0111399904568873
222.98,0.0111282268197103
222.99,0.0111161328773822
223,0.011103706210673
223.01,0.0110909444298843
223.02,0.0110778451758355
223.03,0.0110644062177633
223.04,0.0110506252600729
223.05,0.0110365000446166
223.06,0.0110220283710954
223.07,0.0110072080785469
223.08,0.0109920370465721
223.09,0.0109765132044939
223.1,0.0109606346786428
223.11,0.0109443994163196
223.12,0.0109278055034373
223.13,0.010910851077463
223.14,0.0108935343289589
223.15,0.0108758535031209
223.16,0.0108578069215891
223.17,0.0108393929895947
223.18,0.0108206101084889
223.19,0.0108014567714092
223.2,0.0107819315359185
223.21,0.0107620330256776
223.22,0.010741759932117
223.23,0.0107211109948648
223.24,0.0107000850358212
223.25,0.0106786809629099
223.26,0.0106568977476293
223.27,0.0106347344364783
223.28,0.0106121901525585
223.29,0.0105892640971756
223.3,0.0105659556908701
223.31,0.0105422642665624
223.32,0.0105181892861769
223.33,0.0104937303134451
223.34,0.0104688870031161
223.35,0.010443659102852
223.36,0.0104180465811397
223.37,0.0103920501740899
223.38,0.0103656696197058
223.39,0.0103389052365042
223.4,0.0103117574727068
223.41,0.0102842269098857
223.42,0.0102563142666078
223.43,0.0102280200871155
223.44,0.0101993449600465
223.45,0.0101702901852949
223.46,0.0101408569031605
223.47,0.0101110463850602
223.48,0.0100808600356555
223.49,0.0100502993949825
223.5,0.0100193660943276
223.51,0.00998806194401123
223.52,0.00995638890398725
223.53,0.00992434906294849
223.54,0.00989194465355632
223.55,0.00985917805444215
223.56,0.0098260517922099
223.57,0.00979256910723544
223.58,0.00975873269479596
223.59,0.00972454569001354
223.6,0.00969001141332181
223.61,0.00965513337364375
223.62,0.00961991536590503
223.63,0.00958436139492917
223.64,0.00954847555315899
223.65,0.00951226220935587
223.66,0.00947572595292886
223.67,0.00943887158505041
223.68,0.00940170345840755
223.69,0.00936422701840169
223.7,0.00932644759389592
223.71,0.00928837072395305
223.72,0.00925000216011992
223.73,0.00921134770747393
223.74,0.00917241339098401
223.75,0.00913320561930059
223.76,0.0090937309129206
223.77,0.00905399599808892
223.78,0.00901400783343641
223.79,0.00897377415004078
223.8,0.00893330215987915
223.81,0.008892599591378
223.82,0.00885167441453371
223.83,0.00881053484424278
223.84,0.00876918944256291
223.85,0.00872764700744231
223.86,0.00868591650825195
223.87,0.00864400723277423
223.88,0.00860192874079873
223.89,0.00855969079108266
223.9,0.00851730237824739
223.91,0.00847477415797229
223.92,0.00843211648623958
223.93,0.00838933995072281
223.94,0.00834645537022901
223.95,0.00830347365565763
223.96,0.00826040598741225
223.97,0.00821726387028729
223.98,0.00817405896275641
223.99,0.00813080313785641
224,0.0080875084796692
224.01,0.00804418726540508
224.02,0.00800085200685592
224.03,0.00795751541337539
224.04,0.00791419039988674
224.05,0.0078708900852238
224.06,0.00782762752465868
224.07,0.00778441608033197
224.08,0.0077412694574352
224.09,0.00769820142973483
224.1,0.00765522594162486
224.11,0.00761235698718972
224.12,0.0075696079071997
224.13,0.00752699333965825
224.14,0.00748452757954607
224.15,0.00744222502104988
224.16,0.00740010014995477
224.17,0.00735816703834063
224.18,0.00731644008558293
224.19,0.00727493396476163
224.2,0.00723366319589931
224.21,0.00719264230830297
224.22,0.00715188580981909
224.23,0.00711140808978566
224.24,0.0070712236667883
224.25,0.00703134695717811
224.26,0.00699179232479193
224.27,0.00695257406952483
224.28,0.00691370604982651
224.29,0.00687520217951533
224.3,0.00683707638097233
224.31,0.00679934231441048
224.32,0.00676201342491679
224.33,0.00672510270427949
224.34,0.0066886232490534
224.35,0.00665258778428792
224.36,0.00661700876606186
224.37,0.0065818986521886
224.38,0.00654726953684001
224.39,0.00651313304441157
224.4,0.00647950060245639
224.41,0.00644638333816683
224.42,0.00641379220827876
224.43,0.00638173764291838
224.44,0.0063502297975336
224.45,0.00631927847041838
224.46,0.00628889293712571
224.47,0.00625908208565604
224.48,0.00622985452116126
224.49,0.00620121834534423
224.5,0.0061731812305882
224.51,0.00614575088498411
224.52,0.00611893397635722
224.53,0.00609273692554993
224.54,0.00606716568708893
224.55,0.00604222611625417
224.56,0.00601792369160285
224.57,0.00599426299712387
224.58,0.00597124838615298
224.59,0.00594888376762481
224.6,0.00592717295957556
224.61,0.00590611893616178
224.62,0.00588572438260139
224.63,0.00586599155085973
224.64,0.00584692236224967
224.65,0.00582851836664558
224.66,0.00581078052860407
224.67,0.00579370946597834
224.68,0.00577730537832232
224.69,0.00576156875215145
224.7,0.00574649895261998
224.71,0.00573209519629033
224.72,0.00571835637057603
224.73,0.00570528113372747
224.74,0.00569286792585254
224.75,0.00568111463466967
224.76,0.00567001894839319
224.77,0.00565957826430826
224.78,0.0056497901547252
224.79,0.0056406515084866
224.8,0.00563215907339554
224.81,0.0056243094208939
224.82,0.00561709873624816
224.83,0.00561052272266278
224.84,0.0056045773711156
224.85,0.00559925825919109
224.86,0.00559456075995284
224.87,0.00559048061037916
224.88,0.00558701304930142
224.89,0.0055841532190235
224.9,0.00558189621278463
224.91,0.00558023666072885
224.92,0.00557916954419172
224.93,0.00557868962286824
224.94,0.00557879151825907
224.95,0.00557946969782869
224.96,0.0055807187049402
224.97,0.00558253296677311
224.98,0.00558490686197275
224.99,0.00558783472264814
225,0.00559131084272593
225.01,0.0055953294901882
225.02,0.0055998850154061
225.03,0.00560497166579457
225.04,0.00561058373187078
225.05,0.00561671549643347
225.06,0.00562336119553102
225.07,0.00563051518170627
225.08,0.00563817180680885
225.09,0.00564632542672191
225.1,0.00565497043728477
225.11,0.00566410130943598
225.12,0.00567371255426335
225.13,0.00568379850194594
225.14,0.00569435373362177
225.15,0.00570537283518097
225.16,0.00571685042260051
225.17,0.00572878113646255
225.18,0.00574115969016682
225.19,0.0057539808414186
225.2,0.00576723940782473
225.21,0.00578093039932134
225.22,0.00579504875619279
225.23,0.00580958954632024
225.24,0.00582454790377714
225.25,0.00583991888547041
225.26,0.00585569780695859
225.27,0.00587187999623318
225.28,0.00588846082943947
225.29,0.00590543561465775
225.3,0.00592279989529235
225.31,0.00594054921484288
225.32,0.00595867920943387
225.33,0.0059771856731361
225.34,0.00599606435148329
225.35,0.0060153111118904
225.36,0.0060349219094825
225.37,0.00605489279640448
225.38,0.00607521988684673
225.39,0.00609589939109201
225.4,0.00611692752198012
225.41,0.00613830048755426
225.42,0.00616001472095233
225.43,0.00618206665813952
225.44,0.00620445281105707
225.45,0.00622716976110721
225.46,0.00625021413890731
225.47,0.00627358264505826
225.48,0.00629727215404765
225.49,0.0063212796201973
225.5,0.00634560199034792
225.51,0.00637023634176528
225.52,0.00639517973048309
225.53,0.00642042932025878
225.54,0.00644598240244285
225.55,0.00647183630938523
225.56,0.0064979883041623
225.57,0.00652443577727364
225.58,0.00655117619968369
225.59,0.00657820705967928
225.6,0.0066055261403011
225.61,0.00663313109262325
225.62,0.00666101963452649
225.63,0.00668918958181163
225.64,0.00671763890752112
225.65,0.00674636562742564
225.66,0.00677536780050063
225.67,0.00680464359397169
225.68,0.00683419100488761
225.69,0.00686400803894203
225.7,0.00689409301480119
225.71,0.00692444415959836
225.72,0.00695505979563128
225.73,0.00698593835526584
225.74,0.00701707816814264
225.75,0.00704847765791485
225.76,0.00708013539387399
225.77,0.007112050334603
225.78,0.00714422105377019
225.79,0.00717664638221573
225.8,0.00720932518072995
225.81,0.00724225584305103
225.82,0.00727543745757473
225.83,0.00730886892170921
225.84,0.00734254916558332
225.85,0.0073764770222416
225.86,0.00741065147636253
225.87,0.0074450714785859
225.88,0.00747973598555302
225.89,0.00751464434846697
225.9,0.00754979573287105
225.91,0.0075851893747273
225.92,0.00762082455731326
225.93,0.00765670056046177
225.94,0.00769281684282823
225.95,0.00772917285626386
225.96,0.00776576756892117
225.97,0.00780260044858955
225.98,0.00783967076805989
225.99,0.00787697804581686
226,0.00791452176323001
226.01,0.00795230127328666
226.02,0.00799031611375856
226.03,0.0080285661690532
226.04,0.00806705105999454
226.05,0.00810577062557672
226.06,0.00814472411419406
226.07,0.00818391130436174
226.08,0.00822333189484088
226.09,0.00826298547191516
226.1,0.00830287154814167
226.11,0.00834298966328109
226.12,0.00838333936020157
226.13,0.00842392110131258
226.14,0.00846473434362878
226.15,0.00850577895258916
226.16,0.00854705474723344
226.17,0.00858856141467701
226.18,0.00863029894383994
226.19,0.00867226725524032
226.2,0.00871446606027569
226.21,0.0087568950839428
226.22,0.00879955419342333
226.23,0.00884244314908082
226.24,0.00888556201266421
226.25,0.00892891057740632
226.26,0.00897248867799351
226.27,0.00901629619284286
226.28,0.00906033313865394
226.29,0.00910459941169606
226.3,0.00914909498207884
226.31,0.00919381975647787
226.32,0.00923877352405111
226.33,0.00928395627543795
226.34,0.00932936791904476
226.35,0.0093750083552591
226.36,0.00942087747428226
226.37,0.00946697515394028
226.38,0.00951330125745589
226.39,0.00955985588036043
226.4,0.00960663889664864
226.41,0.00965365023377758
226.42,0.00970088984313905
226.43,0.00974835758128558
226.44,0.00979605339378135
226.45,0.00984397721604024
226.46,0.00989212897343272
226.47,0.00994050853412568
226.48,0.00998911580074631
226.49,0.0100379506666935
226.5,0.0100870130079691
226.51,0.0101363027613065
226.52,0.0101858198105331
226.53,0.0102355640274615
226.54,0.0102855352910526
226.55,0.0103357334847928
226.56,0.0103861584840881
226.57,0.0104368101593965
226.58,0.0104876883799593
226.59,0.0105387929789428
226.6,0.0105901237975344
226.61,0.0106416806806354
226.62,0.0106934634567308
226.63,0.0107454719549157
226.64,0.0107977059928173
226.65,0.0108501653748216
226.66,0.0109028498992799
226.67,0.010955759373983
226.68,0.0110088935935395
226.69,0.0110622523335956
226.7,0.0111158353690542
226.71,0.0111696424667113
226.72,0.0112236733788911
226.73,0.0112779278584386
226.74,0.0113324056468426
226.75,0.0113871064771744
226.76,0.0114420300684255
226.77,0.011497176131163
226.78,0.0115525443707716
226.79,0.0116081344804757
226.8,0.0116639461444404
226.81,0.0117199790524126
226.82,0.01177623286571
226.83,0.0118327072430319
226.84,0.0118894018336503
226.85,0.0119463162807919
226.86,0.0120034502185183
226.87,0.0120608032682736
226.88,0.0121183750440293
226.89,0.0121761651501746
226.9,0.0122341731698255
226.91,0.0122923986901845
226.92,0.0123508412832499
226.93,0.0124095005106289
226.94,0.0124683759250685
226.95,0.012527467069203
226.96,0.0125867734731402
226.97,0.0126462946573404
226.98,0.0127060301317345
226.99,0.0127659794175414
227,0.0128261419989993
227.01,0.0128865173603784
227.02,0.0129471049762887
227.03,0.0130079043116999
227.04,0.013068914805915
227.05,0.0131301359060621
227.06,0.013191567043522
227.07,0.0132532076383729
227.08,0.0133150570999764
227.09,0.0133771148429499
227.1,0.0134393802555779
227.11,0.013501852719044
227.12,0.013564531606248
227.13,0.0136274162803074
227.14,0.0136905060806397
227.15,0.0137538003484236
227.16,0.0138172984141671
227.17,0.0138809995953666
227.18,0.013944903198644
227.19,0.014009008532962
227.2,0.0140733148875367
227.21,0.0141378215388085
227.22,0.0142025277563577
227.23,0.0142674327998617
227.24,0.0143325359204852
227.25,0.0143978363589347
227.26,0.0144633333456222
227.27,0.0145290261017658
227.28,0.0145949138390014
227.29,0.0146609957520994
227.3,0.0147272710279531
227.31,0.0147937388487738
227.32,0.0148603983834151
227.33,0.0149272487904661
227.34,0.0149942892231072
227.35,0.0150615188245869
227.36,0.0151289367229134
227.37,0.0151965420390895
227.38,0.0152643338844238
227.39,0.0153323113641406
227.4,0.0154004735754736
227.41,0.0154688196008349
227.42,0.0155373485162037
227.43,0.0156060593886039
227.44,0.0156749512727572
227.45,0.0157440232119392
227.46,0.0158132742478964
227.47,0.0158827034098921
227.48,0.0159523097181571
227.49,0.0160220921839306
227.5,0.0160920498055073
227.51,0.0161621815745509
227.52,0.0162324864754065
227.53,0.0163029634819377
227.54,0.0163736115589273
227.55,0.0164444296620984
227.56,0.0165154167541299
227.57,0.0165865717700508
227.58,0.0166578936420059
227.59,0.0167293812947921
227.6,0.0168010336450833
227.61,0.0168728495997417
227.62,0.0169448280491983
227.63,0.0170169678887702
227.64,0.0170892680002723
227.65,0.0171617272572431
227.66,0.0172343445249828
227.67,0.0173071186699316
227.68,0.0173800485548084
227.69,0.0174531330181344
227.7,0.0175263708993516
227.71,0.0175997610309966
227.72,0.017673302238821
227.73,0.0177469933259061
227.74,0.0178208330997412
227.75,0.0178948203651802
227.76,0.0179689539150888
227.77,0.0180432325349981
227.78,0.0181176550031439
227.79,0.0181922201067732
227.8,0.0182669266059607
227.81,0.0183417732611148
227.82,0.0184167588266296
227.83,0.0184918820506013
227.84,0.0185671416724221
227.85,0.0186425364165538
227.86,0.0187180650154945
227.87,0.0187937261894155
227.88,0.0188695186520279
227.89,0.0189454411106291
227.9,0.0190214922887056
227.91,0.0190976709085132
227.92,0.019173975654418
227.93,0.0192504052233535
227.94,0.0193269583085868
227.95,0.0194036335999447
227.96,0.0194804297287468
227.97,0.019557345366924
227.98,0.019634379189333
227.99,0.0197115298516914
228,0.0197887960036782
228.01,0.0198661762891456
228.02,0.0199436693953557
228.03,0.0200212739400597
228.04,0.0200989885608893
228.05,0.0201768118914662
228.06,0.0202547425615287
228.07,0.0203327792013162
228.08,0.0204109204486285
228.09,0.0204891649187477
228.1,0.020567511232486
228.11,0.020645958008334
228.12,0.0207245038626538
228.13,0.0208031473902895
228.14,0.0208818871858598
228.15,0.0209607218646277
228.16,0.0210396500264279
228.17,0.0211186702683736
228.18,0.0211977811849456
228.19,0.0212769813679476
228.2,0.0213562694064912
228.21,0.0214356438878169
228.22,0.0215151033966595
228.23,0.0215946465155539
228.24,0.0216742718249223
228.25,0.0217539779051333
228.26,0.0218337633584165
228.27,0.0219136267510709
228.28,0.021993566662056
228.29,0.022073581669661
228.3,0.0221536703516619
228.31,0.0222338312854777
228.32,0.0223140630399104
228.33,0.0223943641932516
228.34,0.0224747333215733
228.35,0.022555169000014
228.36,0.022635669803772
228.37,0.0227162343082372
228.38,0.0227968610816459
228.39,0.0228775486972587
228.4,0.0229582957320756
228.41,0.0230391007606177
228.42,0.0231199623578018
228.43,0.0232008790990418
228.44,0.0232818495655843
228.45,0.0233628723415483
228.46,0.0234439460025023
228.47,0.0235250691300838
228.48,0.02360624030745
228.49,0.0236874581194122
228.5,0.0237687211533606
228.51,0.0238500280012721
228.52,0.0239313772526797
228.53,0.0240127675013607
228.54,0.024094197343589
228.55,0.0241756653782831
228.56,0.0242571702070384
228.57,0.0243387104200519
228.58,0.0244202846315162
228.59,0.0245018914502528
228.6,0.0245835294881666
228.61,0.024665197360377
228.62,0.0247468936853457
228.63,0.0248286170850095
228.64,0.0249103661803369
228.65,0.0249921395961101
228.66,0.0250739359677407
228.67,0.0251557539306522
228.68,0.0252375921241618
228.69,0.0253194491916004
228.7,0.0254013237804275
228.71,0.0254832145423491
228.72,0.0255651201406652
228.73,0.0256470392332219
228.74,0.0257289704859876
228.75,0.0258109125701065
228.76,0.0258928641617193
228.77,0.0259748239420901
228.78,0.0260567905977323
228.79,0.0261387628218979
228.8,0.0262207393138708
228.81,0.0263027187757427
228.82,0.0263846999168773
228.83,0.0264666814525974
228.84,0.0265486621043161
228.85,0.0266306405996676
228.86,0.0267126156726385
228.87,0.0267945860484513
228.88,0.0268765504784007
228.89,0.0269585077152524
228.9,0.0270404565167883
228.91,0.0271223956474166
228.92,0.027204323878282
228.93,0.0272862399873733
228.94,0.0273681427561354
228.95,0.0274500309698026
228.96,0.0275319034307945
228.97,0.0276137589437836
228.98,0.0276955963205944
228.99,0.0277774143802965
229,0.0278592119493039
229.01,0.0279409878614681
229.02,0.0280227409698527
229.03,0.0281044701215543
229.04,0.0281861741735333
229.05,0.0282678519927753
229.06,0.0283495024544976
229.07,0.0284311244422648
229.08,0.0285127168481013
229.09,0.028594278571419
229.1,0.028675808518355
229.11,0.0287573056085818
229.12,0.0288387687684186
229.13,0.028920196933124
229.14,0.0290015890470029
229.15,0.0290829440635156
229.16,0.029164260945386
229.17,0.0292455386479592
229.18,0.0293267761317904
229.19,0.0294079723994595
229.2,0.0294891264454195
229.21,0.0295702372731011
229.22,0.0296513038949759
229.23,0.0297323253326194
229.24,0.0298133006167723
229.25,0.0298942287860908
229.26,0.0299751088891433
229.27,0.0300559399849933
229.28,0.0301367211413013
229.29,0.030217451435161
229.3,0.0302981299531592
229.31,0.0303787557914348
229.32,0.0304593280557412
229.33,0.0305398458924555
229.34,0.0306203084292986
229.35,0.0307007147972722
229.36,0.0307810641481798
229.37,0.0308613556446247
229.38,0.0309415884601209
229.39,0.0310217617791997
229.4,0.0311018747975187
229.41,0.0311819266883198
229.42,0.0312619166771965
229.43,0.0313418439933184
229.44,0.0314217078716723
229.45,0.0315015075581265
229.46,0.0315812423094972
229.47,0.0316609113936143
229.48,0.0317405140893883
229.49,0.0318200495950716
229.5,0.0318995172519999
229.51,0.0319789163617905
229.52,0.0320582462338936
229.53,0.0321375061873727
229.54,0.0322166955508749
229.55,0.0322958136626011
229.56,0.0323748598768185
229.57,0.032453833614957
229.58,0.0325327342129076
229.59,0.0326115610568329
229.6,0.0326903135436269
229.61,0.0327689910809597
229.62,0.0328475930873198
229.63,0.0329261189920619
229.64,0.0330045682592048
229.65,0.0330829404203205
229.66,0.033161234894748
229.67,0.0332394511702401
229.68,0.0333175887474494
229.69,0.0333956471400718
229.7,0.0334736258749862
229.71,0.0335515244923957
229.72,0.0336293425459688
229.73,0.0337070794187353
229.74,0.0337847347800159
229.75,0.0338623082036147
229.76,0.0339397992726624
229.77,0.034017207581385
229.78,0.0340945327350875
229.79,0.0341717743501373
229.8,0.0342489320539478
229.81,0.0343260053496028
229.82,0.0344029938883221
229.83,0.0344798973466187
229.84,0.0345567153693718
229.85,0.0346334476092054
229.86,0.034710093726305
229.87,0.0347866533882325
229.88,0.0348631262697445
229.89,0.0349395122144279
229.9,0.0350158110674083
229.91,0.0350920224257594
229.92,0.0351681460421797
229.93,0.0352441816819316
229.94,0.0353201291229913
229.95,0.0353959881561946
229.96,0.035471758585385
229.97,0.0355474402436465
229.98,0.0356230330320441
229.99,0.0356985367571927
230,0.035773951288259
230.01,0.0358492765096381
230.02,0.0359245123211801
230.03,0.0359996586384177
230.04,0.036074715392792
230.05,0.0361496825318804
230.06,0.0362245594146872
230.07,0.0362993462774579
230.08,0.0363740430653876
230.09,0.0364486497040282
230.1,0.0365231661255879
230.11,0.0365975922686127
230.12,0.0366719280776668
230.13,0.0367461735030164
230.14,0.0368203285965951
230.15,0.0368943933279919
230.16,0.0369683676461848
230.17,0.0370422515411709
230.18,0.0371160450094993
230.19,0.0371897480540816
230.2,0.0372633606839998
230.21,0.0373368829143148
230.22,0.0374103149910596
230.23,0.0374836572720127
230.24,0.0375569096788206
230.25,0.0376300723764229
230.26,0.0377031455541516
230.27,0.0377761294267846
230.28,0.0378490242356001
230.29,0.0379218296753681
230.3,0.0379945461255485
230.31,0.0380671738511512
230.32,0.0381397130589923
230.33,0.0382121639655728
230.34,0.0382845267967523
230.35,0.0383568016444188
230.36,0.0384289883454007
230.37,0.0385010873142912
230.38,0.0385730987213525
230.39,0.0386450227378618
230.4,0.038716859536112
230.41,0.0387886095436932
230.42,0.038860273142163
230.43,0.0389318504262026
230.44,0.0390033416626299
230.45,0.0390747471277502
230.46,0.0391460671073567
230.47,0.0392173024242337
230.48,0.0392884533974528
230.49,0.0393595203373319
230.5,0.0394305036914899
230.51,0.0395014039283833
230.52,0.0395722215335929
230.53,0.039642956135304
230.54,0.0397136086045314
230.55,0.039784179353687
230.56,0.0398546688022863
230.57,0.0399250773769512
230.58,0.0399954054294525
230.59,0.0400656530843168
230.6,0.0401358209123088
230.61,0.0402059093004207
230.62,0.0402759186361976
230.63,0.0403458493077394
230.64,0.0404157019533842
230.65,0.0404854772368681
230.66,0.0405551754410156
230.67,0.0406247970559637
230.68,0.0406943425817977
230.69,0.0407638125285539
230.7,0.0408332077911438
230.71,0.0409025289594285
230.72,0.0409717765508147
230.73,0.0410409512107644
230.74,0.041110053603493
230.75,0.0411790844119719
230.76,0.0412480436837451
230.77,0.0413169323492273
230.78,0.0413857510646125
230.79,0.0414545004699425
230.8,0.0415231812134477
230.81,0.041591793890749
230.82,0.041660338707564
230.83,0.0417288165167624
230.84,0.0417972279148376
230.85,0.0418655734983122
230.86,0.0419338538637387
230.87,0.0420020697802804
230.88,0.0420702222346774
230.89,0.0421383116691226
230.9,0.0422063387791806
230.91,0.0422743042698204
230.92,0.0423422088554155
230.93,0.0424100534712216
230.94,0.0424778390216751
230.95,0.0425455661808087
230.96,0.0426132357747729
230.97,0.0426808486460265
230.98,0.0427484056533367
230.99,0.0428159072774035
231,0.0428833543587648
231.01,0.0429507478263476
231.02,0.0430180885065563
231.03,0.0430853772331784
231.04,0.0431526148473848
231.05,0.0432198018160508
231.06,0.0432869390973379
231.07,0.0433540275143163
231.08,0.0434210678658746
231.09,0.0434880609518318
231.1,0.0435550076220722
231.11,0.0436219091776582
231.12,0.0436887662085218
231.13,0.0437555795982803
231.14,0.0438223502388979
231.15,0.0438890790306861
231.16,0.0439557668823035
231.17,0.0440224151441844
231.18,0.0440890245662417
231.19,0.0441555961400493
231.2,0.04422213087507
231.21,0.0442886297948893
231.22,0.0443550939372149
231.23,0.0444215239735702
231.24,0.0444879210499505
231.25,0.0445542862276444
231.26,0.0446206205317438
231.27,0.04468692499548
231.28,0.0447532006602234
231.29,0.0448194481773369
231.3,0.0448856685856791
231.31,0.0449518629754977
231.32,0.0450180323344285
231.33,0.0450841776506946
231.34,0.045150299913107
231.35,0.045216400315792
231.36,0.045282479931842
231.37,0.0453485397078486
231.38,0.0454145806894116
231.39,0.0454806039275343
231.4,0.0455466104786234
231.41,0.0456126018480388
231.42,0.0456785795203027
231.43,0.0457445443718197
231.44,0.0458104976313063
231.45,0.0458764405463603
231.46,0.045942374383461
231.47,0.0460083001641305
231.48,0.0460742187108349
231.49,0.0461401315623177
231.5,0.0462060399385056
231.51,0.0462719450671666
231.52,0.0463378481839103
231.53,0.0464037503652242
231.54,0.0464696522649842
231.55,0.0465355554022285
231.56,0.0466014609258475
231.57,0.0466673699817747
231.58,0.0467332837129861
231.59,0.0467992033249444
231.6,0.0468651305249607
231.61,0.0469310662037861
231.62,0.0469970115859203
231.63,0.0470629679015413
231.64,0.0471289363865036
231.65,0.0471949182848548
231.66,0.0472609156523597
231.67,0.0473269294018448
231.68,0.0473929609058336
231.69,0.0474590115531897
231.7,0.0475250827491151
231.71,0.0475911759151508
231.72,0.04765729194653
231.73,0.0477234324265683
231.74,0.0477895987925894
231.75,0.0478557924348987
231.76,0.0479220147517884
231.77,0.047988267149538
231.78,0.0480545505203675
231.79,0.0481208662812216
231.8,0.0481872158861204
231.81,0.0482536006627826
231.82,0.0483200219372577
231.83,0.0483864810339244
231.84,0.0484529795257524
231.85,0.0485195188221549
231.86,0.0485861001943733
231.87,0.0486527250248323
231.88,0.048719394700006
231.89,0.0487861106104156
231.9,0.0488528743866757
231.91,0.0489196876741701
231.92,0.0489865518192937
231.93,0.0490534683412489
231.94,0.049120438774929
231.95,0.0491874645961777
231.96,0.0492545472430347
231.97,0.0493216883310405
231.98,0.0493888894125076
231.99,0.0494561520506958
232,0.0495234775858021
232.01,0.0495908669442194
232.02,0.0496583219075551
232.03,0.0497258438906749
232.04,0.049793434299081
232.05,0.0498610945010372
232.06,0.0499288257452081
232.07,0.0499966294496306
232.08,0.0500645069477611
232.09,0.0501324595599974
232.1,0.0502004886898448
232.11,0.050268596685335
232.12,0.0503367845088818
232.13,0.0504050536615871
232.14,0.0504734056566455
232.15,0.050541842023903
232.16,0.0506103648979527
232.17,0.0506789756441677
232.18,0.0507476759430533
232.19,0.0508164675001923
232.2,0.0508853520462436
232.21,0.0509543296576449
232.22,0.0510234023963415
232.23,0.0510925718154813
232.24,0.0511618393345756
232.25,0.0512312063573167
232.26,0.0513006735948431
232.27,0.0513702424010711
232.28,0.0514399140733122
232.29,0.0515096897614831
232.3,0.0515795705805558
232.31,0.0516495582560279
232.32,0.0517196541362743
232.33,0.0517898593395016
232.34,0.0518601751589929
232.35,0.0519306032609295
232.36,0.0520011453479973
232.37,0.0520718027427277
232.38,0.0521425769950681
232.39,0.0522134692409637
232.4,0.05228448010792
232.41,0.0523556113026434
232.42,0.0524268640680226
232.43,0.0524982393935726
232.44,0.0525697373524121
232.45,0.0526413592555204
232.46,0.0527131058593871
232.47,0.0527849778837161
232.48,0.0528569766061159
232.49,0.0529291024686439
232.5,0.053001356143076
232.51,0.0530737382553837
232.52,0.0531462505098594
232.53,0.0532188934262875
232.54,0.0532916677830283
232.55,0.0533645744303739
232.56,0.0534376136980215
232.57,0.0535107862598517
232.58,0.0535840928705428
232.59,0.0536575341464125
232.6,0.0537311097628247
232.61,0.0538048194730642
232.62,0.0538786637277233
232.63,0.0539526424808006
232.64,0.0540267555119637
232.65,0.0541010024146579
232.66,0.0541753828348425
232.67,0.0542498962495251
232.68,0.0543245428358935
232.69,0.0543993218749135
232.7,0.0544742328434788
232.71,0.0545492752805894
232.72,0.0546244487150248
232.73,0.0546997524951983
232.74,0.0547751858926824
232.75,0.0548507467435653
232.76,0.0549264342947812
232.77,0.0550022471504425
232.78,0.0550781828732852
232.79,0.055154238954805
232.8,0.0552304132608916
232.81,0.0553067033094456
232.82,0.0553831074574196
232.83,0.0554596226250477
232.84,0.0555362460160492
232.85,0.0556129751911804
232.86,0.0556898073415102
232.87,0.0557667394081071
232.88,0.0558437679760337
232.89,0.0559208885121905
232.9,0.0559980976285971
232.91,0.0560753912576329
232.92,0.0561527632680114
232.93,0.0562302086296304
232.94,0.0563077219423419
232.95,0.0563852971662991
232.96,0.0564629277349107
232.97,0.0565406069214202
232.98,0.0566183282945671
232.99,0.0566960855741499
233,0.0567738714009552
233.01,0.0568516784752653
233.02,0.0569294992878254
233.03,0.0570073261412353
233.04,0.0570851488288943
233.05,0.0571629579307631
233.06,0.0572407437113288
233.07,0.0573184937195126
233.08,0.0573961965048918
233.09,0.0574738395879703
233.1,0.0575514112538052
233.11,0.0576288978294151
233.12,0.0577062859325543
233.13,0.0577835632569456
233.14,0.0578607154837483
233.15,0.057937727958554
233.16,0.0580145847334095
233.17,0.058091270531791
233.18,0.0581677672476672
233.19,0.0582440550394922
233.2,0.0583201152637468
233.21,0.0583959269328056
233.22,0.0584714681491962
233.23,0.0585467162828622
233.24,0.0586216505741828
233.25,0.0586962478078855
233.26,0.0587704839527525
233.27,0.0588443352254085
233.28,0.0589177767225357
233.29,0.0589907827484303
233.3,0.0590633233310215
233.31,0.0591353710369952
233.32,0.0592068958686056
233.33,0.0592778649979994
233.34,0.0593482462836109
233.35,0.0594180063079256
233.36,0.0594871113775772
233.37,0.0595555255420272
233.38,0.0596232131858484
233.39,0.0596901381989779
233.4,0.0597562625940212
233.41,0.0598215473405247
233.42,0.0598859525985159
233.43,0.0599494378425812
233.44,0.0600119601202914
233.45,0.0600734762158504
233.46,0.0601339418437541
233.47,0.0601933120509593
233.48,0.0602515403242862
233.49,0.0603085795468221
233.5,0.0603643843700959
233.51,0.0604189059862591
233.52,0.0604720959489345
233.53,0.060523906002746
233.54,0.0605742862944447
233.55,0.0606231871012013
233.56,0.0606705587373559
233.57,0.0607163502195601
233.58,0.060760511468208
233.59,0.0608029924863245
233.6,0.0608437419366406
233.61,0.0608827107525376
233.62,0.0609198493845435
233.63,0.0609551075144107
233.64,0.060988438289226
233.65,0.0610197933604196
233.66,0.0610491248363983
233.67,0.0610763890105181
233.68,0.0611015397587996
233.69,0.0611245330296002
233.7,0.0611453285865401
233.71,0.061163884349614
233.72,0.0611801610055303
233.73,0.0611941228110898
233.74,0.0612057328449395
233.75,0.061214957589067
233.76,0.061221766541368
233.77,0.0612261289790001
233.78,0.0612280178797109
233.79,0.0612274085527703
233.8,0.0612242771936974
233.81,0.0612186035479526
233.82,0.0612103692272811
233.83,0.0611995576420654
233.84,0.0611861551984412
233.85,0.0611701501575609
233.86,0.061151533051171
233.87,0.0611302964473418
233.88,0.0611064353889047
233.89,0.0610799469386234
233.9,0.0610508292940074
233.91,0.0610190838311718
233.92,0.0609847132134707
233.93,0.0609477206982481
233.94,0.0609081130718706
233.95,0.0608658976388264
233.96,0.0608210820998272
233.97,0.0607736769913824
233.98,0.0607236923534168
233.99,0.0606711406584252
234,0.0606160341727632
234.01,0.0605583861030982
234.02,0.0604982107194168
234.03,0.0604355213389542
234.04,0.0603703333356135
234.05,0.0603026603429816
234.06,0.0602325175228625
234.07,0.0601599193202696
234.08,0.06008487964361
234.09,0.0600074130520513
234.1,0.0599275321787206
234.11,0.0598452508414407
234.12,0.0597605810796642
234.13,0.0596735343110218
234.14,0.0595841220295827
234.15,0.0594923532238605
234.16,0.0593982375633023
234.17,0.0593017828557687
234.18,0.0592029957261993
234.19,0.0591018824230646
234.2,0.058998447009237
234.21,0.0588926932994792
234.22,0.0587846234543975
234.23,0.0586742382339078
234.24,0.0585615375931674
234.25,0.0584465196241233
234.26,0.058329181668389
234.27,0.058209519657249
234.28,0.0580875281022034
234.29,0.0579632004290674
234.3,0.0578365288388594
234.31,0.0577075045110795
234.32,0.0575761171358824
234.33,0.0574423556802059
234.34,0.0573062082878224
234.35,0.0571676614057532
234.36,0.0570267015154777
234.37,0.0568833140760802
234.38,0.0567374830330374
234.39,0.0565891933284453
234.4,0.056438428215978
234.41,0.0562851700653462
234.42,0.0561294032431236
234.43,0.0559711098161384
234.44,0.0558102723339879
234.45,0.0556468737532314
234.46,0.0554808982304827
234.47,0.0553123288744861
234.48,0.0551411497825243
234.49,0.0549673463698947
234.5,0.0547909047733415
234.51,0.0546118117350383
234.52,0.0544300553492309
234.53,0.0542456260170576
234.54,0.0540585146811473
234.55,0.0538687143117331
234.56,0.0536762199348326
234.57,0.0534810290804805
234.58,0.0532831409583433
234.59,0.0530825574350683
234.6,0.0528792831120352
234.61,0.052673325372333
234.62,0.0524646945140451
234.63,0.0522534040209246
234.64,0.0520394701889744
234.65,0.0518229132599794
234.66,0.0516037569145146
234.67,0.0513820281931598
234.68,0.0511577572402924
234.69,0.0509309794122508
234.7,0.0507017337016179
234.71,0.0504700632723115
234.72,0.050236012191986
234.73,0.0499996327726603
234.74,0.0497609803517307
234.75,0.0495201147642893
234.76,0.0492770968173102
234.77,0.0490319936895201
234.78,0.0487848779590021
234.79,0.0485358258079345
234.8,0.0482849156989665
234.81,0.048032228292056
234.82,0.0477778527140298
234.83,0.0475218803818886
234.84,0.0472644061804504
234.85,0.0470055232287214
234.86,0.0467453351583869
234.87,0.0464839466080569
234.88,0.0462214656088162
234.89,0.0459579983821213
234.9,0.0456936579684609
234.91,0.0454285600976513
234.92,0.0451628223101918
234.93,0.0448965621329322
234.94,0.0446298983115667
234.95,0.0443629542898758
234.96,0.0440958536374467
234.97,0.0438287206285055
234.98,0.0435616779608467
234.99,0.0432948524904292
235,0.043028370230903
235.01,0.0427623574178244
235.02,0.0424969390333074
235.03,0.0422322408557535
235.04,0.0419683880181384
235.05,0.0417055047602744
235.06,0.0414437146975185
235.07,0.0411831404236645
235.08,0.0409239026611259
235.09,0.0406661207762955
235.1,0.0404099126518281
235.11,0.0401553966783621
235.12,0.0399026861812187
235.13,0.0396518934045369
235.14,0.0394031282340313
235.15,0.0391565012891685
235.16,0.0389121184417718
235.17,0.0386700826516867
235.18,0.0384304947483225
235.19,0.0381934544803443
235.2,0.0379590604593759
235.21,0.0377274050767048
235.22,0.0374985793425532
235.23,0.0372726716130521
235.24,0.0370497720633226
235.25,0.0368299625314365
235.26,0.0366133240487933
235.27,0.0363999348373922
235.28,0.0361898732781664
235.29,0.0359832136028845
235.3,0.0357800264145236
235.31,0.0355803804869145
235.32,0.0353843427788462
235.33,0.0351919793965625
235.34,0.0350033520494008
235.35,0.0348185210362509
235.36,0.0346375447827013
235.37,0.0344604795481043
235.38,0.0342873794896106
235.39,0.0341182968441745
235.4,0.0339532817318896
235.41,0.0337923825814
235.42,0.0336356459004378
235.43,0.0334831167518399
235.44,0.0333348388012457
235.45,0.0331908535519091
235.46,0.0330512011937226
235.47,0.032915920625378
235.48,0.032785049230249
235.49,0.032658623072013
235.5,0.032536676891692
235.51,0.032419243836453
235.52,0.0323063562950901
235.53,0.0321980453642149
235.54,0.0320943406743468
235.55,0.0319952707168326
235.56,0.0319008632163811
235.57,0.0318111447198238
235.58,0.0317261400002804
235.59,0.0316458735302187
235.6,0.0315703685425244
235.61,0.0314996471032855
235.62,0.0314337297360084
235.63,0.0313726366085888
235.64,0.031316386630667
235.65,0.0312649976638132
235.66,0.0312184865644877
235.67,0.0311768692441178
235.68,0.0311401606250634
235.69,0.0311083731596084
235.7,0.0310815193312358
235.71,0.031059610334097
235.72,0.03104265598673
235.73,0.0310306644133136
235.74,0.0310236429916374
235.75,0.0310215976064917
235.76,0.031024532632115
235.77,0.0310324509159985
235.78,0.0310453541319765
235.79,0.031063242373062
235.8,0.0310861139185114
235.81,0.0311139656311294
235.82,0.0311467927985849
235.83,0.031184588964498
235.84,0.0312273454773968
235.85,0.0312750523827637
235.86,0.0313276977055972
235.87,0.0313852674668499
235.88,0.0314477455508248
235.89,0.031515114047257
235.9,0.0315873528608237
235.91,0.0316644397617849
235.92,0.0317463503186601
235.93,0.0318330578427646
235.94,0.0319245333453874
235.95,0.0320207459610078
235.96,0.0321216620059465
235.97,0.03222724554233
235.98,0.0323374583400371
235.99,0.0324522601662668
236,0.0325716077758666
236.01,0.0326954556467055
236.02,0.0328237560630049
236.03,0.0329564588689685
236.04,0.0330935111285566
236.05,0.03323485751595
236.06,0.0333804407545833
236.07,0.0335302006176379
236.08,0.0336840744418153
236.09,0.0338419972345492
236.1,0.0340039023253796
236.11,0.0341697197261598
236.12,0.0343393773611353
236.13,0.0345128012589641
236.14,0.0346899155088667
236.15,0.0348706412416556
236.16,0.0350548976862881
236.17,0.0352426026852735
236.18,0.0354336716108742
236.19,0.0356280177429732
236.2,0.0358255525952307
236.21,0.0360261865048017
236.22,0.0362298273198732
236.23,0.0364363814331998
236.24,0.0366457537898091
236.25,0.0368578482047056
236.26,0.0370725666762574
236.27,0.0372898100564378
236.28,0.03750947799424
236.29,0.0377314689848729
236.3,0.0379556806209948
236.31,0.0381820098275815
236.32,0.0384103524416235
236.33,0.0386406038844757
236.34,0.0388726593267565
236.35,0.0391064132276242
236.36,0.0393417597047075
236.37,0.0395785923658794
236.38,0.0398168050229559
236.39,0.040056291022316
236.4,0.0402969432591617
236.41,0.0405386550511408
236.42,0.0407813199452582
236.43,0.0410248321994172
236.44,0.0412690858174624
236.45,0.0415139761388045
236.46,0.0417594000583309
236.47,0.0420052545857846
236.48,0.0422514375252992
236.49,0.0424978469351958
236.5,0.0427443831860102
236.51,0.0429909464771598
236.52,0.0432374370115977
236.53,0.0434837571472335
236.54,0.0437298104270188
236.55,0.0439755022903448
236.56,0.0442207383430487
236.57,0.0444654270678185
236.58,0.044709479707919
236.59,0.0449528082585428
236.6,0.0451953259152193
236.61,0.0454369465512097
236.62,0.045677587817424
236.63,0.0459171677831261
236.64,0.046155605666017
236.65,0.0463928229999397
236.66,0.0466287432860159
236.67,0.0468632922390144
236.68,0.0470963966066678
236.69,0.0473279857829439
236.7,0.0475579914996323
236.71,0.0477863472220104
236.72,0.048012988191766
236.73,0.0482378514382382
236.74,0.0484608767500283
236.75,0.0486820049939897
236.76,0.0489011785709089
236.77,0.0491183424046101
236.78,0.0493334430481452
236.79,0.0495464288847738
236.8,0.0497572499153154
236.81,0.0499658584482819
236.82,0.050172208840243
236.83,0.0503762569414906
236.84,0.0505779605519037
236.85,0.0507772793285247
236.86,0.0509741749509436
236.87,0.0511686104059453
236.88,0.0513605502794993
236.89,0.0515499612329046
236.9,0.0517368112182076
236.91,0.0519210696946725
236.92,0.0521027077373779
236.93,0.0522816979049229
236.94,0.0524580141974728
236.95,0.0526316319438855
236.96,0.0528025284374482
236.97,0.0529706825376014
236.98,0.0531360742394776
236.99,0.0532986849095402
237,0.0534584973091853
237.01,0.0536154957757547
237.02,0.0537696650676409
237.03,0.0539209910709915
237.04,0.0540694611979331
237.05,0.054215063893253
237.06,0.05435778882255
237.07,0.0544976262295479
237.08,0.0546345679085928
237.09,0.0547686077872707
237.1,0.0548997397310103
237.11,0.0550279590418337
237.12,0.0551532609601081
237.13,0.0552756428598682
237.14,0.0553951026281124
237.15,0.0555116380733663
237.16,0.0556252485194881
237.17,0.0557359336492945
237.18,0.0558436949563531
237.19,0.055948533856306
237.2,0.0560504525636829
237.21,0.0561494540686741
237.22,0.0562455420555029
237.23,0.0563387208837675
237.24,0.0564289956024902
237.25,0.056516371917983
237.26,0.0566008561224851
237.27,0.0566824551115709
237.28,0.0567611763272656
237.29,0.0568370278212157
237.3,0.0569100181492559
237.31,0.0569801562781239
237.32,0.0570474517567118
237.33,0.0571119145533581
237.34,0.0571735550207411
237.35,0.0572323839523574
237.36,0.0572884125041576
237.37,0.0573416525223531
237.38,0.0573921160385302
237.39,0.0574398154699578
237.4,0.057484763873934
237.41,0.0575269746976848
237.42,0.0575664616918107
237.43,0.057603238797346
237.44,0.057637320070689
237.45,0.0576687202248871
237.46,0.0576974540702655
237.47,0.0577235365950792
237.48,0.0577469830553983
237.49,0.0577678088620542
237.5,0.0577860303944066
237.51,0.057801663667995
237.52,0.0578147250493227
237.53,0.0578252312608858
237.54,0.0578331993387634
237.55,0.057838646500139
237.56,0.0578415902448709
237.57,0.0578420477897384
237.58,0.0578400370553778
237.59,0.057835575967823
237.6,0.0578286826046619
237.61,0.0578193751860272
237.62,0.0578076720658127
237.63,0.0577935917592451
237.64,0.0577771531872301
237.65,0.0577583751090088
237.66,0.0577372765232429
237.67,0.0577138765827423
237.68,0.0576881945632873
237.69,0.0576602498628898
237.7,0.0576300619794474
237.71,0.0575976504711098
237.72,0.0575630350795107
237.73,0.0575262356129433
237.74,0.0574872719758247
237.75,0.0574461641775318
237.76,0.0574029322832502
237.77,0.0573575964432283
237.78,0.0573101768802696
237.79,0.0572606938980486
237.8,0.0572091678415688
237.81,0.0571556191178463
237.82,0.05710006818228
237.83,0.0570425355121743
237.84,0.056983041646591
237.85,0.0569216071469208
237.86,0.0568582526001456
237.87,0.0567929987779346
237.88,0.0567258663033195
237.89,0.0566568758833967
237.9,0.0565860482464128
237.91,0.0565134042256407
237.92,0.0564389645942696
237.93,0.056362750162478
237.94,0.0562847817619543
237.95,0.0562050800730334
237.96,0.0561236658962741
237.97,0.0560405600191808
237.98,0.0559557831914071
237.99,0.0558693561674349
238,0.0557812996565728
238.01,0.0556916343319147
238.02,0.0556003808370249
238.03,0.0555075598002492
238.04,0.0554131922356794
238.05,0.0553172986090619
238.06,0.0552198995530082
238.07,0.0551210156780766
238.08,0.055020667491876
238.09,0.0549188753818562
238.1,0.0548156598763781
238.11,0.0547110413811258
238.12,0.0546050402514441
238.13,0.0544976767469271
238.14,0.0543889710918942
238.15,0.0542789434586467
238.16,0.0541676139405107
238.17,0.0540550025642475
238.18,0.0539411294525215
238.19,0.0538260144529149
238.2,0.0537096774152873
238.21,0.0535921381165883
238.22,0.0534734162901007
238.23,0.0533535316392027
238.24,0.0532325037086888
238.25,0.0531103520030234
238.26,0.0529870959502685
238.27,0.0528627548841318
238.28,0.0527373480652889
238.29,0.0526108946777235
238.3,0.0524834138154294
238.31,0.0523549244838174
238.32,0.0522254454787801
238.33,0.0520949956518403
238.34,0.0519635937002047
238.35,0.0518312582192548
238.36,0.0516980077000829
238.37,0.0515638604876127
238.38,0.0514288348464729
238.39,0.0512929489327059
238.4,0.0511562207765018
238.41,0.0510186682880502
238.42,0.0508803094379753
238.43,0.0507411621200426
238.44,0.050601243862726
238.45,0.0504605722104677
238.46,0.0503191645998482
238.47,0.0501770383916719
238.48,0.0500342109479272
238.49,0.0498906993547182
238.5,0.0497465206648719
238.51,0.0496016918299323
238.52,0.0494562297002234
238.53,0.0493101505477609
238.54,0.049163471108351
238.55,0.0490162077910149
238.56,0.0488683768711742
238.57,0.0487199944937024
238.58,0.0485710767188203
238.59,0.0484216394407369
238.6,0.0482716984080193
238.61,0.0481212692464695
238.62,0.0479703674450354
238.63,0.0478190083888105
238.64,0.0476672073384708
238.65,0.0475149793590896
238.66,0.0473623394030119
238.67,0.0472093022819752
238.68,0.0470558827901546
238.69,0.0469020961084242
238.7,0.0467479565100379
238.71,0.0465934784718875
238.72,0.0464386763685057
238.73,0.0462835644742216
238.74,0.0461281561224682
238.75,0.0459724655066177
238.76,0.0458165063791609
238.77,0.0456602923219743
238.78,0.0455038367729472
238.79,0.0453471531014093
238.8,0.0451902544857519
238.81,0.0450331539320511
238.82,0.0448758643246548
238.83,0.0447183984018343
238.84,0.044560768968256
238.85,0.0444029888262122
238.86,0.0442450702422828
238.87,0.0440870255482431
238.88,0.0439288669581073
238.89,0.043770606526298
238.9,0.0436122559561536
238.91,0.0434538271650499
238.92,0.043295331810477
238.93,0.0431367814203722
238.94,0.0429781873930138
238.95,0.0428195608465977
238.96,0.0426609129426873
238.97,0.0425022546580481
238.98,0.0423435968230444
238.99,0.0421849501300341
239,0.0420263251868807
239.01,0.0418677327554319
239.02,0.0417091830227159
239.03,0.0415506862275011
239.04,0.0413922524855679
239.05,0.0412338917903974
239.06,0.0410756139768079
239.07,0.0409174287352608
239.08,0.0407593457073079
239.09,0.0406013743761543
239.1,0.0404435241014012
239.11,0.0402858041193923
239.12,0.0401282234210781
239.13,0.0399707909485827
239.14,0.0398135155638971
239.15,0.0396564059582786
239.16,0.0394994706922459
239.17,0.0393427181952758
239.18,0.0391861571964322
239.19,0.0390297957880479
239.2,0.0388736420986881
239.21,0.0387177041670058
239.22,0.0385619899212416
239.23,0.0384065071695327
239.24,0.0382512635585101
239.25,0.0380962667086616
239.26,0.0379415240991276
239.27,0.037787043101361
239.28,0.0376328309801082
239.29,0.0374788946994987
239.3,0.0373252410130021
239.31,0.0371718769232441
239.32,0.037018809135063
239.33,0.0368660442272452
239.34,0.0367135886517644
239.35,0.0365614491310157
239.36,0.0364096319862358
239.37,0.0362581432933085
239.38,0.0361069891479627
239.39,0.0359561755405044
239.4,0.0358057083567583
239.41,0.0356555935364184
239.42,0.0355058368350775
239.43,0.0353564438258693
239.44,0.0352074200546462
239.45,0.0350587709784246
239.46,0.0349105019670684
239.47,0.0347626180252694
239.48,0.0346151241634547
239.49,0.0344680255264354
239.5,0.0343213270183396
239.51,0.0341750334430932
239.52,0.0340291495046424
239.53,0.033883679787702
239.54,0.0337386287790758
239.55,0.0335940008873967
239.56,0.0334498004085725
239.57,0.0333060315379763
239.58,0.0331626983705577
239.59,0.0330198051248622
239.6,0.032877355965163
239.61,0.0327353546275206
239.62,0.0325938049395519
239.63,0.0324527106505487
239.64,0.0323120754330678
239.65,0.0321719026777087
239.66,0.0320321955847088
239.67,0.0318929576831944
239.68,0.0317541922150314
239.69,0.0316159023305925
239.7,0.0314780910887858
239.71,0.0313407616473998
239.72,0.0312039172566857
239.73,0.0310675605766261
239.74,0.0309316944123515
239.75,0.0307963214886652
239.76,0.0306614444500463
239.77,0.0305270657846448
239.78,0.0303931879962353
239.79,0.0302598134774273
239.8,0.0301269445355877
239.81,0.0299945833962676
239.82,0.0298627324935825
239.83,0.0297313941777538
239.84,0.0296005703393619
239.85,0.0294702629991568
239.86,0.0293404741081263
239.87,0.0292112055296092
239.88,0.0290824587827976
239.89,0.0289542357111082
239.9,0.028826537930924
239.91,0.0286993669831537
239.92,0.0285727243332312
239.93,0.0284466117040994
239.94,0.0283210305514017
239.95,0.0281959820790998
239.96,0.0280714675586399
239.97,0.0279474881964779
239.98,0.0278240451773756
239.99,0.0277011398555733
240,0.0275787732770294
240.01,0.0274569465324025
