T,R
0,0.00226510609110107
0.00999999999999091,0.00225285249968962
0.0199999999999818,0.00224065711562042
0.0299999999999727,0.0022285202322628
0.039999999999992,0.00221644212750712
0.0499999999999829,0.0022044230642068
0.0599999999999739,0.00219246328469764
0.0699999999999932,0.00218056302157521
0.0799999999999841,0.00216872249413337
0.089999999999975,0.00215694190666285
0.0999999999999943,0.00214522145012575
0.109999999999985,0.00213356129875254
0.119999999999976,0.002121961613249
0.129999999999995,0.00211042254774933
0.139999999999986,0.00209894424142106
0.149999999999977,0.00208752682169839
0.159999999999997,0.00207617040465612
0.169999999999987,0.00206487508797772
0.179999999999978,0.00205364096412954
0.189999999999998,0.00204246811669487
0.199999999999989,0.00203135661692629
0.20999999999998,0.00202030652607026
0.219999999999999,0.00200931789570475
0.22999999999999,0.00199839075723382
0.239999999999981,0.00198752514636266
0.25,0.00197672108516654
0.259999999999991,0.0019659785866421
0.269999999999982,0.00195529765527459
0.279999999999973,0.00194467828573055
0.289999999999992,0.0019341204582201
0.299999999999983,0.00192362415551318
0.309999999999974,0.00191318934848774
0.319999999999993,0.00190281600056996
0.329999999999984,0.00189250406800283
0.339999999999975,0.00188225349683484
0.349999999999994,0.0018720642249942
0.359999999999985,0.00186193618958679
0.369999999999976,0.0018518693184855
0.379999999999995,0.00184186353332945
0.389999999999986,0.0018319187497644
0.399999999999977,0.00182203487262608
0.409999999999997,0.00181221180451258
0.419999999999987,0.00180244944420029
0.429999999999978,0.0017927476835339
0.439999999999998,0.00178310640919706
0.449999999999989,0.00177352550292684
0.45999999999998,0.00176400483470337
0.469999999999999,0.00175454427828373
0.47999999999999,0.00174514370030985
0.489999999999981,0.00173580296267329
0.5,0.00172652192303381
0.509999999999991,0.00171730043393493
0.519999999999982,0.00170813833873641
0.529999999999973,0.00169903548547767
0.539999999999992,0.00168999171504253
0.549999999999983,0.00168100686474423
0.559999999999974,0.0016720807684951
0.569999999999993,0.0016632132566082
0.579999999999984,0.0016544041489611
0.589999999999975,0.00164565327271591
0.599999999999994,0.00163696044806264
0.609999999999985,0.00162832549233723
0.619999999999976,0.00161974822016997
0.629999999999995,0.00161122844363431
0.639999999999986,0.00160276596522104
0.649999999999977,0.00159436059398669
0.659999999999997,0.00158601213386169
0.669999999999987,0.00157772038620382
0.679999999999978,0.00156948515025278
0.689999999999998,0.00156130622325893
0.699999999999989,0.00155318339547529
0.70999999999998,0.00154511646061873
0.719999999999999,0.00153710521013832
0.72999999999999,0.00152914943296091
0.739999999999981,0.00152124891640976
0.75,0.00151340344631613
0.759999999999991,0.00150561280358286
0.769999999999982,0.00149787677039599
0.779999999999973,0.00149019512870279
0.789999999999992,0.00148256765811873
0.799999999999983,0.00147499413711065
0.809999999999974,0.00146747434309382
0.819999999999993,0.00146000804995247
0.829999999999984,0.00145259503150673
0.839999999999975,0.00144523506288995
0.849999999999994,0.00143792791706467
0.859999999999985,0.00143067336623433
0.869999999999976,0.00142347118192725
0.879999999999995,0.00141632113325782
0.889999999999986,0.00140922298825688
0.899999999999977,0.00140217651750538
0.909999999999997,0.00139518148956379
0.919999999999987,0.00138823767256024
0.929999999999978,0.00138134483426235
0.939999999999998,0.00137450274091874
0.949999999999989,0.00136771115699147
0.95999999999998,0.00136096985056055
0.969999999999999,0.00135427858778215
0.97999999999999,0.00134763713467623
0.989999999999981,0.00134104525718959
1,0.00133450272125917
1.00999999999999,0.00132800929020514
1.01999999999998,0.00132156472969361
1.02999999999997,0.00131516880554668
1.03999999999999,0.0013088212831416
1.04999999999998,0.00130252192796376
1.05999999999997,0.00129627050520887
1.06999999999999,0.001290066779552
1.07999999999998,0.00128391051728326
1.08999999999997,0.00127780148431762
1.09999999999999,0.00127173944683391
1.10999999999999,0.00126572417131701
1.11999999999998,0.00125975542388061
1.13,0.00125383297178192
1.13999999999999,0.00124795658251283
1.14999999999998,0.0012421260239331
1.16,0.00123634106437295
1.16999999999999,0.00123060147222181
1.17999999999998,0.00122490701613197
1.19,0.00121925746616026
1.19999999999999,0.00121365259253408
1.20999999999998,0.00120809216607893
1.22,0.00120257595825223
1.22999999999999,0.00119710373958984
1.23999999999998,0.00119167528325919
1.25,0.00118629036238706
1.25999999999999,0.00118094875077163
1.26999999999998,0.00117565022292338
1.27999999999997,0.00117039455355254
1.28999999999999,0.00116518151812994
1.29999999999998,0.00116001089348588
1.30999999999997,0.00115488245689859
1.31999999999999,0.00114979598643314
1.32999999999998,0.001144751260914
1.33999999999997,0.00113974805932172
1.34999999999999,0.00113478616237997
1.35999999999999,0.0011298653513105
1.36999999999998,0.00112498540819556
1.38,0.0011201461159976
1.38999999999999,0.00111534725913616
1.39999999999998,0.00111058862198782
1.41,0.00110586998953294
1.41999999999999,0.00110119114785861
1.42999999999998,0.00109655188384941
1.44,0.00109195198518753
1.44999999999999,0.00108739124383112
1.45999999999998,0.0010828694491961
1.47,0.00107838639125963
1.47999999999999,0.00107394186169244
1.48999999999998,0.00106953565303484
1.5,0.00106516755869675
1.50999999999999,0.00106083737712171
1.51999999999998,0.00105654490261878
1.52999999999997,0.00105228993150083
1.53999999999999,0.00104807226146488
1.54999999999998,0.00104389169114977
1.55999999999997,0.00103974802013616
1.56999999999999,0.00103564105289744
1.57999999999998,0.00103157058936939
1.58999999999997,0.0010275364325383
1.59999999999999,0.00102353838641353
1.60999999999999,0.00101957625600477
1.61999999999998,0.00101564984753586
1.63,0.00101175897026458
1.63999999999999,0.00100790343130186
1.64999999999998,0.0010040830400445
1.66,0.00100029760692659
1.66999999999999,0.000996546943419507
1.67999999999998,0.000992830862356998
1.69,0.000989149178646381
1.69999999999999,0.000985501706321413
1.70999999999998,0.000981888261279073
1.72,0.000978308660479821
1.72999999999999,0.000974762721947633
1.73999999999998,0.000971250265259908
1.75,0.000967771111562299
1.75999999999999,0.000964325081561892
1.76999999999998,0.000960911997748461
1.77999999999997,0.000957531683693331
1.78999999999999,0.000954183964049361
1.79999999999998,0.000950868664550984
1.80999999999997,0.000947585613112575
1.81999999999999,0.000944334637602054
1.82999999999998,0.000941115566909122
1.83999999999997,0.000937928231296654
1.84999999999999,0.000934772462125727
1.85999999999999,0.000931648091855653
1.86999999999998,0.0009285549541661
1.88,0.00092549288448826
1.88999999999999,0.000922461718206323
1.89999999999998,0.00091946129228949
1.91,0.000916491444815311
1.91999999999999,0.000913552014969702
1.92999999999998,0.000910642843046903
1.94,0.00090776377053523
1.94999999999999,0.000904914639991641
1.95999999999998,0.000902095295005924
1.97,0.000899305580327278
1.97999999999999,0.000896545341815073
1.98999999999998,0.000893814426438803
2,0.000891112682278115
2.00999999999999,0.000888439958110708
2.01999999999998,0.000885796104413449
2.02999999999997,0.000883180972552133
2.03999999999999,0.000880594414990735
2.04999999999998,0.000878036285298852
2.05999999999997,0.000875506438151655
2.06999999999999,0.000873004729072854
2.07999999999998,0.000870531014528898
2.08999999999997,0.00086808515273081
2.09999999999999,0.000865667002677361
2.10999999999999,0.000863276424464551
2.11999999999998,0.000860913279285565
2.13,0.000858577429430797
2.13999999999999,0.000856268737019644
2.14999999999998,0.000853987066867598
2.16,0.000851732284704182
2.16999999999999,0.000849504257079129
2.17999999999998,0.000847302851630839
2.19,0.000845127937086401
2.19999999999999,0.00084297938326161
2.20999999999998,0.000840857061060931
2.22,0.000838760841989022
2.22999999999999,0.000836690596797144
2.23999999999998,0.000834646201149687
2.25,0.000832627530075608
2.25999999999999,0.000830634459676792
2.26999999999998,0.000828666867128021
2.27999999999997,0.000826724630676997
2.28999999999999,0.000824807629644327
2.29999999999998,0.000822915744423551
2.30999999999997,0.000821048854203455
2.31999999999999,0.000819206840816982
2.32999999999998,0.000817389588903959
2.33999999999997,0.000815596982822357
2.34999999999999,0.000813828907981231
2.35999999999999,0.000812085250840736
2.36999999999998,0.000810365898912096
2.38,0.000808670740757623
2.38999999999999,0.000806999665990725
2.39999999999998,0.000805352560623447
2.41,0.000803729318931892
2.41999999999999,0.000802129833431249
2.42999999999998,0.000800553997561423
2.44,0.000799001705788845
2.44999999999999,0.000797472853606483
2.45999999999998,0.000795967337533816
2.47,0.000794485055116846
2.47999999999999,0.000793025903320974
2.48999999999998,0.000791589779271913
2.5,0.000790176585475719
2.50999999999999,0.000788786223208974
2.51999999999998,0.000787418594749355
2.52999999999997,0.00078607360337566
2.53999999999999,0.00078475115336779
2.54999999999998,0.000783451150006771
2.55999999999997,0.000782173499574726
2.56999999999999,0.000780918105718515
2.57999999999998,0.000779684877429877
2.58999999999997,0.000778473724558646
2.59999999999999,0.000777284557002591
2.60999999999999,0.000776117285634975
2.61999999999998,0.000774971822304534
2.63,0.000773848079835484
2.63999999999999,0.000772745972027537
2.64999999999998,0.000771665412723052
2.66,0.000770606312232331
2.66999999999999,0.000769568591218578
2.67999999999998,0.000768552167030284
2.69,0.000767556957971144
2.69999999999999,0.000766582883300068
2.70999999999998,0.000765629863231158
2.72,0.000764697818933722
2.72999999999999,0.000763786672532278
2.73999999999998,0.000762896347106544
2.75,0.000762026766691437
2.75999999999999,0.000761177850337079
2.76999999999998,0.000760349524050436
2.77999999999997,0.00075954171696955
2.78999999999999,0.000758754356443162
2.79999999999998,0.000757987370746915
2.80999999999997,0.000757240689083334
2.81999999999999,0.000756514241581841
2.82999999999998,0.000755807959298753
2.83999999999997,0.000755121774217275
2.84999999999999,0.000754455619247504
2.85999999999999,0.000753809426880861
2.86999999999998,0.000753183123073265
2.88,0.000752576649826157
2.88999999999999,0.000751989943199541
2.89999999999998,0.000751422940148259
2.91,0.000750875578521999
2.91999999999999,0.000750347797065297
2.92999999999998,0.00074983953541753
2.94,0.00074935073411292
2.94999999999999,0.000748881334580537
2.95999999999998,0.000748431279144292
2.97,0.000748000505185078
2.97999999999999,0.000747588956655147
2.98999999999998,0.000747196580908225
3,0.000746823323338254
3.00999999999999,0.000746469130205563
3.01999999999998,0.000746133948636856
3.02999999999997,0.00074581772662522
3.03999999999999,0.000745520413030123
3.04999999999998,0.000745241957577415
3.05999999999997,0.000744982310859326
3.06999999999999,0.000744741423387456
3.07999999999998,0.000744519240473157
3.08999999999997,0.000744315720284941
3.09999999999999,0.000744130816447124
3.10999999999999,0.000743964483425479
3.11999999999998,0.000743816676527229
3.13,0.00074368735190105
3.13999999999999,0.000743576466537074
3.14999999999998,0.000743483978266886
3.16,0.000743409845763523
3.16999999999999,0.000743354028541478
3.17999999999998,0.000743316482519825
3.19,0.000743297168597548
3.19999999999999,0.000743296050711782
3.20999999999998,0.000743313091346947
3.22,0.00074334825380678
3.22999999999999,0.000743401502214332
3.23999999999998,0.000743472801511967
3.25,0.000743562117461365
3.25999999999999,0.000743669416643517
3.26999999999998,0.000743794666458732
3.27999999999997,0.000743937834648804
3.28999999999999,0.000744098886039788
3.29999999999998,0.000744277793097466
3.30999999999997,0.000744474526090025
3.31999999999999,0.00074468905606255
3.32999999999998,0.000744921354835145
3.33999999999997,0.000745171395001074
3.34999999999999,0.000745439149924881
3.35999999999999,0.000745724593740521
3.36999999999998,0.000746027701349496
3.38,0.000746348448418979
3.38999999999999,0.000746686811379941
3.39999999999998,0.00074704276742529
3.41,0.000747416295255628
3.41999999999999,0.000747807373263188
3.42999999999998,0.000748215980841743
3.44,0.00074864209826875
3.44999999999999,0.000749085706578935
3.45999999999998,0.000749546787562604
3.47,0.000750025323763936
3.47999999999999,0.000750521298479283
3.48999999999998,0.000751034695755476
3.5,0.000751565500388126
3.50999999999999,0.000752113697919918
3.51999999999998,0.000752679274638921
3.52999999999997,0.000753262218992954
3.53999999999999,0.000753862519161063
3.54999999999998,0.000754480162849953
3.55999999999997,0.000755115139473877
3.56999999999999,0.000755767439197818
3.57999999999998,0.000756437052936295
3.58999999999997,0.000757123972352183
3.59999999999999,0.000757828189855522
3.60999999999999,0.00075854969860232
3.61999999999998,0.000759288492493377
3.63,0.000760044566173094
3.63999999999999,0.000760817915028274
3.64999999999998,0.000761608535813048
3.66,0.000762416426921471
3.66999999999999,0.000763241584713558
3.67999999999998,0.000764084007681006
3.69,0.000764943695064753
3.69999999999999,0.000765820646854253
3.70999999999998,0.000766714863786776
3.72,0.000767626347346696
3.72999999999999,0.000768555099764763
3.73999999999998,0.000769501124017409
3.75,0.000770464423826027
3.75999999999999,0.000771445003656252
3.76999999999998,0.000772442868717262
3.77999999999997,0.000773458026993578
3.78999999999999,0.000774490483845242
3.79999999999998,0.000775540246816709
3.80999999999997,0.000776607324209121
3.81999999999999,0.000777691725074076
3.82999999999998,0.000778793459213286
3.83999999999997,0.000779912537178262
3.84999999999999,0.000781048970269979
3.85999999999999,0.000782202770538526
3.86999999999998,0.000783373950782796
3.88,0.000784562524550146
3.88999999999999,0.000785768506136055
3.89999999999998,0.000786991911986461
3.91,0.000788232757622268
3.91999999999999,0.000789491059225679
3.92999999999998,0.000790766834203912
3.94,0.000792060100721069
3.94999999999999,0.000793370877698174
3.95999999999998,0.000794699184813247
3.97,0.00079604504250134
3.97999999999999,0.000797408471954576
3.98999999999998,0.000798789495122222
4,0.000800188134710727
4.00999999999999,0.000801604414183759
4.01999999999998,0.000803038358733828
4.02999999999997,0.000804489994176458
4.03999999999999,0.00080595934532384
4.04999999999998,0.00080744643881135
4.05999999999997,0.000808951302044112
4.06999999999999,0.000810473963197486
4.07999999999998,0.000812014451217562
4.08999999999997,0.000813572795821685
4.09999999999999,0.000815149027498949
4.10999999999999,0.000816743177510688
4.11999999999998,0.000818355277891001
4.13,0.00081998536144725
4.13999999999999,0.000821633462255906
4.14999999999998,0.000823299617378749
4.16,0.000824983859811305
4.16999999999999,0.000826686225611663
4.17999999999998,0.000828406751625371
4.19,0.000830145475486299
4.19999999999999,0.000831902435617519
4.20999999999998,0.000833677671232216
4.22,0.000835471222334563
4.22999999999999,0.00083728312972059
4.23999999999998,0.000839113434979103
4.25,0.000840962180492554
4.25999999999999,0.000842829409437911
4.26999999999998,0.00084471516578758
4.27999999999997,0.000846619494365512
4.28999999999999,0.000848542445782492
4.29999999999998,0.000850484062819489
4.30999999999997,0.000852444392858507
4.31999999999999,0.000854423484098243
4.32999999999998,0.000856421385555509
4.33999999999997,0.00085843814706671
4.34999999999999,0.000860473819289268
4.35999999999999,0.00086252845370305
4.36999999999998,0.000864602102611841
4.38,0.000866694819144775
4.38999999999999,0.00086880665725775
4.39999999999998,0.000870937671734915
4.41,0.00087308791819009
4.41999999999999,0.00087525745306819
4.42999999999998,0.000877446338663104
4.44,0.000879654630441685
4.44999999999999,0.000881882386933557
4.45999999999998,0.000884129668190362
4.47,0.000886396535121935
4.47999999999999,0.000888683049498363
4.48999999999998,0.000890989273952106
4.5,0.000893315271980054
4.50999999999999,0.000895661107945588
4.51999999999998,0.000898026847080702
4.52999999999997,0.000900412555488054
4.53999999999999,0.00090281830014306
4.54999999999998,0.000905244148895947
4.55999999999997,0.000907690170473872
4.56999999999999,0.000910156438629211
4.57999999999998,0.000912643022780078
4.58999999999997,0.000915149993163284
4.59999999999999,0.000917677422303079
4.60999999999999,0.000920225383631049
4.61999999999998,0.000922793951488881
4.63,0.000925383201131077
4.63999999999999,0.000927993208727647
4.64999999999998,0.000930624051366891
4.66,0.000933275807058092
4.66999999999999,0.00093594855473423
4.67999999999998,0.000938642374254744
4.69,0.000941357346408244
4.69999999999999,0.000944093552915209
4.70999999999998,0.000946851079741981
4.72,0.000949630010967721
4.72999999999999,0.000952430429273477
4.73999999999998,0.000955252420405994
4.75,0.000958096071077915
4.75999999999999,0.000960961468971148
4.76999999999998,0.000963848702740294
4.77999999999997,0.000966757862016005
4.78999999999999,0.000969689037408387
4.79999999999998,0.000972642320510351
4.80999999999997,0.00097561780390105
4.81999999999999,0.000978615581149243
4.82999999999998,0.000981635746816651
4.83999999999997,0.000984678396461399
4.84999999999999,0.000987743629257219
4.85999999999999,0.000990831544921776
4.86999999999998,0.000993942239309524
4.88,0.000997075812287661
4.88999999999999,0.00100023236475855
4.89999999999998,0.00100341199866385
4.91,0.00100661481698864
4.91999999999999,0.00100984092376542
4.92999999999998,0.00101309042407833
4.94,0.00101636342406715
4.94999999999999,0.00101966003093146
4.95999999999998,0.00102298035293472
4.97,0.00102632449940836
4.97999999999999,0.00102969258075588
4.98999999999998,0.00103308471031607
5,0.00103650100472285
5.00999999999999,0.00103994157389967
5.01999999999998,0.00104340653289333
5.02999999999997,0.00104689599786704
5.03999999999999,0.00105041008610536
5.04999999999998,0.00105394891601896
5.05999999999997,0.00105751260714964
5.06999999999999,0.00106110128017512
5.07999999999998,0.00106471505691394
5.08999999999997,0.00106835406033034
5.09999999999999,0.00107201841453915
5.10999999999999,0.00107570824481065
5.11999999999998,0.00107942367757545
5.13,0.00108316484109112
5.13999999999999,0.00108693186854765
5.14999999999998,0.00109072488682179
5.16,0.00109454402738495
5.16999999999999,0.00109838942292556
5.17999999999998,0.00110226120735531
5.19,0.00110615951581524
5.19999999999999,0.0011100844846819
5.20999999999998,0.00111403625157356
5.22,0.00111801495535631
5.22999999999999,0.00112202073615023
5.23999999999998,0.00112605373533555
5.25,0.00113011409706525
5.25999999999999,0.0011342019657831
5.26999999999998,0.0011383174858259
5.27999999999997,0.001142460803873
5.28999999999999,0.0011466320679125
5.29999999999998,0.00115083142724802
5.30999999999997,0.00115505903250566
5.31999999999999,0.00115931503564073
5.32999999999998,0.00116359958994467
5.33999999999997,0.00116791285005186
5.34999999999999,0.00117225497194652
5.35999999999999,0.00117662611296945
5.36999999999998,0.00118102643431183
5.38,0.0011854560945966
5.38999999999999,0.00118991525534205
5.39999999999998,0.00119440407956422
5.41,0.00119892273168595
5.41999999999999,0.00120347137754436
5.42999999999998,0.00120805018439832
5.44,0.00121265932093592
5.44999999999999,0.00121729895728188
5.45999999999998,0.00122196926500504
5.47,0.00122667041712584
5.47999999999999,0.00123140258929194
5.48999999999998,0.0012361659591546
5.5,0.00124096070263408
5.50999999999999,0.001245786998866
5.51999999999998,0.00125064502849626
5.52999999999997,0.00125553497368926
5.53999999999999,0.00126045701813622
5.54999999999998,0.00126541134706342
5.55999999999997,0.00127039814724059
5.56999999999999,0.00127541760698915
5.57999999999998,0.00128046991619046
5.58999999999997,0.00128555526629421
5.59999999999999,0.00129067385356011
5.60999999999999,0.00129582587168564
5.61999999999998,0.00130101151633591
5.63,0.00130623098561163
5.63999999999999,0.00131148447924954
5.64999999999998,0.00131677219863183
5.66,0.00132209434679543
5.66999999999999,0.00132745112844123
5.67999999999998,0.00133284274994351
5.69,0.00133826941935917
5.69999999999999,0.00134373134643706
5.70999999999998,0.00134922874332095
5.72,0.00135476182655766
5.72999999999999,0.00136033080861708
5.73999999999998,0.00136593590639764
5.75,0.00137157733856283
5.75999999999999,0.00137725532555154
5.76999999999998,0.00138297008958843
5.77999999999997,0.00138872185469432
5.78999999999999,0.0013945108466965
5.79999999999998,0.00140033729323906
5.80999999999997,0.00140620142379335
5.81999999999999,0.00141210346966826
5.82999999999998,0.00141804366646009
5.83999999999997,0.00142402224969136
5.84999999999999,0.00143003945507124
5.85999999999999,0.00143609552165984
5.86999999999998,0.00144219069043351
5.88,0.00144832520429613
5.88999999999999,0.00145449930809047
5.89999999999998,0.00146071324860974
5.91,0.00146696727460886
5.91999999999999,0.00147326163681585
5.92999999999998,0.00147959658794334
5.94,0.00148597238269987
5.94999999999999,0.00149238928080061
5.95999999999998,0.00149884753938752
5.97,0.00150534741951623
5.97999999999999,0.00151188918433758
5.98999999999998,0.00151847309909324
6,0.00152509943112885
6.00999999999999,0.00153176844990712
6.01999999999998,0.00153848042702117
6.02999999999997,0.00154523563620761
6.03999999999999,0.00155203435465483
6.04999999999998,0.00155887685986521
6.05999999999997,0.00156576343214151
6.06999999999999,0.00157269435408779
6.07999999999998,0.00157966991053537
6.08999999999997,0.0015866903885569
6.09999999999999,0.0015937560774804
6.10999999999999,0.00160086726890316
6.11999999999998,0.00160802425670598
6.13,0.00161522733801701
6.13999999999999,0.001622476811023
6.14999999999998,0.00162977297652146
6.16,0.00163711613779645
6.16999999999999,0.00164450660049989
6.17999999999998,0.00165194467266635
6.19,0.00165943066472776
6.19999999999999,0.00166696488952799
6.20999999999998,0.00167454766233776
6.22,0.00168217930211779
6.22999999999999,0.00168986012880662
6.23999999999998,0.00169759046492876
6.25,0.00170537063579605
6.25999999999999,0.00171320096924138
6.26999999999998,0.00172108179563457
6.27999999999997,0.00172901344789794
6.28999999999999,0.00173699626152212
6.29999999999998,0.00174503057458164
6.30999999999997,0.0017531167287119
6.31999999999999,0.00176125506730269
6.32999999999998,0.00176944593618526
6.33999999999997,0.00177768968416839
6.34999999999999,0.00178598666275539
6.35999999999999,0.00179433722616164
6.36999999999998,0.00180274173133219
6.38,0.0018112005381136
6.38999999999999,0.00181971400946547
6.39999999999998,0.00182828251039744
6.41,0.00183690640905966
6.41999999999999,0.00184558607643477
6.42999999999998,0.00185432188635647
6.44,0.00186311421552784
6.44999999999999,0.00187196344353972
6.45999999999998,0.00188086995378579
6.47,0.00188983413148336
6.47999999999999,0.00189885636468829
6.48999999999998,0.00190793704444084
6.5,0.0019170765646178
6.50999999999999,0.00192627532193243
6.51999999999998,0.00193553371895659
6.52999999999997,0.00194485216324177
6.53999999999999,0.00195423105744512
6.54999999999998,0.00196367081086514
6.55999999999997,0.00197317183574435
6.56999999999999,0.00198273454726925
6.57999999999998,0.00199235936357021
6.58999999999997,0.00200204671576407
6.59999999999999,0.00201179702417349
6.60999999999999,0.00202161071667623
6.61999999999998,0.00203148822467513
6.63,0.00204142998264071
6.63999999999999,0.00205143642811107
6.64999999999998,0.00206150800735244
6.66,0.00207164516877069
6.66999999999999,0.00208184835652749
6.67999999999998,0.00209211802212705
6.69,0.00210245462028662
6.69999999999999,0.00211285860893641
6.70999999999998,0.00212333044995336
6.72,0.00213387061984855
6.72999999999999,0.00214447958068368
6.73999999999998,0.00215515780493303
6.75,0.00216590576843463
6.75999999999999,0.00217672395039019
6.76999999999998,0.00218761283336524
6.77999999999997,0.00219857291082555
6.78999999999999,0.00220960467442353
6.79999999999998,0.00222070861516398
6.80999999999997,0.00223188523082881
6.81999999999999,0.00224313502271309
6.82999999999998,0.00225445849562494
6.83999999999997,0.00226585616001084
6.84999999999999,0.00227732853796906
6.85999999999999,0.00228887614006636
6.86999999999998,0.00230049948687901
6.88,0.00231219910264753
6.88999999999999,0.00232397551527658
6.89999999999998,0.00233582925633518
6.91,0.00234776087086045
6.91999999999999,0.00235977089739922
6.92999999999998,0.00237185987791792
6.94,0.00238402836050656
6.94999999999999,0.0023962768970757
6.95999999999998,0.00240860604335665
6.97,0.00242101636322647
6.97999999999999,0.00243350842948678
6.98999999999998,0.00244608280422204
7,0.00245874006025533
7.00999999999999,0.00247148077437918
7.01999999999998,0.00248430552735585
7.02999999999997,0.00249721490391714
7.03999999999999,0.00251020949978582
7.04999999999998,0.00252328991548821
7.05999999999997,0.0025364567429783
7.06999999999999,0.00254971058496876
7.07999999999998,0.00256305204831311
7.08999999999997,0.00257648174400596
7.09999999999999,0.00259000028718292
7.10999999999999,0.00260360830674684
7.11999999999998,0.00261730643098775
7.13,0.00263109528390062
7.13999999999999,0.00264497549940985
7.14999999999998,0.00265894771576059
7.16,0.00267301257551857
7.16999999999999,0.00268717072556997
7.17999999999998,0.00270142282900037
7.19,0.00271576954260628
7.19999999999999,0.00273021152414732
7.20999999999998,0.00274474944001182
7.22,0.0027593839610862
7.22999999999999,0.00277411576275478
7.23999999999998,0.00278894552490007
7.25,0.00280387394587962
7.25999999999999,0.00281890171213414
7.26999999999998,0.00283402951650325
7.27999999999997,0.00284925805904026
7.28999999999999,0.00286458804446906
7.29999999999998,0.00288002018218401
7.30999999999997,0.00289555518625014
7.31999999999999,0.00291119379139746
7.32999999999998,0.00292693671489903
7.33999999999997,0.00294278468585675
7.34999999999999,0.00295873843914525
7.35999999999999,0.00297479871447645
7.36999999999998,0.00299096625639983
7.38,0.00300724181495959
7.38999999999999,0.00302362616006057
7.39999999999998,0.0030401200431141
7.41,0.00305672422989913
7.41999999999999,0.00307343949119023
7.42999999999998,0.00309026660275791
7.44,0.00310720634536848
7.44999999999999,0.00312425950688915
7.45999999999998,0.00314142689027223
7.47,0.00315870928511187
7.47999999999999,0.00317610749389303
7.48999999999998,0.00319362232424133
7.5,0.00321125458892297
7.50999999999999,0.00322900510584452
7.51999999999998,0.00324687470030954
7.52999999999997,0.00326486420714455
7.53999999999999,0.00328297445717162
7.54999999999998,0.00330120629044561
7.55999999999997,0.00331956055231581
7.56999999999999,0.00333803809342571
7.57999999999998,0.00335663977240511
7.58999999999997,0.00337536645188631
7.59999999999999,0.00339421899788998
7.60999999999999,0.00341319828308976
7.61999999999998,0.00343230518553392
7.63,0.00345154058864519
7.63999999999999,0.00347090538378514
7.64999999999998,0.00349040046447198
7.66,0.00351002673054124
7.66999999999999,0.00352978508741602
7.67999999999998,0.00354967644593996
7.69,0.00356970172258019
7.69999999999999,0.00358986183985898
7.70999999999998,0.00361015772456442
7.72,0.00363059030940305
7.72999999999999,0.00365116053251928
7.73999999999998,0.00367186933749576
7.75,0.00369271767269164
7.75999999999999,0.00371370649205981
7.76999999999998,0.00373483675568336
7.77999999999997,0.00375610942866186
7.78999999999999,0.00377752548151078
7.79999999999998,0.00379908589016122
7.80999999999997,0.00382079163225115
7.81999999999999,0.0038426436951058
7.82999999999998,0.00386464307063517
7.83999999999997,0.00388679075564776
7.84999999999999,0.00390908775229568
7.85999999999999,0.0039315350671004
7.86999999999998,0.00395413370667595
7.88,0.0039768846909366
7.88999999999999,0.00399978904163203
7.89999999999998,0.00402284778555417
7.91,0.00404606195451544
7.91999999999999,0.00406943258532697
7.92999999999998,0.00409296071381385
7.94,0.00411664738835584
7.94999999999999,0.00414049365946938
7.95999999999998,0.00416450058219513
7.97,0.00418866921622914
7.97999999999999,0.00421300062588581
7.98999999999998,0.00423749587508897
8,0.00426215603662176
8.00999999999999,0.00428698218815141
8.01999999999998,0.00431197541038659
8.02999999999997,0.00433713678820542
8.03999999999999,0.00436246741060126
8.04999999999998,0.00438796836630416
8.05999999999997,0.00441364074869826
8.06999999999999,0.00443948565959324
8.07999999999998,0.00446550420176094
8.08999999999997,0.00449169748148031
8.09999999999999,0.00451806660846043
8.10999999999999,0.00454461269248888
8.11999999999998,0.00457133684180393
8.13,0.00459824017831174
8.13999999999999,0.00462532382192803
8.14999999999998,0.00465258889517474
8.16,0.00468003652307313
8.16999999999999,0.00470766783166601
8.17999999999998,0.00473548393727823
8.19,0.00476348597607015
8.19999999999999,0.00479167507871639
8.20999999999998,0.00482005237732277
8.22,0.00484861900528268
8.22999999999999,0.00487737609713335
8.23999999999998,0.00490632477251931
8.25,0.00493546617084903
8.25999999999999,0.00496480142659487
8.26999999999998,0.00499433167302696
8.27999999999997,0.00502405804316935
8.28999999999999,0.00505398166961279
8.29999999999998,0.00508410367031067
8.30999999999997,0.00511442517260868
8.31999999999999,0.00514494730654177
8.32999999999998,0.00517567119586087
8.33999999999997,0.00520659796213444
8.34999999999999,0.00523772872450713
8.35999999999999,0.0052690645873531
8.36999999999998,0.00530060665094964
8.38,0.00533235602943208
8.38999999999999,0.00536431382350119
8.39999999999998,0.00539648112924854
8.41,0.00542885903785072
8.41999999999999,0.00546144863177874
8.42999999999998,0.0054942509569882
8.44,0.00552726709976761
8.44999999999999,0.00556049812054173
8.45999999999998,0.00559394507201018
8.47,0.00562760899875546
8.47999999999999,0.00566149093685078
8.48999999999998,0.00569559187984086
8.5,0.00572991284145465
8.50999999999999,0.00576445482867382
8.51999999999998,0.00579921882857051
8.52999999999997,0.00583420581607628
8.53999999999999,0.00586941675348249
8.54999999999998,0.00590485257174369
8.55999999999997,0.00594051417119994
8.56999999999999,0.00597640248409093
8.57999999999998,0.00601251840456185
8.58999999999997,0.0060488628096536
8.59999999999999,0.00608543655867271
8.60999999999999,0.00612224049225003
8.61999999999998,0.00615927536073622
8.63,0.00619654199118252
8.63999999999999,0.00623404115101344
8.64999999999998,0.00627177358440912
8.66,0.00630974001151515
8.66999999999999,0.0063479411276523
8.67999999999998,0.00638637755214533
8.69,0.00642504990568004
8.69999999999999,0.00646395880833084
8.70999999999998,0.00650310482840524
8.72,0.0065424885024088
8.72999999999999,0.00658211033405801
8.73999999999998,0.00662197077015895
8.75,0.00666207016558961
8.75999999999999,0.00670240894595422
8.76999999999998,0.00674298745074404
8.77999999999997,0.00678380597806966
8.78999999999999,0.00682486478343064
8.79999999999998,0.00686616407848449
8.80999999999997,0.00690770392024431
8.81999999999999,0.00694948444877598
8.82999999999998,0.00699150572103489
8.83999999999997,0.00703376773159329
8.84999999999999,0.00707627042062873
8.85999999999999,0.00711901367241175
8.86999999999998,0.00716199726490284
8.88,0.00720522091036594
8.88999999999999,0.00724868431623986
8.89999999999998,0.00729238709198319
8.91,0.0073363287770311
8.91999999999999,0.00738050882766533
8.92999999999998,0.00742492659116971
8.94,0.00746958138233298
8.94999999999999,0.00751447241502246
8.95999999999998,0.00755959881744716
8.97,0.0076049596092685
8.97999999999999,0.00765055373885994
8.98999999999998,0.00769638005369575
9,0.00774243730270995
9.00999999999999,0.00778872412054088
9.01999999999998,0.00783523903968685
9.02999999999997,0.00788198049406032
9.03999999999999,0.00792894680133893
9.04999999999998,0.00797613615530482
9.05999999999997,0.0080235466074032
9.06999999999999,0.00807117612163303
9.07999999999998,0.00811902252146916
9.08999999999997,0.00816708350006345
9.09999999999999,0.00821535656626659
9.10999999999999,0.0082638391427715
9.11999999999998,0.00831252849002255
9.13,0.00836142171902864
9.13999999999999,0.00841051576222336
9.14999999999998,0.00845980740077969
9.16,0.00850929326656974
9.16999999999999,0.00855896981459168
9.17999999999998,0.00860883331830477
9.19,0.00865887985539921
9.19999999999999,0.00870910534772156
9.20999999999998,0.00875950551769494
9.22,0.00881007589428028
9.22999999999999,0.00886081177661368
9.23999999999998,0.00891170829477172
9.25,0.00896276035682491
9.25999999999999,0.00901396265614688
9.26999999999998,0.00906530964665856
9.27999999999997,0.00911679556391671
9.28999999999999,0.00916841442040338
9.29999999999998,0.00922015998563148
9.30999999999997,0.00927202577949725
9.31999999999999,0.00932400506180408
9.32999999999998,0.00937609085710887
9.33999999999997,0.00942827592197408
9.34999999999999,0.00948055274694791
9.35999999999999,0.00953291354267954
9.36999999999998,0.00958535025242107
9.38,0.0096378545332193
9.38999999999999,0.0096904177538136
9.39999999999998,0.00974303099689602
9.41,0.00979568504260711
9.41999999999999,0.00984837036464722
9.42999999999998,0.00990107712947863
9.44,0.00995379519733308
9.44999999999999,0.0100065141267382
9.45999999999998,0.0100592231260211
9.47,0.0101119110862747
9.47999999999999,0.0101645665657546
9.48999999999998,0.0102171778396693
9.5,0.0102697327884007
9.50999999999999,0.0103222189634981
9.51999999999998,0.0103746235712254
9.52999999999997,0.0104269335080409
9.53999999999999,0.0104791353246306
9.54999999999998,0.0105312151704949
9.55999999999997,0.0105831588594312
9.56999999999999,0.0106349518582552
9.57999999999998,0.0106865793730225
9.58999999999997,0.0107380261213694
9.59999999999999,0.0107892765057107
9.60999999999999,0.0108403145645071
9.61999999999998,0.0108911240858304
9.63,0.0109416884223835
9.63999999999999,0.0109919905488639
9.64999999999998,0.0110420131028973
9.66,0.0110917384200003
9.66999999999999,0.0111411485637367
9.67999999999998,0.0111902251010087
9.69,0.0112389493113141
9.69999999999999,0.011287302128401
9.70999999999998,0.0113352643723941
9.72,0.0113828162794503
9.72999999999999,0.0114299378455598
9.73999999999998,0.0114766087467524
9.75,0.0115228084752039
9.75999999999999,0.0115685162082068
9.76999999999998,0.0116137107180141
9.77999999999997,0.0116583705461797
9.78999999999999,0.0117024739959426
9.79999999999998,0.0117459993068436
9.80999999999997,0.0117889241908001
9.81999999999999,0.011831226218375
9.82999999999998,0.0118728827255715
9.83999999999997,0.0119138710665573
9.84999999999999,0.0119541682041791
9.85999999999999,0.0119937509106105
9.86999999999998,0.0120325958170968
9.88,0.012070679507921
9.88999999999999,0.0121079785354443
9.89999999999998,0.0121444690991473
9.91,0.0121801273917347
9.91999999999999,0.0122149295261303
9.92999999999998,0.0122488518986856
9.94,0.0122818704567656
9.94999999999999,0.0123139612722554
9.95999999999998,0.0123451004157179
9.97,0.0123752642020586
9.97999999999999,0.0124044289326346
9.98999999999998,0.0124325708537439
10,0.0124596663905188
10.01,0.0124856921720844
10.02,0.0125106252477667
10.03,0.0125344424798215
10.04,0.0125571210917506
10.05,0.0125786385505945
10.06,0.0125989729596471
10.07,0.0126181024125886
10.08,0.0126360053964538
10.09,0.0126526608128878
10.1,0.0126680481400221
10.11,0.0126821474010557
10.12,0.0126949388537984
10.13,0.0127064033981291
10.14,0.012716522519205
10.15,0.0127252786396208
10.16,0.0127326544265233
10.17,0.0127386333784525
10.18,0.0127431997175859
10.19,0.0127463386044587
10.2,0.0127480359251638
10.21,0.0127482783472334
10.22,0.0127470534754849
10.23,0.0127443498711814
10.24,0.0127401571310566
10.25,0.012734465757862
10.26,0.0127272673442303
10.27,0.0127185545711982
10.28,0.0127083211549788
10.29,0.0126965620613201
10.3,0.012683273430095
10.31,0.0126684526290865
10.32,0.0126520981243261
10.33,0.0126342096322998
10.34,0.0126147883902802
10.35,0.0125938368899354
10.36,0.012571358932112
10.37,0.0125473591334448
10.38,0.0125218442432509
10.39,0.0124948221708932
10.4,0.0124663022750474
10.41,0.0124362946483809
10.42,0.012404811283492
10.43,0.0123718657754092
10.44,0.0123374730272474
10.45,0.0123016490339886
10.46,0.0122644106320299
10.47,0.0122257771271904
10.48,0.0121857688224799
10.49,0.0121444074390699
10.5,0.0121017144792773
10.51,0.0120577145366614
10.52,0.0120124329455226
10.53,0.0119658962982067
10.54,0.0119181316302954
10.55,0.0118691671840736
10.56,0.0118190330786008
10.57,0.0117677601631165
10.58,0.0117153800981979
10.59,0.0116619241750491
10.6,0.0116074263920232
10.61,0.011551920930648
10.62,0.0114954427736554
10.63,0.0114380265293646
10.64,0.0113797082852615
10.65,0.0113205247521346
10.66,0.0112605129698974
10.67,0.0111997100702255
10.68,0.0111381531659419
10.69,0.011075880391846
10.7,0.0110129297668565
10.71,0.010949339429345
10.72,0.0108851469590419
10.73,0.0108203906087513
10.74,0.0107551082744005
10.75,0.0106893376722513
10.76,0.0106231162228434
10.77,0.0105564810378486
10.78,0.0104894688693656
10.79,0.0104221159924395
10.8,0.0103544582502761
10.81,0.0102865312489555
10.82,0.0102183694823864
10.83,0.0101500069356038
10.84,0.0100814768412676
10.85,0.0100128125053575
10.86,0.00994404565375461
10.87,0.0098752072280397
10.88,0.00980632735594329
10.89,0.00973743575196595
10.9,0.00966856152312627
10.91,0.00959973190544847
10.92,0.0095309735256419
10.93,0.00946231205887419
10.94,0.00939377358045842
10.95,0.00932538142866161
10.96,0.00925715852245405
10.97,0.00918912672959331
10.98,0.00912130782528732
10.99,0.00905372215099692
11,0.00898638860972388
11.01,0.0089193253706295
11.02,0.0088525498110523
11.03,0.00878607903702065
11.04,0.00871992839388779
11.05,0.00865411263555522
11.06,0.00858864578152052
11.07,0.00852354093364803
11.08,0.00845881032842415
11.09,0.00839446541881655
11.1,0.00833051691066432
11.11,0.00826697465508087
11.12,0.00820384775312905
11.13,0.00814114475641993
11.14,0.00807887343969058
11.15,0.00801704081707138
11.16,0.00795565332485557
11.17,0.00789471700532912
11.18,0.00783423705784589
11.19,0.00777421821279892
11.2,0.00771466467736306
11.21,0.0076555801544143
11.22,0.00759696786601131
11.23,0.00753883056954594
11.24,0.00748117045984858
11.25,0.0074239894503104
11.26,0.00736728901037465
11.27,0.00731107018418059
11.28,0.0072553336635218
11.29,0.00720007983734203
11.3,0.00714530875955998
11.31,0.00709102016579401
11.32,0.00703721350879121
11.33,0.0069838880118185
11.34,0.00693104265092812
11.35,0.00687867612614823
11.36,0.00682678688372296
11.37,0.0067753732920722
11.38,0.00672443350593983
11.39,0.00667396544196393
11.4,0.00662396672574032
11.41,0.00657443507806342
11.42,0.00652536800361043
11.43,0.00647676283858906
11.44,0.00642861664120951
11.45,0.00638092660301072
11.46,0.00633368973483554
11.47,0.00628690294541586
11.48,0.00624056295613208
11.49,0.00619466656043715
11.5,0.00614921044160813
11.51,0.00610419122686932
11.52,0.00605960542228278
11.53,0.00601544959119099
11.54,0.0059717202381036
11.55,0.00592841384659134
11.56,0.00588552663101586
11.57,0.00584305506721497
11.58,0.00580099552064355
11.59,0.00575934434787916
11.6,0.00571809775291244
11.61,0.0056772520748837
11.62,0.0056368036124805
11.63,0.00559674865731275
11.64,0.00555708344822664
11.65,0.00551780427455183
11.66,0.00547890743028792
11.67,0.00544038921458484
11.68,0.0054022458981205
11.69,0.00536447377138777
11.7,0.00532706917507811
11.71,0.00529002845245655
11.72,0.00525334794859418
11.73,0.005217024000632
11.74,0.00518105302311375
11.75,0.00514543143534206
11.76,0.0051101556754356
11.77,0.00507522213085413
11.78,0.00504062731168125
11.79,0.00500636772075716
11.8,0.00497243988934312
11.81,0.00493884031156321
11.82,0.00490556557020017
11.83,0.0048726122621627
11.84,0.00483997700702468
11.85,0.00480765645211236
11.86,0.00477564727354606
11.87,0.00474394617712503
11.88,0.00471254989906804
11.89,0.00468145520253687
11.9,0.00465065887817082
11.91,0.00462015775713144
11.92,0.00458994869976087
11.93,0.00456002859123555
11.94,0.00453039430935449
11.95,0.00450104282273894
11.96,0.0044719711097093
11.97,0.00444317618098355
11.98,0.00441465506917689
11.99,0.00438640479403188
12,0.00435842247237485
12.01,0.00433070522540896
12.02,0.00430325020424073
12.03,0.00427605458657832
12.04,0.00424911556778251
12.05,0.00422243039057637
12.06,0.00419599631953218
12.07,0.00416981064803818
12.08,0.00414387069951158
12.09,0.0041181738301908
12.1,0.00409271741896476
12.11,0.00406749887612853
12.12,0.00404251564091019
12.13,0.00401776517829968
12.14,0.00399324497323992
12.15,0.00396895255271462
12.16,0.0039448854661163
12.17,0.00392104129059448
12.18,0.00389741762503187
12.19,0.00387401208109823
12.2,0.00385082232032721
12.21,0.00382784602050688
12.22,0.00380508088481369
12.23,0.00378252464100196
12.24,0.0037601750404881
12.25,0.00373802986118902
12.26,0.00371608690442161
12.27,0.00369434399543102
12.28,0.00367279898672116
12.29,0.00365144976088817
12.3,0.00363029421227365
12.31,0.0036093302637607
12.32,0.00358855586167442
12.33,0.00356796897530706
12.34,0.00354756759568112
12.35,0.00352734973845745
12.36,0.00350731344109789
12.37,0.00348745676337452
12.38,0.00346777778647617
12.39,0.00344827460060893
12.4,0.00342894533358308
12.41,0.00340978812782609
12.42,0.00339080114614683
12.43,0.00337198257145239
12.44,0.00335333060919853
12.45,0.00333484348139573
12.46,0.00331651943033714
12.47,0.00329835671758301
12.48,0.0032803536235714
12.49,0.00326250846021178
12.5,0.00324481954701743
12.51,0.00322728522247961
12.52,0.00320990384595472
12.53,0.00319267379543315
12.54,0.00317559346391626
12.55,0.00315866126433914
12.56,0.00314187562892222
12.57,0.003125235006362
12.58,0.00310873786270526
12.59,0.00309238267941665
12.6,0.00307616795484134
12.61,0.00306009220569403
12.62,0.00304415396404012
12.63,0.00302835177800113
12.64,0.00301268421204701
12.65,0.00299714984664655
12.66,0.0029817472766071
12.67,0.00296647511243174
12.68,0.00295133197961028
12.69,0.0029363165187249
12.7,0.00292142739741974
12.71,0.00290666328195612
12.72,0.00289202285926851
12.73,0.00287750483085553
12.74,0.00286310791261002
12.75,0.00284883083877057
12.76,0.00283467235584136
12.77,0.00282063122225185
12.78,0.00280670621203744
12.79,0.00279289611317715
12.8,0.00277919972410482
12.81,0.00276561584740913
12.82,0.00275214331428682
12.83,0.00273878096220209
12.84,0.00272552764097041
12.85,0.0027123822125501
12.86,0.00269934355841609
12.87,0.00268641056404186
12.88,0.00267358212831029
12.89,0.00266085716262033
12.9,0.00264823458997962
12.91,0.0026357133519454
12.92,0.0026232924034022
12.93,0.00261097070059158
12.94,0.00259874721656807
12.95,0.00258662093608901
12.96,0.00257459085447288
12.97,0.00256265596690605
12.98,0.00255081529531947
12.99,0.00253906786632786
13,0.00252741271701706
13.01,0.00251584889478758
13.02,0.00250437546057665
13.03,0.00249299148312686
13.04,0.00248169604032071
13.05,0.00247048822090617
13.06,0.00245936712345186
13.07,0.00244833185749037
13.08,0.00243738154427763
13.09,0.0024265153105165
13.1,0.00241573229416586
13.11,0.00240503164259404
13.12,0.00239441251246371
13.13,0.00238387407067932
13.14,0.00237341549199716
13.15,0.00236303596054987
13.16,0.00235273466940694
13.17,0.00234251082042227
13.18,0.0023323636245101
13.19,0.00232229230101658
13.2,0.00231229607738682
13.21,0.0023023741896543
13.22,0.00229252588210622
13.23,0.00228275040717462
13.24,0.00227304702532721
13.25,0.00226341500748296
13.26,0.00225385363106815
13.27,0.0022443621795296
13.28,0.00223493994525843
13.29,0.00222558622826009
13.3,0.00221630033605301
13.31,0.00220708158356691
13.32,0.00219792929654911
13.33,0.00218884280559659
13.34,0.00217982144682335
13.35,0.00217086456490801
13.36,0.0021619715115914
13.37,0.0021531416455845
13.38,0.00214437433247653
13.39,0.00213566894742397
13.4,0.00212702487003595
13.41,0.00211844148578616
13.42,0.00210991818768152
13.43,0.00210145437526364
13.44,0.00209304945452393
13.45,0.00208470283781876
13.46,0.00207641394647473
13.47,0.00206818220552846
13.48,0.00206000704585768
13.49,0.00205188790517275
13.5,0.00204382422722878
13.51,0.00203581546174701
13.52,0.00202786106433603
13.53,0.0020199604986466
13.54,0.00201211323176391
13.55,0.00200431873652887
13.56,0.00199657649189171
13.57,0.00198888598237777
13.58,0.00198124669801384
13.59,0.00197365813425414
13.6,0.00196611979571761
13.61,0.0019586311880314
13.62,0.00195119182270597
13.63,0.00194380121709559
13.64,0.00193645889374268
13.65,0.00192916438031159
13.66,0.0019219172095226
13.67,0.00191471692049989
13.68,0.00190756305558822
13.69,0.0019004551624079
13.7,0.00189339279356688
13.71,0.00188637550644382
13.72,0.00187940286312474
13.73,0.00187247443033976
13.74,0.00186558978392645
13.75,0.00185874849844495
13.76,0.001851950154729
13.77,0.00184519433843303
13.78,0.00183848063967481
13.79,0.00183180865298014
13.8,0.00182517797722764
13.81,0.0018185882164833
13.82,0.00181203897785507
13.83,0.00180552987308173
13.84,0.00179906051808301
13.85,0.00179263053288027
13.86,0.00178623954154277
13.87,0.00177988717214538
13.88,0.00177357305861236
13.89,0.00176729683606441
13.9,0.00176105814455652
13.91,0.00175485662797204
13.92,0.00174869193397215
13.93,0.00174256371394497
13.94,0.00173647162313644
13.95,0.00173041532437982
13.96,0.00172439447803317
13.97,0.00171840875051173
13.98,0.00171245781178933
13.99,0.00170654133535252
14,0.00170065899815477
14.01,0.00169481048057074
14.02,0.0016889954676846
14.03,0.00168321364886178
14.04,0.00167746471332151
14.05,0.00167174835528401
14.06,0.00166606427224365
14.07,0.00166041216492774
14.08,0.00165479173725544
14.09,0.0016492026962965
14.1,0.00164364475346707
14.11,0.00163811762215043
14.12,0.00163262101847158
14.13,0.00162715466198679
14.14,0.00162171827523542
14.15,0.00161631158370078
14.16,0.0016109343157711
14.17,0.00160558620273877
14.18,0.00160026698096734
14.19,0.00159497638627962
14.2,0.00158971415862424
14.21,0.0015844800407045
14.22,0.00157927377794193
14.23,0.00157409511843987
14.24,0.00156894381294692
14.25,0.00156381961590872
14.26,0.00155872228546662
14.27,0.00155365157899431
14.28,0.00154860725801078
14.29,0.00154358908657151
14.3,0.00153859683123625
14.31,0.00153363026103661
14.32,0.00152868914744384
14.33,0.00152377326590155
14.34,0.00151888239297433
14.35,0.00151401630700491
14.36,0.00150917478929356
14.37,0.00150435762346963
14.38,0.00149956459546216
14.39,0.00149479549347044
14.4,0.00149005010793442
14.41,0.00148532823265278
14.42,0.00148062966195046
14.43,0.0014759541929675
14.44,0.00147130162499859
14.45,0.00146667175945553
14.46,0.00146206439983888
14.47,0.0014574793517099
14.48,0.00145291642327933
14.49,0.00144837542560247
14.5,0.0014438561694882
14.51,0.00143935846877525
14.52,0.00143488213926261
14.53,0.00143042699868361
14.54,0.00142599286667989
14.55,0.00142157956477556
14.56,0.00141718691720414
14.57,0.00141281475136359
14.58,0.00140846289312849
14.59,0.00140413117175277
14.6,0.00139981941830185
14.61,0.00139552746562997
14.62,0.00139125514835729
14.63,0.00138700230284723
14.64,0.0013827687675658
14.65,0.00137855438335913
14.66,0.00137435899113205
14.67,0.00137018243421052
14.68,0.00136602455757776
14.69,0.0013618852078531
14.7,0.00135776423327078
14.71,0.00135366148365859
14.72,0.00134957681060237
14.73,0.00134551006761645
14.74,0.00134146110889208
14.75,0.00133742979053067
14.76,0.00133341597013541
14.77,0.00132941950679081
14.78,0.00132544026104224
14.79,0.0013214780948755
14.8,0.00131753287227002
14.81,0.00131360445992851
14.82,0.00130969272306319
14.83,0.0013057975295818
14.84,0.00130191874877713
14.85,0.00129805625130915
14.86,0.00129420990918715
14.87,0.00129037959575182
14.88,0.00128656518614925
14.89,0.00128276655810797
14.9,0.00127898358794918
14.91,0.00127521615449279
14.92,0.00127146413784353
14.93,0.00126772741937534
14.94,0.00126400588171584
14.95,0.00126029940873084
14.96,0.00125660788549011
14.97,0.00125293119821535
14.98,0.00124926923443095
14.99,0.00124562188278643
15,0.00124198903309003
15.01,0.00123837057629306
15.02,0.00123476640447427
15.03,0.00123117641082419
15.04,0.00122760048981429
15.05,0.00122403853761773
15.06,0.00122049045025994
15.07,0.00121695612536499
15.08,0.00121343546160902
15.09,0.00120992835870554
15.1,0.0012064347173908
15.11,0.00120295443940922
15.12,0.00119948742791689
15.13,0.00119603358879191
15.14,0.00119259282590325
15.15,0.00118916504539071
15.16,0.00118575015440599
15.17,0.00118234806110303
15.18,0.00117895867462825
15.19,0.00117558190446558
15.2,0.00117221766096659
15.21,0.00116886585646375
15.22,0.00116552640366137
15.23,0.00116219921616118
15.24,0.00115888420844962
15.25,0.00115558129588525
15.26,0.00115229039486828
15.27,0.00114901142248166
15.28,0.00114574429662375
15.29,0.00114248893606916
15.3,0.00113924526040924
15.31,0.00113601319003993
15.32,0.00113279264617025
15.33,0.00112958355308069
15.34,0.00112638583270009
15.35,0.00112319940908523
15.36,0.00112002420716064
15.37,0.0011168601527185
15.38,0.00111370717194211
15.39,0.00111056518863244
15.4,0.00110743413267459
15.41,0.00110431393266262
15.42,0.00110120451799431
15.43,0.00109810581887109
15.44,0.0010950177656608
15.45,0.001091940288095
15.46,0.00108887331962417
15.47,0.00108581679320997
15.48,0.0010827706425748
15.49,0.00107973480220173
15.5,0.00107670920636019
15.51,0.00107369378945059
15.52,0.00107068848889307
15.53,0.00106769324175571
15.54,0.00106470798582451
15.55,0.00106173265960346
15.56,0.00105876720064606
15.57,0.001055811547525
15.58,0.00105286564146729
15.59,0.00104992942327152
15.6,0.00104700283440097
15.61,0.00104408581698361
15.62,0.0010411783119879
15.63,0.00103828026229515
15.64,0.00103539161227976
15.65,0.00103251230623415
15.66,0.00102964228907033
15.67,0.00102678150631992
15.68,0.00102392990251013
15.69,0.0010210874244884
15.7,0.00101825401967012
15.71,0.00101542963573016
15.72,0.00101261422093359
15.73,0.00100980772413568
15.74,0.00100701009269606
15.75,0.0010042212763711
15.76,0.00100144122597918
15.77,0.000998669892253672
15.78,0.000995907226475486
15.79,0.000993153180473103
15.8,0.000990407705474063
15.81,0.000987670753991599
15.82,0.000984942279711506
15.83,0.000982222236351077
15.84,0.000979510578148345
15.85,0.000976807259862107
15.86,0.000974112235229615
15.87,0.000971425459064052
15.88,0.000968746888158642
15.89,0.000966076478889486
15.9,0.000963414188111738
15.91,0.00096075997315963
15.92,0.000958113790361234
15.93,0.000955475596509443
15.94,0.000952845351061196
15.95,0.000950223012741497
15.96,0.00094760854070705
15.97,0.000945001894546279
15.98,0.000942403033958078
15.99,0.000939811918908021
16,0.00093722851049588
16.01,0.000934652769900496
16.02,0.000932084658720024
16.03,0.000929524138971967
16.04,0.000926971172988056
16.05,0.00092442572338876
16.0599999999999,0.000921887753552377
16.07,0.00091935722711827
16.08,0.000916834108140113
16.09,0.000914318361085812
16.1,0.000911809950023498
16.11,0.000909308837489022
16.12,0.000906814990379543
16.13,0.0009043283742579
16.14,0.000901848955049499
16.15,0.000899376699042313
16.16,0.000896911572229391
16.17,0.00089445353813824
16.1799999999999,0.00089200256581609
16.19,0.000889558622454349
16.2,0.000887121675559758
16.21,0.00088469169295431
16.22,0.00088226864277529
16.23,0.000879852495017951
16.24,0.000877443219113616
16.25,0.00087504078369218
16.26,0.000872645158520967
16.27,0.000870256313713388
16.28,0.000867874219728938
16.29,0.000865498847344089
16.3,0.000863130163347082
16.3099999999999,0.000860768141246199
16.32,0.000858412752346332
16.33,0.000856063968251184
16.34,0.000853721760863189
16.35,0.000851386102383554
16.36,0.000849056963368163
16.37,0.000846734313991527
16.38,0.000844418128751086
16.39,0.000842108380362174
16.4,0.0008398050417812
16.41,0.000837508086205648
16.42,0.000835217487074078
16.4299999999999,0.000832933221874897
16.44,0.000830655263791771
16.45,0.000828383586975033
16.46,0.000826118166454121
16.47,0.000823858977550846
16.48,0.000821605995879431
16.49,0.00081935919606314
16.5,0.000817118549692248
16.51,0.000814884035509592
16.52,0.000812655629499356
16.53,0.000810433307869328
16.54,0.000808217047050907
16.55,0.000806006823699095
16.5599999999999,0.000803802614652149
16.57,0.000801604397003622
16.58,0.000799412148087963
16.59,0.000797225845446319
16.6,0.00079504546684277
16.61,0.000792870990264369
16.62,0.000790702393921061
16.63,0.000788539654326365
16.64,0.000786382750780062
16.65,0.000784231662063774
16.66,0.000782086367006027
16.67,0.000779946844636484
16.6799999999999,0.000777813074185941
16.69,0.000775685034882592
16.7,0.000773562705016514
16.71,0.000771446065081136
16.72,0.000769335094918942
16.73,0.000767229774557216
16.74,0.000765130084207971
16.75,0.000763036004267999
16.76,0.000760947515234636
16.77,0.000758864597752528
16.78,0.000756787232840028
16.79,0.000754715401603766
16.8,0.000752649085332705
16.8099999999999,0.000750588265498144
16.82,0.000748532923753707
16.83,0.000746483041318275
16.84,0.000744438600074991
16.85,0.000742399582357369
16.86,0.000740365970421591
16.87,0.000738337746695813
16.88,0.00073631489378021
16.89,0.000734297394446969
16.9,0.00073228522955061
16.91,0.000730278382903394
16.92,0.000728276837690201
16.9299999999999,0.000726280577073278
16.94,0.000724289584363091
16.95,0.000722303843018365
16.96,0.000720323336420148
16.97,0.000718348046706754
16.98,0.000716377958372711
16.99,0.000714413055147821
17,0.000712453320878047
17.01,0.000710498739525506
17.02,0.000708549296017417
17.03,0.000706604975130158
17.04,0.000704665760978205
17.05,0.000702731638287923
17.0599999999999,0.00070080259193051
17.07,0.000698878606921987
17.08,0.000696959668980557
17.09,0.000695045763222321
17.1,0.000693136875184936
17.11,0.000691232990568337
17.12,0.000689334095226891
17.13,0.000687440174005294
17.14,0.00068555121104305
17.15,0.000683667193382188
17.16,0.000681788106882797
17.17,0.000679913937499849
17.1799999999999,0.000678044671283198
17.19,0.000676180294339359
17.2,0.000674320792909458
17.21,0.000672466153326406
17.22,0.000670616362010577
17.23,0.000668771405476416
17.24,0.000666931270663501
17.25,0.000665095945735167
17.26,0.000663265416955596
17.27,0.000661439671536038
17.28,0.000659618696813524
17.29,0.000657802480250869
17.3,0.00065599100852905
17.3099999999999,0.000654184268978554
17.32,0.000652382249560035
17.33,0.000650584937957934
17.34,0.00064879232195567
17.35,0.00064700438943308
17.36,0.000645221128305877
17.37,0.000643442526678616
17.38,0.000641668572719222
17.39,0.000639899254693466
17.4,0.000638134560964969
17.41,0.000636374479780054
17.42,0.000634618999379511
17.4299999999999,0.000632868108456733
17.44,0.000631121795621148
17.45,0.000629380049563448
17.46,0.000627642859318207
17.47,0.000625910213708262
17.48,0.000624182101724926
17.49,0.000622458512462545
17.5,0.000620739435182715
17.51,0.00061902485931453
17.52,0.000617314774199151
17.53,0.000615609169352175
17.54,0.000613908034386112
17.55,0.00061221135862744
17.5599999999999,0.000610519131879873
17.57,0.000608831343975499
17.58,0.000607147984788961
17.59,0.000605469044183562
17.6,0.00060379451194207
17.61,0.000602124378232162
17.62,0.000600458633168787
17.63,0.000598797266939402
17.64,0.000597140270104612
17.65,0.000595487633041599
17.66,0.000593839346200541
17.67,0.000592195400167332
17.6799999999999,0.000590555785675397
17.69,0.000588920493720584
17.7,0.000587289515097308
17.71,0.000585662840807578
17.72,0.000584040461946977
17.73,0.00058242236937477
17.74,0.000580808554269524
17.75,0.000579199007971476
17.76,0.000577593721818656
17.77,0.000575992687191884
17.78,0.000574395895361144
17.79,0.000572803337907054
17.8,0.000571215006391179
17.8099999999999,0.000569630892687593
17.82,0.000568050988911833
17.83,0.000566475286868839
17.84,0.000564903778628659
17.85,0.000563336456076862
17.86,0.000561773311344423
17.87,0.000560214336714659
17.88,0.000558659524492635
17.89,0.000557108867374109
17.9,0.000555562357794947
17.91,0.000554019988401482
17.92,0.000552481751927909
17.9299999999999,0.000550947641186363
17.94,0.000549417649103462
17.95,0.000547891768689941
17.96,0.000546369993049132
17.97,0.000544852315376623
17.98,0.000543338728959804
17.99,0.000541829227178476
18,0.00054032380356962
18.01,0.000538822451713314
18.02,0.000537325165286496
18.03,0.000535831938082134
18.04,0.000534342764124998
18.05,0.000532857637381872
18.0599999999999,0.000531376551978609
18.07,0.000529899502186461
18.08,0.000528426482441838
18.09,0.000526957487187711
18.1,0.00052549251101783
18.11,0.000524031548540067
18.12,0.000522574594468587
18.13,0.000521121643675593
18.14,0.000519672691525405
18.15,0.000518227733585027
18.16,0.000516786765233875
18.17,0.000515349782062322
18.1799999999999,0.000513916779776149
18.19,0.000512487754339396
18.2,0.000511062701561548
18.21,0.00050964161720292
18.22,0.000508224497462979
18.23,0.000506811338694354
18.24,0.000505402137550936
18.25,0.000503996890510747
18.26,0.000502595594603154
18.27,0.000501198247441337
18.28,0.000499804846241976
18.29,0.000498415388602045
18.3,0.000497029872229479
18.3099999999999,0.000495648295165481
18.32,0.00049427065545669
18.33,0.000492896950959691
18.34,0.00049152718014659
18.35,0.000490161341583383
18.36,0.000488799434344882
18.37,0.000487441457285147
18.38,0.000486087409762222
18.39,0.000484737292140299
18.4,0.000483391104171229
18.41,0.000482048846181883
18.42,0.000480710518794317
18.4299999999999,0.000479376122898959
18.44,0.000478045659620709
18.45,0.000476719129881385
18.46,0.000475396535339051
18.47,0.000474077877763957
18.48,0.000472763159662732
18.49,0.000471452383322087
18.5,0.000470145551511877
18.51,0.000468842668744355
18.52,0.000467543738846646
18.53,0.000466248766094712
18.54,0.000464957754893625
18.55,0.000463670710419692
18.5599999999999,0.000462387637404849
18.57,0.000461108541386426
18.58,0.000459833428596682
18.59,0.000458562306136205
18.6,0.000457295180901867
18.61,0.00045603206180426
18.62,0.000454772957352092
18.63,0.000453517876742456
18.64,0.000452266829537714
18.65,0.000451019826164356
18.66,0.000449776876776103
18.67,0.000448537992558378
18.6799999999999,0.000447303185755277
18.69,0.000446072469979332
18.7,0.000444845858545968
18.71,0.000443623364810376
18.72,0.00044240500352051
18.73,0.000441190790253513
18.74,0.000439980741772969
18.75,0.000438774874936117
18.76,0.000437573210122581
18.77,0.000436375766796554
18.78,0.000435182566063704
18.79,0.000433993630109572
18.8,0.000432808982219047
18.8099999999999,0.000431628642479693
18.82,0.000430452634504305
18.83,0.000429280983365197
18.84,0.000428113717462526
18.85,0.000426950863355437
18.86,0.000425792452037081
18.87,0.000424638514557342
18.88,0.000423489083229565
18.89,0.000422344191092666
18.9,0.000421203873374891
18.91,0.000420068166163527
18.92,0.000418937106941236
18.9299999999999,0.000417810734882774
18.94,0.000416689091913185
18.95,0.00041557222011972
18.96,0.000414460164595994
18.97,0.000413352972018609
18.98,0.000412250690457428
18.99,0.000411153370576085
19,0.000410061064320827
19.01,0.000408973826045352
19.02,0.000407891712225712
19.03,0.000406814780906236
19.04,0.000405743093586119
19.05,0.000404676712783043
19.0599999999999,0.000403615703911978
19.07,0.000402560135288484
19.08,0.000401510076639447
19.09,0.000400465601175242
19.1,0.000399426784275124
19.11,0.000398393703556994
19.12,0.000397366440528593
19.13,0.000396345078162641
19.14,0.000395329702796454
19.15,0.00039432040421323
19.16,0.000393317274040894
19.17,0.000392320407886038
19.1799999999999,0.000391329904084864
19.19,0.000390345863600024
19.2,0.000389368391763571
19.21,0.000388397595893503
19.22,0.00038743358704619
19.23,0.000386476480127888
19.24,0.000385526392453901
19.25,0.000384583445407324
19.26,0.000383647763835937
19.27,0.000382719475834692
19.28,0.000381798713254063
19.29,0.000380885611524013
19.3,0.000379980309744434
19.3099999999999,0.000379082950591877
19.32,0.000378193680608637
19.33,0.000377312650005157
19.34,0.000376440012706596
19.35,0.000375575926552208
19.36,0.000374720553145337
19.37,0.000373874057967201
19.38,0.000373036610407416
19.39,0.000372208383769731
19.4,0.000371389555317923
19.41,0.000370580306290764
19.42,0.00036978082190466
19.4299999999999,0.000368991291441644
19.44,0.000368211908186646
19.45,0.000367442869475409
19.46,0.000366684376783382
19.47,0.000365936635652854
19.48,0.000365199855753657
19.49,0.000364474250928749
19.5,0.000363760039193131
19.51,0.000363057442758863
19.52,0.000362366688056114
19.53,0.000361688005798851
19.54,0.000361021630962872
19.55,0.000360367802818053
19.5599999999999,0.000359726765047546
19.57,0.00035909876565985
19.58,0.000358484057061673
19.59,0.000357882896244528
19.6,0.000357295544583578
19.61,0.00035672226800066
19.62,0.000356163337200125
19.63,0.000355619027349
19.64,0.000355089618366428
19.65,0.000354575395200214
19.66,0.00035407664726833
19.67,0.00035359366894547
19.6799999999999,0.000353126759671153
19.69,0.000352676224726639
19.7,0.000352242373459343
19.71,0.00035182552075593
19.72,0.000351425987119764
19.73,0.000351044099275816
19.74,0.000350680188281664
19.75,0.000350334591251393
19.76,0.000350007651536155
19.77,0.000349699718866764
19.78,0.000349411148048814
19.79,0.00034914230041003
19.8,0.000348893544462297
19.8099999999999,0.000348665255386094
19.82,0.000348457814109832
19.83,0.000348271608788743
19.84,0.000348107035999193
19.85,0.000347964499142319
19.86,0.000347844408420022
19.87,0.000347747182079897
19.88,0.000347673248264959
19.89,0.000347623041998262
19.9,0.000347597006594106
19.91,0.000347595594329935
19.92,0.000347619269490953
19.9299999999999,0.000347668502552975
19.94,0.000347743774323834
19.95,0.000347845575572237
19.96,0.00034797440974601
19.97,0.00034813079081317
19.98,0.00034831524129818
19.99,0.000348528296130627
20,0.000348770502976686
20.01,0.000349042426128891
20.02,0.000349344636126592
20.03,0.000349677718845376
20.04,0.000350042273504872
20.05,0.000350438918843011
20.0599999999999,0.000350868282677703
20.07,0.000351331008722987
20.08,0.00035182775650646
20.09,0.000352359204766138
20.1,0.000352926049360558
20.11,0.000353528999540456
20.12,0.000354168784008339
20.13,0.000354846150969694
20.14,0.000355561874136515
20.15,0.000356316738296245
20.16,0.000357111551821654
20.17,0.00035794714406736
20.1799999999999,0.000358824374319215
20.19,0.000359744117472707
20.2,0.000360707272573052
20.21,0.000361714763751847
20.22,0.00036276754461782
20.23,0.000363866596495611
20.24,0.000365012921545003
20.25,0.00036620755248615
20.26,0.000367451552115607
20.27,0.000368746022688997
20.28,0.000370092084736425
20.29,0.000371490895276538
20.3,0.000372943644105094
20.3099999999999,0.000374451565039598
20.32,0.000376015921422726
20.33,0.000377638010247551
20.34,0.000379319168539433
20.35,0.000381060775816421
20.36,0.000382864261414457
20.37,0.00038473108170754
20.38,0.00038666274177521
20.39,0.000388660790917937
20.4,0.000390726839383793
20.41,0.000392862531308774
20.42,0.000395069561497406
20.4299999999999,0.000397349676815142
20.44,0.000399704681870857
20.45,0.000402136440485545
20.46,0.000404646860239446
20.47,0.000407237910824008
20.48,0.000409911620576663
20.49,0.000412670103118344
20.5,0.000415515507065574
20.51,0.000418450055651393
20.52,0.000421476038910121
20.53,0.000424595825120378
20.54,0.000427811854322601
20.55,0.0004311266297029
20.5599999999999,0.000434542734474065
20.57,0.000438062829905403
20.58,0.00044168966597002
20.59,0.000445426062173961
20.6,0.000449274925791664
20.61,0.000453239249543083
20.62,0.000457322126245045
20.63,0.000461526733468451
20.64,0.000465856336278072
20.65,0.000470314298312737
20.66,0.000474904082863466
20.67,0.00047962926109181
20.6799999999999,0.000484493494532142
20.69,0.000489500553732134
20.7,0.000494654316030392
20.71,0.000499958757655743
20.72,0.000505417973377
20.73,0.000511036170393072
20.74,0.000516817669019576
20.75,0.000522766899035925
20.76,0.000528888399023485
20.77,0.000535186843833503
20.78,0.00054166702233119
20.79,0.000548333846186912
20.8,0.000555192307541913
20.8099999999999,0.000562247568900925
20.82,0.000569504904032405
20.83,0.000576969711613192
20.84,0.00058464748402733
20.85,0.000592543829927183
20.86,0.000600664525781568
20.87,0.000609015454003485
20.88,0.000617602615192818
20.89,0.000626432002755995
20.9,0.000635509854480206
20.91,0.000644842471790179
20.92,0.000654436264773549
20.9299999999999,0.000664297750419099
20.94,0.000674433544871086
20.95,0.0006848503677841
20.96,0.000695554940250541
20.97,0.000706554143404389
20.98,0.000717854930740377
20.99,0.000729464290386465
21,0.000741389163603576
21.01,0.00075363667488854
21.02,0.000766213941238922
21.03,0.0007791280220277
21.04,0.000792386006945059
21.05,0.000805995029027349
21.0599999999999,0.0008199621787277
21.07,0.00083429439011103
21.08,0.000848998685079317
21.09,0.000864081980411761
21.1,0.000879551049888607
21.11,0.000895412512334846
21.12,0.000911672971814374
21.13,0.000928338853493583
21.14,0.000945416245227161
21.15,0.000962911180517309
21.16,0.000980829464313933
21.17,0.000999176613909681
21.1799999999999,0.00101795775385286
21.19,0.00103717786909691
21.2,0.00105684156825014
21.21,0.0010769530249686
21.22,0.00109751604918732
21.23,0.0011185340857572
21.24,0.00114001011373792
21.25,0.00116194655392124
21.26,0.00118434542318391
21.27,0.00120720817905325
21.28,0.0012305357081247
21.29,0.00125432829850691
21.3,0.00127858564712073
21.3099999999999,0.00130330679802171
21.32,0.00132849016972136
21.33,0.00135413345321657
21.34,0.00138023362302253
21.35,0.00140678694636529
21.36,0.0014337890440183
21.37,0.00146123461563661
21.38,0.00148911761023533
21.39,0.00151743133715998
21.4,0.00154616825303895
21.41,0.0015753198912952
21.42,0.00160487700985745
21.4299999999999,0.00163482990328831
21.44,0.00166516763604458
21.45,0.00169587856483952
21.46,0.00172695039318235
21.47,0.00175837016784214
21.48,0.00179012383047405
21.49,0.00182219664051704
21.5,0.00185457355450269
21.51,0.00188723842480608
21.52,0.00192017441670983
21.53,0.00195336411580678
21.54,0.00198678980570789
21.55,0.00202043283996086
21.5599999999999,0.00205427415755872
21.57,0.00208829426143004
21.58,0.00212247310110217
21.59,0.00215679023705159
21.6,0.0021912248775839
21.61,0.00222575582110884
21.62,0.00226036163949014
21.63,0.00229502074717098
21.64,0.002329711229844
21.65,0.0023644111410994
21.66,0.00239909851566474
21.67,0.0024337512629034
21.6799999999999,0.00246834735166962
21.69,0.00250286482503721
21.7,0.00253728185328846
21.71,0.00257157671674173
21.72,0.00260572789041857
21.73,0.00263971413947599
21.74,0.00267351446458473
21.75,0.00270710819664985
21.76,0.00274047505360374
21.77,0.00277359513921443
21.78,0.00280644901329079
21.79,0.00283901773348438
21.8,0.00287128276897679
21.8099999999999,0.00290322619003374
21.82,0.00293483066188574
21.83,0.00296607925890696
21.84,0.00299695578134769
21.85,0.00302744465916585
21.86,0.00305753077847706
21.87,0.00308719981667102
21.88,0.00311643808949242
21.89,0.00314523242095493
21.9,0.0031735704534014
21.91,0.00320144046911169
21.92,0.00322883129165523
21.9299999999999,0.00325573256036121
21.94,0.00328213455187793
21.95,0.00330802808369696
21.96,0.00333340477670687
21.97,0.00335825686446483
21.98,0.00338257711494352
21.99,0.00340635906470034
22,0.00342959683662909
22.01,0.00345228506756582
22.02,0.00347441910908337
22.03,0.00349599486611186
22.04,0.00351700873756965
22.05,0.00353745776704141
22.0599999999999,0.00355733951431187
22.07,0.00357665200768626
22.08,0.00359539384657231
22.09,0.00361356410470443
22.1,0.00363116229156977
22.11,0.00364818841638401
22.12,0.00366464291684962
22.13,0.0036805266296665
22.14,0.00369584082193998
22.15,0.0037105871418061
22.16,0.00372476759921519
22.17,0.00373838456706911
22.1799999999999,0.00375144075257005
22.19,0.00376393918849179
22.2,0.00377588320629298
22.21,0.00378727642608755
22.22,0.00379812275819322
22.23,0.00380842635578487
22.24,0.00381819161531471
22.25,0.00382742318109317
22.26,0.00383612590513568
22.27,0.00384430483117541
22.28,0.00385196520895833
22.29,0.00385911247011719
22.3,0.00386575218841837
22.3099999999999,0.00387189010409735
22.32,0.00387753211755971
22.33,0.00388268422678089
22.34,0.00388735255988476
22.35,0.00389154338518649
22.36,0.00389526303047759
22.37,0.00389851792105639
22.38,0.00390131460070633
22.39,0.00390365964307728
22.4,0.00390555969309653
22.41,0.00390702148055909
22.42,0.00390805175987366
22.4299999999999,0.00390865732150803
22.44,0.00390884501139267
22.45,0.00390862169854044
22.46,0.00390799425649305
22.47,0.00390696958936426
22.48,0.00390555461978386
22.49,0.00390375625075181
22.5,0.00390158139464393
22.51,0.00389903697515913
22.52,0.00389612987815313
22.53,0.00389286698126691
22.54,0.00388925516633373
22.55,0.00388530126139771
22.5599999999999,0.00388101207236089
22.57,0.00387639439636194
22.58,0.00387145497615816
22.59,0.00386620051505042
22.6,0.00386063768840065
22.61,0.0038547731291131
22.62,0.00384861340979594
22.63,0.00384216506228516
22.64,0.00383543457980072
22.65,0.0038284283832501
22.66,0.00382115284272467
22.67,0.00381361428843742
22.6799999999999,0.00380581897162177
22.69,0.0037977730868879
22.7,0.00378948277789191
22.71,0.00378095411728275
22.72,0.00377219310903013
22.73,0.00376320569781133
22.74,0.00375399776454121
22.75,0.0037445751121404
22.76,0.00373494347914965
22.77,0.00372510854429031
22.78,0.00371507590078131
22.79,0.00370485107378046
22.8,0.00369443952498442
22.8099999999999,0.00368384664236514
22.82,0.00367307773266998
22.83,0.00366213803154766
22.84,0.0036510327179847
22.85,0.00363976687822575
22.86,0.00362834552977138
22.87,0.0036167736193072
22.88,0.00360505602566022
22.89,0.00359319754294117
22.9,0.00358120289434119
22.91,0.00356907673621098
22.92,0.00355682364681561
22.9299999999999,0.00354444812877007
22.94,0.00353195461297492
22.95,0.003519347464648
22.96,0.00350663096710467
22.97,0.00349380933367062
22.98,0.00348088670868904
22.99,0.00346786716627639
23,0.00345475470437232
23.01,0.00344155325154984
23.02,0.00342826667406175
23.03,0.00341489875979899
23.04,0.00340145322871091
23.05,0.00338793373191354
23.0599999999999,0.00337434385863685
23.07,0.00336068712774383
23.08,0.00334696698717993
23.09,0.00333318682020025
23.1,0.00331934994744511
23.11,0.00330545962770289
23.12,0.00329151904779298
23.13,0.00327753133357274
23.14,0.00326349954854734
23.15,0.00324942669934532
23.16,0.00323531572354745
23.17,0.00322116950037767
23.1799999999999,0.00320699084869837
23.19,0.00319278253205158
23.2,0.00317854725076262
23.21,0.00316428764834389
23.22,0.00315000631110135
23.23,0.00313570577087698
23.24,0.00312138850273235
23.25,0.00310705692590789
23.26,0.00309271340591924
23.27,0.00307836025565394
23.28,0.00306399973589457
23.29,0.00304963405393625
23.3,0.00303526536653903
23.3099999999999,0.00302089578020416
23.32,0.00300652735254156
23.33,0.0029921620912402
23.34,0.0029778019562443
23.35,0.00296344886012486
23.36,0.00294910466860851
23.37,0.00293477120179412
23.38,0.00292045023455302
23.39,0.0029061434973625
23.4,0.00289185267693416
23.41,0.00287757941613173
23.42,0.00286332531685893
23.4299999999999,0.00284909193908021
23.44,0.00283488080202153
23.45,0.00282069338434214
23.46,0.00280653112407631
23.47,0.00279239542278425
23.48,0.00277828764322701
23.49,0.00276420911094747
23.5,0.00275016111355028
23.51,0.0027361449018876
23.52,0.0027221616941093
23.53,0.00270821267265895
23.54,0.00269429898609917
23.55,0.00268042174711472
23.5599999999999,0.00266658203636008
23.57,0.00265278090445098
23.58,0.00263901936944894
23.59,0.00262529841865812
23.6,0.00261161900547195
23.61,0.00259798205643666
23.62,0.00258438846957983
23.63,0.00257083911370257
23.64,0.00255733482978772
23.65,0.00254387642670014
23.66,0.00253046469174291
23.67,0.00251710038467166
23.6799999999999,0.00250378423930425
23.69,0.00249051696409493
23.7,0.00247729923787275
23.71,0.00246413172178401
23.72,0.00245101505102532
23.73,0.00243794983774083
23.74,0.00242493667053971
23.75,0.00241197611209722
23.76,0.00239906870921924
23.77,0.00238621498531843
23.78,0.00237341544315553
23.79,0.00236067056342767
23.8,0.00234798080488132
23.8099999999999,0.00233534661162362
23.82,0.00232276840684143
23.83,0.00231024659528389
23.84,0.00229778156130415
23.85,0.0022853736703881
23.86,0.00227302327483561
23.87,0.00226073070823175
23.88,0.00224849628774384
23.89,0.00223632031174562
23.9,0.00222420306276428
23.91,0.00221214481112966
23.92,0.00220014581061348
23.9299999999999,0.00218820630041932
23.94,0.00217632650245986
23.95,0.00216450662562509
23.96,0.00215274686740148
23.97,0.00214104741073976
23.98,0.00212940842571676
23.99,0.00211783006636084
24,0.00210631247635599
24.01,0.00209485578870941
24.02,0.00208346012370343
24.03,0.00207212559027903
24.04,0.00206085228252331
24.05,0.00204964028663241
24.0599999999999,0.00203848967866969
24.07,0.0020274005236663
24.08,0.00201637287669922
24.09,0.00200540677927806
24.1,0.00199450226709448
24.11,0.00198365936618284
24.12,0.00197287809313275
24.13,0.00196215845584816
24.14,0.00195150044975781
24.15,0.00194090406627628
24.16,0.00193036928763023
24.17,0.00191989608799604
24.1799999999999,0.0019094844339627
24.19,0.00189913428409677
24.2,0.00188884558839564
24.21,0.00187861828863496
24.22,0.00186845231840112
24.23,0.00185834762351856
24.24,0.00184830411829749
24.25,0.00183832171735198
24.26,0.001828400328109
24.27,0.00181853986617419
24.28,0.00180874022869768
24.29,0.00179900130369968
24.3,0.00178932297567615
24.3099999999999,0.00177970513350143
24.32,0.00177014766008594
24.33,0.00176065042045165
24.34,0.00175121327960544
24.35,0.00174183610229252
24.36,0.0017325187573466
24.37,0.00172326109090104
24.38,0.00171406295095007
24.39,0.00170492418199068
24.4,0.00169584463801839
24.41,0.00168682414945925
24.42,0.00167786254914864
24.4299999999999,0.00166895966551096
24.44,0.00166011533860523
24.45,0.00165132938634438
24.46,0.00164260162694826
24.47,0.00163393187581681
24.48,0.00162531994786132
24.49,0.00161676566811226
24.5,0.00160826883624117
24.51,0.00159982925697542
24.52,0.00159144673169283
24.53,0.00158312106772867
24.54,0.00157485207013629
24.55,0.00156663952897193
24.5599999999999,0.00155848323740569
24.57,0.00155038298583089
24.58,0.00154233857614679
24.59,0.00153434979420698
24.6,0.0015264164240797
24.61,0.00151853824970976
24.62,0.00151071505420051
24.63,0.00150294663126321
24.64,0.0014952327545737
24.65,0.00148757320266482
24.66,0.00147996775221751
24.67,0.00147241618290226
24.6799999999999,0.00146491827593301
24.69,0.00145747380103588
24.7,0.00145008253082407
24.71,0.00144274423643097
24.72,0.0014354586959874
24.73,0.0014282256801219
24.74,0.00142104495621792
24.75,0.00141391629266109
24.76,0.00140683945697795
24.77,0.00139981422646599
24.78,0.00139284036331243
24.79,0.00138591763399982
24.8,0.00137904580418158
24.8099999999999,0.00137222464215264
24.82,0.00136545392006883
24.83,0.00135873339829387
24.84,0.00135206284141246
24.85,0.0013454420134036
24.86,0.00133887067764081
24.87,0.00133234860931054
24.88,0.0013258755690481
24.89,0.00131945131948214
24.9,0.00131307562440044
24.91,0.00130674824725332
24.92,0.00130046895576036
24.9299999999999,0.00129423752156648
24.94,0.00128805370409227
24.95,0.00128191726808617
24.96,0.00127582797822128
24.97,0.00126978559909547
24.98,0.00126378990592415
24.99,0.00125784066107323
25,0.00125193763012205
25.01,0.00124608057968369
25.02,0.00124026927651414
25.03,0.00123450349095152
25.04,0.0012287829954711
25.05,0.00122310755543098
25.0599999999999,0.00121747693993268
25.07,0.00121189091839561
25.08,0.00120634926055715
25.09,0.00120085174413922
25.1,0.00119539813751825
25.11,0.00118998821243815
25.12,0.00118462174148556
25.13,0.00117929849771311
25.14,0.00117401825807376
25.15,0.00116878080054248
25.16,0.00116358589766834
25.17,0.00115843332561253
25.1799999999999,0.00115332286111276
25.19,0.00114825428148318
25.2,0.00114322736661966
25.21,0.00113824190197822
25.22,0.00113329766349115
25.23,0.00112839443213944
25.24,0.00112353198960353
25.25,0.00111871011826346
25.26,0.00111392860154177
25.27,0.00110918723157201
25.28,0.00110448578923775
25.29,0.00109982406092965
25.3,0.00109520183384958
25.3099999999999,0.00109061889601068
25.32,0.0010860750362373
25.33,0.00108157004965954
25.34,0.00107710372570246
25.35,0.00107267585579283
25.36,0.00106828623299689
25.37,0.00106393465127759
25.38,0.00105962090549468
25.39,0.0010553447943087
25.4,0.00105110611527548
25.41,0.00104690466540573
25.42,0.00104274024386559
25.4299999999999,0.00103861265078077
25.44,0.00103452168723657
25.45,0.00103046715672225
25.46,0.00102644886406019
25.47,0.00102246661235469
25.48,0.00101852020707199
25.49,0.00101460945468605
25.5,0.00101073416267874
25.51,0.00100689413994955
25.52,0.00100308919772814
25.53,0.000999319146089557
25.54,0.000995583797101755
25.55,0.000991882963933762
25.5599999999999,0.00098821646086224
25.57,0.000984584103278028
25.58,0.000980985707692788
25.59,0.000977421090937068
25.6,0.000973890071928342
25.61,0.000970392470549814
25.62,0.000966928107690927
25.63,0.000963496805372123
25.64,0.000960098386750106
25.65,0.000956732676123124
25.66,0.000953399498230472
25.67,0.000950098678772781
25.6799999999999,0.000946830045928726
25.69,0.000943593428312951
25.7,0.000940388655666889
25.71,0.000937215558861535
25.72,0.000934073969900405
25.73,0.000930963721885421
25.74,0.000927884647748805
25.75,0.000924836583498224
25.76,0.000921819365483307
25.77,0.000918832831170758
25.78,0.000915876819145471
25.79,0.000912951169111645
25.8,0.000910055721893901
25.8099999999999,0.000907190319051939
25.82,0.000904354803526667
25.83,0.000901549019583361
25.84,0.000898772812428387
25.85,0.000896026028379193
25.86,0.000893308514864619
25.87,0.000890620120425061
25.88,0.000887960694618075
25.89,0.000885330087835849
25.9,0.00088272815212235
25.91,0.000880154740388285
25.92,0.000877609706646377
25.9299999999999,0.000875092906010981
25.94,0.000872604194697695
25.95,0.000870143430023035
25.96,0.000867710469954525
25.97,0.000865305174083225
25.98,0.000862927403012113
25.99,0.000860577018361427
26,0.000858253882837695
26.01,0.000855957860232627
26.02,0.000853688815422008
26.03,0.000851446613947338
26.04,0.000849231122417875
26.05,0.000847042209328171
26.0599999999999,0.000844879743789293
26.07,0.000842743595981775
26.08,0.000840633637154165
26.09,0.000838549739621462
26.1,0.000836491776763654
26.11,0.000834459623024264
26.12,0.000832453153908782
26.13,0.000830472245818349
26.14,0.000828516774901435
26.15,0.000826586620766382
26.16,0.000824681663012684
26.17,0.000822801782280049
26.1799999999999,0.000820946860246274
26.19,0.000819116779625108
26.2,0.000817311424164174
26.21,0.000815530678642779
26.22,0.000813774428869824
26.23,0.000812042561681707
26.24,0.000810334963773246
26.25,0.000808651524361865
26.26,0.000806992133478213
26.27,0.000805356681916794
26.28,0.000803745061476027
26.29,0.000802157164955567
26.3,0.000800592886153631
26.3099999999999,0.000799052119864321
26.32,0.000797534761874939
26.33,0.000796040708963348
26.34,0.000794569858584883
26.35,0.000793122109268305
26.36,0.000791697360965627
26.37,0.000790295514330889
26.38,0.000788916470989321
26.39,0.000787560133534408
26.4,0.00078622640552495
26.41,0.00078491519148213
26.42,0.000783626396886582
26.4299999999999,0.000782359928175453
26.44,0.000781115692725589
26.45,0.000779893598802339
26.46,0.00077869355574396
26.47,0.000777515473776428
26.48,0.000776359264066773
26.49,0.00077522483872007
26.5,0.000774112110776495
26.51,0.00077302099420835
26.52,0.000771951403917091
26.53,0.000770903255730364
26.54,0.000769876466399025
26.55,0.000768870953630042
26.5599999999999,0.000767886635998092
26.57,0.000766923433004117
26.58,0.000765981265065889
26.59,0.000765060053509905
26.6,0.000764159720568442
26.61,0.000763280189376622
26.62,0.000762421383969427
26.63,0.000761583229278765
26.64,0.00076076565113051
26.65,0.000759968576292658
26.66,0.000759191932393737
26.67,0.000758435647895551
26.6799999999999,0.000757699652179022
26.69,0.000756983875505137
26.7,0.000756288249012056
26.71,0.000755612704712164
26.72,0.000754957175489174
26.73,0.000754321595095219
26.74,0.00075370589814791
26.75,0.000753110020218658
26.76,0.00075253389796807
26.77,0.000751977468347741
26.78,0.000751440669435615
26.79,0.000750923440162967
26.8,0.000750425720311577
26.8099999999999,0.000749947450510904
26.82,0.000749488572235261
26.83,0.000749049027800997
26.84,0.000748628760363659
26.85,0.000748227713915174
26.86,0.000747845833281032
26.87,0.000747483064178917
26.88,0.000747139354028961
26.89,0.000746814649502391
26.9,0.000746508898790567
26.91,0.000746222050909584
26.92,0.000745954055697644
26.9299999999999,0.000745704863812435
26.94,0.000745474426728508
26.95,0.000745262696734652
26.96,0.000745069626931267
26.97,0.000744895171227745
26.98,0.000744739284339845
26.99,0.000744601921787065
27,0.000744483041226343
27.01,0.000744382599041779
27.02,0.000744300553131087
27.03,0.000744236862294221
27.04,0.000744191486129558
27.05,0.000744164385031554
27.0599999999999,0.000744155520188413
27.07,0.000744164853579745
27.08,0.000744192347974231
27.09,0.000744237966927285
27.1,0.000744301674778716
27.11,0.000744383436650392
27.12,0.000744483219727619
27.13,0.000744600990312342
27.14,0.000744736715625306
27.15,0.00074489036400009
27.16,0.000745061904549791
27.17,0.000745251307165024
27.1799999999999,0.000745458542511926
27.19,0.000745683582030156
27.2,0.000745926397930888
27.21,0.000746186963194824
27.22,0.000746465251570186
27.23,0.000746761237570716
27.24,0.000747074897505543
27.25,0.000747406207504858
27.26,0.000747755143919931
27.27,0.000748121684415017
27.28,0.000748505807419248
27.29,0.000748907492124975
27.3,0.000749326718486122
27.3099999999999,0.000749763467216527
27.32,0.000750217719788298
27.33,0.000750689458430149
27.34,0.000751178666125762
27.35,0.000751685326612127
27.36,0.00075220942515719
27.37,0.000752750947561217
27.38,0.000753309879149688
27.39,0.000753886206766385
27.4,0.0007544799180097
27.41,0.00075509100123134
27.42,0.000755719445535029
27.4299999999999,0.000756365240775218
27.44,0.00075702837755579
27.45,0.000757708847228752
27.46,0.000758406641892961
27.47,0.000759121754392821
27.48,0.00075985417888248
27.49,0.000760603910806511
27.5,0.00076137094429453
27.51,0.000762155275280502
27.52,0.000762956900447995
27.53,0.000763775817229274
27.54,0.000764612023804405
27.55,0.000765465519100355
27.5599999999999,0.000766336302790093
27.57,0.000767224375291694
27.58,0.000768129737767421
27.59,0.000769052392122855
27.6,0.000769992341508506
27.61,0.000770949591971826
27.62,0.000771924145442993
27.63,0.000772916006916875
27.64,0.000773925182135858
27.65,0.000774951677589208
27.66,0.000775995500512431
27.67,0.000777056658886639
27.6799999999999,0.000778135161437904
27.69,0.000779231017636637
27.7,0.000780344237696913
27.71,0.000781474832575881
27.72,0.000782622813973101
27.73,0.000783788194329886
27.74,0.000784970986828709
27.75,0.00078617120539253
27.76,0.000787388868156998
27.77,0.000788623991035781
27.78,0.000789876588050733
27.79,0.000791146676317863
27.8,0.000792434273706765
27.8099999999999,0.000793739398840469
27.82,0.00079506207109529
27.83,0.000796402310600641
27.84,0.000797760138238924
27.85,0.000799135575645351
27.86,0.000800528645207765
27.87,0.000801939370066533
27.88,0.000803367774114353
27.89,0.000804813881996114
27.9,0.000806277719108734
27.91,0.000807759311601007
27.92,0.000809258694451045
27.9299999999999,0.000810775889672126
27.94,0.000812310925746827
27.95,0.000813863832143285
27.96,0.000815434639101924
27.97,0.000817023377635898
27.98,0.000818630079531521
27.99,0.000820254777348793
28,0.000821897504421821
28.01,0.000823558294859294
28.02,0.00082523718354495
28.03,0.000826934206138035
28.04,0.00082864939907377
28.05,0.000830382799563814
28.0599999999999,0.000832134445596726
28.07,0.000833904378920499
28.08,0.000835692642534079
28.09,0.000837499272729912
28.1,0.000839324310918466
28.11,0.000841167799310785
28.12,0.000843029780919652
28.13,0.000844910299560652
28.14,0.000846809399853278
28.15,0.000848727127222039
28.16,0.000850663527897553
28.17,0.000852618648917654
28.1799999999999,0.000854592538128492
28.19,0.000856585244185642
28.2,0.000858596816555166
28.21,0.000860627305514776
28.22,0.000862676762154902
28.23,0.000864745244777521
28.24,0.000866832803452793
28.25,0.000868939490445707
28.26,0.000871065360420258
28.27,0.000873210468879863
28.28,0.000875374872169089
28.29,0.000877558627475374
28.3,0.000879761792830757
28.3099999999999,0.000881984427113599
28.32,0.000884226590050323
28.33,0.000886488342217088
28.34,0.000888769745041588
28.35,0.000891070860804745
28.36,0.000893391752642386
28.37,0.000895732484547055
28.38,0.000898093122866765
28.39,0.000900473739596121
28.4,0.000902874395952007
28.41,0.000905295159686077
28.42,0.000907736099437214
28.4299999999999,0.000910197284733906
28.44,0.000912678785996648
28.45,0.000915180674540263
28.46,0.000917703022576372
28.47,0.00092024590321573
28.48,0.00092280939047057
28.49,0.000925393559257067
28.5,0.000927998485397664
28.51,0.000930624245623468
28.52,0.000933270917576632
28.53,0.000935938579812739
28.54,0.000938627317316676
28.55,0.000941337210752263
28.5599999999999,0.000944068338460254
28.57,0.000946820783031882
28.58,0.000949594628008204
28.59,0.000952389957883298
28.6,0.000955206858107328
28.61,0.000958045415089601
28.62,0.000960905716201775
28.63,0.000963787849780898
28.64,0.000966691905132535
28.65,0.000969617972533878
28.66,0.000972566143236852
28.67,0.000975536509471219
28.6799999999999,0.000978529164447696
28.69,0.000981544202361071
28.7,0.000984581729081976
28.71,0.000987641832959391
28.72,0.000990724611528937
28.73,0.000993830163354779
28.74,0.000996958588027866
28.75,0.00100010998616975
28.76,0.00100328445943652
28.77,0.0010064821105227
28.78,0.00100970304316513
28.79,0.00101294736214689
28.8,0.00101621517330121
28.8099999999999,0.00101950658351534
28.82,0.00102282170073451
28.83,0.0010261606339657
28.84,0.00102952349328172
28.85,0.00103291039411757
28.86,0.00103632145274243
28.87,0.00103975677732374
28.88,0.00104321648264968
28.89,0.00104670068462224
28.9,0.00105020950026191
28.91,0.00105374304771248
28.92,0.00105730144624574
28.9299999999999,0.00106088481626627
28.94,0.00106449327931621
28.95,0.00106812695807989
28.96,0.00107178597638874
28.97,0.001075470459226
28.98,0.00107918053273133
28.99,0.00108291632420576
29,0.00108667796211633
29.01,0.0010904655822092
29.02,0.00109427931299832
29.03,0.00109811928572123
29.04,0.00110198563404308
29.05,0.00110587849286064
29.0599999999999,0.00110979799830867
29.07,0.00111374428776619
29.08,0.00111771749986273
29.09,0.00112171777448474
29.1,0.00112574525278187
29.11,0.00112980007717318
29.12,0.00113388239135358
29.13,0.00113799234267551
29.14,0.00114213007676486
29.15,0.00114629574072069
29.16,0.00115048948360805
29.17,0.00115471145581687
29.1799999999999,0.00115896180906897
29.19,0.00116324069642504
29.2,0.00116754827229146
29.21,0.00117188469242747
29.22,0.00117625011395201
29.23,0.00118064469535062
29.24,0.00118506859648257
29.25,0.00118952198040521
29.26,0.00119400500948213
29.27,0.00119851784723471
29.28,0.00120306065925544
29.29,0.00120763361255988
29.3,0.00121223687559417
29.3099999999999,0.00121687061824252
29.32,0.00122153501183477
29.33,0.00122623022915376
29.34,0.00123095644444302
29.35,0.00123571383341419
29.36,0.00124050257325444
29.37,0.00124532284435117
29.38,0.00125017482707596
29.39,0.00125505870258272
29.4,0.00125997465432094
29.41,0.00126492286728384
29.42,0.00126990352801728
29.4299999999999,0.00127491682462869
29.44,0.00127996294679599
29.45,0.00128504208577641
29.46,0.00129015443460133
29.47,0.00129530018925872
29.48,0.00130047954488648
29.49,0.00130569269932047
29.5,0.0013109398520395
29.51,0.00131622120417523
29.52,0.00132153695852194
29.53,0.00132688731954638
29.54,0.00133227249339756
29.55,0.00133769268791658
29.5599999999999,0.00134314811337998
29.57,0.00134863898123971
29.58,0.00135416550419565
29.59,0.00135972789708695
29.6,0.0013653263765081
29.61,0.00137096116081927
29.62,0.00137663247015699
29.63,0.00138234052644451
29.64,0.00138808555340227
29.65,0.00139386777662262
29.66,0.0013996874244253
29.67,0.0014055447255331
29.6799999999999,0.00141143991111062
29.69,0.00141737321419234
29.7,0.00142334486969417
29.71,0.00142935511442526
29.72,0.00143540418709953
29.73,0.00144149232857015
29.74,0.00144761978178995
29.75,0.00145378679105852
29.76,0.00145999360292962
29.77,0.00146624046593369
29.78,0.00147252763059036
29.79,0.00147885534942074
29.8,0.00148522387695995
29.8099999999999,0.00149163347015131
29.82,0.00149808438767568
29.83,0.00150457689011904
29.84,0.00151111124029244
29.85,0.00151768770309534
29.86,0.00152430654552862
29.87,0.00153096803670785
29.88,0.00153767244787627
29.89,0.00154442005309476
29.9,0.00155121112763356
29.91,0.00155804594927244
29.92,0.0015649247980101
29.9299999999999,0.00157184795605285
29.94,0.00157881570782846
29.95,0.00158582833999996
29.96,0.0015928861416433
29.97,0.00159998940451017
29.98,0.00160713842177545
29.99,0.00161433348929918
30,0.00162157490526172
30.01,0.00162886297017846
30.02,0.0016361979869146
30.03,0.00164358026069995
30.04,0.00165101009954187
30.05,0.00165848781370655
30.0599999999999,0.0016660137154553
30.07,0.00167358811974888
30.08,0.00168121134400262
30.09,0.00168888370810235
30.1,0.00169660553441995
30.11,0.00170437714782883
30.12,0.00171219887637972
30.13,0.00172007104986975
30.14,0.00172799400078209
30.15,0.001735968064283
30.16,0.00174399357813532
30.17,0.00175207088271503
30.1799999999999,0.00176020032102781
30.19,0.00176838223880808
30.2,0.00177661698509196
30.21,0.00178490491053601
30.22,0.00179324636894983
30.23,0.00180164171687148
30.24,0.00181009131358528
30.25,0.0018185955211391
30.26,0.00182715470436192
30.27,0.00183576923119031
30.28,0.00184443947249237
30.29,0.00185316580132658
30.3,0.00186194859394883
30.3099999999999,0.00187078822950037
30.32,0.00187968509002629
30.33,0.00188863956049369
30.34,0.00189765202881049
30.35,0.00190672288984397
30.36,0.00191585253633243
30.37,0.00192504136344145
30.38,0.001934289770613
30.39,0.00194359816014595
30.4,0.00195296693719611
30.41,0.00196239650977623
30.42,0.00197188728876333
30.4299999999999,0.00198143970259699
30.44,0.00199105416157129
30.45,0.0020007310871441
30.46,0.00201047090381716
30.47,0.00202027403913593
30.48,0.00203014092368936
30.49,0.00204007199916443
30.5,0.00205006770150905
30.51,0.00206012847035584
30.52,0.00207025475003264
30.53,0.00208044698804579
30.54,0.00209070563508015
30.55,0.00210103115043063
30.5599999999999,0.00211142399369697
30.57,0.00212188462371519
30.58,0.00213241350534676
30.59,0.00214301110676015
30.6,0.00215367789943063
30.61,0.00216441436183953
30.62,0.00217522097797478
30.63,0.00218609822649655
30.64,0.00219704659366607
30.65,0.0022080665691906
30.66,0.00221915864622337
30.67,0.00223032332319888
30.6799999999999,0.00224156110934959
30.69,0.00225287250412541
30.7,0.00226425801609093
30.71,0.00227571815740489
30.72,0.00228725344382002
30.73,0.00229886439468285
30.74,0.00231055154481573
30.75,0.00232231541574879
30.76,0.00233415653920591
30.77,0.00234607545069821
30.78,0.0023580726894824
30.79,0.00237014879856077
30.8,0.00238230433519667
30.8099999999999,0.00239453984846701
30.82,0.0024068558921049
30.83,0.00241925302582149
30.84,0.00243173181321239
30.85,0.0024442928217574
30.86,0.00245693662308797
30.87,0.00246966380869648
30.88,0.00248247494997572
30.89,0.00249537063187447
30.9,0.00250835144339113
30.91,0.00252141797757374
30.92,0.00253457083151996
30.9299999999999,0.00254781061000452
30.94,0.00256113793086539
30.95,0.00257455339691379
30.96,0.00258805762355227
30.97,0.00260165123040991
30.98,0.00261533484134205
30.99,0.0026291090844308
31,0.00264297459932413
31.01,0.0026569320297249
31.02,0.00267098201213514
31.03,0.00268512519367951
31.04,0.00269936222588527
31.05,0.00271369376468228
31.0599999999999,0.00272812047040297
31.07,0.00274264301901512
31.08,0.00275726208063822
31.09,0.00277197832707212
31.1,0.00278679243838709
31.11,0.00280170509922782
31.12,0.00281671699881399
31.13,0.00283182883093989
31.14,0.00284704130933099
31.15,0.00286235513125449
31.16,0.00287777100523157
31.17,0.00289328964547056
31.1799999999999,0.00290891177092254
31.19,0.00292463810528146
31.2,0.00294046937898598
31.21,0.00295640633868773
31.22,0.00297244971567253
31.23,0.00298860025452016
31.24,0.00300485870471556
31.25,0.00302122582064843
31.26,0.00303770236161336
31.27,0.00305428909676101
31.28,0.00307098680341551
31.29,0.00308779625109935
31.3,0.00310471822055759
31.3099999999999,0.00312175349759219
31.32,0.00313890287306222
31.33,0.00315616714288338
31.34,0.00317354711556165
31.35,0.00319104359997629
31.36,0.00320865740499625
31.37,0.00322638934844167
31.38,0.00324424025332626
31.39,0.00326221094785732
31.4,0.0032803022654358
31.41,0.0032985150538579
31.42,0.00331685015499081
31.4299999999999,0.00333530841770199
31.44,0.00335389069760093
31.45,0.0033725978556052
31.46,0.00339143075794114
31.47,0.00341039027640019
31.48,0.00342947729342324
31.49,0.00344869268914203
31.5,0.00346803735202418
31.51,0.00348751217594791
31.52,0.00350711806020197
31.53,0.00352685591043456
31.54,0.00354672663761948
31.55,0.00356673115698923
31.5599999999999,0.00358687038984999
31.57,0.00360714526295495
31.58,0.00362755670850387
31.59,0.00364810566411085
31.6,0.00366879307288092
31.61,0.00368961988334926
31.62,0.00371058704949729
31.63,0.00373169553075268
31.64,0.00375294629103674
31.65,0.00377434029938489
31.66,0.00379587853200591
31.67,0.0038175619696665
31.6799999999999,0.00383939159853618
31.69,0.00386136841018738
31.7,0.00388349339623984
31.71,0.00390576756026376
31.72,0.0039281919094145
31.73,0.00395076745575678
31.74,0.0039734952166541
31.75,0.00399637621169055
31.76,0.00401941146279214
31.77,0.00404260200533333
31.78,0.00406594887611421
31.79,0.00408945311706068
31.8,0.0041131157752244
31.8099999999999,0.00413693789160976
31.82,0.00416092052448922
31.83,0.00418506473555761
31.84,0.00420937158979012
31.85,0.00423384215704527
31.86,0.00425847750830417
31.87,0.00428327871146735
31.88,0.00430824685337615
31.89,0.00433338301899727
31.9,0.00435868829740148
31.91,0.00438416378170586
31.92,0.00440981056473792
31.9299999999999,0.00443562974361631
31.94,0.00446162242364922
31.95,0.00448778971108581
31.96,0.00451413271551728
31.97,0.00454065254978906
31.98,0.004567350323916
31.99,0.00459422715638354
32,0.00462128416844597
32.01,0.00464852248280557
32.02,0.00467594322460639
32.03,0.00470354752108729
32.04,0.00473133649396089
32.05,0.00475931127717797
32.0599999999999,0.00478747300245828
32.07,0.00481582280303349
32.08,0.00484436181350614
32.09,0.00487309116771169
32.1,0.00490201199515999
32.11,0.00493112543389797
32.12,0.00496043261895644
32.13,0.00498993468528532
32.14,0.00501963276282801
32.15,0.00504952798241447
32.16,0.00507962147873229
32.17,0.00510991438439911
32.1799999999999,0.00514040782003866
32.19,0.00517110290304155
32.2,0.00520200076490091
32.21,0.00523310252899586
32.22,0.00526440930583571
32.23,0.00529592219473729
32.24,0.00532764231588181
32.25,0.00535957077730155
32.26,0.00539170867306649
32.27,0.0054240570746414
32.28,0.00545661708452833
32.29,0.00548938978739929
32.3,0.00552237625389325
32.3099999999999,0.00555557751825105
32.32,0.00558899465658246
32.33,0.00562262872101395
32.34,0.0056564807504373
32.35,0.00569055173261194
32.36,0.00572484270720652
32.37,0.00575935468384273
32.38,0.00579408865923429
32.39,0.00582904555246954
32.4,0.00586422636462396
32.41,0.00589963205260252
32.42,0.00593526356262268
32.4299999999999,0.00597112178552277
32.44,0.00600720758534976
32.45,0.0060435218836517
32.46,0.00608006555560097
32.47,0.00611683946249587
32.48,0.00615384433050619
32.49,0.00619108099713953
32.5,0.00622855025969869
32.51,0.00626625288610498
32.52,0.00630418959033344
32.53,0.00634236097706448
32.54,0.00638076778526715
32.55,0.00641941066979433
32.5599999999999,0.00645829026279075
32.57,0.00649740705796027
32.58,0.00653676158849233
32.59,0.00657635441175111
32.6,0.00661618601986555
32.61,0.00665625686441527
32.62,0.00669656717351536
32.63,0.00673711740247382
32.64,0.00677790787770515
32.65,0.00681893889122268
32.66,0.00686021061822809
32.67,0.00690172315158311
32.6799999999999,0.0069434766658103
32.69,0.00698547122763606
32.7,0.00702770685163472
32.71,0.00707018346539028
32.72,0.00711290093412914
32.73,0.00715585910390636
32.74,0.00719905773773534
32.75,0.0072424965336125
32.76,0.00728617510277921
32.77,0.00733009298775664
32.78,0.00737424967733173
32.79,0.00741864457494625
32.8,0.00746327700646701
32.8099999999999,0.00750814619254153
32.82,0.00755325127702053
32.83,0.00759859133594925
32.84,0.00764416534535483
32.85,0.00768997218947448
32.86,0.00773601061638873
32.87,0.00778227929290174
32.88,0.00782877680533014
32.89,0.00787550161922117
32.9,0.00792245209103597
32.91,0.00796962641343316
32.92,0.00801702269087859
32.9299999999999,0.00806463892439858
32.94,0.00811247297448975
32.95,0.00816052257250191
32.96,0.00820878526434283
32.97,0.00825725849411401
32.98,0.00830593957334366
32.99,0.00835482565404478
33,0.00840391373701407
33.01,0.00845320061382724
33.02,0.00850268295831419
33.03,0.0085523572812217
33.04,0.00860221991261074
33.05,0.00865226700732717
33.0599999999999,0.00870249448260812
33.07,0.00875289812206193
33.08,0.00880347351391171
33.09,0.00885421604191689
33.1,0.00890512088853153
33.11,0.00895618297032551
33.12,0.0090073970503556
33.13,0.00905875766220982
33.14,0.00911025910961245
33.15,0.00916189546699967
33.16,0.00921366052637569
33.17,0.00926554789023221
33.1799999999999,0.00931755090051525
33.19,0.00936966264374068
33.2,0.00942187594841171
33.21,0.00947418334945713
33.22,0.00952657714680799
33.23,0.00957904935356887
33.24,0.00963159170094912
33.25,0.009684195633514
33.26,0.00973685230625287
33.27,0.00978955257362312
33.28,0.00984228698831985
33.29,0.00989504579473913
33.3,0.00994781892537035
33.3099999999999,0.0100005960368301
33.32,0.0100533664092841
33.33,0.0101061190152286
33.34,0.0101588424948148
33.35,0.0102115251579336
33.36,0.0102641550596314
33.37,0.0103167197987312
33.38,0.0103692066687038
33.39,0.0104216026116682
33.4,0.0104738942310633
33.41,0.0105260679011271
33.42,0.0105781094632084
33.4299999999999,0.0106300044643375
33.44,0.0106817380883588
33.45,0.0107332951847441
33.46,0.0107846604017874
33.47,0.0108358177882491
33.48,0.0108867511188433
33.49,0.0109374438025923
33.5,0.0109878789335888
33.51,0.011038039433538
33.52,0.0110879075745062
33.53,0.0111374653845582
33.54,0.011186694534973
33.55,0.0112355764190704
33.5599999999999,0.011284092287894
33.57,0.0113322227129729
33.58,0.0113799480631984
33.59,0.0114272483730811
33.6,0.0114741034543031
33.61,0.0115204930051652
33.62,0.0115663960436105
33.63,0.0116117914365234
33.64,0.0116566577539156
33.65,0.0117009733734183
33.66,0.0117447165718461
33.67,0.0117878651081999
33.6799999999999,0.0118303966032662
33.69,0.0118722884952704
33.7,0.0119135180896931
33.71,0.0119540623659319
33.72,0.0119938981660016
33.73,0.0120330021988154
33.74,0.0120713510860726
33.75,0.0121089211982561
33.76,0.0121456888214226
33.77,0.0121816301957029
33.78,0.0122167215833423
33.79,0.0122509390026363
33.8,0.0122842584900784
33.8099999999999,0.0123166561340523
33.82,0.012348108158516
33.83,0.0123785905917083
33.84,0.0124080795930025
33.85,0.0124365514705419
33.86,0.0124639827646947
33.87,0.0124903499357494
33.88,0.0125156296812875
33.89,0.0125397989537189
33.9,0.012562835040332
33.91,0.0125847152860377
33.92,0.0126054173864501
33.9299999999999,0.0126249194274249
33.94,0.0126431999627193
33.95,0.0126602377041945
33.96,0.0126760118598242
33.97,0.0126905020949376
33.98,0.0127036887935468
33.99,0.0127155526216429
34,0.012726074894064
34.01,0.0127352375931098
34.02,0.0127430233684334
34.03,0.0127494154939789
34.04,0.0127543979987483
34.05,0.0127579557295237
34.0599999999999,0.0127600742871572
34.07,0.0127607401343171
34.08,0.0127599406268245
34.09,0.0127576640504236
34.1,0.012753899637895
34.11,0.0127486376278471
34.12,0.0127418692883837
34.13,0.0127335869708184
34.14,0.0127237841376604
34.15,0.0127124553735463
34.16,0.0126995964096703
34.17,0.0126852042487003
34.1799999999999,0.0126692771235771
34.19,0.0126518143821991
34.2,0.0126328168032892
34.21,0.0126122864788453
34.22,0.0125902267670953
34.23,0.0125666422359245
34.24,0.0125415390702008
34.25,0.0125149247846288
34.26,0.0124868080173291
34.27,0.0124571989386775
34.28,0.012426109255108
34.29,0.012393552017098
34.3,0.0123595412321869
34.3099999999999,0.0123240928373806
34.32,0.0122872240231084
34.33,0.0122489531665047
34.34,0.0122092998059617
34.35,0.0121682852518599
34.36,0.0121259320131503
34.37,0.012082263402077
34.38,0.0120373043575422
34.39,0.0119910810956716
34.4,0.0119436208902514
34.41,0.0118949515556806
34.42,0.01184510273645
34.4299999999999,0.0117941048985498
34.44,0.011741989231344
34.45,0.0116887877839752
34.46,0.0116345338173044
34.47,0.0115792613028608
34.48,0.0115230044238681
34.49,0.0114657985944553
34.5,0.0114076797522811
34.51,0.0113486843439187
34.52,0.0112888487816416
34.53,0.0112282105176539
34.54,0.0111668071511284
34.55,0.0111046764553711
34.5599999999999,0.0110418561414066
34.57,0.0109783844182799
34.58,0.0109142994074106
34.59,0.0108496391362593
34.6,0.0107844415032496
34.61,0.0107187443250994
34.62,0.0106525851360788
34.63,0.0105860012530873
34.64,0.0105190295810609
34.65,0.0104517065577462
34.66,0.0103840681371913
34.67,0.0103161500576599
34.6799999999999,0.0102479871375866
34.69,0.0101796136076836
34.7,0.0101110630423342
34.71,0.0100423687288894
34.72,0.00997356263499149
34.73,0.00990467607322501
34.74,0.00983573969073123
34.75,0.00976678366452935
34.76,0.00969783653526418
34.77,0.00962892614512491
34.78,0.0095600793235836
34.79,0.00949132331189833
34.8,0.0094226827121582
34.8099999999999,0.00935418166194949
34.82,0.00928584324336833
34.83,0.00921769045066739
34.84,0.00914974490369476
34.85,0.00908202669944105
34.86,0.00901455521670317
34.87,0.00894734907594552
34.88,0.0088804265626385
34.89,0.0088138042004924
34.9,0.00874749790307436
34.91,0.00868152281023692
34.92,0.00861589311537465
34.9299999999999,0.00855062212434446
34.94,0.00848572232549945
34.95,0.00842120545501736
34.96,0.00835708231727245
34.97,0.00829336293913383
34.98,0.00823005681553217
34.99,0.00816717262642381
35,0.00810471821619573
35.01,0.00804270083334837
35.02,0.00798112736176658
35.03,0.00792000375164486
35.04,0.00785933547487499
35.05,0.00779912743903449
35.0599999999999,0.0077393840171573
35.07,0.0076801090779435
35.08,0.00762130599783678
35.09,0.00756297753177893
35.1,0.00750512614126403
35.11,0.00744775380344808
35.12,0.00739086207045997
35.13,0.00733445209876736
35.14,0.0072785246951644
35.15,0.00722308031149738
35.16,0.00716811908696291
35.17,0.00711364086642434
35.1799999999999,0.00705964519944814
35.19,0.00700613138755201
35.2,0.00695309843905298
35.21,0.00690054509898019
35.22,0.00684847000633967
35.23,0.00679687157600924
35.24,0.0067457479259368
35.25,0.0066950968879809
35.26,0.00664491637878482
35.27,0.00659520407170979
35.28,0.00654595745053078
35.29,0.00649717380775416
35.3,0.00644885044439163
35.3099999999999,0.00640098451002354
35.32,0.00635357301403591
35.33,0.006306612811554
35.34,0.00626010079929135
35.35,0.00621403376087832
35.36,0.00616840838152874
35.37,0.00612322122409455
35.38,0.0060784689183614
35.39,0.00603414801334636
35.4,0.005990254965021
35.41,0.00594678609826723
35.42,0.00590373791485694
35.4299999999999,0.00586110682198547
35.44,0.00581888922071749
35.45,0.00577708136154816
35.46,0.00573567943192523
35.47,0.00569467985169936
35.48,0.0056540789357351
35.49,0.00561387300634316
35.5,0.0055740582395472
35.51,0.00553463086523948
35.52,0.00549558723370241
35.53,0.00545692364286126
35.54,0.00541863640636421
35.55,0.00538072174143628
35.5599999999999,0.00534317596639026
35.57,0.00530599543711907
35.58,0.0052691765064884
35.59,0.00523271555189659
35.6,0.0051966088640303
35.61,0.00516085287567294
35.62,0.00512544402155053
35.63,0.00509037875616092
35.64,0.00505565356119352
35.65,0.00502126481342446
35.66,0.00498720908663385
35.67,0.00495348292339775
35.6799999999999,0.00492008289679933
35.69,0.00488700559764683
35.7,0.00485424756538168
35.71,0.00482180548440948
35.72,0.00478967602558007
35.73,0.00475785589016497
35.74,0.00472634179819108
35.75,0.0046951304748354
35.76,0.00466421872021072
35.77,0.00463360334738589
35.78,0.00460328120067661
35.79,0.00457324914557978
35.8,0.0045435040726801
35.8099999999999,0.00451404292310251
35.82,0.00448486266131797
35.83,0.00445596028395388
35.84,0.00442733279921281
35.85,0.00439897725020675
35.86,0.00437089072899643
35.87,0.00434307034919626
35.88,0.00431551325566929
35.89,0.00428821659966091
35.9,0.00426117757847633
35.91,0.00423439342558164
35.92,0.00420786139769032
35.9299999999999,0.00418157878084028
35.94,0.00415554288071983
35.95,0.0041297510410156
35.96,0.00410420063254843
35.97,0.00407888905350307
35.98,0.00405381373028529
35.99,0.00402897211734337
36,0.00400436169719101
36.01,0.00397997998018773
36.02,0.00395582450445118
36.03,0.00393189283529579
36.04,0.00390818255460451
36.05,0.00388469128477266
36.0599999999999,0.00386141666984205
36.07,0.00383835638024386
36.08,0.00381550811155945
36.09,0.00379286957283452
36.1,0.00377043851446341
36.11,0.00374821270567434
36.12,0.00372618994019101
36.13,0.00370436803611834
36.14,0.0036827448366103
36.15,0.00366131820714148
36.16,0.00364008603725273
36.17,0.00361904623975608
36.1799999999999,0.00359819675165816
36.19,0.00357753553847517
36.2,0.00355706058051451
36.21,0.0035367698839046
36.22,0.00351666147731668
36.23,0.00349673341078999
36.24,0.00347698375318675
36.25,0.00345741059996056
36.26,0.00343801206603142
36.27,0.0034187862874532
36.28,0.00339973142019483
36.29,0.00338084563849542
36.3,0.00336212714063854
36.3099999999999,0.00334357414328663
36.32,0.00332518488273832
36.33,0.00330695761553776
36.34,0.00328889061884399
36.35,0.0032709821861418
36.36,0.00325323063079392
36.37,0.00323563428470364
36.38,0.00321819150040536
36.39,0.0032009006512652
36.4,0.00318376012317087
36.41,0.00316676832242774
36.42,0.00314992367317476
36.4299999999999,0.00313322461745938
36.44,0.00311666961486499
36.45,0.00310025714168518
36.46,0.00308398569151443
36.47,0.0030678537747875
36.48,0.00305185991857786
36.49,0.00303600266639529
36.5,0.00302028056997995
36.51,0.00300469220681189
36.52,0.00298923616739866
36.53,0.00297391105696218
36.54,0.00295871549585671
36.55,0.00294364811934858
36.5599999999999,0.00292870758281165
36.57,0.00291389256149174
36.58,0.00289920173042382
36.59,0.00288463378596619
36.6,0.00287018743884495
36.61,0.00285586141397008
36.62,0.00284165445025072
36.63,0.00282756530381498
36.64,0.00281359274074041
36.65,0.00279973554113128
36.66,0.00278599249899324
36.67,0.00277236242154877
36.6799999999999,0.00275884412906165
36.69,0.0027454364558639
36.7,0.00273213825125538
36.71,0.00271894837236896
36.72,0.00270586569089585
36.73,0.00269288909084763
36.74,0.00268001746839055
36.75,0.00266724973168044
36.76,0.00265458480417696
36.77,0.00264202161777566
36.78,0.00262955911571737
36.79,0.00261719625352662
36.8,0.00260493199804834
36.8099999999999,0.00259276532729241
36.82,0.00258069523170507
36.83,0.00256872071738376
36.84,0.00255684079271429
36.85,0.00254505448042359
36.86,0.00253336081387597
36.87,0.00252175883693371
36.88,0.00251024760381821
36.89,0.00249882618197047
36.9,0.00248749364662707
36.91,0.00247624908208194
36.92,0.0024650915835666
36.9299999999999,0.00245402025611639
36.94,0.00244303421444006
36.95,0.00243213258278955
36.96,0.00242131450134805
36.97,0.00241057911089065
36.98,0.00239992556459164
36.99,0.00238935302500259
37,0.0023788606637698
37.01,0.00236844766151624
37.02,0.00235811320825535
37.03,0.00234785650420608
37.04,0.002337676755469
37.05,0.00232757317790512
37.0599999999999,0.00231754499583919
37.07,0.00230759144194654
37.08,0.00229771175714024
37.09,0.00228790519273674
37.1,0.00227817100771552
37.11,0.002268508466361
37.12,0.0022589168423892
37.13,0.00224939541733319
37.14,0.00223994348043904
37.15,0.00223056032856176
37.16,0.00222124527054267
37.17,0.00221199761792752
37.1799999999999,0.00220281669001612
37.19,0.00219370181427072
37.2,0.00218465232541712
37.21,0.00217566756535109
37.22,0.00216674688326122
37.23,0.00215788963820576
37.24,0.00214909519185835
37.25,0.00214036291448964
37.26,0.00213169218316975
37.27,0.00212308238168116
37.28,0.00211453290043165
37.29,0.00210604313717344
37.3,0.00209761249691446
37.3099999999999,0.0020892403888264
37.32,0.00208092622946367
37.33,0.00207266944164762
37.34,0.00206446945438406
37.35,0.00205632570278114
37.36,0.00204823763048947
37.37,0.00204020468533261
37.38,0.00203222631978807
37.39,0.00202430199326247
37.4,0.00201643117094891
37.41,0.00200861332375024
37.42,0.00200084792820229
37.4299999999999,0.00199313446750826
37.44,0.00198547243371182
37.45,0.00197786131777375
37.46,0.00197030061893044
37.47,0.00196278984179675
37.48,0.001955328496297
37.49,0.00194791609759548
37.5,0.00194055216602747
37.51,0.00193323623037737
37.52,0.00192596782067123
37.53,0.00191874647239371
37.54,0.00191157172660039
37.55,0.00190444312926827
37.5599999999999,0.00189736023123204
37.57,0.00189032258812029
37.58,0.00188332976134819
37.59,0.00187638131757964
37.6,0.00186947682567491
37.61,0.0018626158602974
37.62,0.0018557980006534
37.63,0.00184902283043246
37.64,0.00184228993774757
37.65,0.00183559891507533
37.66,0.00182894936321617
37.67,0.00182234088152203
37.6799999999999,0.00181577307577123
37.69,0.0018092455560036
37.7,0.00180275793641609
37.71,0.001796309835308
37.72,0.00178990087502643
37.73,0.00178353068401602
37.74,0.00177719889373642
37.75,0.0017709051377377
37.76,0.00176464905468765
37.77,0.00175843028711988
37.78,0.00175224848138436
37.79,0.00174610328759808
37.8,0.00173999435993387
37.8099999999999,0.0017339213581649
37.82,0.00172788394240187
37.83,0.00172188177775855
37.84,0.00171591453292738
37.85,0.00170998188013373
37.86,0.00170408349508999
37.87,0.00169821905694952
37.88,0.00169238825001413
37.89,0.00168659076020262
37.9,0.00168082627660155
37.91,0.00167509449207378
37.92,0.00166939510274646
37.9299999999999,0.00166372780796803
37.94,0.00165809231026523
37.95,0.00165248831576077
37.96,0.00164691553599489
37.97,0.00164137368148854
37.98,0.00163586246756049
37.99,0.0016303816125621
38,0.00162493083783852
38.01,0.00161950986768963
38.02,0.00161411842933114
38.03,0.00160875625441827
38.04,0.00160342307658329
38.05,0.00159811863114365
38.0599999999999,0.00159284265704688
38.07,0.00158759489602194
38.08,0.00158237509254375
38.09,0.00157718299379745
38.1,0.00157201834967437
38.11,0.00156688091459979
38.12,0.00156177044280862
38.13,0.00155668669225847
38.14,0.00155162942347892
38.15,0.00154659839953831
38.16,0.00154159338601043
38.17,0.0015366141509413
38.1799999999999,0.00153166046569355
38.19,0.00152673210418536
38.2,0.00152182884116234
38.21,0.00151695045457534
38.22,0.00151209672472761
38.23,0.00150726743424431
38.24,0.00150246236804165
38.25,0.00149768131329648
38.26,0.00149292406151174
38.27,0.00148819040375028
38.28,0.00148348013390896
38.29,0.00147879304830345
38.3,0.00147412894540901
38.3099999999999,0.00146948762583275
38.32,0.00146486889228593
38.33,0.00146027255000494
38.34,0.00145569840698958
38.35,0.00145114627154489
38.36,0.00144661595479195
38.37,0.00144210726985372
38.38,0.00143762003182953
38.39,0.00143315405776943
38.4,0.00142870916664852
38.41,0.00142428518048896
38.42,0.00141988192203654
38.4299999999999,0.00141549921575933
38.44,0.00141113688830939
38.45,0.00140679476816444
38.46,0.00140247268560353
38.47,0.00139817047268301
38.48,0.00139388796321251
38.49,0.00138962499412318
38.5,0.00138538140316922
38.51,0.00138115702886724
38.52,0.00137695171214529
38.53,0.001372765295607
38.54,0.00136859762350974
38.55,0.00136444854174277
38.5599999999999,0.00136031789780542
38.57,0.00135620554168685
38.58,0.00135211132487827
38.59,0.00134803509906632
38.6,0.00134397671826039
38.61,0.00133993603800682
38.62,0.00133591291536888
38.63,0.00133190720890692
38.64,0.00132791877865841
38.65,0.00132394748660192
38.66,0.00131999319658404
38.67,0.00131605577245243
38.6799999999999,0.00131213508016728
38.69,0.00130823098709324
38.7,0.00130434336198101
38.71,0.00130047207494874
38.72,0.00129661699746365
38.73,0.00129277800273294
38.74,0.00128895496647027
38.75,0.00128514776325009
38.76,0.00128135627003639
38.77,0.00127758036508618
38.78,0.00127381992793295
38.79,0.00127007483937018
38.8,0.00126634498143481
38.8099999999999,0.00126263023749453
38.82,0.00125893049316615
38.83,0.00125524563354949
38.84,0.00125157554565576
38.85,0.00124792011767829
38.86,0.00124427923897735
38.87,0.00124065280006462
38.88,0.00123704069258791
38.89,0.00123344280931584
38.9,0.00122985904470708
38.91,0.00122628929346073
38.92,0.00122273345167998
38.9299999999999,0.00121919141654906
38.94,0.00121566308630662
38.95,0.001212148360231
38.96,0.0012086471386253
38.97,0.00120515932280262
38.98,0.00120168481820626
38.99,0.00119822352731866
39,0.00119477535443601
39.01,0.00119134020530059
39.02,0.00118791798665616
39.03,0.00118450860623659
39.04,0.00118111197275449
39.05,0.00117772799588979
39.0599999999999,0.00117435658466499
39.07,0.00117099765065066
39.08,0.00116765110654783
39.09,0.00116431686546272
39.1,0.0011609948413715
39.11,0.00115768494910684
39.12,0.0011543871043443
39.13,0.00115110122358884
39.14,0.0011478272265073
39.15,0.00114456503251728
39.16,0.00114131456017254
39.17,0.00113807573008031
39.1799999999999,0.00113484846374683
39.19,0.00113163268357246
39.2,0.00112842831276462
39.21,0.00112523526987588
39.22,0.0011220534820166
39.23,0.00111888287401912
39.24,0.00111572337141433
39.25,0.00111257490041557
39.26,0.0011094373879025
39.27,0.00110631076366994
39.28,0.00110319495898404
39.29,0.00110008990159508
39.3,0.00109699552212468
39.3099999999999,0.00109391175196717
39.32,0.00109083852328541
39.33,0.00108777576900678
39.34,0.00108472341903829
39.35,0.00108168140836836
39.36,0.00107864967178822
39.37,0.00107562814425134
39.38,0.00107261676131042
39.39,0.00106961545910424
39.4,0.00106662417553024
39.41,0.00106364285153464
39.42,0.00106067142365876
39.4299999999999,0.0010577098313366
39.44,0.00105475801470157
39.45,0.00105181591458663
39.46,0.0010488834705838
39.47,0.00104596062416655
39.48,0.00104304731851789
39.49,0.00104014349668536
39.5,0.00103724910236092
39.51,0.00103436407985838
39.52,0.00103148836898582
39.53,0.00102862191729447
39.54,0.00102576467020217
39.55,0.00102291657368565
39.5599999999999,0.0010200775742806
39.57,0.00101724762000684
39.58,0.00101442666035087
39.59,0.00101161464285021
39.6,0.00100881151679175
39.61,0.0010060172320713
39.62,0.00100323173919347
39.63,0.00100045498553616
39.64,0.000997686922304638
39.65,0.000994927501954817
39.66,0.000992176676453955
39.67,0.000989434398287146
39.6799999999999,0.000986700620371591
39.69,0.000983975295112049
39.7,0.000981258376962659
39.71,0.000978549820277534
39.72,0.000975849579908489
39.73,0.000973157611205087
39.74,0.000970473869288243
39.75,0.000967798309614699
39.76,0.000965130889401944
39.77,0.000962471565699743
39.78,0.000959820296028763
39.79,0.00095717703838058
39.8,0.000954541749876677
39.8099999999999,0.000951914388367427
39.82,0.000949294913723039
39.83,0.000946683285364179
39.84,0.000944079463140733
39.85,0.000941483407331857
39.86,0.000938895077731878
39.87,0.000936314435027039
39.88,0.000933741440985085
39.89,0.000931176057334425
39.9,0.00092861824620837
39.91,0.00092606797014513
39.92,0.000923525192607681
39.9299999999999,0.000920989877073104
39.94,0.000918461987232318
39.95,0.000915941487376855
39.96,0.000913428342215186
39.97,0.000910922516872767
39.98,0.000908423973254374
39.99,0.000905932677134884
40,0.000903448595029503
40.01,0.000900971692900463
40.02,0.000898501937052364
40.03,0.000896039294132176
40.04,0.00089358373079386
40.05,0.000891135214406588
40.0599999999999,0.000888693712634778
40.07,0.000886259193426096
40.08,0.000883831625064485
40.09,0.000881410976170083
40.1,0.000878997214038307
40.11,0.000876590308418906
40.12,0.000874190228823997
40.13,0.000871796944936589
40.14,0.000869410426751809
40.15,0.000867030644576902
40.16,0.000864657568498922
40.17,0.000862291169371034
40.1799999999999,0.000859931418497545
40.19,0.000857578287313849
40.2,0.000855231747557034
40.21,0.000852891771265803
40.22,0.000850558329818978
40.23,0.000848231394994361
40.24,0.000845910940157985
40.25,0.000843596938240504
40.26,0.000841289362446377
40.27,0.000838988186253869
40.28,0.000836693383105739
40.29,0.000834404926216147
40.3,0.000832122790249966
40.3099999999999,0.000829846949606865
40.32,0.000827577378944643
40.33,0.000825314053179288
40.34,0.000823056947349241
40.35,0.000820806035420236
40.36,0.00081856129371789
40.37,0.000816322697962492
40.38,0.000814090224111554
40.39,0.000811863848359803
40.4,0.00080964354713918
40.41,0.000807429296259988
40.42,0.000805221072877177
40.4299999999999,0.000803018854068601
40.44,0.000800822617070788
40.45,0.000798632339345198
40.46,0.000796447998578136
40.47,0.000794269571731448
40.48,0.0007920970368531
40.49,0.000789930372422225
40.5,0.000787769556831107
40.51,0.000785614568680693
40.52,0.000783465386780591
40.53,0.000781321989946035
40.54,0.000779184356594806
40.55,0.000777052466546295
40.5599999999999,0.000774926299304449
40.57,0.000772805834569608
40.58,0.000770691052238554
40.59,0.00076858193240444
40.6,0.000766478454468223
40.61,0.000764380598919647
40.62,0.00076228834651214
40.63,0.000760201677953912
40.64,0.000758120574135326
40.65,0.000756045016128898
40.66,0.000753974984774875
40.67,0.000751910460204392
40.6799999999999,0.000749851424663378
40.69,0.000747797859710061
40.7,0.00074574974706372
40.71,0.000743707068604606
40.72,0.000741669806373984
40.73,0.000739637943059531
40.74,0.000737611460979997
40.75,0.000735590342640388
40.76,0.00073357457081398
40.77,0.000731564128442387
40.78,0.000729558998635556
40.79,0.000727559163972525
40.8,0.000725564606132323
40.8099999999999,0.000723575309590658
40.82,0.000721591257775687
40.83,0.000719612434253132
40.84,0.000717638822726207
40.85,0.000715670407035657
40.86,0.000713707171664061
40.87,0.000711749100640915
40.88,0.000709796178217912
40.89,0.000707848388872398
40.9,0.000705905717226424
40.91,0.00070396814804675
40.92,0.000702035665864078
40.9299999999999,0.000700108254860512
40.94,0.000698185900519327
40.95,0.000696268587934274
40.96,0.00069435630231832
40.97,0.000692449029003679
40.98,0.000690546752639308
40.99,0.000688649459047727
41,0.000686757133782855
41.01,0.000684869762490931
41.02,0.000682987330921963
41.03,0.000681109825483461
41.04,0.000679237232426867
41.05,0.000677369537741514
41.0599999999999,0.000675506727785806
41.07,0.000673648789040929
41.08,0.000671795708255424
41.09,0.000669947472703198
41.1,0.000668104069052585
41.11,0.000666265484409987
41.12,0.000664431706018244
41.13,0.000662602721256675
41.14,0.000660778515026069
41.15,0.000658959075402483
41.16,0.000657144389874005
41.17,0.000655334445767154
41.1799999999999,0.000653529230487544
41.19,0.000651728731629822
41.2,0.00064993293686066
41.21,0.000648141833793109
41.22,0.000646355410195344
41.23,0.000644573653919252
41.24,0.00064279655306935
41.25,0.000641024096854417
41.26,0.000639256272977125
41.27,0.000637493069879195
41.28,0.000635734476112319
41.29,0.00063398048033816
41.3,0.000632231071068399
41.3099999999999,0.000630486237178198
41.32,0.00062874596764655
41.33,0.00062701025150715
41.34,0.000625279077897071
41.35,0.000623552435590646
41.36,0.000621830313092119
41.37,0.000620112699923736
41.38,0.000618399585261848
41.39,0.000616690958358293
41.4,0.000614986808805848
41.41,0.000613287125902696
41.42,0.000611591899145537
41.4299999999999,0.000609901118100559
41.44,0.000608214773303585
41.45,0.00060653285481374
41.46,0.000604855352525145
41.47,0.000603182256680277
41.48,0.000601513557560367
41.49,0.000599849245454535
41.5,0.000598189310971863
41.51,0.000596533744741671
41.52,0.00059488253748598
41.53,0.000593235678195834
41.54,0.000591593158179717
41.55,0.000589954967999905
41.5599999999999,0.000588321098263759
41.57,0.000586691539622876
41.58,0.000585066282774311
41.59,0.000583445318460607
41.6,0.000581828637469056
41.61,0.00058021623119564
41.62,0.000578608092354427
41.63,0.000577004211611632
41.64,0.000575404580601069
41.65,0.000573809191081556
41.66,0.000572218035650031
41.67,0.000570631106236188
41.6799999999999,0.000569048395147994
41.69,0.00056746989487046
41.7,0.000565895596158635
41.71,0.000564325489755665
41.72,0.000562759568048982
41.73,0.000561197822589088
41.74,0.000559640246006163
41.75,0.000558086829708072
41.76,0.000556537565502821
41.77,0.000554992446576487
41.78,0.000553451468044381
41.79,0.000551914622042126
41.8,0.000550381902176671
41.8099999999999,0.000548853300017121
41.82,0.000547328808822816
41.83,0.00054580842217317
41.84,0.000544292133387166
41.85,0.00054277993590026
41.86,0.000541271823188062
41.87,0.000539767788825319
41.88,0.00053826782627542
41.89,0.000536771929082694
41.9,0.000535280091016157
41.91,0.000533792305835555
41.92,0.000532308567849078
41.9299999999999,0.000530828870923048
41.94,0.000529353209187214
41.95,0.000527881577521685
41.96,0.000526413971723813
41.97,0.000524950386344818
41.98,0.000523490816691302
41.99,0.00052203525652121
42,0.000520583700965537
42.01,0.000519136145337381
42.02,0.000517692584756495
42.03,0.000516253014265434
42.04,0.000514817429127663
42.05,0.000513385824922454
42.0599999999999,0.000511958198635011
42.07,0.000510534546020035
42.08,0.000509114863559314
42.09,0.000507699148091156
42.1,0.000506287396539273
42.11,0.000504879605730519
42.12,0.00050347577158811
42.13,0.000502075891418564
42.14,0.000500679962150307
42.15,0.0004992879807202
42.16,0.000497899944226109
42.17,0.000496515850409767
42.1799999999999,0.000495135698315939
42.19,0.000493759485744502
42.2,0.000492387211498151
42.21,0.000491018875019277
42.22,0.000489654475599239
42.23,0.00048829401236978
42.24,0.000486937483883679
42.25,0.000485584890086338
42.26,0.000484236230398084
42.27,0.000482891504123139
42.28,0.000481550711058396
42.29,0.000480213852308404
42.3,0.000478880930273679
42.3099999999999,0.000477551945849201
42.32,0.000476226900726503
42.33,0.000474905796786859
42.34,0.000473588636621846
42.35,0.000472275422456724
42.36,0.000470966156574505
42.37,0.00046966084206533
42.38,0.000468359482259135
42.39,0.000467062080793925
42.4,0.000465768641369293
42.41,0.000464479170102216
42.42,0.000463193674432005
42.4299999999999,0.000461912160847055
42.44,0.000460634635061612
42.45,0.000459361105076716
42.46,0.000458091576713871
42.47,0.000456826055731086
42.48,0.000455564549417429
42.49,0.000454307067023346
42.5,0.000453053616095402
42.51,0.000451804208450087
42.52,0.000450558856421743
42.53,0.000449317571970683
42.54,0.000448080367486608
42.55,0.000446847257279775
42.5599999999999,0.0004456182527873
42.57,0.000444393366807846
42.58,0.000443172613392622
42.59,0.000441956007498608
42.6,0.000440743563494156
42.61,0.000439535303009223
42.62,0.000438331246099948
42.63,0.000437131411906461
42.64,0.000435935816658563
42.65,0.000434744481814047
42.66,0.000433557430504983
42.67,0.000432374685181514
42.6799999999999,0.000431196269756754
42.69,0.000430022209882352
42.7,0.000428852531567804
42.71,0.000427687263735054
42.72,0.000426526435694663
42.73,0.000425370077937157
42.74,0.000424218221864615
42.75,0.000423070900598056
42.76,0.00042192814857085
42.77,0.000420790001412133
42.78,0.000419656496235647
42.79,0.000418527672906426
42.8,0.000417403571502966
42.8099999999999,0.000416284234785775
42.82,0.000415169707190959
42.83,0.000414060034450686
42.84,0.000412955264794566
42.85,0.000411855447662201
42.86,0.000410760634856209
42.87,0.000409670880396113
42.88,0.000408586239634668
42.89,0.000407506771158163
42.9,0.000406432534862002
42.91,0.000405363593041036
42.92,0.000404300011097932
42.9299999999999,0.000403241855704183
42.94,0.000402189196802577
42.95,0.000401142106681601
42.96,0.000400100659656944
42.97,0.000399064933824649
42.98,0.000398035008773102
42.99,0.00039701096737981
43,0.000395992895724883
43.01,0.000394980881829285
43.02,0.000393975017696369
43.03,0.000392975397636598
43.04,0.000391982118945651
43.05,0.00039099528287114
43.0599999999999,0.000390014992738488
43.07,0.000389041355778461
43.08,0.000388074482484043
43.09,0.000387114486042645
43.1,0.00038616148390639
43.11,0.000385215596298047
43.12,0.000384276947102998
43.13,0.000383345663784334
43.14,0.000382421877341169
43.15,0.000381505722342268
43.16,0.000380597336997703
43.17,0.000379696863273206
43.1799999999999,0.000378804446678561
43.19,0.000377920236592588
43.2,0.000377044386131328
43.21,0.000376177052165572
43.22,0.000375318395450463
43.23,0.000374468580589574
43.24,0.000373627776084178
43.25,0.000372796154372383
43.26,0.000371973891810075
43.27,0.000371161168765632
43.28,0.00037035816959998
43.29,0.000369565082624668
43.3,0.000368782100281438
43.3099999999999,0.000368009419042949
43.32,0.000367247239423445
43.33,0.000366495766100681
43.34,0.000365755207860143
43.35,0.000365025777630414
43.36,0.000364307692524474
43.37,0.00036360117385604
43.38,0.000362906447165841
43.39,0.000362223742229297
43.4,0.000361553293126927
43.41,0.000360895338246687
43.42,0.000360250120283419
43.4299999999999,0.000359617886372918
43.44,0.000358998888038319
43.45,0.000358393381211247
43.46,0.000357801626435271
43.47,0.000357223888719698
43.48,0.000356660437630048
43.49,0.000356111547582657
43.5,0.000355577497454681
43.51,0.000355058570883039
43.52,0.000354555056436753
43.53,0.000354067248006406
43.54,0.000353595443796849
43.55,0.000353139947220327
43.5599999999999,0.000352701067317386
43.57,0.000352279118241923
43.58,0.000351874419099805
43.59,0.000351487294543899
43.6,0.000351118075676253
43.61,0.000350767098230173
43.62,0.000350434703983946
43.63,0.000350121240892271
43.64,0.000349827063513436
43.65,0.000349552531663909
43.66,0.000349298011757134
43.67,0.000349063877738817
43.6799999999999,0.000348850509761757
43.69,0.000348658294467024
43.7,0.000348487625826766
43.71,0.000348338906616952
43.72,0.000348212545389356
43.73,0.000348108958925029
43.74,0.000348028572599731
43.75,0.000347971820599543
43.76,0.000347939144224781
43.77,0.000347930993914908
43.78,0.000347947830374511
43.79,0.000347990123556959
43.8,0.000348058351830037
43.8099999999999,0.000348153003892038
43.82,0.000348274580953752
43.83,0.000348423593525458
43.84,0.000348600562515091
43.85,0.000348806020516346
43.86,0.000349040514769106
43.87,0.000349304601941547
43.88,0.000349598851758831
43.89,0.000349923847151736
43.9,0.000350280187831345
43.91,0.000350668483690506
43.92,0.000351089360226187
43.9299999999999,0.000351543458378787
43.94,0.000352031437651099
43.95,0.000352553969606919
43.96,0.000353111743680224
43.97,0.000353705467666812
43.98,0.000354335869422245
43.99,0.000355003691589122
44,0.000355709697122645
44.01,0.000356454671138401
44.02,0.000357239419868808
44.03,0.000358064767291371
44.04,0.000358931560523856
44.05,0.000359840670692205
44.0599999999999,0.000360792998419795
44.07,0.000361789459783158
44.08,0.000362830998993882
44.09,0.000363918585875691
44.1,0.000365053227723416
44.11,0.000366235947916163
44.12,0.000367467802048375
44.13,0.000368749875446128
44.14,0.000370083290948429
44.15,0.000371469200315164
44.16,0.00037290878498682
44.17,0.000374403262261095
44.1799999999999,0.000375953888373584
44.19,0.000377561960549823
44.2,0.000379228804406644
44.21,0.000380955787953066
44.22,0.000382744320296451
44.23,0.000384595864243
44.24,0.000386511910223452
44.25,0.000388493998305453
44.26,0.000390543713976759
44.27,0.000392662702625861
44.28,0.000394852647521387
44.29,0.000397115283059694
44.3,0.00039945239687197
44.3099999999999,0.00040186583863941
44.32,0.000404357513541722
44.33,0.000406929375255088
44.34,0.000409583440389414
44.35,0.000412321787412245
44.36,0.000415146572803213
44.37,0.000418059997709756
44.38,0.00042106433661565
44.39,0.000424161931939023
44.4,0.000427355210013319
44.41,0.000430646664062835
44.42,0.000434038855047603
44.4299999999999,0.000437534424932414
44.44,0.000441136097364708
44.45,0.000444846689825541
44.46,0.000448669085381853
44.47,0.000452606259397589
44.48,0.000456661274923687
44.49,0.000460837293811668
44.5,0.000465137564036091
44.51,0.000469565427088605
44.52,0.000474124322960424
44.53,0.000478817791904092
44.54,0.000483649477967392
44.55,0.000488623124615558
44.5599999999999,0.000493742582678483
44.57,0.000499011810902488
44.58,0.000504434874222553
44.59,0.000510015953120378
44.6,0.000515759341544051
44.61,0.000521669449251619
44.62,0.000527750795127128
44.63,0.000534008009485583
44.64,0.000540445861035852
44.65,0.00054706923344544
44.66,0.00055388313462951
44.67,0.000560892641106816
44.6799999999999,0.000568103017410796
44.69,0.00057551963234104
44.7,0.000583147980775833
44.71,0.000590993642254442
44.72,0.000599062313229009
44.73,0.000607359864190083
44.74,0.000615892266171525
44.75,0.000624665605615353
44.76,0.000633685962471411
44.77,0.000642959688792522
44.78,0.000652493195631302
44.79,0.000662293007471707
44.8,0.000672365643366595
44.8099999999999,0.00068271775604435
44.82,0.000693356167795348
44.83,0.000704287751669895
44.84,0.000715519441142294
44.85,0.00072705807304717
44.86,0.000738910739118862
44.87,0.000751084514337557
44.88,0.000763586465120776
44.89,0.00077642366554796
44.9,0.000789603264346775
44.91,0.00080313239311411
44.92,0.000817018068355643
44.9299999999999,0.000831267373683721
44.94,0.000845887343526725
44.95,0.000860884917977385
44.96,0.000876266812232941
44.97,0.00089203983440708
44.98,0.000908210616432216
44.99,0.000924785533843794
45,0.000941770789470275
45.01,0.000959172503356918
45.02,0.000976996540413977
45.03,0.000995248361741186
45.04,0.00101393332444018
45.05,0.00103305645212495
45.0599999999999,0.00105262241923661
45.07,0.00107263547171405
45.08,0.00109309959427742
45.09,0.00111401833287908
45.1,0.00113539475715134
45.11,0.00115723148959992
45.12,0.00117953069726763
45.13,0.00120229401893625
45.14,0.00122552237316517
45.15,0.00124921627528863
45.16,0.00127337556749819
45.17,0.00129799947008572
45.1799999999999,0.00132308657281982
45.19,0.00134863471944387
45.2,0.00137464105374379
45.21,0.00140110210504535
45.22,0.00142801359704211
45.23,0.00145537043456133
45.24,0.0014831667677956
45.25,0.00151139620977125
45.26,0.00154005127178279
45.27,0.00156912373170883
45.28,0.00159860465378638
45.29,0.00162848441139069
45.3,0.0016587522934383
45.3099999999999,0.00168939683692242
45.32,0.00172040609700557
45.33,0.00175176710195453
45.34,0.00178346601415375
45.35,0.00181548828531684
45.36,0.00184781904291777
45.37,0.00188044227137888
45.38,0.0019133414012095
45.39,0.0019464993676201
45.4,0.00197989831083484
45.41,0.00201351981460863
45.42,0.00204734497574374
45.4299999999999,0.00208135425439448
45.44,0.00211552762072985
45.45,0.00214984489332515
45.46,0.00218428519158306
45.47,0.00221882735126786
45.48,0.00225345011931639
45.49,0.00228813178407247
45.5,0.0023228504845751
45.51,0.00235758443395293
45.52,0.00239231158324962
45.53,0.0024270099054316
45.54,0.00246165728867558
45.55,0.00249623175603425
45.5599999999999,0.00253071141697552
45.57,0.00256507443336008
45.58,0.00259929919929998
45.59,0.00263336432283443
45.6,0.00266724873411016
45.61,0.00270093164835444
45.62,0.00273439264652712
45.63,0.00276761172280143
45.64,0.00280056933319945
45.65,0.00283324643940314
45.66,0.00286562432697296
45.67,0.00289768490404627
45.6799999999999,0.00292941069914591
45.69,0.00296078463695995
45.7,0.00299179028582546
45.71,0.00302241189097831
45.72,0.00305263421441761
45.73,0.00308244267945794
45.74,0.00311182341813588
45.75,0.00314076312956311
45.76,0.00316924919525262
45.77,0.00319726974566938
45.78,0.00322481347406659
45.79,0.00325186974678875
45.8,0.00327842870668509
45.8099999999999,0.0033044810505088
45.82,0.00333001811656438
45.83,0.00335503200676685
45.84,0.00337951537866435
45.85,0.00340346149903451
45.86,0.00342686435014828
45.87,0.00344971846647461
45.88,0.00347201895870676
45.89,0.00349376159640268
45.9,0.00351494267929479
45.91,0.00353555904044932
45.92,0.00355560811916896
45.9299999999999,0.00357508784797413
45.94,0.00359399664324776
45.95,0.00361233347072612
45.96,0.00363009775251106
45.97,0.00364728934703146
45.98,0.00366390857846304
45.99,0.00367995618598255
46,0.00369543334410748
46.01,0.00371034155284952
46.02,0.00372468277921989
46.03,0.00373845927346484
46.04,0.00375167370233818
46.05,0.00376432899408266
46.0599999999999,0.003776428430185
46.07,0.00378797555746842
46.08,0.00379897420859971
46.09,0.00380942848515107
46.1,0.00381934272150568
46.11,0.0038287215038366
46.12,0.00383756961416853
46.13,0.00384589210838987
46.14,0.00385369412514674
46.15,0.00386098113085818
46.16,0.00386775858912812
46.17,0.00387403228063781
46.1799999999999,0.00387980802390391
46.19,0.00388509180742595
46.2,0.00388988976292208
46.21,0.00389420807292883
46.22,0.00389805311435727
46.23,0.00390143124752133
46.24,0.00390434903339428
46.25,0.00390681302162138
46.26,0.00390882986257697
46.27,0.00391040626320886
46.28,0.00391154898059666
46.29,0.00391226480514487
46.3,0.00391256056522551
46.3099999999999,0.00391244313895187
46.32,0.00391191940012959
46.33,0.00391099625271877
46.34,0.00390968062263392
46.35,0.00390797942419427
46.36,0.00390589958286663
46.37,0.00390344801954235
46.38,0.00390063163881317
46.39,0.00389745734007732
46.4,0.00389393199804886
46.41,0.00389006246128109
46.42,0.00388585556633949
46.4299999999999,0.00388131810399589
46.44,0.00387645683486354
46.45,0.00387127849484517
46.46,0.00386578976522192
46.47,0.00385999729157201
46.48,0.00385390768108432
46.49,0.00384752747947777
46.5,0.00384086318514171
46.51,0.00383392125991837
46.52,0.00382670809092097
46.53,0.00381923001201673
46.54,0.0038114933126425
46.55,0.00380350421115891
46.5599999999999,0.00379526886101952
46.57,0.00378679336039847
46.58,0.00377808374610585
46.59,0.00376914597824821
46.6,0.00375998595477019
46.61,0.00375060951531477
46.62,0.00374102241755051
46.63,0.00373123035208236
46.64,0.00372123895034247
46.65,0.00371105376060498
46.66,0.00370068026140267
46.67,0.0036901238648967
46.6799999999999,0.00367938990889632
46.69,0.00366848365367624
46.7,0.00365741029085514
46.71,0.00364617494320461
46.72,0.00363478264950453
46.73,0.00362323837687196
46.74,0.00361154702561939
46.75,0.00359971342151991
46.76,0.00358774230816331
46.77,0.00357563835741664
46.78,0.003563406178453
46.79,0.00355105029842363
46.8,0.00353857516917851
46.8099999999999,0.00352598517040055
46.82,0.00351328462081336
46.83,0.00350047775305531
46.84,0.00348756873151175
46.85,0.00347456164943268
46.86,0.00346146053516515
46.87,0.00344826933749067
46.88,0.00343499193720936
46.89,0.00342163214698635
46.9,0.00340819371303845
46.91,0.00339468030691208
46.92,0.00338109553347394
46.9299999999999,0.00336744293293008
46.94,0.00335372597826248
46.95,0.00333994807263532
46.96,0.00332611255438428
46.97,0.00331222270161563
46.98,0.00329828172355511
46.99,0.0032842927649079
47,0.00327025890763638
47.01,0.00325618317350703
47.02,0.00324206852441907
47.03,0.00322791785573099
47.04,0.00321373400432618
47.05,0.00319951974748051
47.0599999999999,0.00318527780922247
47.07,0.00317101084811357
47.08,0.00315672146769036
47.09,0.00314241221463794
47.1,0.00312808558217554
47.11,0.00311374400681524
47.12,0.00309938986983787
47.13,0.00308502549943051
47.14,0.00307065317131323
47.15,0.00305627510978148
47.16,0.00304189348635575
47.17,0.00302751042244171
47.1799999999999,0.00301312798953831
47.19,0.00299874821058723
47.2,0.00298437305945125
47.21,0.0029700044625932
47.22,0.00295564429958545
47.23,0.00294129440394264
47.24,0.00292695656376278
47.25,0.00291263252245637
47.26,0.00289832397957073
47.27,0.0028840325912632
47.28,0.00286975997071451
47.29,0.00285550769033332
47.3,0.00284127728118908
47.3099999999999,0.00282707023412122
47.32,0.00281288799945129
47.33,0.00279873198789074
47.34,0.00278460357400695
47.35,0.00277050409403139
47.36,0.00275643484745708
47.37,0.00274239709569859
47.38,0.00272839206482443
47.39,0.00271442094813827
47.4,0.00270048490377005
47.41,0.00268658505641222
47.42,0.0026727224947841
47.4299999999999,0.0026588982771167
47.44,0.00264511343122632
47.45,0.00263136895300194
47.46,0.0026176658079977
47.47,0.00260400492785615
47.48,0.00259038721873249
47.49,0.00257681355795358
47.5,0.00256328479422072
47.51,0.00254980174882512
47.52,0.00253636521085821
47.53,0.00252297594913557
47.54,0.00250963470472785
47.55,0.00249634219328505
47.5599999999999,0.00248309910539233
47.57,0.00246990610226712
47.58,0.00245676382805309
47.59,0.00244367290119782
47.6,0.00243063391744832
47.61,0.00241764744935676
47.62,0.00240471404361769
47.63,0.00239183423173099
47.64,0.00237900852199606
47.65,0.00236623740237481
47.66,0.00235352133926007
47.67,0.00234086077697814
47.6799999999999,0.00232825614577774
47.69,0.00231570785520707
47.7,0.00230321629664851
47.71,0.00229078184148514
47.72,0.00227840484287852
47.73,0.00226608564043523
47.74,0.00225382455557806
47.75,0.00224162189358106
47.76,0.0022294779409088
47.77,0.0022173929694453
47.78,0.00220536723814749
47.79,0.00219340098999422
47.8,0.00218149445365435
47.8099999999999,0.00216964783994335
47.82,0.00215786134874402
47.83,0.002146135167286
47.84,0.00213446946890547
47.85,0.00212286441429127
47.86,0.002111320147332
47.87,0.00209983680431801
47.88,0.00208841450890554
47.89,0.00207705337287391
47.9,0.0020657534968175
47.91,0.00205451496561906
47.92,0.00204333785942132
47.9299999999999,0.00203222224586295
47.94,0.00202116818250663
47.95,0.00201017571661735
47.96,0.00199924488229487
47.97,0.00198837570926253
47.98,0.00197756821629718
47.99,0.00196682241336635
48,0.00195613830094922
48.01,0.0019455158689845
48.02,0.00193495510295911
48.03,0.00192445597898125
48.04,0.00191401846550697
48.05,0.00190364252296247
48.0599999999999,0.00189332810379094
48.07,0.00188307515317221
48.08,0.00187288360762087
48.09,0.00186275339896594
48.1,0.00185268446399882
48.11,0.00184267671301153
48.12,0.00183273005606021
48.13,0.00182284439613362
48.14,0.0018130196495671
48.15,0.00180325570091577
48.16,0.00179355243686537
48.17,0.00178390973753061
48.1799999999999,0.00177432749407841
48.19,0.0017648055769727
48.2,0.00175534385024615
48.21,0.00174594217499085
48.22,0.00173660041739714
48.23,0.00172731843650166
48.24,0.00171809607705935
48.25,0.00170893318364992
48.26,0.00169982960120171
48.27,0.00169078517640405
48.28,0.00168179973801033
48.29,0.00167287311590602
48.3,0.00166400513808542
48.3099999999999,0.00165519564185371
48.32,0.00164644443981485
48.33,0.00163775134861419
48.34,0.00162911618101613
48.35,0.00162053875113299
48.36,0.00161201888168834
48.37,0.00160355636937814
48.38,0.0015951510166835
48.39,0.00158680262277941
48.4,0.00157851099134334
48.41,0.00157027593035407
48.42,0.00156209722559612
48.4299999999999,0.00155397466851377
48.44,0.00154590804784057
48.45,0.00153789715866107
48.46,0.00152994179492737
48.47,0.0015220417352889
48.48,0.0015141967624919
48.49,0.00150640665709196
48.5,0.00149867120688728
48.51,0.00149099019426742
48.52,0.0014833633925917
48.53,0.0014757905776967
48.54,0.00146827152365661
48.55,0.00146080601291736
48.5599999999999,0.00145339381905487
48.57,0.00144603471125466
48.58,0.00143872846013253
48.59,0.00143147483491777
48.6,0.00142427361482358
48.61,0.0014171245665072
48.62,0.00141002745627031
48.63,0.00140298205108642
48.64,0.00139598811687842
48.65,0.00138904542950477
48.66,0.00138215375257888
48.67,0.00137531285018706
48.6799999999999,0.0013685224871496
48.69,0.00136178242755201
48.7,0.00135509244476848
48.71,0.00134845230087286
48.72,0.00134186175905615
48.73,0.00133532058322411
48.74,0.0013288285368283
48.75,0.00132238539167651
48.76,0.00131599090953826
48.77,0.00130964485374694
48.78,0.00130334698830478
48.79,0.00129709707700027
48.8,0.0012908948912305
48.8099999999999,0.00128474019341555
48.82,0.00127863274788661
48.83,0.00127257231962924
48.84,0.00126655867362313
48.85,0.00126059158189657
48.86,0.00125467080834914
48.87,0.00124879611908002
48.88,0.00124296728085353
48.89,0.00123718406061106
48.9,0.00123144623010869
48.91,0.00122575355671904
48.92,0.00122010580953912
48.9299999999999,0.00121450275846552
48.94,0.00120894417399404
48.95,0.00120342982725326
48.96,0.00119795948943139
48.97,0.00119253293210947
48.98,0.0011871499288099
48.99,0.00118181025317293
49,0.00117651367958496
49.01,0.00117125998320853
49.02,0.00116604894001225
49.03,0.00116088032383552
49.04,0.00115575391304855
49.05,0.0011506694857752
49.0599999999999,0.00114562682076914
49.07,0.00114062569763164
49.08,0.00113566589683484
49.09,0.00113074719884419
49.1,0.00112586938451412
49.11,0.00112103223753201
49.12,0.00111623554154511
49.13,0.00111147908110487
49.14,0.00110676264168476
49.15,0.00110208600969812
49.16,0.0010974489712666
49.17,0.00109285131501004
49.1799999999999,0.0010882928300896
49.19,0.00108377330654082
49.2,0.00107929253538201
49.21,0.00107485030862901
49.22,0.00107044641893591
49.23,0.0010660806597331
49.24,0.00106175282632304
49.25,0.00105746271463078
49.26,0.00105321012161836
49.27,0.00104899484529739
49.28,0.00104481668474173
49.29,0.00104067543893785
49.3,0.0010365709093559
49.3099999999999,0.00103250289817347
49.32,0.00102847120854228
49.33,0.00102447564469587
49.34,0.00102051601195926
49.35,0.0010165921162441
49.36,0.00101270376422544
49.37,0.00100885076490851
49.38,0.00100503292780222
49.39,0.00100125006351591
49.4,0.000997501983766779
49.41,0.000993788501387241
49.42,0.000990109429804351
49.4299999999999,0.000986464583370792
49.44,0.000982853778602478
49.45,0.000979276832604156
49.46,0.00097573356359497
49.47,0.000972223790913606
49.48,0.00096874733502345
49.49,0.000965304017083924
49.5,0.000961893659327122
49.51,0.000958516085819106
49.52,0.00095517112137488
49.53,0.000951858591931166
49.54,0.000948578324549764
49.55,0.000945330147420907
49.5599999999999,0.00094211388951587
49.57,0.000938929380963924
49.58,0.000935776453491622
49.59,0.000932654939688931
49.6,0.00092956467326994
49.61,0.000926505489074992
49.62,0.000923477223072648
49.63,0.000920479712030516
49.64,0.00091751279393001
49.65,0.000914576308236353
49.66,0.000911670095322668
49.67,0.000908793996682285
49.6799999999999,0.000905947854929692
49.69,0.000903131513801477
49.7,0.000900344817832722
49.71,0.00089758761281342
49.72,0.000894859745928861
49.73,0.000892161065295655
49.74,0.000889491420140466
49.75,0.000886850660800011
49.76,0.000884238638720983
49.77,0.000881655206164833
49.78,0.000879100216662949
49.79,0.000876573525044607
49.8,0.000874074987095386
49.8099999999999,0.000871604459696287
49.82,0.000869161800822801
49.83,0.000866746869544032
49.84,0.000864359525477989
49.85,0.000861999629860782
49.86,0.000859667045247688
49.87,0.000857361635043853
49.88,0.000855083263748802
49.89,0.00085283179695642
49.9,0.000850607101354955
49.91,0.000848409044727019
49.92,0.000846237494270098
49.9299999999999,0.000844092320464762
49.94,0.000841973394447673
49.95,0.000839880588183875
49.96,0.000837813774718857
49.97,0.000835772828178589
49.98,0.000833757623769555
49.99,0.000831768037699311
50,0.000829803944712147
50.01,0.000827865224695003
50.02,0.000825951756932321
50.03,0.000824063421770604
50.04,0.000822200100618416
50.05,0.000820361675946383
50.0599999999999,0.000818548031287192
50.07,0.000816759050618501
50.08,0.000814994617343882
50.09,0.000813254619535077
50.1,0.000811538944686171
50.11,0.000809847481331998
50.12,0.000808180119048081
50.13,0.000806536748450668
50.14,0.000804917261196726
50.15,0.000803321548725729
50.16,0.000801749503314076
50.17,0.000800201020798731
50.1799999999999,0.000798675996691735
50.19,0.000797174327523261
50.2,0.000795695910841646
50.21,0.000794240645213345
50.22,0.000792808430222951
50.23,0.000791399164482408
50.24,0.000790012749147782
50.25,0.000788649087525833
50.26,0.000787308082949306
50.27,0.000785989639745624
50.28,0.00078469366323689
50.29,0.000783420059739887
50.3,0.000782168736566075
50.3099999999999,0.000780939597657802
50.32,0.000779732553969127
50.33,0.000778547516348736
50.34,0.000777384395785842
50.35,0.000776243104247438
50.36,0.000775123554678318
50.37,0.000774025661001038
50.38,0.00077294933811594
50.39,0.000771894501901148
50.4,0.000770861069212566
50.41,0.000769848953967576
50.42,0.000768858072543402
50.4299999999999,0.000767888347785223
50.44,0.000766939699988029
50.45,0.000766012050397606
50.46,0.000765105321210499
50.47,0.000764219435574026
50.48,0.000763354317586301
50.49,0.000762509892296196
50.5,0.000761686085703364
50.51,0.000760882823343893
50.52,0.000760100024734085
50.53,0.000759337624724203
50.54,0.000758595552557223
50.55,0.000757873738394255
50.5599999999999,0.000757172113314541
50.57,0.000756490609315456
50.58,0.000755829159312518
50.59,0.000755187697139368
50.6,0.000754566157547779
50.61,0.000753964476207669
50.62,0.000753382581938611
50.63,0.000752820415304401
50.64,0.000752277915639215
50.65,0.000751755021755602
50.66,0.000751251673354503
50.67,0.000750767811025256
50.6799999999999,0.000750303376245591
50.69,0.000749858311381632
50.7,0.000749432559687905
50.71,0.000749026065307321
50.72,0.000748638769370373
50.73,0.000748270615533357
50.74,0.000747921553542995
50.75,0.000747591530633951
50.76,0.000747280494902873
50.77,0.000746988395308397
50.78,0.000746715181671144
50.79,0.00074646080467372
50.8,0.000746225215860719
50.8099999999999,0.000746008367638717
50.82,0.000745810212187485
50.83,0.000745630697615479
50.84,0.000745469783250695
50.85,0.000745327424539193
50.86,0.000745203577765214
50.87,0.000745098200051174
50.88,0.000745011249357671
50.89,0.000744942684483479
50.9,0.000744892465065552
50.91,0.000744860551579024
50.92,0.000744846905337205
50.9299999999999,0.000744851484254447
50.94,0.000744874252735658
50.95,0.000744915174883223
50.96,0.000744974214886887
50.97,0.000745051337726676
50.98,0.000745146509170823
50.99,0.000745259695773707
51,0.000745390864873775
51.01,0.000745539984591475
51.02,0.000745707023827188
51.03,0.000745891952259154
51.04,0.000746094740341404
51.05,0.000746315359818455
51.0599999999999,0.000746553782388743
51.07,0.000746809980829834
51.08,0.000747083928714114
51.09,0.00074737560038252
51.1,0.00074768497094259
51.11,0.000748012016266495
51.12,0.000748356712989105
51.13,0.000748719038506022
51.14,0.000749098970971631
51.15,0.000749496489297146
51.16,0.000749911573274213
51.17,0.000750344205435941
51.1799999999999,0.000750794365534311
51.19,0.000751262035628267
51.2,0.000751747198536464
51.21,0.000752249837835815
51.22,0.000752769937860025
51.23,0.000753307483698114
51.24,0.000753862461192975
51.25,0.000754434856939894
51.26,0.000755024658285094
51.27,0.000755631853324269
51.28,0.000756256431243392
51.29,0.00075689838326279
51.3,0.000757557698535172
51.3099999999999,0.000758234368272843
51.32,0.000758928384442256
51.33,0.000759639739762992
51.34,0.000760368427706786
51.35,0.000761114442496512
51.36,0.000761877779105168
51.37,0.000762658433254902
51.38,0.000763456401415989
51.39,0.000764271680805841
51.4,0.000765104269821741
51.41,0.000765954168114832
51.42,0.000766821374368513
51.4299999999999,0.000767705888880315
51.44,0.000768607712698984
51.45,0.000769526847623805
51.46,0.00077046329620398
51.47,0.000771417061737962
51.48,0.00077238814827278
51.49,0.000773376560603424
51.5,0.00077438230427217
51.51,0.000775405385567928
51.52,0.000776445812172038
51.53,0.000777503592539153
51.54,0.000778578734521698
51.55,0.000779671247496262
51.5599999999999,0.000780781141592376
51.57,0.000781908427692229
51.58,0.000783053117430358
51.59,0.000784215223193394
51.6,0.000785394758119763
51.61,0.000786591736099372
51.62,0.000787806171773363
51.63,0.0007890380805338
51.64,0.000790287479459486
51.65,0.000791554385827461
51.66,0.000792838816692074
51.67,0.000794140790566653
51.6799999999999,0.000795460326724657
51.69,0.000796797445199804
51.7,0.000798152166786156
51.71,0.000799524513038284
51.72,0.00080091450627136
51.73,0.000802322169561254
51.74,0.000803747526744693
51.75,0.000805190602419352
51.76,0.000806651423537274
51.77,0.000808130016173302
51.78,0.000809626406595959
51.79,0.000811140622590489
51.8,0.000812672692715383
51.8099999999999,0.000814222646302903
51.82,0.000815790513459627
51.83,0.000817376325066946
51.84,0.000818980112781643
51.85,0.000820601909036404
51.86,0.00082224174704032
51.87,0.00082389966077947
51.88,0.000825575685017423
51.89,0.000827269857963473
51.9,0.000828982214721503
51.91,0.000830712792135338
51.92,0.000832461628263797
51.9299999999999,0.000834228761960491
51.94,0.000836014232874879
51.95,0.000837818081453274
51.96,0.000839640348939952
51.97,0.000841481077378163
51.98,0.000843340309611152
51.99,0.000845218089283259
52,0.000847114460840934
52.01,0.000849029469656254
52.02,0.000850963164998244
52.03,0.000852915591508396
52.04,0.000854886797029901
52.05,0.000856876830228304
52.0599999999999,0.000858885740593091
52.07,0.000860913578439288
52.08,0.000862960394909005
52.09,0.000865026241973096
52.1,0.00086711117243271
52.11,0.000869215239920849
52.12,0.000871338498904022
52.13,0.000873481004683791
52.14,0.000875642814125676
52.15,0.000877823986422944
52.16,0.000880024577602818
52.17,0.000882244646503899
52.1799999999999,0.000884484252822918
52.19,0.000886743457116888
52.2,0.000889022320805179
52.21,0.000891320906171732
52.22,0.000893639276367149
52.23,0.00089597749541079
52.24,0.000898335628192979
52.25,0.000900713740477085
52.26,0.000903111898901671
52.27,0.000905530172406192
52.28,0.000907968630575014
52.29,0.000910427341307989
52.3,0.000912906374956691
52.3099999999999,0.000915405802774365
52.32,0.000917925696918642
52.33,0.000920466130454171
52.34,0.000923027177355409
52.35,0.000925608912509267
52.36,0.000928211411717769
52.37,0.000930834751700829
52.38,0.000933479010098898
52.39,0.000936144265475664
52.4,0.000938830599621343
52.41,0.000941538092953912
52.42,0.000944266825894497
52.4299999999999,0.000947016880935945
52.44,0.000949788341525028
52.45,0.000952581292065677
52.46,0.000955395817922386
52.47,0.000958232005423469
52.48,0.000961089941864315
52.49,0.00096396971551079
52.5,0.000966871415602477
52.51,0.000969795132355997
52.52,0.000972740956968315
52.53,0.000975708984974117
52.54,0.000978699308067018
52.55,0.000981712020046371
52.5599999999999,0.00098474721629266
52.57,0.000987804993201896
52.58,0.000990885448189512
52.59,0.000993988679694425
52.6,0.000997114787182945
52.61,0.00100026387115269
52.62,0.00100343603313663
52.63,0.001006631375707
52.64,0.00100985000247928
52.65,0.00101309201823629
52.66,0.00101635753288868
52.67,0.00101964665032685
52.6799999999999,0.00102295947860734
52.69,0.00102629612686903
52.7,0.00102965670533774
52.71,0.00103304132533099
52.72,0.0010364500992626
52.73,0.00103988314064731
52.74,0.00104334056410553
52.75,0.00104682248536794
52.76,0.00105032902128016
52.77,0.00105386028980739
52.78,0.00105741641098865
52.79,0.00106099750813518
52.8,0.00106460370012924
52.8099999999999,0.00106823510970748
52.82,0.0010718918607701
52.83,0.00107557407838611
52.84,0.00107928188879894
52.85,0.00108301541943169
52.86,0.00108677479889252
52.87,0.00109056015698015
52.88,0.00109437162468919
52.89,0.00109820933421555
52.9,0.00110207341896185
52.91,0.00110596401550051
52.92,0.00110988126141959
52.9299999999999,0.00111382529179902
52.94,0.00111779624519105
52.95,0.00112179426140385
52.96,0.00112581948150782
52.97,0.00112987204784177
52.98,0.00113395210401895
52.99,0.00113805979493349
53,0.00114219526676641
53.01,0.00114635866699192
53.02,0.00115055014438353
53.03,0.00115476984902032
53.04,0.00115901793547817
53.05,0.00116329455655796
53.0599999999999,0.00116759986494461
53.07,0.00117193401629573
53.08,0.00117629716762958
53.09,0.00118068947733221
53.1,0.00118511110516449
53.11,0.00118956221226906
53.12,0.00119404296117754
53.13,0.00119855351581747
53.14,0.00120309404151939
53.15,0.00120766470502391
53.16,0.00121226567448872
53.17,0.00121689712235163
53.1799999999999,0.00122155921874862
53.19,0.00122625213594865
53.2,0.00123097604819531
53.21,0.00123573113122075
53.22,0.00124051756225426
53.23,0.00124533552003092
53.24,0.00125018518480037
53.25,0.00125506673833539
53.26,0.00125998036403009
53.27,0.00126492624796
53.28,0.00126990457579373
53.29,0.00127491553560573
53.3,0.00127995931705026
53.3099999999999,0.00128503611137068
53.32,0.0012901461114088
53.33,0.001295289511614
53.34,0.00130046650805272
53.35,0.00130567729841764
53.36,0.00131092208234972
53.37,0.00131620106141201
53.38,0.00132151443781832
53.39,0.0013268624159577
53.4,0.00133224520190242
53.41,0.0013376630034178
53.42,0.00134311602997189
53.4299999999999,0.00134860449274532
53.44,0.00135412860464107
53.45,0.00135968858029409
53.46,0.00136528463667871
53.47,0.00137091699221461
53.48,0.00137658586664013
53.49,0.00138229148180312
53.5,0.00138803406135757
53.51,0.00139381383077486
53.52,0.00139963101735497
53.53,0.00140548585034549
53.54,0.00141137856122012
53.55,0.00141730938261701
53.5599999999999,0.00142327854936198
53.57,0.00142928629817939
53.58,0.00143533286770406
53.59,0.00144141849849349
53.6,0.00144754343303981
53.61,0.00145370791609961
53.62,0.00145991219401695
53.63,0.00146615651517098
53.64,0.00147244112998071
53.65,0.00147876629086895
53.66,0.00148513225227492
53.67,0.00149153927066674
53.6799999999999,0.00149798760464107
53.69,0.00150447751504035
53.7,0.00151100926446102
53.71,0.00151758311751838
53.72,0.00152419934083793
53.73,0.00153085820305525
53.74,0.00153755997642623
53.75,0.00154430493651071
53.76,0.00155109335669478
53.77,0.00155792551440413
53.78,0.0015648016891428
53.79,0.00157172216249316
53.8,0.00157868721958058
53.8099999999999,0.00158569715013679
53.82,0.00159275224024973
53.83,0.00159985278068773
53.84,0.00160699906437751
53.85,0.00161419138640409
53.86,0.00162143004532073
53.87,0.00162871534615824
53.88,0.0016360475880705
53.89,0.00164342707584786
53.9,0.0016508541165379
53.91,0.00165832901944544
53.92,0.00166585209700385
53.9299999999999,0.00167342366963237
53.94,0.00168104405061694
53.95,0.00168871355940986
53.96,0.00169643251782479
53.97,0.00170420125003659
53.98,0.00171202008296697
53.99,0.00171988935271683
54,0.00172780938752619
54.01,0.00173578052211876
54.02,0.0017438030936828
54.03,0.00175187744187113
54.04,0.00176000390880113
54.05,0.00176818284727203
54.0599999999999,0.00177641460088079
54.07,0.00178469952016496
54.08,0.00179303795830737
54.09,0.00180143027105656
54.1,0.00180987681672666
54.11,0.00181837796205797
54.12,0.00182693407165176
54.13,0.00183554551063707
54.14,0.00184421264891633
54.15,0.00185293585907142
54.16,0.00186171551636371
54.17,0.00187055200188726
54.1799999999999,0.00187944570205474
54.19,0.00188839699741284
54.2,0.00189740627533139
54.21,0.00190647392598255
54.22,0.00191560034234068
54.23,0.00192478592066337
54.24,0.00193403106942509
54.25,0.00194333618564549
54.26,0.00195270167491379
54.27,0.00196212794574895
54.28,0.00197161540959969
54.29,0.00198116448084448
54.3,0.00199077558441151
54.3099999999999,0.00200044914061123
54.32,0.00201018557210049
54.33,0.00201998530651557
54.34,0.00202984877455402
54.35,0.00203977640997453
54.36,0.00204976865382563
54.37,0.00205982595128688
54.38,0.00206994874269335
54.39,0.0020801374755884
54.4,0.00209039260071158
54.41,0.00210071457199863
54.42,0.00211110384777963
54.4299999999999,0.00212156089837549
54.44,0.00213208618285357
54.45,0.00214268016949346
54.46,0.00215334332991167
54.47,0.00216407613906141
54.48,0.00217487907523246
54.49,0.00218575262954684
54.5,0.00219669728557572
54.51,0.00220771353163489
54.52,0.00221880186108414
54.53,0.00222996277076608
54.54,0.00224119676100605
54.55,0.0022525043411122
54.5599999999999,0.00226388602318582
54.57,0.00227534231551763
54.58,0.00228687373409033
54.59,0.00229848079851996
54.6,0.00231016403205568
54.61,0.002321923963471
54.62,0.00233376113343604
54.63,0.00234567607151234
54.64,0.00235766931719444
54.65,0.00236974141376341
54.66,0.00238189290828697
54.67,0.0023941243516194
54.6799999999999,0.00240643630932396
54.69,0.0024188293372834
54.7,0.00243130399815194
54.71,0.00244386085979153
54.72,0.00245650049400786
54.73,0.00246922347655013
54.74,0.00248203039360057
54.75,0.00249492183303976
54.76,0.00250789838015135
54.77,0.00252096062830967
54.78,0.00253410917499332
54.79,0.00254734462178512
54.8,0.00256066757689189
54.8099999999999,0.00257407866006843
54.82,0.00258757848066226
54.83,0.00260116765848432
54.84,0.00261484681761165
54.85,0.00262861658638714
54.86,0.00264247759741925
54.87,0.00265643049955883
54.88,0.00267047593022446
54.89,0.00268461453572281
54.9,0.00269884696764789
54.91,0.00271317388202117
54.92,0.00272759593929159
54.9299999999999,0.00274211381148187
54.94,0.00275672817123552
54.95,0.00277143969034465
54.96,0.002786249048832
54.97,0.00280115693130887
54.98,0.00281616402697485
54.99,0.00283127103261968
55,0.00284647865565042
55.01,0.00286178759485999
55.02,0.00287719855958569
55.03,0.00289271226391181
55.04,0.00290832942666965
55.05,0.00292405077143751
55.0599999999999,0.00293987703878762
55.07,0.00295580895703756
55.08,0.00297184726527347
55.09,0.00298799270787196
55.1,0.0030042460341068
55.11,0.00302060799814862
55.12,0.00303707936525616
55.13,0.00305366090307307
55.14,0.00307035337835346
55.15,0.00308715756653815
55.16,0.00310407424810931
55.17,0.00312110420859046
55.1799999999999,0.0031382482400198
55.19,0.00315550714736511
55.2,0.00317288172698777
55.21,0.00319037278606821
55.22,0.00320798113696065
55.23,0.00322570759719282
55.24,0.00324355298946654
55.25,0.0032615181487136
55.26,0.00327960390775687
55.27,0.00329781110440782
55.28,0.00331614058342049
55.29,0.00333459319483715
55.3,0.0033531697939883
55.3099999999999,0.00337187124386385
55.32,0.00339069841477277
55.33,0.00340965217576294
55.34,0.00342873340434458
55.35,0.00344794298340572
55.36,0.00346728180121185
55.37,0.00348675075140657
55.38,0.00350635073768276
55.39,0.00352608266258124
55.4,0.00354594743638251
55.41,0.00356594597492623
55.42,0.0035860791994866
55.4299999999999,0.00360634803677242
55.44,0.00362675341954801
55.45,0.00364729628574294
55.46,0.00366797757816604
55.47,0.00368879824543098
55.48,0.00370975924159988
55.49,0.00373086152618406
55.5,0.00375210606374159
55.51,0.00377349382206312
55.52,0.00379502577785809
55.53,0.00381670291184938
55.54,0.00383852621014793
55.55,0.00386049666425274
55.5599999999999,0.00388261526700042
55.57,0.00390488302123695
55.58,0.00392730093415065
55.59,0.00394987001783114
55.6,0.00397259128966282
55.61,0.00399546576857017
55.62,0.00401849448015095
55.63,0.00404167845823438
55.64,0.00406501873997453
55.65,0.00408851636767968
55.66,0.00411217238598942
55.67,0.00413598783948047
55.6799999999999,0.0041599637884519
55.69,0.00418410129363071
55.7,0.00420840142067194
55.71,0.00423286523995069
55.72,0.00425749381036915
55.73,0.0042822882178797
55.74,0.0043072495447367
55.75,0.00433237887779319
55.76,0.00435767730850096
55.77,0.00438314591793663
55.78,0.00440878580387781
55.79,0.00443459807154599
55.8,0.00446058382635074
55.8099999999999,0.00448674417786372
55.82,0.00451308023124863
55.83,0.00453959309045459
55.84,0.00456628387880792
55.85,0.0045931537152492
55.86,0.0046202037215688
55.87,0.00464743502230804
55.88,0.00467484873644331
55.89,0.00470244599258751
55.9,0.00473022792175221
55.91,0.00475819565519486
55.92,0.00478635032587641
55.9299999999999,0.00481469306743891
55.94,0.00484322500722291
55.95,0.00487194728459554
55.96,0.00490086103543244
55.97,0.0049299673961742
55.98,0.00495926750365409
55.99,0.00498876249006947
56,0.00501845348582157
56.01,0.00504834162883065
56.02,0.00507842805232796
56.03,0.00510871388848582
56.04,0.00513920026820289
56.05,0.00516988830780087
56.0599999999999,0.0052007791339257
56.07,0.00523187387027832
56.08,0.00526317363545911
56.09,0.00529467954488052
56.1,0.00532639270816103
56.11,0.00535831421521483
56.12,0.00539044517469009
56.13,0.00542278668100179
56.14,0.00545533982303249
56.15,0.00548810568378585
56.16,0.00552108533007407
56.17,0.00555427981989155
56.1799999999999,0.0055876902180365
56.19,0.00562131757382812
56.2,0.00565516292782594
56.21,0.00568922731140139
56.22,0.00572351172065789
56.23,0.00575801716818314
56.24,0.00579274465196529
56.25,0.00582769515418433
56.26,0.00586286964441637
56.27,0.00589826907911993
56.28,0.0059338943694772
56.29,0.00596974643693277
56.3,0.00600582619424423
56.3099999999999,0.00604213452843461
56.32,0.00607867230898218
56.33,0.00611544038718154
56.34,0.00615243956197264
56.35,0.00618967062664915
56.36,0.00622713437670971
56.37,0.00626483156920229
56.38,0.00630276293740005
56.39,0.00634092919000145
56.4,0.00637933097840849
56.41,0.00641796892435888
56.42,0.00645684366586474
56.4299999999999,0.00649595578730811
56.44,0.00653530584161024
56.45,0.00657489434923453
56.46,0.00661472176904571
56.47,0.00665478849913695
56.48,0.00669509497100676
56.49,0.00673564154437124
56.5,0.00677642853811801
56.51,0.0068174562290783
56.52,0.00685872482900869
56.53,0.00690023445183736
56.54,0.00694198526253059
56.55,0.00698397733396979
56.5599999999999,0.00702621068700863
56.57,0.00706868528898085
56.58,0.00711140104272223
56.59,0.00715435772888051
56.6,0.0071975551530465
56.61,0.00724099302345765
56.62,0.0072846709812843
56.63,0.00732858859020398
56.64,0.00737274532123254
56.65,0.00741714059747205
56.66,0.00746177375228895
56.67,0.00750664403422742
56.6799999999999,0.00755175059928152
56.69,0.00759709252675983
56.7,0.00764266880131982
56.71,0.00768847831032186
56.72,0.00773451983398313
56.73,0.00778079206724268
56.74,0.00782729359649135
56.75,0.00787402289561161
56.76,0.00792097831101516
56.77,0.00796815809894678
56.78,0.00801556038892157
56.79,0.00806318318183929
56.8,0.00811102433205916
56.8099999999999,0.00815908159192186
56.82,0.00820735256862636
56.83,0.00825583472434804
56.84,0.00830452535877423
56.85,0.00835342164942374
56.86,0.00840252061140591
56.87,0.00845181909763742
56.88,0.00850131378321791
56.89,0.00855100119756171
56.9,0.00860087769038768
56.91,0.00865093943036626
56.92,0.00870118238971328
56.9299999999999,0.00875160237370682
56.94,0.00880219498837839
56.95,0.00885295563775617
56.96,0.00890387950677175
56.97,0.00895496159551972
56.98,0.00900619668225251
56.99,0.00905757932443028
57,0.00910910383271898
57.01,0.00916076431473794
57.02,0.00921255463272265
57.03,0.00926446840782818
57.04,0.00931649899549718
57.05,0.00936863951885642
57.0599999999999,0.00942088283537832
57.07,0.00947322153837238
57.08,0.00952564794753812
57.09,0.00957815411048021
57.1,0.00963073179359449
57.11,0.00968337247643009
57.12,0.00973606735210885
57.13,0.00978880731431007
57.14,0.00984158295277658
57.15,0.00989438455105366
57.16,0.00994720209160993
57.17,0.0100000252405292
57.1799999999999,0.0100528433316927
57.19,0.0101056453775304
57.2,0.0101584200739128
57.21,0.0102111557951308
57.22,0.0102638405497437
57.23,0.0103164620149067
57.24,0.0103690075359691
57.25,0.0104214641464898
57.26,0.0104738184744626
57.27,0.0105260568139724
57.28,0.0105781651119185
57.29,0.0106301290271894
57.3,0.0106819337721836
57.3099999999999,0.0107335642297532
57.32,0.0107850049224217
57.33,0.0108362401388437
57.34,0.01088725365138
57.35,0.0109380289248963
57.36,0.0109885490605359
57.37,0.0110387968760789
57.38,0.0110887548786321
57.39,0.0111384050830325
57.4,0.0111877292096617
57.41,0.0112367086247753
57.42,0.0112853245818252
57.4299999999999,0.0113335577600146
57.44,0.0113813885497852
57.45,0.0114287970274518
57.46,0.0114757630171801
57.47,0.0115222661759437
57.48,0.0115682856005303
57.49,0.0116138001870112
57.5,0.0116587885356282
57.51,0.0117032291889735
57.52,0.0117471002631262
57.53,0.0117903795730104
57.54,0.0118330447295728
57.55,0.0118750731503668
57.5599999999999,0.0119164422913837
57.57,0.0119571290377952
57.58,0.0119971102127073
57.59,0.0120363624533228
57.6,0.0120748624426878
57.61,0.0121125866650171
57.62,0.012149511319557
57.63,0.0121856125769805
57.64,0.0122208665230882
57.65,0.0122552495765902
57.66,0.0122887376080785
57.67,0.0123213066348656
57.6799999999999,0.0123529326613617
57.69,0.0123835918864729
57.7,0.0124132606347546
57.71,0.012441915008625
57.72,0.0124695313283562
57.73,0.0124960860239536
57.74,0.0125215561130305
57.75,0.0125459183284855
57.76,0.0125691497168526
57.77,0.0125912275826644
57.78,0.0126121296280519
57.79,0.0126318340906385
57.8,0.012650319123468
57.8099999999999,0.0126675634139274
57.82,0.0126835460446872
57.83,0.0126982468974556
57.84,0.0127116460612003
57.85,0.0127237240959362
57.86,0.0127344621786057
57.87,0.0127438421375431
57.88,0.0127518467433386
57.89,0.0127584589964047
57.9,0.0127636627721844
57.91,0.0127674426922611
57.92,0.0127697843474484
57.9299999999999,0.0127706741032498
57.94,0.0127700990842837
57.95,0.0127680473954075
57.96,0.0127645080972523
57.97,0.0127594713296391
57.98,0.0127529281747211
57.99,0.0127448708221232
58,0.0127352925556376
58.01,0.012724187739369
58.02,0.012711552006633
58.03,0.0126973821776971
58.04,0.0126816762336715
58.05,0.0126644333574299
58.0599999999999,0.0126456541843202
58.07,0.012625340623594
58.08,0.0126034957243612
58.09,0.0125801239567729
58.1,0.0125552312987479
58.11,0.0125288250800059
58.12,0.0125009136265493
58.13,0.0124715070325723
58.14,0.0124406167927512
58.15,0.0124082557841486
58.16,0.0123744377174496
58.17,0.0123391783920312
58.1799999999999,0.0123024948123185
58.19,0.0122644052615466
58.2,0.0122249289198654
58.21,0.0121840869925594
58.22,0.0121419018147102
58.23,0.0120983967406436
58.24,0.0120535961595791
58.25,0.0120075262546099
58.26,0.011960214228124
58.27,0.0119116879481292
58.28,0.0118619765386797
58.29,0.0118111104864306
58.3,0.011759121169779
58.3099999999999,0.0117060402344677
58.32,0.0116519008144509
58.33,0.0115967368339114
58.34,0.0115405829226029
58.35,0.0114834737490382
58.36,0.0114254453796827
58.37,0.0113665342108426
58.38,0.0113067770461978
58.39,0.011246210748233
58.4,0.0111848730314297
58.41,0.0111228017224753
58.42,0.0110600347333406
58.4299999999999,0.0109966100080271
58.44,0.0109325657707812
58.45,0.0108679401471242
58.46,0.0108027711000274
58.47,0.0107370964547782
58.48,0.0106709538485453
58.49,0.0106043805940039
58.5,0.0105374137793158
58.51,0.0104700899533833
58.52,0.0104024451878693
58.53,0.0103345150332851
58.54,0.0102663348346357
58.55,0.0101979388371749
58.5599999999999,0.0101293607315738
58.57,0.0100606335047646
58.58,0.00999178995231126
58.59,0.00992286134020882
58.6,0.0098538783090799
58.61,0.00978487068862277
58.62,0.00971586803475087
58.63,0.00964689816192346
58.64,0.00957798818827822
58.65,0.00950916438702418
58.66,0.00944045273493581
58.67,0.00937187730385364
58.6799999999999,0.00930346147012
58.69,0.00923522777613816
58.7,0.00916719836490456
58.71,0.00909939353583648
58.72,0.00903183288650173
58.73,0.00896453522683024
58.74,0.00889751887294418
58.75,0.00883080046016773
58.76,0.00876439593788169
58.77,0.00869832052176435
58.78,0.0086325888413872
58.79,0.00856721410217452
58.8,0.00850220884115785
58.8099999999999,0.00843758491614419
58.82,0.00837335354654717
58.83,0.00830952479919809
58.84,0.00824610810221912
58.85,0.00818311230315431
58.86,0.00812054564407148
58.87,0.00805841540402023
58.88,0.00799672830972601
58.89,0.00793549055654018
58.9,0.00787470776837189
58.91,0.00781438485964181
58.92,0.00775452624876087
58.9299999999999,0.00769513585990559
58.94,0.00763621711857633
58.95,0.00757777294437266
58.96,0.00751980582125213
58.97,0.00746231777462624
58.98,0.0074053104294212
58.99,0.00734878504895745
59,0.00729274252628519
59.01,0.00723718334342399
59.02,0.00718210768620784
59.03,0.00712751547262515
59.04,0.00707340632121024
59.05,0.00701977948345607
59.0599999999999,0.00696663401648265
59.07,0.00691396877624568
59.08,0.00686178238510818
59.09,0.00681007314129974
59.1,0.00675883924464471
59.11,0.00670807874016692
59.12,0.00665778950026179
59.13,0.0066079690811889
59.14,0.00655861500301734
59.15,0.00650972470178763
59.16,0.00646129546716312
59.17,0.00641332435431339
59.1799999999999,0.00636580838144077
59.19,0.00631874452724235
59.2,0.00627212966089374
59.21,0.00622596053472636
59.22,0.00618023385887387
59.23,0.00613494632069549
59.24,0.00609009455484127
59.25,0.0060456750115077
59.26,0.00600168413218625
59.27,0.00595811842866583
59.28,0.00591497433356662
59.29,0.00587224816332485
59.3,0.00582993621213242
59.3099999999999,0.00578803483433904
59.32,0.00574654032868961
59.33,0.0057054489792768
59.34,0.0056647570636407
59.35,0.00562446086251887
59.36,0.00558455665973012
59.37,0.00554504071185515
59.38,0.00550590928050817
59.39,0.00546715868994579
59.4,0.0054287852627784
59.41,0.00539078534674519
59.42,0.00535315511276383
59.4299999999999,0.00531589092611045
59.44,0.00527898917371396
59.45,0.00524244623667422
59.46,0.00520625850608215
59.47,0.00517042221983742
59.48,0.00513493386738831
59.49,0.00509978987584002
59.5,0.00506498669479312
59.51,0.00503052079197189
59.52,0.00499638865419819
59.53,0.00496258680760116
59.54,0.00492911180030975
59.55,0.00489596020940376
59.5599999999999,0.00486312864395826
59.57,0.00483061374418709
59.58,0.00479841218322523
59.59,0.00476652066962446
59.6,0.00473493594839947
59.61,0.00470365467919137
59.62,0.00467267369832888
59.63,0.0046419898241094
59.64,0.00461159990762977
59.65,0.00458150080840856
59.66,0.00455168935602267
59.67,0.00452216250642413
59.6799999999999,0.00449291720470149
59.69,0.00446395042307393
59.7,0.00443525917850175
59.71,0.00440684051415174
59.72,0.00437869148681267
59.73,0.00435080919052828
59.74,0.00432319074873575
59.75,0.00429583336651246
59.76,0.00426873422700714
59.77,0.00424189055657951
59.78,0.00421529961978955
59.79,0.00418895871518889
59.8,0.00416286509890577
59.8099999999999,0.00413701611768235
59.82,0.00411140915802662
59.83,0.0040860416197008
59.84,0.00406091093150814
59.85,0.00403601451930404
59.86,0.00401134984945585
59.87,0.00398691443258342
59.88,0.00396270579284868
59.89,0.00393872147925909
59.9,0.00391495908444143
59.91,0.00389141622795813
59.92,0.00386809053177341
59.9299999999999,0.00384497965509458
59.94,0.00382208128272668
59.95,0.00379939313255609
59.96,0.00377691295512071
59.97,0.00375463851003621
59.98,0.00373256759049884
59.99,0.00371069801585501
60,0.00368902762389796
60.01,0.00366755425969406
60.02,0.00364627582366526
60.03,0.00362519022778622
60.04,0.00360429540769681
60.05,0.00358358931972767
60.0599999999999,0.00356306992694104
60.07,0.00354273523745098
60.08,0.00352258327210966
60.09,0.0035026120728809
60.1,0.00348281970316321
60.11,0.00346320426437328
60.12,0.00344376385647879
60.13,0.00342449660834578
60.14,0.00340540066936735
60.15,0.00338647420920937
60.16,0.00336771543401293
60.17,0.00334912255025405
60.1799999999999,0.00333069379033637
60.19,0.00331242740753191
60.2,0.00329432167492578
60.21,0.0032763748847237
60.22,0.00325858534275994
60.23,0.00324095138209302
60.24,0.00322347135139231
60.25,0.00320614361785614
60.26,0.00318896656699192
60.27,0.00317193860064102
60.28,0.00315505813382962
60.29,0.00313832360726878
60.3,0.00312173347535668
60.3099999999999,0.00310528620933597
60.32,0.00308898029704757
60.33,0.00307281424632829
60.34,0.00305678658331863
60.35,0.00304089584303471
60.36,0.00302514057990567
60.37,0.00300951936417374
60.38,0.00299403078168027
60.39,0.00297867343985319
60.4,0.00296344595934017
60.41,0.00294834697120033
60.42,0.00293337512469208
60.4299999999999,0.00291852908412358
60.44,0.00290380752867485
60.45,0.00288920915138472
60.46,0.00287473266050554
60.47,0.00286037677867796
60.48,0.00284614024246807
60.49,0.00283202180237195
60.5,0.00281802022263461
60.51,0.00280413427975976
60.52,0.00279036276516879
60.53,0.00277670448299452
60.54,0.00276315825025749
60.55,0.00274972289675482
60.5599999999999,0.00273639726546203
60.57,0.00272318021913901
60.58,0.0027100706224295
60.59,0.00269706735638582
60.6,0.0026841693142462
60.61,0.0026713754012732
60.62,0.00265868453514275
60.63,0.00264609565225817
60.64,0.00263360769072995
60.65,0.00262121960420572
60.66,0.00260893035786988
60.67,0.00259673892830454
60.6799999999999,0.00258464430331662
60.69,0.00257264548139372
60.7,0.00256074147261786
60.71,0.00254893129765304
60.72,0.00253721398784586
60.73,0.00252558858508531
60.74,0.0025140541417007
60.75,0.00250260972079212
60.76,0.00249125439486925
60.77,0.00247998724672295
60.78,0.0024688073690073
60.79,0.00245771386410084
60.8,0.0024467058444592
60.8099999999999,0.00243578243854034
60.82,0.00242494277496594
60.83,0.00241418599539146
60.84,0.00240351125080095
60.85,0.00239291770138968
60.86,0.00238240451675147
60.87,0.00237197087958534
60.88,0.00236161597569423
60.89,0.00235133900205242
60.9,0.00234113916444483
60.91,0.00233101567736263
60.92,0.00232096776377759
60.9299999999999,0.00231099465348788
60.94,0.00230109558701163
60.95,0.00229126981217396
60.96,0.00228151658490883
60.97,0.00227183516914959
60.98,0.00226222483686148
60.99,0.00225268486969553
61,0.00224321455415711
61.01,0.00223381318549777
61.02,0.00222448006648399
61.03,0.00221521450729166
61.04,0.00220601582540056
61.05,0.00219688334882565
61.0599999999999,0.00218781641506167
61.07,0.00217881436081644
61.08,0.00216987653371237
61.09,0.00216100228844409
61.1,0.00215219098669178
61.11,0.00214344199703462
61.12,0.00213475469777942
61.13,0.0021261284716231
61.14,0.00211756270721176
61.15,0.00210905680077644
61.16,0.00210061015514787
61.17,0.0020922221796781
61.1799999999999,0.00208389229012335
61.19,0.00207561990471134
61.2,0.00206740445336849
61.21,0.00205924537001077
61.22,0.00205114209456985
61.23,0.00204309407290742
61.24,0.00203510075672918
61.25,0.0020271616045914
61.26,0.00201927608232146
61.27,0.00201144365766234
61.28,0.00200366380563768
61.29,0.00199593600680647
61.3,0.0019882597471849
61.3099999999999,0.00198063451816825
61.32,0.00197305982415323
61.33,0.00196553517024762
61.34,0.00195806006259414
61.35,0.00195063401606494
61.36,0.00194325655092255
61.37,0.00193592719276663
61.38,0.00192864547248109
61.39,0.00192141091815567
61.4,0.00191422307343821
61.41,0.0019070814835236
61.42,0.0018999856980702
61.4299999999999,0.00189293527149336
61.44,0.00188592976289629
61.45,0.00187896873709196
61.46,0.00187205176630999
61.47,0.00186517842184323
61.48,0.00185834828188791
61.49,0.00185156092913862
61.5,0.00184481595072934
61.51,0.00183811293817427
61.52,0.00183145148938977
61.53,0.00182483120578745
61.54,0.00181825169110889
61.55,0.00181171255454667
61.5599999999999,0.00180521340948316
61.57,0.00179875387343768
61.58,0.00179233356801382
61.59,0.00178595211977206
61.6,0.00177960915924011
61.61,0.00177330431957221
61.62,0.00176703723856737
61.63,0.00176080755789941
61.64,0.00175461492306732
61.65,0.00174845898334579
61.66,0.00174233939247053
61.67,0.00173625580819905
61.6799999999999,0.00173020789038392
61.69,0.00172419530327274
61.7,0.00171821771469312
61.71,0.0017122747960061
61.72,0.00170636622205985
61.73,0.00170049167194224
61.74,0.00169465082906044
61.75,0.00168884337772775
61.76,0.00168306900676503
61.77,0.00167732740831802
61.78,0.00167161827781513
61.79,0.00166594131392533
61.8,0.00166029621896491
61.8099999999999,0.0016546826994043
61.82,0.00164910046278068
61.83,0.00164354922065679
61.84,0.00163802868767575
61.85,0.001632538581522
61.86,0.0016270786228824
61.87,0.00162164853566575
61.88,0.00161624804776359
61.89,0.00161087688809029
61.9,0.00160553478923467
61.91,0.00160022148663347
61.92,0.00159493671853473
61.9299999999999,0.00158968022596124
61.94,0.00158445175277964
61.95,0.00157925104642668
61.96,0.00157407785562831
61.97,0.00156893193232872
61.98,0.00156381303109146
61.99,0.00155872090906433
62,0.00155365532594465
62.01,0.00154861604413393
62.02,0.0015436028332683
62.03,0.00153861545845073
62.04,0.00153365369009517
62.05,0.00152871730111745
62.0599999999999,0.00152380606690822
62.07,0.00151891976530586
62.08,0.00151405817656954
62.09,0.00150922107884424
62.1,0.00150440825883891
62.11,0.00149961950323258
62.12,0.00149485460081331
62.13,0.00149011334253433
62.14,0.00148539552147993
62.15,0.00148070093283144
62.16,0.00147602937989911
62.17,0.00147138066036647
62.1799999999999,0.00146675457612896
62.19,0.00146215093171383
62.2,0.00145756953375281
62.21,0.0014530101909583
62.22,0.0014484727140998
62.23,0.00144395691481026
62.24,0.00143946260805393
62.25,0.0014349896105736
62.26,0.00143053774085506
62.27,0.00142610681928503
62.28,0.00142169666812526
62.29,0.00141730711148662
62.3,0.00141293797814982
62.3099999999999,0.00140858909582409
62.32,0.00140426029388756
62.33,0.00139995140425526
62.34,0.00139566226065002
62.35,0.00139139269858168
62.36,0.00138714255532626
62.37,0.00138291167006036
62.38,0.00137869988393538
62.39,0.00137450703921316
62.4,0.00137033298012209
62.41,0.00136617755256545
62.42,0.00136204060410131
62.4299999999999,0.00135792198392242
62.44,0.001353821542836
62.45,0.00134973912875377
62.46,0.0013456745965652
62.47,0.00134162780160501
62.48,0.00133759860001522
62.49,0.00133358684933055
62.5,0.0013295924084515
62.51,0.00132561513761741
62.52,0.00132165490175402
62.53,0.00131771156899526
62.54,0.00131378500092599
62.55,0.00130987506445111
62.5599999999999,0.0013059816278942
62.57,0.00130210456098292
62.58,0.00129824373483457
62.59,0.0012943990219414
62.6,0.00129057030437426
62.61,0.00128675745437172
62.62,0.00128296034939859
62.63,0.00127917886880146
62.64,0.001275412893425
62.65,0.00127166230560839
62.66,0.00126792698918169
62.67,0.00126420681727307
62.6799999999999,0.00126050166534983
62.69,0.00125681142730446
62.7,0.00125313598834992
62.71,0.00124947523455909
62.72,0.00124582905282604
62.73,0.00124219733082725
62.74,0.00123857995796399
62.75,0.00123497685578994
62.76,0.0012313878997536
62.77,0.00122781298535755
62.78,0.0012242520094021
62.79,0.00122070486998843
62.8,0.00121717146652164
62.8099999999999,0.00121365169971373
62.82,0.00121014546610286
62.83,0.00120665266521337
62.84,0.00120317320217419
62.85,0.00119970698027183
62.86,0.00119625390368167
62.87,0.00119281387744117
62.88,0.00118938680748029
62.89,0.00118597260052036
62.9,0.00118257116402043
62.91,0.00117918240622788
62.92,0.00117580623612343
62.9299999999999,0.0011724425633948
62.94,0.00116909130426024
62.95,0.00116575237382792
62.96,0.00116242568322952
62.97,0.00115911114752443
62.98,0.00115580868277659
62.99,0.00115251820556969
63,0.00114923963372044
63.01,0.00114597288632607
63.02,0.00114271788327716
63.03,0.00113947454544876
63.04,0.00113624279170071
63.05,0.00113302254380238
63.0599999999999,0.00112981372555124
63.07,0.00112661626067906
63.08,0.00112343007378966
63.09,0.00112025508767824
63.1,0.00111709122812524
63.11,0.00111393842220386
63.12,0.00111079659711865
63.13,0.00110766568085434
63.14,0.00110454560229569
63.15,0.00110143629099789
63.16,0.00109833767729747
63.17,0.00109524969233656
63.1799999999999,0.00109217226804121
63.19,0.0010891053348728
63.2,0.00108604882638819
63.21,0.00108300267657791
63.22,0.00107996681986705
63.23,0.00107694119139951
63.24,0.00107392572744431
63.25,0.00107092036451856
63.26,0.00106792503997897
63.27,0.00106493969194304
63.28,0.00106196425925671
63.29,0.00105899867847959
63.3,0.0010560428893297
63.3099999999999,0.00105309683277248
63.32,0.00105016044964103
63.33,0.00104723368140411
63.34,0.00104431647061226
63.35,0.00104140876033806
63.36,0.00103851049388636
63.37,0.00103562161545165
63.38,0.00103274206988271
63.39,0.00102987180097292
63.4,0.00102701075191037
63.41,0.0010241588703258
63.42,0.00102131610266208
63.4299999999999,0.0010184823959104
63.44,0.00101565769809325
63.45,0.00101284195925949
63.46,0.00101003512745503
63.47,0.00100723715236792
63.48,0.00100444798428764
63.49,0.00100166757374278
63.5,0.000998895866405589
63.51,0.00099613281619339
63.52,0.000993378374586778
63.53,0.000990632493537501
63.54,0.00098789512546846
63.55,0.000985166226575707
63.5599999999999,0.000982445749499681
63.57,0.000979733648493025
63.58,0.000977029878571413
63.59,0.000974334395288542
63.6,0.000971647152852284
63.61,0.000968968105585474
63.62,0.000966297211398481
63.63,0.000963634427130764
63.64,0.000960979710074368
63.65,0.000958333017967787
63.66,0.000955694308645966
63.67,0.000953063540885738
63.6799999999999,0.00095044067372478
63.69,0.000947825666646657
63.7,0.000945218479580893
63.71,0.000942619071492535
63.72,0.000940027402256948
63.73,0.000937443433418259
63.74,0.000934867126174886
63.75,0.000932298442120934
63.76,0.000929737343326325
63.77,0.000927183792880907
63.78,0.000924637753320529
63.79,0.000922099187964253
63.8,0.000919568060541329
63.8099999999999,0.0009170443351912
63.82,0.000914527974472404
63.83,0.000912018942765919
63.84,0.000909517205560539
63.85,0.000907022728038651
63.86,0.000904535475735137
63.87,0.000902055414680329
63.88,0.000899582511686816
63.89,0.000897116733141491
63.9,0.000894658046119501
63.91,0.000892206418061415
63.92,0.00088976181677323
63.9299999999999,0.000887324208454007
63.94,0.000884893561142234
63.95,0.000882469843863213
63.96,0.000880053025321135
63.97,0.000877643074532011
63.98,0.000875239960653336
63.99,0.000872843652029351
64,0.000870454119078748
64.01,0.000868071331806197
64.02,0.000865695260502238
64.03,0.000863325875743281
64.04,0.000860963149513184
64.05,0.000858607053587208
64.0599999999999,0.000856257559201924
64.07,0.000853914638454191
64.08,0.000851578263762955
64.09,0.000849248407706188
64.1,0.000846925039523895
64.11,0.000844608133984724
64.12,0.000842297664112519
64.13,0.000839993603183984
64.14,0.000837695924728673
64.15,0.000835404602981667
64.16,0.000833119612420049
64.17,0.000830840927182621
64.1799999999999,0.000828568521993732
64.19,0.000826302371848324
64.2,0.000824042452011983
64.21,0.000821788734709142
64.22,0.00081954119691601
64.23,0.000817299814300478
64.24,0.000815064562653888
64.25,0.000812835417989527
64.26,0.000810612356542618
64.27,0.000808395353463565
64.28,0.000806184385924905
64.29,0.000803979430652577
64.3,0.000801780464554381
64.3099999999999,0.000799587464741263
64.32,0.000797400408527307
64.33,0.000795219276896086
64.34,0.000793044046177018
64.35,0.000790874694792715
64.36,0.000788711201429171
64.37,0.000786553545024254
64.38,0.000784401704737378
64.39,0.000782255656825684
64.4,0.000780115382281116
64.41,0.000777980860576223
64.42,0.000775852071390363
64.4299999999999,0.000773728994609703
64.44,0.000771611610191842
64.45,0.000769499892530374
64.46,0.000767393824543155
64.47,0.000765293386049825
64.48,0.000763198556991783
64.49,0.000761109317432117
64.5,0.000759025647760284
64.51,0.00075694753382581
64.52,0.000754874953790794
64.53,0.000752807889060313
64.54,0.000750746321242443
64.55,0.000748690232148258
64.5599999999999,0.000746639603706376
64.57,0.000744594416477164
64.58,0.000742554653559002
64.59,0.000740520297314259
64.6,0.000738491330283561
64.61,0.000736467735185833
64.62,0.000734449494725885
64.63,0.000732436589106431
64.64,0.000730429002759049
64.65,0.000728426718654338
64.66,0.000726429719897449
64.67,0.000724437989728082
64.6799999999999,0.000722451511530492
64.69,0.000720470268933843
64.7,0.000718494245532081
64.71,0.00071652342512284
64.72,0.000714557791640173
64.73,0.000712597329154587
64.74,0.000710642021884684
64.75,0.000708691854290847
64.76,0.000706746810804666
64.77,0.000704806876061918
64.78,0.000702872034836648
64.79,0.000700942272041174
64.8,0.000699017572637851
64.8099999999999,0.000697097921067166
64.82,0.000695183302964539
64.83,0.000693273703667139
64.84,0.000691369108638283
64.85,0.000689469503467464
64.86,0.000687574873785675
64.87,0.000685685204815127
64.88,0.000683800482779549
64.89,0.000681920693664492
64.9,0.000680045823571455
64.91,0.000678175858717884
64.92,0.000676310785386245
64.9299999999999,0.000674450589700587
64.94,0.000672595258360653
64.95,0.000670744777989283
64.96,0.000668899135319744
64.97,0.000667058317195759
64.98,0.000665222310532077
64.99,0.000663391102150759
65,0.000661564679290805
65.01,0.00065974302917503
65.02,0.00065792613912974
65.03,0.000656113996547591
65.04,0.000654306588845616
65.05,0.000652503903689198
65.0599999999999,0.00065070592878336
65.07,0.000648912651932747
65.08,0.000647124060993772
65.09,0.000645340143884649
65.1,0.00064356088872757
65.11,0.000641786283693835
65.12,0.000640016317050895
65.13,0.000638250977092449
65.14,0.000636490252206266
65.15,0.000634734130960383
65.16,0.000632982601971535
65.17,0.000631235653948847
65.1799999999999,0.000629493275620788
65.19,0.000627755455841746
65.2,0.000626022183600261
65.21,0.000624293447945425
65.22,0.000622569238015599
65.23,0.000620849542970783
65.24,0.00061913435211444
65.25,0.000617423654847999
65.26,0.000615717440644265
65.27,0.000614015699062947
65.28,0.000612318419693293
65.29,0.000610625592263284
65.3,0.000608937206575867
65.3099999999999,0.000607253252510139
65.32,0.000605573720026801
65.33,0.000603898599177601
65.34,0.000602227880087867
65.35,0.000600561552962792
65.36,0.000598899608090367
65.37,0.000597242035838978
65.38,0.000595588826680126
65.39,0.000593939971154772
65.4,0.000592295459874274
65.41,0.000590655283538932
65.42,0.000589019432930233
65.4299999999999,0.000587387898919561
65.44,0.000585760672458585
65.45,0.00058413774457226
65.46,0.000582519106371577
65.47,0.000580904749049111
65.48,0.000579294663886359
65.49,0.000577688842249708
65.5,0.000576087275576036
65.51,0.000574489955390088
65.52,0.000572896873299087
65.53,0.000571308021004014
65.54,0.000569723390302795
65.55,0.00056814297304844
65.5599999999999,0.000566566761191069
65.57,0.00056499474676583
65.58,0.000563426921901707
65.59,0.000561863278835892
65.6,0.000560303809856376
65.61,0.000558748507353993
65.62,0.000557197363808234
65.63,0.000555650371792521
65.64,0.000554107523996411
65.65,0.000552568813163461
65.66,0.000551034232143959
65.67,0.000549503773881282
65.6799999999999,0.00054797743141517
65.69,0.00054645519792019
65.7,0.000544937066615417
65.71,0.000543423030837261
65.72,0.000541913084021112
65.73,0.000540407219702213
65.74,0.000538905431558544
65.75,0.000537407713328122
65.76,0.000535914058869619
65.77,0.000534424462149821
65.78,0.000532938917272609
65.79,0.000531457418437153
65.8,0.000529979959953024
65.8099999999999,0.000528506536251845
65.82,0.000527037141867569
65.83,0.000525571771450251
65.84,0.000524110419785703
65.85,0.000522653081772028
65.86,0.000521199752459471
65.87,0.000519750427082045
65.88,0.000518305100917323
65.89,0.000516863769414332
65.9,0.00051542642816729
65.91,0.00051399307296431
65.92,0.000512563699681836
65.9299999999999,0.000511138304370655
65.94,0.000509716883237621
65.95,0.000508299432599438
65.96,0.000506885948978495
65.97,0.000505476429046729
65.98,0.000504070869636447
65.99,0.000502669267783068
66,0.000501271620690907
66.01,0.000499877925730021
66.02,0.000498488180485197
66.03,0.000497102382761868
66.04,0.000495720530533904
66.05,0.000494342621997278
66.0599999999999,0.000492968655555204
66.07,0.00049159862983914
66.08,0.000490232543703145
66.09,0.000488870396222031
66.1,0.000487512186712521
66.11,0.000486157914729276
66.12,0.00048480758009973
66.13,0.000483461182916567
66.14,0.000482118723526067
66.15,0.00048078020258076
66.16,0.000479445621008653
66.17,0.000478114980042035
66.1799999999999,0.000476788281223211
66.19,0.00047546552641094
66.2,0.000474146717794498
66.21,0.000472831857901313
66.22,0.000471520949602231
66.23,0.000470213996157583
66.24,0.000468911001181558
66.25,0.000467611968681735
66.26,0.000466316903091382
66.27,0.000465025809237528
66.28,0.000463738692392761
66.29,0.000462455558281991
66.3,0.000461176413080397
66.3099999999999,0.000459901263458293
66.32,0.000458630116570476
66.33,0.00045736298008429
66.34,0.000456099862224899
66.35,0.000454840771739493
66.36,0.000453585717965979
66.37,0.000452334710849991
66.38,0.00045108776092537
66.39,0.00044984487939292
66.4,0.000448606078101203
66.41,0.000447371369577993
66.42,0.000446140767084895
66.4299999999999,0.00044491428459066
66.44,0.000443691936840434
66.45,0.000442473739386237
66.46,0.000441259708565053
66.47,0.000440049861604331
66.48,0.000438844216597967
66.49,0.000437642792537915
66.5,0.000436445609406134
66.51,0.000435252688123548
66.52,0.000434064050642305
66.53,0.000432879719985135
66.54,0.000431699720228735
66.55,0.000430524076610837
66.5599999999999,0.000429352815527456
66.57,0.00042818596456046
66.58,0.000427023552606417
66.59,0.000425865609798012
66.6,0.00042471216762965
66.61,0.000423563259013728
66.62,0.000422418918246322
66.63,0.000421279181140532
66.64,0.000420144085056089
66.65,0.000419013668890647
66.66,0.000417887973211802
66.67,0.000416767040256688
66.6799999999999,0.000415650913978078
66.69,0.000414539640199819
66.7,0.000413433266528353
66.71,0.000412331842488538
66.72,0.000411235419625576
66.73,0.000410144051450328
66.74,0.000409057793576464
66.75,0.000407976703782124
66.76,0.000406900842014587
66.77,0.000405830270503201
66.78,0.000404765053808962
66.79,0.000403705258854413
66.8,0.000402650955033994
66.8099999999999,0.000401602214243017
66.82,0.000400559110936252
66.83,0.000399521722231881
66.84,0.000398490127928124
66.85,0.000397464410581465
66.86,0.000396444655533817
66.87,0.000395430951030379
66.88,0.000394423388242831
66.89,0.000393422061330826
66.9,0.000392427067514488
66.91,0.00039143850711963
66.92,0.000390456483603905
66.9299999999999,0.000389481103684569
66.94,0.000388512477329772
66.95,0.000387550717785768
66.96,0.000386595941732109
66.97,0.000385648269231313
66.98,0.000384707823778185
66.99,0.000383774732441697
67,0.000382849125780642
67.01,0.000381931137939652
67.02,0.000381020906773805
67.03,0.000380118573771568
67.04,0.000379224284036679
67.05,0.000378338186570362
67.0599999999999,0.000377460434127712
67.07,0.000376591183089983
67.08,0.000375730593894398
67.09,0.000374878830808271
67.1,0.000374036061870229
67.11,0.000373202459118941
67.12,0.000372378198591835
67.13,0.000371563460227353
67.14,0.000370758427919747
67.15,0.000369963289686864
67.16,0.000369178237548163
67.17,0.0003684034675131
67.1799999999999,0.000367639179774959
67.19,0.000366885578612727
67.2,0.000366142872380077
67.21,0.000365411273640665
67.22,0.000364690999120178
67.23,0.000363982269741212
67.24,0.000363285310649177
67.25,0.000362600351235609
67.26,0.000361927625187682
67.27,0.000361267370528527
67.28,0.000360619829557324
67.29,0.000359985248966022
67.3,0.000359363879988507
67.3099999999999,0.000358755978138649
67.32,0.000358161803444558
67.33,0.000357581620685084
67.34,0.000357015699016203
67.35,0.000356464312222169
67.36,0.000355927738940426
67.37,0.000355406262651655
67.38,0.000354900171379805
67.39,0.000354409758137496
67.4,0.000353935321337922
67.41,0.000353477163910852
67.42,0.000353035594028783
67.4299999999999,0.000352610925511149
67.44,0.000352203477253386
67.45,0.000351813573421773
67.46,0.000351441543965169
67.47,0.000351087724831773
67.48,0.000350752457165191
67.49,0.000350436088154163
67.5,0.000350138971934263
67.51,0.000349861467880332
67.52,0.00034960394195723
67.53,0.000349366767188113
67.54,0.000349150323259904
67.55,0.000348954996285388
67.5599999999999,0.000348781179813992
67.57,0.000348629275507905
67.58,0.000348499691404764
67.59,0.000348392843545675
67.6,0.000348309156866475
67.61,0.000348249064064552
67.62,0.0003482130058659
67.63,0.000348201432094869
67.64,0.000348214803144489
67.65,0.000348253586831384
67.66,0.000348318261125752
67.67,0.000348409314973638
67.6799999999999,0.000348527247437769
67.69,0.000348672567433886
67.7,0.00034884579525531
67.71,0.000349047464373485
67.72,0.000349278117930716
67.73,0.000349538311790829
67.74,0.000349828615497129
67.75,0.000350149611852262
67.76,0.000350501895864392
67.77,0.000350886076941569
67.78,0.000351302781595812
67.79,0.000351752648443721
67.8,0.000352236332402229
67.8099999999999,0.000352754505887238
67.82,0.000353307858449865
67.83,0.00035389709438958
67.84,0.00035452293651383
67.85,0.000355186127004733
67.86,0.000355887432071544
67.87,0.000356627630262166
67.88,0.000357407522926985
67.89,0.000358227932131131
67.9,0.00035908971083174
67.91,0.000359993724412101
67.92,0.000360940864584057
67.9299999999999,0.000361932047169285
67.94,0.000362968218748777
67.95,0.000364050349035193
67.96,0.000365179431990062
67.97,0.000366356490706903
67.98,0.000367582580270532
67.99,0.000368858788788836
68,0.000370186227589077
68.01,0.000371566042530706
68.02,0.000372999413363598
68.03,0.000374487563826751
68.04,0.00037603173971446
68.05,0.000377633227629601
68.0599999999999,0.000379293351327922
68.07,0.00038101348454439
68.08,0.000382795030265463
68.09,0.000384639434642296
68.1,0.000386548187160862
68.11,0.00038852282949915
68.12,0.000390564947510055
68.13,0.000392676168053197
68.14,0.000394858169667097
68.15,0.000397112685106657
68.16,0.000399441506484993
68.17,0.000401846466792325
68.1799999999999,0.000404329459051874
68.19,0.000406892433831393
68.2,0.000409537415262991
68.21,0.000412266470247692
68.22,0.000415081734336109
68.23,0.000417985407096449
68.24,0.000420979766815225
68.25,0.000424067150295647
68.26,0.000427249964196497
68.27,0.000430530689117991
68.28,0.000433911887336749
68.29,0.000437396199069317
68.3,0.000440986334686585
68.3099999999999,0.000444685089326467
68.32,0.000448495344638515
68.33,0.000452420079071004
68.34,0.000456462342752616
68.35,0.000460625282169242
68.36,0.000464912136199223
68.37,0.000469326238585356
68.38,0.000473871019299438
68.39,0.000478550007190649
68.4,0.000483366831960016
68.41,0.000488325229956584
68.42,0.000493429041109376
68.4299999999999,0.0004986822118131
68.44,0.00050408879919836
68.45,0.000509652969831763
68.46,0.000515379001987569
68.47,0.000521271294434078
68.48,0.000527334361792171
68.49,0.000533572834791598
68.5,0.00053999144094296
68.51,0.000546595060177324
68.52,0.000553388684670955
68.53,0.000560377431598329
68.54,0.00056756649414471
68.55,0.000574961236543078
68.5599999999999,0.000582567140040509
68.57,0.00059038980840193
68.58,0.000598434925583748
68.59,0.000606708306108344
68.6,0.000615215921605287
68.61,0.000623963848213321
68.62,0.000632958250567423
68.63,0.000642205347593171
68.64,0.000651711574317743
68.65,0.000661483437608966
68.66,0.000671527546220876
68.67,0.000681850444155423
68.6799999999999,0.000692458968709928
68.69,0.000703359978951551
68.7,0.000714560421687151
68.71,0.000726067144940407
68.72,0.000737887190254407
68.73,0.000750027675458021
68.74,0.000762495740423305
68.75,0.000775298468145774
68.76,0.000788442900280274
68.77,0.000801936215165452
68.78,0.000815785528548114
68.79,0.00082999781588954
68.8,0.000844580116464083
68.8099999999999,0.00085953938407044
68.82,0.000874882460349855
68.83,0.000890616035983905
68.84,0.000906746778091626
68.85,0.000923281194770546
68.86,0.000940225475054665
68.87,0.000957585742798008
68.88,0.000975367921246449
68.89,0.000993577646011724
68.9,0.00101222015168458
68.91,0.00103130056169975
68.92,0.0010508236229855
68.9299999999999,0.00107079365756766
68.94,0.00109121464359092
68.95,0.00111209018561954
68.96,0.00113342343454429
68.97,0.00115521703603254
68.98,0.00117747320130267
68.99,0.00120019360950252
69,0.00122337936949203
69.01,0.00124703101519227
69.02,0.0012711485005359
69.03,0.00129573113891916
69.04,0.00132077757694939
69.05,0.00134628578339323
69.0599999999999,0.00137225300959152
69.07,0.00139867582464836
69.08,0.00142555008017714
69.09,0.00145287076774394
69.1,0.00148063210959706
69.11,0.00150882780920714
69.12,0.00153745049114843
69.13,0.00156649201640085
69.14,0.0015959435265211
69.15,0.00162579551737761
69.16,0.00165603737939879
69.17,0.00168665776313868
69.1799999999999,0.00171764480428274
69.19,0.00174898561324269
69.2,0.00178066647440603
69.21,0.00181267299598086
69.22,0.0018449903340979
69.23,0.00187760248626515
69.24,0.00191049284538053
69.25,0.00194364439897362
69.26,0.0019770394561401
69.27,0.00201065958883678
69.28,0.0020444859691389
69.29,0.00207849921788799
69.3,0.00211267943825262
69.3099999999999,0.00214700632517173
69.32,0.00218145914273929
69.33,0.00221601676504888
69.34,0.00225065790764786
69.35,0.00228536091221548
69.36,0.00232010388140785
69.37,0.00235486494071383
69.38,0.00238962198622717
69.39,0.00242435287107189
69.4,0.00245903560330105
69.41,0.00249364815634501
69.42,0.00252816865595041
69.4299999999999,0.0025625751843321
69.44,0.00259684619799189
69.45,0.00263096033063976
69.46,0.00266489633180009
69.47,0.00269863337926199
69.48,0.00273215095084213
69.49,0.00276542901776541
69.5,0.00279844789351882
69.51,0.00283118839633317
69.52,0.00286363176314817
69.53,0.00289575987254924
69.54,0.00292755513067055
69.55,0.00295900031840054
69.5599999999999,0.00299007904066594
69.57,0.00302077543678074
69.58,0.00305107410612312
69.59,0.00308096047248646
69.6,0.00311042054048279
69.61,0.00313944087757182
69.62,0.00316800883555347
69.63,0.00319611238890335
69.64,0.00322374010861405
69.65,0.00325088135408047
69.66,0.00327752610446615
69.67,0.00330366492278577
69.6799999999999,0.00332928916974616
69.69,0.00335439079411367
69.7,0.00337896231660183
69.71,0.00340299702285167
69.72,0.00342648876399415
69.73,0.00344943195159178
69.74,0.00347182169495637
69.75,0.00349365364789911
69.76,0.00351492400396819
69.77,0.0035356295844997
69.78,0.00355576772405217
69.79,0.00357533626136207
69.8,0.0035943335999777
69.8099999999999,0.00361275861499834
69.82,0.00363061064200546
69.83,0.00364788951848985
69.84,0.00366459550916514
69.85,0.00368072929531355
69.86,0.00369629199275354
69.87,0.00371128510207273
69.88,0.00372571049719528
69.89,0.00373957042008478
69.9,0.00375286745567859
69.91,0.00376560451783729
69.92,0.00377778482849842
69.9299999999999,0.00378941190871398
69.94,0.00380048956818852
69.95,0.00381102186802878
69.96,0.00382101312435689
69.97,0.00383046790675376
69.98,0.00383939098290221
69.99,0.00384778733315624
70,0.00385566216087736
70.01,0.00386302081822594
70.02,0.00386986883164825
70.03,0.00387621191797568
70.04,0.00388205590578704
70.05,0.00388740676130746
70.0599999999999,0.00389227060192812
70.07,0.00389665363880012
70.08,0.00390056217893985
70.09,0.00390400264632076
70.1,0.00390698154365385
70.11,0.00390950543278487
70.12,0.00391158096166803
70.13,0.00391321484320822
70.14,0.00391441381833928
70.15,0.0039151846866374
70.16,0.00391553429903006
70.17,0.00391546950907595
70.1799999999999,0.00391499720489044
70.19,0.0039141243122033
70.2,0.00391285773905908
70.21,0.00391120440727195
70.22,0.00390917126305498
70.23,0.00390676521854552
70.24,0.00390399318202182
70.25,0.00390086207374745
70.26,0.00389737876694483
70.27,0.00389355011767448
70.28,0.00388938297643645
70.29,0.00388488414462114
70.3,0.00388006038962866
70.3099999999999,0.0038749184557708
70.32,0.00386946504453605
70.33,0.00386370680402219
70.34,0.00385765034646294
70.35,0.00385130224426398
70.36,0.00384466900286157
70.37,0.00383775708137145
70.38,0.00383057289829262
70.39,0.00382312279707477
70.4,0.00381541306647563
70.41,0.00380744995110431
70.42,0.00379923961621548
70.4299999999999,0.00379078816741343
70.44,0.00378210165528576
70.45,0.00377318605853773
70.46,0.00376404728560871
70.47,0.00375469118346536
70.48,0.00374512353191993
70.49,0.00373535003341556
70.5,0.00372537632505966
70.51,0.00371520797974594
70.52,0.00370485048610762
70.53,0.00369430926306359
70.54,0.00368358966614286
70.55,0.00367269697450816
70.5599999999999,0.00366163638654075
70.57,0.00365041302857101
70.58,0.00363903197044824
70.59,0.00362749818841392
70.6,0.00361581658975923
70.61,0.00360399200988105
70.62,0.00359202921811842
70.63,0.00357993289775932
70.64,0.00356770766166178
70.65,0.00355535805398727
70.66,0.00354288854474865
70.67,0.00353030352601094
70.6799999999999,0.00351760731816833
70.69,0.00350480417722677
70.7,0.0034918982781798
70.71,0.00347889372576258
70.72,0.00346579455447538
70.73,0.00345260473308057
70.74,0.00343932815219994
70.75,0.00342596863448822
70.76,0.0034125299368698
70.77,0.00339901574688174
70.78,0.00338542967935889
70.79,0.00337177528262761
70.8,0.00335805604046075
70.8099999999999,0.00334427537282963
70.82,0.00333043662670175
70.83,0.00331654308595779
70.84,0.00330259797099293
70.85,0.00328860444316449
70.86,0.00327456559275233
70.87,0.00326048444993566
70.88,0.00324636398310508
70.89,0.00323220710432472
70.9,0.00321801665890479
70.91,0.00320379543440988
70.92,0.00318954615917703
70.9299999999999,0.00317527150632702
70.94,0.00316097408794712
70.95,0.0031466564601826
70.96,0.00313232112305355
70.97,0.00311797052300768
70.98,0.00310360705051711
70.99,0.0030892330420141
71,0.00307485078107948
71.01,0.00306046249999544
71.02,0.00304607037923255
71.03,0.00303167654776046
71.04,0.00301728308488883
71.05,0.00300289202095301
71.0599999999999,0.0029885053379675
71.07,0.00297412496972709
71.08,0.00295975280325659
71.09,0.00294539067923602
71.1,0.00293104039262874
71.11,0.00291670369405871
71.12,0.00290238228999352
71.13,0.00288807784365455
71.14,0.00287379197473206
71.15,0.00285952626140172
71.16,0.00284528224139095
71.17,0.00283106141165596
71.1799999999999,0.00281686522950365
71.19,0.00280269511092745
71.2,0.00278855243618645
71.21,0.00277443854721647
71.22,0.00276035474895492
71.23,0.00274630230952858
71.24,0.0027322824593945
71.25,0.00271829639722812
71.26,0.00270434528623429
71.27,0.00269043025604282
71.28,0.00267655240140992
71.29,0.00266271278466337
71.3,0.00264891243847788
71.3099999999999,0.00263515236339117
71.32,0.0026214335294983
71.33,0.00260775687318791
71.34,0.00259412330513375
71.35,0.00258053370680135
71.36,0.00256698893110152
71.37,0.00255348980283513
71.38,0.00254003711608998
71.39,0.00252663164346784
71.4,0.00251327412975205
71.41,0.00249996529436083
71.42,0.00248670582946156
71.4299999999999,0.00247349640207144
71.44,0.00246033765932548
71.45,0.00244723022321617
71.46,0.00243417469301713
71.47,0.00242117164491628
71.48,0.00240822162650006
71.49,0.00239532517387244
71.5,0.00238248279852017
71.51,0.00236969499158487
71.52,0.00235696222439781
71.53,0.00234428494128619
71.54,0.00233166357458269
71.55,0.00231909853781371
71.5599999999999,0.00230659022504933
71.57,0.00229413901263523
71.58,0.00228174525588253
71.59,0.00226940929190623
71.6,0.00225713144713693
71.61,0.00224491202894126
71.62,0.00223275132887763
71.63,0.00222064962223245
71.64,0.00220860716268814
71.65,0.00219662419855375
71.66,0.00218470096012534
71.67,0.00217283766367008
71.6799999999999,0.00216103451183957
71.69,0.00214929168781847
71.7,0.00213760936750168
71.71,0.00212598771388392
71.72,0.00211442687656626
71.73,0.00210292699312599
71.74,0.00209148818624877
71.75,0.00208011056615628
71.76,0.00206879423687759
71.77,0.0020575392891318
71.78,0.00204634580304626
71.79,0.00203521384751201
71.8,0.00202414347473873
71.8099999999999,0.00201313473721672
71.82,0.00200218767393133
71.83,0.00199130231461234
71.84,0.00198047868004924
71.85,0.00196971677972831
71.86,0.00195901661012053
71.87,0.00194837816881637
71.88,0.00193780144130702
71.89,0.00192728640526515
71.9,0.00191683303082791
71.91,0.00190644127646029
71.92,0.00189611109273383
71.9299999999999,0.00188584242975422
71.94,0.00187563522753779
71.95,0.00186548941951168
71.96,0.0018554049327634
71.97,0.00184538168292748
71.98,0.00183541958270329
71.99,0.00182551854155
72,0.0018156784612429
72.01,0.00180589923806385
72.02,0.00179618076302295
72.03,0.00178652291743316
72.04,0.00177692558159484
72.05,0.00176738863068369
72.0599999999999,0.00175791193442953
72.07,0.00174849535794561
72.08,0.00173913875939437
72.09,0.00172984199546226
72.1,0.00172060491767832
72.11,0.00171142737346663
72.12,0.00170230920620277
72.13,0.00169325025395185
72.14,0.0016842503531846
72.15,0.00167530933611825
72.16,0.00166642703162454
72.17,0.00165760326484258
72.1799999999999,0.00164883785622218
72.19,0.00164013062570443
72.2,0.00163148138936631
72.21,0.00162288996053206
72.22,0.00161435614891361
72.23,0.00160587976072102
72.24,0.00159746060186389
72.25,0.00158909847493158
72.26,0.00158079318024526
72.27,0.00157254451490956
72.28,0.00156435227393243
72.29,0.00155621625140808
72.3,0.00154813623894356
72.3099999999999,0.00154011202632492
72.32,0.0015321434005591
72.33,0.00152423014757956
72.34,0.00151637205211167
72.35,0.00150856889708325
72.36,0.00150082046402112
72.37,0.0014931265318244
72.38,0.00148548687934019
72.39,0.0014779012840919
72.4,0.00147036952232647
72.41,0.00146289136926045
72.42,0.00145546659735616
72.4299999999999,0.00144809498035079
72.44,0.0014407762903391
72.45,0.00143351029862293
72.46,0.00142629677579759
72.47,0.0014191354901062
72.48,0.00141202621101164
72.49,0.00140496870698397
72.5,0.00139796274586323
72.51,0.00139100809505182
72.52,0.00138410452024305
72.53,0.00137725178796147
72.54,0.00137044966438752
72.55,0.00136369791523243
72.5599999999999,0.00135699630600349
72.57,0.00135034460112758
72.58,0.00134374256552743
72.59,0.00133718996427667
72.6,0.00133068656216582
72.61,0.00132423212399318
72.62,0.0013178264139121
72.63,0.00131146919642314
72.64,0.00130516023656821
72.65,0.00129889929926703
72.66,0.00129268614963343
72.67,0.00128652055245696
72.6799999999999,0.00128040227278653
72.69,0.00127433107656178
72.7,0.00126830672972248
72.71,0.00126232899856016
72.72,0.00125639764935189
72.73,0.00125051244857293
72.74,0.00124467316382878
72.75,0.00123887956285837
72.76,0.00123313141388844
72.77,0.00122742848531275
72.78,0.00122177054568145
72.79,0.0012161573650673
72.8,0.00121058871370171
72.8099999999999,0.00120506436243107
72.82,0.00119958408274873
72.83,0.00119414764614261
72.84,0.0011887548247799
72.85,0.0011834053923948
72.86,0.00117809912298303
72.87,0.00117283579127991
72.88,0.00116761517278773
72.89,0.00116243704285843
72.9,0.00115730117819462
72.91,0.00115220735674309
72.92,0.00114715535692155
72.9299999999999,0.00114214495798139
72.94,0.00113717594003007
72.95,0.00113224808304778
72.96,0.00112736116886993
72.97,0.00112251498016908
72.98,0.00111770930033989
72.99,0.00111294391368673
73,0.00110821860544214
73.01,0.00110353316083536
73.02,0.00109888736721902
73.03,0.0010942810125128
73.04,0.00108971388556387
73.05,0.00108518577619454
73.0599999999999,0.00108069647515088
73.07,0.00107624577343545
73.08,0.00107183346411411
73.09,0.00106745934084518
73.1,0.00106312319830119
73.11,0.00105882483218159
73.12,0.00105456403906228
73.13,0.00105034061608165
73.14,0.00104615436226101
73.15,0.00104200507732196
73.16,0.00103789256204008
73.17,0.00103381661825494
73.1799999999999,0.00102977704839071
73.19,0.00102577365573439
73.2,0.00102180624581278
73.21,0.00101787462464792
73.22,0.00101397859935503
73.23,0.00101011797815153
73.24,0.00100629257036584
73.25,0.00100250218644643
73.26,0.000998746637970779
73.27,0.000995025735079192
73.28,0.000991339292546792
73.29,0.000987687125299036
73.3,0.000984069049138233
73.3099999999999,0.000980484880995935
73.32,0.000976934438939624
73.33,0.000973417542179516
73.34,0.000969934011075146
73.35,0.000966483665954804
73.36,0.000963066327743389
73.37,0.000959681821359234
73.38,0.000956329971401427
73.39,0.000953010603600655
73.4,0.000949723544823274
73.41,0.000946468623075373
73.42,0.000943245667506838
73.4299999999999,0.000940054508415427
73.44,0.000936894974878525
73.45,0.000933766900331231
73.46,0.000930670118459871
73.47,0.000927604463842371
73.48,0.000924569772183755
73.49,0.000921565880318024
73.5,0.000918592626210238
73.51,0.000915649848958483
73.52,0.000912737388224564
73.53,0.000909855084520359
73.54,0.000907002780877453
73.55,0.000904180320739795
73.5599999999999,0.000901387548669432
73.57,0.000898624310347212
73.58,0.00089589045257355
73.59,0.000893185823269054
73.6,0.000890510271475283
73.61,0.000887863646281821
73.62,0.000885245799344357
73.63,0.000882656583038358
73.64,0.000880095850736433
73.65,0.000877563456916998
73.66,0.000875059257164051
73.67,0.000872583108166941
73.6799999999999,0.000870134867720142
73.69,0.000867714394325895
73.7,0.000865321547381466
73.71,0.00086295618836367
73.72,0.000860618179340648
73.73,0.000858307383467097
73.74,0.000856023664983065
73.75,0.00085376688921287
73.76,0.000851536922563963
73.77,0.000849333632525792
73.78,0.000847156886488283
73.79,0.000845006554606532
73.8,0.000842882507627633
73.8099999999999,0.000840784617236438
73.82,0.000838712756182045
73.83,0.000836666798276195
73.84,0.000834646618391555
73.85,0.000832652092460101
73.86,0.000830683097471508
73.87,0.000828739511471426
73.88,0.000826821212520473
73.89,0.000824928080818497
73.9,0.000823059997821376
73.91,0.00082121684564357
73.92,0.000819398507433321
73.9299999999999,0.000817604867370398
73.94,0.000815835810663834
73.95,0.000814091223549709
73.96,0.000812370993288834
73.97,0.000810675008164529
73.98,0.000809003156905552
73.99,0.000807355329473495
74,0.000805731417573696
74.01,0.000804131313449065
74.02,0.000802554910342755
74.03,0.000801002102495424
74.04,0.000799472785142503
74.05,0.000797966854511457
74.0599999999999,0.000796484207819052
74.07,0.000795024743268613
74.08,0.000793588359892065
74.09,0.000792174957528813
74.1,0.000790784437561849
74.11,0.00078941670206553
74.12,0.000788071654082143
74.13,0.000786749197618989
74.14,0.000785449237645421
74.15,0.000784171680089891
74.16,0.000782916431836994
74.17,0.000781683400724523
74.1799999999999,0.000780472495533609
74.19,0.000779283625942094
74.2,0.00077811670266548
74.21,0.00077697163731919
74.22,0.000775848342456496
74.23,0.000774746731565556
74.24,0.000773666719066398
74.25,0.000772608220307966
74.26,0.000771571151565139
74.27,0.000770555430035747
74.28,0.000769560973837595
74.29,0.000768587702043496
74.3,0.000767635534583347
74.3099999999999,0.000766704392317993
74.32,0.000765794197019041
74.33,0.000764904871363564
74.34,0.000764036338931103
74.35,0.000763188524200726
74.36,0.000762361352548074
74.37,0.000761554750242372
74.38,0.000760768644443485
74.39,0.000760002963296468
74.4,0.000759257635718237
74.41,0.000758532591505602
74.42,0.000757827761363482
74.4299999999999,0.000757143076873833
74.44,0.000756478470492742
74.45,0.000755833875547526
74.46,0.000755209226233803
74.47,0.00075460445761259
74.48,0.000754019505607408
74.49,0.000753454307227671
74.5,0.00075290880019725
74.51,0.000752382922885015
74.52,0.000751876614668058
74.53,0.000751389815774503
74.54,0.000750922467280716
74.55,0.00075047451110853
74.5599999999999,0.000750045890022451
74.57,0.000749636547626876
74.58,0.000749246428363318
74.59,0.000748875477507606
74.6,0.000748523641504452
74.61,0.000748190867473282
74.62,0.000747877102954281
74.63,0.000747582296585496
74.64,0.000747306397830368
74.65,0.000747049356975152
74.66,0.000746811125126333
74.67,0.00074659165420805
74.6799999999999,0.000746390896959508
74.69,0.0007462088069324
74.7,0.000746045338488329
74.71,0.000745900447192111
74.72,0.000745774089312019
74.73,0.000745666221313937
74.74,0.000745576800840696
74.75,0.000745505786338524
74.76,0.000745453137054721
74.77,0.000745418813035338
74.78,0.000745402775122858
74.79,0.000745404984953874
74.8,0.000745425404956767
74.8099999999999,0.000745463998349387
74.82,0.000745520729561033
74.83,0.000745595563798234
74.84,0.000745688466238237
74.85,0.000745799403312803
74.86,0.000745928342239082
74.87,0.000746075251017611
74.88,0.000746240098430294
74.89,0.000746422854038388
74.9,0.000746623488180491
74.91,0.000746841971970529
74.92,0.000747078277295741
74.9299999999999,0.000747332377205204
74.94,0.000747604245622182
74.95,0.000747893856308439
74.96,0.000748201184305016
74.97,0.000748526205423888
74.98,0.000748868896246251
74.99,0.00074922923412084
75,0.00074960719716222
75.01,0.000750002764249084
75.02,0.000750415915022562
75.03,0.000750846629884512
75.04,0.00075129489035197
75.05,0.00075176067892019
75.0599999999999,0.000752243977789885
75.07,0.000752744770471102
75.08,0.000753263041233966
75.09,0.000753798775107317
75.1,0.000754351957877324
75.11,0.000754922576086095
75.12,0.000755510617030322
75.13,0.000756116068759886
75.14,0.000756738920076483
75.15,0.000757379160882376
75.16,0.000758036782200739
75.17,0.000758711774518968
75.1799999999999,0.000759404129723819
75.19,0.000760113840455738
75.2,0.000760840900107819
75.21,0.000761585302824819
75.22,0.000762347043502116
75.23,0.000763126117784686
75.24,0.000763922522066103
75.25,0.000764736253487507
75.26,0.000765567310509381
75.27,0.000766415693136479
75.28,0.000767281399491753
75.29,0.000768164429790811
75.3,0.000769064784998649
75.3099999999999,0.000769982466828858
75.32,0.00077091747774282
75.33,0.000771869820948894
75.34,0.000772839500401641
75.35,0.000773826520801011
75.36,0.000774830887591523
75.37,0.000775852606961502
75.38,0.00077689168584225
75.39,0.000777948131907255
75.4,0.000779021953571389
75.41,0.000780113162456936
75.42,0.000781221768894538
75.4299999999999,0.000782347782035757
75.44,0.000783491213443966
75.45,0.000784652075433729
75.46,0.000785830381070476
75.47,0.000787026144170113
75.48,0.000788239379298635
75.49,0.000789470101771798
75.5,0.000790718327654724
75.51,0.000791984073761538
75.52,0.000793267357655004
75.53,0.00079456819764615
75.54,0.000795886612793907
75.55,0.000797222622904737
75.5599999999999,0.000798576253713443
75.57,0.000799947523807861
75.58,0.000801336454721864
75.59,0.000802743069507019
75.6,0.000804167391979102
75.61,0.000805609446718282
75.62,0.000807069259069371
75.63,0.000808546855142
75.64,0.000810042261810834
75.65,0.000811555506715775
75.66,0.000813086618262168
75.67,0.00081463562562101
75.6799999999999,0.000816202558729152
75.69,0.000817787448289514
75.7,0.000819390326619655
75.71,0.000821011230867564
75.72,0.00082265019011281
75.73,0.000824307238377976
75.74,0.00082598241047143
75.75,0.000827675741988079
75.76,0.000829387269310178
75.77,0.000831117029608128
75.78,0.00083286506084127
75.79,0.000834631401758686
75.8,0.000836416091899989
75.8099999999999,0.000838219171596131
75.82,0.0008400406819702
75.83,0.00084188066493818
75.84,0.000843739163209812
75.85,0.000845616222818245
75.86,0.00084751188990384
75.87,0.000849426207042753
75.88,0.000851359220378221
75.89,0.000853310976869438
75.9,0.000855281524292918
75.91,0.000857270911243868
75.92,0.000859279187137554
75.9299999999999,0.000861306402210677
75.94,0.000863352607522748
75.95,0.000865417854957414
75.96,0.000867502197223899
75.97,0.000869605687858336
75.98,0.000871728381225102
75.99,0.000873870332518259
76,0.000876031602329252
76.01,0.000878212246123297
76.02,0.000880412320423284
76.03,0.000882631884022677
76.04,0.000884870996570655
76.05,0.000887129718574076
76.0599999999999,0.00088940811139945
76.07,0.000891706237274914
76.08,0.000894024159292148
76.09,0.000896361941408425
76.1,0.000898719648448533
76.11,0.000901097346106709
76.12,0.00090349510094868
76.13,0.000905912980413582
76.14,0.000908351053002928
76.15,0.000910809394638034
76.16,0.000913288070479709
76.17,0.000915787151759027
76.1799999999999,0.000918306710610936
76.19,0.000920846820076902
76.2,0.000923407554107469
76.21,0.000925988987564973
76.22,0.000928591196226121
76.23,0.000931214256784566
76.24,0.000933858246853627
76.25,0.000936523244968843
76.26,0.000939209330590619
76.27,0.000941916584106845
76.28,0.000944645086835522
76.29,0.00094739492328441
76.3,0.000950166180446833
76.3099999999999,0.000952958938647053
76.32,0.000955773283258712
76.33,0.000958609300621223
76.34,0.000961467078043207
76.35,0.000964346703805777
76.36,0.000967248267165823
76.37,0.000970171858359449
76.38,0.000973117568605239
76.39,0.00097608549010761
76.4,0.000979075716060147
76.41,0.00098208834064894
76.42,0.000985123459055915
76.4299999999999,0.000988181167462173
76.44,0.000991261567828751
76.45,0.000994364758337308
76.46,0.000997490835925217
76.47,0.00100063990114002
76.48,0.00100381205556936
76.49,0.0010070074018452
76.5,0.00101022604364783
76.51,0.00101346808571
76.52,0.00101673363382098
76.53,0.00102002279483068
76.54,0.00102333567665374
76.55,0.00102667238827364
76.5599999999999,0.00103003303974675
76.57,0.00103341774220649
76.58,0.00103682660786731
76.59,0.00104025975783612
76.6,0.00104371730179334
76.61,0.00104719935489407
76.62,0.0010507060340836
76.63,0.0010542374574349
76.64,0.00105779374415352
76.65,0.0010613750145825
76.66,0.00106498139020726
76.67,0.00106861299366053
76.6799999999999,0.00107226994872722
76.69,0.00107595238034936
76.7,0.0010796604146309
76.71,0.00108339417884279
76.72,0.00108715380142775
76.73,0.00109093941306333
76.74,0.00109475114882151
76.75,0.00109858913762312
76.76,0.00110245351304416
76.77,0.00110634440989403
76.78,0.00111026196422195
76.79,0.00111420631332328
76.8,0.00111817759574597
76.8099999999999,0.0011221759512969
76.82,0.00112620152104832
76.83,0.00113025444734413
76.84,0.0011343348738064
76.85,0.00113844294730967
76.86,0.0011425788133501
76.87,0.00114674261920322
76.88,0.00115093451384318
76.89,0.00115515464757007
76.9,0.00115940317201696
76.91,0.0011636802401569
76.92,0.00116798600630993
76.9299999999999,0.00117232062615009
76.94,0.00117668425671243
76.95,0.00118107705639998
76.96,0.00118549918578348
76.97,0.00118995080682785
76.98,0.00119443208130357
76.99,0.00119894317329727
77,0.00120348424831163
77.01,0.001208055473273
77.02,0.00121265701653889
77.03,0.00121728904790553
77.04,0.00122195173861534
77.05,0.00122664526136451
77.0599999999999,0.00123136979031052
77.07,0.00123612550113122
77.08,0.00124091257303324
77.09,0.00124573118346696
77.1,0.00125058151273831
77.11,0.00125546374267889
77.12,0.00126037805665503
77.13,0.00126532463957654
77.14,0.00127030367790558
77.15,0.00127531535966559
77.16,0.00128035987451226
77.17,0.0012854374148984
77.1799999999999,0.00129054817288729
77.19,0.00129569234298007
77.2,0.0013008701213003
77.21,0.00130608170560389
77.22,0.0013113272952887
77.23,0.00131660709140418
77.24,0.00132192129666126
77.25,0.00132727011550761
77.26,0.00133265375488623
77.27,0.00133807242206692
77.28,0.00134352632660621
77.29,0.00134901567978266
77.3,0.00135454069460721
77.3099999999999,0.00136010158583348
77.32,0.00136569856996813
77.33,0.00137133186528108
77.34,0.00137700169187843
77.35,0.00138270827224355
77.36,0.00138845182973373
77.37,0.00139423258990309
77.38,0.00140005078013943
77.39,0.00140590662967575
77.4,0.00141180036960175
77.41,0.00141773223291785
77.42,0.00142370245482998
77.4299999999999,0.00142971127191822
77.44,0.00143575892288755
77.45,0.00144184564836782
77.46,0.00144797169092608
77.47,0.00145413729507867
77.48,0.00146034270741634
77.49,0.00146658817716783
77.5,0.00147287395424668
77.51,0.00147920029096417
77.52,0.00148556744155692
77.53,0.00149197566218688
77.54,0.00149842521094137
77.55,0.00150491635322505
77.5599999999999,0.00151144934881493
77.57,0.00151802446226617
77.58,0.00152464196020067
77.59,0.00153130211123679
77.6,0.0015380051859893
77.61,0.00154475146203978
77.62,0.00155154121337354
77.63,0.00155837471663511
77.64,0.00156525225137556
77.65,0.00157217409922454
77.66,0.0015791405438903
77.67,0.00158615187557293
77.6799999999999,0.00159320838340462
77.69,0.00160031035657913
77.7,0.00160745808820864
77.71,0.00161465187357962
77.72,0.00162189201015272
77.73,0.00162917880084773
77.74,0.00163651255067186
77.75,0.00164389356208166
77.76,0.0016513221423528
77.77,0.0016587986010347
77.78,0.00166632324995046
77.79,0.00167389640529536
77.8,0.00168151838837402
77.8099999999999,0.00168918951562159
77.82,0.00169691010906757
77.83,0.00170468049311546
77.84,0.00171250099454297
77.85,0.00172037194351999
77.86,0.00172829367824267
77.87,0.00173626652972144
77.88,0.00174429083536042
77.89,0.00175236693504143
77.9,0.00176049517112397
77.91,0.00176867588844529
77.92,0.00177690944418791
77.9299999999999,0.00178519618348476
77.94,0.00179353645970667
77.95,0.0018019306288336
77.96,0.00181037904942013
77.97,0.0018188820825953
77.98,0.00182744009380596
77.99,0.00183605345944498
78,0.00184472254330622
78.01,0.00185344771827683
78.02,0.00186222935994107
78.03,0.00187106784658029
78.04,0.00187996355917297
78.05,0.00188891688550646
78.0599999999999,0.00189792822006484
78.07,0.00190699794752848
78.08,0.00191612646131134
78.09,0.00192531415766095
78.1,0.00193456143565826
78.11,0.00194386869721751
78.12,0.00195323635375803
78.13,0.0019626648176349
78.14,0.00197215449617016
78.15,0.00198170580433234
78.16,0.00199131916006379
78.17,0.0020009949842806
78.1799999999999,0.00201073370087263
78.19,0.00202053574621781
78.2,0.00203040155099957
78.21,0.00204033154649559
78.22,0.00205032617027281
78.23,0.00206038586301509
78.24,0.00207051106852356
78.25,0.00208070223371634
78.26,0.00209095982151558
78.27,0.00210128428137062
78.28,0.00211167606982598
78.29,0.0021221356481405
78.3,0.00213266348083862
78.3099999999999,0.00214326003571034
78.32,0.00215392578441469
78.33,0.00216466121630862
78.34,0.00217546680171068
78.35,0.00218634302329822
78.36,0.0021972903671688
78.37,0.00220830932284061
78.38,0.00221940038325218
78.39,0.00223056404779669
78.4,0.00224180082843633
78.41,0.00225311122216214
78.42,0.00226449573751653
78.4299999999999,0.00227595488662305
78.44,0.00228748918518642
78.45,0.00229909915249231
78.46,0.00231078531723873
78.47,0.00232254821448925
78.48,0.00233438836943399
78.49,0.00234630631769085
78.5,0.00235830259862425
78.51,0.00237037775534514
78.52,0.00238253233471102
78.53,0.00239476689630537
78.54,0.00240708199884728
78.55,0.00241947819726254
78.5599999999999,0.00243195605547822
78.57,0.00244451614133725
78.58,0.00245715902659811
78.59,0.00246988528693524
78.6,0.0024826955144592
78.61,0.00249559029213835
78.62,0.00250857020617576
78.63,0.00252163585006897
78.64,0.00253478782140429
78.65,0.00254802672185678
78.66,0.00256135315719027
78.67,0.00257476775481886
78.6799999999999,0.00258827112166592
78.69,0.00260186387665515
78.7,0.00261554664406325
78.71,0.00262932005241944
78.72,0.00264318473450525
78.73,0.00265714132735424
78.74,0.00267119048737484
78.75,0.00268533285914854
78.76,0.00269956909064107
78.77,0.00271389983826906
78.78,0.00272832576288383
78.79,0.00274284752977136
78.8,0.0027574658086523
78.8099999999999,0.00277218128489044
78.82,0.00278699464250924
78.83,0.00280190656006256
78.84,0.00281691772739754
78.85,0.00283202883898198
78.86,0.00284724059390413
78.87,0.00286255369587317
78.88,0.0028779688583832
78.89,0.00289348680337097
78.9,0.00290910824459572
78.91,0.00292483390667934
78.92,0.00294066451908854
78.9299999999999,0.00295660081613491
78.94,0.002972643540507
78.95,0.00298879344145915
78.96,0.00300505126559558
78.97,0.00302141776813918
78.98,0.00303789370929836
78.99,0.00305447985426754
79,0.0030711769763557
79.01,0.00308798585469826
79.02,0.00310490726774078
79.03,0.00312194200187808
79.04,0.00313909084860607
79.05,0.00315635460452177
79.0599999999999,0.00317373407462497
79.07,0.00319123006927325
79.08,0.00320884339882488
79.09,0.00322657488151663
79.1,0.00324442534079936
79.11,0.00326239560533774
79.12,0.00328048651222402
79.13,0.00329869890347334
79.14,0.00331703362211424
79.15,0.0033354915187916
79.16,0.00335407344946693
79.17,0.00337278027541833
79.1799999999999,0.00339161286590985
79.19,0.00341057209488147
79.2,0.00342965883866256
79.21,0.00344887398067338
79.22,0.00346821840973046
79.23,0.0034876930200463
79.24,0.00350729871218148
79.25,0.00352703639207378
79.26,0.0035469069702108
79.27,0.00356691136306468
79.28,0.00358705049262321
79.29,0.0036073252863986
79.3,0.00362773667743636
79.3099999999999,0.00364828560217647
79.32,0.00366897300415536
79.33,0.00368979983328338
79.34,0.00371076704415073
79.35,0.0037318755968287
79.36,0.00375312645687216
79.37,0.00377452059532334
79.38,0.00379605898443816
79.39,0.00381774260616214
79.4,0.00383957244798894
79.41,0.0038615495017822
79.42,0.00388367476474407
79.4299999999999,0.00390594923940833
79.44,0.00392837393363359
79.45,0.00395094985418256
79.46,0.00397367802072116
79.47,0.00399655945647653
79.48,0.00401959518902367
79.49,0.00404278625101612
79.5,0.00406613368016583
79.51,0.00408963851922366
79.52,0.00411330180664725
79.53,0.00413712459841859
79.54,0.00416110795085964
79.55,0.00418525292473697
79.5599999999999,0.00420956058548754
79.57,0.00423403200318308
79.58,0.00425866825190058
79.59,0.00428347039932597
79.6,0.00430843953379059
79.61,0.00433357674138248
79.62,0.00435888311232283
79.63,0.00438435974090933
79.64,0.00441000772546018
79.65,0.00443582816626829
79.66,0.00446182215655366
79.67,0.004487990811487
79.6799999999999,0.00451433524212957
79.69,0.00454085656287132
79.7,0.00456755589134833
79.71,0.00459443434836188
79.72,0.00462149305353974
79.73,0.00464873311931667
79.74,0.00467615568119468
79.75,0.00470376186818282
79.76,0.00473155281151177
79.77,0.00475952964451871
79.78,0.00478769350253219
79.79,0.00481604551494517
79.8,0.00484458680519445
79.8099999999999,0.00487331851998521
79.82,0.00490224179669998
79.83,0.00493135777344264
79.84,0.00496066758888137
79.85,0.00499017238209008
79.86,0.00501987327943094
79.87,0.00504977140493578
79.88,0.00507986790392338
79.89,0.00511016390940748
79.9,0.00514066055313467
79.91,0.00517135896537205
79.92,0.00520226027469489
79.9299999999999,0.00523336558734227
79.94,0.00526467601419885
79.95,0.00529619268269103
79.96,0.00532791670470459
79.97,0.00535984918825257
79.98,0.00539199123719392
79.99,0.0054243439509539
80,0.00545690839315957
80.01,0.00548968564399495
80.02,0.00552267679129931
80.03,0.00555588290402176
80.04,0.00558930504385902
80.05,0.00562294426488871
80.0599999999999,0.00565680161320273
80.07,0.00569087807856762
80.08,0.00572517468815844
80.09,0.00575969246199052
80.1,0.00579443239741546
80.11,0.00582939548010931
80.12,0.00586458268359505
80.13,0.005899994968763
80.14,0.00593563321532388
80.15,0.00597149836891185
80.16,0.00600759134408775
80.17,0.00604391303018355
80.1799999999999,0.00608046429922692
80.19,0.00611724600532591
80.2,0.00615425898405266
80.21,0.0061915039538444
80.22,0.00622898174392005
80.23,0.0062666931160298
80.24,0.00630463880479004
80.25,0.00634281952032779
80.26,0.00638123594749384
80.27,0.00641988873974287
80.28,0.00645877840748023
80.29,0.00649790560310459
80.3,0.00653727087994971
80.3099999999999,0.00657687475876957
80.32,0.00661671772673905
80.33,0.00665680023645343
80.34,0.00669712268542137
80.35,0.00673768531796809
80.36,0.00677848853077173
80.37,0.00681953259932758
80.38,0.00686081775528717
80.39,0.00690234418519147
80.4,0.00694411202920395
80.41,0.00698612135144789
80.42,0.00702837208372309
80.4299999999999,0.00707086424499634
80.44,0.00711359773907806
80.45,0.00715657241042409
80.46,0.00719978804238357
80.47,0.00724324431250703
80.48,0.00728694083884857
80.49,0.00733087721387963
80.5,0.00737505293411594
80.51,0.00741946742199112
80.52,0.00746412002380152
80.53,0.00750900993372551
80.54,0.00755413634170143
80.55,0.00759949833969135
80.5599999999999,0.00764509492261344
80.57,0.00769092499464728
80.58,0.00773698735197849
80.59,0.00778328060285861
80.6,0.00782980339162265
80.61,0.00787655420361703
80.62,0.00792353141598902
80.63,0.00797073329490896
80.64,0.0080181579339578
80.65,0.00806580328674501
80.66,0.00811366728226093
80.67,0.00816174767334964
80.6799999999999,0.00821004208088795
80.69,0.00825854799049613
80.7,0.00830726263959697
80.71,0.00835618321409139
80.72,0.00840530676024548
80.73,0.00845463014530617
80.74,0.00850415007743785
80.75,0.0085538630949127
80.76,0.00860376543866175
80.77,0.00865385335262689
80.78,0.00870412283337306
80.79,0.00875456969274756
80.8,0.00880518955358042
80.8099999999999,0.00885597780468983
80.82,0.00890692958941439
80.83,0.00895803995493622
80.84,0.0090093036883023
80.85,0.00906071535972517
80.86,0.00911226931782341
80.87,0.00916395961332842
80.88,0.00921578010614705
80.89,0.00926772444773285
80.9,0.00931978601916954
80.91,0.00937195795053386
80.92,0.00942423311573735
80.9299999999999,0.00947660407093009
80.94,0.00952906316589018
80.95,0.00958160245454984
80.96,0.00963421370842661
80.97,0.00968688841414415
80.98,0.00973961777085495
80.99,0.00979239267241887
81,0.00984520371273662
81.01,0.00989804117723512
81.02,0.0099508950635415
81.03,0.0100037550447202
81.04,0.010056610454345
81.05,0.0101094503091335
81.0599999999999,0.0101622632938227
81.07,0.010215037824961
81.08,0.0102677619052013
81.09,0.0103204232171678
81.1,0.0103730090986054
81.11,0.0104255065589637
81.12,0.0104779023152059
81.13,0.0105301826343348
81.14,0.0105823334626736
81.15,0.0106343403851324
81.16,0.0106861887072514
81.17,0.0107378633541713
81.1799999999999,0.0107893488240533
81.19,0.0108406292854194
81.2,0.0108916885394054
81.21,0.0109425102224088
81.22,0.0109930773904148
81.23,0.0110433727989573
81.24,0.0110933788510344
81.25,0.01114307764212
81.26,0.0111924510715543
81.27,0.0112414804452126
81.28,0.0112901468169118
81.29,0.0113384308953808
81.3,0.0113863132063824
81.3099999999999,0.0114337739218677
81.32,0.0114807927572964
81.33,0.0115273491800106
81.34,0.011573422341903
81.35,0.0116189914045033
81.36,0.0116640349034848
81.37,0.01170853117514
81.38,0.0117524582969974
81.39,0.0117957941505995
81.4,0.0118385166073676
81.41,0.011880602936896
81.42,0.0119220303224102
81.4299999999999,0.0119627757301198
81.44,0.0120028161343059
81.45,0.0120421283104493
81.46,0.0120806886716144
81.47,0.0121184735805154
81.48,0.0121554592599702
81.49,0.0121916222257115
81.5,0.0122269384748655
81.51,0.0122613840245094
81.52,0.0122949348618256
81.53,0.0123275670208594
81.54,0.0123592568516944
81.55,0.012389980236778
81.5599999999999,0.0124197132794898
81.57,0.0124484321397874
81.58,0.0124761133177433
81.59,0.0125027334286512
81.6,0.0125282689685736
81.61,0.0125526967363535
81.62,0.0125759937241198
81.63,0.0125981376445066
81.64,0.012619105982417
81.65,0.0126388766155825
81.66,0.0126574277887405
81.67,0.0126747381948436
81.6799999999999,0.0126907873143756
81.69,0.01270555450526
81.7,0.0127190198108981
81.71,0.0127311637796723
81.72,0.012741967674052
81.73,0.0127514134081375
81.74,0.0127594833373206
81.75,0.0127661605811293
81.76,0.0127714290607237
81.77,0.0127752734244539
81.78,0.012777679092705
81.79,0.0127786323457625
81.8,0.0127781203594683
81.8099999999999,0.0127761312131244
81.82,0.012772653944681
81.83,0.0127676785869232
81.84,0.0127611961904378
81.85,0.0127531988904759
81.86,0.0127436799240335
81.87,0.0127326336556614
81.88,0.0127200555636161
81.89,0.0127059424176604
81.9,0.0126902922051665
81.91,0.0126731041114598
81.92,0.0126543785295433
81.9299999999999,0.0126341173468774
81.94,0.0126123237454558
81.95,0.0125890020741889
81.96,0.012564158064696
81.97,0.0125377990379708
81.98,0.0125099336616852
81.99,0.0124805716217157
82,0.0124497242823283
82.01,0.0124174045178721
82.02,0.012383626585268
82.03,0.0123484054607011
82.04,0.0123117582809994
82.05,0.0122737033997439
82.0599999999999,0.0122342605810243
82.07,0.0121934499762404
82.08,0.0121512941128708
82.09,0.0121078165713513
82.1,0.0120630422314003
82.11,0.012016996194049
82.12,0.0119697058474031
82.13,0.0119211994762441
82.14,0.0118715064987029
82.15,0.011820656390786
82.16,0.011768680707643
82.17,0.0117156117062297
82.1799999999999,0.0116614825572317
82.19,0.0116063263284871
82.2,0.0115501778533255
82.21,0.01149307243812
82.22,0.0114350460377848
82.23,0.0113761343840587
82.24,0.0113163745400526
82.25,0.0112558037991575
82.26,0.0111944598086769
82.27,0.0111323799401876
82.28,0.0110696023506024
82.29,0.0110061651913961
82.3,0.010942106665762
82.3099999999999,0.0108774647075433
82.32,0.0108122774296869
82.33,0.0107465827234836
82.34,0.0106804182438103
82.35,0.0106138214147256
82.36,0.0105468292406118
82.37,0.0104794783140847
82.38,0.0104118047351328
82.39,0.0103438444244094
82.4,0.0102756323447924
82.41,0.0102072028900201
82.42,0.0101385897508133
82.4299999999999,0.0100698265137836
82.44,0.0100009453328263
82.45,0.00993197768222654
82.46,0.00986295417728206
82.47,0.00979390531125718
82.48,0.00972486002277016
82.49,0.00965584631654027
82.5,0.00958689129818551
82.51,0.00951802185183945
82.52,0.00944926342055963
82.53,0.00938064025113304
82.54,0.00931217571987177
82.55,0.00924389283134282
82.5599999999999,0.00917581339361349
82.57,0.00910795782401989
82.58,0.00904034573211128
82.59,0.00897299621446849
82.6,0.00890592743766245
82.61,0.00883915609280789
82.62,0.00877269813948461
82.63,0.0087065689278368
82.64,0.00864078310860536
82.65,0.00857535388426599
82.66,0.00851029380656937
82.67,0.00844561477245336
82.6799999999999,0.00838132814674532
82.69,0.00831744397747181
82.7,0.00825397173701537
82.71,0.00819092024617488
82.72,0.00812829788300093
82.73,0.00806611192813607
82.74,0.00800436914705838
82.75,0.00794307570066492
82.76,0.00788223732920234
82.77,0.00782185894261212
82.78,0.00776194498337217
82.79,0.00770249936846738
82.8,0.00764352558207501
82.8099999999999,0.00758502654246487
82.82,0.0075270047443906
82.83,0.00746946225216862
82.84,0.00741240067828659
82.85,0.00735582130087394
82.86,0.00729972501947096
82.87,0.00724411239583236
82.88,0.00718898354317811
82.89,0.00713433840313128
82.9,0.00708017660273882
82.91,0.00702649750474221
82.92,0.00697330006623655
82.9299999999999,0.00692058314676759
82.94,0.00686834538455821
82.95,0.00681658520557671
82.96,0.00676530069570121
82.97,0.00671448986397478
82.98,0.00666415059465979
82.99,0.00661428059862005
83,0.00656487732298886
83.01,0.00651593813050299
83.02,0.00646746034441473
83.03,0.00641944114615376
83.04,0.00637187752548076
83.05,0.00632476637628085
83.0599999999999,0.00627810461764294
83.07,0.00623188905452297
83.08,0.0061861163552084
83.09,0.00614078308037972
83.1,0.00609588586892404
83.11,0.00605142126423412
83.12,0.00600738573863005
83.13,0.00596377567900952
83.14,0.00592058754156474
83.15,0.00587781772781033
83.16,0.00583546258868844
83.17,0.00579351835214784
83.1799999999999,0.00575198139416066
83.19,0.00571084802600052
83.2,0.00567011454114983
83.21,0.00562977713994918
83.22,0.00558983214120525
83.23,0.00555027582573228
83.24,0.00551110447652524
83.25,0.00547231431136558
83.26,0.00543390165324685
83.27,0.00539586280641121
83.28,0.0053581940933122
83.29,0.00532089179698495
83.3,0.00528395223241713
83.3099999999999,0.00524737178019181
83.32,0.00521114682035708
83.33,0.00517527374927701
83.34,0.00513974890770003
83.35,0.00510456876585641
83.36,0.00506972978277121
83.37,0.00503522844567135
83.38,0.00500106122515797
83.39,0.00496722463548502
83.4,0.00493371524533826
83.41,0.00490052963700712
83.42,0.00486766441651266
83.4299999999999,0.00483511617974349
83.44,0.00480288160546039
83.45,0.0047709573830463
83.46,0.00473934023275176
83.47,0.00470802688410358
83.48,0.00467701410766362
83.49,0.00464629871411635
83.5,0.00461587753910549
83.51,0.0045857474453973
83.52,0.00455590530600601
83.53,0.00452634805418241
83.54,0.00449707264349047
83.55,0.00446807605891347
83.5599999999999,0.00443935529917025
83.57,0.00441090740486241
83.58,0.00438272945208367
83.59,0.00435481854332703
83.6,0.00432717181144153
83.61,0.00429978639941892
83.62,0.00427265950507299
83.63,0.00424578834722402
83.64,0.00421917017447867
83.65,0.0041928022617291
83.66,0.00416668190705612
83.67,0.00414080644849136
83.6799999999999,0.00411517324853711
83.69,0.00408977969843166
83.7,0.00406462321333039
83.71,0.00403970123813302
83.72,0.00401501124858618
83.73,0.00399055074648205
83.74,0.00396631726122293
83.75,0.00394230834306131
83.76,0.00391852157633916
83.77,0.00389495457008994
83.78,0.00387160495957948
83.79,0.00384847040538346
83.8,0.00382554859074035
83.8099999999999,0.00380283722940827
83.82,0.00378033405860347
83.83,0.00375803684064122
83.84,0.00373594336176661
83.85,0.00371405143273669
83.86,0.00369235888960041
83.87,0.00367086359194863
83.88,0.00364956342316177
83.89,0.00362845629029159
83.9,0.00360754012357555
83.91,0.00358681287633671
83.92,0.00356627252474003
83.9299999999999,0.00354591706753606
83.94,0.00352574452545893
83.95,0.00350575294146514
83.96,0.00348594038057126
83.97,0.00346630492923294
83.98,0.00344684469524274
83.99,0.00342755780730821
84,0.00340844241481457
84.01,0.00338949668812283
84.02,0.00337071881774856
84.03,0.0033521070142871
84.04,0.00333365950847422
84.05,0.00331537455231377
84.0599999999999,0.00329725041482173
84.07,0.00327928538515315
84.08,0.00326147777144102
84.09,0.00324382590055889
84.1,0.00322632812127914
84.11,0.0032089827968003
84.12,0.00319178830975635
84.13,0.0031747430608923
84.14,0.00315784546873354
84.15,0.00314109397007583
84.16,0.00312448701859262
84.17,0.00310802308495538
84.1799999999999,0.00309170065697454
84.19,0.00307551823920555
84.2,0.00305947435286381
84.21,0.00304356753551171
84.22,0.00302779634064717
84.23,0.00301215933775548
84.24,0.00299665511200941
84.25,0.00298128226511253
84.26,0.00296603941656526
84.27,0.00295092519650248
84.28,0.00293593825197445
84.29,0.00292107724486865
84.3,0.00290634085171192
84.3099999999999,0.00289172776688234
84.32,0.00287723669872718
84.33,0.0028628663662001
84.34,0.00284861550439338
84.35,0.00283448286238396
84.36,0.00282046720305967
84.37,0.0028065673028458
84.38,0.00279278195172341
84.39,0.00277910995295314
84.4,0.00276555012288856
84.41,0.00275210129081789
84.42,0.00273876229901501
84.4299999999999,0.00272553200581594
84.44,0.00271240927728878
84.45,0.00269939299371688
84.46,0.00268648204762199
84.47,0.00267367534360304
84.48,0.00266097179900173
84.49,0.00264837034410062
84.5,0.00263586991834071
84.51,0.00262346947380653
84.52,0.00261116797398838
84.53,0.00259896439363076
84.54,0.00258685772030268
84.55,0.00257484695190339
84.5599999999999,0.00256293109601182
84.57,0.00255110917175844
84.58,0.00253938020891839
84.59,0.00252774324776994
84.6,0.00251619734323081
84.61,0.00250474155585786
84.62,0.00249337495740954
84.63,0.00248209663022842
84.64,0.00247090566669402
84.65,0.0024598011692889
84.66,0.00244878225153122
84.67,0.00243784803458401
84.6799999999999,0.00242699765002376
84.69,0.00241623023888484
84.7,0.00240554495153799
84.71,0.00239494094756819
84.72,0.00238441739595052
84.73,0.00237397347632393
84.74,0.00236360837438223
84.75,0.00235332128576541
84.76,0.00234311141477993
84.77,0.00233297797428081
84.78,0.0023229201855536
84.79,0.00231293727904253
84.8,0.00230302849760102
84.8099999999999,0.0022931930850533
84.82,0.00228343029630464
84.83,0.00227373939425883
84.84,0.00226411964970964
84.85,0.00225457034123283
84.86,0.00224509075651442
84.87,0.00223568019709762
84.88,0.00222633796113134
84.89,0.00221706335891951
84.9,0.002207855708253
84.91,0.00219871433431657
84.92,0.00218963856959593
84.9299999999999,0.00218062775410825
84.94,0.00217168123623643
84.95,0.0021627983691748
84.96,0.00215397851403366
84.97,0.0021452210388105
84.98,0.00213652531830041
84.99,0.00212789073400595
85,0.00211931667476502
85.01,0.00211080253839917
85.02,0.00210234772471201
85.03,0.00209395164186218
85.04,0.00208561370437241
85.05,0.00207733333304623
85.0599999999999,0.00206910995488468
85.07,0.00206094300366101
85.08,0.00205283192117604
85.09,0.00204477615145023
85.1,0.00203677514606207
85.11,0.00202882836246166
85.12,0.00202093526389268
85.13,0.00201309531931484
85.14,0.00200530800445003
85.15,0.001997572803506
85.16,0.00198988920031761
85.17,0.00198225668681843
85.1799999999999,0.00197467476039261
85.19,0.0019671429238044
85.2,0.00195966068512786
85.21,0.0019522275576761
85.22,0.00194484306430335
85.23,0.00193750672746275
85.24,0.00193021807609304
85.25,0.00192297664464011
85.26,0.00191578197255341
85.27,0.00190863360422207
85.28,0.00190153108891116
85.29,0.00189447398179326
85.3,0.00188746184255375
85.3099999999999,0.00188049423428439
85.32,0.00187357072550857
85.33,0.00186669088936
85.34,0.00185985430352171
85.35,0.00185306055016548
85.36,0.00184630921636061
85.37,0.00183959989616544
85.38,0.00183293218349116
85.39,0.00182630567844213
85.4,0.00181971998538952
85.41,0.00181317471291545
85.42,0.00180666947375707
85.4299999999999,0.00180020388475073
85.44,0.00179377757009854
85.45,0.00178739015436491
85.46,0.00178104126635555
85.47,0.00177473053949662
85.48,0.00176845761113434
85.49,0.00176222212248464
85.5,0.00175602371858312
85.51,0.00174986204929428
85.52,0.00174373676852108
85.53,0.00173764753181445
85.54,0.00173159399945035
85.55,0.00172557583533703
85.5599999999999,0.00171959270696853
85.57,0.00171364428537818
85.58,0.00170773024521355
85.59,0.0017018502665246
85.6,0.00169600402977709
85.61,0.00169019122004431
85.62,0.00168441152575528
85.63,0.00167866463865135
85.64,0.00167295025374261
85.65,0.00166726806926432
85.66,0.00166161778863749
85.67,0.00165599911658919
85.6799999999999,0.00165041176054516
85.69,0.00164485543167662
85.7,0.00163932984422309
85.71,0.00163383471545196
85.72,0.00162836976561846
85.73,0.00162293471796187
85.74,0.00161752930203538
85.75,0.00161215324523653
85.76,0.00160680627986259
85.77,0.00160148814106456
85.78,0.00159619856681083
85.79,0.00159093729785081
85.8,0.00158570407767857
85.8099999999999,0.00158049865316734
85.82,0.00157532077474117
85.83,0.00157017019314871
85.84,0.00156504666286543
85.85,0.00155994994097829
85.86,0.00155487978715231
85.87,0.00154983596359674
85.88,0.00154481823503155
85.89,0.00153982636986001
85.9,0.00153486013811093
85.91,0.00152991931156874
85.92,0.00152500366498316
85.9299999999999,0.00152011297548857
85.94,0.00151524702257267
85.95,0.00151040558804532
85.96,0.0015055884560071
85.97,0.00150079541519001
85.98,0.00149602625331867
85.99,0.00149128076140873
86,0.00148655873282116
86.01,0.00148185996310343
86.02,0.00147718424996114
86.03,0.00147253139322954
86.04,0.001467901195301
86.05,0.00146329346185448
86.0599999999999,0.00145870799814334
86.07,0.00145414461257259
86.08,0.00144960311557961
86.09,0.00144508331960813
86.1,0.00144058503908239
86.11,0.0014361080903813
86.12,0.00143165229260152
86.13,0.00142721746644778
86.14,0.00142280343372258
86.15,0.00141841001860913
86.16,0.00141403704714777
86.17,0.00140968434721186
86.1799999999999,0.00140535174848368
86.19,0.00140103908243032
86.2,0.00139674618378066
86.21,0.00139247288709866
86.22,0.00138821902908433
86.23,0.00138398444835658
86.24,0.00137976898522929
86.25,0.00137557248168896
86.26,0.00137139478137215
86.27,0.00136723572954297
86.28,0.00136309517473638
86.29,0.00135897296554361
86.3,0.00135486895171411
86.3099999999999,0.00135078298515078
86.32,0.00134671491931495
86.33,0.00134266460920626
86.34,0.0013386319113423
86.35,0.00133461668373849
86.36,0.0013306187868436
86.37,0.00132663808222369
86.38,0.00132267443185227
86.39,0.00131872769980316
86.4,0.00131479775158033
86.41,0.00131088445409942
86.42,0.00130698767566934
86.4299999999999,0.0013031072859738
86.44,0.00129924315647381
86.45,0.00129539516025769
86.46,0.00129156317062507
86.47,0.00128774706274784
86.48,0.00128394671310228
86.49,0.00128016199945168
86.5,0.00127639280082911
86.51,0.00127263899752013
86.52,0.00126890047136336
86.53,0.00126517710646974
86.54,0.00126146878606896
86.55,0.00125777539551936
86.5599999999999,0.00125409682137527
86.57,0.00125043295137132
86.58,0.00124678367440684
86.59,0.00124314888053009
86.6,0.00123952846099868
86.61,0.00123592230992818
86.62,0.00123233031982213
86.63,0.00122875238541111
86.64,0.00122518840252752
86.65,0.00122163826809161
86.66,0.00121810188009752
86.67,0.00121457913759931
86.6799999999999,0.00121106994069699
86.69,0.00120757419139212
86.7,0.00120409179154975
86.71,0.00120062264436352
86.72,0.00119716665411788
86.73,0.00119372372609045
86.74,0.00119029376653884
86.75,0.00118687668268759
86.76,0.00118347238271509
86.77,0.00118008077642588
86.78,0.00117670177385061
86.79,0.00117333528586637
86.8,0.00116998122446663
86.8099999999999,0.00116663950254892
86.82,0.00116331003390254
86.83,0.00115999273319634
86.84,0.00115668751596631
86.85,0.00115339429917519
86.86,0.0011501130010924
86.87,0.0011468435391828
86.88,0.0011435858325617
86.89,0.00114033980117884
86.9,0.00113710536580761
86.91,0.00113388244803426
86.92,0.00113067097024716
86.9299999999999,0.00112747085562594
86.94,0.00112428202941394
86.95,0.00112110441572582
86.96,0.00111793794018892
86.97,0.00111478252921604
86.98,0.00111163810997816
86.99,0.00110850461039454
87,0.00110538195912309
87.01,0.00110227008555064
87.02,0.0010991689199776
87.03,0.00109607839328107
87.04,0.00109299843691873
87.05,0.00108992898314051
87.0599999999999,0.00108686996488194
87.07,0.00108382131575477
87.08,0.0010807829700375
87.09,0.00107775486266588
87.1,0.00107473692945932
87.11,0.00107172910748824
87.12,0.00106873133314469
87.13,0.00106574354404539
87.14,0.00106276567843517
87.15,0.0010597976751785
87.16,0.00105683947375096
87.17,0.00105389101423075
87.1799999999999,0.00105095223729022
87.19,0.00104802308563607
87.2,0.00104510350066837
87.21,0.0010421934248154
87.22,0.00103929280126978
87.23,0.00103640157380299
87.24,0.00103351968675814
87.25,0.00103064708504289
87.26,0.00102778371412238
87.27,0.00102492952009731
87.28,0.00102208444959638
87.29,0.00101924844966751
87.3,0.00101642146795921
87.3099999999999,0.00101360345264489
87.32,0.00101079435241585
87.33,0.0010079941164744
87.34,0.00100520269452683
87.35,0.00100242003677207
87.36,0.00099964609386432
87.37,0.00099688081700048
87.38,0.000994124157827775
87.39,0.000991376068461966
87.4,0.000988636501480346
87.41,0.000985905409914751
87.42,0.000983182747244563
87.4299999999999,0.000980468467389714
87.44,0.000977762525881541
87.45,0.000975064877581061
87.46,0.000972375477676671
87.47,0.000969694282111785
87.48,0.0009670212472825
87.49,0.000964356330033367
87.5,0.000961699487653314
87.51,0.000959050677222494
87.52,0.000956409857041053
87.53,0.000953776985640437
87.54,0.000951152021893919
87.55,0.000948534925077103
87.5599999999999,0.000945925654862507
87.57,0.000943324171311721
87.58,0.000940730434656418
87.59,0.000938144405813075
87.6,0.000935566045948588
87.61,0.000932995316593817
87.62,0.000930432179637702
87.63,0.000927876597321526
87.64,0.000925328532377614
87.65,0.000922787948786564
87.66,0.00092025480939969
87.67,0.000917729078032629
87.6799999999999,0.000915210718857577
87.69,0.000912699696399578
87.7,0.000910195975532872
87.71,0.000907699521373188
87.72,0.000905210299168868
87.73,0.000902728274941351
87.74,0.000900253414841861
87.75,0.000897785685340106
87.76,0.000895325053219801
87.77,0.0008928714855742
87.78,0.000890424949894211
87.79,0.00088798541410484
87.8,0.000885552846273783
87.8099999999999,0.000883127214877825
87.82,0.000880708488727016
87.83,0.000878296636964729
87.84,0.000875891629067575
87.85,0.000873493431941217
87.86,0.00087110201660038
87.87,0.000868717353368617
87.88,0.000866339412607661
87.89,0.000863968164975735
87.9,0.000861603581427553
87.91,0.00085924563336559
87.92,0.00085689429260141
87.9299999999999,0.000854549530845156
87.94,0.000852211320298785
87.95,0.000849879633466046
87.96,0.000847554443152397
87.97,0.000845235722465044
87.98,0.000842923442238889
87.99,0.00084061757676568
88,0.000838318100011236
88.01,0.000836024985869607
88.02,0.00083373820850197
88.03,0.000831457742336628
88.04,0.000829183561158857
88.05,0.000826915637931792
88.0599999999999,0.000824653948879599
88.07,0.000822398469079257
88.08,0.000820149173838763
88.09,0.000817906038697051
88.1,0.00081566903942403
88.11,0.000813438152134085
88.12,0.000811213353042787
88.13,0.000808994618610727
88.14,0.000806781925551383
88.15,0.000804575250810834
88.16,0.000802374571567758
88.17,0.000800179865202678
88.1799999999999,0.000797991109274829
88.19,0.000795808281703592
88.2,0.000793631360582424
88.21,0.000791460324236018
88.22,0.000789295151220345
88.23,0.000787135820322685
88.24,0.000784982308250883
88.25,0.000782834593425726
88.26,0.00078069265595721
88.27,0.000778556475036205
88.28,0.000776426030041852
88.29,0.000774301300541558
88.3,0.000772182266291
88.3099999999999,0.000770068906924011
88.32,0.00076796120269115
88.33,0.000765859133888535
88.34,0.000763762680981648
88.35,0.000761671824620769
88.36,0.000759586545641006
88.37,0.000757506824751197
88.38,0.000755432642174839
88.39,0.000753363979793869
88.4,0.000751300819009369
88.41,0.00074924314139251
88.42,0.000747190928684554
88.4299999999999,0.000745144162796849
88.44,0.00074310282537958
88.45,0.000741066898492745
88.46,0.000739036364692687
88.47,0.000737011206469453
88.48,0.00073499140647481
88.49,0.000732976947522183
88.5,0.0007309678125867
88.51,0.000728963983826407
88.52,0.000726965444877841
88.53,0.000724972179141158
88.54,0.000722984170097631
88.55,0.000721001401378906
88.5599999999999,0.000719023856767007
88.57,0.000717051519914645
88.58,0.000715084373796666
88.59,0.000713122403041471
88.6,0.00071116559177858
88.61,0.000709213924262631
88.62,0.000707267384873314
88.63,0.000705325958310511
88.64,0.000703389629246376
88.65,0.000701458382426663
88.66,0.000699532202786177
88.67,0.000697611075390019
88.6799999999999,0.000695694985475235
88.69,0.000693783918628682
88.7,0.000691877860212692
88.71,0.000689976795867612
88.72,0.000688080711369512
88.73,0.000686189592630208
88.74,0.000684303424936481
88.75,0.000682422194143495
88.76,0.000680545886666543
88.77,0.000678674488719871
88.78,0.000676807986630414
88.79,0.000674946366754591
88.8,0.000673089614666937
88.8099999999999,0.000671237717384435
88.82,0.000669390661499572
88.83,0.000667548433698854
88.84,0.000665711020762744
88.85,0.000663878409963543
88.86,0.000662050588547459
88.87,0.000660227543487398
88.88,0.000658409262083111
88.89,0.000656595731742163
88.9,0.000654786939991549
88.91,0.000652982874935183
88.92,0.000651183524130611
88.9299999999999,0.000649388875500802
88.94,0.00064759891708508
88.95,0.000645813637039172
88.96,0.000644033023107393
88.97,0.000642257063016531
88.98,0.000640485745344964
88.99,0.000638719058392899
89,0.000636956990540852
89.01,0.000635199529768074
89.02,0.000633446664646911
89.03,0.000631698383705867
89.04,0.000629954675499693
89.05,0.000628215529020151
89.0599999999999,0.000626480934158795
89.07,0.000624750879432302
89.08,0.000623025354054206
89.09,0.000621304347348592
89.1,0.000619587848361762
89.11,0.000617875846479335
89.12,0.000616168331329759
89.13,0.000614465292518996
89.14,0.000612766719714466
89.15,0.000611072602280214
89.16,0.000609382930198139
89.17,0.000607697693334644
89.1799999999999,0.000606016881635968
89.19,0.000604340485071681
89.2,0.000602668493676164
89.21,0.000601000897643205
89.22,0.000599337687203853
89.23,0.000597678852665138
89.24,0.000596024384739469
89.25,0.000594374273865703
89.26,0.000592728510641927
89.27,0.000591087085779797
89.28,0.00058944999008834
89.29,0.000587817214487456
89.3,0.000586188749942552
89.3099999999999,0.00058456458752395
89.32,0.000582944718390088
89.33,0.000581329133607955
89.34,0.000579717824399379
89.35,0.000578110782140872
89.36,0.000576507998233412
89.37,0.000574909464089786
89.38,0.000573315171254577
89.39,0.000571725111331156
89.4,0.000570139276028763
89.41,0.000568557657488851
89.42,0.000566980247500909
89.4299999999999,0.000565407038097972
89.44,0.000563838021452356
89.45,0.000562273189916635
89.46,0.000560712535800136
89.47,0.00055915605156597
89.48,0.000557603729615375
89.49,0.000556055562428967
89.5,0.000554511542736354
89.51,0.000552971663275126
89.52,0.0005514359167882
89.53,0.000549904296153113
89.54,0.000548376794336131
89.55,0.000546853404370871
89.5599999999999,0.000545334119808929
89.57,0.000543818933804056
89.58,0.000542307839774735
89.59,0.000540800831283453
89.6,0.000539297902183471
89.61,0.000537799046184922
89.62,0.000536304257201371
89.63,0.000534813529176136
89.64,0.000533326856090624
89.65,0.000531844232185528
89.66,0.000530365651739806
89.67,0.000528891109155476
89.6799999999999,0.000527420598936364
89.69,0.000525954115677724
89.7,0.000524491654167755
89.71,0.000523033209324284
89.72,0.000521578776109586
89.73,0.000520128349722759
89.74,0.00051868192553956
89.75,0.00051723949896082
89.76,0.000515801065593975
89.77,0.000514366621214187
89.78,0.000512936161689176
89.79,0.000511509683052308
89.8,0.000510087181488865
89.8099999999999,0.00050866865331417
89.82,0.000507254095021876
89.83,0.000505843503327087
89.84,0.000504436875004174
89.85,0.000503034207055005
89.86,0.000501635496795244
89.87,0.000500240741531542
89.88,0.000498849938827076
89.89,0.000497463086562023
89.9,0.000496080182648019
89.91,0.000494701225265297
89.92,0.000493326213092945
89.9299999999999,0.000491955144705313
89.94,0.000490588018978818
89.95,0.000489224834667752
89.96,0.000487865591049432
89.97,0.000486510287485404
89.98,0.000485158924108825
89.99,0.000483811500723977
90,0.000482468017542185
90.01,0.00048112847516098
90.02,0.000479792874296374
90.03,0.000478461215939152
90.04,0.000477133503092215
90.05,0.000475809737911725
90.0599999999999,0.000474489923029666
90.07,0.000473174059738555
90.08,0.000471862150067945
90.09,0.000470554196918495
90.1,0.000469250204556483
90.11,0.000467950176207465
90.12,0.000466654117250571
90.13,0.000465362033076639
90.14,0.000464073929209223
90.15,0.000462789811042544
90.16,0.000461509685195427
90.17,0.000460233557624126
90.1799999999999,0.000458961434977887
90.19,0.000457693324618186
90.2,0.000456429235108129
90.21,0.000455169174564648
90.22,0.000453913153166435
90.23,0.000452661181083648
90.24,0.000451413269123335
90.25,0.000450169428764444
90.26,0.000448929672261931
90.27,0.000447694011026074
90.28,0.000446462457800047
90.29,0.000445235026281013
90.3,0.000444011731712132
90.3099999999999,0.00044279258888
90.32,0.000441577614981783
90.33,0.000440366827244038
90.34,0.000439160243854532
90.35,0.000437957883816923
90.36,0.000436759767146323
90.37,0.000435565914680933
90.38,0.000434376348135783
90.39,0.000433191090420194
90.4,0.000432010165866628
90.41,0.000430833599245111
90.42,0.000429661417444672
90.4299999999999,0.00042849364786452
90.44,0.000427330319315078
90.45,0.000426171462090855
90.46,0.00042501710738124
90.47,0.000423867288359009
90.48,0.000422722039083725
90.49,0.000421581395253991
90.5,0.000420445394497969
90.51,0.000419314075304024
90.52,0.000418187478404237
90.53,0.000417065645907217
90.54,0.000415948621696352
90.55,0.00041483645171951
90.5599999999999,0.000413729183613134
90.57,0.000412626866856166
90.58,0.000411529552875952
90.59,0.000410437295178497
90.6,0.000409350149406942
90.61,0.000408268173238741
90.62,0.000407191426601185
90.63,0.000406119971716031
90.64,0.000405053873080775
90.65,0.000403993197598909
90.66,0.000402938014616599
90.67,0.000401888395989765
90.6799999999999,0.000400844416148941
90.69,0.000399806152151218
90.7,0.000398773683761035
90.71,0.000397747093496043
90.72,0.000396726466690189
90.73,0.000395711891542071
90.74,0.000394703459192758
90.75,0.00039370126378899
90.76,0.000392705402493909
90.77,0.000391715975584447
90.78,0.000390733086523597
90.79,0.000389756841956904
90.8,0.00038878735180389
90.8099999999999,0.000387824729335059
90.82,0.000386869091151097
90.83,0.000385920557273971
90.84,0.00038497925124128
90.85,0.000384045300042355
90.86,0.000383118834210625
90.87,0.000382199987951108
90.88,0.000381288899035103
90.89,0.000380385708884173
90.9,0.000379490562718991
90.91,0.000378603609437602
90.92,0.000377725001686455
90.9299999999999,0.000376854896016396
90.94,0.000375993452765284
90.95,0.000375140836087908
90.96,0.000374297214145092
90.97,0.000373462758976833
90.98,0.000372637646497168
90.99,0.000371822056712873
91,0.00037101617359108
91.01,0.000370220185037796
91.02,0.000369434283109634
91.03,0.000368658663900475
91.04,0.000367893527530815
91.05,0.000367139078301582
91.0599999999999,0.000366395524627965
91.07,0.000365663079056061
91.08,0.000364941958334282
91.09,0.000364232383403718
91.1,0.000363534579451745
91.11,0.000362848775897392
91.12,0.000362175206437186
91.13,0.000361514109133338
91.14,0.000360865726339319
91.15,0.000360230304767874
91.16,0.00035960809563454
91.17,0.000358999354593406
91.1799999999999,0.000358404341704404
91.19,0.000357823321659958
91.2,0.000357256563833973
91.21,0.00035670434205166
91.22,0.000356166934914782
91.23,0.000355644626003497
91.24,0.000355137703423078
91.25,0.000354646460226607
91.26,0.000354171194841977
91.27,0.000353712210298148
91.28,0.000353269814842457
91.29,0.000352844322325693
91.3,0.000352436051650737
91.3099999999999,0.000352045327074457
91.32,0.00035167247872549
91.33,0.000351317842403295
91.34,0.000350981759390239
91.35,0.000350664577214881
91.36,0.000350366649771695
91.37,0.000350088336519266
91.38,0.000349830003397582
91.39,0.000349592023877547
91.4,0.000349374777360905
91.41,0.000349178649989179
91.42,0.000349004035279794
91.4299999999999,0.000348851335287836
91.44,0.000348720957960476
91.45,0.000348613319421434
91.46,0.000348528844553289
91.47,0.000348467966416395
91.48,0.000348431125774209
91.49,0.000348418772349396
91.5,0.000348431366695485
91.51,0.000348469376663421
91.52,0.000348533280251408
91.53,0.000348623566002006
91.54,0.000348740733661198
91.55,0.00034888529192034
91.5599999999999,0.000349057760921746
91.57,0.00034925867400194
91.58,0.00034948857496797
91.59,0.000349748019545067
91.6,0.000350037576674313
91.61,0.000350357830559951
91.62,0.000350709375586795
91.63,0.000351092821029066
91.64,0.000351508790269643
91.65,0.000351957927645339
91.66,0.00035244088590575
91.67,0.000352958335837926
91.6799999999999,0.000353510964543309
91.69,0.000354099481225389
91.7,0.000354724609607107
91.71,0.000355387090409673
91.72,0.000356087684255116
91.73,0.000356827174421776
91.74,0.000357606365626695
91.75,0.000358426079204499
91.76,0.000359287160020938
91.77,0.000360190477001639
91.78,0.00036113692746735
91.79,0.000362127425266205
91.8,0.000363162911894122
91.8099999999999,0.000364244354714057
91.82,0.000365372757546866
91.83,0.000366549140423023
91.84,0.000367774555881857
91.85,0.000369050085817788
91.86,0.000370376850915038
91.87,0.000371755997166556
91.88,0.000373188702942626
91.89,0.000374676181492103
91.9,0.000376219687044607
91.91,0.00037782051020341
91.92,0.000379479973134436
91.9299999999999,0.000381199439401365
91.94,0.000382980315855594
91.95,0.000384824057287739
91.96,0.000386732150412208
91.97,0.000388706130162962
91.98,0.000390747577874437
91.99,0.000392858134570438
92,0.000395039474554931
92.01,0.000397293327708271
92.02,0.000399621475411636
92.03,0.000402025765521969
92.04,0.000404508089177969
92.05,0.000407070396121692
92.0599999999999,0.000409714695705059
92.07,0.000412443066744891
92.08,0.000415257648205075
92.09,0.000418160637544127
92.1,0.000421154301523631
92.11,0.000424240981349621
92.12,0.000427423095746262
92.13,0.000430703121560368
92.14,0.000434083616081587
92.15,0.000437567213451676
92.16,0.000441156636023432
92.17,0.000444854675562141
92.1799999999999,0.000448664210669598
92.19,0.000452588204749788
92.2,0.00045662972207932
92.21,0.000460791910134064
92.22,0.0004650780036503
92.23,0.000469491335634556
92.24,0.00047403533653302
92.25,0.000478713536903228
92.26,0.000483529566632193
92.27,0.000488487159740689
92.28,0.000493590155797707
92.29,0.000498842500963146
92.3,0.000504248252433595
92.3099999999999,0.000509811578904711
92.32,0.000515536763145416
92.33,0.000521428194400156
92.34,0.00052749038221057
92.35,0.000533727960894037
92.36,0.000540145682610698
92.37,0.000546748412643901
92.38,0.000553541115512285
92.39,0.00056052891635983
92.4,0.000567717051438885
92.41,0.000575110883658443
92.42,0.000582715832754102
92.4299999999999,0.000590537516847093
92.44,0.00059858165859819
92.45,0.000606854104052336
92.46,0.000615360766808769
92.47,0.000624107686546037
92.48,0.000633101071245849
92.49,0.000642347222852946
92.5,0.00065185253136487
92.51,0.000661623390933279
92.52,0.000671666453536633
92.53,0.000681988417900642
92.54,0.000692596083974911
92.55,0.000703496148217204
92.5599999999999,0.000714695578662194
92.57,0.000726201385896009
92.58,0.000738020637612139
92.59,0.000750160363051164
92.6,0.000762627589444241
92.61,0.000775429494186402
92.62,0.000788573223286267
92.63,0.000802065818790206
92.64,0.00081591441180992
92.65,0.000830126085085805
92.66,0.000844707850116074
92.67,0.000859666598411015
92.6799999999999,0.000875009242843331
92.69,0.000890742578535339
92.7,0.000906873142996813
92.71,0.000923407414925938
92.72,0.000940351753076122
92.73,0.000957712287415018
92.74,0.000975494753603789
92.75,0.000993704865435128
92.76,0.0010123480053172
92.77,0.00103142919933516
92.78,0.00105095314292977
92.79,0.00107092425594061
92.8,0.00109134655962682
92.8099999999999,0.00111222357882385
92.82,0.00113355850843408
92.83,0.00115535405605239
92.84,0.00117761243070534
92.85,0.00120033530552779
92.86,0.00122352384977732
92.87,0.00124717865151151
92.88,0.00127129961157828
92.89,0.00129588605053598
92.9,0.00132093663193549
92.91,0.00134644933154714
92.92,0.00137242149867904
92.9299999999999,0.0013988496410475
92.94,0.00142572953897714
92.95,0.0014530563422548
92.96,0.00148082441151274
92.97,0.00150902719326387
92.98,0.00153765737096034
92.99,0.00156670707705709
93,0.00159616732802221
93.01,0.00162602839000159
93.02,0.00165627984491492
93.03,0.00168691062182643
93.04,0.00171790851477527
93.05,0.0017492606066141
93.0599999999999,0.00178095348552159
93.07,0.00181297270696316
93.08,0.00184530304297221
93.09,0.00187792861169503
93.1,0.00191083321378992
93.11,0.00194399956744233
93.12,0.00197740992243848
93.13,0.00201104607946682
93.14,0.00204488912985759
93.15,0.00207891968669033
93.16,0.00211311786002587
93.17,0.00214746329231349
93.1799999999999,0.00218193522701858
93.19,0.0022165126613795
93.2,0.00225117409834472
93.21,0.00228589785599953
93.22,0.00232066222399398
93.23,0.00235544510763846
93.24,0.00239022442317566
93.25,0.00242497819938065
93.26,0.0024596843254644
93.27,0.0024943207883637
93.28,0.00252886558922153
93.29,0.00256329700266943
93.3,0.00259759340674443
93.3099999999999,0.00263173325442253
93.32,0.00266569541559191
93.33,0.00269945901621171
93.34,0.00273300357079895
93.35,0.0027663089258561
93.36,0.00279935538060782
93.37,0.00283212371549604
93.38,0.00286459522496288
93.39,0.00289675170260728
93.4,0.00292857539745649
93.41,0.00296004930430276
93.42,0.002991156912933
93.4299999999999,0.00302188218902523
93.44,0.00305220992648954
93.45,0.00308212545263423
93.46,0.00311161465078599
93.47,0.00314066420099576
93.48,0.0031692613764007
93.49,0.0031973940649218
93.5,0.00322505092755634
93.51,0.00325222124007122
93.52,0.00327889489427927
93.53,0.00330506256647493
93.54,0.00333071552636537
93.55,0.00335584563512496
93.5599999999999,0.00338044553082272
93.57,0.00340450841542906
93.58,0.00342802806239011
93.59,0.00345099896807162
93.6,0.00347341617595877
93.61,0.00349527528854748
93.62,0.00351657255161763
93.63,0.00353730473574752
93.64,0.00355746913832463
93.65,0.00357706363692111
93.66,0.00359608660098148
93.67,0.00361453687931348
93.6799999999999,0.00363241382763127
93.69,0.00364971724567172
93.7,0.00366644738879987
93.71,0.00368260494003307
93.72,0.00369819099591929
93.73,0.00371320704857382
93.74,0.00372765496968446
93.75,0.00374153699408763
93.76,0.00375485570138555
93.77,0.00376761399987779
93.78,0.00377981511086778
93.79,0.00379146255333288
93.8,0.00380256012362196
93.8099999999999,0.00381311188957556
93.82,0.0038231221665847
93.83,0.00383259550574968
93.84,0.00384153668882483
93.85,0.00384995069594789
93.86,0.00385784271369733
93.87,0.00386521810539784
93.88,0.00387208240477907
93.89,0.00387844131149683
93.9,0.00388430066119404
93.91,0.00388966643618262
93.92,0.00389454473620217
93.9299999999999,0.00389894177546433
93.94,0.00390286388027992
93.95,0.00390631745984843
93.96,0.00390930902095386
93.97,0.00391184513893014
93.98,0.00391393245770753
93.99,0.00391557768831803
94,0.00391678758309708
94.01,0.00391756894982312
94.02,0.00391792862627026
94.03,0.00391787348164348
94.04,0.00391741041545826
94.05,0.00391654633546262
94.0599999999999,0.00391528817160184
94.07,0.0039136428532682
94.08,0.00391161731186424
94.09,0.00390921848030902
94.1,0.00390645327439318
94.11,0.00390332860478091
94.12,0.00389985135864209
94.13,0.00389602840204078
94.14,0.00389186657953488
94.15,0.00388737269929706
94.16,0.00388255354390971
94.17,0.00387741585452521
94.1799999999999,0.00387196633407933
94.19,0.00386621164720709
94.2,0.00386015840706756
94.21,0.00385381318506433
94.22,0.0038471825002766
94.23,0.00384027281714349
94.24,0.00383309055244602
94.25,0.00382564205965881
94.26,0.00381793363715864
94.27,0.00380997152552446
94.28,0.0038017618990731
94.29,0.00379331087445471
94.3,0.00378462450077432
94.3099999999999,0.00377570876126168
94.32,0.00376656957650328
94.33,0.00375721279467739
94.34,0.00374764419790376
94.35,0.00373786949937398
94.36,0.00372789433911441
94.37,0.00371772429131633
94.38,0.00370736485370706
94.39,0.00369682145206561
94.4,0.00368609944527958
94.41,0.00367520411294217
94.42,0.00366414066238285
94.4299999999999,0.00365291423298444
94.44,0.0036415298842721
94.45,0.00362999260330162
94.46,0.00361830730750922
94.47,0.00360647883560134
94.48,0.00359451195358283
94.49,0.00358241135662338
94.5,0.00357018166256141
94.51,0.00355782741663357
94.52,0.00354535309328481
94.53,0.00353276309056275
94.54,0.00352006173466384
94.55,0.00350725328152477
94.5599999999999,0.00349434191191253
94.57,0.0034813317365113
94.58,0.00346822679727437
94.59,0.00345503105896311
94.6,0.00344174841835369
94.61,0.00342838271018706
94.62,0.00341493768695068
94.63,0.0034014170361817
94.64,0.00338782438833789
94.65,0.00337416328943645
94.66,0.00336043722273289
94.67,0.00334664961952593
94.6799999999999,0.0033328038250679
94.69,0.00331890312392602
94.7,0.00330495075359214
94.71,0.00329094986472416
94.72,0.00327690354920512
94.73,0.00326281485624858
94.74,0.00324868674829564
94.75,0.00323452213083727
94.76,0.00322032387734309
94.77,0.00320609476412031
94.78,0.00319183751633279
94.79,0.00317755480914546
94.8,0.00316324927857815
94.8099999999999,0.00314892346496747
94.82,0.00313457986201936
94.83,0.00312022093720577
94.84,0.00310584908511463
94.85,0.00309146663009191
94.86,0.00307707585026928
94.87,0.00306267901608779
94.88,0.00304827828724238
94.89,0.00303387578794283
94.9,0.00301947360541556
94.91,0.00300507379169294
94.92,0.00299067831174076
94.9299999999999,0.00297628909276694
94.94,0.00296190804723628
94.95,0.00294753701379218
94.96,0.00293317777690598
94.97,0.00291883208384406
94.98,0.00290450167738064
94.99,0.00289018819855358
95,0.00287589326123281
95.01,0.00286161844784994
95.02,0.00284736532516533
95.03,0.00283313536807805
95.04,0.00281893002596709
95.05,0.00280475073024037
95.0599999999999,0.00279059887814168
95.07,0.00277647579262432
95.08,0.00276238277037212
95.09,0.00274832110330192
95.1,0.00273429202691415
95.11,0.00272029672471685
95.12,0.00270633635135936
95.13,0.00269241207012392
95.14,0.00267852496388358
95.15,0.00266467608748957
95.16,0.00265086646660344
95.17,0.0026370971379398
95.1799999999999,0.00262336904934607
95.19,0.00260968313442059
95.2,0.00259604030439859
95.21,0.00258244146942844
95.22,0.00256888746084132
95.23,0.00255537909669003
95.24,0.00254191717631617
95.25,0.00252850250007547
95.26,0.00251513579058538
95.27,0.00250181776013397
95.28,0.00248854910515588
95.29,0.00247533052278277
95.3,0.00246216263725816
95.3099999999999,0.00244904606395841
95.32,0.00243598140464443
95.33,0.0024229692604133
95.34,0.00241001016585348
95.35,0.0023971046473532
95.36,0.00238425321964954
95.37,0.00237145639547958
95.38,0.00235871462721392
95.39,0.00234602835954817
95.4,0.00233339802746164
95.41,0.00232082406302666
95.42,0.00230830684317485
95.4299999999999,0.00229584673785597
95.44,0.00228344411047279
95.45,0.00227109932098549
95.46,0.00225881267537904
95.47,0.00224658447498422
95.48,0.00223441500710387
95.49,0.0022223045796812
95.5,0.00221025343055015
95.51,0.00219826179940746
95.52,0.00218632990881532
95.53,0.00217445800497739
95.54,0.00216264627675478
95.55,0.00215089490491605
95.5599999999999,0.00213920405814522
95.57,0.00212757391389805
95.58,0.00211600462632479
95.59,0.00210449632022898
95.6,0.0020930491153621
95.61,0.00208166312966525
95.62,0.00207033848121827
95.63,0.00205907524580706
95.64,0.00204787349871293
95.65,0.00203673330635613
95.66,0.00202565475121446
95.67,0.00201463786582072
95.6799999999999,0.00200368268527807
95.69,0.00199278923337647
95.7,0.00198195754529498
95.71,0.00197118762666685
95.72,0.00196047947771499
95.73,0.0019498330918379
95.74,0.00193924845424388
95.75,0.00192872554154412
95.76,0.0019182643232501
95.77,0.00190786476150603
95.78,0.0018975268111952
95.79,0.00188725042033577
95.8,0.00187703552549551
95.8099999999999,0.00186688205929391
95.82,0.00185678994995761
95.83,0.00184675911794685
95.84,0.00183678947770225
95.85,0.00182688093456589
95.86,0.0018170333886098
95.87,0.00180724673730443
95.88,0.00179752087100793
95.89,0.00178785567479021
95.9,0.0017782510274539
95.91,0.00176870680232548
95.92,0.00175922286982515
95.9299999999999,0.00174979909481854
95.94,0.00174043533768234
95.95,0.00173113145384362
95.96,0.00172188729369287
95.97,0.00171270270536555
95.98,0.00170357753236605
95.99,0.00169451161448475
96,0.00168550478727457
96.01,0.00167655688075962
96.02,0.00166766772497558
96.03,0.00165883714540482
96.04,0.0016500649644521
96.05,0.00164135100093392
96.0599999999999,0.00163269506660328
96.07,0.00162409697717261
96.08,0.00161555654304007
96.09,0.00160707357209708
96.1,0.00159864786986912
96.11,0.00159027923965636
96.12,0.00158196747582364
96.13,0.00157371237851944
96.14,0.00156551374427633
96.15,0.00155737136694502
96.16,0.00154928503855726
96.17,0.00154125454944719
96.1799999999999,0.00153327968437037
96.19,0.00152536022812401
96.2,0.0015174959671706
96.21,0.00150968668450941
96.22,0.00150193216177591
96.23,0.00149423217934531
96.24,0.00148658651489719
96.25,0.00147899494240973
96.26,0.00147145724037951
96.27,0.00146397318382966
96.28,0.00145654254682594
96.29,0.00144916510256565
96.3,0.00144184062335254
96.3099999999999,0.00143456887612875
96.32,0.00142734963362025
96.33,0.00142018266540584
96.34,0.00141306774047205
96.35,0.00140600462729065
96.36,0.00139899309389621
96.37,0.00139203290483535
96.38,0.0013851238271129
96.39,0.00137826562776188
96.4,0.00137145807278961
96.41,0.00136470092799203
96.42,0.00135799395902055
96.4299999999999,0.00135133692965676
96.44,0.00134472960329079
96.45,0.00133817174612068
96.46,0.00133166312288462
96.47,0.00132520349835324
96.48,0.00131879263738621
96.49,0.00131243030440415
96.5,0.00130611626143696
96.51,0.00129985027497166
96.52,0.00129363210994655
96.53,0.00128746153153577
96.54,0.00128133830519657
96.55,0.00127526219671658
96.5599999999999,0.00126923296955124
96.57,0.0012632503908402
96.58,0.00125731422720566
96.59,0.00125142424549748
96.6,0.00124558021302157
96.61,0.00123978189758006
96.62,0.00123402906601535
96.63,0.0012283214865409
96.64,0.00122265892879151
96.65,0.00121704116234617
96.66,0.00121146795738634
96.67,0.0012059390847299
96.6799999999999,0.00120045431510792
96.69,0.00119501341911045
96.7,0.00118961617022971
96.71,0.00118426234165205
96.72,0.00117895170729162
96.73,0.00117368404181932
96.74,0.00116845912069152
96.75,0.00116327671829276
96.76,0.00115813661152823
96.77,0.00115303857837143
96.78,0.00114798239713125
96.79,0.00114296784696168
96.8,0.00113799470788537
96.8099999999999,0.00113306276057654
96.82,0.00112817178471944
96.83,0.00112332156386892
96.84,0.00111851188128506
96.85,0.00111374252114148
96.86,0.00110901326854426
96.87,0.0011043239095506
96.88,0.00109967423032598
96.89,0.00109506401809311
96.9,0.0010904930621314
96.91,0.00108596115209679
96.92,0.00108146807863161
96.9299999999999,0.00107701363337959
96.94,0.00107259760900102
96.95,0.00106821979784712
96.96,0.00106387999494895
96.97,0.00105957799593069
96.98,0.00105531359733945
96.99,0.00105108659676634
97,0.00104689679285869
97.01,0.00104274398500767
97.02,0.00103862797303739
97.03,0.00103454855918293
97.04,0.00103050554616256
97.05,0.00102649873776944
97.0599999999999,0.00102252793888104
97.07,0.0010185929554685
97.08,0.00101469359383562
97.09,0.00101082966194468
97.1,0.00100700096915153
97.11,0.00100320732563417
97.12,0.000999448542672669
97.13,0.000995724432656163
97.14,0.000992034809008028
97.15,0.00098837948481386
97.16,0.000984758276648855
97.17,0.000981171001222782
97.1799999999999,0.000977617476366961
97.19,0.00097409752104007
97.2,0.000970610955334053
97.21,0.000967157600479827
97.22,0.00096373727885317
97.23,0.000960349813120372
97.24,0.000956995026494308
97.25,0.000953672745728009
97.26,0.000950382797517576
97.27,0.000947125009695478
97.28,0.000943899211234477
97.29,0.000940705232251552
97.3,0.000937542904011821
97.3099999999999,0.000934412058932465
97.32,0.000931312528744723
97.33,0.000928244147951804
97.34,0.000925206752870386
97.35,0.000922200180206704
97.36,0.00091922426779705
97.37,0.000916278854609511
97.38,0.000913363780745888
97.39,0.000910478887443525
97.4,0.000907624017077148
97.41,0.00090479901102687
97.42,0.000902003714957466
97.4299999999999,0.000899237974483829
97.44,0.000896501636272641
97.45,0.000893794548105751
97.46,0.000891116558880383
97.47,0.000888467518609479
97.48,0.000885847278422043
97.49,0.000883255690257301
97.5,0.000880692606564263
97.51,0.00087815788234792
97.52,0.000875651373048302
97.53,0.00087317293520434
97.54,0.000870722426453219
97.55,0.000868299705529731
97.5599999999999,0.000865904632265626
97.57,0.000863537067588955
97.58,0.000861196873013342
97.59,0.000858883911427032
97.6,0.000856598047246637
97.61,0.000854339145661446
97.62,0.000852107072940032
97.63,0.00084990169642896
97.64,0.000847722884551443
97.65,0.000845570506806003
97.66,0.000843444433765132
97.67,0.000841344536308023
97.6799999999999,0.000839270687400435
97.69,0.000837222760822499
97.7,0.000835200631317892
97.71,0.000833204174684766
97.72,0.000831233267773808
97.73,0.000829287788486315
97.74,0.000827367615772153
97.75,0.000825472629478913
97.76,0.000823602709845419
97.77,0.000821757739486582
97.78,0.000819937601447838
97.79,0.000818142179805466
97.8,0.000816371359664288
97.8099999999999,0.000814625027155358
97.82,0.00081290306943365
97.83,0.000811205374675787
97.84,0.000809531832077679
97.85,0.000807882331852246
97.86,0.000806256764600441
97.87,0.00080465502235332
97.88,0.000803076998672602
97.89,0.000801522587720508
97.9,0.000799991684655374
97.91,0.000798484185628943
97.92,0.00079699998778367
97.9299999999999,0.000795538989250019
97.94,0.000794101089143757
97.95,0.000792686187563284
97.96,0.000791294185586884
97.97,0.000789924984481682
97.98,0.000788578487715843
97.99,0.000787254599256484
98,0.000785953224006351
98.01,0.000784674267828061
98.02,0.000783417637541134
98.03,0.000782183240919019
98.04,0.000780970986686124
98.05,0.000779780784514849
98.0599999999999,0.00077861254502261
98.07,0.000777466179701929
98.08,0.000776341600944821
98.09,0.000775238722270373
98.1,0.000774157458029836
98.11,0.000773097723503012
98.12,0.00077205943489517
98.13,0.000771042509334035
98.14,0.000770046864866742
98.15,0.000769072420456792
98.16,0.000768119095981016
98.17,0.000767186812226531
98.1799999999999,0.00076627549106753
98.19,0.000765385055065877
98.2,0.000764515427690711
98.21,0.000763666533360143
98.22,0.000762838297389334
98.23,0.000762030645987548
98.24,0.000761243506255172
98.25,0.00076047680618077
98.26,0.000759730474638125
98.27,0.000759004441383277
98.28,0.00075829863709223
98.29,0.000757612993536777
98.3,0.000756947442932092
98.3099999999999,0.000756301918558374
98.32,0.000755676354565755
98.33,0.000755070685971472
98.34,0.000754484848656984
98.35,0.000753918779365138
98.36,0.000753372415697321
98.37,0.000752845696110592
98.38,0.000752338559914842
98.39,0.000751850947529888
98.4,0.000751382800070684
98.41,0.000750934059246298
98.42,0.00075050466779069
98.4299999999999,0.000750094569280427
98.44,0.000749703708132009
98.45,0.000749332029599187
98.46,0.000748979479770276
98.47,0.000748646005565472
98.48,0.000748331554734182
98.49,0.000748036075852325
98.5,0.000747759518892167
98.51,0.000747501833764256
98.52,0.000747262971520078
98.53,0.000747042884061926
98.54,0.000746841524109583
98.55,0.000746658845197816
98.5599999999999,0.000746494801673867
98.57,0.000746349348694952
98.58,0.00074622244222575
98.59,0.000746114039035898
98.6,0.000746024096697487
98.61,0.000745952574435338
98.62,0.000745899430945053
98.63,0.00074586462621626
98.64,0.000745848121075168
98.65,0.000745849877144353
98.66,0.000745869856840509
98.67,0.0007459080233722
98.6799999999999,0.000745964340737616
98.69,0.000746038773722321
98.7,0.000746131287897007
98.71,0.000746241849615245
98.72,0.000746370427111074
98.73,0.000746516987671337
98.74,0.00074668150002638
98.75,0.00074686393372728
98.76,0.000747064259104972
98.77,0.000747282447268326
98.78,0.000747518470102234
98.79,0.000747772300265688
98.8,0.000748043911189864
98.8099999999999,0.000748333277076202
98.82,0.00074864037289449
98.83,0.000748965175497816
98.84,0.000749307660736946
98.85,0.000749667805926515
98.86,0.000750045589179335
98.87,0.000750440989375229
98.88,0.000750853986159426
98.89,0.00075128455994098
98.9,0.000751732691891179
98.91,0.000752198363941963
98.92,0.000752681558784329
98.9299999999999,0.000753182259866746
98.94,0.000753700452493495
98.95,0.000754236120969119
98.96,0.00075478925106425
98.97,0.000755359829327889
98.98,0.000755947843066581
98.99,0.000756553280343177
99,0.000757176129975549
99.01,0.000757816381535329
99.02,0.000758474025346643
99.03,0.000759149052484843
99.04,0.000759841454775242
99.05,0.000760551226022043
99.0599999999999,0.000761278358799756
99.07,0.000762022847251846
99.08,0.000762784686286502
99.09,0.000763563871564425
99.1,0.000764360399497909
99.11,0.000765174267249917
99.12,0.000766005472733193
99.13,0.000766854014609337
99.14,0.000767719892287896
99.15,0.000768603105925454
99.16,0.000769503657760554
99.17,0.000770421548613713
99.1799999999999,0.000771356780969732
99.19,0.000772309358067033
99.2,0.000773279283896029
99.21,0.000774266563198628
99.22,0.000775271201467688
99.23,0.000776293204946471
99.24,0.000777332580628145
99.25,0.000778389336255232
99.26,0.000779463480332434
99.27,0.000780555023818913
99.28,0.000781663975550641
99.29,0.000782790346356914
99.3,0.000783934147821919
99.3099999999999,0.000785095392284503
99.32,0.000786274092837955
99.33,0.00078747026332975
99.34,0.000788683918361368
99.35,0.000789915073288039
99.36,0.000791163744218503
99.37,0.000792429948014816
99.38,0.000793713702292104
99.39,0.000795015026577448
99.4,0.000796333940575099
99.41,0.000797670463315376
99.42,0.000799024615564987
99.4299999999999,0.000800396418854534
99.44,0.000801785895478718
99.45,0.000803193068496522
99.46,0.000804617961731463
99.47,0.000806060599771773
99.48,0.000807521007970589
99.49,0.000808999212446203
99.5,0.000810495240082236
99.51,0.00081200911852786
99.52,0.000813540879085402
99.53,0.000815090549026981
99.54,0.000816658158445764
99.55,0.000818243738226374
99.5599999999999,0.000819847320034146
99.57,0.000821468936315846
99.58,0.00082310862030035
99.59,0.000824766405999406
99.6,0.000826442328208321
99.61,0.000828136422506644
99.62,0.000829848725258935
99.63,0.000831579273615438
99.64,0.00083332810682954
99.65,0.000835095264374352
99.66,0.000836880784746628
99.67,0.000838684708411992
99.6799999999999,0.000840507076639296
99.69,0.000842347931501856
99.7,0.000844207315878628
99.71,0.000846085273455488
99.72,0.000847981848726427
99.73,0.000849897086994733
99.74,0.000851831034374277
99.75,0.000853783737790692
99.76,0.000855755244982601
99.77,0.000857745607355107
99.78,0.000859754872438109
99.79,0.000861783090529315
99.8,0.000863830312803153
99.8099999999999,0.000865896591267318
99.82,0.000867981978764506
99.83,0.000870086528974096
99.84,0.000872210296413946
99.85,0.000874353336442085
99.86,0.000876515705258403
99.87,0.000878697459906446
99.88,0.000880898658275101
99.89,0.000883119360436597
99.9,0.000885359626828768
99.91,0.000887619516795227
99.92,0.000889899091796476
99.9299999999999,0.000892198414161614
99.94,0.000894517547090613
99.95,0.000896856554656519
99.96,0.000899215501807795
99.97,0.000901594454370533
99.98,0.000903993479050678
99.99,0.000906412643436361
100,0.000908852016000108
100.01,0.00091131166610111
100.02,0.000913791667167827
100.03,0.000916292088343805
100.04,0.000918813001751385
100.05,0.000921354480513284
100.06,0.000923916598666226
100.07,0.000926499431163791
100.08,0.000929103053879189
100.09,0.000931727543608178
100.1,0.00093437297807185
100.11,0.000937039435919424
100.12,0.000939726996731163
100.13,0.000942435741021145
100.14,0.000945165751747557
100.15,0.000947917112369016
100.16,0.000950689904909364
100.17,0.000953484213845135
100.18,0.000956300124617584
100.19,0.00095913772363614
100.2,0.000961997098281782
100.21,0.000964878336910568
100.22,0.000967781528857033
100.23,0.000970706764437566
100.24,0.000973654134953959
100.25,0.000976623732696767
100.26,0.00097961565094877
100.27,0.000982629987307661
100.28,0.00098566683533964
100.29,0.000988726291163028
100.3,0.000991808452284457
100.31,0.000994913417238175
100.32,0.000998041285590151
100.33,0.00100119215794209
100.34,0.00100436613593562
100.35,0.00100756332225635
100.36,0.00101078382063787
100.37,0.00101402773586596
100.38,0.00101729517378263
100.39,0.00102058624241758
100.4,0.00102390105194182
100.41,0.00102723970947199
100.42,0.00103060232533988
100.43,0.00103398901097293
100.44,0.00103739987889902
100.45,0.00104083504275117
100.46,0.00104429461727246
100.47,0.0010477787183207
100.48,0.00105128746287319
100.49,0.00105482096903162
100.5,0.00105837935602673
100.51,0.00106196274422314
100.52,0.00106557125816616
100.53,0.0010692050197705
100.54,0.0010728641521226
100.55,0.00107654878041707
100.56,0.00108025903102682
100.57,0.00108399503150854
100.58,0.00108775691060817
100.59,0.0010915447982665
100.6,0.00109535882562467
100.61,0.00109919912502956
100.62,0.00110306583003949
100.63,0.00110695907542961
100.64,0.00111087899784222
100.65,0.00111482573810181
100.66,0.00111879943200666
100.67,0.00112280021950816
100.68,0.00112682824182378
100.69,0.0011308836414434
100.7,0.00113496656213552
100.71,0.00113907714895372
100.72,0.00114321554824288
100.73,0.00114738190764541
100.74,0.00115157637610773
100.75,0.00115579910388645
100.76,0.00116005024255471
100.77,0.00116432994773207
100.78,0.00116863837412464
100.79,0.00117297567589808
100.8,0.00117734201023631
100.81,0.00118173753569493
100.82,0.00118616241220831
100.83,0.00119061680109672
100.84,0.00119510086507356
100.85,0.00119961476825253
100.86,0.00120415867615462
100.87,0.00120873275571549
100.88,0.00121333717529249
100.89,0.00121797210470392
100.9,0.00122263772050293
100.91,0.001227334191779
100.92,0.00123206169293724
100.93,0.00123682039986519
100.94,0.0012416104899408
100.95,0.00124643214204052
100.96,0.00125128553654742
100.97,0.00125617085535927
100.98,0.00126108828189646
100.99,0.0012660380011103
101,0.00127102019949092
101.01,0.00127603506507543
101.02,0.00128108278973878
101.03,0.00128616356665851
101.04,0.0012912775863086
101.05,0.00129642504331741
101.06,0.0013016061339278
101.07,0.00130682105600622
101.08,0.00131207000905166
101.09,0.00131735319420486
101.1,0.00132267081425733
101.11,0.00132802307366025
101.12,0.00133341017853377
101.13,0.00133883233667592
101.14,0.00134428975757167
101.15,0.00134978265603467
101.16,0.00135531124353649
101.17,0.00136087573451405
101.18,0.00136647634566641
101.19,0.00137211329546201
101.2,0.00137778680414913
101.21,0.00138349709376674
101.22,0.00138924438815504
101.23,0.00139502891296599
101.24,0.00140085089567417
101.25,0.00140671056676114
101.26,0.00141260815797349
101.27,0.00141854390163494
101.28,0.00142451803282027
101.29,0.00143053078850043
101.3,0.00143658240755402
101.31,0.00144267313077887
101.32,0.00144880320090351
101.33,0.00145497286259864
101.34,0.00146118236248877
101.35,0.00146743194952211
101.36,0.00147372187584786
101.37,0.0014800523929766
101.38,0.00148642375563582
101.39,0.00149283622058207
101.4,0.00149929004661321
101.41,0.00150578549458069
101.42,0.00151232282740188
101.43,0.00151890231007233
101.44,0.00152552420967813
101.45,0.001532188795408
101.46,0.00153889634095715
101.47,0.00154564711878653
101.48,0.00155244140438292
101.49,0.0015592794757134
101.5,0.00156616161293333
101.51,0.00157308809839973
101.52,0.00158005921668453
101.53,0.00158707525458797
101.54,0.00159413650115184
101.55,0.00160124324767284
101.56,0.00160839578881845
101.57,0.00161559442110947
101.58,0.00162283944220228
101.59,0.00163013115284111
101.6,0.0016374698561275
101.61,0.00164485585753543
101.62,0.0016522894649267
101.63,0.00165977098856597
101.64,0.00166730074131852
101.65,0.00167487903916833
101.66,0.00168250619922079
101.67,0.00169018254164345
101.68,0.00169790838910006
101.69,0.0017056840667667
101.7,0.00171350990234769
101.71,0.00172138622609199
101.72,0.00172931337080913
101.73,0.00173729167231159
101.74,0.00174532146852655
101.75,0.00175340310008926
101.76,0.00176153691032907
101.77,0.00176972324523366
101.78,0.00177796245346631
101.79,0.00178625488681779
101.8,0.00179460089996017
101.81,0.00180300084903663
101.82,0.00181145509336523
101.83,0.00181996399490147
101.84,0.00182852791823859
101.85,0.00183714723349486
101.86,0.00184582231315533
101.87,0.0018545535286394
101.88,0.00186334125612648
101.89,0.00187218587452929
101.9,0.00188108776549391
101.91,0.00189004731768593
101.92,0.00189906491983238
101.93,0.00190814096107984
101.94,0.00191727583520724
101.95,0.00192646993883627
101.96,0.0019357236714317
101.97,0.0019450374413352
101.98,0.0019544116538307
101.99,0.00196384671679338
102,0.00197334304243218
102.01,0.00198290104592291
102.02,0.00199252114540821
102.03,0.00200220376949336
102.04,0.00201194934051433
102.05,0.00202175828614521
102.06,0.00203163103782219
102.07,0.00204156803007572
102.08,0.00205156970066194
102.09,0.00206163649878429
102.1,0.00207176886488745
102.11,0.00208196724719395
102.12,0.00209223209714805
102.13,0.00210256386941548
102.14,0.00211296302308486
102.15,0.00212343002782735
102.16,0.0021339653440283
102.17,0.0021445694405591
102.18,0.00215524278962934
102.19,0.00216598586678688
102.2,0.00217679915091756
102.21,0.00218768313247239
102.22,0.00219863829789131
102.23,0.0022096651350358
102.24,0.00222076413785216
102.25,0.00223193580376868
102.26,0.00224318063369568
102.27,0.00225449913500894
102.28,0.00226589182526457
102.29,0.00227735921122038
102.3,0.00228890180951757
102.31,0.00230052014043713
102.32,0.00231221472789995
102.33,0.00232398609946652
102.34,0.00233583479730651
102.35,0.00234776135454073
102.36,0.00235976630958136
102.37,0.00237185020646609
102.38,0.0023840135930324
102.39,0.00239625702091757
102.4,0.00240858105005398
102.41,0.00242098624743237
102.42,0.00243347317223388
102.43,0.00244604239314408
102.44,0.00245869448280863
102.45,0.00247143001783301
102.46,0.00248424957878294
102.47,0.00249715376330131
102.48,0.00251014315520314
102.49,0.0025232183480511
102.5,0.00253637994022199
102.51,0.00254962853421551
102.52,0.00256296473665434
102.53,0.00257638916480517
102.54,0.00258990243931058
102.55,0.00260350517580569
102.56,0.00261719799929574
102.57,0.00263098153906715
102.58,0.00264485642868713
102.59,0.00265882330600423
102.6,0.00267288282640633
102.61,0.00268703563324524
102.62,0.00270128237733889
102.63,0.00271562371575553
102.64,0.00273006031001466
102.65,0.002744592826087
102.66,0.00275922193713727
102.67,0.00277394833053109
102.68,0.0027887726794936
102.69,0.00280369566980155
102.7,0.0028187179918541
102.71,0.00283384034067337
102.72,0.00284906341590413
102.73,0.00286438792977702
102.74,0.00287981459560159
102.75,0.00289534412402354
102.76,0.00291097723517453
102.77,0.00292671465397487
102.78,0.0029425571101335
102.79,0.00295850533814803
102.8,0.00297456009084966
102.81,0.00299072210758448
102.82,0.0030069921381049
102.83,0.00302337093801691
102.84,0.00303985926787319
102.85,0.00305645789317284
102.86,0.00307316758757447
102.87,0.00308998913596303
102.88,0.00310692331392344
102.89,0.0031239709084673
102.9,0.0031411327116997
102.91,0.00315840952081924
102.92,0.00317580213811801
102.93,0.00319331137822296
102.94,0.00321093805576653
102.95,0.00322868298658886
102.96,0.00324654699495035
102.97,0.00326453091033672
102.98,0.00328263556745862
102.99,0.0033008618062523
103,0.00331921048221208
103.01,0.00333768244106481
103.02,0.00335627853960045
103.03,0.00337499964002481
103.04,0.00339384660987889
103.05,0.00341282032203883
103.06,0.00343192165695048
103.07,0.00345115150263173
103.08,0.00347051074565053
103.09,0.00349000028116939
103.1,0.00350962100976603
103.11,0.00352937383743306
103.12,0.00354925967557863
103.13,0.00356927944263087
103.14,0.00358943406119586
103.15,0.00360972445885206
103.16,0.00363015156912593
103.17,0.00365071633100289
103.18,0.00367141968883758
103.19,0.00369226259206891
103.2,0.00371324599622335
103.21,0.00373437086202139
103.22,0.00375563815563234
103.23,0.003777048848674
103.24,0.00379860391630155
103.25,0.00382030434054459
103.26,0.00384215110947498
103.27,0.00386414521595298
103.28,0.00388628765823478
103.29,0.00390857943901398
103.3,0.00393102156206914
103.31,0.00395361504371039
103.32,0.0039763609026476
103.33,0.00399926016287256
103.34,0.00402231385365975
103.35,0.00404552300274838
103.36,0.00406888864806767
103.37,0.00409241183518649
103.38,0.00411609361250688
103.39,0.00413993503352146
103.4,0.00416393715459547
103.41,0.00418810102642585
103.42,0.00421242772237637
103.43,0.00423691831355342
103.44,0.00426157387587751
103.45,0.0042863954900828
103.46,0.00431138423112341
103.47,0.00433654118463576
103.48,0.00436186744489653
103.49,0.00438736410666589
103.5,0.00441303226862168
103.51,0.00443887303310761
103.52,0.00446488749839049
103.53,0.00449107677658788
103.54,0.00451744197926314
103.55,0.0045439842211892
103.56,0.00457070462025489
103.57,0.00459760429517036
103.58,0.00462468436535093
103.59,0.00465194595825312
103.6,0.00467939020136516
103.61,0.00470701822448777
103.62,0.00473483115961693
103.63,0.00476283013447344
103.64,0.00479101628355204
103.65,0.00481939074397595
103.66,0.00484795465262132
103.67,0.00487670914751248
103.68,0.00490565536675905
103.69,0.0049347944383231
103.7,0.00496412750573891
103.71,0.00499365570673672
103.72,0.00502338017883972
103.73,0.00505330205916788
103.74,0.00508342247839764
103.75,0.00511374256359456
103.76,0.00514426345075878
103.77,0.00517498626911511
103.78,0.00520591214576236
103.79,0.00523704220542344
103.8,0.00526837755638149
103.81,0.00529991931667221
103.82,0.00533166860017554
103.83,0.0053636265142412
103.84,0.00539579416169845
103.85,0.00542817263780067
103.86,0.00546076301600791
103.87,0.00549356638872421
103.88,0.00552658383186924
103.89,0.00555981641428874
103.9,0.00559326519736917
103.91,0.00562693122598568
103.92,0.00566081552783128
103.93,0.00569491914321739
103.94,0.00572924309251855
103.95,0.00576378838547979
103.96,0.00579855602074339
103.97,0.00583354696694405
103.98,0.00586876218668465
103.99,0.00590420264302651
104,0.00593986927595598
104.01,0.005975763010403
104.02,0.00601188475565508
104.03,0.00604823537007756
104.04,0.00608481572860893
104.05,0.00612162668481085
104.06,0.006158669066938
104.07,0.00619594368261461
104.08,0.00623345131661495
104.09,0.00627119268118667
104.1,0.0063091685319689
104.11,0.0063473795735258
104.12,0.00638582648382392
104.13,0.00642450991333143
104.14,0.00646343047197071
104.15,0.00650258870641195
104.16,0.00654198519031288
104.17,0.00658162043966284
104.18,0.00662149493579391
104.19,0.00666160912428873
104.2,0.00670196338558262
104.21,0.00674255805424109
104.22,0.0067833934678231
104.23,0.00682446989924925
104.24,0.00686578757707567
104.25,0.0069073466841761
104.26,0.00694914730119872
104.27,0.00699118949668842
104.28,0.00703347330507479
104.29,0.00707599868923464
104.3,0.00711876555580135
104.31,0.00716177375356924
104.32,0.00720502297835425
104.33,0.00724851297223386
104.34,0.0072922433816048
104.35,0.0073362137780508
104.36,0.00738042366249788
104.37,0.00742487245142775
104.38,0.00746955939498022
104.39,0.00751448379776515
104.4,0.00755964482929214
104.41,0.00760504157364091
104.42,0.00765067302715725
104.43,0.00769653805898163
104.44,0.00774263539743583
104.45,0.00778896378018157
104.46,0.00783552179573046
104.47,0.00788230792757732
104.48,0.0079293205514812
104.49,0.00797655785917578
104.5,0.00802401794579556
104.51,0.00807169885254185
104.52,0.00811959845767057
104.53,0.00816771451156996
104.54,0.00821604463358157
104.55,0.00826458619391573
104.56,0.00831333652197137
104.57,0.00836229281202223
104.58,0.008411452082726
104.59,0.00846081119849627
104.6,0.00851036686581631
104.61,0.00856011547283512
104.62,0.00861005343254355
104.63,0.00866017692068327
104.64,0.00871048192787022
104.65,0.00876096426076148
104.66,0.00881161952085733
104.67,0.00886244299673768
104.68,0.00891342995444734
104.69,0.00896457538355149
104.7,0.00901587406184644
104.71,0.00906732055066169
104.72,0.00911890916411013
104.73,0.00917063394129962
104.74,0.00922248876846448
104.75,0.00927446725636262
104.76,0.00932656276828156
104.77,0.00937876840331373
104.78,0.00943107699884029
104.79,0.00948348114233194
104.8,0.00953597314358844
104.81,0.00958854503628812
104.82,0.0096411885792123
104.83,0.00969389524101524
104.84,0.00974665619566842
104.85,0.00979946232179289
104.86,0.00985230419525968
104.87,0.00990517210686516
104.88,0.00995805601292923
104.89,0.0100109455557
104.9,0.0100638300572702
104.91,0.0101166985139375
104.92,0.0101695396448066
104.93,0.0102223417657642
104.94,0.0102750928774436
104.95,0.0103277806360484
104.96,0.0103803923679154
104.97,0.0104329151238719
104.98,0.0104853354898243
104.99,0.010537639738094
105,0.0105898137807432
105.01,0.0106418432248362
105.02,0.010693713374525
105.03,0.0107454090369539
105.04,0.0107969147115598
105.05,0.0108482145305493
105.06,0.0108992923787947
105.07,0.0109501317629399
105.08,0.0110007157174236
105.09,0.011051026972072
105.1,0.0111010478931595
105.11,0.0111507606918155
105.12,0.0112001470756204
105.13,0.0112491883682336
105.14,0.0112978655886375
105.15,0.0113461594080316
105.16,0.0113940504784029
105.17,0.01144151876482
105.18,0.0114885440063286
105.19,0.0115351056354987
105.2,0.0115811828009019
105.21,0.0116267546825296
105.22,0.0116717997244432
105.23,0.0117162962499355
105.24,0.0117602223046593
105.25,0.0118035557374475
105.26,0.0118462743524399
105.27,0.0118883554374296
105.28,0.0119297761679188
105.29,0.0119705135522388
105.3,0.012010544525672
105.31,0.0120498456923513
105.32,0.0120883935572411
105.33,0.0121261645146699
105.34,0.0121631349385375
105.35,0.0121992809525653
105.36,0.0122345786419261
105.37,0.0122690040643336
105.38,0.0123025333820506
105.39,0.012335142520528
105.4,0.0123668074746731
105.41,0.0123975043081083
105.42,0.0124272093197258
105.43,0.0124558986206603
105.44,0.0124835485114757
105.45,0.0125101354644604
105.46,0.0125356362954517
105.47,0.012560027749378
105.48,0.012583286875436
105.49,0.0126053910085235
105.5,0.0126263179368416
105.51,0.0126460455219627
105.52,0.0126645520508942
105.53,0.0126818162301882
105.54,0.0126978173646152
105.55,0.0127125349450566
105.56,0.0127259490371364
105.57,0.012738040222532
105.58,0.0127487899491835
105.59,0.012758179903442
105.6,0.0127661925277324
105.61,0.0127728109323737
105.62,0.0127780191508244
105.63,0.0127818018133941
105.64,0.012784144333472
105.65,0.0127850329912281
105.66,0.0127844550199384
105.67,0.0127823985695823
105.68,0.0127788526779645
105.69,0.0127738074162377
105.7,0.0127672538860926
105.71,0.0127591842538408
105.72,0.0127495918157039
105.73,0.012738471011879
105.74,0.0127258174461628
105.75,0.0127116277566245
105.76,0.0126959000589088
105.77,0.0126786336686107
105.78,0.0126598292186264
105.79,0.0126394882526383
105.8,0.0126176141045271
105.81,0.0125942113783823
105.82,0.0125692860712256
105.83,0.0125428451343339
105.84,0.0125148971799465
105.85,0.0124854524193475
105.86,0.0124545224050761
105.87,0.0124221197474748
105.88,0.0123882583173231
105.89,0.0123529540163126
105.9,0.0123162239396823
105.91,0.0122780863574841
105.92,0.0122385601879721
105.93,0.0121976668968374
105.94,0.0121554288939528
105.95,0.0121118699704783
105.96,0.0120670138002491
105.97,0.0120208867812167
105.98,0.0119735162444216
105.99,0.0119249306556155
106,0.0118751588823047
106.01,0.0118242307396964
106.02,0.0117721780257788
106.03,0.01171903311369
106.04,0.011664829156459
106.05,0.0116095989170202
106.06,0.0115533776087034
106.07,0.0114962005896951
106.08,0.0114381039116235
106.09,0.011379123264855
106.1,0.0113192955787864
106.11,0.0112586583259502
106.12,0.0111972491974492
106.13,0.0111351058975229
106.14,0.0110722660416299
106.15,0.0110087680486582
106.16,0.0109446501399162
106.17,0.0108799505294336
106.18,0.0108147069576042
106.19,0.0107489574831268
106.2,0.0106827397727084
106.21,0.0106160911956424
106.22,0.0105490488490858
106.23,0.0104816493684109
106.24,0.0104139288489104
106.25,0.0103459228547851
106.26,0.0102776664879443
106.27,0.0102091945909853
106.28,0.0101405406731559
106.29,0.010071737714394
106.3,0.0100028178676708
106.31,0.00993381349611104
106.32,0.00986475500280168
106.33,0.00979567214114665
106.34,0.00972659376249698
106.35,0.00965754842339797
106.36,0.00958856377345828
106.37,0.00951966569998436
106.38,0.0094508794264395
106.39,0.00938222924284957
106.4,0.00931373985991762
106.41,0.00924543313829141
106.42,0.00917733055536236
106.43,0.00910945253471593
106.44,0.00904181917848765
106.45,0.00897444951993054
106.46,0.008907361214015
106.47,0.00884057120669299
106.48,0.00877409579798221
106.49,0.00870795009939448
106.5,0.00864214842351465
106.51,0.00857670425339041
106.52,0.00851163026187455
106.53,0.00844693816746577
106.54,0.00838263888238755
106.55,0.00831874285275653
106.56,0.00825525949964576
106.57,0.00819219748904683
106.58,0.00812956486205864
106.59,0.00806736926646407
106.6,0.00800561734533524
106.61,0.00794431524364805
106.62,0.0078834685456952
106.63,0.00782308226893647
106.64,0.00776316086880694
106.65,0.00770370829631768
106.66,0.00764472787002718
106.67,0.00758622257184995
106.68,0.0075281948805085
106.69,0.00747064682319958
106.7,0.00741357999416452
106.71,0.00735699562838752
106.72,0.00730089457608087
106.73,0.00724527735090539
106.74,0.00719014414778047
106.75,0.00713549484385209
106.76,0.00708132904485013
106.77,0.00702764604199308
106.78,0.00697444488232439
106.79,0.00692172444042322
106.8,0.00686948336538054
106.81,0.0068177199374172
106.82,0.00676643230492286
106.83,0.00671561853681842
106.84,0.00666527649245761
106.85,0.00661540375483073
106.86,0.00656599784063867
106.87,0.00651705616830097
106.88,0.00646857601711448
106.89,0.00642055444693375
106.9,0.0063729885084639
106.91,0.00632587516344426
106.92,0.00627921128523205
106.93,0.0062329935631811
106.94,0.00618721873435449
106.95,0.00614188345814574
106.96,0.00609698434370967
106.97,0.00605251772103776
106.98,0.00600848019182111
106.99,0.00596486822382377
107,0.00592167826922412
107.01,0.00587890677400194
107.02,0.00583654974161281
107.03,0.0057946036809832
107.04,0.00575306494048872
107.05,0.00571192985615215
107.06,0.00567119477255901
107.07,0.00563085569039101
107.08,0.00559090899447843
107.09,0.00555135099462545
107.1,0.00551217798379314
107.11,0.0054733862701014
107.12,0.00543497199562791
107.13,0.00539693149343532
107.14,0.00535926109705905
107.15,0.00532195713635228
107.16,0.00528501596444547
107.17,0.00524843384740488
107.18,0.00521220716892388
107.19,0.00517633234632314
107.2,0.00514080580391188
107.21,0.00510562399655391
107.22,0.00507078329494188
107.23,0.0050362801784254
107.24,0.00500211118549415
107.25,0.00496827285604053
107.26,0.00493476176235196
107.27,0.00490157441793623
107.28,0.00486870741380769
107.29,0.00483615741399864
107.3,0.00480392108247685
107.31,0.00477199511433352
107.32,0.00474037619710033
107.33,0.00470906106108039
107.34,0.00467804649532118
107.35,0.00464732930305383
107.36,0.00461690631876066
107.37,0.00458677439459214
107.38,0.00455693041517667
107.39,0.00452737131116998
107.4,0.00449809403774113
107.41,0.00446909558245048
107.42,0.00444037294629251
107.43,0.00441192315777382
107.44,0.00438374330370552
107.45,0.00435583048966967
107.46,0.00432818185292557
107.47,0.00430079454380057
107.48,0.00427366573209213
107.49,0.00424679265202713
107.5,0.00422017255191289
107.51,0.00419380270947392
107.52,0.00416768042635713
107.53,0.00414180302725803
107.54,0.00411616787852949
107.55,0.00409077236911489
107.56,0.00406561391601063
107.57,0.00404068996532531
107.58,0.00401599799309143
107.59,0.00399153549937079
107.6,0.00396730001357134
107.61,0.00394328909277326
107.62,0.00391950031928874
107.63,0.00389593129668759
107.64,0.0038725796654407
107.65,0.00384944308862917
107.66,0.00382651925576977
107.67,0.00380380588048223
107.68,0.0037813006852495
107.69,0.00375900144105976
107.7,0.00373690593466876
107.71,0.00371501197712112
107.72,0.00369331740347884
107.73,0.00367182007125377
107.74,0.00365051786297147
107.75,0.00362940868371571
107.76,0.0036084904614218
107.77,0.0035877611465986
107.78,0.00356721872792959
107.79,0.0035468612010808
107.8,0.00352668658669102
107.81,0.0035066929297531
107.82,0.00348687829769078
107.83,0.00346724077253547
107.84,0.00344777846307296
107.85,0.00342848950147952
107.86,0.00340937203896051
107.87,0.00339042424748988
107.88,0.00337164431379612
107.89,0.0033530304456198
107.9,0.00333458087527686
107.91,0.00331629385146066
107.92,0.0032981676417039
107.93,0.00328020053687971
107.94,0.00326239084929358
107.95,0.00324473690090209
107.96,0.00322723703605432
107.97,0.00320988961727944
107.98,0.00319269302986873
107.99,0.00317564568673901
108,0.00315874600113076
108.01,0.0031419924118841
108.02,0.0031253833759271
108.03,0.00310891736812492
108.04,0.00309259285882773
108.05,0.00307640835927648
108.06,0.00306036239209386
108.07,0.00304445349391742
108.08,0.00302868021711879
108.09,0.00301304113455611
108.1,0.00299753483645646
108.11,0.00298215992023745
108.12,0.00296691500254609
108.13,0.00295179871517622
108.14,0.00293680970498752
108.15,0.00292194663694655
108.16,0.00290720818627893
108.17,0.00289259304433976
108.18,0.00287809991679834
108.19,0.00286372752344846
108.2,0.0028494746021479
108.21,0.00283533990298189
108.22,0.00282132218725361
108.23,0.00280742023167816
108.24,0.00279363282655334
108.25,0.00277995877544582
108.26,0.0027663968945323
108.27,0.00275294601405942
108.28,0.00273960497677978
108.29,0.00272637263818024
108.3,0.00271324786631855
108.31,0.00270022954175332
108.32,0.00268731655720893
108.33,0.00267450781749242
108.34,0.00266180223935186
108.35,0.0026491987512963
108.36,0.00263669629467331
108.37,0.00262429382365589
108.38,0.00261199030049375
108.39,0.00259978470017478
108.4,0.00258767600881337
108.41,0.00257566322350041
108.42,0.00256374535419524
108.43,0.00255192142123732
108.44,0.00254019045355935
108.45,0.00252855149178856
108.46,0.00251700358696634
108.47,0.00250554580041168
108.48,0.00249417720681107
108.49,0.00248289688833043
108.5,0.00247170393660376
108.51,0.00246059745399062
108.52,0.00244957655265657
108.53,0.00243864035445118
108.54,0.0024277879919229
108.55,0.0024170186057329
108.56,0.00240633134628701
108.57,0.00239572537330559
108.58,0.00238519985563987
108.59,0.00237475397123083
108.6,0.00236438690768765
108.61,0.00235409786031624
108.62,0.0023438860335435
108.63,0.00233375064037724
108.64,0.00232369090229103
108.65,0.0023137060500013
108.66,0.00230379532433016
108.67,0.00229395797080231
108.68,0.0022841932445775
108.69,0.00227450040887136
108.7,0.00226487873485236
108.71,0.00225532750264509
108.72,0.00224584600040428
108.73,0.00223643352230717
108.74,0.00222708937101957
108.75,0.00221781285676424
108.76,0.00220860329722614
108.77,0.00219946001850406
108.78,0.00219038235326292
108.79,0.00218136964093432
108.8,0.0021724212284704
108.81,0.00216353646986612
108.82,0.00215471472606815
108.83,0.00214595536508139
108.84,0.00213725776432725
108.85,0.00212862130402417
108.86,0.00212004537261109
108.87,0.00211152936511511
108.88,0.00210307268306653
108.89,0.00209467473441359
108.9,0.00208633493478085
108.91,0.00207805270601374
108.92,0.00206982747438445
108.93,0.00206165867329637
108.94,0.00205354574224037
108.95,0.00204548812671588
108.96,0.00203748527815149
108.97,0.00202953665689209
108.98,0.00202164172521627
108.99,0.00201379995231819
109,0.00200601081329483
109.01,0.00199827378888481
109.02,0.00199058836539609
109.03,0.00198295403531219
109.04,0.00197537029738828
109.05,0.00196783665367663
109.06,0.00196035261252229
109.07,0.00195291768755143
109.08,0.0019455313976035
109.09,0.00193819326666374
109.1,0.00193090282551248
109.11,0.00192365960833112
109.12,0.0019164631541867
109.13,0.00190931300748672
109.14,0.00190220871752215
109.15,0.00189514983840452
109.16,0.00188813592931703
109.17,0.00188116655563272
109.18,0.00187424128489748
109.19,0.0018673596903102
109.2,0.00186052134964304
109.21,0.00185372584518267
109.22,0.0018469727636719
109.23,0.00184026169769197
109.24,0.00183359224349718
109.25,0.00182696400062478
109.26,0.0018203765736123
109.27,0.00181382957124315
109.28,0.00180732260649336
109.29,0.00180085529647825
109.3,0.00179442726363617
109.31,0.00178803813277682
109.32,0.00178168753333407
109.33,0.00177537509872317
109.34,0.00176910046627186
109.35,0.00176286327716939
109.36,0.00175666317700776
109.37,0.00175049981575654
109.38,0.00174437284546015
109.39,0.00173828192264025
109.4,0.00173222670748549
109.41,0.00172620686380439
109.42,0.00172022205897832
109.43,0.00171427196542805
109.44,0.00170835625770713
109.45,0.00170247461364236
109.46,0.00169662671489967
109.47,0.00169081224655061
109.48,0.00168503089702968
109.49,0.00167928235821619
109.5,0.0016735663263354
109.51,0.00166788249921602
109.52,0.00166223057857595
109.53,0.00165661026932213
109.54,0.00165102127951032
109.55,0.00164546332030496
109.56,0.00163993610646303
109.57,0.00163443935576728
109.58,0.00162897278829623
109.59,0.00162353612749384
109.6,0.00161812909974867
109.61,0.00161275143435623
109.62,0.00160740286348089
109.63,0.0016020831236378
109.64,0.00159679195233916
109.65,0.00159152909030697
109.66,0.00158629428118681
109.67,0.00158108727135969
109.68,0.00157590780990771
109.69,0.00157075564871068
109.7,0.00156563054257276
109.71,0.00156053224826131
109.72,0.00155546052540346
109.73,0.00155041513616664
109.74,0.0015453958452246
109.75,0.0015404024197238
109.76,0.00153543462924958
109.77,0.00153049224719788
109.78,0.00152557505021403
109.79,0.00152068281379101
109.8,0.00151581531753781
109.81,0.00151097234341183
109.82,0.00150615367568958
109.83,0.001501359100937
109.84,0.00149658840798019
109.85,0.00149184138871782
109.86,0.00148711783708261
109.87,0.00148241754810901
109.88,0.00147774031963929
109.89,0.00147308595166327
109.9,0.00146845424629076
109.91,0.00146384500772404
109.92,0.00145925804223026
109.93,0.00145469315872162
109.94,0.00145015016769434
109.95,0.00144562888130419
109.96,0.00144112911395682
109.97,0.00143665068200473
109.98,0.00143219340372078
109.99,0.00142775709927164
110,0.00142334159069134
110.01,0.00141894670410222
110.02,0.00141457226510592
110.03,0.00141021810101958
110.04,0.00140588404155206
110.05,0.00140156991820652
110.06,0.00139727556425708
110.07,0.00139300081472565
110.08,0.00138874550635855
110.09,0.00138450947985028
110.1,0.00138029257469065
110.11,0.0013760946327604
110.12,0.00137191549786867
110.13,0.00136775501548244
110.14,0.00136361303270593
110.15,0.00135948939825996
110.16,0.00135538396246141
110.17,0.00135129657776106
110.18,0.00134722709734511
110.19,0.00134317537626901
110.2,0.00133914127111308
110.21,0.00133512463996114
110.22,0.0013311253423806
110.23,0.00132714323940242
110.24,0.00132317819364646
110.25,0.00131923007029823
110.26,0.00131529873400518
110.27,0.00131138405163949
110.28,0.00130748589146042
110.29,0.0013036041230956
110.3,0.0012997386175222
110.31,0.0012958892470482
110.32,0.00129205588529369
110.33,0.00128823840989503
110.34,0.00128443669612237
110.35,0.00128065062154321
110.36,0.00127688006526888
110.37,0.00127312490768074
110.38,0.00126938503041412
110.39,0.00126566031634227
110.4,0.00126195064956025
110.41,0.0012582559162659
110.42,0.00125457600309196
110.43,0.00125091079752204
110.44,0.00124726018857356
110.45,0.0012436240664293
110.46,0.0012400023224225
110.47,0.00123639484902207
110.48,0.00123280153981781
110.49,0.00122922228961169
110.5,0.00122565699431481
110.51,0.00122210555071597
110.52,0.00121856785677635
110.53,0.00121504381150832
110.54,0.00121153331496085
110.55,0.00120803626820493
110.56,0.00120455257331894
110.57,0.00120108213374315
110.58,0.00119762485514731
110.59,0.00119418064169835
110.6,0.00119074939963112
110.61,0.00118733103614934
110.62,0.00118392545941275
110.63,0.00118053257852439
110.64,0.00117715230351788
110.65,0.00117378454534465
110.66,0.00117042921809632
110.67,0.00116708623348002
110.68,0.00116375550536972
110.69,0.00116043694857921
110.7,0.00115713047881448
110.71,0.00115383601266284
110.72,0.00115055346758219
110.73,0.0011472827618903
110.74,0.00114402381467499
110.75,0.00114077654594642
110.76,0.00113754087654402
110.77,0.00113431672810171
110.78,0.00113110402305746
110.79,0.00112790268464233
110.8,0.00112471263686967
110.81,0.00112153380452415
110.82,0.00111836611335512
110.83,0.00111520948979453
110.84,0.00111206386078091
110.85,0.00110892915413203
110.86,0.0011058052983896
110.87,0.00110269222280855
110.88,0.00109958985734668
110.89,0.00109649813265403
110.9,0.00109341698061813
110.91,0.00109034633543766
110.92,0.00108728612860961
110.93,0.0010842362938223
110.94,0.00108119676545041
110.95,0.00107816747854705
110.96,0.00107514836883557
110.97,0.00107213937270164
110.98,0.00106914042718517
110.99,0.0010661514697739
111,0.00106317243886947
111.01,0.00106020327341288
111.02,0.00105724391295091
111.03,0.00105429429764084
111.04,0.0010513543682422
111.05,0.00104842406610859
111.06,0.00104550333317944
111.07,0.00104259211242419
111.08,0.00103969034705562
111.09,0.00103679798059983
111.1,0.00103391495736123
111.11,0.00103104122220163
111.12,0.00102817672053257
111.13,0.00102532139830783
111.14,0.00102247520201582
111.15,0.0010196380789134
111.16,0.0010168099770622
111.17,0.00101399084421521
111.18,0.00101118062903469
111.19,0.00100837928069343
111.2,0.00100558674886804
111.21,0.00100280298373194
111.22,0.00100002793594865
111.23,0.000997261556680903
111.24,0.000994503798404781
111.25,0.000991754612786322
111.26,0.000989013952487548
111.27,0.000986281770639848
111.28,0.000983558020837864
111.29,0.000980842657133377
111.3,0.000978135634029194
111.31,0.000975436906473018
111.32,0.000972746430258176
111.33,0.000970064161201754
111.34,0.000967390055498229
111.35,0.000964724069893344
111.36,0.000962066161556827
111.37,0.000959416288076693
111.38,0.000956774407453679
111.39,0.000954140478095619
111.4,0.000951514458991058
111.41,0.000948896309568967
111.42,0.00094628598928983
111.43,0.000943683458195786
111.44,0.00094108867671562
111.45,0.000938501605659604
111.46,0.000935922206214195
111.47,0.000933350439936864
111.48,0.000930786268811028
111.49,0.000928229655636464
111.5,0.0009256805627876
111.51,0.000923138953328108
111.52,0.000920604790675935
111.53,0.000918078038598591
111.54,0.000915558661208432
111.55,0.000913046622957942
111.56,0.000910541888635003
111.57,0.00090804442417592
111.58,0.000905554194780831
111.59,0.000903071166232647
111.6,0.000900595304818676
111.61,0.000898126577185641
111.62,0.000895664950339595
111.63,0.000893210391645974
111.64,0.000890762865241889
111.65,0.000888322340523708
111.66,0.00088588878574338
111.67,0.000883462169222601
111.68,0.000881042459604773
111.69,0.000878629625854987
111.7,0.000876223637255864
111.71,0.000873824462918052
111.72,0.000871432073013402
111.73,0.000869046437737446
111.74,0.000866667527602626
111.75,0.000864295313438349
111.76,0.000861929766390975
111.77,0.00085957085781956
111.78,0.000857218558403477
111.79,0.000854872840787172
111.8,0.000852533677243895
111.81,0.000850201040352056
111.82,0.000847874902995279
111.83,0.000845555238362321
111.84,0.000843242018881203
111.85,0.000840935213302361
111.86,0.000838634798318014
111.87,0.000836340747590752
111.88,0.000834053035026411
111.89,0.000831771634774059
111.9,0.000829496521226
111.91,0.000827227669325577
111.92,0.000824965054767543
111.93,0.000822708652237867
111.94,0.0008204584372458
111.95,0.000818214385555715
111.96,0.000815976473187033
111.97,0.000813744676414262
111.98,0.00081151897085048
111.99,0.000809299331834082
112,0.000807085737225657
112.01,0.000804878164000689
112.02,0.000802676589363664
112.03,0.000800480990748071
112.04,0.000798291345816406
112.05,0.000796107630895573
112.06,0.000793929822660916
112.07,0.000791757900365183
112.08,0.000789591842155305
112.09,0.000787431626372257
112.1,0.000785277231551027
112.11,0.000783128636420669
112.12,0.000780985820992002
112.13,0.000778848764907097
112.14,0.000776717447082944
112.15,0.000774591847271673
112.16,0.00077247194543931
112.17,0.000770357721765773
112.18,0.000768249156644864
112.19,0.000766146228565438
112.2,0.000764048917999551
112.21,0.000761957206421567
112.22,0.000759871074673887
112.23,0.000757790503780305
112.24,0.000755715474946056
112.25,0.000753645969557742
112.26,0.000751581967241504
112.27,0.00074952344989226
112.28,0.000747470399614849
112.29,0.000745422798199568
112.3,0.000743380627592607
112.31,0.000741343869896042
112.32,0.000739312507367877
112.33,0.000737286522595489
112.34,0.000735265898103082
112.35,0.000733250616616766
112.36,0.000731240661043342
112.37,0.000729236014447454
112.38,0.000727236660051638
112.39,0.000725242581236307
112.4,0.000723253760762465
112.41,0.000721270182556219
112.42,0.00071929183036638
112.43,0.000717318688055052
112.44,0.000715350739628486
112.45,0.000713387968990746
112.46,0.000711430359827044
112.47,0.000709477896799746
112.48,0.000707530564333933
112.49,0.000705588346983474
112.5,0.000703651229430962
112.51,0.000701719196412579
112.52,0.000699792232852066
112.53,0.000697870323822916
112.54,0.000695953454502149
112.55,0.000694041610193603
112.56,0.000692134776325136
112.57,0.000690232938410136
112.58,0.000688336082149236
112.59,0.000686444193345655
112.6,0.000684557257928628
112.61,0.000682675261953455
112.62,0.000680798191280079
112.63,0.00067892603180347
112.64,0.000677058770105937
112.65,0.000675196392603568
112.66,0.00067333888582469
112.67,0.000671486236409864
112.68,0.000669638430511477
112.69,0.000667795455046861
112.7,0.000665957296960295
112.71,0.000664123943205836
112.72,0.000662295380837196
112.73,0.0006604715970561
112.74,0.000658652579351818
112.75,0.000656838314989665
112.76,0.00065502879147201
112.77,0.000653223996405811
112.78,0.000651423917502615
112.79,0.000649628542537101
112.8,0.000647837859404421
112.81,0.000646051856138696
112.82,0.000644270520855831
112.83,0.000642493841774953
112.84,0.000640721807218459
112.85,0.000638954405006514
112.86,0.000637191623767771
112.87,0.000635433451997198
112.88,0.000633679878256458
112.89,0.000631930891182038
112.9,0.000630186479486139
112.91,0.000628446631986737
112.92,0.000626711337576138
112.93,0.000624980585230313
112.94,0.000623254364310113
112.95,0.000621532663964729
112.96,0.000619815473475257
112.97,0.000618102782251477
112.98,0.000616394579771394
112.99,0.000614690855552608
113,0.000612991599302819
113.01,0.000611296800781888
113.02,0.000609606449840928
113.03,0.000607920536069955
113.04,0.000606239049413809
113.05,0.000604561979954615
113.06,0.000602889317773655
113.07,0.000601221053029372
113.08,0.000599557175959846
113.09,0.000597897676874775
113.1,0.000596242546162248
113.11,0.000594591774286931
113.12,0.000592945352062009
113.13,0.000591303270256238
113.14,0.000589665519576585
113.15,0.000588032090917201
113.16,0.000586402975267982
113.17,0.000584778163771415
113.18,0.000583157647577729
113.19,0.000581541417960329
113.2,0.000579929466285021
113.21,0.000578321783624224
113.22,0.000576718361057799
113.23,0.000575119190147755
113.24,0.000573524262315596
113.25,0.000571933569467098
113.26,0.000570347103269026
113.27,0.000568764855426784
113.28,0.000567186817817309
113.29,0.000565612983104994
113.3,0.00056404334325503
113.31,0.000562477890621596
113.32,0.000560916617579341
113.33,0.000559359516360401
113.34,0.000557806579667915
113.35,0.000556257800163033
113.36,0.00055471317021733
113.37,0.000553172682193239
113.38,0.000551636328957918
113.39,0.000550104103233057
113.4,0.000548575998514389
113.41,0.000547052007884589
113.42,0.000545532124438845
113.43,0.000544016341497795
113.44,0.000542504652639089
113.45,0.000540997051371556
113.46,0.000539493531372876
113.47,0.00053799408640982
113.48,0.000536498710300103
113.49,0.000535007397049933
113.5,0.000533520140739834
113.51,0.000532036935450727
113.52,0.000530557775334559
113.53,0.000529082654765083
113.54,0.000527611568153224
113.55,0.000526144510585575
113.56,0.000524681477021
113.57,0.000523222462455483
113.58,0.000521767461889275
113.59,0.000520316470533003
113.6,0.000518869483824438
113.61,0.000517426496951623
113.62,0.000515987505226512
113.63,0.000514552504239442
113.64,0.000513121489899634
113.65,0.000511694458285609
113.66,0.000510271405329689
113.67,0.000508852327585702
113.68,0.000507437221953029
113.69,0.000506026085109925
113.7,0.000504618913974872
113.71,0.000503215705547012
113.72,0.000501816457200837
113.73,0.000500421166237595
113.74,0.000499029829885458
113.75,0.000497642445853284
113.76,0.000496259012024567
113.77,0.000494879526756303
113.78,0.000493503988153593
113.79,0.000492132394852814
113.8,0.000490764746247588
113.81,0.00048940104130704
113.82,0.000488041279459511
113.83,0.000486685460286049
113.84,0.000485333583726542
113.85,0.0004839856499007
113.86,0.000482641658987583
113.87,0.000481301611539853
113.88,0.000479965508400416
113.89,0.000478633350659365
113.9,0.000477305139676419
113.91,0.000475980877942776
113.92,0.00047466056759661
113.93,0.000473344211030555
113.94,0.000472031810872467
113.95,0.000470723370318758
113.96,0.000469418893358204
113.97,0.000468118383863278
113.98,0.000466821846139199
113.99,0.000465529284816691
114,0.000464240705024633
114.01,0.000462956113521256
114.02,0.000461675516533888
114.03,0.000460398920707385
114.04,0.000459126332892999
114.05,0.000457857760782985
114.06,0.000456593212506686
114.07,0.000455332696484768
114.08,0.000454076221843677
114.09,0.00045282379839168
114.1,0.000451575436157697
114.11,0.000450331148378792
114.12,0.000449090947091173
114.13,0.000447854844991361
114.14,0.000446622854438946
114.15,0.00044539498961489
114.16,0.000444171264455867
114.17,0.000442951693657904
114.18,0.000441736293392669
114.19,0.000440525082561777
114.2,0.000439318078816415
114.21,0.000438115302896697
114.22,0.000436916775994855
114.23,0.00043572251921518
114.24,0.000434532551135865
114.25,0.000433346894426767
114.26,0.000432165573972312
114.27,0.000430988614601984
114.28,0.000429816042140525
114.29,0.000428647886084578
114.3,0.000427484175193829
114.31,0.000426324939817998
114.32,0.000425170211650714
114.33,0.000424020023833606
114.34,0.000422874410337367
114.35,0.000421733406694168
114.36,0.000420597050356667
114.37,0.000419465380483152
114.38,0.000418338437036272
114.39,0.000417216263302949
114.4,0.000416098902898763
114.41,0.000414986401774884
114.42,0.000413878807940486
114.43,0.000412776170719724
114.44,0.000411678541885518
114.45,0.000410585974860246
114.46,0.000409498525206549
114.47,0.000408416251109466
114.48,0.000407339212552067
114.49,0.000406267471887674
114.5,0.000405201093804404
114.51,0.000404140145457097
114.52,0.000403084696329518
114.53,0.000402034818501286
114.54,0.0004009905865878
114.55,0.000399952077818945
114.56,0.000398919372103756
114.57,0.000397892552150344
114.58,0.000396871703473894
114.59,0.000395856914446455
114.6,0.000394848276432869
114.61,0.000393845883782028
114.62,0.00039284983389893
114.63,0.000391860227280211
114.64,0.000390877167654996
114.65,0.00038990076190015
114.66,0.000388931120151734
114.67,0.000387968355928873
114.68,0.000387012586071602
114.69,0.000386063930858185
114.7,0.000385122514049835
114.71,0.000384188462887993
114.72,0.000383261908216443
114.73,0.000382342984481639
114.74,0.000381431829685264
114.75,0.000380528585613229
114.76,0.0003796333977323
114.77,0.000378746415178839
114.78,0.000377867790978087
114.79,0.00037699768192072
114.8,0.000376136248608171
114.81,0.000375283655583828
114.82,0.000374440071240418
114.83,0.000373605667899766
114.84,0.000372780621886312
114.85,0.000371965113445485
114.86,0.000371159326839269
114.87,0.000370363450395289
114.88,0.000369577676428838
114.89,0.000368802201349214
114.9,0.000368037225679876
114.91,0.000367282954016936
114.92,0.000366539595112695
114.93,0.000365807361881594
114.94,0.000365086471414365
114.95,0.000364377145006452
114.96,0.000363679608179502
114.97,0.000362994090748337
114.98,0.000362320826774932
114.99,0.00036166005463754
115,0.000361012017135054
115.01,0.000360376961366218
115.02,0.00035975513886261
115.03,0.000359146805720441
115.04,0.000358552222384624
115.05,0.000357971653850908
115.06,0.0003574053699348
115.07,0.000356853644969993
115.08,0.000356316757888891
115.09,0.000355794992539472
115.1,0.00035528863780679
115.11,0.000354797987118607
115.12,0.000354323338967692
115.13,0.00035386499735275
115.14,0.000353423270899439
115.15,0.00035299847356678
115.16,0.00035259092500114
115.17,0.000352200950159207
115.18,0.0003518288792961
115.19,0.000351475048580239
115.2,0.000351139800434652
115.21,0.000350823482513376
115.22,0.000350526448688456
115.23,0.000350249060017105
115.24,0.000349991682922316
115.25,0.000349754690621966
115.26,0.000349538463571659
115.27,0.000349343389081119
115.28,0.00034916986109662
115.29,0.000349018281132102
115.3,0.000348889059187791
115.31,0.000348782611800783
115.32,0.000348699363771607
115.33,0.000348639749132161
115.34,0.000348604209912066
115.35,0.000348593196504086
115.36,0.000348607168855251
115.37,0.00034864659741456
115.38,0.000348711960755664
115.39,0.000348803747865045
115.4,0.000348922459123516
115.41,0.000349068604700022
115.42,0.000349242705678967
115.43,0.000349445295212612
115.44,0.000349676919244537
115.45,0.000349938134263591
115.46,0.000350229509823257
115.47,0.000350551630800402
115.48,0.000350905093414933
115.49,0.000351290508387106
115.5,0.000351708502245084
115.51,0.000352159716837043
115.52,0.00035264480752524
115.53,0.000353164446303555
115.54,0.000353719322182883
115.55,0.000354310147343565
115.56,0.00035493764365818
115.57,0.000355602554013438
115.58,0.000356305639975066
115.59,0.000357047689636477
115.6,0.000357829506580169
115.61,0.000358651914172325
115.62,0.000359515758795936
115.63,0.000360421912228651
115.64,0.000361371273447444
115.65,0.000362364758041524
115.66,0.000363403309510441
115.67,0.000364487897067486
115.68,0.000365619527417345
115.69,0.000366799222305466
115.7,0.000368028036421438
115.71,0.000369307053819039
115.72,0.000370637396395934
115.73,0.000372020215683476
115.74,0.000373456691221119
115.75,0.000374948038957413
115.76,0.000376495512527755
115.77,0.000378100410937232
115.78,0.000379764057253433
115.79,0.000381487818288281
115.8,0.000383273100594009
115.81,0.000385121366663522
115.82,0.00038703410694049
115.83,0.000389012858761538
115.84,0.000391059205931599
115.85,0.000393174783468897
115.86,0.000395361288853631
115.87,0.000397620448341959
115.88,0.000399954048129906
115.89,0.000402363927510936
115.9,0.000404851992892172
115.91,0.00040742020360878
115.92,0.000410070569678491
115.93,0.000412805165930914
115.94,0.000415626129182078
115.95,0.000418535689852425
115.96,0.000421536109468603
115.97,0.000424629730418869
115.98,0.000427818965305277
115.99,0.000431106305542817
116,0.000434494325549297
116.01,0.000437985659555509
116.02,0.00044158302755765
116.03,0.000445289230279976
116.04,0.000449107164662253
116.05,0.000453039803942456
116.06,0.000457090206612282
116.07,0.000461261523790372
116.08,0.000465556999521425
116.09,0.000469979981408491
116.1,0.000474533901467429
116.11,0.000479222294919547
116.12,0.000484048797899009
116.13,0.000489017155216866
116.14,0.000494131219208648
116.15,0.000499394942523746
116.16,0.000504812391760219
116.17,0.000510387746134773
116.18,0.000516125285140776
116.19,0.000522029418120151
116.2,0.000528104670325713
116.21,0.000534355685747448
116.22,0.000540787220829426
116.23,0.000547404122272722
116.24,0.000554211407982393
116.25,0.00056121420211377
116.26,0.000568417754952576
116.27,0.000575827398035866
116.28,0.00058344859984424
116.29,0.000591286987066655
116.3,0.000599348294475375
116.31,0.000607638384095761
116.32,0.000616163107767282
116.33,0.000624928598216493
116.34,0.000633941053640352
116.35,0.000643206792229285
116.36,0.000652732206576239
116.37,0.000662523717391463
116.38,0.000672587967440931
116.39,0.000682931652839599
116.4,0.000693561514439239
116.41,0.000704484376207889
116.42,0.00071570718070741
116.43,0.00072723692607839
116.44,0.000739080585836973
116.45,0.000751245256558213
116.46,0.000763738080242374
116.47,0.000776566217664194
116.48,0.000789736674477016
116.49,0.000803256662387046
116.5,0.000817133323461951
116.51,0.000831373725037773
116.52,0.000845984764734362
116.53,0.000860973468316875
116.54,0.000876346720519237
116.55,0.000892111214280516
116.56,0.000908273509433809
116.57,0.000924840126095031
116.58,0.000941817386112001
116.59,0.000959211282491773
116.6,0.000977027705337313
116.61,0.000995272323664762
116.62,0.00101395052706126
116.63,0.00103306719343578
116.64,0.00105262713667793
116.65,0.00107263474753523
116.66,0.00109309402164144
116.67,0.00111400847860145
116.68,0.00113538132148629
116.69,0.00115721526225346
116.7,0.00117951245340304
116.71,0.00120227447283032
116.72,0.00122550241997749
116.73,0.00124919680647241
116.74,0.00127335757356905
116.75,0.00129798396135557
116.76,0.00132307459919195
116.77,0.00134862748386617
116.78,0.00137463985363097
116.79,0.00140110824941464
116.8,0.00142802847969536
116.81,0.00145539557060227
116.82,0.00148320377852903
116.83,0.0015114466136504
116.84,0.00154011670089642
116.85,0.00156920588017641
116.86,0.00159870535299265
116.87,0.00162860528718122
116.88,0.00165889509962146
116.89,0.00168956365015314
116.9,0.00172059873083717
116.91,0.00175198741820584
116.92,0.0017837162077905
116.93,0.00181577063243039
116.94,0.0018481355239569
116.95,0.00188079515540711
116.96,0.00191373291941414
116.97,0.00194693155475174
116.98,0.00198037342431602
116.99,0.00201404004179111
117,0.00204791237114309
117.01,0.00208197105127362
117.02,0.00211619608030331
117.03,0.00215056698892704
117.04,0.0021850631404464
117.05,0.00221966344451961
117.06,0.00225434646768621
117.07,0.00228909064519949
117.08,0.0023238741952866
117.09,0.0023586751548142
117.1,0.00239347146169618
117.11,0.00242824099405658
117.12,0.00246296162428793
117.13,0.00249761126081194
117.14,0.00253216789325194
117.15,0.00256660962667379
117.16,0.00260091478948882
117.17,0.00263506197633547
117.18,0.00266903000829976
117.19,0.0027027980575879
117.2,0.00273634567137208
117.21,0.00276965283810303
117.22,0.00280269992067287
117.23,0.00283546758615668
117.24,0.00286793723071925
117.25,0.00290009067004828
117.26,0.00293191015068462
117.27,0.0029633786378386
117.28,0.00299447963231932
117.29,0.00302519715737676
117.3,0.00305551598410801
117.31,0.00308542149195714
117.32,0.00311489957513916
117.33,0.0031439369684119
117.34,0.0031725210370868
117.35,0.00320063962137685
117.36,0.0032282814647961
117.37,0.0032554359387427
117.38,0.00328209288796067
117.39,0.00330824303982208
117.4,0.00333387774294733
117.41,0.00335898884720894
117.42,0.00338356901096409
117.43,0.00340761150475518
117.44,0.00343111012191997
117.45,0.00345405937079787
117.46,0.00347645436593153
117.47,0.00349829072808463
117.48,0.00351956471750257
117.49,0.00354027317346687
117.5,0.0035604134155934
117.51,0.00357998332707703
117.52,0.00359898132962145
117.53,0.0036174062983429
117.54,0.00363525759926954
117.55,0.00365253508478648
117.56,0.00366923902974525
117.57,0.0036853701378277
117.58,0.00370092953977348
117.59,0.00371591875118133
117.6,0.00373033966345817
117.61,0.00374419453525213
117.62,0.00375748596768672
117.63,0.00377021688993322
117.64,0.00378239054088217
117.65,0.00379401045812571
117.66,0.00380508046456311
117.67,0.00381560463731478
117.68,0.00382558730950453
117.69,0.0038350330619239
117.7,0.00384394667706183
117.71,0.0038523331528356
117.72,0.00386019770116711
117.73,0.00386754568809675
117.74,0.00387438265708958
117.75,0.00388071433463412
117.76,0.00388654655992113
117.77,0.00389188531435296
117.78,0.00389673673203554
117.79,0.00390110702549554
117.8,0.00390500251694114
117.81,0.00390842965374077
117.82,0.00391139493180229
117.83,0.00391390492795112
117.84,0.00391596631848729
117.85,0.00391758580348321
117.86,0.0039187701389927
117.87,0.00391952615111209
117.88,0.00391986067920148
117.89,0.0039197805897988
117.9,0.00391929279541382
117.91,0.00391840421287281
117.92,0.0039171217617767
117.93,0.00391545238548525
117.94,0.00391340302375571
117.95,0.00391098059915428
117.96,0.00390819203900856
117.97,0.00390504425896073
117.98,0.0039015441412343
117.99,0.00389769855675021
118,0.0038935143569208
118.01,0.00388899834666913
118.02,0.00388415730617808
118.03,0.0038789979889181
118.04,0.00387352709140889
118.05,0.0038677512748923
118.06,0.00386167716802883
118.07,0.00385531133158845
118.08,0.00384866027918775
118.09,0.00384173049263486
118.1,0.00383452837691339
118.11,0.00382706028274758
118.12,0.00381933251238953
118.13,0.00381135130916459
118.14,0.00380312284197123
118.15,0.00379465322220178
118.16,0.00378594850976523
118.17,0.00377701468114082
118.18,0.00376785764971928
118.19,0.00375848327316697
118.2,0.00374889732912268
118.21,0.00373910552520884
118.22,0.00372911350376906
118.23,0.00371892683822424
118.24,0.00370855102190876
118.25,0.00369799147874629
118.26,0.0036872535695159
118.27,0.00367634256952798
118.28,0.00366526368325243
118.29,0.00365402204957767
118.3,0.00364262272735829
118.31,0.00363107069998494
118.32,0.00361937088022188
118.33,0.00360752811022855
118.34,0.00359554715126735
118.35,0.00358343269245173
118.36,0.00357118935596275
118.37,0.00355882168238296
118.38,0.00354633414062062
118.39,0.00353373112969238
118.4,0.00352101697485552
118.41,0.0035081959259828
118.42,0.00349527216243883
118.43,0.00348224979547996
118.44,0.00346913285962342
118.45,0.0034559253196035
118.46,0.00344263107362945
118.47,0.00342925394620701
118.48,0.00341579769247444
118.49,0.00340226600012575
118.5,0.00338866248931724
118.51,0.00337499070989462
118.52,0.00336125414540662
118.53,0.00334745621629166
118.54,0.00333360027212516
118.55,0.0033196895983554
118.56,0.00330572741544955
118.57,0.00329171688572516
118.58,0.0032776611007647
118.59,0.00326356309161296
118.6,0.00324942582694847
118.61,0.0032352522198859
118.62,0.00322104511659439
118.63,0.003206807305158
118.64,0.00319254151451577
118.65,0.0031782504182872
118.66,0.00316393662962336
118.67,0.00314960270519123
118.68,0.00313525114573822
118.69,0.00312088439796191
118.7,0.00310650485297084
118.71,0.00309211484788398
118.72,0.00307771666689453
118.73,0.00306331254259673
118.74,0.00304890465562242
118.75,0.00303449513549873
118.76,0.00302008606185796
118.77,0.00300567946543821
118.78,0.00299127732835205
118.79,0.00297688158463914
118.8,0.00296249412146638
118.81,0.00294811677972702
118.82,0.00293375135479171
118.83,0.00291939959725871
118.84,0.00290506321370681
118.85,0.00289074386734291
118.86,0.00287644317784039
118.87,0.00286216272425892
118.88,0.00284790404410469
118.89,0.00283366863451025
118.9,0.00281945795157496
118.91,0.00280527341300292
118.92,0.0027911163987673
118.93,0.0027769882508354
118.94,0.00276289027376236
118.95,0.00274882373415038
118.96,0.00273478986541868
118.97,0.00272078986511209
118.98,0.00270682489651649
118.99,0.00269289608691217
119,0.00267900453249158
119.01,0.00266515129703254
119.02,0.00265133741223691
119.03,0.0026375638776899
119.04,0.00262383166115203
119.05,0.00261014170288454
119.06,0.00259649491280132
119.07,0.00258289217210809
119.08,0.00256933433040002
119.09,0.00255582221337696
119.1,0.00254235661855331
119.11,0.00252893831687619
119.12,0.00251556805164589
119.13,0.00250224654028059
119.14,0.0024889744774572
119.15,0.00247575253246886
119.16,0.00246258135054648
119.17,0.00244946155013791
119.18,0.00243639373099607
119.19,0.00242337846897835
119.2,0.0024104163180786
119.21,0.00239750780863229
119.22,0.00238465345082328
119.23,0.00237185373557317
119.24,0.00235910913301204
119.25,0.00234642009325339
119.26,0.00233378704410763
119.27,0.00232121039878969
119.28,0.00230869055067545
119.29,0.0022962278752924
119.3,0.00228382272830958
119.31,0.00227147544926959
119.32,0.00225918636221976
119.33,0.0022469557741448
119.34,0.00223478397566289
119.35,0.00222267123887195
119.36,0.00221061782462932
119.37,0.00219862397749407
119.38,0.00218668992758938
119.39,0.00217481588868255
119.4,0.00216300206173937
119.41,0.0021512486352849
119.42,0.00213955578404447
119.43,0.00212792366951563
119.44,0.00211635243813704
119.45,0.00210484222763418
119.46,0.00209339316256711
119.47,0.00208200535596058
119.48,0.00207067890750066
119.49,0.00205941390687493
119.5,0.00204821043390331
119.51,0.00203706855738369
119.52,0.00202598833549911
119.53,0.0020149698141083
119.54,0.00200401303280577
119.55,0.00199311802053077
119.56,0.00198228479712463
119.57,0.00197151337185878
119.58,0.00196080374559291
119.59,0.00195015591220799
119.6,0.00193956985664691
119.61,0.00192904555594743
119.62,0.00191858297628037
119.63,0.00190818207997162
119.64,0.00189784282075442
119.65,0.0018875651452708
119.66,0.00187734899237559
119.67,0.00186719429307836
119.68,0.0018571009741685
119.69,0.0018470689551673
119.7,0.00183709814949645
119.71,0.00182718846267267
119.72,0.00181733979592617
119.73,0.00180755204507128
119.74,0.00179782510014512
119.75,0.00178815884563606
119.76,0.00177855315908442
119.77,0.00176900791561092
119.78,0.00175952298461157
119.79,0.00175009823087687
119.8,0.0017407335136418
119.81,0.00173142868786328
119.82,0.00172218360535457
119.83,0.00171299811335746
119.84,0.00170387205524243
119.85,0.00169480526831296
119.86,0.00168579758894819
119.87,0.00167684884913031
119.88,0.00166795887743586
119.89,0.00165912749901594
119.9,0.00165035453362031
119.91,0.00164163980097377
119.92,0.00163298311677952
119.93,0.00162438429395672
119.94,0.00161584314230546
119.95,0.00160735946750696
119.96,0.00159893307512387
119.97,0.00159056376740534
119.98,0.00158225134432603
119.99,0.00157399560306093
120,0.00156579633793997
120.01,0.00155765334287465
120.02,0.00154956640918746
120.03,0.00154153532638818
120.04,0.00153355988149139
120.05,0.00152563985973144
120.06,0.00151777504574614
120.07,0.00150996522221038
120.08,0.00150221017040528
120.09,0.00149450966925017
120.1,0.00148686349685646
120.11,0.00147927143069265
120.12,0.00147173324674726
120.13,0.00146424871997686
120.14,0.00145681762303692
120.15,0.00144943972875671
120.16,0.0014421148091509
120.17,0.00143484263520359
120.18,0.0014276229771723
120.19,0.00142045560249891
120.2,0.00141334028080451
120.21,0.00140627678029135
120.22,0.0013992648685657
120.23,0.00139230431281939
120.24,0.00138539487990285
120.25,0.00137853633495711
120.26,0.00137172844180267
120.27,0.00136497096756368
120.28,0.00135826367754579
120.29,0.00135160633693935
120.3,0.0013449987108833
120.31,0.00133844056452915
120.32,0.00133193165876498
120.33,0.00132547175941181
120.34,0.00131906063162686
120.35,0.0013126980400735
120.36,0.00130638374957461
120.37,0.00130011752516547
120.38,0.00129389913104694
120.39,0.00128772832964578
120.4,0.00128160488806142
120.41,0.00127552857178077
120.42,0.00126949914662606
120.43,0.00126351637879866
120.44,0.00125758003492304
120.45,0.00125168987970278
120.46,0.00124584568049586
120.47,0.0012400472054132
120.48,0.00123429422246878
120.49,0.00122858650020927
120.5,0.00122292380775076
120.51,0.00121730591436639
120.52,0.00121173258813754
120.53,0.00120620360091987
120.54,0.00120071872390848
120.55,0.00119527772896468
120.56,0.00118988038864703
120.57,0.00118452647624272
120.58,0.00117921576425088
120.59,0.00117394802694006
120.6,0.00116872304009244
120.61,0.00116354057966311
120.62,0.00115840042240826
120.63,0.00115330234591119
120.64,0.00114824612840832
120.65,0.00114323154697911
120.66,0.00113825838264695
120.67,0.00113332641607478
120.68,0.00112843542880599
120.69,0.00112358520328542
120.7,0.00111877552288005
120.71,0.00111400617085582
120.72,0.00110927693173243
120.73,0.00110458759198814
120.74,0.00109993793844117
120.75,0.00109532775886922
120.76,0.00109075684202622
120.77,0.00108622497764603
120.78,0.00108173195485914
120.79,0.0010772775660375
120.8,0.00107286160368873
120.81,0.00106848386132968
120.82,0.00106414413349994
120.83,0.00105984221577491
120.84,0.00105557790397448
120.85,0.00105135099497678
120.86,0.00104716128803261
120.87,0.00104300858272936
120.88,0.00103889267972375
120.89,0.00103481338075331
120.9,0.00103077048864796
120.91,0.00102676380734148
120.92,0.00102279314099589
120.93,0.00101885829391057
120.94,0.00101495907441914
120.95,0.00101109529057058
120.96,0.001007266751523
120.97,0.00100347326755228
120.98,0.000999714650060779
120.99,0.000995990711586136
121,0.000992301265256275
121.01,0.000988646123299051
121.02,0.000985025103045826
121.03,0.000981438021221767
121.04,0.0009778846956747
121.05,0.000974364945380774
121.06,0.000970878590450118
121.07,0.000967425452132588
121.08,0.000964005352689779
121.09,0.000960618113291427
121.1,0.000957263559814439
121.11,0.000953941517797079
121.12,0.000950651813903533
121.13,0.00094739427592736
121.14,0.000944168732794853
121.15,0.000940975014568418
121.16,0.000937812952449946
121.17,0.000934682377250793
121.18,0.000931583123066077
121.19,0.000928515024413365
121.2,0.000925477916849832
121.21,0.000922471637060391
121.22,0.000919496022859556
121.23,0.000916550913193317
121.24,0.000913636148141084
121.25,0.00091075156793446
121.26,0.000907897015086764
121.27,0.000905072333121139
121.28,0.000902277366489784
121.29,0.000899511960765744
121.3,0.000896775962643648
121.31,0.000894069219940419
121.32,0.000891391581596077
121.33,0.000888742896924305
121.34,0.000886123016996677
121.35,0.000883531794269276
121.36,0.000880969082014789
121.37,0.000878434734611988
121.38,0.000875928607545437
121.39,0.000873450557405124
121.4,0.000871000441886106
121.41,0.000868578119115129
121.42,0.000866183448650144
121.43,0.000863816291849021
121.44,0.000861476510688937
121.45,0.000859163968235842
121.46,0.000856878528643495
121.47,0.000854620057152422
121.48,0.000852388420088883
121.49,0.000850183484863905
121.5,0.000848005119972178
121.51,0.000845853193477263
121.52,0.000843727576820456
121.53,0.000841628141643388
121.54,0.000839554760604361
121.55,0.000837507307423376
121.56,0.000835485656880334
121.57,0.000833489684813295
121.58,0.000831519268116625
121.59,0.000829574284739251
121.6,0.000827654613242713
121.61,0.000825760133079517
121.62,0.000823890725791582
121.63,0.000822046273405949
121.64,0.000820226658982017
121.65,0.000818431766609138
121.66,0.000816661481404218
121.67,0.000814915689509314
121.68,0.000813194278089219
121.69,0.000811497135329104
121.7,0.000809824149858102
121.71,0.000808175212061299
121.72,0.000806550213207207
121.73,0.000804949045465527
121.74,0.000803371602006612
121.75,0.00080181777699867
121.76,0.000800287465605042
121.77,0.000798780563981438
121.78,0.00079729696927319
121.79,0.00079583657954801
121.8,0.00079439929371608
121.81,0.000792985012006295
121.82,0.000791593635466206
121.83,0.000790225066116047
121.84,0.000788879206945867
121.85,0.000787555961912618
121.86,0.000786255235937281
121.87,0.00078497693490192
121.88,0.000783720965646819
121.89,0.000782487235882272
121.9,0.000781275654353512
121.91,0.000780086130779095
121.92,0.000778918575789816
121.93,0.000777772900958751
121.94,0.000776649018798314
121.95,0.000775546842757259
121.96,0.000774466287217736
121.97,0.000773407267492321
121.98,0.000772369699815069
121.99,0.000771353501290203
122,0.000770358590039207
122.01,0.000769384885060262
122.02,0.000768432306266436
122.03,0.000767500774482686
122.04,0.00076659021144286
122.05,0.000765700539786697
122.06,0.000764831683056828
122.07,0.000763983565695789
122.08,0.000763156113124959
122.09,0.00076234925161113
122.1,0.000761562908228135
122.11,0.000760797010998996
122.12,0.000760051488832601
122.13,0.00075932627152076
122.14,0.000758621289735244
122.15,0.000757936475024822
122.16,0.000757271759812295
122.17,0.000756627077391545
122.18,0.000756002361924563
122.19,0.000755397548438505
122.2,0.000754812573326868
122.21,0.000754247373110531
122.22,0.000753701885363605
122.23,0.000753176048584439
122.24,0.000752669802125294
122.25,0.000752183086189501
122.26,0.000751715841828648
122.27,0.000751268010939748
122.28,0.00075083953626242
122.29,0.000750430361376059
122.3,0.000750040430697011
122.31,0.000749669689636233
122.32,0.000749318084972339
122.33,0.00074898556311103
122.34,0.000748672071848767
122.35,0.00074837755981037
122.36,0.000748101976446415
122.37,0.000747845272030616
122.38,0.000747607397657227
122.39,0.000747388305238423
122.4,0.000747187947501702
122.41,0.000747006277987269
122.42,0.000746843251045429
122.43,0.000746698822413173
122.44,0.000746572948311047
122.45,0.00074646558513424
122.46,0.000746376690525673
122.47,0.000746306222932368
122.48,0.000746254141603104
122.49,0.000746220406586088
122.5,0.000746204978726613
122.51,0.000746207819664723
122.52,0.000746228891832879
122.53,0.000746268158453619
122.54,0.000746325583537227
122.55,0.000746401133028742
122.56,0.000746494772003895
122.57,0.000746606466741758
122.58,0.000746736184472844
122.59,0.000746883893211923
122.6,0.000747049561755992
122.61,0.000747233159682252
122.62,0.000747434657346093
122.63,0.000747654025879058
122.64,0.000747891237186831
122.65,0.000748146263947204
122.66,0.000748419079840161
122.67,0.000748709660156251
122.68,0.00074901797910482
122.69,0.000749344012523607
122.7,0.000749687737020739
122.71,0.000750049129973027
122.72,0.000750428169524275
122.73,0.000750824834583584
122.74,0.000751239104823653
122.75,0.000751670960679092
122.76,0.000752120383344723
122.77,0.000752587354773882
122.78,0.000753071858403175
122.79,0.00075357387804896
122.8,0.000754093397448386
122.81,0.000754630401671828
122.82,0.000755184876548682
122.83,0.000755756808666034
122.84,0.000756346185367298
122.85,0.00075695299475088
122.86,0.000757577225668812
122.87,0.000758218867725427
122.88,0.000758877911275998
122.89,0.000759554347425396
122.9,0.000760248169868753
122.91,0.000760959370325705
122.92,0.000761687941954334
122.93,0.0007624338789551
122.94,0.000763197176279866
122.95,0.000763977829630865
122.96,0.00076477583545962
122.97,0.000765591190965891
122.98,0.000766423894096612
122.99,0.000767273943544817
123,0.000768141338748603
123.01,0.000769026079890052
123.02,0.000769928167894175
123.03,0.000770847605385971
123.04,0.000771784396543608
123.05,0.000772738542874245
123.06,0.000773710048424877
123.07,0.00077469891799283
123.08,0.000775705157125171
123.09,0.000776728772118056
123.1,0.000777769770016116
123.11,0.000778828158611801
123.12,0.000779903946444793
123.13,0.000780997142801351
123.14,0.000782107757713689
123.15,0.000783235801959349
123.16,0.000784381287060573
123.17,0.000785544228293533
123.18,0.000786724637556984
123.19,0.000787922528070149
123.2,0.000789137914523762
123.21,0.000790370812365303
123.22,0.000791621237798889
123.23,0.000792889207785163
123.24,0.000794174740041141
123.25,0.000795477853040141
123.26,0.000796798566011637
123.27,0.00079813689894114
123.28,0.000799492872570088
123.29,0.000800866508395721
123.3,0.000802257829577636
123.31,0.000803666861619634
123.32,0.000805093626166109
123.33,0.000806538147926663
123.34,0.0008080004523812
123.35,0.000809480565780338
123.36,0.000810978515145776
123.37,0.000812494328270733
123.38,0.000814028033720318
123.39,0.000815579660831928
123.4,0.000817149239715652
123.41,0.000818736801254661
123.42,0.000820342377105606
123.43,0.000821965999699026
123.44,0.000823607704984304
123.45,0.000825267526277414
123.46,0.000826945497604355
123.47,0.000828641654689976
123.48,0.000830356034050139
123.49,0.00083208867299259
123.5,0.00083383960961792
123.51,0.000835608882820431
123.52,0.000837396532289049
123.53,0.000839202598508231
123.54,0.00084102712275887
123.55,0.000842870147119198
123.56,0.000844731714465706
123.57,0.000846611869174252
123.58,0.000848510658690596
123.59,0.000850428125932817
123.6,0.000852364317174891
123.61,0.000854319279509079
123.62,0.000856293060847429
123.63,0.000858285709923174
123.64,0.000860297276292171
123.65,0.000862327810334343
123.66,0.000864377363255115
123.67,0.000866445987086849
123.68,0.000868533734690292
123.69,0.000870640659755967
123.7,0.00087276681680568
123.71,0.000874912264006858
123.72,0.000877077057293196
123.73,0.000879261252647704
123.74,0.00088146490815087
123.75,0.000883688082738746
123.76,0.000885930836204913
123.77,0.000888193229202501
123.78,0.000890475323246206
123.79,0.000892777180714297
123.8,0.000895098864850629
123.81,0.000897440439766672
123.82,0.000899801970443465
123.83,0.000902183522733706
123.84,0.000904585164038794
123.85,0.000907006966690419
123.86,0.000909448995419034
123.87,0.000911911319807241
123.88,0.000914394010335397
123.89,0.000916897138384145
123.9,0.000919420776236916
123.91,0.000921964997082444
123.92,0.000924529875017278
123.93,0.000927115485048304
123.94,0.000929721903095197
123.95,0.000932349205993023
123.96,0.000934997471494686
123.97,0.000937666778273459
123.98,0.000940357205925503
123.99,0.000943068835437802
124,0.000945801755615597
124.01,0.000948556043292338
124.02,0.000951331782088767
124.03,0.000954129056583306
124.04,0.000956947952315256
124.05,0.000959788555788
124.06,0.000962650954472222
124.07,0.000965535236809042
124.08,0.000968441492213315
124.09,0.000971369811076771
124.1,0.000974320284771245
124.11,0.000977293005651814
124.12,0.000980288067060099
124.13,0.000983305563327402
124.14,0.000986345589782328
124.15,0.000989408252198329
124.16,0.000992493641056233
124.17,0.000995601855034041
124.18,0.000998732993841261
124.19,0.00100188715822283
124.2,0.00100506444996322
124.21,0.0010082649718904
124.22,0.00101148882787981
124.23,0.00101473612285844
124.24,0.0010180069628087
124.25,0.00102130145477259
124.26,0.00102461970685559
124.27,0.0010279618282307
124.28,0.00103132792914245
124.29,0.0010347181209109
124.3,0.00103813252228654
124.31,0.00104157124307939
124.32,0.0010450343978802
124.33,0.00104852210277167
124.34,0.00105203447496751
124.35,0.00105557163281779
124.36,0.00105913369581414
124.37,0.00106272078459518
124.38,0.00106633302095174
124.39,0.00106997052783218
124.4,0.00107363342934767
124.41,0.00107732185077751
124.42,0.00108103592081314
124.43,0.00108477576675597
124.44,0.00108854151679107
124.45,0.00109233330112567
124.46,0.00109615125117887
124.47,0.00109999549958761
124.48,0.00110386618021261
124.49,0.00110776342814422
124.5,0.00111168737970846
124.51,0.00111563817247293
124.52,0.00111961594525269
124.53,0.00112362083811626
124.54,0.00112765299365575
124.55,0.00113171255538199
124.56,0.00113579966607473
124.57,0.00113991447105214
124.58,0.00114405711693079
124.59,0.00114822775163207
124.6,0.00115242652438875
124.61,0.00115665358575136
124.62,0.00116090908759487
124.63,0.00116519318312506
124.64,0.00116950602688506
124.65,0.00117384777476184
124.66,0.00117821858454275
124.67,0.00118261861686838
124.68,0.00118704803039533
124.69,0.00119150698671488
124.7,0.00119599564882322
124.71,0.00120051418112925
124.72,0.00120506274946237
124.73,0.00120964152108034
124.74,0.00121425066467698
124.75,0.00121889035039018
124.76,0.00122356075061932
124.77,0.00122826203893078
124.78,0.00123299438935205
124.79,0.00123775797804161
124.8,0.0012425529826587
124.81,0.00124737958237196
124.82,0.00125223795786799
124.83,0.0012571282913601
124.84,0.00126205076659684
124.85,0.00126700556887066
124.86,0.00127199288602691
124.87,0.0012770129062344
124.88,0.00128206581936644
124.89,0.00128715181710558
124.9,0.00129227109273477
124.91,0.00129742384114666
124.92,0.00130261025885275
124.93,0.00130783054399273
124.94,0.0013130848963435
124.95,0.00131837351738561
124.96,0.00132369661115202
124.97,0.00132905438195613
124.98,0.00133444703636866
124.99,0.00133987478266464
125,0.00134533783083403
125.01,0.00135083639259202
125.02,0.00135637068138956
125.03,0.00136194091396922
125.04,0.00136754730782311
125.05,0.00137319008032877
125.06,0.00137886945178527
125.07,0.00138458564418416
125.08,0.00139033888120973
125.09,0.00139612938823883
125.1,0.00140195739234098
125.11,0.00140782313267499
125.12,0.00141372683471555
125.13,0.00141966873132385
125.14,0.00142564905744436
125.15,0.00143166804979425
125.16,0.00143772594686338
125.17,0.00144382298891429
125.18,0.00144995942256672
125.19,0.00145613549757414
125.2,0.00146235145551137
125.21,0.00146860754497722
125.22,0.00147490401643726
125.23,0.00148124112222386
125.24,0.00148761911653602
125.25,0.00149403825543964
125.26,0.00150049880855858
125.27,0.00150700103202306
125.28,0.00151354518727062
125.29,0.00152013153925367
125.3,0.00152676035489506
125.31,0.00153343190308818
125.32,0.00154014645469675
125.33,0.00154690428633829
125.34,0.00155370568182453
125.35,0.00156055091245839
125.36,0.00156744025839883
125.37,0.00157437400188303
125.38,0.00158135242722621
125.39,0.00158837582082168
125.4,0.00159544447114082
125.41,0.00160255867949057
125.42,0.00160971873739923
125.43,0.00161692493814929
125.44,0.00162417758004093
125.45,0.00163147696356422
125.46,0.00163882339139892
125.47,0.00164621716841459
125.48,0.0016536586043024
125.49,0.00166114802051402
125.5,0.00166868572153408
125.51,0.00167627202252856
125.52,0.001683907240971
125.53,0.00169159169664254
125.54,0.0016993257116319
125.55,0.00170710961033537
125.56,0.00171494372939645
125.57,0.00172282840004392
125.58,0.00173076395054964
125.59,0.00173875071623644
125.6,0.00174678903486064
125.61,0.00175487924661178
125.62,0.00176302169411297
125.63,0.00177121672331512
125.64,0.00177946469859912
125.65,0.00178776596079343
125.66,0.00179612086397618
125.67,0.00180452976479223
125.68,0.00181299302245319
125.69,0.00182151099873726
125.7,0.0018300840579895
125.71,0.00183871257554436
125.72,0.00184739692742497
125.73,0.00185613748061751
125.74,0.0018649346116054
125.75,0.00187378869957919
125.76,0.00188270012643634
125.77,0.00189166927678129
125.78,0.00190069653792544
125.79,0.00190978231818173
125.8,0.00191892700249968
125.81,0.00192813098702369
125.82,0.00193739467192101
125.83,0.00194671846021326
125.84,0.00195610275777615
125.85,0.00196554797333965
125.86,0.00197505452500113
125.87,0.00198462283859168
125.88,0.00199425332413752
125.89,0.00200394640382469
125.9,0.00201370250284778
125.91,0.00202352204940998
125.92,0.00203340547472305
125.93,0.00204335321300735
125.94,0.00205336571811839
125.95,0.00206344342715969
125.96,0.00207358678192329
125.97,0.00208379623086813
125.98,0.0020940722256234
125.99,0.00210441522098826
126,0.00211482567493221
126.01,0.00212530405287045
126.02,0.00213585083581309
126.03,0.00214646648159341
126.04,0.00215715146306561
126.05,0.00216790625642261
126.06,0.00217873134119619
126.07,0.00218962720025665
126.08,0.00220059431981325
126.09,0.00221163320065121
126.1,0.00222274433843895
126.11,0.00223392822748443
126.12,0.00224518537033164
126.13,0.00225651627325546
126.14,0.00226792144628369
126.15,0.00227940140321918
126.16,0.00229095666166182
126.17,0.00230258774462877
126.18,0.00231429517879872
126.19,0.00232607949240941
126.2,0.00233794121896745
126.21,0.00234988089594865
126.22,0.00236189906482348
126.23,0.00237399627108242
126.24,0.00238617306426108
126.25,0.00239842999787602
126.26,0.00241076762941904
126.27,0.00242318652082801
126.28,0.00243568723802913
126.29,0.00244827035111508
126.3,0.00246093643437009
126.31,0.00247368606629502
126.32,0.00248651982963217
126.33,0.00249943831133624
126.34,0.00251244210230951
126.35,0.00252553179837153
126.36,0.00253870799942084
126.37,0.00255197130971537
126.38,0.00256532233789671
126.39,0.00257876169701487
126.4,0.00259229000455286
126.41,0.00260590788245138
126.42,0.00261961595770736
126.43,0.00263341486099285
126.44,0.00264730522782949
126.45,0.00266128769831888
126.46,0.00267536291715347
126.47,0.00268953153364177
126.48,0.00270379420173359
126.49,0.00271815158004486
126.5,0.00273260433238285
126.51,0.00274715312668993
126.52,0.00276179863571418
126.53,0.00277654153707922
126.54,0.00279138251321188
126.55,0.00280632225136784
126.56,0.00282136144365752
126.57,0.00283650078707141
126.58,0.00285174098333431
126.59,0.0028670827392274
126.6,0.00288252676658039
126.61,0.00289807378212194
126.62,0.002913724507585
126.63,0.00292947966973191
126.64,0.00294534000037991
126.65,0.00296130623642669
126.66,0.00297737911930792
126.67,0.00299355939556702
126.68,0.00300984781785342
126.69,0.00302624514345314
126.7,0.00304275213483684
126.71,0.0030593695596836
126.72,0.00307609819090532
126.73,0.003092938806671
126.74,0.00310989218985901
126.75,0.00312695912766919
126.76,0.00314414041501812
126.77,0.00316143685103619
126.78,0.00317884924019295
126.79,0.00319637839231929
126.8,0.0032140251226295
126.81,0.00323179025174362
126.82,0.00324967460538766
126.83,0.00326767901203191
126.84,0.00328580431016787
126.85,0.00330405134181636
126.86,0.00332242095445763
126.87,0.00334091400105105
126.88,0.00335953134005374
126.89,0.00337827383543979
126.9,0.00339714235671931
126.91,0.00341613777422003
126.92,0.00343526097053247
126.93,0.00345451283147924
126.94,0.00347389424819056
126.95,0.00349340611734218
126.96,0.00351304934116952
126.97,0.0035328248274824
126.98,0.00355273348967976
126.99,0.0035727762414014
127,0.00359295400785037
127.01,0.00361326771962088
127.02,0.00363371831160542
127.03,0.00365430672423545
127.04,0.00367503390348963
127.05,0.00369590080090191
127.06,0.00371690837356989
127.07,0.0037380575785144
127.08,0.00375934938191978
127.09,0.00378078475930265
127.1,0.00380236468870318
127.11,0.0038240901535936
127.12,0.00384596214287802
127.13,0.00386798165089103
127.14,0.00389014967739691
127.15,0.00391246722362826
127.16,0.00393493529464887
127.17,0.00395755490858054
127.18,0.00398032708483256
127.19,0.00400325284793578
127.2,0.00402633322752368
127.21,0.00404956925831196
127.22,0.00407296197557586
127.23,0.00409651242226151
127.24,0.00412022164883493
127.25,0.00414409070858231
127.26,0.0041681206595474
127.27,0.00419231256449792
127.28,0.00421666749089187
127.29,0.00424118650386014
127.3,0.00426587068083815
127.31,0.00429072110269853
127.32,0.00431573885353468
127.33,0.00434092502170758
127.34,0.00436628069979608
127.35,0.00439180698430488
127.36,0.00441750496271375
127.37,0.00444337574513945
127.38,0.00446942043807991
127.39,0.00449564015163161
127.4,0.00452203599941644
127.41,0.00454860909850867
127.42,0.00457536056594098
127.43,0.00460229151061628
127.44,0.00462940306522424
127.45,0.00465669635634131
127.46,0.00468417251309667
127.47,0.00471183266706555
127.48,0.00473967795216255
127.49,0.00476770949583396
127.5,0.00479592842344563
127.51,0.00482433588011666
127.52,0.00485293300338978
127.53,0.00488172093192797
127.54,0.0049107008053649
127.55,0.00493987376415534
127.56,0.00496924093424062
127.57,0.00499880345037579
127.58,0.00502856245690373
127.59,0.00505851909070338
127.6,0.00508867448795112
127.61,0.00511902978392264
127.62,0.00514958611279655
127.63,0.00518034458148054
127.64,0.00521130632339782
127.65,0.00524247246678398
127.66,0.00527384413270325
127.67,0.00530542243917372
127.68,0.00533720850091161
127.69,0.00536920342862592
127.7,0.00540140828352532
127.71,0.0054338241867369
127.72,0.00546645222883179
127.73,0.00549929349452703
127.74,0.00553234906234743
127.75,0.00556562000428921
127.76,0.00559910737810336
127.77,0.00563281220429828
127.78,0.00566673554195354
127.79,0.0057008784214211
127.8,0.0057352418627028
127.81,0.00576982687495557
127.82,0.00580463444232343
127.83,0.0058396655380985
127.84,0.00587492113693149
127.85,0.00591040219148979
127.86,0.0059461096397318
127.87,0.00598204440431295
127.88,0.00601820736755952
127.89,0.00605459942146173
127.9,0.00609122143428807
127.91,0.00612807425302121
127.92,0.00616515870496066
127.93,0.00620247558954453
127.94,0.00624002565631886
127.95,0.00627780967775323
127.96,0.00631582838356747
127.97,0.00635408247823942
127.98,0.00639257264015704
127.99,0.00643129949196937
128,0.00647026363157959
128.01,0.00650946565585931
128.02,0.00654890611341203
128.03,0.00658858551962972
128.04,0.00662850435563716
128.05,0.00666866300946399
128.06,0.00670906189537738
128.07,0.00674970137355315
128.08,0.00679058175755874
128.09,0.006831703318128
128.1,0.00687306626910211
128.11,0.00691467073236755
128.12,0.00695651685604316
128.13,0.00699860470701002
128.14,0.00704093429943595
128.15,0.00708350559323442
128.16,0.00712631844409106
128.17,0.00716937266090831
128.18,0.00721266803817296
128.19,0.00725620427936041
128.2,0.00729998102215317
128.21,0.00734399783663888
128.22,0.00738825416790612
128.23,0.00743274937381371
128.24,0.00747748282744517
128.25,0.00752245377678059
128.26,0.00756766138777133
128.27,0.00761310474216881
128.28,0.00765878278340353
128.29,0.00770469431169717
128.3,0.00775083817133871
128.31,0.00779721304534849
128.32,0.00784381751515981
128.33,0.00789065005800065
128.34,0.00793770900327185
128.35,0.00798499247498761
128.36,0.00803249866105657
128.37,0.00808022555231035
128.38,0.00812817101517399
128.39,0.0081763327885555
128.4,0.00822470846175371
128.41,0.00827329538419511
128.42,0.00832209090876221
128.43,0.00837109218410641
128.44,0.00842029620612813
128.45,0.00846969980312663
128.46,0.00851929959479141
128.47,0.00856909210193287
128.48,0.00861907364636851
128.49,0.00866924037290231
128.5,0.00871958823584113
128.51,0.00877011297176815
128.52,0.00882081017287786
128.53,0.00887167521549722
128.54,0.00892270327403377
128.55,0.00897388930248372
128.56,0.00902522800476906
128.57,0.009076713926871
128.58,0.00912834136645922
128.59,0.00918010439184685
128.6,0.00923199682109136
128.61,0.00928401219709195
128.62,0.00933614387444796
128.63,0.00938838493073342
128.64,0.00944072818477946
128.65,0.00949316618213861
128.66,0.00954569118238562
128.67,0.00959829519780721
128.68,0.00965096994658124
128.69,0.00970370685909262
128.7,0.00975649707634075
128.71,0.00980933144608784
128.72,0.00986220050172995
128.73,0.00991509447204714
128.74,0.00996800327133255
128.75,0.0100209165131612
128.76,0.0100738235070462
128.77,0.0101267131898697
128.78,0.0101795741850347
128.79,0.0102323947783646
128.8,0.0102851629509912
128.81,0.0103378663681152
128.82,0.0103904922713791
128.83,0.0104430275844307
128.84,0.01049545887532
128.85,0.0105477724161
128.86,0.0105999541529526
128.87,0.0106519895613509
128.88,0.0107038638032997
128.89,0.0107555616744474
128.9,0.010807067701125
128.91,0.0108583660763473
128.92,0.0109094404807804
128.93,0.0109602742987384
128.94,0.0110108505475184
128.95,0.0110611520155819
128.96,0.0111111611506475
128.97,0.0111608598677605
128.98,0.0112102298112537
128.99,0.0112592522697973
129,0.0113079083096761
129.01,0.0113561786871258
129.02,0.0114040436842623
129.03,0.0114514833233445
129.04,0.0114984773671765
129.05,0.0115450053123362
129.06,0.0115910462535414
129.07,0.0116365790322248
129.08,0.0116815822455275
129.09,0.0117260342760174
129.1,0.0117699131312201
129.11,0.0118131966016481
129.12,0.0118558622766134
129.13,0.0118978876327375
129.14,0.0119392497479744
129.15,0.0119799255579571
129.16,0.0120198918437553
129.17,0.0120591253933182
129.18,0.0120976025939458
129.19,0.0121352997770182
129.2,0.0121721931714435
129.21,0.0122082591153339
129.22,0.0122434736006844
129.23,0.0122778126461348
129.24,0.012311252232999
129.25,0.0123437685555002
129.26,0.012375337538932
129.27,0.0124059352254905
129.28,0.0124355376997914
129.29,0.0124641213910265
129.3,0.0124916625333207
129.31,0.0125181375846358
129.32,0.0125435231529899
129.33,0.0125677963043658
129.34,0.012590934055028
129.35,0.0126129137197071
129.36,0.0126337129007491
129.37,0.0126533097389502
129.38,0.0126716825823654
129.39,0.0126888101024842
129.4,0.0127046714281065
129.41,0.0127192462977448
129.42,0.0127325149336295
129.43,0.0127444579374096
129.44,0.012755056541507
129.45,0.012764292669829
129.46,0.01277214897717
129.47,0.0127786086116161
129.48,0.0127836555169298
129.49,0.012787274434179
129.5,0.0127894510267369
129.51,0.0127901716268715
129.52,0.0127894235135706
129.53,0.0127871948933758
129.54,0.0127834750067173
129.55,0.012778254009195
129.56,0.0127715231290104
129.57,0.0127632746751251
129.58,0.0127535019989353
129.59,0.012742199682346
129.6,0.0127293634730351
129.61,0.0127149903436041
129.62,0.0126990783077669
129.63,0.012681626817868
129.64,0.0126626366528168
129.65,0.0126421099046746
129.66,0.0126200497373063
129.67,0.0125964607683171
129.68,0.0125713492000857
129.69,0.0125447225603024
129.7,0.0125165895106315
129.71,0.0124869599832508
129.72,0.0124558458214145
129.73,0.0124232601269204
129.74,0.0123892172028209
129.75,0.0123537322620901
129.76,0.0123168228119279
129.77,0.0122785074636445
129.78,0.01223880620133
129.79,0.0121977391820598
129.8,0.0121553293805358
129.81,0.0121116006083904
129.82,0.0120665780155079
129.83,0.0120202868943876
129.84,0.011972754650354
129.85,0.0119240099233281
129.86,0.0118740823498264
129.87,0.011823001988026
129.88,0.0117707998320088
129.89,0.0117175086228959
129.9,0.011663161680588
129.91,0.0116077929151717
129.92,0.0115514362416058
129.93,0.0114941274837772
129.94,0.0114359026818342
129.95,0.0113767984624683
129.96,0.0113168509002601
129.97,0.0112560977462
129.98,0.01119457668587
129.99,0.0111323257066165
130,0.0110693824943038
130.01,0.0110057852180652
130.02,0.0109415721879639
130.03,0.0108767816027192
130.04,0.0108114514642506
130.05,0.0107456195704216
130.06,0.0106793236366428
130.07,0.0106126010031009
130.08,0.0105454886782217
130.09,0.0104780233886551
130.1,0.0104102411468706
130.11,0.0103421774824483
130.12,0.0102738672951083
130.13,0.0102053455189462
130.14,0.0101366455822979
130.15,0.0100678004143937
130.16,0.00999884212294114
130.17,0.0099298026659208
130.18,0.00986071273604418
130.19,0.00979160190907514
130.2,0.00972249897267618
130.21,0.00965343226509754
130.22,0.00958442944676345
130.23,0.00951551628914958
130.24,0.00944671792009286
130.25,0.00937805841537104
130.26,0.00930956252756238
130.27,0.00924125196221423
130.28,0.009173148092643
130.29,0.00910527123839641
130.3,0.00903764125557664
130.31,0.00897027727139899
130.32,0.00890319679017549
130.33,0.0088364166735544
130.34,0.00876995307233192
130.35,0.00870382105096826
130.36,0.00863803483607625
130.37,0.0085726078068867
130.38,0.00850755252742203
130.39,0.00844288063317249
130.4,0.00837860293984044
130.41,0.00831472977815237
130.42,0.0082512705233535
130.43,0.00818823373549196
130.44,0.00812562735778204
130.45,0.00806345899701814
130.46,0.0080017352177589
130.47,0.00794046210733036
130.48,0.00787964517924364
130.49,0.00781928938924682
130.5,0.00775939914986405
130.51,0.00769997836938826
130.52,0.00764103027680479
130.53,0.00758255781447324
130.54,0.00752456340475798
130.55,0.00746704902323631
130.56,0.0074100162190031
130.57,0.00735346616850719
130.58,0.00729739966723702
130.59,0.00724181718718366
130.6,0.00718671891047153
130.61,0.0071321046610977
130.62,0.00707797401145084
130.63,0.00702432624480879
130.64,0.00697116035167447
130.65,0.00691847519812888
130.66,0.00686626941695059
130.67,0.00681454135590399
130.68,0.00676328898572094
130.69,0.00671251041702894
130.7,0.00666220348502639
130.71,0.00661236582793271
130.72,0.00656299482470048
130.73,0.00651408790538471
130.74,0.0064656423151077
130.75,0.00641765517444326
130.76,0.00637012345468493
130.77,0.00632304411901964
130.78,0.00627641402923689
130.79,0.00623022995010757
130.8,0.00618448847440557
130.81,0.00613918629940298
130.82,0.0060943200222097
130.83,0.00604988615595796
130.84,0.00600588101707251
130.85,0.00596230115991712
130.86,0.0059191430184071
130.87,0.00587640301694513
130.88,0.00583407749653185
130.89,0.00579216250301449
130.9,0.00575065452927495
130.91,0.00570954989141339
130.92,0.0056688449095952
130.93,0.00562853585588293
130.94,0.00558861878834062
130.95,0.00554909011117505
130.96,0.00550994610670541
130.97,0.00547118307027551
130.98,0.00543279728409996
130.99,0.00539478492225964
131,0.00535714236537491
131.01,0.00531986594122161
131.02,0.00528295200052699
131.03,0.00524639689586584
131.04,0.00521019689719265
131.05,0.00517434846168654
131.06,0.0051388480121014
131.07,0.00510369200088586
131.08,0.0050688768867791
131.09,0.00503439903484528
131.1,0.00500025502156584
131.11,0.00496644138342776
131.12,0.0049329546877629
131.13,0.00489979151639792
131.14,0.00486694838907378
131.15,0.0048344219900503
131.16,0.00480220898198408
131.17,0.00477030605786132
131.18,0.0047387099350739
131.19,0.00470741732348047
131.2,0.00467642501866781
131.21,0.00464572982626958
131.22,0.00461532858335698
131.23,0.00458521815507618
131.24,0.00455539541407589
131.25,0.00452585729944113
131.26,0.00449660076924346
131.27,0.00446762281399142
131.28,0.00443892045095704
131.29,0.00441049068862016
131.3,0.00438233062409391
131.31,0.00435443736404732
131.32,0.00432680804630602
131.33,0.00429943983534915
131.34,0.00427232989204163
131.35,0.00424547545415995
131.36,0.00421887377100011
131.37,0.00419252212092593
131.38,0.00416641781065422
131.39,0.00414055817052774
131.4,0.00411494056650019
131.41,0.00408956239027455
131.42,0.00406442106181728
131.43,0.00403951402943164
131.44,0.00401483877113803
131.45,0.00399039279075881
131.46,0.00396617362088282
131.47,0.00394217882194251
131.48,0.00391840598083557
131.49,0.0038948526960263
131.5,0.00387151661353565
131.51,0.00384839539807676
131.52,0.00382548674050773
131.53,0.00380278835669842
131.54,0.00378029797054333
131.55,0.00375801335311102
131.56,0.00373593229148174
131.57,0.00371405259663018
131.58,0.00369237210362579
131.59,0.00367088868824478
131.6,0.00364960022838327
131.61,0.00362850463353022
131.62,0.00360759983673829
131.63,0.00358688379438125
131.64,0.00356635448084617
131.65,0.00354600989952932
131.66,0.00352584807401515
131.67,0.00350586705009568
131.68,0.0034860648955381
131.69,0.00346643969596844
131.7,0.00344698956296625
131.71,0.00342771262760536
131.72,0.00340860704170403
131.73,0.00338967097761951
131.74,0.00337090262523871
131.75,0.00335230019750483
131.76,0.00333386192602779
131.77,0.00331558606166481
131.78,0.0032974708743428
131.79,0.00327951466214194
131.8,0.00326171573138684
131.81,0.00324407240999399
131.82,0.00322658304495653
131.83,0.00320924600159147
131.84,0.00319205966691986
131.85,0.00317502244532363
131.86,0.00315813275585903
131.87,0.00314138903718457
131.88,0.00312478974556681
131.89,0.00310833335339282
131.9,0.00309201834549135
131.91,0.00307584323085936
131.92,0.00305980653202751
131.93,0.00304390678775346
131.94,0.00302814255279631
131.95,0.00301251240154213
131.96,0.00299701492000036
131.97,0.00298164871048975
131.98,0.00296641239103157
131.99,0.00295130459478147
132,0.00293632397139163
132.01,0.00292146918534364
132.02,0.00290673891393075
132.03,0.00289213184987096
132.04,0.00287764670017878
132.05,0.00286328218658587
132.06,0.00284903704793854
132.07,0.00283491003227436
132.08,0.00282089990319711
132.09,0.00280700543789264
132.1,0.00279322542695589
132.11,0.00277955867783991
132.12,0.0027660040076925
132.13,0.00275256024707942
132.14,0.00273922624001823
132.15,0.0027260008433346
132.16,0.00271288292576205
132.17,0.0026998713685187
132.18,0.00268696506622762
132.19,0.00267416292508156
132.2,0.00266146386326631
132.21,0.00264886681080464
132.22,0.0026363707093999
132.23,0.00262397451185899
132.24,0.00261167718256439
132.25,0.00259947769740203
132.26,0.00258737504308497
132.27,0.00257536821720378
132.28,0.00256345622806893
132.29,0.00255163809455316
132.3,0.00253991285475462
132.31,0.00252827954954629
132.32,0.00251673722813611
132.33,0.00250528495266407
132.34,0.00249392179541291
132.35,0.00248264683867264
132.36,0.00247145917460559
132.37,0.00246035791518126
132.38,0.00244934217083915
132.39,0.00243841106312743
132.4,0.00242756372486165
132.41,0.00241679929840761
132.42,0.00240611693556752
132.43,0.00239551579746593
132.44,0.00238499505026403
132.45,0.0023745538746509
132.46,0.00236419145846236
132.47,0.00235390699807014
132.48,0.00234369969847258
132.49,0.0023335687731734
132.5,0.00232351344427138
132.51,0.00231353294736776
132.52,0.00230362651860184
132.53,0.00229379340529092
132.54,0.00228403286280104
132.55,0.00227434415443506
132.56,0.00226472655132063
132.57,0.00225517933361081
132.58,0.00224570179639971
132.59,0.00223629323020924
132.6,0.0022269529382028
132.61,0.00221768023108452
132.62,0.00220847442700418
132.63,0.00219933485146286
132.64,0.00219026083819503
132.65,0.00218125173013842
132.66,0.0021723068729529
132.67,0.00216342562130542
132.68,0.00215460733683982
132.69,0.00214585138808817
132.7,0.00213715715038172
132.71,0.00212852400576232
132.72,0.00211995134704615
132.73,0.0021114385677296
132.74,0.00210298507007029
132.75,0.00209459026281891
132.76,0.00208625356109292
132.77,0.00207797438629345
132.78,0.00206975216602218
132.79,0.00206158633572978
132.8,0.00205347633541727
132.81,0.00204542161063087
132.82,0.00203742161340475
132.83,0.00202947580162055
132.84,0.00202158363892806
132.85,0.0020137445946657
132.86,0.00200595814598772
132.87,0.00199822377657635
132.88,0.00199054097091204
132.89,0.00198290922132843
132.9,0.00197532802559374
132.91,0.00196779688683971
132.92,0.0019603153134906
132.93,0.00195288281973922
132.94,0.00194549892911761
132.95,0.00193816316345414
132.96,0.00193087505250524
132.97,0.00192363413108807
132.98,0.00191643993901686
132.99,0.0019092920210394
133,0.0019021899267732
133.01,0.00189513321273038
133.02,0.0018881214377139
133.03,0.00188115416566463
133.04,0.00187423096549731
133.05,0.0018673514107392
133.06,0.0018605150794699
133.07,0.00185372155426133
133.08,0.00184697042357337
133.09,0.00184026127971817
133.1,0.00183359371793549
133.11,0.00182696733866479
133.12,0.00182038174660541
133.13,0.00181383655066054
133.14,0.00180733136388106
133.15,0.00180086580434592
133.16,0.00179443949618306
133.17,0.00178805206317484
133.18,0.00178170313504799
133.19,0.00177539234548416
133.2,0.00176911933206857
133.21,0.00176288373623915
133.22,0.00175668520323535
133.23,0.00175052338466578
133.24,0.00174439793329382
133.25,0.00173830850527836
133.26,0.00173225476117032
133.27,0.00172623636514766
133.28,0.00172025298496885
133.29,0.00171430429192633
133.3,0.0017083899612289
133.31,0.00170250967309581
133.32,0.00169666310822339
133.33,0.00169084995196561
133.34,0.00168506989303113
133.35,0.00167932262343983
133.36,0.00167360783847947
133.37,0.00166792523666204
133.38,0.00166227452139986
133.39,0.0016566553978597
133.4,0.00165106757371878
133.41,0.0016455107603981
133.42,0.00163998467238462
133.43,0.00163448902719108
133.44,0.00162902354531602
133.45,0.00162358795055639
133.46,0.00161818197191442
133.47,0.00161280533739842
133.48,0.00160745777951794
133.49,0.00160213903363208
133.5,0.00159684883791294
133.51,0.00159158693330935
133.52,0.00158635306351044
133.53,0.0015811469762427
133.54,0.00157596842109659
133.55,0.00157081714945108
133.56,0.00156569291597753
133.57,0.0015605954779568
133.58,0.00155552459524556
133.59,0.00155048003024288
133.6,0.0015454615479738
133.61,0.00154046891757684
133.62,0.00153550190808625
133.63,0.00153056029201984
133.64,0.00152564384430952
133.65,0.00152075234226999
133.66,0.00151588556556762
133.67,0.00151104329618916
133.68,0.00150622531955613
133.69,0.00150143142289414
133.7,0.00149666139452637
133.71,0.0014919150257433
133.72,0.00148719211004228
133.73,0.00148249244309863
133.74,0.00147781582273683
133.75,0.00147316204890148
133.76,0.00146853092524107
133.77,0.00146392225634439
133.78,0.00145933584795754
133.79,0.00145477150862371
133.8,0.0014502290489133
133.81,0.00144570828139778
133.82,0.00144120902062366
133.83,0.00143673108308624
133.84,0.00143227428857299
133.85,0.00142783845749654
133.86,0.00142342341186673
133.87,0.00141902897601684
133.88,0.00141465497613673
133.89,0.00141030124024878
133.9,0.0014059675981838
133.91,0.00140165388155701
133.92,0.00139735992498473
133.93,0.0013930855634368
133.94,0.00138883063368868
133.95,0.00138459497449758
133.96,0.00138037842631555
133.97,0.00137618083126709
133.98,0.00137200203312666
133.99,0.00136784187729645
134,0.00136370021257816
134.01,0.00135957688708359
134.02,0.00135547175102364
134.03,0.00135138465640544
134.04,0.00134731545679143
134.05,0.00134326400727906
134.06,0.00133923016448048
134.07,0.00133521378650238
134.08,0.00133121473474112
134.09,0.0013272328695171
134.1,0.00132326805347016
134.11,0.00131932015077434
134.12,0.00131538902703291
134.13,0.00131147454926008
134.14,0.00130757658586261
134.15,0.00130369500664109
134.16,0.00129982968388164
134.17,0.00129598048951239
134.18,0.00129214729748384
134.19,0.00128832998306812
134.2,0.00128452842284165
134.21,0.00128074249466807
134.22,0.00127697207768097
134.23,0.00127321705238147
134.24,0.00126947730164622
134.25,0.00126575270767862
134.26,0.00126204315469611
134.27,0.00125834852812242
134.28,0.00125466871457151
134.29,0.00125100360183158
134.3,0.0012473530788491
134.31,0.00124371703571274
134.32,0.00124009536536385
134.33,0.00123648795971986
134.34,0.00123289471218685
134.35,0.00122931551755423
134.36,0.00122575027170883
134.37,0.00122219887162057
134.38,0.00121866121532836
134.39,0.00121513720192589
134.4,0.00121162673227553
134.41,0.00120812970789863
134.42,0.00120464603069664
134.43,0.00120117560402782
134.44,0.00119771833225733
134.45,0.00119427412074403
134.46,0.00119084287582761
134.47,0.00118742450481561
134.48,0.00118401891615109
134.49,0.00118062601949745
134.5,0.00117724572473666
134.51,0.00117387794300921
134.52,0.00117052258636986
134.53,0.00116717956777529
134.54,0.00116384880107174
134.55,0.00116053020098258
134.56,0.00115722368313201
134.57,0.00115392916550551
134.58,0.00115064656461309
134.59,0.00114737579875898
134.6,0.00114411678708753
134.61,0.00114086944957226
134.62,0.00113763370700469
134.63,0.00113440948098339
134.64,0.00113119669390292
134.65,0.00112799527018579
134.66,0.0011248051336732
134.67,0.00112162620898105
134.68,0.00111845842180928
134.69,0.00111530169862671
134.7,0.00111215596666131
134.71,0.0011090211538907
134.72,0.00110589718903254
134.73,0.00110278400166039
134.74,0.0010996815220469
134.75,0.00109658968100488
134.76,0.00109350841015362
134.77,0.00109043764180907
134.78,0.00108737730897454
134.79,0.00108432734533137
134.8,0.00108128768522951
134.81,0.00107825826377969
134.82,0.00107523901703212
134.83,0.00107222988106864
134.84,0.00106923079288297
134.85,0.00106624169009827
134.86,0.00106326251095827
134.87,0.00106029319431819
134.88,0.0010573336796359
134.89,0.00105438390696288
134.9,0.00105144381821213
134.91,0.00104851335498583
134.92,0.00104559245866117
134.93,0.00104268107185296
134.94,0.00103977913775766
134.95,0.00103688660014598
134.96,0.00103400340335564
134.97,0.00103112949228402
134.98,0.00102826481238088
134.99,0.00102540931074926
135,0.00102256293336333
135.01,0.00101972562740413
135.02,0.00101689734059969
135.03,0.00101407802121018
135.04,0.0010112676180214
135.05,0.00100846608033827
135.06,0.00100567335797832
135.07,0.00100288940091216
135.08,0.0010001141593939
135.09,0.000997347585089707
135.1,0.000994589629673845
135.11,0.000991840245285383
135.12,0.000989099384520784
135.13,0.000986367000426689
135.14,0.000983643046492615
135.15,0.000980927476643668
135.16,0.00097822024668735
135.17,0.000975521311244551
135.18,0.000972830625356618
135.19,0.00097014814486849
135.2,0.000967473826053395
135.21,0.000964807625607083
135.22,0.000962149500641985
135.23,0.000959499408681369
135.24,0.00095685730794421
135.25,0.000954223158877564
135.26,0.000951596919061714
135.27,0.000948978547897087
135.28,0.000946368005201261
135.29,0.000943765251204963
135.3,0.000941170246548077
135.31,0.000938582952275626
135.32,0.000936003329833837
135.33,0.000933431339457713
135.34,0.00093086694234412
135.35,0.000928310101908401
135.36,0.000925760780749458
135.37,0.000923218941798568
135.38,0.000920684548312983
135.39,0.000918157563869439
135.4,0.000915637952357701
135.41,0.000913125677974092
135.42,0.000910620709211846
135.43,0.000908123009332552
135.44,0.000905632543585744
135.45,0.000903149277894559
135.46,0.000900673178521654
135.47,0.00089820421206596
135.48,0.000895742345459445
135.49,0.000893287545963946
135.5,0.000890839780730155
135.51,0.000888399016410771
135.52,0.000885965221763129
135.53,0.000883538365018049
135.54,0.000881118414674529
135.55,0.000878705339493756
135.56,0.000876299108493105
135.57,0.000873899691380615
135.58,0.000871507059855291
135.59,0.000869121182758775
135.6,0.000866742030544989
135.61,0.000864369573962138
135.62,0.000862003784050795
135.63,0.000859644632142108
135.64,0.000857292089836606
135.65,0.00085494612883724
135.66,0.000852606721420153
135.67,0.000850273840021891
135.68,0.00084794745735478
135.69,0.000845627546404787
135.7,0.000843314080429273
135.71,0.000841007032909947
135.72,0.000838706374435622
135.73,0.00083641208038597
135.74,0.000834124124541904
135.75,0.000831842480865799
135.76,0.00082956712349449
135.77,0.000827298026732194
135.78,0.000825035165043456
135.79,0.000822778517422748
135.8,0.000820528057287598
135.81,0.000818283760071338
135.82,0.000816045601710795
135.83,0.000813813558390715
135.84,0.000811587606543935
135.85,0.000809367722851485
135.86,0.000807153882533651
135.87,0.000804946063035635
135.88,0.000802744241732431
135.89,0.00080054839597121
135.9,0.000798358503318631
135.91,0.000796174541560845
135.92,0.000793996487862435
135.93,0.000791824320405411
135.94,0.000789658017684742
135.95,0.000787497558180512
135.96,0.000785342920576145
135.97,0.000783194083758393
135.98,0.000781051026568755
135.99,0.000778913728221092
136,0.00077678216825544
136.01,0.000774656326308256
136.02,0.000772536182213692
136.03,0.000770421716003594
136.04,0.00076831290744761
136.05,0.000766209736659382
136.06,0.000764112184414444
136.07,0.000762020231394651
136.08,0.00075993385846694
136.09,0.000757853046683377
136.1,0.000755777776627096
136.11,0.000753708028938564
136.12,0.000751643785581149
136.13,0.000749585028100275
136.14,0.000747531738204217
136.15,0.0007454838977641
136.16,0.000743441488703003
136.17,0.000741404492997878
136.18,0.000739372893105475
136.19,0.000737346671494207
136.2,0.000735325810790382
136.21,0.000733310293778247
136.22,0.000731300103221462
136.23,0.000729295221623067
136.24,0.000727295632499404
136.25,0.000725301319145065
136.26,0.000723312265001454
136.27,0.000721328453656778
136.28,0.000719349868765415
136.29,0.000717376493703098
136.3,0.000715408312714077
136.31,0.000713445309885576
136.32,0.000711487469443495
136.33,0.00070953477575235
136.34,0.000707587213291813
136.35,0.000705644766298951
136.36,0.000703707419724649
136.37,0.00070177515842593
136.38,0.000699847967392683
136.39,0.000697925831747643
136.4,0.000696008736746402
136.41,0.000694096667073216
136.42,0.000692189608518307
136.43,0.000690287546647134
136.44,0.0006883904671343
136.45,0.000686498355777549
136.46,0.000684611198497812
136.47,0.000682728980639484
136.48,0.000680851688530836
136.49,0.000678979308419978
136.5,0.00067711182659441
136.51,0.00067524922945387
136.52,0.000673391503510328
136.53,0.000671538635166221
136.54,0.000669690611133365
136.55,0.000667847418242225
136.56,0.000666009043385128
136.57,0.000664175473559619
136.58,0.000662346695974137
136.59,0.000660522697840397
136.6,0.000658703466482584
136.61,0.000656888989350102
136.62,0.000655079254000702
136.63,0.000653274247848515
136.64,0.000651473958676351
136.65,0.000649678374335224
136.66,0.000647887482745657
136.67,0.000646101271929329
136.68,0.000644319729493884
136.69,0.000642542843713269
136.7,0.000640770602837247
136.71,0.00063900299515401
136.72,0.000637240009038857
136.73,0.000635481633188958
136.74,0.000633727856117144
136.75,0.00063197866649872
136.76,0.000630234053117621
136.77,0.000628494004850992
136.78,0.000626758510539898
136.79,0.000625027559275276
136.8,0.000623301140190353
136.81,0.000621579242503351
136.82,0.000619861855522523
136.83,0.000618148968524523
136.84,0.000616440571029606
136.85,0.000614736652591886
136.86,0.000613037202850988
136.87,0.000611342211532062
136.88,0.000609651668299715
136.89,0.0006079655630982
136.9,0.000606283885884276
136.91,0.000604606626698325
136.92,0.000602933775659262
136.93,0.000601265322821132
136.94,0.000599601258495593
136.95,0.000597941573009734
136.96,0.000596286256768013
136.97,0.000594635300591222
136.98,0.000592988694995499
136.99,0.000591346430718354
137,0.000589708498589989
137.01,0.000588074889405765
137.02,0.000586445594181893
137.03,0.000584820603986018
137.04,0.000583199909965639
137.05,0.000581583503056529
137.06,0.000579971374555576
137.07,0.000578363515788709
137.08,0.00057675991812695
137.09,0.000575160573167349
137.1,0.000573565472453575
137.11,0.000571974607608553
137.12,0.000570387970355988
137.13,0.000568805552793741
137.14,0.000567227346901126
137.15,0.000565653344704712
137.16,0.00056408353838449
137.17,0.000562517920129334
137.18,0.000560956482268963
137.19,0.000559399217254596
137.2,0.00055784611760542
137.21,0.000556297175739371
137.22,0.000554752384228558
137.23,0.000553211735832609
137.24,0.000551675223324338
137.25,0.000550142839707005
137.26,0.00054861457808198
137.27,0.00054709043151479
137.28,0.000545570393255903
137.29,0.000544054456787292
137.3,0.000542542615537237
137.31,0.000541034863097572
137.32,0.000539531193027517
137.33,0.000538031599090533
137.34,0.000536536075146658
137.35,0.000535044615135038
137.36,0.000533557213089329
137.37,0.000532073863145127
137.38,0.000530594559555074
137.39,0.000529119296982753
137.4,0.000527648069866342
137.41,0.000526180872875284
137.42,0.000524717700913425
137.43,0.00052325854896586
137.44,0.00052180341210542
137.45,0.000520352285524865
137.46,0.000518905164467824
137.47,0.000517462044410186
137.48,0.000516022920909625
137.49,0.000514587789719555
137.5,0.00051315664664591
137.51,0.000511729487641343
137.52,0.00051030630901149
137.53,0.000508887107226133
137.54,0.000507471878707235
137.55,0.000506060620178404
137.56,0.000504653328838603
137.57,0.000503250001766649
137.58,0.00050185063618833
137.59,0.000500455229254018
137.6,0.000499063778579025
137.61,0.000497676281845949
137.62,0.000496292736895687
137.63,0.000494913141694871
137.64,0.000493537494963277
137.65,0.000492165795392943
137.66,0.000490798041794529
137.67,0.000489434233594868
137.68,0.000488074370230215
137.69,0.000486718451421744
137.7,0.000485366476769374
137.71,0.000484018446468063
137.72,0.000482674360821844
137.73,0.000481334220366664
137.74,0.000479998025846182
137.75,0.000478665778601446
137.76,0.00047733748043658
137.77,0.000476013133059714
137.78,0.000474692738965163
137.79,0.000473376300894702
137.8,0.000472063821842971
137.81,0.00047075530528566
137.82,0.000469450755009571
137.83,0.000468150175117909
137.84,0.000466853569473977
137.85,0.000465560942806581
137.86,0.000464272300241018
137.87,0.000462987648001888
137.88,0.000461706991865589
137.89,0.000460430338619944
137.9,0.000459157695752138
137.91,0.000457889070834444
137.92,0.000456624472658471
137.93,0.000455363910488684
137.94,0.000454107393924971
137.95,0.000452854932200889
137.96,0.000451606535778367
137.97,0.000450362215621176
137.98,0.000449121984957398
137.99,0.000447885855962775
138,0.000446653841939821
138.01,0.000445425956636724
138.02,0.000444202214669804
138.03,0.000442982631843041
138.04,0.000441767225343134
138.05,0.000440556012180842
138.06,0.000439349010783985
138.07,0.000438146240421157
138.08,0.000436947721066126
138.09,0.00043575347397215
138.1,0.000434563521074455
138.11,0.000433377885242894
138.12,0.000432196591397782
138.13,0.000431019664465233
138.14,0.000429847130904157
138.15,0.000428679019176002
138.16,0.000427515357902521
138.17,0.000426356177513429
138.18,0.000425201510120864
138.19,0.000424051388439795
138.2,0.00042290584725387
138.21,0.000421764922773715
138.22,0.000420628652142348
138.23,0.000419497075075275
138.24,0.000418370232263498
138.25,0.00041724816580127
138.26,0.000416130920861035
138.27,0.000415018542979013
138.28,0.000413911079931056
138.29,0.000412808582362526
138.3,0.000411711101538577
138.31,0.000410618691349891
138.32,0.000409531408368772
138.33,0.00040844931011944
138.34,0.000407372457210669
138.35,0.000406300912595226
138.36,0.000405234740631663
138.37,0.000404174009274446
138.38,0.000403118788286939
138.39,0.000402069149466609
138.4,0.000401025168734971
138.41,0.00039998692309936
138.42,0.000398954492577971
138.43,0.000397927961141745
138.44,0.000396907414014015
138.45,0.00039589293991971
138.46,0.000394884631277971
138.47,0.000393882582165256
138.48,0.000392886890568368
138.49,0.000391897657797437
138.5,0.000390914987336352
138.51,0.000389938986974285
138.52,0.000388969767336557
138.53,0.000388007441837067
138.54,0.000387052128559896
138.55,0.000386103947853235
138.56,0.000385163023647549
138.57,0.000384229484439702
138.58,0.000383303461009598
138.59,0.000382385088100897
138.6,0.000381474504576288
138.61,0.00038057185238218
138.62,0.000379677277528981
138.63,0.000378790930100734
138.64,0.000377912963768292
138.65,0.000377043535846041
138.66,0.000376182807339789
138.67,0.000375330943493611
138.68,0.00037448811320698
138.69,0.000373654489278383
138.7,0.000372830248440685
138.71,0.000372015571652761
138.72,0.000371210643724855
138.73,0.000370415653524785
138.74,0.000369630793966462
138.75,0.000368856262130386
138.76,0.000368092259195006
138.77,0.000367338990226045
138.78,0.000366596664656085
138.79,0.000365865495999596
138.8,0.000365145701939614
138.81,0.000364437504352954
138.82,0.000363741129382672
138.83,0.000363056807514537
138.84,0.000362384773421155
138.85,0.000361725266156897
138.86,0.000361078529146618
138.87,0.000360444810173671
138.88,0.000359824361470977
138.89,0.000359217439721408
138.9,0.00035862430607945
138.91,0.000358045226373942
138.92,0.000357480470946751
138.93,0.000356930314752682
138.94,0.00035639503770623
138.95,0.000355874924275508
138.96,0.000355370263818516
138.97,0.000354881350816072
138.98,0.000354408484518756
138.99,0.000353951969328048
139,0.000353512114999567
139.01,0.000353089236277209
139.02,0.000352683653350565
139.03,0.000352295692213685
139.04,0.000351925684008795
139.05,0.000351573965714298
139.06,0.000351240880559505
139.07,0.000350926777236341
139.08,0.000350632010696371
139.09,0.000350356942589454
139.1,0.000350101940470379
139.11,0.000349867378625209
139.12,0.000349653638621076
139.13,0.000349461108385947
139.14,0.00034929018315276
139.15,0.000349141266149233
139.16,0.000349014767476151
139.17,0.000348911105217128
139.18,0.000348830706214195
139.19,0.000348774004838872
139.2,0.000348741444212929
139.21,0.000348733477177503
139.22,0.000348750564679593
139.23,0.000348793177269318
139.24,0.000348861796119711
139.25,0.000348956911897958
139.26,0.000349079025357824
139.27,0.000349228648703702
139.28,0.000349406305767698
139.29,0.000349612530759067
139.3,0.000349847870265149
139.31,0.000350112884397928
139.32,0.000350408144522888
139.33,0.000350734235504578
139.34,0.00035109175730065
139.35,0.000351481322669249
139.36,0.000351903559032603
139.37,0.000352359109997092
139.38,0.000352848634908457
139.39,0.000353372808295026
139.4,0.000353932322249709
139.41,0.000354527887643373
139.42,0.0003551602314517
139.43,0.000355830099829164
139.44,0.000356538261487098
139.45,0.000357285500956156
139.46,0.000358072624522908
139.47,0.000358900459431123
139.48,0.000359769860225501
139.49,0.000360681700217603
139.5,0.000361636875323232
139.51,0.000362636306473906
139.52,0.000363680944403197
139.53,0.000364771767250908
139.54,0.000365909773806047
139.55,0.000367095993409809
139.56,0.000368331486167215
139.57,0.000369617348635162
139.58,0.000370954698623099
139.59,0.000372344689373716
139.6,0.000373788507005806
139.61,0.000375287382746288
139.62,0.000376842570419146
139.63,0.000378455364605597
139.64,0.000380127097283206
139.65,0.000381859148890494
139.66,0.000383652933933814
139.67,0.000385509906662155
139.68,0.00038743156602528
139.69,0.000389419461595562
139.7,0.000391475191441682
139.71,0.000393600392089719
139.72,0.000395796752855499
139.73,0.000398066016466492
139.74,0.000400409988363859
139.75,0.000402830512192331
139.76,0.000405329492874778
139.77,0.000407908892166475
139.78,0.000410570745428572
139.79,0.00041331713843998
139.8,0.000416150217406491
139.81,0.000419072195835879
139.82,0.000422085358243793
139.83,0.00042519207075533
139.84,0.000428394750055812
139.85,0.00043169589324219
139.86,0.000435098071925851
139.87,0.000438603949498565
139.88,0.000442216256891376
139.89,0.000445937805559271
139.9,0.000449771492861161
139.91,0.000453720305475371
139.92,0.00045778732632943
139.93,0.000461975715360631
139.94,0.000466288730317807
139.95,0.00047072972366483
139.96,0.00047530215284522
139.97,0.000480009568019975
139.98,0.000484855621315779
139.99,0.000489844069874074
140,0.000494978776741578
140.01,0.000500263712845716
140.02,0.000505702960203583
140.03,0.000511300713137184
140.04,0.000517061280701173
140.05,0.000522989071733015
140.06,0.000529088628186102
140.07,0.000535364609880193
140.08,0.000541821796468519
140.09,0.000548465075762303
140.1,0.00055529943824887
140.11,0.000562330037482972
140.12,0.000569562136522362
140.13,0.000577001125165302
140.14,0.000584652453218077
140.15,0.000592521760792155
140.16,0.000600614801335868
140.17,0.000608937449217641
140.18,0.000617495661204231
140.19,0.00062629546941175
140.2,0.000635343123018593
140.21,0.000644644949427723
140.22,0.000654207394081232
140.23,0.00066403684001137
140.24,0.00067413995800213
140.25,0.000684523476800675
140.26,0.000695194215579001
140.27,0.000706159018572238
140.28,0.000717424730338305
140.29,0.000728998399259408
140.3,0.000740887082906224
140.31,0.000753097809532332
140.32,0.000765637687667191
140.33,0.000778513872317069
140.34,0.000791733516197395
140.35,0.000805303662482288
140.36,0.000819231471264512
140.37,0.000833524040925421
140.38,0.000848188368382192
140.39,0.000863231312781134
140.4,0.000878659795842599
140.41,0.000894480596713235
140.42,0.000910700220345168
140.43,0.000927325112060034
140.44,0.000944361593244769
140.45,0.000961815761576662
140.46,0.000979693323560701
140.47,0.000997999943526306
140.48,0.00101674095870435
140.49,0.00103592136686441
140.5,0.00105554578115401
140.51,0.0010756185811328
140.52,0.0010961437332829
140.53,0.00111712470319391
140.54,0.00113856457188971
140.55,0.00116046598407706
140.56,0.00118283106968087
140.57,0.00120566134429512
140.58,0.00122895787006441
140.59,0.00125272109296294
140.6,0.00127695084856505
140.61,0.00130164633427652
140.62,0.00132680607914955
140.63,0.0013524279177042
140.64,0.00137850905759065
140.65,0.00140504592688558
140.66,0.00143203416783032
140.67,0.00145946866979541
140.68,0.00148734376650069
140.69,0.00151565272687628
140.7,0.00154438808079788
140.71,0.00157354163753902
140.72,0.00160310453336128
140.73,0.00163306680313718
140.74,0.00166341772903828
140.75,0.001694146077508
140.76,0.00172523963826232
140.77,0.00175668527606684
140.78,0.00178846912505303
140.79,0.00182057707360188
140.8,0.0018529936440567
140.81,0.00188570279513271
140.82,0.00191868788845815
140.83,0.00195193188120781
140.84,0.00198541677403996
140.85,0.00201912411748364
140.86,0.00205303495832194
140.87,0.0020871297433335
140.88,0.00212138847936517
140.89,0.00215579075316983
140.9,0.00219031567887279
140.91,0.00222494211203025
140.92,0.00225964868924603
140.93,0.00229441363684666
140.94,0.00232921509355954
140.95,0.00236403109838097
140.96,0.00239883950636536
140.97,0.00243361819459453
140.98,0.00246834506957733
140.99,0.0025029980702806
141,0.00253755522318937
141.01,0.00257199469750741
141.02,0.00260629489530094
141.03,0.00264043440039642
141.04,0.0026743920693677
141.05,0.00270814711284162
141.06,0.00274167906963843
141.07,0.0027749678818028
141.08,0.00280799394808397
141.09,0.00284073808937159
141.1,0.0028731816491008
141.11,0.00290530654633397
141.12,0.00293709513264012
141.13,0.00296853038830938
141.14,0.00299959595606077
141.15,0.00303027593542888
141.16,0.00306055512643063
141.17,0.00309041902229201
141.18,0.00311985362850868
141.19,0.00314884568802207
141.2,0.00317738264486609
141.21,0.00320545248548635
141.22,0.00323304395856816
141.23,0.00326014651053302
141.24,0.00328675012394281
141.25,0.00331284555807324
141.26,0.00333842424734616
141.27,0.00336347814602691
141.28,0.00338799997530164
141.29,0.0034119830920594
141.3,0.00343542136295917
141.31,0.00345830938207427
141.32,0.00348064233345769
141.33,0.00350241590013411
141.34,0.0035236264337466
141.35,0.0035442708290044
141.36,0.0035643464607118
141.37,0.00358385130240856
141.38,0.00360278382597189
141.39,0.00362114295452959
141.4,0.00363892813911413
141.41,0.00365613928148501
141.42,0.00367277669983859
141.43,0.00368884117048667
141.44,0.00370433387170578
141.45,0.00371925636118599
141.46,0.00373361058624443
141.47,0.00374739884903443
141.48,0.0037606237965175
141.49,0.00377328839832838
141.5,0.00378539593473476
141.51,0.00379694998679814
141.52,0.00380795440447476
141.53,0.00381841330356194
141.54,0.00382833106094034
141.55,0.00383771227006317
141.56,0.00384656174979064
141.57,0.00385488454264885
141.58,0.00386268586067601
141.59,0.00386997110429424
141.6,0.00387674586048196
141.61,0.00388301584620504
141.62,0.00388878693232209
141.63,0.00389406514111223
141.64,0.00389885659092508
141.65,0.00390316752255611
141.66,0.00390700429607085
141.67,0.00391037333807674
141.68,0.00391328117030943
141.69,0.003915734405498
141.7,0.00391773969470278
141.71,0.00391930375628023
141.72,0.00392043338319515
141.73,0.00392113537787168
141.74,0.00392141658640409
141.75,0.00392128391289753
141.76,0.00392074424928037
141.77,0.00391980451006363
141.78,0.00391847164966158
141.79,0.00391675259516142
141.8,0.00391465427897782
141.81,0.00391218364991554
141.82,0.00390934762694709
141.83,0.00390615311302522
141.84,0.00390260700930864
141.85,0.00389871618453897
141.86,0.00389448747347832
141.87,0.00388992769414166
141.88,0.00388504362909177
141.89,0.00387984201271023
141.9,0.00387432954990521
141.91,0.0038685129062873
141.92,0.00386239868828899
141.93,0.00385599346116657
141.94,0.00384930374946179
141.95,0.0038423360084655
141.96,0.00383509664335415
141.97,0.00382759201613118
141.98,0.00381982841272134
141.99,0.00381181206184519
142,0.00380354914502628
142.01,0.00379504576414061
142.02,0.00378630795944422
142.03,0.00377734171423111
142.04,0.00376815293809731
142.05,0.00375874747021181
142.06,0.00374913108702189
142.07,0.00373930949469885
142.08,0.00372928832319683
142.09,0.0037190731356619
142.1,0.00370866942690787
142.11,0.00369808261193996
142.12,0.00368731803600698
142.13,0.00367638097686259
142.14,0.00366527663084116
142.15,0.00365401012253291
142.16,0.00364258650942139
142.17,0.0036310107671376
142.18,0.00361928779878173
142.19,0.00360742244175615
142.2,0.00359541944993425
142.21,0.00358328350427349
142.22,0.00357101921103094
142.23,0.00355863111616148
142.24,0.0035461236771816
142.25,0.00353350128082671
142.26,0.00352076824023716
142.27,0.00350792881067059
142.28,0.00349498715893595
142.29,0.00348194738329019
142.3,0.00346881351023747
142.31,0.00345558950685329
142.32,0.00344227925701296
142.33,0.00342888657746011
142.34,0.00341541521523426
142.35,0.00340186885627081
142.36,0.00338825110933491
142.37,0.00337456551741234
142.38,0.00336081555598623
142.39,0.00334700464018416
142.4,0.00333313611200156
142.41,0.00331921324979136
142.42,0.00330523926691086
142.43,0.00329121731863848
142.44,0.0032771504901512
142.45,0.00326304180576979
142.46,0.00324889422765795
142.47,0.00323471066294128
142.48,0.00322049395053179
142.49,0.00320624687186869
142.5,0.00319197214912999
142.51,0.00317767244767492
142.52,0.00316335037860302
142.53,0.00314900848999462
142.54,0.00313464927613518
142.55,0.00312027517581678
142.56,0.00310588857614262
142.57,0.00309149180903064
142.58,0.00307708715183129
142.59,0.0030626768305714
142.6,0.00304826301973816
142.61,0.00303384784530271
142.62,0.00301943338055878
142.63,0.00300502165055879
142.64,0.00299061463191356
142.65,0.00297621425356817
142.66,0.00296182239756845
142.67,0.0029474408997054
142.68,0.00293307155036601
142.69,0.00291871609525651
142.7,0.00290437623540406
142.71,0.00289005362899543
142.72,0.0028757498919858
142.73,0.0028614665983581
142.74,0.0028472052810045
142.75,0.00283296743061324
142.76,0.00281875450050899
142.77,0.0028045679042614
142.78,0.00279040901722345
142.79,0.00277627917638082
142.8,0.00276217968082562
142.81,0.00274811179555653
142.82,0.00273407674918752
142.83,0.00272007573552256
142.84,0.00270610991169982
142.85,0.0026921804028605
142.86,0.00267828830186278
142.87,0.00266443466868942
142.88,0.00265062053148042
142.89,0.00263684688333596
142.9,0.00262311469191894
142.91,0.00260942489320924
142.92,0.00259577839395879
142.93,0.0025821760708609
142.94,0.00256861877064062
142.95,0.00255510731619166
142.96,0.00254164250188569
142.97,0.00252822509571818
142.98,0.00251485583683365
142.99,0.00250153544045633
143,0.00248826459832062
143.01,0.00247504397693546
143.02,0.00246187421909455
143.03,0.00244875593935609
143.04,0.00243568973528945
143.05,0.00242267618018057
143.06,0.0024097158254751
143.07,0.00239680920023698
143.08,0.00238395680979791
143.09,0.00237115914362156
143.1,0.00235841666940622
143.11,0.00234572983537191
143.12,0.00233309906813435
143.13,0.00232052477596043
143.14,0.00230800735110861
143.15,0.00229554716682857
143.16,0.00228314457901591
143.17,0.00227079992231232
143.18,0.00225851351900435
143.19,0.00224628567428908
143.2,0.00223411667717105
143.21,0.0022220068002569
143.22,0.00220995629661491
143.23,0.00219796541166927
143.24,0.00218603437367521
143.25,0.00217416339693173
143.26,0.00216235268219908
143.27,0.00215060241248326
143.28,0.00213891275782365
143.29,0.00212728388138021
143.3,0.00211571593102451
143.31,0.00210420904268039
143.32,0.00209276334070575
143.33,0.00208137892870527
143.34,0.0020700559090689
143.35,0.00205879437202198
143.36,0.00204759439598915
143.37,0.00203645604916021
143.38,0.0020253793884654
143.39,0.00201436445361795
143.4,0.00200341128633057
143.41,0.00199251991448762
143.42,0.00198169035695496
143.43,0.00197092262388471
143.44,0.00196021671330455
143.45,0.0019495726144451
143.46,0.00193899031368868
143.47,0.00192846978692957
143.48,0.00191801100245398
143.49,0.00190761392121486
143.5,0.00189727849078646
143.51,0.00188700465798345
143.52,0.00187679236235409
143.53,0.00186664153588678
143.54,0.00185655210421566
143.55,0.00184652398599172
143.56,0.001836557087938
143.57,0.00182665131981204
143.58,0.00181680658222594
143.59,0.00180702277030604
143.6,0.00179729977391248
143.61,0.00178763747456101
143.62,0.00177803574811242
143.63,0.00176849447084324
143.64,0.00175901351174364
143.65,0.00174959273531163
143.66,0.00174023200175045
143.67,0.00173093116397218
143.68,0.00172169006925998
143.69,0.0017125085672765
143.7,0.00170338650087408
143.71,0.00169432370924828
143.72,0.00168532002811119
143.73,0.00167637528719372
143.74,0.00166748931070032
143.75,0.00165866192619789
143.76,0.00164989295519276
143.77,0.00164118221624711
143.78,0.00163252952512966
143.79,0.00162393469301657
143.8,0.00161539752598987
143.81,0.00160691783353397
143.82,0.00159849542009542
143.83,0.0015901300878094
143.84,0.00158182163663185
143.85,0.00157356986299334
143.86,0.00156537455860554
143.87,0.00155723551884072
143.88,0.00154915253481563
143.89,0.00154112539589013
143.9,0.00153315388978273
143.91,0.00152523780151864
143.92,0.0015173769116288
143.93,0.00150957100478943
143.94,0.00150181986197458
143.95,0.00149412326287371
143.96,0.001486480985992
143.97,0.00147889280789987
143.98,0.00147135850105765
143.99,0.00146387784215825
144,0.00145645060480144
144.01,0.00144907656170931
144.02,0.00144175548481281
144.03,0.00143448714462378
144.04,0.00142727130751018
144.05,0.00142010774513569
144.06,0.00141299622615696
144.07,0.00140593651872438
144.08,0.00139892839055888
144.09,0.00139197160902915
144.1,0.00138506593865754
144.11,0.00137821114333151
144.12,0.00137140699088389
144.13,0.00136465324678068
144.14,0.0013579496763336
144.15,0.00135129604476534
144.16,0.00134469211727483
144.17,0.00133813765600929
144.18,0.00133163242563716
144.19,0.00132517619122435
144.2,0.00131876871717601
144.21,0.00131240976796951
144.22,0.00130609910825357
144.23,0.00129983650262399
144.24,0.00129362171517286
144.25,0.00128745451014327
144.26,0.00128133465172349
144.27,0.00127526190471
144.28,0.0012692360406635
144.29,0.00126325682131326
144.3,0.00125732401226093
144.31,0.00125143737922887
144.32,0.00124559668806022
144.33,0.0012398017127323
144.34,0.00123405221706325
144.35,0.00122834796874333
144.36,0.00122268873587651
144.37,0.00121707428686211
144.38,0.00121150439650115
144.39,0.00120597883339514
144.4,0.00120049736751736
144.41,0.00119505977005148
144.42,0.00118966581263621
144.43,0.00118431527134947
144.44,0.00117900791966207
144.45,0.0011737435306413
144.46,0.00116852187901171
144.47,0.00116334274008053
144.48,0.00115820589224556
144.49,0.00115311111361279
144.5,0.00114805818093696
144.51,0.00114304687285217
144.52,0.00113807696867703
144.53,0.00113314825074348
144.54,0.00112826050219357
144.55,0.00112341350310067
144.56,0.00111860703627915
144.57,0.00111384088529297
144.58,0.00110911483445554
144.59,0.00110442866891041
144.6,0.00109978218222755
144.61,0.00109517515747666
144.62,0.00109060738297036
144.63,0.00108607864786025
144.64,0.00108158874213687
144.65,0.00107713745662972
144.66,0.00107272458685698
144.67,0.00106834992761821
144.68,0.00106401327091268
144.69,0.00105971441195714
144.7,0.00105545314689509
144.71,0.00105122927279682
144.72,0.00104704258813528
144.73,0.00104289289697185
144.74,0.00103877999680596
144.75,0.00103470368915773
144.76,0.0010306637765399
144.77,0.00102666006245779
144.78,0.00102269235140934
144.79,0.00101876045115673
144.8,0.00101486416878447
144.81,0.00101100331131461
144.82,0.00100717768773033
144.83,0.0010033871080508
144.84,0.000999631383331348
144.85,0.000995910326089013
144.86,0.000992223751561366
144.87,0.000988571472926108
144.88,0.000984953305731704
144.89,0.000981369066593376
144.9,0.000977818573193103
144.91,0.000974301644279623
144.92,0.000970818101364098
144.93,0.000967367765207697
144.94,0.000963950457526488
144.95,0.000960566001587333
144.96,0.000957214221742652
144.97,0.000953894943430405
144.98,0.000950607993174073
144.99,0.000947353199216161
145,0.000944130391619715
145.01,0.000940939399341051
145.02,0.000937780053476562
145.03,0.000934652186225996
145.04,0.000931555630892458
145.05,0.000928490221882411
145.06,0.000925455794705655
145.07,0.000922452187161923
145.08,0.000919479236515791
145.09,0.000916536781616866
145.1,0.000913624662529033
145.11,0.00091074272042998
145.12,0.000907890797611094
145.13,0.000905068737477534
145.14,0.000902276384558592
145.15,0.000899513584495674
145.16,0.000896780184028808
145.17,0.000894076031020609
145.18,0.000891400974447614
145.19,0.000888754864400345
145.2,0.000886137552083217
145.21,0.000883548889765045
145.22,0.00088098872999782
145.23,0.000878456927793614
145.24,0.000875953338719083
145.25,0.000873477819447402
145.26,0.000871030227758332
145.27,0.000868610422538201
145.28,0.000866218263779902
145.29,0.000863853611632652
145.3,0.000861516328128783
145.31,0.000859206276837839
145.32,0.000856923322015089
145.33,0.000854667329009981
145.34,0.000852438164266196
145.35,0.000850235695321622
145.36,0.000848059790311278
145.37,0.000845910317177211
145.38,0.000843787147937721
145.39,0.000841690154323479
145.4,0.000839619209147017
145.41,0.000837574186302731
145.42,0.000835554960766881
145.43,0.000833561408597581
145.44,0.00083159340693484
145.45,0.000829650832444876
145.46,0.000827733562955349
145.47,0.00082584148016625
145.48,0.000823974465259269
145.49,0.000822132400479089
145.5,0.000820315169133325
145.51,0.000818522655592569
145.52,0.00081675474529037
145.53,0.000815011324723246
145.54,0.000813292278359883
145.55,0.000811597494696661
145.56,0.000809926864364468
145.57,0.000808280277741351
145.58,0.000806657626244143
145.59,0.0008050588023285
145.6,0.000803483699488881
145.61,0.000801932212258586
145.62,0.000800404236209703
145.63,0.000798899663287287
145.64,0.000797418393099859
145.65,0.000795960324484199
145.66,0.000794525356758648
145.67,0.000793113390254062
145.68,0.000791724326313803
145.69,0.000790358067293769
145.7,0.000789014516562353
145.71,0.000787693578066532
145.72,0.000786395152382696
145.73,0.000785119148891999
145.74,0.000783865474621252
145.75,0.000782634037583244
145.76,0.000781424746776762
145.77,0.000780237512186593
145.78,0.000779072244783517
145.79,0.000777928856524313
145.8,0.000776807258874024
145.81,0.000775707362633436
145.82,0.000774629084988865
145.83,0.000773572341447751
145.84,0.000772537048477292
145.85,0.00077152312350443
145.86,0.000770530484915877
145.87,0.000769559052058077
145.88,0.00076860874523723
145.89,0.000767679483744113
145.9,0.000766771188594404
145.91,0.00076588378392092
145.92,0.000765017193376815
145.93,0.000764171341517311
145.94,0.000763346153796838
145.95,0.000762541556566111
145.96,0.00076175747706926
145.97,0.000760993843440941
145.98,0.000760250584703437
145.99,0.000759527630763792
146,0.000758824912120486
146.01,0.000758142360556731
146.02,0.00075747990863268
146.03,0.000756837489737272
146.04,0.000756215038127046
146.05,0.000755612488923139
146.06,0.000755029778108289
146.07,0.000754466842523839
146.08,0.000753923619866721
146.09,0.000753400048686473
146.1,0.000752896068508109
146.11,0.000752411620221837
146.12,0.000751946644486336
146.13,0.000751501083295093
146.14,0.000751074879485508
146.15,0.00075066797673616
146.16,0.000750280319564079
146.17,0.000749911853322012
146.18,0.000749562524195685
146.19,0.000749232279201088
146.2,0.000748921066181722
146.21,0.000748628834252319
146.22,0.000748355533179105
146.23,0.000748101112969951
146.24,0.000747865524827814
146.25,0.000747648720777
146.26,0.000747450653660744
146.27,0.000747271277138798
146.28,0.000747110545685005
146.29,0.00074696841458489
146.3,0.000746844839933233
146.31,0.000746739778631658
146.32,0.000746653188959657
146.33,0.000746585029228958
146.34,0.000746535258695935
146.35,0.000746503837523367
146.36,0.000746490726674346
146.37,0.000746495887910094
146.38,0.000746519283787771
146.39,0.00074656087765829
146.4,0.000746620633664128
146.41,0.000746698516737136
146.42,0.000746794492684439
146.43,0.000746908528595514
146.44,0.000747040591373909
146.45,0.00074719064914154
146.46,0.000747358670804182
146.47,0.000747544626049508
146.48,0.000747748485345133
146.49,0.000747970219936651
146.5,0.000748209801845689
146.51,0.000748467203867942
146.52,0.000748742399571216
146.53,0.000749035363686418
146.54,0.000749346071627245
146.55,0.000749674498960961
146.56,0.000750020622396528
146.57,0.000750384419412299
146.58,0.000750765868254366
146.59,0.000751164947934896
146.6,0.000751581638230471
146.61,0.000752015919680421
146.62,0.000752467773585174
146.63,0.000752937182004591
146.64,0.000753424129023638
146.65,0.000753928597747911
146.66,0.000754450572294657
146.67,0.000754990037831303
146.68,0.000755546980283273
146.69,0.000756121386332548
146.7,0.000756713243416259
146.71,0.000757322539725254
146.72,0.000757949264202672
146.73,0.000758593406542523
146.74,0.000759254957188246
146.75,0.000759933907331311
146.76,0.000760630248909773
146.77,0.000761343976224927
146.78,0.000762075082840325
146.79,0.000762823562153192
146.8,0.000763589409219798
146.81,0.000764372619847581
146.82,0.000765173190594098
146.83,0.000765991118766037
146.84,0.000766826402418177
146.85,0.000767679040352371
146.86,0.00076854903211651
146.87,0.000769436378003529
146.88,0.000770341079050365
146.89,0.000771263137036942
146.9,0.000772202555794562
146.91,0.000773159339812753
146.92,0.000774133491705775
146.93,0.000775125016387977
146.94,0.0007761339195255
146.95,0.000777160207535778
146.96,0.000778203887586976
146.97,0.000779264967597461
146.98,0.000780343456235266
146.99,0.000781439362917531
147,0.000782552697810001
147.01,0.000783683471826464
147.02,0.000784831696628223
147.03,0.000785997385330494
147.04,0.000787180553300231
147.05,0.000788381212628344
147.06,0.000789599378129802
147.07,0.000790835065378129
147.08,0.000792088290705386
147.09,0.000793359071202083
147.1,0.000794647424717144
147.11,0.000795953369857813
147.12,0.000797276925989647
147.13,0.000798618113236427
147.14,0.000799976952480107
147.15,0.000801353465360761
147.16,0.000802747674420035
147.17,0.000804159605906454
147.18,0.00080558928155935
147.19,0.000807036726214318
147.2,0.000808501965478237
147.21,0.000809985025729651
147.22,0.000811485934119191
147.23,0.000813004718570005
147.24,0.000814541407778132
147.25,0.000816096031212975
147.26,0.000817668619117678
147.27,0.000819259202509551
147.28,0.000820867813180489
147.29,0.000822494483697381
147.3,0.000824139250361388
147.31,0.000825802145808373
147.32,0.000827483204706855
147.33,0.000829182462910787
147.34,0.000830899957065659
147.35,0.00083263572460943
147.36,0.000834389803773393
147.37,0.000836162233583153
147.38,0.000837953053859491
147.39,0.000839762305219287
147.4,0.000841590029076432
147.41,0.000843436267642736
147.42,0.000845301063928839
147.43,0.000847184464187416
147.44,0.000849086512703102
147.45,0.000851007254087711
147.46,0.000852946734750894
147.47,0.000854905001921207
147.48,0.000856882103647563
147.49,0.000858878088800635
147.5,0.000860893007074368
147.51,0.000862926908987378
147.52,0.000864979845884405
147.53,0.000867051869937765
147.54,0.000869143034148787
147.55,0.000871253392349264
147.56,0.000873383001361226
147.57,0.000875531917689993
147.58,0.000877700195957961
147.59,0.000879887893535281
147.6,0.000882095068644865
147.61,0.000884321780364269
147.62,0.000886568088627693
147.63,0.000888834054227862
147.64,0.000891119738817969
147.65,0.0008934252049136
147.66,0.000895750515894668
147.67,0.00089809573600734
147.68,0.000900460930365979
147.69,0.000902846164955019
147.7,0.000905251507679221
147.71,0.000907677030542153
147.72,0.000910122798639066
147.73,0.000912588881709864
147.74,0.000915075350393468
147.75,0.000917582276230458
147.76,0.000920109731665573
147.77,0.000922657790050278
147.78,0.000925226525645324
147.79,0.000927816013623301
147.8,0.000930426330071197
147.81,0.000933057551992965
147.82,0.00093570975731202
147.83,0.000938383024873889
147.84,0.000941077434448701
147.85,0.000943793072741942
147.86,0.000946530017959583
147.87,0.00094928835231848
147.88,0.000952068159616828
147.89,0.000954869524612519
147.9,0.000957692533026413
147.91,0.000960537271545598
147.92,0.000963403827826655
147.93,0.000966292290498939
147.94,0.000969202749167776
147.95,0.000972135294417827
147.96,0.000975090017816286
147.97,0.00097806701191616
147.98,0.000981066370259549
147.99,0.000984088191348065
148,0.000987132571072458
148.01,0.000990199603877576
148.02,0.000993289387603836
148.03,0.000996402021120026
148.04,0.000999537604327306
148.05,0.00100269623816321
148.06,0.00100587802460566
148.07,0.00100908306667691
148.08,0.00101231146844763
148.09,0.00101556333504086
148.1,0.00101883877263601
148.11,0.00102213788847285
148.12,0.00102546079085554
148.13,0.00102880759110406
148.14,0.00103217840379337
148.15,0.00103557333662024
148.16,0.00103899250250271
148.17,0.00104243601546698
148.18,0.0010459039906522
148.19,0.00104939654431518
148.2,0.00105291379383527
148.21,0.00105645585771902
148.22,0.00106002285560504
148.23,0.00106361490826872
148.24,0.00106723213762697
148.25,0.00107087466674308
148.26,0.00107454261983143
148.27,0.00107823612226226
148.28,0.00108195530848313
148.29,0.00108570030068975
148.3,0.00108947122800198
148.31,0.00109326822082085
148.32,0.00109709141075332
148.33,0.00110094093061801
148.34,0.00110481691445072
148.35,0.00110871949751008
148.36,0.00111264881628307
148.37,0.00111660500849072
148.38,0.00112058821309369
148.39,0.00112459857029783
148.4,0.00112863622155979
148.41,0.00113270130959267
148.42,0.00113679398417798
148.43,0.00114091438950839
148.44,0.00114506267016848
148.45,0.00114923897434037
148.46,0.00115344345151922
148.47,0.00115767625251977
148.48,0.00116193752948294
148.49,0.00116622743588216
148.5,0.00117054612653012
148.51,0.00117489375758514
148.52,0.00117927048655772
148.53,0.00118367647231707
148.54,0.00118811187509762
148.55,0.00119257685650554
148.56,0.00119707158184497
148.57,0.00120159621840382
148.58,0.00120615092924149
148.59,0.00121073588194451
148.6,0.00121535124554241
148.61,0.00121999719051566
148.62,0.0012246738888038
148.63,0.0012293815138134
148.64,0.00123412024042605
148.65,0.00123889024500641
148.66,0.00124369170541024
148.67,0.00124852480099236
148.68,0.00125338971499718
148.69,0.00125828662960064
148.7,0.00126321572799024
148.71,0.00126817719584
148.72,0.00127317122038472
148.73,0.00127819799042883
148.74,0.00128325769635511
148.75,0.00128835053013374
148.76,0.00129347668533098
148.77,0.00129863635711809
148.78,0.00130382974228016
148.79,0.00130905703922493
148.8,0.00131431845116422
148.81,0.00131961417782451
148.82,0.00132494442267328
148.83,0.00133030939091722
148.84,0.00133570928944915
148.85,0.00134114432685765
148.86,0.00134661471343653
148.87,0.00135212066119455
148.88,0.00135766238386493
148.89,0.00136324009691489
148.9,0.00136885401755527
148.91,0.00137450436547778
148.92,0.00138019136338934
148.93,0.00138591523248896
148.94,0.00139167619734428
148.95,0.00139747448434551
148.96,0.00140331032171636
148.97,0.00140918393952504
148.98,0.00141509556969532
148.99,0.0014210454460174
149,0.00142703380415911
149.01,0.00143306088287484
149.02,0.00143912692194378
149.03,0.00144523216226547
149.04,0.00145137684733682
149.05,0.0014575612226095
149.06,0.00146378553550197
149.07,0.00147005003541142
149.08,0.00147635497372592
149.09,0.00148270060383635
149.1,0.00148908718114847
149.11,0.00149551496473051
149.12,0.00150198421330051
149.13,0.0015084951884263
149.14,0.00151504815387209
149.15,0.00152164337549569
149.16,0.00152828112126137
149.17,0.00153496166125267
149.18,0.00154168526768534
149.19,0.00154845221492001
149.2,0.00155526277974475
149.21,0.00156211724181581
149.22,0.00156901588154072
149.23,0.00157595898218358
149.24,0.0015829468292436
149.25,0.00158997971046969
149.26,0.00159705791587459
149.27,0.00160418173774929
149.28,0.00161135147104385
149.29,0.00161856741289807
149.3,0.00162582986238121
149.31,0.00163313912115646
149.32,0.00164049549325185
149.33,0.0016478992850757
149.34,0.00165535080543163
149.35,0.00166285036553376
149.36,0.00167039828055627
149.37,0.00167799486600454
149.38,0.00168564044001082
149.39,0.00169333532332798
149.4,0.00170107983906959
149.41,0.00170887431270996
149.42,0.00171671907208411
149.43,0.0017246144571961
149.44,0.00173256079652675
149.45,0.00174055842578096
149.46,0.00174860768350867
149.47,0.0017567089107202
149.48,0.0017648624508863
149.49,0.00177306865068689
149.5,0.00178132786950401
149.51,0.0017896404527944
149.52,0.00179800675523944
149.53,0.00180642713409608
149.54,0.0018149019491968
149.55,0.00182343156294967
149.56,0.00183201634267266
149.57,0.00184065666650532
149.58,0.00184935289917832
149.59,0.001858105414998
149.6,0.00186691459097917
149.61,0.00187578080684484
149.62,0.0018847044450266
149.63,0.00189368589471822
149.64,0.00190272555240579
149.65,0.00191182380396061
149.66,0.00192098104432363
149.67,0.00193019767128222
149.68,0.00193947408547021
149.69,0.00194881069036771
149.7,0.00195820789814294
149.71,0.00196766612412749
149.72,0.00197718577663066
149.73,0.00198676727222803
149.74,0.00199641103048078
149.75,0.00200611747393604
149.76,0.00201588702812665
149.77,0.0020257201295209
149.78,0.00203561721314083
149.79,0.00204557871078617
149.8,0.0020556050617167
149.81,0.00206569670832193
149.82,0.00207585409612089
149.83,0.00208607767376246
149.84,0.00209636790428365
149.85,0.00210672524280127
149.86,0.00211715014550743
149.87,0.00212764307542354
149.88,0.00213820449884314
149.89,0.00214883488533199
149.9,0.00215953470772804
149.91,0.00217030445096738
149.92,0.00218114460070848
149.93,0.00219205563505252
149.94,0.00220303804200311
149.95,0.00221409231299833
149.96,0.00222521894291057
149.97,0.00223641843004654
149.98,0.00224769128167062
149.99,0.00225903801545285
150,0.00227045913281659
150.01,0.00228195514798648
150.02,0.00229352657879441
150.03,0.0023051739466795
150.04,0.00231689777668807
150.05,0.00232869859949741
150.06,0.00234057696546093
150.07,0.00235253340098986
150.08,0.00236456844775501
150.09,0.00237668265121122
150.1,0.00238887656059744
150.11,0.00240115072893647
150.12,0.0024135057130354
150.13,0.00242594209275951
150.14,0.00243846042488014
150.15,0.00245106127846369
150.16,0.00246374522782291
150.17,0.00247651285123386
150.18,0.002489364730936
150.19,0.00250230145313193
150.2,0.00251532362268233
150.21,0.0025284318335229
150.22,0.00254162668157479
150.23,0.00255490877126634
150.24,0.00256827871117121
150.25,0.0025817371140088
150.26,0.00259528459664395
150.27,0.00260892179041849
150.28,0.00262264932721418
150.29,0.00263646783131724
150.3,0.00265037793854225
150.31,0.00266438028903408
150.32,0.0026784755272675
150.33,0.00269266430204769
150.34,0.00270694727267667
150.35,0.00272132510961076
150.36,0.00273579846710694
150.37,0.00275036801362683
150.38,0.00276503442214713
150.39,0.0027797983701597
150.4,0.0027946605396716
150.41,0.00280962161952169
150.42,0.00282468231906961
150.43,0.00283984332424826
150.44,0.00285510533739139
150.45,0.00287046906553054
150.46,0.00288593522039466
150.47,0.00290150451841025
150.48,0.00291717768070139
150.49,0.00293295544738531
150.5,0.00294883854457276
150.51,0.00296482770902205
150.52,0.0029809236831595
150.53,0.00299712721433005
150.54,0.00301343905479731
150.55,0.00302985997124578
150.56,0.00304639072215676
150.57,0.00306303207586305
150.58,0.00307978480587527
150.59,0.00309664969076042
150.6,0.00311362751433112
150.61,0.00313071907282005
150.62,0.00314792515690332
150.63,0.00316524656653144
150.64,0.00318268410682209
150.65,0.0032002385880601
150.66,0.00321791082615907
150.67,0.00323570164857166
150.68,0.00325361187830478
150.69,0.00327164234742075
150.7,0.00328979389325488
150.71,0.0033080673584151
150.72,0.00332646359143766
150.73,0.00334498345110509
150.74,0.00336362779354422
150.75,0.00338239748342623
150.76,0.003401293390787
150.77,0.00342031639102721
150.78,0.00343946736557558
150.79,0.00345874720438766
150.8,0.00347815679738931
150.81,0.00349769704214798
150.82,0.0035173688416623
150.83,0.00353717310436271
150.84,0.00355711074430142
150.85,0.00357718268173908
150.86,0.00359738984133697
150.87,0.00361773315366103
150.88,0.00363821355478583
150.89,0.00365883198630068
150.9,0.00367958939531557
150.91,0.00370048673275067
150.92,0.00372152495562161
150.93,0.00374270502800206
150.94,0.00376402791844763
150.95,0.0037854946009619
150.96,0.00380710605499545
150.97,0.00382886326544545
150.98,0.00385076721780719
150.99,0.00387281890897569
151,0.00389501933955439
151.01,0.00391736951505082
151.02,0.00393987044624808
151.03,0.00396252314919383
151.04,0.00398532864381703
151.05,0.00400828795135063
151.06,0.00403140210551407
151.07,0.00405467214193402
151.08,0.00407809910123966
151.09,0.00410168402903788
151.1,0.00412542797588934
151.11,0.00414933199264341
151.12,0.00417339713685084
151.13,0.00419762447467134
151.14,0.00422201507440389
151.15,0.00424657000890899
151.16,0.00427129035556736
151.17,0.00429617719623869
151.18,0.00432123160708056
151.19,0.00434645468133974
151.2,0.00437184751265394
151.21,0.00439741119797961
151.22,0.00442314683819972
151.23,0.00444905553806126
151.24,0.00447513840322943
151.25,0.00450139653573383
151.26,0.00452783105528161
151.27,0.00455444307873789
151.28,0.00458123372610758
151.29,0.00460820412044631
151.3,0.00463535538777154
151.31,0.00466268864758209
151.32,0.00469020502632389
151.33,0.00471790565995452
151.34,0.00474579168183518
151.35,0.00477386422731095
151.36,0.00480212443358771
151.37,0.00483057343961056
151.38,0.00485921236491835
151.39,0.00488804235734112
151.4,0.00491706455719404
151.41,0.00494628010425064
151.42,0.00497569013870668
151.43,0.00500529580101449
151.44,0.00503509822536486
151.45,0.00506509853139341
151.46,0.00509529786691294
151.47,0.0051256973660978
151.48,0.00515629816169478
151.49,0.00518710138480184
151.5,0.00521810816464844
151.51,0.00524931960894251
151.52,0.00528073683274024
151.53,0.00531236096123132
151.54,0.00534419310667775
151.55,0.00537623437729575
151.56,0.00540848587696796
151.57,0.00544094870495467
151.58,0.00547362391371567
151.59,0.00550651260484235
151.6,0.00553961585544366
151.61,0.00557293473381255
151.62,0.00560647030080305
151.63,0.00564022360945686
151.64,0.00567419569149759
151.65,0.00570838754344188
151.66,0.00574280020710902
151.67,0.00577743468950334
151.68,0.00581229198628014
151.69,0.00584737308126501
151.7,0.00588267894597505
151.71,0.00591821049844212
151.72,0.00595396866574267
151.73,0.00598995438485097
151.74,0.00602616855837377
151.75,0.00606261207202027
151.76,0.00609928579398405
151.77,0.00613619057432605
151.78,0.00617332716322488
151.79,0.00621069639846408
151.8,0.0062482990586269
151.81,0.00628613589679428
151.82,0.0063242076422079
151.83,0.00636251499949338
151.84,0.00640105862181058
151.85,0.00643983908915462
151.86,0.006478857054098
151.87,0.00651811309415697
151.88,0.00655760775518776
151.89,0.00659734155040691
151.9,0.00663731495941138
151.91,0.00667752834984498
151.92,0.0067179820999723
151.93,0.00675867659121996
151.94,0.00679961213132905
151.95,0.0068407889854673
151.96,0.00688220737499423
151.97,0.00692386747622739
151.98,0.00696576926009977
151.99,0.00700791286314859
152,0.00705029829164363
152.01,0.00709292549415068
152.02,0.00713579436297754
152.03,0.00717890473263039
152.04,0.00722225632893963
152.05,0.00726584873809271
152.06,0.00730968165819203
152.07,0.00735375463951394
152.08,0.00739806716114262
152.09,0.00744261862906274
152.1,0.00748740837425353
152.11,0.00753243551795166
152.12,0.0075776991881303
152.13,0.00762319849166256
152.14,0.00766893239422443
152.15,0.00771489977016652
152.16,0.00776109940018282
152.17,0.00780752996897944
152.18,0.00785418987056131
152.19,0.00790107763497131
152.2,0.00794819159422862
152.21,0.00799552996406212
152.22,0.00804309084226098
152.23,0.00809087216092419
152.24,0.00813887170924876
152.25,0.00818708721992406
152.26,0.00823551625473
152.27,0.00828415623629992
152.28,0.00833300444462063
152.29,0.00838205792225748
152.3,0.00843131366719994
152.31,0.00848076848833935
152.32,0.00853041902895269
152.33,0.00858026176695564
152.34,0.00863029296860638
152.35,0.0086805086932384
152.36,0.00873090491018004
152.37,0.00878147736104889
152.38,0.0088322215963812
152.39,0.00888313297128741
152.4,0.00893420652347797
152.41,0.00898543721161155
152.42,0.00903681975262231
152.43,0.00908834863370799
152.44,0.00914001811771688
152.45,0.00919182220688549
152.46,0.00924375462929989
152.47,0.00929580895729569
152.48,0.00934797847698404
152.49,0.00940025622038778
152.5,0.00945263496017704
152.51,0.00950510716284583
152.52,0.00955766506509962
152.53,0.00961030062189359
152.54,0.00966300549966261
152.55,0.00971577107642417
152.56,0.00976858843870588
152.57,0.0098214483782531
152.58,0.00987434137378745
152.59,0.00992725759776816
152.6,0.00998018690740939
152.61,0.0100331188392525
152.62,0.0100860426653375
152.63,0.0101389472735593
152.64,0.0101918212160548
152.65,0.0102446527181244
152.66,0.0102974296616329
152.67,0.0103501396168407
152.68,0.0104027699031321
152.69,0.0104553073138319
152.7,0.0105077383569147
152.71,0.0105600491804608
152.72,0.0106122255682293
152.73,0.0106642530809471
152.74,0.010716116834371
152.75,0.0107678015454724
152.76,0.0108192916016622
152.77,0.01087057106161
152.78,0.0109216237011091
152.79,0.0109724328111219
152.8,0.0110229813712739
152.81,0.0110732520004195
152.82,0.0111232270955685
152.83,0.0111728885685667
152.84,0.011222218003496
152.85,0.0112711966440141
152.86,0.0113198054724354
152.87,0.0113680251833284
152.88,0.0114158359924682
152.89,0.0114632178478949
152.9,0.0115101503796605
152.91,0.0115566131692859
152.92,0.0116025851742077
152.93,0.0116480451663079
152.94,0.0116929716251575
152.95,0.0117373429109572
152.96,0.011781137080298
152.97,0.0118243318195039
152.98,0.0118669046311353
152.99,0.0119088328260203
153,0.0119500937164353
153.01,0.0119906641099362
153.02,0.0120305207344854
153.03,0.0120696401379418
153.04,0.0121079989493517
153.05,0.0121455734812157
153.06,0.0121823398944111
153.07,0.0122182742846135
153.08,0.0122533527595277
153.09,0.0122875515270072
153.1,0.012320846455961
153.11,0.0123532135083889
153.12,0.0123846286387686
153.13,0.0124150682013398
153.14,0.0124445082002355
153.15,0.0124729248216529
153.16,0.0125002943633261
153.17,0.0125265934292166
153.18,0.0125517988354562
153.19,0.0125758873426096
153.2,0.0125988360354626
153.21,0.0126206222692109
153.22,0.0126412240847901
153.23,0.0126606193214231
153.24,0.0126787863481174
153.25,0.0126957039069428
153.26,0.0127113513684204
153.27,0.0127257086002207
153.28,0.0127387556805194
153.29,0.0127504733407243
153.3,0.0127608428671904
153.31,0.0127698465945266
153.32,0.0127774670034867
153.33,0.0127836874065433
153.34,0.0127884918496662
153.35,0.0127918652430422
153.36,0.0127937934351311
153.37,0.0127942628561379
153.38,0.0127932609325266
153.39,0.0127907760164002
153.4,0.0127867974994746
153.41,0.0127813157406946
153.42,0.0127743221450436
153.43,0.0127658092045777
153.44,0.0127557704793905
153.45,0.0127442007588726
153.46,0.0127310960058752
153.47,0.0127164533055588
153.48,0.0127002710212409
153.49,0.012682548853771
153.5,0.0126632877712752
153.51,0.0126424898549174
153.52,0.012620158779696
153.53,0.0125962995212065
153.54,0.0125709182958957
153.55,0.0125440226726378
153.56,0.0125156218102627
153.57,0.012485726233329
153.58,0.0124543474479021
153.59,0.0124214988444472
153.6,0.0123871951026161
153.61,0.0123514521583372
153.62,0.0123142871428318
153.63,0.0122757189487671
153.64,0.0122357677333272
153.65,0.0121944544154974
153.66,0.0121518017740798
153.67,0.0121078338549192
153.68,0.0120625759662387
153.69,0.0120160537377989
153.7,0.0119682949347823
153.71,0.0119193282668071
153.72,0.0118691835552528
153.73,0.0118178906011418
153.74,0.011765481411896
153.75,0.0117119885581948
153.76,0.0116574454859149
153.77,0.0116018855902679
153.78,0.0115453440344549
153.79,0.0114878563439377
153.8,0.01142945862262
153.81,0.0113701869149917
153.82,0.0113100784872764
153.83,0.0112491707685514
153.84,0.0111875014661296
153.85,0.0111251081681515
153.86,0.0110620291389742
153.87,0.0109983025893237
153.88,0.0109339667254983
153.89,0.0108690595501343
153.9,0.0108036191935804
153.91,0.0107376835225914
153.92,0.0106712901665592
153.93,0.0106044764614781
153.94,0.0105372793276753
153.95,0.0104697352461043
153.96,0.0104018802995844
153.97,0.010333750158102
153.98,0.0102653796077729
153.99,0.0101968028567903
154,0.0101280536418436
154.01,0.0100591651121221
154.02,0.00999016917877283
154.03,0.00992109707416906
154.04,0.00985197941986891
154.05,0.00978284635674895
154.06,0.00971372635197915
154.07,0.00964464718940604
154.08,0.00957563589495778
154.09,0.00950671918408533
154.1,0.00943792178984958
154.11,0.00936926778885231
154.12,0.0093007803767591
154.13,0.00923248258172369
154.14,0.00916439532576675
154.15,0.00909653890510134
154.16,0.00902893266416003
154.17,0.00896159587028355
154.18,0.00889454571984193
154.19,0.00882779881802709
154.2,0.00876137080705066
154.21,0.00869527729093598
154.22,0.00862953195838806
154.23,0.00856414794783968
154.24,0.00849913751302254
154.25,0.00843451270870721
154.26,0.00837028413737613
154.27,0.00830646175554405
154.28,0.00824305477677526
154.29,0.00818007205497706
154.3,0.00811752143241618
154.31,0.00805541006874243
154.32,0.00799374451113308
154.33,0.00793253085461132
154.34,0.00787177449463153
154.35,0.00781148020280975
154.36,0.00775165224095444
154.37,0.00769229439886589
154.38,0.00763340995733106
154.39,0.00757500169356134
154.4,0.00751707195624122
154.41,0.00745962265369185
154.42,0.00740265529101277
154.43,0.00734617101547571
154.44,0.00729017061222521
154.45,0.00723465448441199
154.46,0.00717962268388047
154.47,0.00712507505423753
154.48,0.00707101113018592
154.49,0.00701743013533246
154.5,0.00696433096197372
154.51,0.00691171243004652
154.52,0.0068595730937819
154.53,0.00680791127088638
154.54,0.00675672495931236
154.55,0.00670601218802071
154.56,0.00665577076018352
154.57,0.00660599830997734
154.58,0.00655669216083426
154.59,0.0065078497434993
154.6,0.00645946829723758
154.61,0.00641154495249698
154.62,0.00636407658983785
154.63,0.00631706020494997
154.64,0.00627049265498393
154.65,0.00622437073966719
154.66,0.0061786909943211
154.67,0.00613345006817472
154.68,0.00608864457337566
154.69,0.00604427105561612
154.7,0.00600032592347851
154.71,0.00595680552703305
154.72,0.00591370632398313
154.73,0.00587102469105245
154.74,0.00582875696383609
154.75,0.00578689936553935
154.76,0.00574544824884463
154.77,0.00570439990957547
154.78,0.00566375064395359
154.79,0.00562349664114463
154.8,0.00558363421184241
154.81,0.0055441596400822
154.82,0.00550506921927006
154.83,0.0054663591825001
154.84,0.00542802580468427
154.85,0.00539006541439861
154.86,0.00535247433596444
154.87,0.00531524888055643
154.88,0.00527838533378797
154.89,0.00524188008617645
154.9,0.00520572951658791
154.91,0.00516993002281434
154.92,0.00513447796419902
154.93,0.0050993698016502
154.94,0.00506460199400289
154.95,0.00503017102713119
154.96,0.00499607338367666
154.97,0.00496230559064405
154.98,0.00492886421401094
154.99,0.00489574584152656
155,0.00486294707962437
155.01,0.00483046454103443
155.02,0.00479829490805116
155.03,0.00476643487854076
155.04,0.00473488118206984
155.05,0.00470363053842228
155.06,0.00467267974156971
155.07,0.00464202560441781
155.08,0.00461166496946218
155.09,0.0045815946976103
155.1,0.00455181167926064
155.11,0.00452231284928408
155.12,0.00449309516671798
155.13,0.00446415561984394
155.14,0.00443549121670507
155.15,0.00440709901026678
155.16,0.00437897607890962
155.17,0.00435111953175805
155.18,0.00432352649897589
155.19,0.00429619414780204
155.2,0.00426911967677161
155.21,0.00424230031280867
155.22,0.00421573330790321
155.23,0.0041894159382744
155.24,0.00416334552136381
155.25,0.00413751939879253
155.26,0.00411193494126789
155.27,0.00408658954115363
155.28,0.00406148061997552
155.29,0.0040366056340037
155.3,0.00401196206382231
155.31,0.0039875474176526
155.32,0.00396335922655983
155.33,0.00393939505197832
155.34,0.0039156524828399
155.35,0.00389212913366703
155.36,0.00386882264532787
155.37,0.00384573068317879
155.38,0.00382285094026167
155.39,0.00380018113474211
155.4,0.00377771901014898
155.41,0.00375546233490965
155.42,0.00373340889952725
155.43,0.00371155652291124
155.44,0.00368990304694209
155.45,0.00366844633762572
155.46,0.00364718428386618
155.47,0.00362611479600615
155.48,0.0036052358111871
155.49,0.00358454528804872
155.5,0.00356404120789123
155.51,0.00354372157448985
155.52,0.00352358441379792
155.53,0.00350362777356648
155.54,0.00348384972323999
155.55,0.0034642483536537
155.56,0.00344482177891501
155.57,0.00342556813297514
155.58,0.00340648556962261
155.59,0.0033875722639092
155.6,0.00336882641121778
155.61,0.00335024622788091
155.62,0.00333182995045168
155.63,0.0033135758338372
155.64,0.00329548215307237
155.65,0.00327754720246074
155.66,0.00325976929505776
155.67,0.00324214676196745
155.68,0.00322467795406893
155.69,0.00320736124002272
155.7,0.00319019500653351
155.71,0.00317317765820201
155.72,0.0031563076186167
155.73,0.0031395833269269
155.74,0.00312300324015061
155.75,0.00310656583226795
155.76,0.00309026959399395
155.77,0.00307411303814106
155.78,0.00305809468826812
155.79,0.00304221308535552
155.8,0.00302646678712446
155.81,0.00301085436730778
155.82,0.00299537441538853
155.83,0.0029800255365008
155.84,0.00296480635122507
155.85,0.002949715495341
155.86,0.00293475161965196
155.87,0.00291991339087634
155.88,0.00290519949081337
155.89,0.00289060861411266
155.9,0.00287613947060742
155.91,0.00286179078433661
155.92,0.00284756129352755
155.93,0.00283344975067926
155.94,0.00281945492126424
155.95,0.00280557558455256
155.96,0.00279181053314698
155.97,0.0027781585730027
155.98,0.00276461852620515
155.99,0.00275118922365167
156,0.00273786951056276
156.01,0.0027246582447993
156.02,0.00271155429669892
156.03,0.00269855655222908
156.04,0.00268566390620983
156.05,0.00267287526627736
156.06,0.00266018955242688
156.07,0.00264760569655831
156.08,0.00263512264151407
156.09,0.00262273934215885
156.1,0.00261045476511305
156.11,0.00259826788798563
156.12,0.0025861776994819
156.13,0.00257418320042263
156.14,0.00256228340281476
156.15,0.00255047732761334
156.16,0.00253876400726915
156.17,0.00252714248472703
156.18,0.00251561181336346
156.19,0.00250417106046031
156.2,0.00249281929873209
156.21,0.00248155561276551
156.22,0.00247037909713878
156.23,0.00245928885629694
156.24,0.00244828400510745
156.25,0.00243736366794274
156.26,0.00242652697810668
156.27,0.00241577307868073
156.28,0.00240510112206284
156.29,0.00239451026999474
156.3,0.00238399969459861
156.31,0.00237356857519258
156.32,0.00236321610070062
156.33,0.0023529414688496
156.34,0.00234274388605669
156.35,0.00233262256826794
156.36,0.00232257673939517
156.37,0.0023126056313407
156.38,0.002302708484643
156.39,0.00229288454805133
156.4,0.0022831330787585
156.41,0.00227345334326788
156.42,0.00226384461399726
156.43,0.00225430617205316
156.44,0.0022448373063252
156.45,0.00223543731338712
156.46,0.0022261054985434
156.47,0.00221684117367608
156.48,0.00220764365800728
156.49,0.00219851227836821
156.5,0.00218944636886833
156.51,0.00218044527124811
156.52,0.00217150833502517
156.53,0.00216263491516921
156.54,0.00215382437430666
156.55,0.00214507608192974
156.56,0.00213638941430722
156.57,0.00212776375439548
156.58,0.00211919849365004
156.59,0.00211069302941922
156.6,0.00210224676374706
156.61,0.00209385910620315
156.62,0.00208552947270891
156.63,0.00207725728545552
156.64,0.00206904197282155
156.65,0.00206088297203697
156.66,0.00205277972345111
156.67,0.00204473167365822
156.68,0.00203673827569544
156.69,0.0020287989884809
156.7,0.00202091327673759
156.71,0.00201308061102987
156.72,0.00200530047013296
156.73,0.00199757233470976
156.74,0.00198989569245935
156.75,0.00198227003658481
156.76,0.00197469486572246
156.77,0.00196716968387108
156.78,0.00195969400100885
156.79,0.00195226733357046
156.8,0.00194488920049624
156.81,0.00193755912706238
156.82,0.0019302766436335
156.83,0.00192304128559666
156.84,0.00191585259329574
156.85,0.00190871011341147
156.86,0.00190161339709802
156.87,0.00189456199879553
156.88,0.00188755547861261
156.89,0.00188059340137299
156.9,0.00187367533655516
156.91,0.00186680085823204
156.92,0.00185996954691837
156.93,0.0018531809856601
156.94,0.00184643476202474
156.95,0.00183973046838115
156.96,0.0018330677014659
156.97,0.00182644606232745
156.98,0.0018198651563307
156.99,0.00181332459516816
157,0.00180682399151804
157.01,0.00180036296345838
157.02,0.00179394113314759
157.03,0.00178755812677155
157.04,0.00178121357449062
157.05,0.00177490711038669
157.06,0.00176863837421242
157.07,0.00176240700883618
157.08,0.00175621265920426
157.09,0.00175005497513835
157.1,0.0017439336101949
157.11,0.00173784822161672
157.12,0.00173179847028431
157.13,0.00172578402088247
157.14,0.00171980454469942
157.15,0.00171385971177495
157.16,0.00170794919759269
157.17,0.00170207268110601
157.18,0.00169622984469384
157.19,0.00169042037411664
157.2,0.00168464395847213
157.21,0.00167890029144293
157.22,0.0016731890692417
157.23,0.00166750999039284
157.24,0.00166186275728823
157.25,0.00165624707548785
157.26,0.00165066265367868
157.27,0.00164510920363348
157.28,0.00163958644040694
157.29,0.00163409408400255
157.3,0.00162863185422352
157.31,0.00162319947515305
157.32,0.00161779667380666
157.33,0.00161242318009387
157.34,0.00160707872678021
157.35,0.00160176304944899
157.36,0.00159647588822114
157.37,0.00159121698472397
157.38,0.00158598608244392
157.39,0.00158078292834214
157.4,0.00157560727207185
157.41,0.00157045886594389
157.42,0.00156533746489226
157.43,0.00156024282673054
157.44,0.00155517471337555
157.45,0.00155013288659333
157.46,0.00154511711180685
157.47,0.00154012715693701
157.48,0.00153516279237089
157.49,0.00153022379093017
157.5,0.00152530992783925
157.51,0.0015204209817422
157.52,0.00151555673271286
157.53,0.00151071696283337
157.54,0.00150590145686533
157.55,0.00150111000184546
157.56,0.0014963423870555
157.57,0.0014915984039923
157.58,0.0014868778463376
157.59,0.00148218051200604
157.6,0.00147750619864816
157.61,0.00147285470628119
157.62,0.00146822583743049
157.63,0.001463619396707
157.64,0.00145903519077999
157.65,0.00145447302834969
157.66,0.00144993272012003
157.67,0.00144541408126914
157.68,0.00144091692552825
157.69,0.00143644106965125
157.7,0.00143198633250047
157.71,0.00142755253485738
157.72,0.00142313949939808
157.73,0.00141874705066869
157.74,0.00141437501510831
157.75,0.00141002322235047
157.76,0.00140569150173079
157.77,0.00140137968523146
157.78,0.00139708760660876
157.79,0.0013928151013701
157.8,0.00138856200675095
157.81,0.0013843281616918
157.82,0.00138011340702176
157.83,0.00137591758633019
157.84,0.0013717405428988
157.85,0.00136758212247735
157.86,0.00136344217243445
157.87,0.00135932054173599
157.88,0.00135521708092381
157.89,0.00135113164209425
157.9,0.00134706407945445
157.91,0.00134301424980956
157.92,0.00133898200895235
157.93,0.00133496721532896
157.94,0.00133096972887811
157.95,0.00132698941101205
157.96,0.00132302612459776
157.97,0.00131907973393798
157.98,0.00131515010529298
157.99,0.00131123710658785
158,0.00130734060588806
158.01,0.00130346047327362
158.02,0.00129959658019459
158.03,0.00129574879945372
158.04,0.00129191700518919
158.05,0.00128810107285725
158.06,0.00128430087949526
158.07,0.00128051630334166
158.08,0.00127674722356936
158.09,0.00127299352081314
158.1,0.00126925507694898
158.11,0.00126553177507731
158.12,0.0012618234995061
158.13,0.00125813013573412
158.14,0.00125445157087802
158.15,0.00125078769416344
158.16,0.00124713839381233
158.17,0.00124350356017657
158.18,0.00123988308474707
158.19,0.0012362768601387
158.2,0.0012326847800751
158.21,0.00122910673937368
158.22,0.00122554263393756
158.23,0.00122199236326581
158.24,0.00121845582410859
158.25,0.00121493291582023
158.26,0.00121142353881319
158.27,0.00120792759454513
158.28,0.00120444498550595
158.29,0.00120097561520487
158.3,0.00119751938815748
158.31,0.00119407621016407
158.32,0.00119064598769712
158.33,0.00118722862818581
158.34,0.00118382404009739
158.35,0.00118043213284747
158.36,0.00117705281678755
158.37,0.00117368600319227
158.38,0.00117033160424695
158.39,0.0011669895331943
158.4,0.0011636597041369
158.41,0.00116034203182991
158.42,0.00115703643202303
158.43,0.00115374282131951
158.44,0.00115046111716393
158.45,0.00114719123782981
158.46,0.00114393310240743
158.47,0.00114068663141474
158.48,0.00113745174784315
158.49,0.00113422837193797
158.5,0.00113101642633821
158.51,0.00112781583448895
158.52,0.00112462652063173
158.53,0.001121448409795
158.54,0.00111828142778451
158.55,0.00111512550117377
158.56,0.00111198055720988
158.57,0.00110884652401246
158.58,0.00110572333039168
158.59,0.00110261090588428
158.6,0.00109950918074543
158.61,0.00109641808593913
158.62,0.00109333755312847
158.63,0.00109026751466607
158.64,0.0010872079043707
158.65,0.00108415865594848
158.66,0.00108111970366272
158.67,0.00107809098268355
158.68,0.00107507242884125
158.69,0.00107206397861767
158.7,0.00106906556913747
158.71,0.00106607713815951
158.72,0.00106309862422963
158.73,0.00106012996650854
158.74,0.00105717110450621
158.75,0.00105422197848291
158.76,0.00105128252929614
158.77,0.00104835269839227
158.78,0.0010454324277982
158.79,0.00104252166011304
158.8,0.00103962033873573
158.81,0.00103672840850689
158.82,0.00103384581326242
158.83,0.00103097249807146
158.84,0.00102810840857331
158.85,0.00102525349097156
158.86,0.00102240769202831
158.87,0.00101957095867592
158.88,0.00101674323831393
158.89,0.00101392447976837
158.9,0.0010111146320082
158.91,0.00100831364457201
158.92,0.00100552146756807
158.93,0.00100273805133656
158.94,0.000999963343204063
158.95,0.000997197296728172
158.96,0.000994439863710474
158.97,0.000991690996469323
158.98,0.000988950647839831
158.99,0.000986218771173931
159,0.000983495319349457
159.01,0.000980780246823792
159.02,0.000978073508529734
159.03,0.000975375059696826
159.04,0.000972684856055273
159.05,0.000970002853835931
159.06,0.000967329008843801
159.07,0.000964663277342875
159.08,0.00096200561755297
159.09,0.000959355987395697
159.1,0.000956714345266052
159.11,0.000954080650032474
159.12,0.000951454860588839
159.13,0.000948836933837699
159.14,0.00094622683137498
159.15,0.000943624513489299
159.16,0.000941029940900139
159.17,0.000938443074757848
159.18,0.000935863876643622
159.19,0.000933292305888977
159.2,0.000930728325460492
159.21,0.000928171898167775
159.22,0.000925622986845232
159.23,0.00092308155471832
159.24,0.000920547565403607
159.25,0.000918020982213673
159.26,0.000915501769043916
159.27,0.000912989890951025
159.28,0.000910485312911031
159.29,0.000907988000273228
159.3,0.000905497918760177
159.31,0.000903015034135185
159.32,0.000900539311463612
159.33,0.000898070718226196
159.34,0.000895609221387442
159.35,0.000893154788262666
159.36,0.000890707386518049
159.37,0.000888266984170558
159.38,0.000885833547724307
159.39,0.000883407046473322
159.4,0.000880987449360297
159.41,0.000878574725510975
159.42,0.00087616884437736
159.43,0.000873769775737708
159.44,0.000871377488738278
159.45,0.000868991953056187
159.46,0.000866613139855943
159.47,0.000864241019936438
159.48,0.000861875564398301
159.49,0.000859516744643952
159.5,0.000857164532194521
159.51,0.00085481889751675
159.52,0.000852479813616715
159.53,0.000850147252869379
159.54,0.000847821187930551
159.55,0.000845501591736884
159.56,0.000843188437505859
159.57,0.00084088169786566
159.58,0.000838581346574411
159.59,0.000836287357764144
159.6,0.000833999705601797
159.61,0.000831718364520485
159.62,0.000829443309219416
159.63,0.000827174513905879
159.64,0.000824911952291507
159.65,0.000822655600608652
159.66,0.000820405434277513
159.67,0.000818161428954379
159.68,0.000815923560531616
159.69,0.000813691805137715
159.7,0.000811466138095261
159.71,0.00080924653641104
159.72,0.000807032976812479
159.73,0.00080482543621824
159.74,0.000802623891770318
159.75,0.00080042832083396
159.76,0.000798238700973639
159.77,0.000796055009988641
159.78,0.000793877225922332
159.79,0.000791705327027174
159.8,0.000789539291778422
159.81,0.000787379098874117
159.82,0.000785224727235129
159.83,0.000783076154173365
159.84,0.000780933359765203
159.85,0.000778796323443754
159.86,0.000776665024763982
159.87,0.000774539443482852
159.88,0.000772419559559377
159.89,0.000770305352184257
159.9,0.000768196799476015
159.91,0.000766093883140683
159.92,0.000763996583496443
159.93,0.000761904881025318
159.94,0.000759818756373224
159.95,0.000757738190349896
159.96,0.00075566316491714
159.97,0.000753593661327229
159.98,0.000751529660731184
159.99,0.000749471144791448
160,0.000747418095350545
160.01,0.00074537049443112
160.02,0.000743328324152748
160.03,0.0007412915654734
160.04,0.000739260201624923
160.05,0.000737234215162962
160.06,0.000735213588806977
160.07,0.000733198305440284
160.08,0.000731188348109985
160.09,0.000729183699275482
160.1,0.000727184341421137
160.11,0.000725190258574897
160.12,0.000723201434193335
160.13,0.000721217851876167
160.14,0.000719239495366248
160.15,0.000717266348549561
160.16,0.000715298394737198
160.17,0.000713335618135908
160.18,0.00071137800302259
160.19,0.000709425533684645
160.2,0.000707478194536418
160.21,0.000705535970140578
160.22,0.000703598845226773
160.23,0.000701666804568707
160.24,0.000699739833104228
160.25,0.000697817915899675
160.26,0.000695901038149922
160.27,0.000693989185393987
160.28,0.00069208234309116
160.29,0.000690180496826845
160.3,0.000688283632364313
160.31,0.000686391735600493
160.32,0.00068450479235658
160.33,0.000682622788055739
160.34,0.000680745709258038
160.35,0.000678873542218935
160.36,0.00067700627331004
160.37,0.000675143889019054
160.38,0.000673286375078451
160.39,0.000671433718099599
160.4,0.000669585904927779
160.41,0.000667742922282774
160.42,0.000665904756978402
160.43,0.000664071395996217
160.44,0.000662242826664409
160.45,0.000660419035963008
160.46,0.00065860001115505
160.47,0.000656785739604909
160.48,0.000654976208778289
160.49,0.000653171406983063
160.5,0.00065137132205402
160.51,0.000649575941725654
160.52,0.000647785254078854
160.53,0.000645999247315863
160.54,0.000644217909436844
160.55,0.00064244122705152
160.56,0.00064066918937995
160.57,0.000638901784720541
160.58,0.000637139001453955
160.59,0.000635380828043149
160.6,0.000633627253100665
160.61,0.000631878265289896
160.62,0.00063013385332555
160.63,0.000628394006030689
160.64,0.000626658712363997
160.65,0.000624927961608303
160.66,0.000623201742789832
160.67,0.000621480045162644
160.68,0.000619762858077026
160.69,0.000618050170903581
160.7,0.000616341973158889
160.71,0.000614638254473103
160.72,0.000612939004549967
160.73,0.000611244213039375
160.74,0.000609553869241334
160.75,0.000607867963240732
160.76,0.000606186484918315
160.77,0.000604509424224636
160.78,0.000602836771646828
160.79,0.000601168517361681
160.8,0.000599504651601137
160.81,0.000597845164770778
160.82,0.000596190047316591
160.83,0.000594539289679271
160.84,0.000592892882555222
160.85,0.000591250816655955
160.86,0.000589613082776322
160.87,0.000587979671793795
160.88,0.000586350574669805
160.89,0.000584725782449003
160.9,0.00058310528625925
160.91,0.000581489077284501
160.92,0.000579877146759562
160.93,0.000578269486070351
160.94,0.000576666086654303
160.95,0.000575066940029367
160.96,0.000573472037680661
160.97,0.000571881371275585
160.98,0.000570294932534993
160.99,0.000568712713346305
161,0.000567134706084311
161.01,0.000565560902683752
161.02,0.000563991295375477
161.03,0.000562425876404597
161.04,0.000560864638099998
161.05,0.000559307572983828
161.06,0.000557754673628885
161.07,0.000556205932200687
161.08,0.000554661341376583
161.09,0.000553120893844652
161.1,0.00055158458236389
161.11,0.000550052400020545
161.12,0.000548524339647084
161.13,0.000547000394274706
161.14,0.000545480557380351
161.15,0.000543964822670389
161.16,0.000542453183506057
161.17,0.000540945633574411
161.18,0.000539442166540543
161.19,0.000537942776307326
161.2,0.000536447456889839
161.21,0.000534956202309549
161.22,0.000533469006080023
161.23,0.000531985862562643
161.24,0.000530506765928668
161.25,0.000529031710571485
161.26,0.000527560691048596
161.27,0.00052609370178946
161.28,0.000524630737409565
161.29,0.000523171793568691
161.3,0.000521716865589547
161.31,0.000520265948880831
161.32,0.000518819038636513
161.33,0.000517376130478172
161.34,0.000515937220253696
161.35,0.000514502303169616
161.36,0.000513071374838603
161.37,0.000511644431069072
161.38,0.000510221468177659
161.39,0.000508802482347152
161.4,0.000507387469750311
161.41,0.000505976427831822
161.42,0.000504569353848243
161.43,0.000503166245016779
161.44,0.000501767098667383
161.45,0.000500371912470614
161.46,0.000498980684418357
161.47,0.000497593411760292
161.48,0.00049621009214565
161.49,0.000494830723647839
161.5,0.000493455304682587
161.51,0.000492083833692133
161.52,0.000490716309095211
161.53,0.000489352730692272
161.54,0.000487993098309697
161.55,0.000486637411563346
161.56,0.000485285670602434
161.57,0.000483937875891334
161.58,0.000482594028222964
161.59,0.000481254128067229
161.6,0.000479918176019035
161.61,0.000478586173217573
161.62,0.000477258120997177
161.63,0.000475934020724693
161.64,0.000474613875174837
161.65,0.000473297687722371
161.66,0.00047198546135972
161.67,0.000470677198833465
161.68,0.000469372904062621
161.69,0.000468072581222957
161.7,0.000466776234888005
161.71,0.000465483869909086
161.72,0.000464195491918741
161.73,0.000462911106669402
161.74,0.000461630720558901
161.75,0.000460354340471995
161.76,0.000459081973629919
161.77,0.00045781362749451
161.78,0.000456549310158762
161.79,0.000455289030893783
161.8,0.000454032799828634
161.81,0.000452780627085306
161.82,0.000451532523811713
161.83,0.00045028850169464
161.84,0.000449048572926888
161.85,0.000447812750224847
161.86,0.000446581047058126
161.87,0.000445353476725608
161.88,0.000444130053608455
161.89,0.000442910793504162
161.9,0.00044169571371792
161.91,0.000440484831203373
161.92,0.000439278165212408
161.93,0.000438075735151982
161.94,0.000436877561440959
161.95,0.000435683665241753
161.96,0.000434494068898042
161.97,0.000433308795813426
161.98,0.000432127870146068
161.99,0.000430951317484532
162,0.000429779165008369
162.01,0.000428611440312129
162.02,0.000427448173235235
162.03,0.000426289394218367
162.04,0.000425135135243866
162.05,0.000423985429915954
162.06,0.000422840312790927
162.07,0.000421699820528599
162.08,0.000420563990807633
162.09,0.000419432863019688
162.1,0.00041830647869563
162.11,0.000417184880264182
162.12,0.000416068112596611
162.13,0.0004149562221329
162.14,0.000413849257127681
162.15,0.000412747267902767
162.16,0.000411650306707041
162.17,0.000410558427832615
162.18,0.000409471687649374
162.19,0.000408390144707804
162.2,0.000407313859884146
162.21,0.000406242896268052
162.22,0.000405177319313091
162.23,0.00040411719686235
162.24,0.000403062599250472
162.25,0.000402013599324472
162.26,0.00040097027251354
162.27,0.000399932696894377
162.28,0.000398900953324785
162.29,0.000397875125385807
162.3,0.000396855299525341
162.31,0.000395841565111459
162.32,0.0003948340144753
162.33,0.000393832742945388
162.34,0.000392837848900784
162.35,0.000391849433912499
162.36,0.000390867602679091
162.37,0.000389892463132282
162.38,0.000388924126530355
162.39,0.000387962707443281
162.4,0.000387008323845897
162.41,0.000386061097171029
162.42,0.000385121152287822
162.43,0.00038418861764841
162.44,0.000383263625295982
162.45,0.000382346310772391
162.46,0.000381436813398114
162.47,0.000380535276160914
162.48,0.000379641845677602
162.49,0.000378756672441133
162.5,0.000377879910705559
162.51,0.000377011718483667
162.52,0.000376152257741513
162.53,0.000375301694303472
162.54,0.000374460197837863
162.55,0.00037362794205393
162.56,0.000372805104596668
162.57,0.000371991867020834
162.58,0.000371188415000755
162.59,0.000370394938213244
162.6,0.000369611630325918
162.61,0.000368838689169161
162.62,0.000368076316649007
162.63,0.000367324718762847
162.64,0.0003665841056922
162.65,0.00036585469177657
162.66,0.000365136695548354
162.67,0.000364430339754725
162.68,0.000363735851387715
162.69,0.000363053461735507
162.7,0.000362383406347331
162.71,0.000361725925113592
162.72,0.000361081262337938
162.73,0.000360449666632866
162.74,0.000359831391041053
162.75,0.000359226693297414
162.76,0.000358635835425904
162.77,0.000358059084039607
162.78,0.000357496710535512
162.79,0.000356948990939233
162.8,0.000356416205865729
162.81,0.000355898640843551
162.82,0.000355396586419674
162.83,0.000354910337772413
162.84,0.000354440195163375
162.85,0.000353986464378026
162.86,0.00035354945585789
162.87,0.000353129485411036
162.88,0.000352726874683096
162.89,0.000352341950444615
162.9,0.000351975044979132
162.91,0.000351626496623887
162.92,0.000351296649676338
162.93,0.000350985853982322
162.94,0.000350694465796116
162.95,0.000350422848238658
162.96,0.000350171369951137
162.97,0.000349940406372754
162.98,0.000349730340400883
162.99,0.000349541562046717
163,0.000349374467537833
163.01,0.000349229460714212
163.02,0.000349106954629823
163.03,0.000349007368864642
163.04,0.000348931130955744
163.05,0.000348878676988458
163.06,0.00034885045337894
163.07,0.000348846913280909
163.08,0.000348868519567041
163.09,0.000348915745101608
163.1,0.000348989073491567
163.11,0.000349088996627141
163.12,0.000349216017295744
163.13,0.00034937065057787
163.14,0.000349553422253452
163.15,0.000349764868577915
163.16,0.000350005538044087
163.17,0.00035027599432181
163.18,0.000350576810955918
163.19,0.000350908575307569
163.2,0.000351271889009853
163.21,0.000351667370540844
163.22,0.000352095648880979
163.23,0.000352557369396114
163.24,0.000353053192768276
163.25,0.000353583801824826
163.26,0.000354149890934629
163.27,0.000354752171585173
163.28,0.000355391373816439
163.29,0.000356068249158322
163.3,0.000356783571592358
163.31,0.000357538127844868
163.32,0.00035833272798169
163.33,0.000359168203155989
163.34,0.000360045416272078
163.35,0.000360965241554364
163.36,0.000361928580728122
163.37,0.000362936359710993
163.38,0.000363989535306344
163.39,0.000365089089650462
163.4,0.000366236027124134
163.41,0.000367431382391205
163.42,0.000368676220581094
163.43,0.000369971645919821
163.44,0.00037131878105749
163.45,0.000372718785168293
163.46,0.000374172850235607
163.47,0.000375682214219176
163.48,0.000377248141673442
163.49,0.00037887193283394
163.5,0.000380554927719431
163.51,0.000382298509589381
163.52,0.000384104107762617
163.53,0.000385973182679329
163.54,0.00038790724216494
163.55,0.000389907838262113
163.56,0.000391976586995549
163.57,0.000394115131673374
163.58,0.000396325171447324
163.59,0.000398608456149138
163.6,0.000400966796803373
163.61,0.000403402058424991
163.62,0.000405916153146802
163.63,0.000408511054764193
163.64,0.000411188798893587
163.65,0.00041395150027176
163.66,0.000416801313342789
163.67,0.00041974046639355
163.68,0.000422771254645684
163.69,0.000425896051735843
163.7,0.000429117296632524
163.71,0.000432437498861421
163.72,0.000435859245033177
163.73,0.000439385202992658
163.74,0.000443018130420636
163.75,0.000446760849997784
163.76,0.000450616274505328
163.77,0.000454587402419254
163.78,0.000458677343532819
163.79,0.000462889277698359
163.8,0.000467226481352748
163.81,0.000471692329240632
163.82,0.000476290291061851
163.83,0.000481023933783815
163.84,0.000485896932706016
163.85,0.000490913064498886
163.86,0.000496076211965819
163.87,0.000501390367326
163.88,0.000506859631907387
163.89,0.000512488220057312
163.9,0.000518280460809245
163.91,0.000524240793661506
163.92,0.000530373776176611
163.93,0.000536684092218583
163.94,0.000543176544648173
163.95,0.000549856055360122
163.96,0.00055672762781063
163.97,0.000563796444228477
163.98,0.000571067793019126
163.99,0.000578547089713231
164,0.000586239820697178
164.01,0.000594151624738476
164.02,0.000602288287919929
164.03,0.000610655705813063
164.04,0.000619259874126407
164.05,0.000628106831683236
164.06,0.000637202851563136
164.07,0.00064655428042807
164.08,0.000656167581661403
164.09,0.000666049186554487
164.1,0.000676205752332366
164.11,0.000686644034287571
164.12,0.000697370866971183
164.13,0.000708393116244402
164.14,0.000719717629737228
164.15,0.000731351468966106
164.16,0.000743301699344214
164.17,0.00075557536291624
164.18,0.000768179567324715
164.19,0.000781121471832101
164.2,0.000794408233105636
164.21,0.000808046902140782
164.22,0.000822044637137419
164.23,0.000836408536691027
164.24,0.00085114559757669
164.25,0.000866262658110033
164.26,0.000881766635140779
164.27,0.000897664293547364
164.28,0.00091396209431102
164.29,0.000930666428067222
164.3,0.000947783572005232
164.31,0.000965319566314013
164.32,0.000983280150220095
164.33,0.00100167091330977
164.34,0.00102049715407125
164.35,0.00103976381719301
164.36,0.00105947543058514
164.37,0.00107963632693386
164.38,0.00110025040543072
164.39,0.00112132105482189
164.4,0.00114285127097251
164.41,0.00116484361180464
164.42,0.00118730011223844
164.43,0.00121022219766218
164.44,0.0012336108202985
164.45,0.00125746631404999
164.46,0.00128178840170543
164.47,0.00130657617020065
164.48,0.00133182802088704
164.49,0.00135754166082848
164.5,0.00138371417000853
164.51,0.00141034184342377
164.52,0.00143742018619844
164.53,0.00146494394912443
164.54,0.00149290732023451
164.55,0.00152130342436886
164.56,0.00155012464357677
164.57,0.00157936264141821
164.58,0.00160900840175593
164.59,0.0016390518084947
164.6,0.00166948199151667
164.61,0.00170028757965939
164.62,0.00173145620581523
164.63,0.00176297459059121
164.64,0.00179482873167298
164.65,0.00182700437421029
164.66,0.00185948590626695
164.67,0.00189225715582922
164.68,0.00192530135136848
164.69,0.00195860127029006
164.7,0.00199213877283247
164.71,0.00202589531709481
164.72,0.00205985194881029
164.73,0.00209398904375594
164.74,0.00212828653938167
164.75,0.0021627238969165
164.76,0.00219728021284638
164.77,0.00223193427392844
164.78,0.0022666646048461
164.79,0.00230144934874577
164.8,0.00233626661976971
164.81,0.00237109446099846
164.82,0.00240591067953993
164.83,0.00244069313276774
164.84,0.00247541971019297
164.85,0.00251006836654527
164.86,0.00254461713501597
164.87,0.0025790442105875
164.88,0.00261332803463246
164.89,0.00264744723058999
164.9,0.00268138071613952
164.91,0.00271510776868052
164.92,0.0027486079877602
164.93,0.00278186139079138
164.94,0.00281484845912516
164.95,0.00284755008579667
164.96,0.00287994770373653
164.97,0.00291202331480979
164.98,0.00294375935807054
164.99,0.00297513892906285
165,0.00300614576412629
165.01,0.00303676405455414
165.02,0.00306697873362037
165.03,0.00309677540500432
165.04,0.00312614016568096
165.05,0.00315505989743113
165.06,0.00318352215911602
165.07,0.00321151503497477
165.08,0.00323902741235164
165.09,0.00326604884944797
165.1,0.00329256943076243
165.11,0.00331858005391205
165.12,0.00334407226066437
165.13,0.00336903810570195
165.14,0.00339347044161181
165.15,0.00341736273132908
165.16,0.00344070894542777
165.17,0.00346350379592085
165.18,0.00348574257270861
165.19,0.00350742105895129
165.2,0.00352853571190959
165.21,0.00354908352730326
165.22,0.003569061974161
165.23,0.00358846912171215
165.24,0.00360730353413
165.25,0.00362556422112364
165.26,0.00364325071900445
165.27,0.00366036301215891
165.28,0.00367690149794098
165.29,0.00369286702819072
165.3,0.00370826085476579
165.31,0.00372308460722895
165.32,0.00373734030053396
165.33,0.00375103030206663
165.34,0.00376415731910251
165.35,0.00377672438053194
165.36,0.00378873482076789
165.37,0.00380019227648412
165.38,0.00381110064838415
165.39,0.00382146409660858
165.4,0.00383128704377838
165.41,0.00384057413249312
165.42,0.00384933021616843
165.43,0.00385756037050442
165.44,0.00386526985781929
165.45,0.00387246410358956
165.46,0.00387914871637693
165.47,0.00388532946404857
165.48,0.00389101223403902
165.49,0.00389620305993026
165.5,0.00390090811021035
165.51,0.00390513363476085
165.52,0.00390888599629833
165.53,0.00391217167161501
165.54,0.00391499718482112
165.55,0.00391736914307724
165.56,0.00391929424567875
165.57,0.00392077921316501
165.58,0.00392183082201466
165.59,0.00392245592121862
165.6,0.00392266135837436
165.61,0.00392245401468018
165.62,0.00392184082246487
165.63,0.00392082869870753
165.64,0.00391942457245811
165.65,0.00391763539777206
165.66,0.00391546811485712
165.67,0.00391292964901552
165.68,0.00391002693047267
165.69,0.00390676687511803
165.7,0.00390315636304846
165.71,0.00389920226197338
165.72,0.0038949114220082
165.73,0.00389029064248192
165.74,0.00388534669592736
165.75,0.0038800863321322
165.76,0.00387451623919717
165.77,0.00386864306664586
165.78,0.00386247343500449
165.79,0.00385601389546189
165.8,0.00384927095163817
165.81,0.00384225106972843
165.82,0.00383496064459382
165.83,0.00382740601492073
165.84,0.00381959347283645
165.85,0.00381152924145496
165.86,0.00380321947653672
165.87,0.0037946702746176
165.88,0.00378588768066683
165.89,0.00377687765307999
165.9,0.00376764608725801
165.91,0.003758198824403
165.92,0.00374854162649513
165.93,0.00373868018163732
165.94,0.00372862011169009
165.95,0.00371836697689823
165.96,0.00370792625078388
165.97,0.00369730333789057
165.98,0.00368650357907767
165.99,0.00367553223476494
166,0.00366439448988102
166.01,0.00365309545861197
166.02,0.00364164018766092
166.03,0.00363003363930238
166.04,0.00361828070397304
166.05,0.00360638620597721
166.06,0.00359435488895516
166.07,0.00358219142158695
166.08,0.00356990040084507
166.09,0.00355748635445774
166.1,0.0035449537305288
166.11,0.00353230690612141
166.12,0.0035195501887078
166.13,0.00350668780934782
166.14,0.00349372392782879
166.15,0.00348066263505115
166.16,0.00346750794731684
166.17,0.00345426381055104
166.18,0.00344093410288637
166.19,0.00342752263027611
166.2,0.00341403312905742
166.21,0.00340046926872488
166.22,0.00338683464986001
166.23,0.00337313280428678
166.24,0.00335936719803392
166.25,0.00334554123104824
166.26,0.00333165823613851
166.27,0.00331772148174006
166.28,0.00330373417257478
166.29,0.00328969944818967
166.3,0.00327562038704739
166.31,0.00326150000916287
166.32,0.00324734126061729
166.33,0.00323314702703256
166.34,0.00321892015818729
166.35,0.00320466341639994
166.36,0.00319037950703624
166.37,0.0031760710932226
166.38,0.00316174077921249
166.39,0.00314739109343358
166.4,0.00313302451932344
166.41,0.00311864350678565
166.42,0.00310425041641626
166.43,0.00308984756288505
166.44,0.00307543723881103
166.45,0.00306102164975062
166.46,0.00304660295424097
166.47,0.00303218327685709
166.48,0.00301776468950799
166.49,0.00300334919659513
166.5,0.00298893876700685
166.51,0.00297453534431583
166.52,0.00296014078335123
166.53,0.00294575690318948
166.54,0.00293138549587373
166.55,0.00291702831646433
166.56,0.00290268703783146
166.57,0.00288836330027417
166.58,0.00287405873491033
166.59,0.00285977491137006
166.6,0.00284551333796335
166.61,0.00283127548928332
166.62,0.00281706284682019
166.63,0.00280287680191392
166.64,0.00278871871239819
166.65,0.00277458990213234
166.66,0.00276049170250277
166.67,0.00274642534720194
166.68,0.00273239205110376
166.69,0.00271839300219028
166.7,0.00270442938043286
166.71,0.00269050228375638
166.72,0.00267661279053804
166.73,0.00266276196541328
166.74,0.00264895084631207
166.75,0.00263518040483677
166.76,0.0026214515925807
166.77,0.0026077653541533
166.78,0.00259412260327665
166.79,0.00258052419332752
166.8,0.00256697095953037
166.81,0.00255346373528415
166.82,0.00254000331829958
166.83,0.00252659045434492
166.84,0.00251322587175957
166.85,0.00249991030083159
166.86,0.00248664443175951
166.87,0.00247342891176315
166.88,0.00246026437078096
166.89,0.00244715144382155
166.9,0.0024340907219835
166.91,0.00242108276180507
166.92,0.00240812810258527
166.93,0.00239522729233245
166.94,0.00238238083121178
166.95,0.00236958919246315
166.96,0.00235685283234713
166.97,0.00234417222239899
166.98,0.00233154777765789
166.99,0.00231897989432141
167,0.0023064689521809
167.01,0.00229401533832113
167.02,0.00228161941106663
167.03,0.00226928148978936
167.04,0.00225700188554261
167.05,0.00224478090691507
167.06,0.00223261885946122
167.07,0.0022205159944238
167.08,0.00220847256078397
167.09,0.00219648879686048
167.1,0.00218456495602071
167.11,0.00217270122957482
167.12,0.00216089780997155
167.13,0.00214915487386814
167.14,0.00213747262312199
167.15,0.00212585119660403
167.16,0.00211429073491054
167.17,0.00210279136467486
167.18,0.00209135322572008
167.19,0.00207997642370949
167.2,0.00206866104760097
167.21,0.00205740717872553
167.22,0.00204621489863775
167.23,0.0020350842798847
167.24,0.00202401537099164
167.25,0.00201300821682268
167.26,0.00200206285266603
167.27,0.00199117930416193
167.28,0.00198035758778404
167.29,0.00196959771194555
167.3,0.00195889967636328
167.31,0.00194826347265079
167.32,0.00193768908211755
167.33,0.00192717647511167
167.34,0.00191672562120606
167.35,0.00190633647972427
167.36,0.00189600900284933
167.37,0.00188574313443088
167.38,0.0018755388075929
167.39,0.0018653959553003
167.4,0.00185531450142706
167.41,0.00184529436355353
167.42,0.00183533545275881
167.43,0.00182543767174063
167.44,0.0018156009209713
167.45,0.00180582509398253
167.46,0.0017961100789137
167.47,0.00178645575858468
167.48,0.00177686200861219
167.49,0.00176732870259
167.5,0.0017578557083536
167.51,0.00174844288921995
167.52,0.00173909010418052
167.53,0.00172979720422201
167.54,0.00172056404084483
167.55,0.00171139046003652
167.56,0.00170227630392969
167.57,0.00169322141103183
167.58,0.00168422561265915
167.59,0.0016752887405164
167.6,0.00166641062225736
167.61,0.00165759108199406
167.62,0.00164882994078574
167.63,0.00164012701423082
167.64,0.00163148211714991
167.65,0.001622895061761
167.66,0.00161436565714668
167.67,0.00160589370985891
167.68,0.00159747902223143
167.69,0.00158912139537003
167.7,0.00158082062882653
167.71,0.00157257651943867
167.72,0.00156438886201756
167.73,0.00155625744883246
167.74,0.00154818206851501
167.75,0.00154016251097557
167.76,0.0015321985632002
167.77,0.00152429001058501
167.78,0.00151643663704424
167.79,0.00150863822244784
167.8,0.00150089454788402
167.81,0.0014932053929332
167.82,0.00148557053557273
167.83,0.00147798975265141
167.84,0.00147046281896669
167.85,0.00146298950741109
167.86,0.00145556959227008
167.87,0.00144820284588849
167.88,0.00144088903978794
167.89,0.00143362794474865
167.9,0.00142641932846981
167.91,0.00141926296094757
167.92,0.00141215861058616
167.93,0.00140510604519438
167.94,0.00139810503210932
167.95,0.00139115533731734
167.96,0.00138425672647084
167.97,0.00137740896594687
167.98,0.0013706118212841
167.99,0.00136386505779734
168,0.00135716844047537
168.01,0.00135052173250742
168.02,0.00134392469931986
168.03,0.00133737710538752
168.04,0.00133087871517223
168.05,0.00132442929317804
168.06,0.00131802860262463
168.07,0.00131167640772572
168.08,0.00130537247337127
168.09,0.00129911656416615
168.1,0.00129290844493097
168.11,0.00128674788075034
168.12,0.0012806346351681
168.13,0.0012745684742043
168.14,0.00126854916364018
168.15,0.00126257646949991
168.16,0.00125665015821507
168.17,0.00125076999644892
168.18,0.00124493574985063
168.19,0.00123914718676798
168.2,0.00123340407517692
168.21,0.00122770618358087
168.22,0.00122205328104572
168.23,0.00121644513672283
168.24,0.00121088151986026
168.25,0.00120536220163405
168.26,0.00119988695327402
168.27,0.0011944555466733
168.28,0.00118906775441805
168.29,0.00118372334904893
168.3,0.00117842210414441
168.31,0.00117316379455959
168.32,0.0011679481955605
168.33,0.00116277508318972
168.34,0.00115764423429155
168.35,0.00115255542551665
168.36,0.00114750843540157
168.37,0.00114250304317382
168.38,0.00113753902877596
168.39,0.00113261617301907
168.4,0.00112773425754036
168.41,0.00112289306390132
168.42,0.00111809237592683
168.43,0.00111333197783194
168.44,0.00110861165475633
168.45,0.00110393119278158
168.46,0.00109929037860233
168.47,0.00109468899934764
168.48,0.0010901268443939
168.49,0.00108560370352715
168.5,0.00108111936752811
168.51,0.00107667362818772
168.52,0.00107226627832237
168.53,0.00106789711132226
168.54,0.00106356592070043
168.55,0.00105927250301528
168.56,0.00105501665498398
168.57,0.00105079817437467
168.58,0.0010466168600186
168.59,0.00104247251182234
168.6,0.00103836493034474
168.61,0.00103429391614396
168.62,0.00103025927305444
168.63,0.00102626080503714
168.64,0.00102229831713601
168.65,0.00101837161548681
168.66,0.00101448050732612
168.67,0.0010106248007051
168.68,0.00100680430385163
168.69,0.00100301882786426
168.7,0.000999268184188997
168.71,0.000995552185376235
168.72,0.000991870645087164
168.73,0.000988223378100133
168.74,0.000984610200135081
168.75,0.000981030927305233
168.76,0.000977485378154494
168.77,0.000973973371793393
168.78,0.00097049472845251
168.79,0.00096704926948708
168.8,0.000963636817381607
168.81,0.000960257195623962
168.82,0.000956910228163332
168.83,0.000953595741229622
168.84,0.000950313561701686
168.85,0.00094706351758609
168.86,0.000943845438020276
168.87,0.00094065915327555
168.88,0.000937504494660081
168.89,0.000934381293941178
168.9,0.000931289385129355
168.91,0.000928228602905929
168.92,0.000925198783078744
168.93,0.000922199762583839
168.94,0.000919231379487194
168.95,0.000916293472863313
168.96,0.000913385881893738
168.97,0.000910508448714833
168.98,0.000907661015802019
168.99,0.000904843426754924
169,0.000902055526298295
169.01,0.000899297160283069
169.02,0.000896568175687373
169.03,0.000893868420617532
169.04,0.000891197744309078
169.05,0.000888555995798916
169.06,0.000885943026415313
169.07,0.00088335868917598
169.08,0.000880802837620135
169.09,0.000878275326397168
169.1,0.000875776011266507
169.11,0.000873304749097567
169.12,0.000870861397869554
169.13,0.000868445816671422
169.14,0.000866057865357418
169.15,0.000863697403462912
169.16,0.000861364294474474
169.17,0.000859058401699182
169.18,0.000856779589528896
169.19,0.000854527723439054
169.2,0.000852302669987328
169.21,0.000850104296812415
169.22,0.000847932472632761
169.23,0.000845787067245288
169.24,0.000843667950487177
169.25,0.000841574994365782
169.26,0.000839508072102956
169.27,0.00083746705764031
169.28,0.000835451825974782
169.29,0.0008334622531566
169.3,0.000831498216287239
169.31,0.000829559593517372
169.32,0.000827646264044868
169.33,0.000825758107946896
169.34,0.000823895005970758
169.35,0.000822056840782093
169.36,0.00082024349567075
169.37,0.000818454854955074
169.38,0.000816690803979508
169.39,0.000814951229112148
169.4,0.000813236017742298
169.41,0.000811545058278034
169.42,0.000809878240143768
169.43,0.000808235453412894
169.44,0.000806616589610389
169.45,0.000805021541233397
169.46,0.000803450201697257
169.47,0.00080190246541609
169.48,0.000800378227800103
169.49,0.000798877385252936
169.5,0.000797399835168931
169.51,0.000795945475930473
169.52,0.000794514206790228
169.53,0.000793105927849302
169.54,0.000791720540603273
169.55,0.000790357947318557
169.56,0.000789018051231629
169.57,0.000787700756546153
169.58,0.000786405968430033
169.59,0.000785133593012551
169.6,0.000783883537381445
169.61,0.000782655709580043
169.62,0.000781450018330465
169.63,0.000780266373694304
169.64,0.000779104686585164
169.65,0.000777964868817057
169.66,0.000776846833143059
169.67,0.000775750493252328
169.68,0.000774675763767121
169.69,0.000773622560239844
169.7,0.00077259079915004
169.71,0.000771580397901432
169.72,0.000770591274818943
169.73,0.00076962334911442
169.74,0.000768676540855416
169.75,0.000767750771181701
169.76,0.00076684596206411
169.77,0.000765962036378957
169.78,0.000765098917905027
169.79,0.000764256531320565
169.8,0.000763434802200269
169.81,0.000762633657012272
169.82,0.000761853023115152
169.83,0.000761092828754897
169.84,0.00076035300306191
169.85,0.00075963347629733
169.86,0.000758934179347324
169.87,0.000758255043893258
169.88,0.000757596002599983
169.89,0.000756956989004128
169.9,0.000756337937511187
169.91,0.000755738783392603
169.92,0.000755159462782849
169.93,0.00075459991267651
169.94,0.00075406007092538
169.95,0.000753539876235528
169.96,0.000753039268204764
169.97,0.000752558187932182
169.98,0.000752096576211165
169.99,0.000751654375183822
170,0.000751231527836403
170.01,0.00075082797799657
170.02,0.000750443670330658
170.03,0.000750078550340929
170.04,0.000749732564362838
170.05,0.000749405659562289
170.06,0.000749097783932895
170.07,0.000748808886293244
170.08,0.00074853891679317
170.09,0.000748287826258472
170.1,0.000748055565554629
170.11,0.000747842086851061
170.12,0.000747647343135556
170.13,0.000747471288211818
170.14,0.000747313876696996
170.15,0.000747175064019227
170.16,0.000747054806415168
170.17,0.000746953060927537
170.18,0.000746869785402645
170.19,0.000746804938487939
170.2,0.000746758480492874
170.21,0.000746730371256883
170.22,0.000746720571774073
170.23,0.000746729043940594
170.24,0.000746755750447531
170.25,0.000746800654778671
170.26,0.000746863721208276
170.27,0.000746944914798856
170.28,0.00074704420139894
170.29,0.000747161547640845
170.3,0.000747296920938453
170.31,0.000747450289871638
170.32,0.000747621624356555
170.33,0.00074781089339762
170.34,0.000748018067614226
170.35,0.00074824311840548
170.36,0.000748486017948338
170.37,0.000748746739195748
170.38,0.00074902525587478
170.39,0.000749321542484766
170.4,0.000749635574295436
170.41,0.000749967327345054
170.42,0.000750316778438555
170.43,0.000750683905509659
170.44,0.000751068686921818
170.45,0.000751471101744804
170.46,0.000751891129966832
170.47,0.000752328752358942
170.48,0.000752783950475002
170.49,0.000753256706651703
170.5,0.000753747004008565
170.51,0.000754254826447936
170.52,0.000754780158654987
170.53,0.00075532298516864
170.54,0.000755883290779652
170.55,0.000756461063822979
170.56,0.000757056291957567
170.57,0.000757668963616104
170.58,0.000758299068005033
170.59,0.000758946595104542
170.6,0.000759611535668571
170.61,0.000760293881224797
170.62,0.000760993624074655
170.63,0.00076171075726563
170.64,0.000762445272228712
170.65,0.000763197165173513
170.66,0.000763966431368533
170.67,0.000764753066848506
170.68,0.000765557068414397
170.69,0.000766378433633391
170.7,0.000767217160838913
170.71,0.000768073249130617
170.72,0.000768946698374387
170.73,0.000769837509202342
170.74,0.000770745681760784
170.75,0.000771671218319851
170.76,0.000772614122210479
170.77,0.000773574397024491
170.78,0.000774552047113987
170.79,0.000775547077591351
170.8,0.000776559494329244
170.81,0.000777589303960611
170.82,0.000778636513878663
170.83,0.000779701132236906
170.84,0.000780783167761831
170.85,0.00078188262982123
170.86,0.000782999529119549
170.87,0.000784133876819037
170.88,0.000785285684840352
170.89,0.000786454965862565
170.9,0.00078764173332316
170.91,0.000788846001418035
170.92,0.0007900677851015
170.93,0.000791307100086286
170.94,0.000792563962849271
170.95,0.000793838391598455
170.96,0.00079513040368169
170.97,0.00079644001789664
170.98,0.000797767253802405
170.99,0.000799112131719491
171,0.000800474672729855
171.01,0.000801854898676875
171.02,0.000803252832165355
171.03,0.000804668496561531
171.04,0.000806101915993065
171.05,0.000807553117452732
171.06,0.000809022126305653
171.07,0.00081050896819811
171.08,0.000812013670431287
171.09,0.00081353626107403
171.1,0.000815076768962858
171.11,0.000816635223701931
171.12,0.000818211655663106
171.13,0.000819806095985893
171.14,0.000821418576577475
171.15,0.000823049130112697
171.16,0.000824697790034077
171.17,0.000826364593331808
171.18,0.000828049576771413
171.19,0.000829752773559901
171.2,0.000831474220460467
171.21,0.000833213955016297
171.22,0.000834972015550572
171.23,0.00083674844116648
171.24,0.000838543271747179
171.25,0.000840356547955852
171.26,0.00084218831123567
171.27,0.000844038603809802
171.28,0.000845907468681414
171.29,0.000847794951894333
171.3,0.000849701104110423
171.31,0.000851625965334849
171.32,0.000853569582068581
171.33,0.000855532001611445
171.34,0.000857513272062085
171.35,0.000859513442317981
171.36,0.000861532562075405
171.37,0.000863570681829489
171.38,0.000865627852874181
171.39,0.000867704127302252
171.4,0.000869799558005301
171.41,0.000871914199200803
171.42,0.000874048117817051
171.43,0.000876201360135584
171.44,0.000878373982746012
171.45,0.000880566043062125
171.46,0.000882777599321843
171.47,0.000885008710587228
171.48,0.000887259436744495
171.49,0.000889529838503965
171.5,0.000891819977400137
171.51,0.000894129915791639
171.52,0.000896459716861243
171.53,0.000898809444615861
171.54,0.000901179177634409
171.55,0.000903568975007014
171.56,0.000905978901526434
171.57,0.000908409025155831
171.58,0.000910859414714501
171.59,0.000913330139877813
171.6,0.00091582127117724
171.61,0.000918332880000303
171.62,0.000920865038590655
171.63,0.000923417820048023
171.64,0.000925991298328225
171.65,0.000928585548243167
171.66,0.000931200657646336
171.67,0.00093383670286074
171.68,0.000936493755807156
171.69,0.00093917189551642
171.7,0.00094187120191438
171.71,0.000944591755821828
171.72,0.000947333638954517
171.73,0.000950096933923183
171.74,0.000952881724233471
171.75,0.000955688094286041
171.76,0.000958516129376495
171.77,0.0009613659156954
171.78,0.000964237547041025
171.79,0.000967131118248464
171.8,0.000970046711427769
171.81,0.000972984417362504
171.82,0.000975944327791257
171.83,0.000978926535407745
171.84,0.000981931133860743
171.85,0.000984958217754121
171.86,0.000988007882646774
171.87,0.000991080225052722
171.88,0.000994175348054595
171.89,0.000997293354287114
171.9,0.00100043433844548
171.91,0.00100359840162674
171.92,0.00100678564592816
171.93,0.00100999617444724
171.94,0.00101323009128165
171.95,0.00101648750152931
171.96,0.00101976851128837
171.97,0.00102307322765715
171.98,0.00102640176494716
171.99,0.00102975423552481
172,0.00103313074519609
172.01,0.00103653140582713
172.02,0.00103995633032955
172.03,0.00104340563266046
172.04,0.00104687942782244
172.05,0.00105037783186356
172.06,0.00105390096187741
172.07,0.00105744893600298
172.08,0.00106102188164891
172.09,0.00106461992182105
172.1,0.00106824317310421
172.11,0.00107189175874861
172.12,0.00107556580310473
172.13,0.00107926543162326
172.14,0.00108299077085503
172.15,0.00108674194845112
172.16,0.00109051909316277
172.17,0.00109432233484144
172.18,0.00109815181491516
172.19,0.00110200766728884
172.2,0.00110589002021684
172.21,0.00110979900904201
172.22,0.0011137347702714
172.23,0.00111769744157636
172.24,0.00112168716179239
172.25,0.00112570407091928
172.26,0.00112974831012106
172.27,0.001133820021726
172.28,0.00113791936175751
172.29,0.00114204647535209
172.3,0.001146201503585
172.31,0.00115038459464991
172.32,0.0011545958979754
172.33,0.00115883556422515
172.34,0.00116310374529784
172.35,0.00116740059432718
172.36,0.00117172626568181
172.37,0.00117608091496549
172.38,0.00118046471361898
172.39,0.00118487781851099
172.4,0.00118932038455058
172.41,0.00119379257359221
172.42,0.00119829454880191
172.43,0.00120282647465733
172.44,0.00120738851694763
172.45,0.00121198084277363
172.46,0.0012166036205477
172.47,0.0012212570199938
172.48,0.00122594122924558
172.49,0.00123065641742238
172.5,0.00123540275419566
172.51,0.00124018041597019
172.52,0.00124498958054591
172.53,0.00124983042711792
172.54,0.00125470313627651
172.55,0.00125960789000712
172.56,0.00126454487169041
172.57,0.0012695142661021
172.58,0.00127451627946372
172.59,0.00127955109366783
172.6,0.00128461889421093
172.61,0.00128971987302753
172.62,0.0012948542235391
172.63,0.00130002214065399
172.64,0.00130522382076744
172.65,0.00131045946176158
172.66,0.00131572926300541
172.67,0.00132103342535485
172.68,0.00132637216823359
172.69,0.00133174569073721
172.7,0.0013371541968419
172.71,0.00134259789523974
172.72,0.00134807699623967
172.73,0.00135359171176757
172.74,0.00135914225536612
172.75,0.00136472884219496
172.76,0.00137035169851664
172.77,0.00137601104314595
172.78,0.0013817070936271
172.79,0.00138744007288192
172.8,0.00139321020553906
172.81,0.00139901771793414
172.82,0.00140486283810952
172.83,0.00141074579581454
172.84,0.00141666682932989
172.85,0.0014226261754733
172.86,0.00142862406545323
172.87,0.00143466073704945
172.88,0.00144073642983299
172.89,0.00144685138516622
172.9,0.00145300584620282
172.91,0.0014592000578878
172.92,0.00146543427266907
172.93,0.00147170874695563
172.94,0.00147802372529139
172.95,0.00148437946118587
172.96,0.00149077621003908
172.97,0.00149721422914157
172.98,0.00150369377767445
172.99,0.00151021511670925
173,0.00151677851322558
173.01,0.00152338424484134
173.02,0.00153003257018444
173.03,0.00153672375946249
173.04,0.0015434580848864
173.05,0.0015502358206703
173.06,0.00155705724303164
173.07,0.001563922630191
173.08,0.00157083226416424
173.09,0.00157778644448875
173.1,0.00158478544526158
173.11,0.0015918295543692
173.12,0.00159891906182103
173.13,0.0016060542597493
173.14,0.00161323544240911
173.15,0.00162046290617839
173.16,0.00162773694955792
173.17,0.00163505789318979
173.18,0.00164242602946051
173.19,0.00164984166439141
173.2,0.00165730510680299
173.21,0.00166481666776306
173.22,0.00167237666058688
173.23,0.00167998540083711
173.24,0.00168764320632371
173.25,0.00169535041459484
173.26,0.001703107342792
173.27,0.00171091431427328
173.28,0.00171877165774686
173.29,0.00172667970429962
173.3,0.00173463878739713
173.31,0.00174264924288367
173.32,0.00175071140898206
173.33,0.0017588256412581
173.34,0.00176699228296354
173.35,0.00177521167578895
173.36,0.00178348416948238
173.37,0.0017918101163104
173.38,0.00180018987105783
173.39,0.00180862379102784
173.4,0.00181711223604196
173.41,0.00182565558067304
173.42,0.00183425419581849
173.43,0.0018429084425797
173.44,0.0018516186929661
173.45,0.00186038532165395
173.46,0.00186920870598618
173.47,0.00187808922597237
173.48,0.00188702726428887
173.49,0.00189602321554522
173.5,0.00190507747982548
173.51,0.00191419043883669
173.52,0.00192336248813392
173.53,0.00193259402609564
173.54,0.00194188545392376
173.55,0.0019512371756436
173.56,0.00196064959810395
173.57,0.00197012313709603
173.58,0.00197965822342189
173.59,0.00198925526067757
173.6,0.0019989146693099
173.61,0.00200863687275391
173.62,0.00201842229743313
173.63,0.00202827137275938
173.64,0.00203818453113284
173.65,0.00204816221014098
173.66,0.00205820486810723
173.67,0.00206831293637162
173.68,0.00207848686222935
173.69,0.00208872709633967
173.7,0.00209903409274665
173.71,0.00210940830889931
173.72,0.0021198502056721
173.73,0.00213036024738537
173.74,0.00214093890182549
173.75,0.00215158664159617
173.76,0.00216230394521262
173.77,0.00217309128849601
173.78,0.00218394915381853
173.79,0.00219487802717562
173.8,0.0022058783982089
173.81,0.00221695076022909
173.82,0.0022280956102387
173.83,0.0022393134489553
173.84,0.00225060478083419
173.85,0.0022619701145858
173.86,0.00227340996278257
173.87,0.00228492484077706
173.88,0.00229651526832618
173.89,0.00230818176905194
173.9,0.00231992487046498
173.91,0.00233174510398801
173.92,0.00234364300497934
173.93,0.00235561911275639
173.94,0.00236767397061894
173.95,0.00237980812643602
173.96,0.00239202213175609
173.97,0.00240431654170504
173.98,0.00241669191584822
173.99,0.00242914881786122
174,0.00244168781555429
174.01,0.00245430948089597
174.02,0.00246701439003713
174.03,0.00247980312333497
174.04,0.00249267626537691
174.05,0.00250563440641479
174.06,0.00251867813945903
174.07,0.00253180806164578
174.08,0.00254502477491902
174.09,0.00255832888559306
174.1,0.00257172100437748
174.11,0.00258520174640174
174.12,0.00259877173124049
174.13,0.0026124315829381
174.14,0.00262618193003365
174.15,0.00264002340712567
174.16,0.00265395665123695
174.17,0.00266798230449477
174.18,0.00268210101384007
174.19,0.0026963134308505
174.2,0.00271062021176654
174.21,0.00272502201751687
174.22,0.00273951951374409
174.23,0.00275411337083046
174.24,0.002768804263923
174.25,0.00278359287292801
174.26,0.00279847988261596
174.27,0.0028134659825798
174.28,0.00282855186727981
174.29,0.00284373823606925
174.3,0.00285902579321997
174.31,0.00287441524794815
174.32,0.00288990731443954
174.33,0.00290550271121097
174.34,0.00292120216271539
174.35,0.00293700639815235
174.36,0.00295291615173844
174.37,0.00296893216277573
174.38,0.0029850551756764
174.39,0.00300128593998776
174.4,0.00301762521041719
174.41,0.00303407374578537
174.42,0.00305063231144396
174.43,0.00306730167772596
174.44,0.00308408262004011
174.45,0.00310097591905725
174.46,0.00311798236073363
174.47,0.00313510273633483
174.48,0.00315233784245952
174.49,0.00316968847921085
174.5,0.0031871554540277
174.51,0.00320473957980262
174.52,0.00322244167433694
174.53,0.00324026256083857
174.54,0.00325820306794326
174.55,0.00327626402973604
174.56,0.00329444628577262
174.57,0.00331275067846894
174.58,0.00333117805794706
174.59,0.00334972928080467
174.6,0.00336840520809855
174.61,0.00338720670638876
174.62,0.00340613464775669
174.63,0.00342518990982214
174.64,0.00344437337576082
174.65,0.00346368593137924
174.66,0.003483128469679
174.67,0.00350270189158276
174.68,0.00352240710189208
174.69,0.00354224501095497
174.7,0.00356221653467886
174.71,0.00358232259454248
174.72,0.00360256411760819
174.73,0.00362294203339679
174.74,0.00364345727753015
174.75,0.00366411079552729
174.76,0.00368490353593053
174.77,0.00370583645280472
174.78,0.00372691050574293
174.79,0.00374812665987218
174.8,0.00376948588585921
174.81,0.00379098915722864
174.82,0.00381263745136853
174.83,0.00383443175705417
174.84,0.00385637306555357
174.85,0.00387846237345758
174.86,0.00390070068266924
174.87,0.00392308900039445
174.88,0.00394562833400465
174.89,0.00396831970200418
174.9,0.00399116412688263
174.91,0.00401416263559785
174.92,0.00403731626016065
174.93,0.00406062603761235
174.94,0.0040840930086329
174.95,0.00410771821670972
174.96,0.00413150271506198
174.97,0.00415544755955124
174.98,0.00417955381079178
174.99,0.00420382253411684
175,0.00422825479954612
175.01,0.00425285167811754
175.02,0.00427761424805701
175.03,0.00430254359234312
175.04,0.00432764079744928
175.05,0.00435290695400468
175.06,0.00437834315362275
175.07,0.00440395049445326
175.08,0.00442973007839666
175.09,0.00445568301050788
175.1,0.00448181039939586
175.11,0.00450811335389929
175.12,0.00453459298914019
175.13,0.00456125042296878
175.14,0.00458808677580858
175.15,0.00461510317092632
175.16,0.00464230073077778
175.17,0.00466968058391093
175.18,0.00469724386042862
175.19,0.0047249916922886
175.2,0.00475292521346034
175.21,0.00478104555514658
175.22,0.00480935385518522
175.23,0.00483785125135832
175.24,0.00486653888237712
175.25,0.0048954178879471
175.26,0.00492448940149527
175.27,0.00495375456508742
175.28,0.00498321451816463
175.29,0.00501287039991087
175.3,0.00504272334908715
175.31,0.00507277449500706
175.32,0.00510302497668019
175.33,0.00513347592776009
175.34,0.00516412848016484
175.35,0.00519498376344469
175.36,0.00522604289581162
175.37,0.00525730700401089
175.38,0.00528877720731605
175.39,0.00532045462138016
175.4,0.00535234035774706
175.41,0.00538443551249296
175.42,0.00541674119051271
175.43,0.0054492584862096
175.44,0.00548198848810999
175.45,0.00551493227850028
175.46,0.00554809091860308
175.47,0.00558146547941772
175.48,0.00561505701772737
175.49,0.00564886658159502
175.5,0.00568289521001266
175.51,0.0057171439158345
175.52,0.00575161372035262
175.53,0.00578630562757958
175.54,0.005821220629084
175.55,0.00585635970394298
175.56,0.00589172379983344
175.57,0.00592731387018262
175.58,0.00596313084793113
175.59,0.00599917564910606
175.6,0.00603544917317018
175.61,0.00607195228178432
175.62,0.00610868583918524
175.63,0.00614565068541156
175.64,0.00618284763819927
175.65,0.00622027749386642
175.66,0.00625794100352372
175.67,0.00629583891669142
175.68,0.00633397195453432
175.69,0.00637234080944976
175.7,0.0064109461466503
175.71,0.00644978857294486
175.72,0.00648886869501797
175.73,0.00652818708553948
175.74,0.00656774428013117
175.75,0.00660754078068347
175.76,0.00664757704323179
175.77,0.00668785345232973
175.78,0.00672837041226499
175.79,0.0067691282631915
175.8,0.00681012730336747
175.81,0.00685136778788371
175.82,0.00689284988273476
175.83,0.00693457373033693
175.84,0.00697653944600308
175.85,0.00701874707702626
175.86,0.00706119661735297
175.87,0.00710388800173426
175.88,0.00714682103222176
175.89,0.00718999555317252
175.9,0.00723341130701511
175.91,0.0072770679710107
175.92,0.00732096515539678
175.93,0.00736510236396713
175.94,0.00740947901907413
175.95,0.00745409452417932
175.96,0.00749894817646358
175.97,0.00754403919223157
175.98,0.00758936670472097
175.99,0.00763492966841441
176,0.00768072705200423
176.01,0.0077267577061061
176.02,0.00777302037691744
176.03,0.00781951371113495
176.04,0.00786623622250399
176.05,0.00791318626069425
176.06,0.00796036217591496
176.07,0.0080077621562091
176.08,0.00805538427108352
176.09,0.00810322646847393
176.1,0.00815128648397547
176.11,0.00819956198724271
176.12,0.00824805053327858
176.13,0.00829674951401193
176.14,0.008345656177957
176.15,0.00839476761761753
176.16,0.00844408069682436
176.17,0.00849359221533296
176.18,0.00854329877316617
176.19,0.00859319680072618
176.2,0.00864328253168433
176.21,0.00869355202901919
176.22,0.00874400118079056
176.23,0.00879462567822411
176.24,0.00884542101318081
176.25,0.00889638245855484
176.26,0.00894750510752241
176.27,0.00899878383268722
176.28,0.00905021329089451
176.29,0.00910178789173143
176.3,0.00915350183522648
176.31,0.00920534909227983
176.32,0.00925732339031633
176.33,0.00930941820541827
176.34,0.00936162674699896
176.35,0.00941394199511583
176.36,0.009466356657699
176.37,0.00951886317544343
176.38,0.00957145370652136
176.39,0.00962412013899908
176.4,0.00967685407558789
176.41,0.00972964682798239
176.42,0.00978248941631857
176.43,0.00983537256458883
176.44,0.00988828668223425
176.45,0.0099412218712859
176.46,0.00999416791733879
176.47,0.0100471143123904
176.48,0.0101000501981737
176.49,0.0101529643940903
176.5,0.0102058453902106
176.51,0.0102586813688269
176.52,0.0103114601385698
176.53,0.0103641691753902
176.54,0.0104167956188755
176.55,0.0104693262823663
176.56,0.010521747592258
176.57,0.0105740456319757
176.58,0.0106262061543672
176.59,0.0106782145625221
176.6,0.0107300558685361
176.61,0.0107817147358855
176.62,0.010833175519509
176.63,0.0108844221869537
176.64,0.0109354383310262
176.65,0.0109862071933656
176.66,0.0110367117468231
176.67,0.0110869345208486
176.68,0.0111368577138811
176.69,0.011186463184519
176.7,0.0112357325327552
176.71,0.0112846469117776
176.72,0.0113331871701406
176.73,0.0113813338543322
176.74,0.0114290672468622
176.75,0.0114763672064442
176.76,0.0115232133118259
176.77,0.0115695848763657
176.78,0.0116154609867931
176.79,0.0116608203152198
176.8,0.0117056412953655
176.81,0.0117499021417474
176.82,0.0117935808833927
176.83,0.0118366551647134
176.84,0.0118791024412654
176.85,0.011920900004277
176.86,0.0119620250052656
176.87,0.0120024542620055
176.88,0.0120421644604846
176.89,0.0120811321888242
176.9,0.0121193339511084
176.91,0.0121567459814988
176.92,0.0121933444506214
176.93,0.0122291055124268
176.94,0.0122640053052815
176.95,0.0122980197711948
176.96,0.0123311248711251
176.97,0.0123632966458201
176.98,0.0123945112013257
176.99,0.0124247445342838
177,0.0124539727573206
177.01,0.0124821721777098
177.02,0.0125093192585155
177.03,0.0125353904521439
177.04,0.0125603624398668
177.05,0.0125842122015959
177.06,0.012606917031762
177.07,0.012628454292029
177.08,0.0126488017101322
177.09,0.0126679374236229
177.1,0.0126858400542137
177.11,0.0127024883960488
177.12,0.0127178617560044
177.13,0.0127319399706005
177.14,0.0127447035295378
177.15,0.01275613323391
177.16,0.0127662105485947
177.17,0.0127749175978397
177.18,0.0127822373162437
177.19,0.012788153124883
177.2,0.0127926492589383
177.21,0.0127957107517854
177.22,0.0127973235784203
177.23,0.0127974744146506
177.24,0.0127961508924239
177.25,0.0127933415873141
177.26,0.0127890361028195
177.27,0.012783225001475
177.28,0.0127758999248333
177.29,0.0127670536064283
177.3,0.0127566798294793
177.31,0.0127447736381653
177.32,0.0127313312474702
177.33,0.0127163501100119
177.34,0.0126998286716914
177.35,0.0126817669743026
177.36,0.0126621662807797
177.37,0.012641029211714
177.38,0.0126183593001806
177.39,0.0125941619343976
177.4,0.0125684437829862
177.41,0.0125412129360107
177.42,0.0125124783140285
177.43,0.0124822508202071
177.44,0.0124505427206432
177.45,0.0124173676979582
177.46,0.012382740185891
177.47,0.012346676569825
177.48,0.0123091946982788
177.49,0.0122703137546539
177.5,0.0122300535971858
177.51,0.0121884358560392
177.52,0.0121454837096071
177.53,0.0121012215179241
177.54,0.01205567424094
177.55,0.012008868304299
177.56,0.0119608317197444
177.57,0.0119115934665383
177.58,0.0118611830429417
177.59,0.0118096310226616
177.6,0.0117569695213081
177.61,0.0117032313645117
177.62,0.0116484498005562
177.63,0.0115926587341644
177.64,0.011535893454774
177.65,0.0114781896835972
177.66,0.0114195834435056
177.67,0.0113601110257239
177.68,0.0112998098160333
177.69,0.0112387173579822
177.7,0.011176871344177
177.71,0.0111143094315559
177.72,0.0110510699472406
177.73,0.0109871911295202
177.74,0.0109227111796604
177.75,0.0108576680782808
177.76,0.0107920999403353
177.77,0.0107260445899949
177.78,0.0106595396005374
177.79,0.0105926222679028
177.8,0.0105253294210282
177.81,0.0104576974496225
177.82,0.0103897622645956
177.83,0.0103215595538266
177.84,0.0102531239336676
177.85,0.0101844894864357
177.86,0.0101156895951701
177.87,0.0100467575668075
177.88,0.00997772507098787
177.89,0.00990862320557268
177.9,0.00983948215802172
177.91,0.00977033189180818
177.92,0.00970120083917495
177.93,0.00963211669993626
177.94,0.00956310640294629
177.95,0.00949419589504568
177.96,0.00942541014880558
177.97,0.00935677323862664
177.98,0.00928830823112924
177.99,0.00922003726028015
178,0.00915198151179604
178.01,0.00908416112872714
178.02,0.00901659547111482
178.03,0.0089493028325998
178.04,0.00888230059934513
178.05,0.00881560536560571
178.06,0.00874923270948101
178.07,0.00868319742173349
178.08,0.00861751339153989
178.09,0.00855219357684983
178.1,0.0084872503662506
178.11,0.00842269503848551
178.12,0.00835853821509102
178.13,0.00829478991995652
178.14,0.00823145910085542
178.15,0.00816855434987007
178.16,0.00810608340025785
178.17,0.00804405319617482
178.18,0.007982470476093
178.19,0.00792134087695064
178.2,0.00786066969279987
178.21,0.00780046176388543
178.22,0.00774072103877794
178.23,0.00768145149025569
178.24,0.0076226561242796
178.25,0.00756433741936825
178.26,0.00750649793724464
178.27,0.00744913936826944
178.28,0.00739226285887667
178.29,0.00733586981039173
178.3,0.00727996088717077
178.31,0.00722453617519998
178.32,0.00716959597032011
178.33,0.00711514006586591
178.34,0.00706116769007448
178.35,0.00700767818403658
178.36,0.00695467055650845
178.37,0.00690214329800656
178.38,0.00685009498579002
178.39,0.00679852398551665
178.4,0.00674742816018605
178.41,0.00669680555322423
178.42,0.00664665408307798
178.43,0.00659697107344154
178.44,0.00654775382345274
178.45,0.00649900011625178
178.46,0.00645070681468924
178.47,0.00640287086192566
178.48,0.00635548937686488
178.49,0.00630855944390737
178.5,0.00626207762150753
178.51,0.00621604053416767
178.52,0.00617044523538509
178.53,0.00612528809149437
178.54,0.0060805655770058
178.55,0.00603627428549827
178.56,0.00599241080236688
178.57,0.00594897140816361
178.58,0.00590595243469111
178.59,0.00586335043314925
178.6,0.00582116160662291
178.61,0.00577938221449502
178.62,0.00573800860029057
178.63,0.00569703711308679
178.64,0.00565646392479133
178.65,0.00561628525001079
178.66,0.00557649748129273
178.67,0.00553709682314371
178.68,0.00549807954893664
178.69,0.00545944194482638
178.7,0.0054211802781865
178.71,0.0053832908716865
178.72,0.00534577005870553
178.73,0.0053086141981362
178.74,0.00527181954082528
178.75,0.0052353824850535
178.76,0.00519929942507529
178.77,0.00516356677119388
178.78,0.00512818088577599
178.79,0.00509313821033275
178.8,0.00505843520431575
178.81,0.00502406834130056
178.82,0.0049900341336617
178.83,0.00495632910954247
178.84,0.00492294982255063
178.85,0.00488989285771838
178.86,0.00485715482397757
178.87,0.00482473236406789
178.88,0.0047926221547327
178.89,0.00476082090444823
178.9,0.00472932532880895
178.91,0.00469813218286672
178.92,0.00466723826909103
178.93,0.00463664041436677
178.94,0.00460633544623286
178.95,0.00457632022574859
178.96,0.00454659167076357
178.97,0.0045171467151163
178.98,0.00448798232059335
178.99,0.00445909547250929
179,0.0044304831938689
179.01,0.0044021425337501
179.02,0.00437407057046039
179.03,0.00434626442585534
179.04,0.0043187212384908
179.05,0.00429143818042821
179.06,0.00426441245553388
179.07,0.00423764129221375
179.08,0.00421112194885823
179.09,0.00418485172082749
179.1,0.00415882793065127
179.11,0.00413304792648643
179.12,0.00410750906507742
179.13,0.00408220875955395
179.14,0.00405714444056923
179.15,0.00403231356633979
179.16,0.00400771361822038
179.17,0.00398334210806411
179.18,0.00395919657371816
179.19,0.00393527457882156
179.2,0.00391157371879331
179.21,0.00388809161698248
179.22,0.00386482591590527
179.23,0.00384177428769731
179.24,0.00381893443022142
179.25,0.00379630406493778
179.26,0.00377388094286119
179.27,0.00375166283914557
179.28,0.00372964755439717
179.29,0.00370783291451479
179.3,0.00368621675938419
179.31,0.00366479695114907
179.32,0.00364357139249637
179.33,0.00362253800143042
179.34,0.00360169471917753
179.35,0.00358103950993468
179.36,0.00356057035150483
179.37,0.0035402852522567
179.38,0.00352018224246919
179.39,0.00350025937215524
179.4,0.00348051471245291
179.41,0.0034609463567806
179.42,0.00344155243639707
179.43,0.00342233107925293
179.44,0.00340328044329734
179.45,0.00338439870706532
179.46,0.00336568406945389
179.47,0.00334713475315225
179.48,0.00332874900389027
179.49,0.00331052507908297
179.5,0.00329246125983945
179.51,0.0032745558470256
179.52,0.0032568071610772
179.53,0.00323921352574758
179.54,0.00322177329479576
179.55,0.00320448484488519
179.56,0.00318734656575006
179.57,0.00317035686457265
179.58,0.00315351416580571
179.59,0.00313681692099223
179.6,0.00312026358529212
179.61,0.00310385263559891
179.62,0.00308758256536756
179.63,0.00307145188437779
179.64,0.00305545912244256
179.65,0.00303960283184263
179.66,0.00302388156700782
179.67,0.00300829390426182
179.68,0.00299283843566126
179.69,0.00297751376880061
179.7,0.0029623185279063
179.71,0.00294725135661453
179.72,0.00293231090634347
179.73,0.0029174958465262
179.74,0.00290280486142655
179.75,0.00288823664996189
179.76,0.00287378992504908
179.77,0.00285946341062612
179.78,0.0028452558496467
179.79,0.00283116599689047
179.8,0.00281719262074369
179.81,0.00280333450301135
179.82,0.00278959043888174
179.83,0.00277595923978431
179.84,0.00276243972560952
179.85,0.00274903073074756
179.86,0.00273573110219885
179.87,0.00272253969939547
179.88,0.00270945539402189
179.89,0.00269647708194317
179.9,0.00268360365548403
179.91,0.00267083402454204
179.92,0.00265816711126822
179.93,0.00264560184967281
179.94,0.00263313718547978
179.95,0.00262077207918993
179.96,0.00260850549908843
179.97,0.00259633642568592
179.98,0.00258426385105969
179.99,0.00257228677842075
180,0.00256040422197752
180.01,0.00254861520095417
180.02,0.0025369187509249
180.03,0.00252531391765466
180.04,0.00251379975602466
180.05,0.00250237533092744
180.06,0.00249103971711073
180.07,0.00247979200503846
180.08,0.00246863128967399
180.09,0.00245755667418374
180.1,0.00244656727300074
180.11,0.0024356622098946
180.12,0.00242484061783161
180.13,0.0024141016388342
180.14,0.00240344445620096
180.15,0.00239286822007301
180.16,0.00238237210350291
180.17,0.00237195529056674
180.18,0.00236161697471956
180.19,0.00235135635871765
180.2,0.0023411726502097
180.21,0.00233106504243389
180.22,0.00232103277622784
180.23,0.00231107508457377
180.24,0.00230119120843174
180.25,0.00229138039660177
180.26,0.00228164190558667
180.27,0.00227197500663493
180.28,0.00226237898363397
180.29,0.00225285311076272
180.3,0.00224339667814599
180.31,0.00223400898354287
180.32,0.0022246893322478
180.33,0.0022154370369921
180.34,0.00220625142213219
180.35,0.00219713181695395
180.36,0.00218807755525888
180.37,0.00217908798006982
180.38,0.00217016244157531
180.39,0.00216130029704486
180.4,0.00215250091074402
180.41,0.00214376365355697
180.42,0.00213508790352424
180.43,0.00212647304536684
180.44,0.00211791847041167
180.45,0.0021094235765465
180.46,0.00210098776813459
180.47,0.00209261045603511
180.48,0.00208429105922931
180.49,0.00207602900025564
180.5,0.00206782370889932
180.51,0.00205967462105034
180.52,0.00205158117862159
180.53,0.00204354282946693
180.54,0.00203555902846884
180.55,0.002027629238324
180.56,0.00201975292277345
180.57,0.00201192955338381
180.58,0.00200415860735948
180.59,0.00199643956746685
180.6,0.0019887719219587
180.61,0.00198115516449848
180.62,0.00197358880105104
180.63,0.00196607233360484
180.64,0.00195860527233433
180.65,0.00195118713311958
180.66,0.00194381743704871
180.67,0.00193649571035212
180.68,0.00192922148433677
180.69,0.00192199429688861
180.7,0.0019148136902456
180.71,0.00190767921006246
180.72,0.00190059040781855
180.73,0.00189354683981215
180.74,0.00188654806709896
180.75,0.00187959365543028
180.76,0.00187268317549487
180.77,0.00186581620384522
180.78,0.0018589923192438
180.79,0.00185221110592442
180.8,0.00184547215255251
180.81,0.00183877505216625
180.82,0.00183211940211735
180.83,0.00182550480401213
180.84,0.00181893086715347
180.85,0.00181239720098679
180.86,0.00180590341961059
180.87,0.00179944914182492
180.88,0.00179303399049107
180.89,0.00178665759247849
180.9,0.00178031957861152
180.91,0.00177401958528151
180.92,0.00176775725302142
180.93,0.00176153222327982
180.94,0.00175534414286437
180.95,0.0017491926623665
180.96,0.00174307743611391
180.97,0.0017369981221228
180.98,0.00173095438219171
180.99,0.00172494588358353
181,0.00171897229421335
181.01,0.00171303328671619
181.02,0.00170712853722515
181.03,0.0017012577253266
181.04,0.00169542053401533
181.05,0.00168961664964971
181.06,0.00168384576343592
181.07,0.00167810756843777
181.08,0.00167240176068366
181.09,0.0016667280398998
181.1,0.00166108610899887
181.11,0.00165547567403777
181.12,0.00164989644417557
181.13,0.00164434813187664
181.14,0.00163883045573944
181.15,0.00163334313243307
181.16,0.00162788588363835
181.17,0.00162245843399999
181.18,0.00161706051108856
181.19,0.00161169184536264
181.2,0.00160635217013055
181.21,0.00160104122269349
181.22,0.00159575874326341
181.23,0.00159050447279112
181.24,0.00158527815605819
181.25,0.00158007954056603
181.26,0.00157490837650139
181.27,0.00156976441670172
181.28,0.00156464741662054
181.29,0.00155955713574982
181.3,0.00155449333441663
181.31,0.00154945577573663
181.32,0.00154444422557527
181.33,0.00153945845227893
181.34,0.00153449822664239
181.35,0.00152956332187627
181.36,0.00152465351394052
181.37,0.00151976858257305
181.38,0.00151490830719734
181.39,0.00151007247070045
181.4,0.00150526085826838
181.41,0.00150047325735613
181.42,0.00149570945765781
181.43,0.00149096925107668
181.44,0.00148625243302022
181.45,0.00148155880044967
181.46,0.00147688815129622
181.47,0.0014722402864036
181.48,0.00146761500872809
181.49,0.00146301212331173
181.5,0.00145843143725516
181.51,0.00145387275969084
181.52,0.00144933590337526
181.53,0.00144482068083312
181.54,0.001440326907296
181.55,0.00143585440003759
181.56,0.00143140297826508
181.57,0.00142697246309398
181.58,0.00142256267752338
181.59,0.00141817344680566
181.6,0.00141380459858217
181.61,0.00140945596084292
181.62,0.00140512736407088
181.63,0.00140081864053289
181.64,0.00139652962425625
181.65,0.00139226015100504
181.66,0.00138801005825654
181.67,0.00138377918554078
181.68,0.00137956737577622
181.69,0.00137537447037807
181.7,0.00137120031377654
181.71,0.00136704475204003
181.72,0.00136290763285381
181.73,0.00135878880549874
181.74,0.00135468812083011
181.75,0.00135060543131954
181.76,0.00134654059318744
181.77,0.00134249346076513
181.78,0.00133846389129312
181.79,0.00133445174351864
181.8,0.00133045687767651
181.81,0.00132647915547006
181.82,0.00132251844005185
181.83,0.0013185745960046
181.84,0.00131464749046444
181.85,0.00131073699042976
181.86,0.00130684296471915
181.87,0.00130296528362825
181.88,0.00129910381880934
181.89,0.00129525844325345
181.9,0.00129142903127238
181.91,0.00128761545848068
181.92,0.00128381760293815
181.93,0.00128003534271824
181.94,0.0012762685571491
181.95,0.00127251712710039
181.96,0.00126878093468206
181.97,0.0012650598632278
181.98,0.00126135379727846
181.99,0.00125766262256561
182,0.00125398622721405
182.01,0.00125032449964274
182.02,0.00124667732874216
182.03,0.00124304460513266
182.04,0.00123942622057865
182.05,0.00123582206797384
182.06,0.00123223204132676
182.07,0.001228656035746
182.08,0.00122509394796915
182.09,0.00122154567573453
182.1,0.00121801111706913
182.11,0.00121449017150503
182.12,0.00121098273962244
182.13,0.00120748872303609
182.14,0.0012040080243818
182.15,0.00120054054730296
182.16,0.00119708619667052
182.17,0.00119364487853983
182.18,0.00119021649924505
182.19,0.00118680096642222
182.2,0.00118339818865934
182.21,0.00118000807548359
182.22,0.00117663053734842
182.23,0.00117326548562062
182.24,0.00116991283256759
182.25,0.00116657249309316
182.26,0.00116324438035193
182.27,0.00115992840944519
182.28,0.00115662449634996
182.29,0.00115333255790726
182.3,0.00115005251181064
182.31,0.00114678427659478
182.32,0.00114352777162396
182.33,0.00114028291809733
182.34,0.00113704963719828
182.35,0.00113382785047801
182.36,0.00113061748072503
182.37,0.00112741845152681
182.38,0.0011242306872596
182.39,0.00112105411307839
182.4,0.00111788865490683
182.41,0.00111473423954044
182.42,0.0011115907946914
182.43,0.00110845824837229
182.44,0.00110533652953606
182.45,0.0011022255678607
182.46,0.00109912529373956
182.47,0.00109603563827159
182.48,0.00109295653325164
182.49,0.00108988791116077
182.5,0.00108682970588816
182.51,0.00108378185094184
182.52,0.00108074428086534
182.53,0.00107771693089188
182.54,0.00107469973690459
182.55,0.00107169263542741
182.56,0.00106869556361609
182.57,0.00106570845924897
182.58,0.00106273126172796
182.59,0.0010597639104094
182.6,0.00105680634456929
182.61,0.00105385850462437
182.62,0.00105092033159749
182.63,0.00104799176710993
182.64,0.00104507275337388
182.65,0.0010421632331848
182.66,0.00103926315007291
182.67,0.00103637244850915
182.68,0.00103349107270518
182.69,0.00103061896780803
182.7,0.00102775607952167
182.71,0.00102490235410009
182.72,0.00102205773834031
182.73,0.00101922217957541
182.74,0.00101639562566755
182.75,0.00101357802470022
182.76,0.00101076932568666
182.77,0.00100796947802383
182.78,0.00100517843157854
182.79,0.00100239613670694
182.8,0.00099962254424736
182.81,0.000996857605513138
182.82,0.000994101272285286
182.83,0.000991353497018152
182.84,0.000988614233507589
182.85,0.000985883434284345
182.86,0.000983161053087636
182.87,0.000980447044107463
182.88,0.000977741361978285
182.89,0.000975043961772832
182.9,0.00097235479899585
182.91,0.000969673829577857
182.92,0.000967001010866644
182.93,0.000964336300566924
182.94,0.000961679655192324
182.95,0.000959031032596838
182.96,0.000956390391062283
182.97,0.000953757689293704
182.98,0.000951132886414793
182.99,0.000948515941963375
183,0.000945906815886743
183.01,0.00094330546727914
183.02,0.0009407118568201
183.03,0.000938125945679877
183.04,0.000935547695054833
183.05,0.000932977066479797
183.06,0.000930414021820655
183.07,0.000927858523266806
183.08,0.000925310535336975
183.09,0.000922770020798494
183.1,0.000920236942798587
183.11,0.000917711265268222
183.12,0.000915192952497719
183.13,0.00091268196913357
183.14,0.000910178280175407
183.15,0.00090768185135841
183.16,0.000905192648348698
183.17,0.000902710637237605
183.18,0.000900235784551507
183.19,0.000897768057186327
183.2,0.000895307422407451
183.21,0.000892853845217447
183.22,0.000890407293868493
183.23,0.000887967736701585
183.24,0.000885535141924633
183.25,0.000883109478067698
183.26,0.000880690713983042
183.27,0.000878278817451724
183.28,0.000875873758087548
183.29,0.000873475505697809
183.3,0.000871084030138074
183.31,0.000868699301560909
183.32,0.000866321290415801
183.33,0.000863949967917203
183.34,0.000861585305073946
183.35,0.000859227273228292
183.36,0.000856875844114113
183.37,0.000854530989770818
183.38,0.000852192682543274
183.39,0.000849860893827564
183.4,0.000847535596659374
183.41,0.000845216764300457
183.42,0.000842904370057119
183.43,0.0008405983875181
183.44,0.00083829879055463
183.45,0.000836005551259858
183.46,0.000833718644179542
183.47,0.000831438044041844
183.48,0.000829163725416684
183.49,0.000826895663118316
183.5,0.000824633832205254
183.51,0.000822378207539786
183.52,0.000820128764687839
183.53,0.000817885479444841
183.54,0.000815648327753696
183.55,0.000813417285793377
183.56,0.000811192329978977
183.57,0.000808973435996182
183.58,0.000806760580815747
183.59,0.000804553741606095
183.6,0.000802352895552913
183.61,0.00080015802006356
183.62,0.000797969092767125
183.63,0.000795786091387687
183.64,0.000793608993575698
183.65,0.000791437777829397
183.66,0.000789272422588416
183.67,0.000787112906507475
183.68,0.000784959208456373
183.69,0.000782811307520037
183.7,0.00078066918176548
183.71,0.000778532810671938
183.72,0.0007764021740931
183.73,0.00077427725173508
183.74,0.000772158023499224
183.75,0.000770044469482036
183.76,0.000767936569598874
183.77,0.000765834302620055
183.78,0.000763737650045053
183.79,0.000761646592467318
183.8,0.000759561110650788
183.81,0.000757481185529938
183.82,0.00075540679820971
183.83,0.000753337929818537
183.84,0.000751274561778633
183.85,0.000749216675730169
183.86,0.000747164253429208
183.87,0.000745117276799768
183.88,0.000743075727933754
183.89,0.000741039589082507
183.9,0.000739008842617923
183.91,0.000736983471161926
183.92,0.000734963457469584
183.93,0.000732948784463126
183.94,0.000730939435231992
183.95,0.000728935393032763
183.96,0.000726936640093498
183.97,0.00072494315962883
183.98,0.000722954935674137
183.99,0.000720971951881181
184,0.000718994192045919
184.01,0.000717021640108542
184.02,0.000715054279996875
184.03,0.000713092094298571
184.04,0.00071113506814857
184.05,0.000709183185830578
184.06,0.000707236431752077
184.07,0.00070529479044426
184.08,0.000703358246562074
184.09,0.000701426785088636
184.1,0.000699500391063085
184.11,0.000697579049476247
184.12,0.000695662745554943
184.13,0.00069375146465732
184.14,0.000691845192361701
184.15,0.000689943914645466
184.16,0.000688047617143869
184.17,0.000686156285827187
184.18,0.000684269906805933
184.19,0.000682388466330903
184.2,0.000680511948749207
184.21,0.000678640340970837
184.22,0.000676773629409172
184.23,0.000674911800413121
184.24,0.000673054840427419
184.25,0.000671202736213021
184.26,0.000669355474572043
184.27,0.000667513042192102
184.28,0.000665675425987253
184.29,0.000663842612975899
184.3,0.000662014590284876
184.31,0.000660191345159796
184.32,0.000658372864926008
184.33,0.000656559137023678
184.34,0.000654750148997773
184.35,0.000652945888498053
184.36,0.00065114634310482
184.37,0.000649351500703698
184.38,0.000647561349238975
184.39,0.000645775876739103
184.4,0.000643995071333435
184.41,0.000642218921056283
184.42,0.000640447414073914
184.43,0.000638680538863963
184.44,0.000636918283879719
184.45,0.000635160637667413
184.46,0.000633407588846664
184.47,0.000631659126040061
184.48,0.000629915238092753
184.49,0.000628175913888975
184.5,0.000626441142401849
184.51,0.000624710912684064
184.52,0.000622985213884046
184.53,0.000621264035240396
184.54,0.000619547366078185
184.55,0.000617835195790345
184.56,0.000616127513815314
184.57,0.000614424309753617
184.58,0.000612725573261663
184.59,0.000611031294081685
184.6,0.000609341461960142
184.61,0.000607656066808777
184.62,0.000605975098611295
184.63,0.000604298547425392
184.64,0.000602626403391902
184.65,0.000600958656734734
184.66,0.00059929529775975
184.67,0.00059763631685594
184.68,0.000595981704495067
184.69,0.000594331451262508
184.7,0.000592685547790462
184.71,0.000591043984806522
184.72,0.000589406753122687
184.73,0.000587773843616645
184.74,0.000586145247247346
184.75,0.000584520955079162
184.76,0.000582900958248117
184.77,0.0005812852479702
184.78,0.000579673815503017
184.79,0.000578066652238896
184.8,0.000576463749632065
184.81,0.000574865099217848
184.82,0.000573270692674425
184.83,0.000571680521754726
184.84,0.000570094578254672
184.85,0.00056851285407927
184.86,0.000566935341142486
184.87,0.000565362031524925
184.88,0.000563792917364611
184.89,0.000562227990884317
184.9,0.000560667244395722
184.91,0.000559110670284956
184.92,0.000557558261024906
184.93,0.000556010009284412
184.94,0.000554465907782917
184.95,0.000552925949276963
184.96,0.000551390126650464
184.97,0.000549858432967007
184.98,0.000548330861291331
184.99,0.000546807404818074
185,0.000545288056819128
185.01,0.000543772810632473
185.02,0.000542261659743017
185.03,0.000540754597710073
185.04,0.000539251618226736
185.05,0.000537752715062339
185.06,0.000536257882071235
185.07,0.000534767113227749
185.08,0.000533280402827826
185.09,0.000531797745018826
185.1,0.000530319134144981
185.11,0.000528844564773573
185.12,0.000527374031701149
185.13,0.000525907529625949
185.14,0.000524445053462138
185.15,0.000522986597848636
185.16,0.000521532157692242
185.17,0.000520081728062864
185.18,0.0005186353046054
185.19,0.000517192882797935
185.2,0.000515754458191355
185.21,0.000514320026891504
185.22,0.000512889584971768
185.23,0.000511463128671778
185.24,0.00051004065405472
185.25,0.000508622157598859
185.26,0.000507207635910663
185.27,0.000505797085565829
185.28,0.000504390503372802
185.29,0.000502987886251748
185.3,0.000501589231841172
185.31,0.0005001945374663
185.32,0.000498803800736011
185.33,0.000497417019881462
185.34,0.0004960341929866
185.35,0.00049465531845225
185.36,0.000493280394645386
185.37,0.000491909420377355
185.38,0.000490542394582868
185.39,0.000489179316339203
185.4,0.000487820184970516
185.41,0.000486465000014619
185.42,0.000485113762067828
185.43,0.000483766471169128
185.44,0.000482423127867679
185.45,0.000481083732694225
185.46,0.000479748286711478
185.47,0.000478416791193331
185.48,0.000477089248248008
185.49,0.000475765659704634
185.5,0.000474446027897181
185.51,0.000473130355616704
185.52,0.000471818645820969
185.53,0.000470510901834209
185.54,0.000469207127282403
185.55,0.000467907326124779
185.56,0.000466611503507673
185.57,0.000465319665007018
185.58,0.000464031816299747
185.59,0.000462747963556182
185.6,0.000461468113589041
185.61,0.000460192272649432
185.62,0.000458920447580342
185.63,0.000457652646097144
185.64,0.000456388877272618
185.65,0.000455129149614856
185.66,0.000453873473244138
185.67,0.000452621858556711
185.68,0.000451374316514247
185.69,0.000450130858704675
185.7,0.000448891497426233
185.71,0.000447656245507951
185.72,0.000446425116445329
185.73,0.000445198124495712
185.74,0.000443975284776468
185.75,0.000442756612839294
185.76,0.00044154212665495
185.77,0.0004403318437756
185.78,0.000439125783038414
185.79,0.000437923964205288
185.8,0.000436726407912357
185.81,0.000435533135935026
185.82,0.000434344170833053
185.83,0.000433159535927467
185.84,0.000431979255049719
185.85,0.000430803353307189
185.86,0.000429631858727822
185.87,0.000428464799352812
185.88,0.000427302204669965
185.89,0.000426144106490328
185.9,0.000424990537101098
185.91,0.000423841530243017
185.92,0.000422697121080241
185.93,0.000421557346241176
185.94,0.000420422244127375
185.95,0.000419291854144547
185.96,0.000418166218044766
185.97,0.000417045379224737
185.98,0.000415929382251249
185.99,0.000414818274730767
186,0.000413712104993858
186.01,0.000412610923823437
186.02,0.000411514784175794
186.03,0.000410423740399924
186.04,0.000409337849894182
186.05,0.000408257171356732
186.06,0.000407181766014613
186.07,0.000406111697969993
186.08,0.000405047032625701
186.09,0.000403987838740864
186.1,0.000402934187261015
186.11,0.000401886151139227
186.12,0.000400843807204157
186.13,0.000399807233627177
186.14,0.000398776511818562
186.15,0.000397751726534888
186.16,0.000396732964303289
186.17,0.000395720315506269
186.18,0.000394713873164471
186.19,0.000393713732839485
186.2,0.000392719994392222
186.21,0.000391732759548671
186.22,0.000390752133730884
186.23,0.000389778226103164
186.24,0.000388811148152463
186.25,0.000387851015416669
186.26,0.000386897946745962
186.27,0.000385952064212914
186.28,0.000385013493587819
186.29,0.000384082364140403
186.3,0.000383158808745848
186.31,0.000382242963839981
186.32,0.000381334969646864
186.33,0.00038043496998295
186.34,0.00037954311239836
186.35,0.000378659548274649
186.36,0.000377784432702014
186.37,0.000376917924656257
186.38,0.000376060186958517
186.39,0.00037521138632258
186.4,0.0003743716933938
186.41,0.000373541282753535
186.42,0.000372720332961649
186.43,0.000371909026610079
186.44,0.000371107550215373
186.45,0.000370316094427584
186.46,0.000369534853951721
186.47,0.000368764027504824
186.48,0.000368003817985833
186.49,0.000367254432403272
186.5,0.000366516081902102
186.51,0.000365788981818152
186.52,0.000365073351682716
186.53,0.000364369415262015
186.54,0.000363677400554226
186.55,0.0003629975398465
186.56,0.000362330069755293
186.57,0.000361675231190871
186.58,0.000361033269469669
186.59,0.000360404434341994
186.6,0.000359788979932185
186.61,0.000359187164923765
186.62,0.000358599252541446
186.63,0.000358025510503339
186.64,0.000357466211302377
186.65,0.000356921632023248
186.66,0.000356392054391391
186.67,0.000355877764917574
186.68,0.00035537905570374
186.69,0.000354896222943796
186.7,0.000354429568063437
186.71,0.000353979397770961
186.72,0.000353546024505064
186.73,0.000353129765150662
186.74,0.00035273094221349
186.75,0.000352349884176601
186.76,0.000351986925050762
186.77,0.000351642404135505
186.78,0.000351316666684045
186.79,0.000351010065128046
186.8,0.000350722956821212
186.81,0.000350455705617098
186.82,0.000350208682050246
186.83,0.000349982264397342
186.84,0.000349776836229441
186.85,0.000349592788535983
186.86,0.00034943052025131
186.87,0.000349290437970922
186.88,0.00034917295488013
186.89,0.0003490784923368
186.9,0.000349007481604795
186.91,0.000348960360658512
186.92,0.000348937576083242
186.93,0.00034893958338906
186.94,0.000348966849558098
186.95,0.000349019849489808
186.96,0.000349099067233824
186.97,0.000349204997252961
186.98,0.000349338146978836
186.99,0.00034949903376396
187,0.000349688184591609
187.01,0.000349906138702747
187.02,0.000350153449283161
187.03,0.000350430682006084
187.04,0.000350738413167821
187.05,0.000351077233152483
187.06,0.0003514477477815
187.07,0.000351850578161053
187.08,0.000352286356985589
187.09,0.000352755733256311
187.1,0.000353259373298259
187.11,0.000353797962159389
187.12,0.000354372197278234
187.13,0.000354982795144058
187.14,0.000355630491572685
187.15,0.000356316044902058
187.16,0.000357040227190775
187.17,0.000357803832544473
187.18,0.000358607676738098
187.19,0.000359452602373226
187.2,0.000360339466997728
187.21,0.000361269153683234
187.22,0.000362242569024435
187.23,0.00036326065311638
187.24,0.000364324362420446
187.25,0.000365434681866158
187.26,0.000366592623910931
187.27,0.00036779923545568
187.28,0.000369055590968591
187.29,0.000370362791020972
187.3,0.000371721969579164
187.31,0.000373134296077092
187.32,0.000374600978942335
187.33,0.000376123251637469
187.34,0.000377702387032289
187.35,0.000379339695392848
187.36,0.000381036537306845
187.37,0.000382794298334847
187.38,0.000384614409911729
187.39,0.000386498345364475
187.4,0.000388447632678789
187.41,0.000390463836650331
187.42,0.000392548567654034
187.43,0.00039470348572054
187.44,0.00039693030714379
187.45,0.000399230801863764
187.46,0.000401606783443806
187.47,0.000404060123992671
187.48,0.000406592754649304
187.49,0.000409206676466866
187.5,0.000411903933326255
187.51,0.0004146866370461
187.52,0.000417556962605231
187.53,0.000420517166168813
187.54,0.000423569560351014
187.55,0.000426716524856689
187.56,0.000429960513943307
187.57,0.00043330405899573
187.58,0.000436749776082925
187.59,0.00044030034474217
187.6,0.000443958529898788
187.61,0.000447727178241832
187.62,0.000451609238013645
187.63,0.000455607729273959
187.64,0.000459725762033473
187.65,0.000463966539786092
187.66,0.000468333363027206
187.67,0.000472829633251563
187.68,0.000477458841030841
187.69,0.000482224581320957
187.7,0.000487130551918948
187.71,0.000492180553769348
187.72,0.000497378496715406
187.73,0.000502728399411985
187.74,0.000508234391755696
187.75,0.000513900712162252
187.76,0.000519731710300887
187.77,0.000525731861916064
187.78,0.000531905757673821
187.79,0.000538258109084016
187.8,0.000544793714344515
187.81,0.000551517534080403
187.82,0.000558434640109478
187.83,0.000565550229502689
187.84,0.000572869595616452
187.85,0.000580398148174083
187.86,0.000588141463295582
187.87,0.000596105225113126
187.88,0.000604295241204836
187.89,0.000612717333757807
187.9,0.000621377579435674
187.91,0.000630282129699082
187.92,0.00063943725720477
187.93,0.000648849267623189
187.94,0.000658524583686672
187.95,0.000668469815778094
187.96,0.000678691641277646
187.97,0.000689196827269056
187.98,0.00069999206784246
187.99,0.000711084320720187
188,0.000722480556262965
188.01,0.000734187777080758
188.02,0.000746212996003522
188.03,0.000758563348125782
188.04,0.000771245979210011
188.05,0.000784267982258876
188.06,0.000797636495064455
188.07,0.000811358689050256
188.08,0.000825441707237339
188.09,0.000839892454029826
188.1,0.000854718008509532
188.11,0.000869925314840413
188.12,0.00088552118177521
188.13,0.00090151217055017
188.14,0.000917904908042212
188.15,0.000934705803674279
188.16,0.000951920993461396
188.17,0.000969556417125526
188.18,0.000987617870679095
188.19,0.00100611086978433
188.2,0.00102504049501959
188.21,0.00104441167263992
188.22,0.00106422896988867
188.23,0.00108449657628822
188.24,0.00110521821435554
188.25,0.00112639730097801
188.26,0.00114803678107569
188.27,0.00117013905267933
188.28,0.00119270594005924
188.29,0.00121573881806566
188.3,0.00123923847178332
188.31,0.00126320512137899
188.32,0.00128763830498378
188.33,0.00131253695406946
188.34,0.0013378993821022
188.35,0.00136372314550003
188.36,0.00139000511640929
188.37,0.00141674145524158
188.38,0.00144392753681453
188.39,0.00147155797678014
188.4,0.00149962664565155
188.41,0.00152812654487549
188.42,0.00155704988679586
188.43,0.001586388224828
188.44,0.00161613210329074
188.45,0.00164627129990533
188.46,0.00167679502687621
188.47,0.00170769142627001
188.48,0.00173894791162517
188.49,0.00177055133173375
188.5,0.001802487541918
188.51,0.00183474169246191
188.52,0.00186729837706524
188.53,0.00190014129127763
188.54,0.00193325346854243
188.55,0.00196661752366408
188.56,0.00200021523740495
188.57,0.00203402781035369
188.58,0.00206803608628936
188.59,0.00210222025984401
188.6,0.00213656002693575
188.61,0.00217103490052888
188.62,0.00220562391914617
188.63,0.00224030574290831
188.64,0.00227505889730311
188.65,0.0023098616681886
188.66,0.00234469212756096
188.67,0.00237952823478631
188.68,0.00241434786804983
188.69,0.0024491288776454
188.7,0.00248384912117265
188.71,0.00251848651157373
188.72,0.00255301906048441
188.73,0.00258742498751123
188.74,0.00262168276897498
188.75,0.0026557710714795
188.76,0.00268966887912992
188.77,0.00272335549872233
188.78,0.00275681068471044
188.79,0.00279001456415768
188.8,0.00282294762574239
188.81,0.00285559099115071
188.82,0.00288792622267785
188.83,0.00291993528414861
188.84,0.00295160088325164
188.85,0.00298290624297777
188.86,0.00301383506318849
188.87,0.0030443718238374
188.88,0.00307450159189871
188.89,0.00310420994562357
188.9,0.0031334832908446
188.91,0.00316230866093889
188.92,0.00319067358784985
188.93,0.00321856647963436
188.94,0.00324597638179526
188.95,0.00327289282242189
188.96,0.00329930621124612
188.97,0.00332520758757855
188.98,0.00335058848093155
188.99,0.00337544125107267
189,0.00339975887217602
189.01,0.0034235348343268
189.02,0.00344676335904566
189.03,0.00346943927824615
189.04,0.00349155793441026
189.05,0.00351311531793392
189.06,0.00353410800481335
189.07,0.00355453306006838
189.08,0.003574388120997
189.09,0.00359367137118583
189.1,0.00361238145468219
189.11,0.00363051751672224
189.12,0.00364807919865086
189.13,0.0036650665695496
189.14,0.003681480136455
189.15,0.00369732084458359
189.16,0.00371259002962234
189.17,0.00372728941076354
189.18,0.00374142108471672
189.19,0.00375498749747756
189.2,0.00376799143054179
189.21,0.00378043598374474
189.22,0.00379232456253357
189.23,0.00380366086630779
189.24,0.00381444885522692
189.25,0.00382469275093322
189.26,0.00383439703384147
189.27,0.00384356639007715
189.28,0.0038522057246739
189.29,0.00386032017051981
189.3,0.00386791501590807
189.31,0.00387499572870537
189.32,0.00388156797384532
189.33,0.00388763753125382
189.34,0.00389321032464457
189.35,0.0038982924341046
189.36,0.00390289003716817
189.37,0.00390700941221197
189.38,0.00391065695927864
189.39,0.00391383916090809
189.4,0.00391656256272398
189.41,0.00391883379988884
189.42,0.00392065957587801
189.43,0.00392204662570794
189.44,0.0039230017463276
189.45,0.00392353178991488
189.46,0.00392364361262139
189.47,0.00392334410766005
189.48,0.00392264021127984
189.49,0.00392153884170177
189.5,0.00392004693272718
189.51,0.00391817144869897
189.52,0.00391591931875714
189.53,0.00391329747043418
189.54,0.00391031284475711
189.55,0.00390697234078373
189.56,0.00390328283892469
189.57,0.00389925121207128
189.58,0.00389488429481276
189.59,0.00389018888299011
189.6,0.00388517174961804
189.61,0.0038798396296807
189.62,0.00387419920461631
189.63,0.00386825712058895
189.64,0.00386201998402608
189.65,0.00385549433694938
189.66,0.00384868667608948
189.67,0.00384160345574852
189.68,0.00383425105786274
189.69,0.00382663581076382
189.7,0.00381876399699931
189.71,0.00381064182156853
189.72,0.00380227542977551
189.73,0.00379367091547446
189.74,0.00378483429468855
189.75,0.00377577151789057
189.76,0.00376648847600911
189.77,0.00375699098741733
189.78,0.00374728479725162
189.79,0.00373737558602615
189.8,0.00372726896463811
189.81,0.00371697046604561
189.82,0.00370648555490471
189.83,0.00369581962768287
189.84,0.00368497800032374
189.85,0.00367396591794743
189.86,0.00366278855814564
189.87,0.00365145101686417
189.88,0.00363995831769808
189.89,0.00362831541797456
189.9,0.003616527191596
189.91,0.00360459844025068
189.92,0.0035925338948911
189.93,0.00358033821391214
189.94,0.00356801597594602
189.95,0.00355557168748101
189.96,0.0035430097900329
189.97,0.00353033464227426
189.98,0.00351755053247401
189.99,0.00350466167911348
190,0.00349167222953789
190.01,0.0034785862552506
190.02,0.00346540775773578
190.03,0.00345214067249586
190.04,0.00343878885905977
190.05,0.0034253561084751
190.06,0.00341184614425912
190.07,0.00339826262162275
190.08,0.00338460912496251
190.09,0.00337088917185392
190.1,0.00335710621656554
190.11,0.00334326364269274
190.12,0.00332936476917561
190.13,0.00331541285133923
190.14,0.0033014110804127
190.15,0.00328736258205458
190.16,0.00327327041956355
190.17,0.00325913759597809
190.18,0.00324496705033762
190.19,0.00323076166140443
190.2,0.00321652424845688
190.21,0.00320225757139723
190.22,0.00318796433055219
190.23,0.00317364716857256
190.24,0.0031593086721421
190.25,0.00314495136999287
190.26,0.003130577735523
190.27,0.00311619018774636
190.28,0.00310179109136992
190.29,0.0030873827570445
190.3,0.00307296744291588
190.31,0.0030585473556784
190.32,0.00304412465092835
190.33,0.00302970143318294
190.34,0.00301527975755092
190.35,0.00300086163038806
190.36,0.00298644900998677
190.37,0.00297204380696646
190.38,0.00295764788541807
190.39,0.00294326306339277
190.4,0.00292889111363965
190.41,0.00291453376477307
190.42,0.00290019270161911
190.43,0.00288586956577316
190.44,0.00287156595614831
190.45,0.00285728343089174
190.46,0.00284302350706731
190.47,0.00282878766133486
190.48,0.00281457733020068
190.49,0.00280039391259579
190.5,0.00278623876902536
190.51,0.00277211322239123
190.52,0.00275801855792643
190.53,0.00274395602628061
190.54,0.00272992684229155
190.55,0.00271593218571623
190.56,0.00270197320029809
190.57,0.00268805099944454
190.58,0.00267416666272614
190.59,0.00266032123770512
190.6,0.00264651573946149
190.61,0.00263275114956625
190.62,0.0026190284239523
190.63,0.00260534848713777
190.64,0.00259171223468717
190.65,0.00257812053197191
190.66,0.00256457421410294
190.67,0.00255107409386137
190.68,0.00253762095520396
190.69,0.00252421555594803
190.7,0.00251085862594933
190.71,0.002497550868522
190.72,0.00248429296668889
190.73,0.00247108557744613
190.74,0.00245792933426355
190.75,0.0024448248448066
190.76,0.00243177269387773
190.77,0.00241877344752105
190.78,0.00240582764850845
190.79,0.00239293581852154
190.8,0.0023800984553507
190.81,0.00236731603743474
190.82,0.00235458902586228
190.83,0.00234191786099326
190.84,0.00232930296435325
190.85,0.00231674473518208
190.86,0.00230424355679661
190.87,0.0022917997963875
190.88,0.00227941380274891
190.89,0.00226708590790559
190.9,0.00225481642197825
190.91,0.00224260564388312
190.92,0.00223045385730855
190.93,0.0022183613295355
190.94,0.00220632831302059
190.95,0.00219435504423292
190.96,0.00218244173871788
190.97,0.00217058860897846
190.98,0.00215879584973039
190.99,0.00214706364255797
191,0.00213539215631547
191.01,0.00212378154135174
191.02,0.00211223193864917
191.03,0.00210074348102727
191.04,0.0020893162871965
191.05,0.00207795046459174
191.06,0.00206664610927756
191.07,0.00205540329775428
191.08,0.00204422210810604
191.09,0.00203310260362187
191.1,0.00202204483764256
191.11,0.00201104885388582
191.12,0.00200011468321898
191.13,0.00198924234672777
191.14,0.00197843186165457
191.15,0.00196768323402061
191.16,0.00195699646142409
191.17,0.00194637153333406
191.18,0.00193580842418964
191.19,0.00192530710903003
191.2,0.0019148675530374
191.21,0.00190448971364423
191.22,0.00189417354121355
191.23,0.00188391897714787
191.24,0.00187372595335116
191.25,0.00186359440146685
191.26,0.00185352424409356
191.27,0.0018435153977093
191.28,0.00183356777290848
191.29,0.00182368126925493
191.3,0.00181385578548726
191.31,0.00180409121512899
191.32,0.00179438744538675
191.33,0.00178474435839315
191.34,0.00177516183035995
191.35,0.00176563972861219
191.36,0.0017561779224674
191.37,0.001746776274086
191.38,0.00173743464128794
191.39,0.00172815287773933
191.4,0.00171893082996276
191.41,0.00170976834213512
191.42,0.00170066525641539
191.43,0.00169162141008044
191.44,0.00168263663690513
191.45,0.00167371076702496
191.46,0.00166484362249328
191.47,0.00165603502902896
191.48,0.00164728480670314
191.49,0.00163859277268049
191.5,0.00162995874136796
191.51,0.00162138252346756
191.52,0.0016128639235135
191.53,0.00160440274976052
191.54,0.00159599880554962
191.55,0.00158765189194885
191.56,0.00157936180788387
191.57,0.00157112834849139
191.58,0.00156295130537189
191.59,0.00155483047253641
191.6,0.00154676564021286
191.61,0.00153875659689751
191.62,0.00153080312946841
191.63,0.00152290502103924
191.64,0.00151506205358263
191.65,0.00150727401004592
191.66,0.00149954067070653
191.67,0.00149186181458084
191.68,0.00148423721952272
191.69,0.00147666665973168
191.7,0.00146914991022812
191.71,0.00146168674581021
191.72,0.00145427693957671
191.73,0.00144692026377831
191.74,0.00143961648990399
191.75,0.00143236538573634
191.76,0.00142516672167637
191.77,0.00141802026692452
191.78,0.00141092578976877
191.79,0.00140388305800238
191.8,0.00139689183894976
191.81,0.00138995189631305
191.82,0.00138306299779772
191.83,0.00137622490915125
191.84,0.00136943739585899
191.85,0.00136270022320872
191.86,0.00135601315583753
191.87,0.00134937595578644
191.88,0.00134278838925608
191.89,0.00133625022067575
191.9,0.00132976121449077
191.91,0.00132332113521994
191.92,0.00131692974751308
191.93,0.00131058681408013
191.94,0.00130429209823308
191.95,0.00129804536593587
191.96,0.00129184638200672
191.97,0.00128569491154407
191.98,0.00127959071997528
191.99,0.00127353357310555
192,0.00126752323323862
192.01,0.00126155946783439
192.02,0.0012556420436616
192.03,0.0012497707275457
192.04,0.00124394528679236
192.05,0.00123816548922741
192.06,0.00123243110253618
192.07,0.00122674189289519
192.08,0.00122109763095482
192.09,0.00121549808630114
192.1,0.00120994302913086
192.11,0.00120443223028421
192.12,0.00119896546127802
192.13,0.00119354249283667
192.14,0.00118816309705858
192.15,0.00118282704795096
192.16,0.00117753411947991
192.17,0.00117228408636611
192.18,0.00116707672411231
192.19,0.00116191180903095
192.2,0.00115678911596906
192.21,0.00115170842360332
192.22,0.00114666951048419
192.23,0.00114167215590409
192.24,0.00113671614002595
192.25,0.00113180124390578
192.26,0.00112692724895773
192.27,0.00112209393648784
192.28,0.00111730109094689
192.29,0.00111254849673546
192.3,0.00110783593919207
192.31,0.00110316320461168
192.32,0.0010985300802638
192.33,0.00109393635275128
192.34,0.00108938181096864
192.35,0.00108486624556966
192.36,0.00108038944750999
192.37,0.00107595120876207
192.38,0.00107155132233069
192.39,0.00106718958226872
192.4,0.0010628657836928
192.41,0.00105857972050168
192.42,0.00105433118951443
192.43,0.00105011998959207
192.44,0.00104594591972179
192.45,0.00104180877996499
192.46,0.0010377083714694
192.47,0.00103364449648115
192.48,0.00102961695835672
192.49,0.00102562555925639
192.5,0.00102167010436941
192.51,0.0010177504008938
192.52,0.00101386625620846
192.53,0.00101001747879522
192.54,0.00100620387824733
192.55,0.00100242526527779
192.56,0.000998681451727901
192.57,0.000994972248825459
192.58,0.000991297470411835
192.59,0.000987656932075419
192.6,0.000984050449852116
192.61,0.000980477840897698
192.62,0.000976938923493594
192.63,0.000973433517052479
192.64,0.000969961442124066
192.65,0.000966522519168926
192.66,0.000963116570856349
192.67,0.000959743421388214
192.68,0.000956402895639651
192.69,0.0009530948196164
192.7,0.000949819020458535
192.71,0.000946575326444376
192.72,0.0009433635669943
192.73,0.000940183571630693
192.74,0.000937035171946212
192.75,0.000933918200975064
192.76,0.000930832492509998
192.77,0.00092777788147569
192.78,0.000924754203931015
192.79,0.000921761297071306
192.8,0.000918798999230605
192.81,0.0009158671489248
192.82,0.00091296558667861
192.83,0.000910094154397619
192.84,0.000907252694780775
192.85,0.000904441051650485
192.86,0.000901659069953442
192.87,0.000898906595761526
192.88,0.000896183476272551
192.89,0.000893489558704857
192.9,0.000890824692547769
192.91,0.000888188728615903
192.92,0.000885581518454147
192.93,0.000883002914719996
192.94,0.000880452771183648
192.95,0.000877930942727957
192.96,0.00087543728534853
192.97,0.000872971656153752
192.98,0.000870533913185146
192.99,0.000868123913915181
193,0.000865741519885699
193.01,0.000863386592459398
193.02,0.000861058994090233
193.03,0.000858758588322432
193.04,0.00085648523978952
193.05,0.00085423881421332
193.06,0.00085201917840303
193.07,0.000849826200254159
193.08,0.000847659747897389
193.09,0.000845519690836053
193.1,0.000843405900733426
193.11,0.000841318249640066
193.12,0.0008392566106686
193.13,0.000837220857991781
193.14,0.000835210866840658
193.15,0.000833226513502688
193.16,0.000831267675319865
193.17,0.00082933423068684
193.18,0.000827426058060064
193.19,0.000825543038362574
193.2,0.00082368505311983
193.21,0.000821851984806287
193.22,0.000820043716927913
193.23,0.000818260134019762
193.24,0.000816501121643618
193.25,0.000814766566385515
193.26,0.000813056355853379
193.27,0.000811370378513443
193.28,0.000809708523647622
193.29,0.000808070682157559
193.3,0.000806456745657067
193.31,0.000804866606763564
193.32,0.000803300159095322
193.33,0.0008017572972688
193.34,0.000800237916895941
193.35,0.000798741914581469
193.36,0.000797269187920187
193.37,0.000795819635233875
193.38,0.00079439315610232
193.39,0.000792989651127035
193.4,0.000791609021797642
193.41,0.000790251170576263
193.42,0.000788916000894625
193.43,0.000787603417151173
193.44,0.00078631332470821
193.45,0.00078504562988897
193.46,0.000783800239957598
193.47,0.000782577062985228
193.48,0.000781376008258162
193.49,0.000780196985896905
193.5,0.000779039906966513
193.51,0.000777904683473645
193.52,0.000776791228363579
193.53,0.000775699455517236
193.54,0.000774629279748199
193.55,0.000773580616799733
193.56,0.000772553383304152
193.57,0.000771547496834599
193.58,0.000770562875930105
193.59,0.000769599440016917
193.6,0.000768657109435507
193.61,0.000767735805437571
193.62,0.000766835450183043
193.63,0.000765955966737071
193.64,0.000765097279067027
193.65,0.000764259312039511
193.66,0.000763441991417344
193.67,0.000762645243925783
193.68,0.000761868997131749
193.69,0.000761113179434212
193.7,0.000760377720160688
193.71,0.000759662549520847
193.72,0.000758967598603549
193.73,0.000758292799373876
193.74,0.000757638084670188
193.75,0.000757003388201133
193.76,0.000756388644542705
193.77,0.00075579378913527
193.78,0.000755218758620194
193.79,0.000754663490190951
193.8,0.000754127921736138
193.81,0.00075361199216738
193.82,0.00075311564124997
193.83,0.000752638809600084
193.84,0.000752181438681989
193.85,0.000751743470805239
193.86,0.000751324849121886
193.87,0.000750925517623692
193.88,0.00075054542113932
193.89,0.000750184505844926
193.9,0.0007498427181996
193.91,0.000749520005386663
193.92,0.00074921631561405
193.93,0.00074893159791826
193.94,0.000748665802161803
193.95,0.000748418879030616
193.96,0.000748190780031512
193.97,0.000747981457489608
193.98,0.000747790864545763
193.99,0.000747618955154011
194,0.000747465684680324
194.01,0.000747331008572335
194.02,0.000747214883097201
194.03,0.000747117265499903
194.04,0.000747038113831796
194.05,0.000746977386948282
194.06,0.000746935044506494
194.07,0.000746911046962974
194.08,0.000746905355571349
194.09,0.000746917932380014
194.1,0.000746948740229809
194.11,0.000746997743479487
194.12,0.000747064906309655
194.13,0.000747150193844102
194.14,0.000747253572141511
194.15,0.000747375008048105
194.16,0.000747514469195592
194.17,0.000747671923999122
194.18,0.000747847341655234
194.19,0.000748040692139805
194.2,0.000748251946206002
194.21,0.000748481075382237
194.22,0.000748728052882251
194.23,0.000748992851386345
194.24,0.000749275444693857
194.25,0.000749575807496421
194.26,0.000749893915258416
194.27,0.000750229744215229
194.28,0.00075058327137152
194.29,0.000750954474499487
194.3,0.000751343332137129
194.31,0.000751749823586503
194.32,0.000752173928911999
194.33,0.000752615630920139
194.34,0.000753074909953518
194.35,0.000753551748295144
194.36,0.000754046129130162
194.37,0.000754558036403616
194.38,0.000755087454818928
194.39,0.000755634369836333
194.4,0.000756198767671346
194.41,0.00075678063529321
194.42,0.000757379960423353
194.43,0.000757996731533851
194.44,0.000758630937845862
194.45,0.000759282569328106
194.46,0.000759951616695307
194.47,0.000760638071493262
194.48,0.000761341930258231
194.49,0.000762063182770459
194.5,0.000762801822885738
194.51,0.000763557845210747
194.52,0.00076433124510191
194.53,0.000765122018664248
194.54,0.000765930162750226
194.55,0.000766755674958616
194.56,0.000767598553633321
194.57,0.000768458797862262
194.58,0.000769336407476207
194.59,0.000770231383047628
194.6,0.00077114372588955
194.61,0.000772073438054411
194.62,0.000773020522971034
194.63,0.000773984989102891
194.64,0.000774966836851693
194.65,0.000775966071449432
194.66,0.000776982698878762
194.67,0.000778016725872382
194.68,0.000779068159912429
194.69,0.000780137009229834
194.7,0.000781223282803746
194.71,0.000782326990360886
194.72,0.000783448142374943
194.73,0.00078458675006596
194.74,0.000785742825399695
194.75,0.00078691638108704
194.76,0.000788107430583383
194.77,0.000789315989325208
194.78,0.000790542076492073
194.79,0.000791785704121961
194.8,0.000793046888889801
194.81,0.000794325648229892
194.82,0.000795622000335885
194.83,0.000796935964160704
194.84,0.000798267559416494
194.85,0.000799616806574569
194.86,0.000800983726865363
194.87,0.000802368342278346
194.88,0.000803770675562011
194.89,0.000805190750223794
194.9,0.000806628590530021
194.91,0.000808084221505858
194.92,0.000809557670695697
194.93,0.000811048967785882
194.94,0.000812558136966328
194.95,0.000814085206538657
194.96,0.000815630205580502
194.97,0.000817193163946011
194.98,0.000818774112266341
194.99,0.000820373081950111
195,0.000821990105183946
195.01,0.000823625214932927
195.02,0.000825278444941093
195.03,0.000826949829731923
195.04,0.00082863940460883
195.05,0.00083034720565566
195.06,0.000832073269737134
195.07,0.000833817636890249
195.08,0.000835580347747364
195.09,0.000837361438780924
195.1,0.000839160950233117
195.11,0.000840978923147407
195.12,0.000842815399369542
195.13,0.000844670421548662
195.14,0.000846544033138297
195.15,0.000848436278397429
195.16,0.00085034720239153
195.17,0.000852276850993611
195.18,0.000854225270885276
195.19,0.000856192509557725
195.2,0.000858178615312861
195.21,0.000860183637264292
195.22,0.000862207628623122
195.23,0.000864250641405764
195.24,0.000866312724668086
195.25,0.0008683939310558
195.26,0.000870494314051249
195.27,0.000872613927975076
195.28,0.00087475282798787
195.29,0.00087691107009183
195.3,0.000879088711132425
195.31,0.000881285808800003
195.32,0.000883502421631515
195.33,0.000885738609012127
195.34,0.000887994431176879
195.35,0.000890269949212346
195.36,0.0008925652250583
195.37,0.000894880325800548
195.38,0.000897215315202748
195.39,0.000899570255629604
195.4,0.000901945212749563
195.41,0.00090434025311392
195.42,0.000906755444159124
195.43,0.000909190854209113
195.44,0.000911646552477566
195.45,0.000914122609070305
195.46,0.000916619094987556
195.47,0.000919136082126268
195.48,0.000921673643282453
195.49,0.000924231852153434
195.5,0.000926810783340247
195.51,0.000929410512349904
195.52,0.000932031120918143
195.53,0.000934672685115423
195.54,0.000937335281527192
195.55,0.000940018989625364
195.56,0.000942723889821977
195.57,0.000945450063472294
195.58,0.000948197592877749
195.59,0.00095096656128898
195.6,0.000953757052908827
195.61,0.00095656915289537
195.62,0.000959402947364866
195.63,0.000962258523394859
195.64,0.000965135969027122
195.65,0.000968035373270689
195.66,0.000970956826104859
195.67,0.000973900424995533
195.68,0.00097686625904113
195.69,0.000979854420058214
195.7,0.000982865002276873
195.71,0.000985898100936564
195.72,0.000988953812289883
195.73,0.000992032233606323
195.74,0.000995133463175959
195.75,0.000998257600313298
195.76,0.00100140474536096
195.77,0.00100457499969343
195.78,0.00100776846572084
195.79,0.00101098524689266
195.8,0.00101422544770153
195.81,0.00101748917368689
195.82,0.00102077653938475
195.83,0.00102408764774962
195.84,0.00102742260704445
195.85,0.00103078152740071
195.86,0.00103416452004147
195.87,0.00103757169728577
195.88,0.00104100317255334
195.89,0.00104445906036904
195.9,0.00104793947636739
195.91,0.00105144453729719
195.92,0.00105497436102597
195.93,0.00105852906654462
195.94,0.00106210877397179
195.95,0.00106571360455862
195.96,0.00106934368069315
195.97,0.00107299913205597
195.98,0.00107668007942463
195.99,0.00108038664899765
196,0.00108411896818617
196.01,0.00108787716559913
196.02,0.00109166137104925
196.03,0.00109547171555906
196.04,0.00109930833136688
196.05,0.00110317135193288
196.06,0.00110706091194499
196.07,0.001110977147325
196.08,0.00111492019630871
196.09,0.00111889019812936
196.1,0.00112288729154736
196.11,0.0011269116176502
196.12,0.00113096331880465
196.13,0.00113504253866351
196.14,0.00113914942217219
196.15,0.00114328411557527
196.16,0.00114744676642315
196.17,0.00115163752357867
196.18,0.00115585653722373
196.19,0.00116010395886581
196.2,0.00116437994328581
196.21,0.00116868464361738
196.22,0.00117301821538358
196.23,0.00117738081560802
196.24,0.00118177260268603
196.25,0.001186193736392
196.26,0.00119064437788636
196.27,0.00119512468972269
196.28,0.00119963483585493
196.29,0.00120417498164438
196.3,0.00120874529386694
196.31,0.0012133459414209
196.32,0.00121797709497601
196.33,0.00122263892493529
196.34,0.00122733160404546
196.35,0.00123205530653191
196.36,0.00123681020810737
196.37,0.00124159648598028
196.38,0.00124641431886355
196.39,0.00125126388698305
196.4,0.00125614537279039
196.41,0.00126105895960494
196.42,0.00126600483210629
196.43,0.00127098317678971
196.44,0.00127599418172148
196.45,0.00128103803654839
196.46,0.00128611493250691
196.47,0.00129122506243256
196.48,0.0012963686207693
196.49,0.00130154580427767
196.5,0.00130675681029453
196.51,0.00131200183821588
196.52,0.00131728108910055
196.53,0.00132259476567238
196.54,0.00132794307233008
196.55,0.00133332621515706
196.56,0.00133874440193114
196.57,0.00134419784227311
196.58,0.00134968674779352
196.59,0.00135521133126012
196.6,0.0013607718074414
196.61,0.00136636839286671
196.62,0.00137200130583701
196.63,0.00137767076643602
196.64,0.00138337699673077
196.65,0.00138912022051375
196.66,0.00139490066324669
196.67,0.00140071855232623
196.68,0.00140657411699701
196.69,0.00141246758836312
196.7,0.00141839919939994
196.71,0.0014243691853888
196.72,0.00143037778297625
196.73,0.00143642523070674
196.74,0.00144251176900889
196.75,0.00144863764015807
196.76,0.00145480308872409
196.77,0.00146100836398578
196.78,0.00146725371248675
196.79,0.00147353938451386
196.8,0.00147986563226163
196.81,0.00148623270983204
196.82,0.00149264087479503
196.83,0.00149909038751468
196.84,0.00150558150687463
196.85,0.00151211449535033
196.86,0.00151868961739551
196.87,0.00152530713944203
196.88,0.00153196733320317
196.89,0.00153867046998966
196.9,0.00154541682182827
196.91,0.00155220666397315
196.92,0.00155904027374107
196.93,0.00156591793051138
196.94,0.00157283992090707
196.95,0.00157980652692448
196.96,0.00158681803476237
196.97,0.00159387473302442
196.98,0.00160097691246514
196.99,0.0016081248668804
197,0.00161531889579888
197.01,0.00162255929470752
197.02,0.00162984636387299
197.03,0.00163718040580091
197.04,0.00164456172523592
197.05,0.00165199063144765
197.06,0.00165946743639359
197.07,0.00166699245048495
197.08,0.00167456598837777
197.09,0.00168218836705751
197.1,0.00168985990583897
197.11,0.00169758093049478
197.12,0.00170535176552308
197.13,0.00171317273701975
197.14,0.00172104417464336
197.15,0.00172896641047596
197.16,0.00173693977902306
197.17,0.00174496462329507
197.18,0.00175304128080997
197.19,0.00176117009408089
197.2,0.00176935140842697
197.21,0.00177758557169149
197.22,0.00178587293507464
197.23,0.00179421385727241
197.24,0.00180260869143626
197.25,0.00181105779659606
197.26,0.00181956153441126
197.27,0.00182812026917095
197.28,0.00183673436998256
197.29,0.00184540421062459
197.3,0.00185413016161251
197.31,0.00186291259890475
197.32,0.00187175190119862
197.33,0.00188064844993013
197.34,0.00188960263309235
197.35,0.00189861483983956
197.36,0.00190768545893794
197.37,0.0019168148839948
197.38,0.00192600351146939
197.39,0.00193525174067267
197.4,0.00194455997953083
197.41,0.00195392863282755
197.42,0.00196335810852343
197.43,0.00197284881862364
197.44,0.00198240117810221
197.45,0.0019920156049987
197.46,0.00200169253037098
197.47,0.00201143237324551
197.48,0.00202123556165433
197.49,0.00203110252669909
197.5,0.00204103370255139
197.51,0.00205102952645251
197.52,0.00206109044103706
197.53,0.00207121690062928
197.54,0.00208140934616533
197.55,0.00209166822882734
197.56,0.00210199400300649
197.57,0.0021123871263033
197.58,0.00212284805952745
197.59,0.00213337727210298
197.6,0.00214397523977725
197.61,0.00215464242826055
197.62,0.00216537931312676
197.63,0.00217618637331833
197.64,0.0021870640911461
197.65,0.00219801295228929
197.66,0.00220903345439017
197.67,0.00222012609403052
197.68,0.00223129136398147
197.69,0.00224252976539413
197.7,0.00225384180295079
197.71,0.00226522798486462
197.72,0.00227668882287975
197.73,0.00228822484424463
197.74,0.00229983656690488
197.75,0.00231152451221433
197.76,0.00232328920807385
197.77,0.00233513118607809
197.78,0.00234705098151556
197.79,0.0023590491333686
197.8,0.00237112620026315
197.81,0.00238328272202569
197.82,0.00239551925003033
197.83,0.00240783634014089
197.84,0.00242023455208124
197.85,0.00243271444943534
197.86,0.00244527660160168
197.87,0.00245792159458524
197.88,0.00247064999628657
197.89,0.00248346238775792
197.9,0.00249635935408263
197.91,0.00250934148437515
197.92,0.00252240937178102
197.93,0.00253556361839653
197.94,0.00254880483622627
197.95,0.0025621336247495
197.96,0.00257555059533795
197.97,0.00258905636356894
197.98,0.00260265154922545
197.99,0.0026163367762958
198,0.00263011268115887
198.01,0.00264397990235486
198.02,0.00265793907257415
198.03,0.00267199083477699
198.04,0.00268613583630494
198.05,0.00270037472888089
198.06,0.00271470816860882
198.07,0.00272913682762895
198.08,0.00274366137168765
198.09,0.00275828246824565
198.1,0.0027730007931038
198.11,0.00278781702661917
198.12,0.00280273185370468
198.13,0.00281774596382964
198.14,0.00283286006622313
198.15,0.00284807485465513
198.16,0.00286339103281829
198.17,0.00287880931057224
198.18,0.00289433040250462
198.19,0.00290995502793069
198.2,0.00292568391168024
198.21,0.00294151779457366
198.22,0.00295745740546251
198.23,0.00297350348494367
198.24,0.00298965677869983
198.25,0.00300591803752292
198.26,0.00302228801733656
198.27,0.00303876747934541
198.28,0.00305535719091407
198.29,0.00307205792305451
198.3,0.00308887045266909
198.31,0.0031057955619388
198.32,0.00312283403834879
198.33,0.00313998667471288
198.34,0.00315725426890529
198.35,0.00317463762274663
198.36,0.00319213754587776
198.37,0.00320975485230449
198.38,0.00322749036143158
198.39,0.00324534489808379
198.4,0.00326331929252754
198.41,0.00328141437998691
198.42,0.00329963099953196
198.43,0.00331796999874195
198.44,0.00333643222936581
198.45,0.00335501854862892
198.46,0.00337372981924966
198.47,0.00339256690945646
198.48,0.00341153069238789
198.49,0.00343062204537921
198.5,0.00344984185407737
198.51,0.00346919100842374
198.52,0.00348867040388211
198.53,0.00350828094145124
198.54,0.0035280235276773
198.55,0.00354789907381089
198.56,0.00356790849543996
198.57,0.00358805271666431
198.58,0.00360833266576366
198.59,0.0036287492765432
198.6,0.00364930348834088
198.61,0.00366999624603482
198.62,0.00369082849865488
198.63,0.00371180119953453
198.64,0.00373291531127313
198.65,0.00375417180016427
198.66,0.00377557163795973
198.67,0.00379711580186945
198.68,0.00381880527456171
198.69,0.00384064104184849
198.7,0.00386262409389873
198.71,0.00388475543112088
198.72,0.00390703605682808
198.73,0.00392946697962075
198.74,0.00395204921337556
198.75,0.00397478377723576
198.76,0.00399767169221675
198.77,0.00402071398396961
198.78,0.00404391168896623
198.79,0.00406726584574313
198.8,0.00409077749782585
198.81,0.00411444769370423
198.82,0.00413827748680894
198.83,0.00416226793091324
198.84,0.00418642008498372
198.85,0.00421073501882624
198.86,0.00423521380346454
198.87,0.0042598575144656
198.88,0.0042846672318995
198.89,0.00430964404029782
198.9,0.00433478902201158
198.91,0.00436010326557847
198.92,0.00438558787056687
198.93,0.00441124393639665
198.94,0.00443707256638029
198.95,0.00446307486766069
198.96,0.0044892519511475
198.97,0.00451560492154028
198.98,0.00454213489165762
198.99,0.00456884298546727
199,0.00459573032478684
199.01,0.00462279803438341
199.02,0.00465004724188023
199.03,0.00467747907766317
199.04,0.00470509466180687
199.05,0.00473289512482561
199.06,0.00476088160681839
199.07,0.00478905524400439
199.08,0.00481741717429084
199.09,0.00484596853714297
199.1,0.00487471047345384
199.11,0.00490364410893763
199.12,0.00493277058267817
199.13,0.0049620910406914
199.14,0.00499160662321831
199.15,0.0050213184705617
199.16,0.00505122772291296
199.17,0.00508133552017871
199.18,0.00511164298515115
199.19,0.00514215125111327
199.2,0.0051728614542426
199.21,0.00520377472388844
199.22,0.0052348921869407
199.23,0.00526621496541385
199.24,0.00529774416424434
199.25,0.0053294809050239
199.26,0.00536142629705464
199.27,0.00539358144492991
199.28,0.00542594744819783
199.29,0.00545852539555427
199.3,0.00549131637013517
199.31,0.00552432145285278
199.32,0.00555754171499565
199.33,0.00559097822005017
199.34,0.00562463201656087
199.35,0.00565850415153896
199.36,0.00569259566310907
199.37,0.00572690757460514
199.38,0.00576144087810641
199.39,0.00579619658912285
199.4,0.00583117570186424
199.41,0.00586637918106638
199.42,0.0059018079713524
199.43,0.00593746303505072
199.44,0.00597334531024492
199.45,0.006009455680514
199.46,0.00604579503828915
199.47,0.00608236427438507
199.48,0.00611916425479267
199.49,0.00615619576190366
199.5,0.00619345963291587
199.51,0.00623095666584788
199.52,0.00626868762779265
199.53,0.00630665320970944
199.54,0.00634485415509704
199.55,0.0063832911590761
199.56,0.00642196485963993
199.57,0.00646087584262161
199.58,0.00650002473901539
199.59,0.00653941212440249
199.6,0.00657903851881602
199.61,0.00661890433509426
199.62,0.00665901008218132
199.63,0.00669935618988838
199.64,0.00673994304128846
199.65,0.0067807708480651
199.66,0.0068218399679762
199.67,0.00686315065608577
199.68,0.00690470312990071
199.69,0.0069464973828399
199.7,0.00698853358039201
199.71,0.00703081177499684
199.72,0.00707333197162329
199.73,0.00711609396378899
199.74,0.00715909763960675
199.75,0.00720234283226004
199.76,0.00724582929930781
199.77,0.00728955659965383
199.78,0.00733352430102413
199.79,0.00737773198086643
199.8,0.00742217910936837
199.81,0.0074668649971798
199.82,0.00751178884841374
199.83,0.00755694990741814
199.84,0.00760234727968626
199.85,0.00764797998317181
199.86,0.00769384687304463
199.87,0.00773994678916634
199.88,0.0077862784444767
199.89,0.00783284044778984
199.9,0.00787963128986357
199.91,0.00792664934171767
199.92,0.00797389288234402
199.93,0.00802136006354478
199.94,0.00806904891615747
199.95,0.00811695731455176
199.96,0.0081650830349732
199.97,0.00821342371426026
199.98,0.00826197685000247
199.99,0.0083107397838145
200,0.00835970968651939
200.01,0.00840888362233158
200.02,0.00845825848244461
200.03,0.00850783099874856
200.04,0.00855759769238401
200.05,0.0086075549516804
200.06,0.00865769899047373
200.07,0.00870802583536095
200.08,0.00875853131798605
200.09,0.0088092110492268
200.1,0.00886006048857559
200.11,0.00891107487640134
200.12,0.00896224924635065
200.13,0.00901357839441701
200.14,0.00906505691358963
200.15,0.00911667918032796
200.16,0.0091684393357088
200.17,0.00922033128337714
200.18,0.00927234866228963
200.19,0.00932448489713757
200.2,0.00937673314909879
200.21,0.00942908632211713
200.22,0.00948153704801954
200.23,0.00953407768958496
200.24,0.00958670034473072
200.25,0.00963939682648848
200.26,0.00969215866226232
200.27,0.00974497708954795
200.28,0.00979784304799832
200.29,0.00985074717573315
200.3,0.00990367980345952
200.31,0.00995663095912149
200.32,0.010009590365244
200.33,0.010062547398786
200.34,0.0101154911197277
200.35,0.0101684102561027
200.36,0.0102212932511913
200.37,0.0102741281677134
200.38,0.0103269027243626
200.39,0.0103796043004945
200.4,0.0104322199416897
200.41,0.0104847364112224
200.42,0.0105371400162108
200.43,0.0105894167441153
200.44,0.010641552220904
200.45,0.0106935317934257
200.46,0.0107453404184573
200.47,0.0107969626379608
200.48,0.0108483826593771
200.49,0.010899584326907
200.5,0.010950551310948
200.51,0.0110012666893266
200.52,0.0110517132601962
200.53,0.0111018734595963
200.54,0.0111517294444051
200.55,0.0112012630943454
200.56,0.0112504557630485
200.57,0.0112992885300091
200.58,0.0113477421275877
200.59,0.0113957971645834
200.6,0.0114434337424183
200.61,0.011490631629492
200.62,0.011537370307598
200.63,0.0115836289873299
200.64,0.0116293868114878
200.65,0.0116746223014059
200.66,0.0117193138151349
200.67,0.0117634394311923
200.68,0.0118069771386598
200.69,0.0118499046611324
200.7,0.0118921993152812
200.71,0.0119338382732713
200.72,0.0119747984857428
200.73,0.0120150570845762
200.74,0.0120545905823834
200.75,0.0120933754597096
200.76,0.0121313880487421
200.77,0.0121686046588421
200.78,0.0122050016719913
200.79,0.0122405550248923
200.8,0.0122752407151108
200.81,0.0123090346757156
200.82,0.0123419131165612
200.83,0.0123738520283859
200.84,0.012404827337936
200.85,0.0124348150754217
200.86,0.0124637913674535
200.87,0.0124917328406561
200.88,0.0125186156919231
200.89,0.0125444164556103
200.9,0.0125691118283399
200.91,0.0125926789272174
200.92,0.0126150951560412
200.93,0.0126363378772889
200.94,0.0126563848847152
200.95,0.012675214288914
200.96,0.0126928050332895
200.97,0.0127091359710308
200.98,0.0127241864918979
200.99,0.0127379364829939
201,0.0127503664405224
201.01,0.0127614576860266
201.02,0.0127711916737567
201.03,0.0127795506548581
201.04,0.0127865175363772
201.05,0.0127920761006011
201.06,0.0127962108379404
201.07,0.0127989069396378
201.08,0.012800150482006
201.09,0.012799928468425
201.1,0.0127982287703946
201.11,0.0127950402279694
201.12,0.0127903526701756
201.13,0.0127841569118448
201.14,0.0127764448896927
201.15,0.0127672096266893
201.16,0.0127564452455219
201.17,0.0127441470057487
201.18,0.0127303114430839
201.19,0.0127149363069154
201.2,0.0126980204870971
201.21,0.012679564224254
201.22,0.0126595691265584
201.23,0.0126380381302362
201.24,0.0126149751979113
201.25,0.0125903860372757
201.26,0.0125642776478843
201.27,0.0125366583683824
201.28,0.0125075376272971
201.29,0.0124769267166025
201.3,0.0124448382240619
201.31,0.0124112858653716
201.32,0.0123762846841756
201.33,0.0123398515781537
201.34,0.0123020047025482
201.35,0.0122627633140946
201.36,0.0122221475753969
201.37,0.0121801798803431
201.38,0.0121368836492108
201.39,0.0120922834152148
201.4,0.0120464040834972
201.41,0.0119992730395655
201.42,0.011950918426377
201.43,0.0119013694829404
201.44,0.0118506553790456
201.45,0.0117988077349017
201.46,0.0117458586828044
201.47,0.0116918413212813
201.48,0.0116367884875126
201.49,0.0115807350280238
201.5,0.0115237161930724
201.51,0.0114657679011815
201.52,0.0114069259142748
201.53,0.011347227112677
201.54,0.0112867088702305
201.55,0.0112254088506302
201.56,0.0111633645993874
201.57,0.0111006140474381
201.58,0.0110371955128973
201.59,0.010973147267686
201.6,0.0109085074405493
201.61,0.0108433140482333
201.62,0.0107776051633312
201.63,0.010711418557583
201.64,0.010644791745999
201.65,0.0105777619303873
201.66,0.0105103658361905
201.67,0.0104426397302993
201.68,0.0103746194229171
201.69,0.0103063404629533
201.7,0.0102378372978718
201.71,0.010169143837596
201.72,0.0101002932910818
201.73,0.010031318820757
201.74,0.00996225187773479
201.75,0.00989312335604153
201.76,0.00982396323048902
201.77,0.00975480151856245
201.78,0.00968566625605255
201.79,0.00961658481029611
201.8,0.00954758355233831
201.81,0.00947868883334734
201.82,0.00940992522751806
201.83,0.009341316274945
201.84,0.00927288461121158
201.85,0.00920465256448112
201.86,0.00913664118405813
201.87,0.00906887016020499
201.88,0.00900135838248856
201.89,0.00893412420051363
201.9,0.00886718510366441
201.91,0.00880055706703422
201.92,0.00873425535902879
201.93,0.00866829458410927
201.94,0.00860268880311635
201.95,0.00853745053081892
201.96,0.00847259167798899
201.97,0.00840812340761406
201.98,0.00834405649981832
201.99,0.00828040049542667
202,0.00821716437267915
202.01,0.00815435643401635
202.02,0.00809198428365379
202.03,0.00803005486640186
202.04,0.00796857448751338
202.05,0.00790754882587822
202.06,0.00784698297991749
202.07,0.00778688146844158
202.08,0.00772724838390508
202.09,0.00766808719081594
202.1,0.00760940089880178
202.11,0.00755119209607128
202.12,0.0074934629555646
202.13,0.00743621520403802
202.14,0.00737945019985631
202.15,0.00732316884735617
202.16,0.00726737181208807
202.17,0.00721205940897031
202.18,0.00715723153814391
202.19,0.00710288783804079
202.2,0.00704902771785677
202.21,0.00699565028676703
202.22,0.00694275436190535
202.23,0.00689033858733208
202.24,0.00683840137496355
202.25,0.00678694094368455
202.26,0.00673595533470282
202.27,0.00668544243069518
202.28,0.00663539992878815
202.29,0.00658582533851363
202.3,0.00653671612665253
202.31,0.00648806961726316
202.32,0.00643988287297535
202.33,0.00639215300747617
202.34,0.00634487699288691
202.35,0.00629805168028927
202.36,0.0062516738341515
202.37,0.0062057401830133
202.38,0.00616024737392987
202.39,0.00611519195920977
202.4,0.00607057048580287
202.41,0.00602637944635021
202.42,0.00598261525814793
202.43,0.00593927432581075
202.44,0.00589635304310712
202.45,0.00585384776551202
202.46,0.00581175476796182
202.47,0.0057700703879067
202.48,0.00572879092914206
202.49,0.00568791265074393
202.5,0.00564743181761592
202.51,0.00560734471285152
202.52,0.00556764760773964
202.53,0.00552833674569689
202.54,0.00548940841312246
202.55,0.00545085889426847
202.56,0.00541268446814644
202.57,0.00537488142835658
202.58,0.00533744609640073
202.59,0.00530037480388564
202.6,0.00526366387085135
202.61,0.00522730967029029
202.62,0.00519130858617717
202.63,0.00515565701031054
202.64,0.00512035135492153
202.65,0.0050853880701118
202.66,0.00505076362407093
202.67,0.00501647448805133
202.68,0.0049825171861417
202.69,0.00494888826101704
202.7,0.00491558428416798
202.71,0.00488260182660155
202.72,0.00484993752095112
202.73,0.00481758801860737
202.74,0.00478555000163466
202.75,0.00475382015493785
202.76,0.00472239522087378
202.77,0.00469127196559819
202.78,0.00466044718499631
202.79,0.00462991768792971
202.8,0.00459968032885394
202.81,0.00456973199140472
202.82,0.00454006958829513
202.83,0.00451069005375957
202.84,0.00448159035897453
202.85,0.00445276750678942
202.86,0.00442421852933097
202.87,0.00439594048269186
202.88,0.00436793045668596
202.89,0.0043401855737611
202.9,0.00431270298516232
202.91,0.00428547986638654
202.92,0.00425851342424362
202.93,0.00423180089877228
202.94,0.00420533955755782
202.95,0.00417912669313918
202.96,0.0041531596277693
202.97,0.00412743571650948
202.98,0.00410195234108077
202.99,0.0040767069118356
203,0.00405169686080507
203.01,0.00402691965328009
203.02,0.00400237278298669
203.03,0.00397805376995456
203.04,0.00395396016162169
203.05,0.00393008952531928
203.06,0.00390643946352782
203.07,0.00388300760243996
203.08,0.00385979159435745
203.09,0.00383678911718372
203.1,0.0038139978719775
203.11,0.00379141558880025
203.12,0.00376904002157054
203.13,0.00374686894916021
203.14,0.00372490017482962
203.15,0.00370313152582226
203.16,0.00368156085452826
203.17,0.00366018603692371
203.18,0.00363900497271899
203.19,0.0036180155837787
203.2,0.00359721581512576
203.21,0.00357660363604871
203.22,0.00355617703774094
203.23,0.00353593403374473
203.24,0.00351587266053788
203.25,0.00349599097592149
203.26,0.00347628705920367
203.27,0.00345675901130571
203.28,0.00343740495433599
203.29,0.00341822303036509
203.3,0.00339921140318715
203.31,0.0033803682566806
203.32,0.00336169179482155
203.33,0.00334318024172446
203.34,0.00332483184321117
203.35,0.00330664486192699
203.36,0.00328861758081326
203.37,0.00327074830188452
203.38,0.00325303534637972
203.39,0.00323547705487873
203.4,0.00321807178517494
203.41,0.00320081791379653
203.42,0.00318371383528604
203.43,0.0031667579627729
203.44,0.00314994872714142
203.45,0.00313328457574336
203.46,0.003116763973637
203.47,0.00310038540290905
203.48,0.00308414736276726
203.49,0.00306804836884994
203.5,0.00305208695312073
203.51,0.00303626166382822
203.52,0.00302057106521665
203.53,0.00300501373920739
203.54,0.00298958828175004
203.55,0.00297429330434122
203.56,0.00295912743407151
203.57,0.00294408931315469
203.58,0.00292917760051059
203.59,0.00291439096797624
203.6,0.00289972810251774
203.61,0.00288518770567594
203.62,0.00287076849330613
203.63,0.00285646919698655
203.64,0.00284228856033187
203.65,0.00282822534149649
203.66,0.00281427831229977
203.67,0.00280044625812818
203.68,0.00278672797842046
203.69,0.00277312228483986
203.7,0.00275962800242298
203.71,0.00274624396905814
203.72,0.00273296903571473
203.73,0.00271980206750172
203.74,0.00270674193965082
203.75,0.00269378754061397
203.76,0.00268093777101561
203.77,0.00266819154391776
203.78,0.00265554778508423
203.79,0.00264300543065271
203.8,0.00263056342898842
203.81,0.00261822073997027
203.82,0.00260597633538963
203.83,0.00259382919854778
203.84,0.00258177832274261
203.85,0.00256982271278242
203.86,0.00255796138431175
203.87,0.00254619336366929
203.88,0.00253451768795093
203.89,0.00252293340812346
203.9,0.00251143958050504
203.91,0.0025000352735962
203.92,0.00248871956600964
203.93,0.00247749154633651
203.94,0.00246635031301315
203.95,0.00245529497745246
203.96,0.00244432465805301
203.97,0.00243343848201495
203.98,0.0024226355869496
203.99,0.00241191511981754
204,0.00240127623680582
204.01,0.00239071810438058
204.02,0.00238023989926186
204.03,0.00236984080382591
204.04,0.00235952001079434
204.05,0.00234927672163671
204.06,0.00233911014645722
204.07,0.00232901950389934
204.08,0.0023190040241501
204.09,0.00230906294145175
204.1,0.00229919549996054
204.11,0.00228940095200426
204.12,0.00227967855797609
204.13,0.00227002758622779
204.14,0.00226044731505126
204.15,0.00225093702920909
204.16,0.00224149602017619
204.17,0.0022321235878748
204.18,0.00222281903977599
204.19,0.00221358169080136
204.2,0.00220441086407751
204.21,0.00219530589157692
204.22,0.00218626610920106
204.23,0.00217729086144297
204.24,0.00216837949987276
204.25,0.00215953138304678
204.26,0.00215074587641723
204.27,0.00214202235523923
204.28,0.00213336019742211
204.29,0.00212475878892579
204.3,0.00211621752244489
204.31,0.00210773579719198
204.32,0.00209931301881104
204.33,0.00209094859929132
204.34,0.00208264195986719
204.35,0.0020743925261088
204.36,0.00206619972792099
204.37,0.00205806300270902
204.38,0.00204998179391349
204.39,0.00204195555093132
204.4,0.0020339837290364
204.41,0.0020260657905995
204.42,0.00201820120599366
204.43,0.00201038944605176
204.44,0.00200262998962837
204.45,0.00199492232117891
204.46,0.00198726593068763
204.47,0.00197966031359543
204.48,0.00197210497072767
204.49,0.00196459941183838
204.5,0.00195714314691636
204.51,0.00194973569299318
204.52,0.0019423765723758
204.53,0.00193506531248286
204.54,0.00192780144577745
204.55,0.00192058450970001
204.56,0.00191341404878824
204.57,0.00190628961092953
204.58,0.00189921074771663
204.59,0.00189217701646275
204.6,0.00188518797920862
204.61,0.00187824320266021
204.62,0.00187134225812676
204.63,0.00186448472259595
204.64,0.00185767017920324
204.65,0.0018508982114389
204.66,0.00184416840910914
204.67,0.00183748036641038
204.68,0.00183083368187276
204.69,0.00182422795830392
204.7,0.00181766280273232
204.71,0.00181113782980821
204.72,0.0018046526534067
204.73,0.0017982068933881
204.74,0.00179180017372183
204.75,0.00178543212239812
204.76,0.00177910237137638
204.77,0.00177281055653339
204.78,0.00176655631919927
204.79,0.00176033930330339
204.8,0.00175415915591144
204.81,0.00174801552847496
204.82,0.0017419080761599
204.83,0.00173583645779816
204.84,0.00172980033583894
204.85,0.00172379937669373
204.86,0.00171783325268293
204.87,0.00171190163555401
204.88,0.00170600420223974
204.89,0.00170014063311593
204.9,0.00169431061195686
204.91,0.00168851382589067
204.92,0.00168274996535474
204.93,0.00167701872603496
204.94,0.00167131980546337
204.95,0.00166565290335737
204.96,0.00166001772349464
204.97,0.00165441397281192
204.98,0.00164884136136451
204.99,0.00164329960228591
205,0.00163778841198465
205.01,0.00163230751169436
205.02,0.00162685662260643
205.03,0.0016214354701209
205.04,0.00161604378256297
205.05,0.00161068129114533
205.06,0.00160534772993074
205.07,0.00160004283579417
205.08,0.00159476634961467
205.09,0.00158951801425273
205.1,0.0015842975745164
205.11,0.00157910477850839
205.12,0.00157393937700289
205.13,0.00156880112341051
205.14,0.0015636897737434
205.15,0.00155860508679844
205.16,0.00155354682609933
205.17,0.00154851475416613
205.18,0.00154350863747368
205.19,0.00153852824497974
205.2,0.0015335733480932
205.21,0.00152864372064248
205.22,0.00152373913884389
205.23,0.00151885938243389
205.24,0.00151400423285566
205.25,0.00150917347299163
205.26,0.00150436688864263
205.27,0.00149958426788557
205.28,0.00149482540104439
205.29,0.00149009008066104
205.3,0.00148537810156449
205.31,0.00148068926207291
205.32,0.00147602336051478
205.33,0.00147138019822055
205.34,0.00146675957862056
205.35,0.00146216130721749
205.36,0.00145758519155882
205.37,0.00145303104120939
205.38,0.00144849866789837
205.39,0.00144398788749445
205.4,0.00143949851430508
205.41,0.00143503036603214
205.42,0.00143058326230195
205.43,0.00142615702464015
205.44,0.00142175147644679
205.45,0.0014173664429711
205.46,0.00141300175148809
205.47,0.00140865723339293
205.48,0.00140433271810374
205.49,0.00140002803838742
205.5,0.00139574302878318
205.51,0.00139147752558027
205.52,0.00138723136679558
205.53,0.00138300439215125
205.54,0.00137879644315933
205.55,0.00137460736413458
205.56,0.00137043699917152
205.57,0.00136628519477481
205.58,0.00136215179906665
205.59,0.00135803666176574
205.6,0.00135393963416623
205.61,0.00134986056911663
205.62,0.00134579932111362
205.63,0.00134175574730446
205.64,0.00133772970446284
205.65,0.00133372105163186
205.66,0.00132972964932824
205.67,0.00132575535952262
205.68,0.00132179804561984
205.69,0.00131785757243935
205.7,0.00131393380642212
205.71,0.00131002661748339
205.72,0.00130613587343089
205.73,0.0013022614448958
205.74,0.00129840320387113
205.75,0.00129456102369437
205.76,0.00129073477903044
205.77,0.00128692434585449
205.78,0.00128312960158253
205.79,0.00127935042618572
205.8,0.00127558669876825
205.81,0.00127183830059145
205.82,0.0012681051141692
205.83,0.00126438702325243
205.84,0.00126068391281348
205.85,0.00125699566903048
205.86,0.00125332217928381
205.87,0.00124966333222524
205.88,0.00124601901750097
205.89,0.00124238912597187
205.9,0.00123877354962852
205.91,0.00123517218157571
205.92,0.00123158491601697
205.93,0.001228011648239
205.94,0.00122445227459629
205.95,0.00122090669407808
205.96,0.00121737480474585
205.97,0.00121385650605405
205.98,0.00121035169873852
205.99,0.00120686028455726
206,0.00120338216627643
206.01,0.00119991724765655
206.02,0.00119646543343867
206.03,0.00119302663085774
206.04,0.00118960074741382
206.05,0.00118618769009255
206.06,0.00118278736782019
206.07,0.00117939969048329
206.08,0.00117602456891749
206.09,0.00117266191489619
206.1,0.00116931164111928
206.11,0.00116597366116052
206.12,0.00116264788941461
206.13,0.00115933424136031
206.14,0.00115603263326736
206.15,0.00115274298227265
206.16,0.00114946520636874
206.17,0.00114619922439249
206.18,0.00114294495601352
206.19,0.00113970232172293
206.2,0.00113647124221363
206.21,0.00113325163987391
206.22,0.00113004343752278
206.23,0.00112684655873723
206.24,0.00112366092784836
206.25,0.00112048646992931
206.26,0.00111732311078335
206.27,0.00111417077693191
206.28,0.00111102939873806
206.29,0.00110789890429606
206.3,0.00110477922172488
206.31,0.00110167028093674
206.32,0.00109857201257944
206.33,0.00109548434802844
206.34,0.00109240721937889
206.35,0.00108934055943773
206.36,0.00108628430133945
206.37,0.0010832383788013
206.38,0.00108020272700971
206.39,0.00107717728140589
206.4,0.00107416197808662
206.41,0.00107115675379542
206.42,0.00106816154591373
206.43,0.00106517629245207
206.44,0.00106220093216248
206.45,0.00105923540531072
206.46,0.00105627965135683
206.47,0.0010533336109606
206.48,0.00105039722540045
206.49,0.00104747043656682
206.5,0.00104455318695549
206.51,0.00104164541907331
206.52,0.00103874707572748
206.53,0.00103585810150553
206.54,0.00103297844093451
206.55,0.00103010803906537
206.56,0.00102724684146342
206.57,0.00102439479419848
206.58,0.00102155184571315
206.59,0.00101871794340821
206.6,0.00101589303474193
206.61,0.00101307706829343
206.62,0.00101026999318339
206.63,0.00100747175906958
206.64,0.00100468231614255
206.65,0.00100190161352686
206.66,0.000999129603295928
206.67,0.000996366237133179
206.68,0.00099361146724918
206.69,0.000990865246389561
206.7,0.000988127527834911
206.71,0.000985398262347167
206.72,0.00098267740350996
206.73,0.000979964906751806
206.74,0.000977260726785669
206.75,0.000974564818798785
206.76,0.000971877138452729
206.77,0.000969197642481317
206.78,0.000966526288885413
206.79,0.000963863034094502
206.8,0.000961207835967541
206.81,0.000958560652864346
206.82,0.000955921443645509
206.83,0.000953290167672452
206.84,0.000950666779092184
206.85,0.000948051240691338
206.86,0.000945443512620453
206.87,0.000942843555412615
206.88,0.000940251330032334
206.89,0.000937666797875596
206.9,0.000935089916618217
206.91,0.000932520647413365
206.92,0.000929958953717568
206.93,0.000927404797682369
206.94,0.000924858141807577
206.95,0.000922318948941182
206.96,0.000919787184249289
206.97,0.000917262815981672
206.98,0.000914745805818356
206.99,0.000912236119005217
207,0.000909733721225076
207.01,0.000907238578597757
207.02,0.000904750657680074
207.03,0.000902269916060335
207.04,0.000899796325226228
207.05,0.000897329851961257
207.06,0.000894870463261476
207.07,0.000892418126452927
207.08,0.000889972809191695
207.09,0.000887534479538812
207.1,0.000885103105882404
207.11,0.000882678656829363
207.12,0.000880261101379142
207.13,0.00087785040886316
207.14,0.000875446548944859
207.15,0.00087304949161969
207.16,0.000870659204284873
207.17,0.000868275658853489
207.18,0.000865898825983988
207.19,0.00086352867659091
207.2,0.00086116518188733
207.21,0.000858808313384915
207.22,0.000856458041312384
207.23,0.0008541143362361
207.24,0.00085177717140289
207.25,0.000849446519025632
207.26,0.000847122351573766
207.27,0.000844804641773279
207.28,0.000842493362606707
207.29,0.000840188491393274
207.3,0.000837889999897439
207.31,0.000835597862328407
207.32,0.000833312053266089
207.33,0.000831032547593661
207.34,0.000828759320497547
207.35,0.000826492344425923
207.36,0.000824231592160956
207.37,0.000821977041433398
207.38,0.000819728667688885
207.39,0.000817486446594996
207.4,0.000815250354041249
207.41,0.000813020366139096
207.42,0.000810796460394311
207.43,0.000808578612842808
207.44,0.000806366800379463
207.45,0.000804161000155053
207.46,0.000801961189554289
207.47,0.000799767346195801
207.48,0.000797579447353533
207.49,0.000795397468289512
207.5,0.000793221388736536
207.51,0.000791051186820244
207.52,0.000788886840864069
207.53,0.000786728329389244
207.54,0.000784575631114797
207.55,0.000782428725291904
207.56,0.000780287591493731
207.57,0.00077815220877518
207.58,0.000776022556758769
207.59,0.000773898615274105
207.6,0.000771780364357884
207.61,0.000769667784253878
207.62,0.000767560853424266
207.63,0.000765459551959924
207.64,0.000763363861224542
207.65,0.000761273761869618
207.66,0.000759189234719554
207.67,0.000757110260771654
207.68,0.000755036821196112
207.69,0.000752968897608595
207.7,0.000750906471458209
207.71,0.000748849524435129
207.72,0.000746798038442443
207.73,0.000744751995559425
207.74,0.000742711378041585
207.75,0.000740676168160298
207.76,0.000738646345838614
207.77,0.000736621895155827
207.78,0.000734602798733268
207.79,0.000732589039339602
207.8,0.00073058059989081
207.81,0.000728577463450242
207.82,0.000726579613344563
207.83,0.000724587033279498
207.84,0.000722599706631276
207.85,0.000720617617136212
207.86,0.0007186407486861
207.87,0.000716669085328259
207.88,0.00071470261049136
207.89,0.000712741308235196
207.9,0.000710785163173121
207.91,0.000708834159742698
207.92,0.000706888282515141
207.93,0.000704947516193711
207.94,0.000703011844268651
207.95,0.00070108125221492
207.96,0.00069915572491767
207.97,0.000697235247373564
207.98,0.000695319804690764
207.99,0.000693409382291886
208,0.000691503965930625
208.01,0.000689603540893569
208.02,0.000687708092851127
208.03,0.000685817607596476
208.04,0.000683932071045562
208.05,0.000682051469803547
208.06,0.000680175790133116
208.07,0.000678305018290406
208.08,0.000676439140833334
208.09,0.00067457814445671
208.1,0.000672722015882866
208.11,0.000670870740177549
208.12,0.000669024305156049
208.13,0.00066718269772488
208.14,0.000665345904893996
208.15,0.000663513913776784
208.16,0.000661686711042031
208.17,0.000659864283207758
208.18,0.000658046617991845
208.19,0.000656233702662427
208.2,0.000654425524566161
208.21,0.000652622071128219
208.22,0.000650823330721352
208.23,0.000649029291061247
208.24,0.000647239939911118
208.25,0.00064545526530931
208.26,0.000643675255451013
208.27,0.000641899899279604
208.28,0.000640129184998518
208.29,0.000638363101258759
208.3,0.000636601636841631
208.31,0.000634844779990223
208.32,0.000633092518398227
208.33,0.000631344841485472
208.34,0.000629601738045674
208.35,0.000627863196945915
208.36,0.000626129206719724
208.37,0.000624399756220334
208.38,0.000622674834513318
208.39,0.000620954430597593
208.4,0.000619238533527947
208.41,0.000617527134462714
208.42,0.000615820222059367
208.43,0.000614117786008476
208.44,0.0006124198161148
208.45,0.000610726302044805
208.46,0.000609037233048234
208.47,0.000607352599425584
208.48,0.000605672391173721
208.49,0.000603996598372093
208.5,0.00060232521132896
208.51,0.000600658220392158
208.52,0.000598995615884428
208.53,0.000597337388283616
208.54,0.000595683528157572
208.55,0.000594034025581902
208.56,0.000592388871364068
208.57,0.000590748056232518
208.58,0.000589111570947128
208.59,0.000587479406359144
208.6,0.000585851553482546
208.61,0.000584228003288317
208.62,0.000582608746868428
208.63,0.000580993775566298
208.64,0.000579383081084568
208.65,0.000577776654752411
208.66,0.000576174488188483
208.67,0.00057457657293575
208.68,0.00057298290057886
208.69,0.000571393463026978
208.7,0.000569808252172583
208.71,0.000568227259573571
208.72,0.000566650477016122
208.73,0.000565077896555119
208.74,0.000563509510173271
208.75,0.000561945310351415
208.76,0.000560385289282218
208.77,0.000558829439238914
208.78,0.00055727775263229
208.79,0.000555730222943975
208.8,0.000554186842672308
208.81,0.000552647604793735
208.82,0.000551112502373008
208.83,0.000549581528217367
208.84,0.000548054675719893
208.85,0.000546531938211838
208.86,0.000545013308885091
208.87,0.000543498780399336
208.88,0.000541988346420441
208.89,0.000540482000318286
208.9,0.000538979735749828
208.91,0.000537481546615671
208.92,0.000535987426473289
208.93,0.000534497369137675
208.94,0.000533011369378135
208.95,0.000531529422250301
208.96,0.000530051522288385
208.97,0.000528577664075621
208.98,0.00052710784197104
208.99,0.000525642051197432
209,0.000524180286356008
209.01,0.000522722541237573
209.02,0.000521268810831143
209.03,0.000519819090115567
209.04,0.000518373375804391
209.05,0.000516931662796492
209.06,0.000515493946832511
209.07,0.000514060223884348
209.08,0.000512630490048506
209.09,0.000511204741617042
209.1,0.000509782974723627
209.11,0.000508365185991327
209.12,0.000506951372094395
209.13,0.000505541529742088
209.14,0.000504135655883113
209.15,0.000502733747597595
209.16,0.000501335802034615
209.17,0.00049994181651533
209.18,0.000498551788510463
209.19,0.00049716571640999
209.2,0.00049578359871798
209.21,0.000494405433716775
209.22,0.000493031220193371
209.23,0.000491660957199218
209.24,0.000490294643995402
209.25,0.000488932279742157
209.26,0.000487573863346632
209.27,0.000486219394611466
209.28,0.000484868873320011
209.29,0.000483522299648742
209.3,0.000482179673688051
209.31,0.000480840996070655
209.32,0.000479506269393798
209.33,0.000478175495134658
209.34,0.000476848675269105
209.35,0.000475525811998822
209.36,0.000474206908204332
209.37,0.000472891965619304
209.38,0.000471580987265611
209.39,0.000470273976217098
209.4,0.000468970936065216
209.41,0.000467671870284076
209.42,0.000466376785750453
209.43,0.000465085688512693
209.44,0.000463798584490467
209.45,0.000462515477678077
209.46,0.000461236375024239
209.47,0.000459961283832416
209.48,0.000458690211863986
209.49,0.000457423166849863
209.5,0.000456160157695217
209.51,0.000454901193410756
209.52,0.000453646283777938
209.53,0.000452395439246452
209.54,0.00045114867066318
209.55,0.000449905989772431
209.56,0.000448667408739456
209.57,0.000447432940753352
209.58,0.000446202600827532
209.59,0.000444976403625326
209.6,0.000443754365512419
209.61,0.000442536503650421
209.62,0.000441322835463776
209.63,0.000440113375165239
209.64,0.000438908140965199
209.65,0.000437707152743475
209.66,0.000436510432438295
209.67,0.000435318000553744
209.68,0.000434129881780485
209.69,0.000432946100224563
209.7,0.00043176668129947
209.71,0.000430591650698251
209.72,0.000429421036218756
209.73,0.000428254866281065
209.74,0.000427093170405112
209.75,0.000425935979467777
209.76,0.00042478332696664
209.77,0.000423635246261211
209.78,0.000422491773234523
209.79,0.000421352945349391
209.8,0.000420218801016259
209.81,0.000419089380916332
209.82,0.000417964726805644
209.83,0.000416844882337225
209.84,0.000415729893109395
209.85,0.000414619806151733
209.86,0.000413514670915901
209.87,0.000412414538720019
209.88,0.00041131946281223
209.89,0.000410229498445061
209.9,0.000409144703185233
209.91,0.000408065136733549
209.92,0.000406990860969554
209.93,0.000405921940153978
209.94,0.00040485844090444
209.95,0.000403800432256712
209.96,0.000402747985710341
209.97,0.000401701175449576
209.98,0.000400660078177732
209.99,0.000399624773326338
210,0.000398595343111704
210.01,0.000397571872550638
210.02,0.00039655444951593
210.03,0.000395543164813329
210.04,0.000394538112280269
210.05,0.000393539388730873
210.06,0.000392547094097857
210.07,0.000391561331497015
210.08,0.000390582207222985
210.09,0.000389609830851246
210.1,0.000388644315282371
210.11,0.000387685776758528
210.12,0.000386734334977764
210.13,0.00038579011310917
210.14,0.000384853237744161
210.15,0.000383923839133565
210.16,0.000383002051100402
210.17,0.000382088011006922
210.18,0.000381181860006686
210.19,0.000380283742926659
210.2,0.000379393808277499
210.21,0.000378512208440988
210.22,0.000377639099571535
210.23,0.000376774641624049
210.24,0.000375918998511655
210.25,0.000375072338005319
210.26,0.000374234831758895
210.27,0.000373406655470779
210.28,0.000372587988769478
210.29,0.000371779015245614
210.3,0.000370979922595244
210.31,0.00037019090251991
210.32,0.000369412150764974
210.33,0.000368643867221925
210.34,0.000367886255869502
210.35,0.000367139524811071
210.36,0.000366403886334167
210.37,0.000365679556900471
210.38,0.000364966757176916
210.39,0.000364265712060146
210.4,0.000363576650717462
210.41,0.000362899806608066
210.42,0.000362235417477279
210.43,0.000361583725454874
210.44,0.000360944977052075
210.45,0.000360319423134399
210.46,0.000359707319068953
210.47,0.000359108924860808
210.48,0.000358524504843946
210.49,0.000357954327987373
210.5,0.000357398668192958
210.51,0.000356857803734629
210.52,0.000356332017707271
210.53,0.000355821598267101
210.54,0.000355326838304721
210.55,0.000354848035586836
210.56,0.000354385493129257
210.57,0.000353939519179937
210.58,0.000353510426890584
210.59,0.000353098534896657
210.6,0.000352704167691083
210.61,0.000352327654724334
210.62,0.000351969331216172
210.63,0.000351629538877324
210.64,0.000351308624575732
210.65,0.000351006941395932
210.66,0.000350724849157323
210.67,0.000350462713742255
210.68,0.00035022090728894
210.69,0.000349999808839309
210.7,0.000349799805321586
210.71,0.000349621289428261
210.72,0.000349464661444763
210.73,0.000349330330014105
210.74,0.000349218711286696
210.75,0.000349130228737067
210.76,0.000349065314348394
210.77,0.000349024409892612
210.78,0.000349007964268275
210.79,0.000349016435778227
210.8,0.000349050292828398
210.81,0.00034911001348952
210.82,0.000349196084835402
210.83,0.00034930900449561
210.84,0.000349449282718761
210.85,0.000349617438449512
210.86,0.000349814002572794
210.87,0.000350039518589266
210.88,0.000350294542611771
210.89,0.00035057964191906
210.9,0.000350895397165395
210.91,0.000351242405778853
210.92,0.000351621275012191
210.93,0.000352032627662241
210.94,0.000352477101115675
210.95,0.000352955351735918
210.96,0.000353468050532433
210.97,0.000354015882389583
210.98,0.000354599550327238
210.99,0.000355219776765919
211,0.000355877307592139
211.01,0.000356572899294314
211.02,0.00035730733091408
211.03,0.000358081401467905
211.04,0.000358895939207677
211.05,0.000359751785070775
211.06,0.000360649804845923
211.07,0.000361590887618977
211.08,0.000362575951278594
211.09,0.000363605938043348
211.1,0.000364681811548353
211.11,0.000365804563989821
211.12,0.000366975217004807
211.13,0.00036819482847969
211.14,0.000369464474522665
211.15,0.000370785265793539
211.16,0.000372158344165007
211.17,0.00037358489591528
211.18,0.000375066129428511
211.19,0.000376603290237191
211.2,0.000378197660578661
211.21,0.000379850567296361
211.22,0.000381563375894751
211.23,0.000383337483349589
211.24,0.000385174331569178
211.25,0.000387075404401756
211.26,0.000389042247347293
211.27,0.000391076435732746
211.28,0.000393179591312661
211.29,0.000395353386687622
211.3,0.000397599545117994
211.31,0.000399919867237243
211.32,0.000402316174003399
211.33,0.000404790353116845
211.34,0.000407344348654558
211.35,0.000409980168623975
211.36,0.000412699892526088
211.37,0.00041550564173234
211.38,0.00041839960939387
211.39,0.000421384054023075
211.4,0.000424461316818328
211.41,0.000427633806929934
211.42,0.000430903991674938
211.43,0.000434274419534684
211.44,0.000437747714745963
211.45,0.000441326600016005
211.46,0.000445013859887835
211.47,0.000448812363214877
211.48,0.000452725066241647
211.49,0.000456755013880113
211.5,0.000460905362368778
211.51,0.000465179331845685
211.52,0.00046958024714681
211.53,0.000474111529739617
211.54,0.00047877670195608
211.55,0.000483579390361323
211.56,0.000488523319087941
211.57,0.000493612320336772
211.58,0.000498850334174332
211.59,0.000504241400043633
211.6,0.000509789671442449
211.61,0.000515499422711762
211.62,0.000521375039045636
211.63,0.000527421022808488
211.64,0.000533641982917647
211.65,0.000540042660991576
211.66,0.000546627919051289
211.67,0.000553402742174348
211.68,0.000560372234578572
211.69,0.00056754156787482
211.7,0.000574916117664637
211.71,0.000582501357955375
211.72,0.000590302891057913
211.73,0.000598326413779447
211.74,0.000606577697128203
211.75,0.000615062716214667
211.76,0.000623787534433251
211.77,0.000632758308359551
211.78,0.000641981284016141
211.79,0.000651462869454492
211.8,0.000661209563577015
211.81,0.000671227932856975
211.82,0.000681524620571563
211.83,0.000692106427853709
211.84,0.000702980224204008
211.85,0.000714152888314992
211.86,0.000725631351290596
211.87,0.000737422704553408
211.88,0.000749534060879835
211.89,0.00076197247417865
211.9,0.000774745029202419
211.91,0.000787858933718883
211.92,0.00080132136348645
211.93,0.000815139365044215
211.94,0.000829319988697041
211.95,0.000843870336050384
211.96,0.000858797418276802
211.97,0.00087410802487453
211.98,0.000889808913871038
211.99,0.000905906807029604
212,0.000922408260981779
212.01,0.000939319489819845
212.02,0.000956646635476703
212.03,0.0009743956950808
212.04,0.000992572407074961
212.05,0.00101118209508121
212.06,0.00103022987179264
212.07,0.00104972056133289
212.08,0.00106965859870083
212.09,0.00109004803776323
212.1,0.00111089255130467
212.11,0.00113219537290895
212.12,0.00115395927309016
212.13,0.00117618655145906
212.14,0.00119887898959088
212.15,0.00122203777561923
212.16,0.00124566358029037
212.17,0.00126975645682999
212.18,0.00129431580736419
212.19,0.00131934039113248
212.2,0.00134482827463456
212.21,0.00137077687307519
212.22,0.00139718285504658
212.23,0.00142404210804571
212.24,0.00145134982921712
212.25,0.00147910049087253
212.26,0.00150728766454699
212.27,0.00153590418441715
212.28,0.00156494219928078
212.29,0.00159439288303295
212.3,0.00162424663404662
212.31,0.00165449322579258
212.32,0.00168512140001408
212.33,0.00171611912613812
212.34,0.00174747379829291
212.35,0.00177917184423729
212.36,0.00181119889196269
212.37,0.00184354001133379
212.38,0.00187617953556389
212.39,0.00190910093147363
212.4,0.00194228713693916
212.41,0.00197572059199203
212.42,0.00200938287900852
212.43,0.00204325510452616
212.44,0.00207731805346747
212.45,0.00211155175321493
212.46,0.0021459358347339
212.47,0.00218044976815197
212.48,0.00221507239851538
212.49,0.00224978231250977
212.5,0.00228455800190283
212.51,0.00231937765130783
212.52,0.00235421923509164
212.53,0.00238906067815156
212.54,0.00242387985341465
212.55,0.0024586545647587
212.56,0.00249336267999079
212.57,0.00252798218653552
212.58,0.00256249115563819
212.59,0.00259686785604759
212.6,0.00263109078240202
212.61,0.00266513871095543
212.62,0.00269899074316955
212.63,0.00273262622743981
212.64,0.00276602500902306
212.65,0.00279916735982414
212.66,0.00283203389389787
212.67,0.00286460575644196
212.68,0.00289686468689094
212.69,0.00292879287445613
212.7,0.00296037301594171
212.71,0.00299158854854225
212.72,0.00302242344718418
212.73,0.00305286215677407
212.74,0.00308288997939883
212.75,0.00311249281970388
212.76,0.00314165701144666
212.77,0.00317036981936895
212.78,0.00319861913073638
212.79,0.00322639331746362
212.8,0.00325368157932861
212.81,0.00328047381706218
212.82,0.0033067604761546
212.83,0.00333253267382618
212.84,0.00335778229999323
212.85,0.00338250181265392
212.86,0.00340668422983772
212.87,0.00343032335359883
212.88,0.00345341356135864
212.89,0.00347594973843707
212.9,0.00349792746550472
212.91,0.00351934286228279
212.92,0.00354019260160642
212.93,0.00356047392901314
212.94,0.00358018460676871
212.95,0.00359932292772588
212.96,0.00361788769068741
212.97,0.00363587815733846
212.98,0.00365329408591017
212.99,0.00367013567172096
213,0.00368640353352981
213.01,0.00370209872365974
213.02,0.00371722267929403
213.03,0.00373177722203793
213.04,0.0037457645379207
213.05,0.00375918716531098
213.06,0.00377204796677165
213.07,0.00378435012477259
213.08,0.0037960971255819
213.09,0.00380729273160379
213.1,0.00381794098520893
213.11,0.00382804617521045
213.12,0.00383761282618389
213.13,0.00384664569979438
213.14,0.00385514976433973
213.15,0.00386313017456843
213.16,0.0038705922848865
213.17,0.0038775416271027
213.18,0.00388398386997931
213.19,0.00388992484535034
213.2,0.00389537053964543
213.21,0.00390032703293616
213.22,0.0039048005332619
213.23,0.00390879738008396
213.24,0.0039123239723021
213.25,0.00391538680429347
213.26,0.00391799247901356
213.27,0.00392014763046312
213.28,0.00392185895926756
213.29,0.00392313325362772
213.3,0.00392397730850228
213.31,0.00392439796328272
213.32,0.00392440211385845
213.33,0.00392399665994989
213.34,0.00392318851494793
213.35,0.00392198462491805
213.36,0.00392039193604389
213.37,0.00391841738314512
213.38,0.00391606791327084
213.39,0.00391335046848366
213.4,0.00391027195936733
213.41,0.00390683928940549
213.42,0.00390305935402884
213.43,0.00389893899991689
213.44,0.00389448505125647
213.45,0.00388970431953065
213.46,0.00388460355457552
213.47,0.00387918947148335
213.48,0.00387346876525113
213.49,0.00386744806217384
213.5,0.00386113394505338
213.51,0.00385453295965085
213.52,0.00384765159152542
213.53,0.00384049626683383
213.54,0.00383307336419047
213.55,0.00382538920554075
213.56,0.0038174500429794
213.57,0.0038092620729939
213.58,0.00380083143624736
213.59,0.00379216419659454
213.6,0.00378326635621616
213.61,0.00377414386136278
213.62,0.00376480257631647
213.63,0.00375524829918491
213.64,0.0037454867694757
213.65,0.00373552364555721
213.66,0.00372536451498431
213.67,0.00371501489958004
213.68,0.00370448024858388
213.69,0.00369376593264517
213.7,0.00368287725299886
213.71,0.00367181944271261
213.72,0.00366059765282168
213.73,0.00364921696256669
213.74,0.00363768238460979
213.75,0.00362599884886475
213.76,0.00361417121287941
213.77,0.00360220426491573
213.78,0.00359010271589906
213.79,0.00357787120130426
213.8,0.00356551428568092
213.81,0.00355303646146345
213.82,0.00354044214357446
213.83,0.00352773567582694
213.84,0.00351492133362528
213.85,0.00350200331363122
213.86,0.00348898574187775
213.87,0.00347587267601822
213.88,0.00346266810239418
213.89,0.00344937593282847
213.9,0.00343600000978523
213.91,0.00342254411256316
213.92,0.00340901194416009
213.93,0.00339540714055195
213.94,0.00338173327068018
213.95,0.0033679938389075
213.96,0.0033541922783031
213.97,0.00334033195698484
213.98,0.00332641617953448
213.99,0.00331244818482647
214,0.00329843114621526
214.01,0.00328436817395004
214.02,0.00327026231823009
214.03,0.0032561165637663
214.04,0.00324193383467999
214.05,0.00322771699498978
214.06,0.00321346884969197
214.07,0.00319919214258149
214.08,0.00318488955945149
214.09,0.00317056372967107
214.1,0.00315621722468734
214.11,0.00314185255933539
214.12,0.00312747219319317
214.13,0.00311307853194787
214.14,0.00309867392619304
214.15,0.00308426067357699
214.16,0.00306984101941937
214.17,0.00305541715740378
214.18,0.00304099122989879
214.19,0.00302656532913874
214.2,0.00301214149807461
214.21,0.00299772173072314
214.22,0.00298330797313673
214.23,0.00296890212415204
214.24,0.00295450603608443
214.25,0.00294012151552568
214.26,0.00292575032409458
214.27,0.0029113941791618
214.28,0.00289705475431649
214.29,0.00288273368026314
214.3,0.00286843254603712
214.31,0.00285415289920018
214.32,0.00283989624633848
214.33,0.00282566405335183
214.34,0.00281145774817258
214.35,0.00279727871976111
214.36,0.00278312831906701
214.37,0.00276900785827874
214.38,0.00275491861513358
214.39,0.00274086183084562
214.4,0.00272683871152978
214.41,0.0027128504265539
214.42,0.00269889811389903
214.43,0.00268498287753309
214.44,0.00267110578886354
214.45,0.0026572678854897
214.46,0.00264347017502834
214.47,0.00262971363448403
214.48,0.00261599921047716
214.49,0.00260232781815685
214.5,0.00258870034444459
214.51,0.00257511764924817
214.52,0.00256158056396562
214.53,0.00254808989290465
214.54,0.00253464641037007
214.55,0.00252125086606991
214.56,0.0025079039862017
214.57,0.00249460647073257
214.58,0.00248135899526847
214.59,0.00246816220728552
214.6,0.00245501673289102
214.61,0.00244192317736629
214.62,0.00242888212210769
214.63,0.00241589412662605
214.64,0.00240295972468224
214.65,0.00239007943135616
214.66,0.00237725374295954
214.67,0.00236448313434161
214.68,0.00235176806074963
214.69,0.00233910895414995
214.7,0.00232650623016804
214.71,0.0023139602874648
214.72,0.00230147150557535
214.73,0.00228904024655786
214.74,0.00227666685125219
214.75,0.0022643516464558
214.76,0.00225209494375072
214.77,0.00223989703767739
214.78,0.00222775820725394
214.79,0.00221567871202419
214.8,0.00220365879970557
214.81,0.00219169870441097
214.82,0.0021797986450762
214.83,0.00216795882688764
214.84,0.00215617943734034
214.85,0.0021444606539914
214.86,0.00213280264219683
214.87,0.00212120555388791
214.88,0.00210966952885822
214.89,0.00209819469087555
214.9,0.00208678115545506
214.91,0.00207542902717494
214.92,0.00206413839878983
214.93,0.00205290935237903
214.94,0.0020417419543974
214.95,0.00203063626615599
214.96,0.00201959233902625
214.97,0.00200861021383012
214.98,0.00199768992210348
214.99,0.00198683148625854
215,0.00197603491060057
215.01,0.00196530020338428
215.02,0.0019546273597857
215.03,0.001944016366871
215.04,0.00193346720388546
215.05,0.00192297984051579
215.06,0.0019125542330377
215.07,0.00190219034095087
215.08,0.001891888112395
215.09,0.00188164748866706
215.1,0.00187146840447636
215.11,0.00186135078454376
215.12,0.00185129454634026
215.13,0.00184129960712558
215.14,0.00183136587534979
215.15,0.00182149325373636
215.16,0.00181168163950773
215.17,0.00180193091984332
215.18,0.00179224097997639
215.19,0.00178261170167964
215.2,0.00177304296033826
215.21,0.00176353462661922
215.22,0.00175408656667262
215.23,0.0017446986361654
215.24,0.00173537069375818
215.25,0.00172610259197174
215.26,0.00171689417893647
215.27,0.00170774529895431
215.28,0.00169865579194905
215.29,0.00168962548917394
215.3,0.00168065422606778
215.31,0.00167174183170574
215.32,0.00166288813193468
215.33,0.00165409294953108
215.34,0.00164535610226553
215.35,0.0016366774029562
215.36,0.00162805666734492
215.37,0.00161949370594356
215.38,0.0016109883267332
215.39,0.00160254033530526
215.4,0.00159414953417176
215.41,0.00158581571797252
215.42,0.0015775386880843
215.43,0.0015693182402925
215.44,0.00156115416842786
215.45,0.00155304626448918
215.46,0.00154499431876567
215.47,0.00153699811364221
215.48,0.00152905743764981
215.49,0.00152117207561378
215.5,0.00151334181048314
215.51,0.00150556642384686
215.52,0.00149784569603923
215.53,0.00149017940234775
215.54,0.0014825673197877
215.55,0.00147500922555591
215.56,0.00146750489455866
215.57,0.00146005410074732
215.58,0.0014526566172089
215.59,0.00144531221429029
215.6,0.00143802066116052
215.61,0.00143078172948825
215.62,0.00142359518867249
215.63,0.00141646080752033
215.64,0.00140937835432545
215.65,0.00140234759608573
215.66,0.00139536829687067
215.67,0.0013884402249634
215.68,0.00138156314639298
215.69,0.00137473682690636
215.7,0.00136796103203605
215.71,0.00136123552711415
215.72,0.0013545600733064
215.73,0.0013479344372698
215.74,0.00134135838345693
215.75,0.00133483167629558
215.76,0.00132835408024616
215.77,0.00132192535985894
215.78,0.00131554527710623
215.79,0.00130921359679062
215.8,0.00130293008383831
215.81,0.00129669450285147
215.82,0.00129050661867293
215.83,0.00128436619643472
215.84,0.0012782729998357
215.85,0.00127222679361263
215.86,0.00126622734448363
215.87,0.00126027441855885
215.88,0.00125436778238455
215.89,0.00124850720298583
215.9,0.0012426924479092
215.91,0.0012369232826857
215.92,0.0012311994752053
215.93,0.00122552079513611
215.94,0.00121988701170847
215.95,0.00121429789476939
215.96,0.00120875321481801
215.97,0.001203252743041
215.98,0.00119779624914659
215.99,0.00119238350528302
216,0.00118701428468276
216.01,0.00118168836071989
216.02,0.00117640550748133
216.03,0.0011711654997833
216.04,0.00116596811225845
216.05,0.00116081312153913
216.06,0.00115570030456977
216.07,0.00115062943908851
216.08,0.00114560030364888
216.09,0.00114061267753797
216.1,0.00113566634066531
216.11,0.00113076107423621
216.12,0.00112589666016045
216.13,0.00112107288125002
216.14,0.00111628952123931
216.15,0.00111154636433516
216.16,0.00110684319577409
216.17,0.0011021798022107
216.18,0.0010975559710022
216.19,0.00109297149048331
216.2,0.00108842614998325
216.21,0.00108391973884419
216.22,0.00107945204841702
216.23,0.00107502287094921
216.24,0.001070631999553
216.25,0.00106627922835954
216.26,0.00106196435245861
216.27,0.00105768716720462
216.28,0.00105344747008277
216.29,0.00104924505918844
216.3,0.00104507973365735
216.31,0.00104095129367531
216.32,0.00103685954033391
216.33,0.00103280427563106
216.34,0.00102878530302182
216.35,0.00102480242685461
216.36,0.00102085545255291
216.37,0.00101694418662327
216.38,0.00101306843705881
216.39,0.00100922801230954
216.4,0.00100542272176814
216.41,0.00100165237607546
216.42,0.000997916786915923
216.43,0.000994215767017643
216.44,0.000990549130360855
216.45,0.000986916694099585
216.46,0.000983318273002373
216.47,0.000979753684299126
216.48,0.000976222746291987
216.49,0.000972725278355418
216.5,0.000969261100936075
216.51,0.000965830036651447
216.52,0.000962431908781562
216.53,0.000959066540572771
216.54,0.000955733757052153
216.55,0.000952433384343558
216.56,0.000949165249667684
216.57,0.000945929181341962
216.58,0.000942725010102244
216.59,0.000939552565861281
216.6,0.000936411680387423
216.61,0.000933302186563695
216.62,0.000930223918384437
216.63,0.000927176710955207
216.64,0.00092416040063506
216.65,0.000921174824920768
216.66,0.000918219822161109
216.67,0.00091529523195414
216.68,0.000912400895013264
216.69,0.000909536653167131
216.7,0.000906702349359703
216.71,0.000903897827491416
216.72,0.000901122932784092
216.73,0.000898377511519803
216.74,0.000895661411079354
216.75,0.000892974479956804
216.76,0.000890316567759533
216.77,0.000887687524958202
216.78,0.000885087202927846
216.79,0.00088251545493916
216.8,0.000879972134984523
216.81,0.000877457098164887
216.82,0.000874970200689692
216.83,0.000872511299876918
216.84,0.000870080254153075
216.85,0.000867676922992618
216.86,0.000865301165405901
216.87,0.000862952844088962
216.88,0.000860631821765682
216.89,0.00085833796225871
216.9,0.00085607113048945
216.91,0.000853831192478059
216.92,0.00085161801534344
216.93,0.000849431467303285
216.94,0.000847271415669933
216.95,0.000845137731143727
216.96,0.000843030285570136
216.97,0.00084094895132605
216.98,0.000838893601871055
216.99,0.000836864111747476
217,0.000834860356580309
217.01,0.000832882213077264
217.02,0.000830929557606668
217.03,0.000829002267670054
217.04,0.000827100224357037
217.05,0.000825223308415699
217.06,0.000823371401656681
217.07,0.000821544386953121
217.08,0.000819742148240693
217.09,0.000817964570517602
217.1,0.000816211539336965
217.11,0.000814482938555886
217.12,0.000812778658344946
217.13,0.000811098587629849
217.14,0.000809442616375957
217.15,0.000807810635588272
217.16,0.00080620253731144
217.17,0.00080461821462974
217.18,0.000803057561667122
217.19,0.000801520470100566
217.2,0.000800006837362926
217.21,0.000798516560853708
217.22,0.000797049538502088
217.23,0.000795605669253004
217.24,0.000794184853067186
217.25,0.000792786990921106
217.26,0.000791411984807015
217.27,0.000790059734737797
217.28,0.000788730143756789
217.29,0.000787423118578092
217.3,0.000786138564916039
217.31,0.000784876389480554
217.32,0.000783636499977114
217.33,0.000782418805106772
217.34,0.000781223214566156
217.35,0.000780049639047463
217.36,0.000778897990238459
217.37,0.000777768175774006
217.38,0.000776660109545664
217.39,0.000775573707860394
217.4,0.000774508885918101
217.41,0.000773465559886604
217.42,0.000772443646901628
217.43,0.000771443065066827
217.44,0.000770463733453751
217.45,0.000769505572101868
217.46,0.000768568502018559
217.47,0.000767652438449376
217.48,0.00076675730638447
217.49,0.000765883030784893
217.5,0.000765029536001528
217.51,0.00076419674732231
217.52,0.000763384590972227
217.53,0.000762592994113315
217.54,0.000761821884844657
217.55,0.000761071192202385
217.56,0.00076034084615969
217.57,0.000759630770105813
217.58,0.000758940899647093
217.59,0.000758271167800533
217.6,0.000757621507779238
217.61,0.000756991853703852
217.62,0.000756382140602574
217.63,0.000755792304411136
217.64,0.000755222281972818
217.65,0.000754672011038445
217.66,0.000754141430184861
217.67,0.000753630471408405
217.68,0.000753139080029233
217.69,0.000752667196992699
217.7,0.000752214764125046
217.71,0.000751781724133398
217.72,0.000751368020605767
217.73,0.000750973598011045
217.74,0.000750598401699017
217.75,0.000750242377900344
217.76,0.000749905472964769
217.77,0.000749587629099312
217.78,0.00074928879912848
217.79,0.000749008932407277
217.8,0.000748747979147334
217.81,0.00074850589041691
217.82,0.000748282618140884
217.83,0.000748078115100764
217.84,0.000747892334934682
217.85,0.000747725232137396
217.86,0.000747576760549605
217.87,0.000747446871745016
217.88,0.000747335526425681
217.89,0.000747242682153133
217.9,0.000747168297325041
217.91,0.000747112331175206
217.92,0.000747074743773567
217.93,0.000747055496026197
217.94,0.000747054549675304
217.95,0.000747071867299231
217.96,0.000747107412312456
217.97,0.000747161144130909
217.98,0.000747233028539931
217.99,0.000747323032864306
218,0.000747431123485009
218.01,0.000747557267598157
218.02,0.000747701433215018
218.03,0.000747863589162007
218.04,0.000748043705080685
218.05,0.000748241751427764
218.06,0.000748457699475097
218.07,0.000748691520426545
218.08,0.000748943182076553
218.09,0.00074921266184911
218.1,0.000749499933946643
218.11,0.00074980497336784
218.12,0.000750127755907637
218.13,0.000750468258157235
218.14,0.000750826457504088
218.15,0.000751202332131908
218.16,0.000751595861020663
218.17,0.00075200702394658
218.18,0.000752435798498078
218.19,0.000752882165761863
218.2,0.000753346109239069
218.21,0.000753827611622274
218.22,0.000754326656385327
218.23,0.000754843227783348
218.24,0.000755377310852719
218.25,0.0007559288914111
218.26,0.000756497956057416
218.27,0.000757084492171865
218.28,0.000757688487692118
218.29,0.000758309928149823
218.3,0.000758948805602714
218.31,0.000759605110366709
218.32,0.000760278833528116
218.33,0.000760969966943615
218.34,0.000761678503240266
218.35,0.000762404435815503
218.36,0.000763147758837145
218.37,0.000763908467243374
218.38,0.000764686556742761
218.39,0.000765482022606752
218.4,0.000766294861587923
218.41,0.000767125072499112
218.42,0.000767972654002687
218.43,0.000768837605524223
218.44,0.000769719927252528
218.45,0.000770619620139624
218.46,0.000771536685900752
218.47,0.000772471127014371
218.48,0.000773422946722165
218.49,0.000774392149029021
218.5,0.000775378738205771
218.51,0.000776382719970026
218.52,0.000777404100547868
218.53,0.000778442886913368
218.54,0.000779499086794452
218.55,0.000780572708672475
218.56,0.00078166376178176
218.57,0.000782772256109203
218.58,0.000783898202393813
218.59,0.000785041612126284
218.6,0.00078620249754856
218.61,0.000787380871653409
218.62,0.00078857674864295
218.63,0.000789790144630476
218.64,0.000791021073582618
218.65,0.000792269551617386
218.66,0.000793535595612037
218.67,0.000794819223203034
218.68,0.000796120452785958
218.69,0.000797439303515507
218.7,0.000798775795305407
218.71,0.000800129948828376
218.72,0.000801501785516064
218.73,0.000802891327559012
218.74,0.000804298597906569
218.75,0.000805723621671472
218.76,0.000807166424365801
218.77,0.000808627029945905
218.78,0.000810105464578698
218.79,0.000811601755204838
218.8,0.000813115929539222
218.81,0.000814648016071446
218.82,0.000816198044066343
218.83,0.000817766043564443
218.84,0.000819352045382466
218.85,0.000820956081113817
218.86,0.000822578183129083
218.87,0.000824218384576486
218.88,0.0008258767215508
218.89,0.000827553228452232
218.9,0.000829247940098584
218.91,0.000830960892936099
218.92,0.000832692124206126
218.93,0.00083444167194611
218.94,0.000836209574990662
218.95,0.000837995872972551
218.96,0.000839800606323728
218.97,0.00084162381627635
218.98,0.000843465544863811
218.99,0.000845325834921722
219,0.000847204730088994
219.01,0.000849102277598647
219.02,0.000851018521092633
219.03,0.000852953506587683
219.04,0.000854907281117864
219.05,0.000856879892539596
219.06,0.000858871389533124
219.07,0.000860881821604094
219.08,0.000862911239085023
219.09,0.000864959693136818
219.1,0.000867027235750292
219.11,0.000869113919747688
219.12,0.00087121979878414
219.13,0.000873344927793615
219.14,0.000875489364565398
219.15,0.000877653163424379
219.16,0.00087983638154152
219.17,0.000882039076942507
219.18,0.000884261308509722
219.19,0.000886503135984348
219.2,0.00088876461996834
219.21,0.000891045821926468
219.22,0.000893346804188339
219.23,0.000895667629950436
219.24,0.000898008363278094
219.25,0.000900369069107603
219.26,0.000902749814531236
219.27,0.000905150667690214
219.28,0.00090757169464795
219.29,0.00091001296403771
219.3,0.000912474545389894
219.31,0.000914956509134576
219.32,0.000917458926604194
219.33,0.000919981870036093
219.34,0.000922525412575138
219.35,0.000925089628276321
219.36,0.000927674592107371
219.37,0.000930280379951303
219.38,0.000932907068609099
219.39,0.000935554738539062
219.4,0.000938223468342885
219.41,0.000940913336395343
219.42,0.000943624423406358
219.43,0.000946356811032783
219.44,0.000949110581881626
219.45,0.000951885819513107
219.46,0.00095468260844381
219.47,0.000957501034149805
219.48,0.000960341183069793
219.49,0.000963203142608169
219.5,0.000966087001138246
219.51,0.000968992848005318
219.52,0.000971920773529803
219.53,0.000974870873010528
219.54,0.000977843237962262
219.55,0.000980837960394877
219.56,0.000983855134838552
219.57,0.000986894856835339
219.58,0.000989957222942911
219.59,0.000993042330738394
219.6,0.000996150278822188
219.61,0.000999281166821794
219.62,0.00100243509539557
219.63,0.00100561216623663
219.64,0.00100881248207664
219.65,0.00101203614668958
219.66,0.00101528326489563
219.67,0.00101855394758228
219.68,0.00102184829998523
219.69,0.00102516642902334
219.7,0.00102850844405653
219.71,0.00103187445553396
219.72,0.00103526457499855
219.73,0.00103867891509163
219.74,0.00104211758955747
219.75,0.00104558071324799
219.76,0.00104906840212725
219.77,0.00105258077327611
219.78,0.00105611794489681
219.79,0.00105968003631756
219.8,0.00106326716799717
219.81,0.00106687946726757
219.82,0.0010705170542317
219.83,0.00107418005204357
219.84,0.00107786858606218
219.85,0.0010815827828251
219.86,0.00108532277005393
219.87,0.00108908867665957
219.88,0.00109288063274783
219.89,0.00109669876962468
219.9,0.00110054321980177
219.91,0.00110441411700177
219.92,0.00110831159616383
219.93,0.00111223579344893
219.94,0.00111618684624539
219.95,0.00112016489979367
219.96,0.00112417009022946
219.97,0.0011282025583033
219.98,0.00113226244671972
219.99,0.00113634989946405
220,0.00114046506180881
220.01,0.00114460808031994
220.02,0.00114877910286305
220.03,0.00115297827860971
220.04,0.00115720575804376
220.05,0.00116146169296752
220.06,0.00116574623650809
220.07,0.00117005954312366
220.08,0.00117440176860975
220.09,0.00117877307562024
220.1,0.00118317361939482
220.11,0.00118760355995111
220.12,0.00119206305889618
220.13,0.00119655227924129
220.14,0.0012010713854095
220.15,0.0012056205432433
220.16,0.00121019992001224
220.17,0.00121480968442058
220.18,0.00121945000661487
220.19,0.00122412105819166
220.2,0.00122882301345386
220.21,0.00123355604836087
220.22,0.00123832033755074
220.23,0.00124311605872388
220.24,0.00124794339108953
220.25,0.00125280251537436
220.26,0.00125769361383082
220.27,0.00126261687024561
220.28,0.00126757246994813
220.29,0.0012725605998189
220.3,0.00127758144829809
220.31,0.00128263520539382
220.32,0.00128772206525833
220.33,0.00129284222000558
220.34,0.00129799586418556
220.35,0.00130318319437774
220.36,0.00130840440879105
220.37,0.00131365970727294
220.38,0.00131894929131879
220.39,0.00132427336408093
220.4,0.00132963213037789
220.41,0.00133502579670354
220.42,0.00134045457123637
220.43,0.00134591866449639
220.44,0.00135141828977856
220.45,0.00135695365929273
220.46,0.00136252498832182
220.47,0.00136813249391018
220.48,0.00137377639487436
220.49,0.00137945691181361
220.5,0.00138517426712078
220.51,0.00139092868499283
220.52,0.00139672039150153
220.53,0.00140254961600982
220.54,0.00140841658734205
220.55,0.0014143215371787
220.56,0.00142026469907603
220.57,0.00142624630847786
220.58,0.00143226660272704
220.59,0.001438325821077
220.6,0.00144442420470334
220.61,0.00145056199671546
220.62,0.00145673944315786
220.63,0.00146295679078886
220.64,0.00146921428852601
220.65,0.00147551218746618
220.66,0.0014818507407128
220.67,0.00148823020338818
220.68,0.00149465083264561
220.69,0.0015011128876819
220.7,0.00150761662974944
220.71,0.00151416232273398
220.72,0.001520750232329
220.73,0.00152738062586202
220.74,0.00153405377310271
220.75,0.00154076994596068
220.76,0.00154752941849885
220.77,0.00155433246694703
220.78,0.00156117936972507
220.79,0.00156807040816315
220.8,0.0015750058647471
220.81,0.00158198602461787
220.82,0.00158901117516613
220.83,0.00159608160604654
220.84,0.00160319760919224
220.85,0.00161035947882925
220.86,0.0016175675117393
220.87,0.00162482200705309
220.88,0.00163212326582294
220.89,0.00163947159168754
220.9,0.00164686729066355
220.91,0.00165431067116075
220.92,0.00166180204399727
220.93,0.00166934172241457
220.94,0.00167693002270399
220.95,0.00168456726281767
220.96,0.00169225376340549
220.97,0.00169998984766893
220.98,0.00170777584132359
220.99,0.00171561207261505
221,0.00172349887233504
221.01,0.00173143657406205
221.02,0.00173942551420383
221.03,0.00174746603105849
221.04,0.00175555846588228
221.05,0.00176370316257368
221.06,0.0017719004676902
221.07,0.00178015073046552
221.08,0.00178845430282622
221.09,0.00179681154134261
221.1,0.00180522280278066
221.11,0.00181368844664799
221.12,0.00182220883553684
221.13,0.0018307843346769
221.14,0.00183941531193518
221.15,0.001848102137816
221.16,0.0018568451959999
221.17,0.0018656448585713
221.18,0.00187450150446
221.19,0.00188341551616253
221.2,0.00189238727892623
221.21,0.00190141718074926
221.22,0.00191050561280414
221.23,0.00191965298151947
221.24,0.00192885967686406
221.25,0.00193812609937335
221.26,0.00194745265246309
221.27,0.00195683974242936
221.28,0.0019662877784486
221.29,0.00197579717469965
221.3,0.00198536835842164
221.31,0.00199500174122972
221.32,0.00200469774557715
221.33,0.00201445679694408
221.34,0.00202427932383759
221.35,0.00203416575779172
221.36,0.00204411653737466
221.37,0.00205413211027206
221.38,0.00206421291171879
221.39,0.00207435938719043
221.4,0.00208457198534104
221.41,0.00209485115800305
221.42,0.00210519736018742
221.43,0.00211561105607561
221.44,0.00212609271436843
221.45,0.00213664279531918
221.46,0.00214726176852185
221.47,0.00215795010690162
221.48,0.00216870828671496
221.49,0.00217953678754935
221.5,0.00219043610060432
221.51,0.0022014067165038
221.52,0.00221244912168666
221.53,0.00222356381100441
221.54,0.0022347512827966
221.55,0.00224601203889081
221.56,0.00225734658460245
221.57,0.00226875543968988
221.58,0.00228023911747139
221.59,0.00229179813188268
221.6,0.00230343300422737
221.61,0.00231514425946007
221.62,0.00232693242618608
221.63,0.00233879803666185
221.64,0.00235074164074844
221.65,0.00236276377515925
221.66,0.00237486498278095
221.67,0.00238704581260857
221.68,0.0023993068174569
221.69,0.00241164855396091
221.7,0.00242407158257549
221.71,0.00243657648595917
221.72,0.00244916382400208
221.73,0.00246183416994116
221.74,0.00247458810166336
221.75,0.00248742620103781
221.76,0.00250034905391542
221.77,0.00251335725012904
221.78,0.00252645139852209
221.79,0.00253963209638045
221.8,0.00255289994338504
221.81,0.00256625554767652
221.82,0.00257969952155986
221.83,0.00259323248150398
221.84,0.0026068550481419
221.85,0.0026205678565332
221.86,0.00263437154320909
221.87,0.00264826673582364
221.88,0.00266225407409398
221.89,0.00267633420209026
221.9,0.0026905077682357
221.91,0.00270477542530664
221.92,0.00271913783580606
221.93,0.00273359567581583
221.94,0.00274814960290637
221.95,0.00276280028962442
221.96,0.00277754841305663
221.97,0.00279239465482962
221.98,0.00280733970111001
221.99,0.0028223842436553
222,0.00283752899803337
222.01,0.00285277465356864
222.02,0.00286812191684269
222.03,0.00288357149915892
222.04,0.00289912411654267
222.05,0.00291478048974118
222.06,0.00293054134422333
222.07,0.00294640742254653
222.08,0.00296237945795331
222.09,0.00297845819055669
222.1,0.00299464436720848
222.11,0.00301093873970487
222.12,0.00302734206478596
222.13,0.00304385511255867
222.14,0.00306047864736864
222.15,0.00307721344158887
222.16,0.00309406027327158
222.17,0.00311101992554917
222.18,0.00312809318663385
222.19,0.00314528085722837
222.2,0.00316258373284177
222.21,0.00318000261798615
222.22,0.00319753832242285
222.23,0.00321519166110142
222.24,0.003232963454515
222.25,0.00325085453467286
222.26,0.00326886572939264
222.27,0.00328699787544967
222.28,0.00330525181491011
222.29,0.00332362839513092
222.3,0.00334212846944289
222.31,0.00336075290107282
222.32,0.00337950255110442
222.33,0.0033983782889935
222.34,0.00341738098957554
222.35,0.00343651153306573
222.36,0.00345577080581918
222.37,0.00347515970217838
222.38,0.00349467911712198
222.39,0.0035143299530501
222.4,0.00353411311780535
222.41,0.00355402952467288
222.42,0.00357408009255296
222.43,0.00359426574629099
222.44,0.00361458741555262
222.45,0.00363504603574698
222.46,0.00365564254779454
222.47,0.00367637789813257
222.48,0.00369725303872068
222.49,0.0037182689251571
222.5,0.00373942651924937
222.51,0.00376072678995804
222.52,0.00378217071064139
222.53,0.00380375926009799
222.54,0.00382549342256533
222.55,0.00384737418771857
222.56,0.00386940254585996
222.57,0.00389157949817995
222.58,0.00391390605023918
222.59,0.00393638321222369
222.6,0.00395901199957442
222.61,0.00398179343297509
222.62,0.00400472853760802
222.63,0.00402781833792797
222.64,0.00405106387279394
222.65,0.00407446618231709
222.66,0.0040980263115743
222.67,0.00412174531058222
222.68,0.00414562423427073
222.69,0.00416966413919494
222.7,0.00419386608466485
222.71,0.00421823114214297
222.72,0.00424276038407328
222.73,0.00426745488740374
222.74,0.00429231573354212
222.75,0.00431734400831307
222.76,0.00434254079440846
222.77,0.00436790718433945
222.78,0.00439344427743413
222.79,0.00441915317429257
222.8,0.00444503497935628
222.81,0.00447109080084177
222.82,0.00449732175067569
222.83,0.00452372893011765
222.84,0.00455031346281064
222.85,0.00457707646916396
222.86,0.00460401907209548
222.87,0.00463114239744935
222.88,0.00465844757390339
222.89,0.00468593572931024
222.9,0.00471360798304545
222.91,0.00474146547721668
222.92,0.00476950934723687
222.93,0.00479774073033214
222.94,0.00482616076541402
222.95,0.00485477059295009
222.96,0.00488357134391039
222.97,0.00491256415124367
222.98,0.00494175016287667
222.99,0.00497113051932279
223,0.00500070636128757
223.01,0.00503047882949417
223.02,0.00506044906450961
223.03,0.00509061818342394
223.04,0.00512098732606825
223.05,0.00515155763064812
223.06,0.00518233022893181
223.07,0.00521330625073452
223.08,0.0052444868236866
223.09,0.00527587307119702
223.1,0.00530746607897795
223.11,0.00533926698068231
223.12,0.00537127688565307
223.13,0.00540349689878726
223.14,0.00543592812023279
223.15,0.00546857164508622
223.16,0.00550142854939245
223.17,0.00553449988605302
223.18,0.00556778674467318
223.19,0.00560129018765313
223.2,0.00563501126941474
223.21,0.0056689510360097
223.22,0.00570311052472744
223.23,0.00573749072919463
223.24,0.00577209265161484
223.25,0.00580691730575529
223.26,0.00584196567737275
223.27,0.00587723873966539
223.28,0.00591273745276641
223.29,0.00594846276323765
223.3,0.00598441553709338
223.31,0.00602059670634453
223.32,0.00605700716598508
223.33,0.00609364778721443
223.34,0.00613051942283866
223.35,0.00616762290662394
223.36,0.00620495904011432
223.37,0.00624252853777805
223.38,0.0062803322022037
223.39,0.00631837076660206
223.4,0.00635664493919425
223.41,0.00639515540239121
223.42,0.00643390281197333
223.43,0.00647288775207694
223.44,0.00651211076455191
223.45,0.00655157244119436
223.46,0.00659127330022792
223.47,0.0066312138257607
223.48,0.00667139446675219
223.49,0.00671181563597892
223.5,0.00675247761053912
223.51,0.00679338071316851
223.52,0.00683452524408689
223.53,0.00687591143095
223.54,0.00691753945570821
223.55,0.00695940945330402
223.56,0.00700152151036819
223.57,0.00704387553432352
223.58,0.00708647154190552
223.59,0.0071293094319206
223.6,0.00717238904291046
223.61,0.00721571015157911
223.62,0.00725927243868088
223.63,0.0073030755150102
223.64,0.00734711896337326
223.65,0.00739140227291172
223.66,0.00743592485801809
223.67,0.00748068605484114
223.68,0.00752568505212357
223.69,0.00757092104397841
223.7,0.00761639310537962
223.71,0.00766210022250285
223.72,0.00770804129035656
223.73,0.00775421506114698
223.74,0.00780062019204186
223.75,0.00784725529215191
223.76,0.00789411883640293
223.77,0.00794120919116108
223.78,0.00798852460599829
223.79,0.00803606309646631
223.8,0.00808382271569157
223.81,0.00813180133196418
223.82,0.00817999668451186
223.83,0.0082284063802123
223.84,0.0082770278260702
223.85,0.00832585830034061
223.86,0.0083748949932632
223.87,0.00842413491049696
223.88,0.00847357490212651
223.89,0.00852321165114868
223.9,0.00857304157283952
223.91,0.00862306105338741
223.92,0.00867326624936638
223.93,0.00872365313674329
223.94,0.0087742175066251
223.95,0.00882495490003874
223.96,0.00887586068202236
223.97,0.00892693006177805
223.98,0.00897815801351171
223.99,0.00902953929922418
224,0.00908106845481744
224.01,0.00913273970809854
224.02,0.00918454717753592
224.03,0.00923648469993553
224.04,0.00928854587104091
224.05,0.00934072404042299
224.06,0.00939301226452293
224.07,0.00944540336011922
224.08,0.00949788990517306
224.09,0.00955046419077017
224.1,0.00960311823233703
224.11,0.00965584376186807
224.12,0.00970863220838838
224.13,0.00976147473204527
224.14,0.00981436218562999
224.15,0.00986728511818597
224.16,0.00992023376952616
224.17,0.00997319809472466
224.18,0.0100261677135472
224.19,0.0100791319077395
224.2,0.0101320796407874
224.21,0.0101849995421988
224.22,0.0102378799210472
224.23,0.0102907088422875
224.24,0.0103434738766293
224.25,0.0103961623041281
224.26,0.0104487610515481
224.27,0.0105012566876174
224.28,0.0105536355329573
224.29,0.0106058834961282
224.3,0.0106579860799667
224.31,0.0107099284580672
224.32,0.0107616954578179
224.33,0.0108132716608064
224.34,0.010864641131479
224.35,0.0109157876287115
224.36,0.0109666945471454
224.37,0.0110173450130095
224.38,0.0110677217647477
224.39,0.011117807121349
224.4,0.0111675830789242
224.41,0.0112170312940599
224.42,0.0112661332731146
224.43,0.0113148699224613
224.44,0.0113632218982238
224.45,0.01141116951634
224.46,0.0114586929038896
224.47,0.011505771854163
224.48,0.0115523857117556
224.49,0.0115985135780826
224.5,0.0116441342608772
224.51,0.0116892265717984
224.52,0.0117337686811205
224.53,0.0117777386161983
224.54,0.0118211141403241
224.55,0.011863872912548
224.56,0.0119059923857048
224.57,0.0119474496068131
224.58,0.0119882214974633
224.59,0.0120282847784964
224.6,0.0120676163565866
224.61,0.0121061925438483
224.62,0.0121439896568686
224.63,0.0121809838782591
224.64,0.012217151430874
224.65,0.0122524685290768
224.66,0.0122869110608624
224.67,0.0123204549735671
224.68,0.0123530761772269
224.69,0.0123847509895622
224.7,0.0124154552920933
224.71,0.0124451651382507
224.72,0.012473856658185
224.73,0.0125015062268455
224.74,0.01252809048947
224.75,0.0125535859057603
224.76,0.0125779692519443
224.77,0.012601217503453
224.78,0.0126233082975325
224.79,0.0126442191205257
224.8,0.0126639278441215
224.81,0.0126824127052799
224.82,0.0126996524448162
224.83,0.0127156264174724
224.84,0.0127303140365929
224.85,0.0127436953494152
224.86,0.012755750912902
224.87,0.0127664621000055
224.88,0.0127758107019694
224.89,0.0127837791525006
224.9,0.0127903506093924
224.91,0.012795509054235
224.92,0.0127992391269957
224.93,0.0128015263119223
224.94,0.0128023569438505
224.95,0.0128017182480817
224.96,0.0127995983624617
224.97,0.0127959863900209
224.98,0.0127908724332691
224.99,0.0127842476322121
225,0.012776104202515
225.01,0.012766435472748
225.02,0.012755235852571
225.03,0.0127425010044309
225.04,0.0127282277864558
225.05,0.0127124142659037
225.06,0.012695059672938
225.07,0.0126761646996315
225.08,0.0126557313203513
225.09,0.0126337626973067
225.1,0.0126102633586952
225.11,0.0125852393728419
225.12,0.0125586981621625
225.13,0.0125306481326547
225.14,0.0125010995238676
225.15,0.0124700639479339
225.16,0.0124375544535795
225.17,0.0124035847368683
225.18,0.0123681707671099
225.19,0.012331329682239
225.2,0.0122930800151766
225.21,0.0122534408512366
225.22,0.0122124335992075
225.23,0.0121700807080498
225.24,0.0121264058893173
225.25,0.0120814333348078
225.26,0.0120351894586854
225.27,0.0119877015732348
225.28,0.0119389980442237
225.29,0.0118891076284111
225.3,0.0118380611036919
225.31,0.0117858899563666
225.32,0.0117326264621461
225.33,0.0116783032071948
225.34,0.0116229544659703
225.35,0.0115666150043118
225.36,0.0115093200900598
225.37,0.0114511052309512
225.38,0.0113920071632442
225.39,0.0113320628909695
225.4,0.0112713096446686
225.41,0.0112097848012093
225.42,0.0111475264381361
225.43,0.0110845726786779
225.44,0.0110209616358494
225.45,0.010956731417369
225.46,0.0108919203105087
225.47,0.0108265664295025
225.48,0.0107607077013303
225.49,0.0106943818217018
225.5,0.0106276262092473
225.51,0.0105604778998717
225.52,0.0104929736428099
225.53,0.0104251496537522
225.54,0.0103570415203238
225.55,0.010288684256256
225.56,0.010220112572894
225.57,0.0101513602794916
225.58,0.0100824603429369
225.59,0.0100134449912786
225.6,0.0099443462535418
225.61,0.00987519477907146
225.62,0.00980602031338393
225.63,0.00973685172999396
225.64,0.00966771764746946
225.65,0.00959864542355687
225.66,0.00952966110661535
225.67,0.00946078992459545
225.68,0.00939205659716239
225.69,0.00932348491973721
225.7,0.00925509707831374
225.71,0.00918691448480096
225.72,0.00911895793483177
225.73,0.00905124771203697
225.74,0.00898380215832439
225.75,0.00891663900316837
225.76,0.00884977518669528
225.77,0.00878322731995843
225.78,0.00871701020115952
225.79,0.00865113803690986
225.8,0.00858562419185945
225.81,0.00852048178310321
225.82,0.00845572231554569
225.83,0.00839135673531829
225.84,0.00832739517298161
225.85,0.00826384745439195
225.86,0.00820072211845051
225.87,0.00813802714834262
225.88,0.00807576981243782
225.89,0.00801395704468922
225.9,0.0079525949255981
225.91,0.00789168894097934
225.92,0.00783124407902944
225.93,0.00777126483126336
225.94,0.00771175513827484
225.95,0.00765271847787773
225.96,0.0075941576063208
225.97,0.00753607508912841
225.98,0.00747847297291303
225.99,0.00742135282355414
226,0.00736471581248471
226.01,0.00730856275763451
226.02,0.00725289412461344
226.03,0.00719771014387788
226.04,0.00714301061974056
226.05,0.0070887951159213
226.06,0.00703506295327384
226.07,0.00698181320733558
226.08,0.00692904474539731
226.09,0.00687675613691496
226.1,0.00682494568717571
226.11,0.00677361166343306
226.12,0.00672275208714628
226.13,0.00667236459378303
226.14,0.00662244690637566
226.15,0.0065729965132633
226.16,0.00652401077604851
226.17,0.00647548695197576
226.18,0.00642742216419261
226.19,0.00637981345270105
226.2,0.00633265772184055
226.21,0.0062859518056153
226.22,0.00623969251111651
226.23,0.00619387657407773
226.24,0.00614850051929623
226.25,0.00610356095911315
226.26,0.00605905444507665
226.27,0.00601497746905717
226.28,0.00597132637193051
226.29,0.00592809759876053
226.3,0.0058852875230841
226.31,0.00584289247671645
226.32,0.00580090874246811
226.33,0.00575933263960186
226.34,0.00571816045947195
226.35,0.00567738846127051
226.36,0.00563701290654823
226.37,0.0055970300755272
226.38,0.00555743624611161
226.39,0.0055182276484986
226.4,0.0054794005767788
226.41,0.00544095132823253
226.42,0.00540287621461828
226.43,0.00536517147915785
226.44,0.00532783345727565
226.45,0.00529085849468503
226.46,0.00525424295058627
226.47,0.00521798315167568
226.48,0.0051820754880851
226.49,0.00514651637233312
226.5,0.00511130223422102
226.51,0.00507642950414224
226.52,0.0050418946543111
226.53,0.00500769418596196
226.54,0.00497382462414541
226.55,0.00494028250309127
226.56,0.00490706439668113
226.57,0.00487416691259125
226.58,0.00484158668504779
226.59,0.00480932035633661
226.6,0.00477736460915186
226.61,0.00474571616465844
226.62,0.00471437176934875
226.63,0.00468332818391991
226.64,0.00465258220480567
226.65,0.00462213066716378
226.66,0.00459197043170014
226.67,0.00456209838188034
226.68,0.0045325114340937
226.69,0.00450320654043575
226.7,0.00447418068097416
226.71,0.004445430865613
226.72,0.00441695412271888
226.73,0.00438874752730928
226.74,0.00436080817947179
226.75,0.00433313321021949
226.76,0.00430571977096338
226.77,0.00427856504488558
226.78,0.00425166625364347
226.79,0.00422502064429111
226.8,0.00419862549283412
226.81,0.00417247809132911
226.82,0.00414657577720858
226.83,0.00412091591068637
226.84,0.00409549588047352
226.85,0.00407031310154899
226.86,0.00404536501688582
226.87,0.00402064909937944
226.88,0.00399616284854584
226.89,0.00397190379131282
226.9,0.00394786947969504
226.91,0.00392405749535683
226.92,0.00390046544587458
226.93,0.00387709096548073
226.94,0.00385393171201968
226.95,0.00383098536872446
226.96,0.00380824964800922
226.97,0.00378572228608466
226.98,0.00376340104431035
226.99,0.00374128370336379
227,0.00371936807533472
227.01,0.00369765199400797
227.02,0.00367613331709137
227.03,0.00365480992595992
227.04,0.00363367972932645
227.05,0.00361274065479475
227.06,0.0035919906543771
227.07,0.0035714277031553
227.08,0.00355104979888627
227.09,0.003530854959588
227.1,0.00351084122758893
227.11,0.00349100666667093
227.12,0.00347134936198687
227.13,0.00345186742002044
227.14,0.00343255896863106
227.15,0.00341342215627441
227.16,0.00339445515201578
227.17,0.00337565614533237
227.18,0.00335702334582222
227.19,0.00333855498330664
227.2,0.00332024930700782
227.21,0.00330210458548803
227.22,0.00328411910656127
227.23,0.00326629117696976
227.24,0.0032486191245626
227.25,0.00323110129451746
227.26,0.00321373604933175
227.27,0.0031965217704797
227.28,0.00317945685741715
227.29,0.00316253972820009
227.3,0.00314576881823758
227.31,0.00312914257970902
227.32,0.00311265948234206
227.33,0.00309631801284154
227.34,0.00308011667490522
227.35,0.00306405398879875
227.36,0.00304812849089355
227.37,0.00303233873384197
227.38,0.00301668328623783
227.39,0.00300116073351784
227.4,0.00298576967714935
227.41,0.0029705087322894
227.42,0.00295537653016883
227.43,0.00294037171708972
227.44,0.00292549295498464
227.45,0.00291073892104829
227.46,0.00289610830536853
227.47,0.00288159981316521
227.48,0.00286721216384889
227.49,0.0028529440908321
227.5,0.00283879434450917
227.51,0.00282476168709697
227.52,0.00281084489302531
227.53,0.00279704275128856
227.54,0.00278335406418132
227.55,0.00276977764712647
227.56,0.00275631233055337
227.57,0.00274295695528785
227.58,0.00272971037555177
227.59,0.00271657145821633
227.6,0.00270353908252809
227.61,0.00269061214042444
227.62,0.00267778953818775
227.63,0.00266507019051453
227.64,0.00265245302536504
227.65,0.0026399369824015
227.66,0.00262752101283456
227.67,0.00261520408041945
227.68,0.0026029851606995
227.69,0.00259086323832612
227.7,0.00257883730999341
227.71,0.00256690638331616
227.72,0.00255506947668631
227.73,0.00254332562126772
227.74,0.00253167385725139
227.75,0.00252011323466886
227.76,0.00250864281451441
227.77,0.00249726166799587
227.78,0.00248596887640198
227.79,0.00247476353343549
227.8,0.00246364473958969
227.81,0.00245261160617968
227.82,0.00244166325424072
227.83,0.00243079881434715
227.84,0.0024200174269304
227.85,0.00240931824327219
227.86,0.00239870042133682
227.87,0.00238816312926362
227.88,0.00237770554422232
227.89,0.00236732685229728
227.9,0.00235702624919537
227.91,0.00234680293949182
227.92,0.00233665613517298
227.93,0.00232658505736228
227.94,0.00231658893560888
227.95,0.00230666700777848
227.96,0.00229681852180541
227.97,0.00228704273225371
227.98,0.00227733890148406
227.99,0.00226770630029499
228,0.0022581442073798
228.01,0.00224865190923436
228.02,0.00223922870168618
228.03,0.00222987388605984
228.04,0.00222058677203438
228.05,0.00221136667675346
228.06,0.0022022129247304
228.07,0.00219312484813704
228.08,0.00218410178733532
228.09,0.0021751430880519
228.1,0.00216624810380633
228.11,0.00215741619509445
228.12,0.00214864672929938
228.13,0.00213993908158995
228.14,0.00213129263376752
228.15,0.00212270677313417
228.16,0.00211418089423258
228.17,0.00210571439812577
228.18,0.00209730669231342
228.19,0.00208895719128766
228.2,0.00208066531693383
228.21,0.00207243049503337
228.22,0.00206425215856698
228.23,0.00205612974662449
228.24,0.00204806270432732
228.25,0.00204005048290365
228.26,0.00203209254130823
228.27,0.00202418834164379
228.28,0.00201633735285504
228.29,0.00200853904960743
228.3,0.0020007929122148
228.31,0.00199309842656723
228.32,0.0019854550855584
228.33,0.00197786238581563
228.34,0.00197031982974165
228.35,0.00196282692524106
228.36,0.00195538318549924
228.37,0.00194798812891454
228.38,0.00194064128016327
228.39,0.00193334216830697
228.4,0.00192609032693912
228.41,0.00191888529507956
228.42,0.0019117266166911
228.43,0.00190461384061628
228.44,0.00189754652126006
228.45,0.00189052421808986
228.46,0.00188354649392803
228.47,0.00187661291695945
228.48,0.00186972306000441
228.49,0.00186287650046028
228.5,0.00185607282053059
228.51,0.00184931160785322
228.52,0.00184259245281485
228.53,0.00183591495089371
228.54,0.00182927870191044
228.55,0.00182268330997359
228.56,0.00181612838343776
228.57,0.00180961353642521
228.58,0.0018031383848655
228.59,0.0017967025497116
228.6,0.00179030565596472
228.61,0.00178394733262168
228.62,0.00177762721262251
228.63,0.00177134493279758
228.64,0.00176510013537358
228.65,0.0017588924663352
228.66,0.00175272157309359
228.67,0.00174658710809753
228.68,0.00174048872750126
228.69,0.0017344260911162
228.7,0.00172839886236289
228.71,0.00172240670822281
228.72,0.00171644930283556
228.73,0.00171052631879721
228.74,0.00170463743389821
228.75,0.00169878232952928
228.76,0.00169296069048506
228.77,0.00168717220492056
228.78,0.00168141656430763
228.79,0.00167569346417472
228.8,0.00167000260358438
228.81,0.00166434368316591
228.82,0.00165871640756259
228.83,0.00165312048456261
228.84,0.00164755562505815
228.85,0.00164202154300446
228.86,0.00163651795537896
228.87,0.0016310445841504
228.88,0.0016256011516625
228.89,0.00162018738385368
228.9,0.00161480300976593
228.91,0.00160944776130895
228.92,0.00160412137322193
228.93,0.00159882358303564
228.94,0.001593554132084
228.95,0.0015883127653986
228.96,0.00158309922768517
228.97,0.00157791326779752
228.98,0.00157275463726298
228.99,0.00156762309024857
229,0.00156251838352691
229.01,0.00155744027644237
229.02,0.00155238853281354
229.03,0.00154736291670831
229.04,0.00154236319501902
229.05,0.00153738913743937
229.06,0.00153244051611764
229.07,0.00152751710562543
229.08,0.00152261868292682
229.09,0.00151774502761976
229.1,0.00151289592208364
229.11,0.00150807114990845
229.12,0.00150327049747351
229.13,0.00149849375341574
229.14,0.00149374070859986
229.15,0.00148901115608851
229.16,0.00148430489111237
229.17,0.00147962171200006
229.18,0.00147496141943318
229.19,0.00147032381431312
229.2,0.00146570870061112
229.21,0.00146111588436447
229.22,0.00145654517364923
229.23,0.001451996378553
229.24,0.00144746931114764
229.25,0.001442963787189
229.26,0.00143847962354777
229.27,0.00143401663750034
229.28,0.00142957464927565
229.29,0.00142515348101361
229.3,0.00142075295674121
229.31,0.00141637290234884
229.32,0.0014120131455663
229.33,0.00140767351677484
229.34,0.00140335384738092
229.35,0.00139905397038311
229.36,0.00139477372081978
229.37,0.00139051293547366
229.38,0.00138627145284921
229.39,0.00138204911315014
229.4,0.00137784575825693
229.41,0.00137366123226589
229.42,0.00136949538022053
229.43,0.00136534804890502
229.44,0.00136121908678595
229.45,0.00135710834390717
229.46,0.00135301567186792
229.47,0.00134894092380107
229.48,0.0013448839543512
229.49,0.00134084462256188
229.5,0.00133682278476618
229.51,0.00133281830035945
229.52,0.00132883103027275
229.53,0.0013248608368968
229.54,0.00132090758406311
229.55,0.00131697113702526
229.56,0.00131305136266702
229.57,0.00130914813125562
229.58,0.00130526131113091
229.59,0.0013013907733953
229.6,0.00129753639052547
229.61,0.00129369803635608
229.62,0.0012898755860637
229.63,0.00128606891615049
229.64,0.00128227790429237
229.65,0.00127850242913523
229.66,0.00127474237130591
229.67,0.0012709976123644
229.68,0.00126726803510508
229.69,0.0012635535235398
229.7,0.00125985396288128
229.71,0.0012561692395263
229.72,0.00125249924103897
229.73,0.00124884385689298
229.74,0.00124520297657316
229.75,0.00124157649113205
229.76,0.00123796429274194
229.77,0.00123436627467142
229.78,0.0012307823312692
229.79,0.0012272123579481
229.8,0.0012236562511689
229.81,0.00122011391159035
229.82,0.00121658523767961
229.83,0.00121307012856915
229.84,0.00120956848537176
229.85,0.00120608021024299
229.86,0.00120260520636897
229.87,0.00119914337795428
229.88,0.00119569463020963
229.89,0.00119225887010026
229.9,0.00118883600554837
229.91,0.00118542594424894
229.92,0.00118202859555538
229.93,0.00117864386979598
229.94,0.00117527167826321
229.95,0.00117191193320311
229.96,0.00116856454780471
229.97,0.00116522943523384
229.98,0.00116190650633005
229.99,0.00115859567925342
230,0.0011552968701565
230.01,0.00115200999599356
230.02,0.00114873497450522
230.03,0.00114547172420314
230.04,0.00114222016435466
230.05,0.00113898021496745
230.06,0.00113575180570264
230.07,0.00113253485422843
230.08,0.00112932928345125
230.09,0.001126135017498
230.1,0.00112295198131592
230.11,0.00111978010066525
230.12,0.00111661930211206
230.13,0.00111346951302079
230.14,0.0011103306588305
230.15,0.00110720266823026
230.16,0.00110408547140118
230.17,0.00110097899826123
230.18,0.00109788317942151
230.19,0.00109479794617523
230.2,0.00109172323048695
230.21,0.00108865896498163
230.22,0.00108560508441357
230.23,0.00108256152487328
230.24,0.00107952822017756
230.25,0.00107650510632459
230.26,0.00107349212004588
230.27,0.00107048919880359
230.28,0.00106749628078776
230.29,0.00106451329999436
230.3,0.00106154019676403
230.31,0.0010585769109224
230.32,0.00105562338225025
230.33,0.00105267955105359
230.34,0.00104974535814908
230.35,0.00104682074606385
230.36,0.00104390566010032
230.37,0.00104100004135477
230.38,0.00103810383364399
230.39,0.00103521698141235
230.4,0.00103233942973178
230.41,0.00102947112342627
230.42,0.00102661200810934
230.43,0.00102376203101343
230.44,0.00102092113940927
230.45,0.00101808928116604
230.46,0.00101526640475131
230.47,0.00101245245608106
230.48,0.00100964738473426
230.49,0.00100685114099724
230.5,0.00100406367499145
230.51,0.001001284937369
230.52,0.000998514879315191
230.53,0.000995753453158143
230.54,0.00099300061090481
230.55,0.000990256305426949
230.56,0.000987520490136566
230.57,0.000984793118985818
230.58,0.000982074145836201
230.59,0.00097936352328544
230.6,0.000976661207851809
230.61,0.00097396715512443
230.62,0.000971281321182241
230.63,0.000968603662593904
230.64,0.000965934134489872
230.65,0.000963272692298527
230.66,0.000960619294883589
230.67,0.000957973900002002
230.68,0.000955336465827977
230.69,0.000952706950952892
230.7,0.000950085316471649
230.71,0.000947471522143537
230.72,0.000944865527686521
230.73,0.000942267293892966
230.74,0.0009396767820215
230.75,0.000937093953796912
230.76,0.000934518766664219
230.77,0.000931951184803701
230.78,0.000929391170736351
230.79,0.000926838687196132
230.8,0.000924293697306544
230.81,0.000921756164472993
230.82,0.000919226051785242
230.83,0.00091670332385444
230.84,0.000914187945212659
230.85,0.000911679880767069
230.86,0.000909179095799931
230.87,0.000906685555437409
230.88,0.000904199224511084
230.89,0.000901720069903947
230.9,0.000899248058094261
230.91,0.000896783155906535
230.92,0.000894325330511504
230.93,0.000891874549031942
230.94,0.000889430779011812
230.95,0.000886993988788398
230.96,0.000884564146779172
230.97,0.000882141221734979
230.98,0.000879725182740026
230.99,0.000877315998135152
231,0.000874913637532484
231.01,0.000872518071074345
231.02,0.000870129268911981
231.03,0.000867747201505642
231.04,0.000865371839624585
231.05,0.000863003153237821
231.06,0.000860641114029731
231.07,0.000858285693579599
231.08,0.000855936863683994
231.09,0.000853594596429738
231.1,0.000851258864068135
231.11,0.000848929637988258
231.12,0.000846606891692081
231.13,0.000844290598222448
231.14,0.000841980730893482
231.15,0.000839677263290571
231.16,0.00083738016927037
231.17,0.000835089421718345
231.18,0.000832804995536615
231.19,0.000830526865229723
231.2,0.00082825500554614
231.21,0.000825989391489048
231.22,0.000823729998316338
231.23,0.000821476800714794
231.24,0.000819229774625565
231.25,0.000816988896029869
231.26,0.000814754141054385
231.27,0.000812525486067512
231.28,0.000810302907679367
231.29,0.000808086381226434
231.3,0.000805875883730737
231.31,0.000803671392620673
231.32,0.000801472885144791
231.33,0.000799280338764634
231.34,0.000797093731154722
231.35,0.0007949130397186
231.36,0.000792738242360279
231.37,0.000790569317497206
231.38,0.000788406243527114
231.39,0.000786248999049344
231.4,0.000784097562864829
231.41,0.00078195191413457
231.42,0.00077981203221177
231.43,0.000777677896432068
231.44,0.0007755494864566
231.45,0.000773426782152927
231.46,0.000771309763595016
231.47,0.000769198410562631
231.48,0.000767092702628408
231.49,0.000764992620894694
231.5,0.000762898146029446
231.51,0.000760809258886095
231.52,0.000758725940503536
231.53,0.000756648171615531
231.54,0.000754575931876503
231.55,0.000752509203645396
231.56,0.000750447968356005
231.57,0.00074839220759582
231.58,0.000746341903106074
231.59,0.00074429703687497
231.6,0.000742257591763642
231.61,0.000740223549627798
231.62,0.000738194892956621
231.63,0.000736171604405292
231.64,0.000734153666795036
231.65,0.000732141063108506
231.66,0.000730133775019584
231.67,0.000728131786469785
231.68,0.000726135080735975
231.69,0.000724143641241506
231.7,0.000722157451556271
231.71,0.000720176495396684
231.72,0.000718200755728235
231.73,0.000716230216773884
231.74,0.000714264862634679
231.75,0.000712304677453376
231.76,0.000710349645505455
231.77,0.000708399751199109
231.78,0.000706454979406556
231.79,0.000704515314804784
231.8,0.00070258074218502
231.81,0.000700651246556463
231.82,0.00069872681306712
231.83,0.000696807427003851
231.84,0.000694893072817312
231.85,0.000692983735727724
231.86,0.000691079401625969
231.87,0.000689180056102104
231.88,0.000687285684862719
231.89,0.000685396273730976
231.9,0.000683511808707409
231.91,0.000681632275911877
231.92,0.000679757661502723
231.93,0.000677887951798359
231.94,0.000676023133236728
231.95,0.000674163192199474
231.96,0.000672308115061925
231.97,0.000670457888699731
231.98,0.000668612499922388
231.99,0.000666771935647827
232,0.000664936182748551
232.01,0.000663105227926308
232.02,0.000661279058546141
232.03,0.000659457661833261
232.04,0.000657641025107933
232.05,0.00065582913581763
232.06,0.000654021981632103
232.07,0.000652219550109892
232.08,0.00065042182899139
232.09,0.000648628806116304
232.1,0.000646840469456741
232.11,0.000645056807413491
232.12,0.000643277808014574
232.13,0.000641503459577083
232.14,0.000639733750526088
232.15,0.000637968669389488
232.16,0.000636208204134888
232.17,0.000634452343718845
232.18,0.000632701076864211
232.19,0.000630954392387138
232.2,0.000629212279197119
232.21,0.000627474725333821
232.22,0.000625741720054638
232.23,0.000624013252404078
232.24,0.000622289311428985
232.25,0.000620569886246044
232.26,0.000618854966798173
232.27,0.000617144542362081
232.28,0.000615438602329933
232.29,0.000613737136310817
232.3,0.000612040134005062
232.31,0.000610347585328852
232.32,0.000608659480223546
232.33,0.000606975808684085
232.34,0.000605296560837192
232.35,0.00060362172674229
232.36,0.00060195129654217
232.37,0.000600285260649651
232.38,0.000598623609475388
232.39,0.000596966333308338
232.4,0.000595313422271973
232.41,0.000593664867060313
232.42,0.000592020658222567
232.43,0.000590380786493166
232.44,0.000588745243148441
232.45,0.000587114018847568
232.46,0.000585487104596929
232.47,0.000583864491488815
232.48,0.000582246170675754
232.49,0.000580632133430682
232.5,0.000579022371100914
232.51,0.000577416875120075
232.52,0.000575815637048945
232.53,0.000574218648493215
232.54,0.000572625901155937
232.55,0.000571037386830733
232.56,0.000569453097262355
232.57,0.000567873024373487
232.58,0.000566297160195688
232.59,0.00056472549681189
232.6,0.000563158026475635
232.61,0.000561594741510767
232.62,0.000560035634250486
232.63,0.000558480697154833
232.64,0.000556929922681251
232.65,0.000555383303271377
232.66,0.00055384083161604
232.67,0.000552302500409423
232.68,0.000550768303233895
232.69,0.000549238232945866
232.7,0.000547712282780074
232.71,0.000546190446133602
232.72,0.000544672716539378
232.73,0.000543159087614362
232.74,0.000541649553029726
232.75,0.000540144105225246
232.76,0.000538642738183139
232.77,0.000537145445426718
232.78,0.000535652221226638
232.79,0.000534163059837673
232.8,0.000532677955148116
232.81,0.000531196901446499
232.82,0.000529719893430283
232.83,0.000528246925580149
232.84,0.000526777992632978
232.85,0.000525313089329758
232.86,0.000523852210605105
232.87,0.000522395351556076
232.88,0.000520942507287204
232.89,0.00051949367277001
232.9,0.000518048843418874
232.91,0.00051660801462674
232.92,0.000515171182698644
232.93,0.000513738343468439
232.94,0.000512309492941795
232.95,0.00051088462754643
232.96,0.000509463744200007
232.97,0.000508046839646151
232.98,0.00050663391036828
232.99,0.000505224952635351
233,0.000503819963511414
233.01,0.00050241893981411
233.02,0.00050102187844085
233.03,0.00049962877639082
233.04,0.000498239632260931
233.05,0.000496854444038968
233.06,0.000495473209849494
233.07,0.000494095928947321
233.08,0.00049272260031717
233.09,0.000491353223305523
233.1,0.000489987796025145
233.11,0.000488626318255175
233.12,0.000487268789351676
233.13,0.000485915208316389
233.14,0.000484565574787249
233.15,0.000483219888971792
233.16,0.000481878152313713
233.17,0.000480540365175258
233.18,0.000479206529346462
233.19,0.000477876647338198
233.2,0.000476550721389599
233.21,0.000475228753495411
233.22,0.00047391074612373
233.23,0.000472596702494729
233.24,0.0004712866254014
233.25,0.00046998051816343
233.26,0.000468678384357817
233.27,0.000467380228719777
233.28,0.00046608605544298
233.29,0.000464795869460895
233.3,0.000463509677779396
233.31,0.000462227486251605
233.32,0.000460949301739452
233.33,0.000459675131540976
233.34,0.000458404983546426
233.35,0.000457138866082271
233.36,0.000455876787911141
233.37,0.000454618758375793
233.38,0.00045336478751456
233.39,0.000452114885992393
233.4,0.000450869064775143
233.41,0.000449627335667531
233.42,0.000448389711003145
233.43,0.000447156203601495
233.44,0.000445926829434396
233.45,0.000444701603781196
233.46,0.000443480542726445
233.47,0.000442263659180743
233.48,0.000441050970385497
233.49,0.000439842493628765
233.5,0.000438638253563049
233.51,0.000437438269420791
233.52,0.000436242562793786
233.53,0.000435051153224909
233.54,0.00043386406452917
233.55,0.000432681320550696
233.56,0.000431502946488552
233.57,0.00043032896771545
233.58,0.000429159412526082
233.59,0.000427994311019787
233.6,0.00042683369281155
233.61,0.000425677590113508
233.62,0.000424526036331465
233.63,0.00042337906597599
233.64,0.000422236715063577
233.65,0.000421099020973208
233.66,0.000419966022463115
233.67,0.000418837761081413
233.68,0.000417714278593376
233.69,0.000416595618866429
233.7,0.000415481829098279
233.71,0.000414372956428185
233.72,0.000413269050598285
233.73,0.000412170164203761
233.74,0.00041107635048805
233.75,0.000409987665443721
233.76,0.000408904167621233
233.77,0.000407825916704685
233.78,0.000406752975518662
233.79,0.000405685409271459
233.8,0.000404623284588391
233.81,0.000403566671796849
233.82,0.000402515643221834
233.83,0.000401470273109072
233.84,0.000400430639828019
233.85,0.000399396823264577
233.86,0.000398368905915253
233.87,0.000397346974659281
233.88,0.000396331117515667
233.89,0.000395321425876176
233.9,0.000394317995338064
233.91,0.000393320922924208
233.92,0.000392330309369129
233.93,0.000391346259458342
233.94,0.000390368879763562
233.95,0.000389398280677926
233.96,0.000388434576284037
233.97,0.000387477883348784
233.98,0.000386528323500882
233.99,0.000385586020713968
234,0.000384651102797341
234.01,0.000383723701030657
234.02,0.000382803950190465
234.03,0.000381891988784248
234.04,0.000380987958628632
234.05,0.000380092005981705
234.06,0.000379204280217021
234.07,0.000378324934808331
234.08,0.000377454127250035
234.09,0.000376592018503126
234.1,0.000375738773803943
234.11,0.000374894561911551
234.12,0.000374059555741697
234.13,0.000373233932126309
234.14,0.000372417871687621
234.15,0.000371611559497103
234.16,0.000370815184173707
234.17,0.000370028938674121
234.18,0.000369253020076291
234.19,0.000368487629288183
234.2,0.00036773297173529
234.21,0.000366989256603127
234.22,0.000366256697429063
234.23,0.000365535512000635
234.24,0.000364825922056648
234.25,0.000364128154009913
234.26,0.000363442438042419
234.27,0.000362769008744603
234.28,0.000362108105591464
234.29,0.000361459971648003
234.3,0.000360824854692252
234.31,0.000360203007384517
234.32,0.000359594686072595
234.33,0.000359000152082608
234.34,0.000358419671484263
234.35,0.000357853514265951
234.36,0.000357301955784662
234.37,0.000356765275933874
234.38,0.000356243758775706
234.39,0.000355737694411762
234.4,0.000355247376985209
234.41,0.000354773105278986
234.42,0.000354315184888103
234.43,0.000353873924968589
234.44,0.000353449640346117
234.45,0.000353042651355563
234.46,0.000352653284282946
234.47,0.000352281870184025
234.48,0.000351928745990397
234.49,0.000351594254977919
234.5,0.00035127874619275
234.51,0.00035098257431823
234.52,0.000350706100334515
234.53,0.000350449693212957
234.54,0.00035021372669052
234.55,0.000349998581722999
234.56,0.000349804646522791
234.57,0.000349632317395676
234.58,0.000349481996499768
234.59,0.000349354093961961
234.6,0.000349249028612284
234.61,0.00034916722704322
234.62,0.000349109123446229
234.63,0.000349075160712922
234.64,0.000349065792452442
234.65,0.000349081479196942
234.66,0.0003491226914186
234.67,0.000349189909920032
234.68,0.000349283626931376
234.69,0.000349404342329106
234.7,0.00034955256745557
234.71,0.000349728824538947
234.72,0.00034993365233269
234.73,0.000350167595054488
234.74,0.000350431211097775
234.75,0.000350725071209145
234.76,0.000351049763534881
234.77,0.000351405887065605
234.78,0.000351794053363798
234.79,0.000352214889360907
234.8,0.000352669038966735
234.81,0.000353157163602848
234.82,0.00035367993613049
234.83,0.000354238047719982
234.84,0.000354832207119637
234.85,0.00035546314694652
234.86,0.000356131610424096
234.87,0.000356838362443022
234.88,0.00035758418734474
234.89,0.000358369896779205
234.9,0.000359196317809253
234.91,0.000360064299236712
234.92,0.000360974713285287
234.93,0.000361928459719823
234.94,0.000362926463896701
234.95,0.000363969670582811
234.96,0.00036505905293834
234.97,0.000366195612470517
234.98,0.000367380386098297
234.99,0.000368614428992776
235,0.000369898829860219
235.01,0.000371234707896896
235.02,0.000372623224617708
235.03,0.00037406556497894
235.04,0.000375562948913901
235.05,0.000377116632468216
235.06,0.00037872791391226
235.07,0.000380398131651091
235.08,0.000382128654261216
235.09,0.000383920894268561
235.1,0.000385776307036557
235.11,0.000387696403788507
235.12,0.000389682723647004
235.13,0.000391736857450124
235.14,0.000393860443064375
235.15,0.000396055179525253
235.16,0.000398322807389463
235.17,0.000400665117923586
235.18,0.000403083958138375
235.19,0.000405581236462764
235.2,0.000408158924454475
235.21,0.000410819039894989
235.22,0.000413563666629215
235.23,0.000416394951782682
235.24,0.000419315124462844
235.25,0.000422326459590421
235.26,0.000425431308067855
235.27,0.000428632091191586
235.28,0.000431931315167529
235.29,0.000435331554824845
235.3,0.000438835457769035
235.31,0.000442445753950168
235.32,0.000446165256736741
235.33,0.000449996867774497
235.34,0.000453943568157605
235.35,0.000458008429434538
235.36,0.000462194618804505
235.37,0.000466505394506113
235.38,0.000470944108360915
235.39,0.000475514211020096
235.4,0.000480219253471568
235.41,0.000485062888306181
235.42,0.000490048872605217
235.43,0.000495181067984766
235.44,0.000500463442783762
235.45,0.000505900078702385
235.46,0.000511495168602652
235.47,0.000517253012717579
235.48,0.000523178031858736
235.49,0.000529274764247763
235.5,0.00053554786440959
235.51,0.000542002096357922
235.52,0.000548642358597708
235.53,0.000555473668245491
235.54,0.000562501153916719
235.55,0.000569730066967663
235.56,0.000577165794337563
235.57,0.000584813843889915
235.58,0.000592679804610312
235.59,0.000600769432428226
235.6,0.000609088593490614
235.61,0.000617643265694485
235.62,0.000626439511459448
235.63,0.000635483557219795
235.64,0.000644781730328751
235.65,0.000654340417339465
235.66,0.000664166100270789
235.67,0.000674265415801279
235.68,0.000684645074997636
235.69,0.00069531182918892
235.7,0.000706272558671499
235.71,0.000717534221464958
235.72,0.000729103831491877
235.73,0.000740988354845755
235.74,0.000753194944890756
235.75,0.000765730757494443
235.76,0.00077860289885176
235.77,0.000791818423981214
235.78,0.000805384528083343
235.79,0.000819308340849448
235.8,0.000833596882787318
235.81,0.000848257180263289
235.82,0.000863296218928436
235.83,0.000878720890729965
235.84,0.000894537806980107
235.85,0.000910753668962687
235.86,0.000927374977478334
235.87,0.000944408009015182
235.88,0.0009618587363182
235.89,0.000979733106445266
235.9,0.000998036767123304
235.91,0.00101677498292107
235.92,0.00103595275982294
235.93,0.00105557485000833
235.94,0.00107564562902979
235.95,0.00109616895194388
235.96,0.00111714841885835
235.97,0.00113858715153496
235.98,0.00116048779006751
235.99,0.00118285241553754
236,0.00120568267527294
236.01,0.00122897963519468
236.02,0.00125274376081715
236.03,0.00127697490515897
236.04,0.00130167230341015
236.05,0.00132683451499965
236.06,0.00135245947145003
236.07,0.00137854433712341
236.08,0.00140508554211071
236.09,0.00143207878437048
236.1,0.00145951916063387
236.11,0.00148740076445152
236.12,0.00151571694541935
236.13,0.00154446036480987
236.14,0.00157362295781564
236.15,0.00160319560130353
236.16,0.00163316840838158
236.17,0.0016635309932202
236.18,0.00169427192950065
236.19,0.001725378900274
236.2,0.00175683883801289
236.21,0.00178863838860555
236.22,0.00182076282680874
236.23,0.00185319683407394
236.24,0.00188592445964092
236.25,0.00191892932688019
236.26,0.00195219405467704
236.27,0.00198570077930063
236.28,0.00201943111687948
236.29,0.00205336601582954
236.3,0.00208748595104095
236.31,0.00212177095510369
236.32,0.00215620052156592
236.33,0.0021907538169387
236.34,0.00222540976763168
236.35,0.00226014681863577
236.36,0.00229494327469235
236.37,0.00232977735450356
236.38,0.0023646269798276
236.39,0.00239947004650858
236.4,0.0024342844339364
236.41,0.00246904800002695
236.42,0.0025037386500362
236.43,0.00253833435913238
236.44,0.00257281328745373
236.45,0.00260715375989674
236.46,0.00264133432067512
236.47,0.00267533381129499
236.48,0.00270913138267264
236.49,0.00274270654445606
236.5,0.00277603922870514
236.51,0.00280910977421677
236.52,0.00284189895915556
236.53,0.0028743881468387
236.54,0.00290655915120902
236.55,0.00293839427671211
236.56,0.00296987653948728
236.57,0.00300098944789702
236.58,0.00303171706014568
236.59,0.00306204419472645
236.6,0.00309195622207899
236.61,0.00312143912409536
236.62,0.00315047965011551
236.63,0.00317906513457684
236.64,0.00320718354518726
236.65,0.00323482363727158
236.66,0.00326197474978843
236.67,0.00328862685504498
236.68,0.0033147707098301
236.69,0.00334039764497659
236.7,0.00336549961545404
236.71,0.00339006932448809
236.72,0.00341410003878604
236.73,0.00343758563100828
236.74,0.00346052066786646
236.75,0.00348290026091374
236.76,0.00350472009803661
236.77,0.00352597650302276
236.78,0.00354666631399576
236.79,0.00356678690566862
236.8,0.00358633622896027
236.81,0.00360531271083194
236.82,0.00362371526875868
236.83,0.0036415433333726
236.84,0.00365879677387728
236.85,0.00367547590231872
236.86,0.00369158147766673
236.87,0.00370711465541548
236.88,0.0037220769829754
236.89,0.00373647039399962
236.9,0.00375029717786555
236.91,0.00376355996666382
236.92,0.0037762617187605
236.93,0.00378840570732948
236.94,0.00379999550016352
236.95,0.00381103493795853
236.96,0.00382152813655114
236.97,0.00383147946121873
236.98,0.00384089350149773
236.99,0.00384977508066797
237,0.00385812922819219
237.01,0.0038659611557152
237.02,0.00387327627279879
237.03,0.00388008015425856
237.04,0.00388637851602033
237.05,0.0038921772350439
237.06,0.0038974823319414
237.07,0.00390229992196945
237.08,0.00390663624761022
237.09,0.00391049767744959
237.1,0.00391389063617482
237.11,0.00391682164379507
237.12,0.00391929732502107
237.13,0.00392132433320953
237.14,0.00392290938755325
237.15,0.003924059290707
237.16,0.00392478085102161
237.17,0.00392508091913982
237.18,0.00392496640171109
237.19,0.00392444420379369
237.2,0.00392352124480013
237.21,0.00392220447570102
237.22,0.00392050084394173
237.23,0.00391841728491318
237.24,0.00391596074488853
237.25,0.00391313816364423
237.26,0.00390995644816189
237.27,0.00390642249781502
237.28,0.00390254320183698
237.29,0.00389832540057996
237.3,0.00389377591153057
237.31,0.00388890153579096
237.32,0.0038837090144818
237.33,0.00387820505320005
237.34,0.00387239633430556
237.35,0.00386628947189622
237.36,0.00385989103583319
237.37,0.00385320756003652
237.38,0.00384624551302737
237.39,0.00383901130650927
237.4,0.00383151130542136
237.41,0.00382375181346973
237.42,0.00381573906667027
237.43,0.00380747924615061
237.44,0.00379897847339959
237.45,0.00379024279510859
237.46,0.00378127819723776
237.47,0.00377209060635437
237.48,0.0037626858680133
237.49,0.00375306976091442
237.5,0.00374324800690496
237.51,0.00373322624424777
237.52,0.00372301004021555
237.53,0.00371260489537903
237.54,0.00370201624239224
237.55,0.00369124943019319
237.56,0.00368030973729999
237.57,0.00366920238039316
237.58,0.00365793248896847
237.59,0.00364650512177366
237.6,0.00363492526780584
237.61,0.00362319784177851
237.62,0.00361132767936123
237.63,0.00359931954416988
237.64,0.00358717813210371
237.65,0.00357490805684432
237.66,0.00356251386012128
237.67,0.00355000001498216
237.68,0.00353737091826494
237.69,0.00352463089183086
237.7,0.00351178418753741
237.71,0.0034988349892185
237.72,0.00348578740066312
237.73,0.00347264545622027
237.74,0.00345941312048331
237.75,0.00344609429495879
237.76,0.00343269279932782
237.77,0.00341921238706128
237.78,0.00340565674315013
237.79,0.00339202949295503
237.8,0.00337833418185216
237.81,0.00336457429162945
237.82,0.00335075323733239
237.83,0.0033368743753101
237.84,0.00332294098729502
237.85,0.00330895629312715
237.86,0.00329492344823302
237.87,0.00328084555002715
237.88,0.00326672562683031
237.89,0.00325256664688433
237.9,0.00323837151687104
237.91,0.00322414308659661
237.92,0.00320988414212999
237.93,0.00319559741109942
237.94,0.00318128556276901
237.95,0.00316695121144678
237.96,0.00315259691224584
237.97,0.00313822516408474
237.98,0.00312383841074817
237.99,0.00310943904337397
238,0.00309502939774852
238.01,0.00308061175608945
238.02,0.00306618834865503
238.03,0.00305176135415751
238.04,0.00303733290268048
238.05,0.00302290507140276
238.06,0.0030084798892093
238.07,0.00299405933642985
238.08,0.00297964534584807
238.09,0.00296523980350145
238.1,0.00295084454856803
238.11,0.00293646137497473
238.12,0.00292209203190373
238.13,0.00290773822387705
238.14,0.00289340161252486
238.15,0.00287908381712602
238.16,0.00286478641498648
238.17,0.00285051094227231
238.18,0.00283625889241894
238.19,0.00282203172204393
238.2,0.00280783084773989
238.21,0.0027936576478265
238.22,0.00277951346216155
238.23,0.00276539959239991
238.24,0.00275131730637521
238.25,0.00273726783533436
238.26,0.00272325237563919
238.27,0.00270927208714602
238.28,0.00269532809721991
238.29,0.00268142150116454
238.3,0.00266755336126944
238.31,0.00265372470810198
238.32,0.00263993653602288
238.33,0.00262618981545685
238.34,0.00261248548454566
238.35,0.00259882445219005
238.36,0.00258520759870675
238.37,0.00257163577092724
238.38,0.00255810979249175
238.39,0.00254463046086419
238.4,0.00253119854590179
238.41,0.00251781479168499
238.42,0.00250447991329227
238.43,0.00249119460024755
238.44,0.0024779595231404
238.45,0.00246477532618422
238.46,0.00245164263038036
238.47,0.00243856203245278
238.48,0.00242553410153409
238.49,0.00241255939359117
238.5,0.00239963843981071
238.51,0.00238677175054949
238.52,0.00237395981587342
238.53,0.00236120309746383
238.54,0.00234850204800947
238.55,0.002335857097441
238.56,0.00232326865696432
238.57,0.00231073711965346
238.58,0.00229826285531413
238.59,0.002285846220281
238.6,0.00227348755527627
238.61,0.00226118718297394
238.62,0.00224894540990307
238.63,0.00223676252362153
238.64,0.00222463879494869
238.65,0.00221257448497763
238.66,0.00220056983754017
238.67,0.00218862508212981
238.68,0.00217674043304706
238.69,0.00216491608565719
238.7,0.00215315223008576
238.71,0.00214144904021891
238.72,0.00212980667725284
238.73,0.00211822529007979
238.74,0.00210670500848302
238.75,0.00209524595886905
238.76,0.0020838482535368
238.77,0.0020725119933511
238.78,0.00206123726833755
238.79,0.00205002415346502
238.8,0.00203887271611643
238.81,0.00202778301522823
238.82,0.00201675509854012
238.83,0.00200578900427373
238.84,0.00199488475906499
238.85,0.00198404237903512
238.86,0.00197326187604603
238.87,0.00196254325129817
238.88,0.00195188649767541
238.89,0.0019412915992048
238.9,0.00193075852764484
238.91,0.00192028725358941
238.92,0.00190987773763762
238.93,0.00189952993315654
238.94,0.00188924378654096
238.95,0.00187901923142759
238.96,0.00186885620196869
238.97,0.00185875462391927
238.98,0.00184871441644566
238.99,0.00183873549272743
239,0.00182881775914552
239.01,0.00181896111088564
239.02,0.0018091654462908
239.03,0.00179943065494209
239.04,0.00178975662127127
239.05,0.00178014322477316
239.06,0.0017705903373937
239.07,0.00176109782478031
239.08,0.00175166555371663
239.09,0.00174229338394111
239.1,0.00173298117095484
239.11,0.0017237287662079
239.12,0.00171453601306324
239.13,0.00170540275374739
239.14,0.00169632882844562
239.15,0.00168731407235293
239.16,0.00167835831722717
239.17,0.00166946139155294
239.18,0.00166062311550313
239.19,0.00165184331240296
239.2,0.00164312180076589
239.21,0.00163445839597667
239.22,0.00162585291069922
239.23,0.00161730515428374
239.24,0.00160881493003083
239.25,0.00160038204440166
239.26,0.00159200629929438
239.27,0.00158368749438109
239.28,0.00157542542723627
239.29,0.001567219891626
239.3,0.00155907067847601
239.31,0.0015509775803303
239.32,0.00154294038630857
239.33,0.0015349588838462
239.34,0.00152703285880623
239.35,0.00151916209256205
239.36,0.00151134636721525
239.37,0.00150358546451615
239.38,0.00149587916395118
239.39,0.00148822724380276
239.4,0.00148062948124834
239.41,0.00147308564968333
239.42,0.00146559552303364
239.43,0.00145815887584256
239.44,0.0014507754806494
239.45,0.00144344510919096
239.46,0.00143616753248743
239.47,0.00142894251854825
239.48,0.00142176983559992
239.49,0.00141464925325263
239.5,0.00140758053937997
239.51,0.00140056346138611
239.52,0.00139359778627938
239.53,0.00138668327892234
239.54,0.00137981970408078
239.55,0.00137300682832483
239.56,0.00136624441684603
239.57,0.00135953223465165
239.58,0.00135287004662773
239.59,0.00134625761630281
239.6,0.00133969470694341
239.61,0.0013331810837871
239.62,0.00132671651109052
239.63,0.00132030075317826
239.64,0.00131393357449733
239.65,0.00130761473860551
239.66,0.00130134400868954
239.67,0.00129512115028764
239.68,0.00128894592815992
239.69,0.00128281810734338
239.7,0.00127673745319831
239.71,0.00127070373116024
239.72,0.00126471670648648
239.73,0.00125877614526671
239.74,0.00125288181345515
239.75,0.001247033477184
239.76,0.00124123090276362
239.77,0.00123547386369514
239.78,0.00122976212480482
239.79,0.00122409545394251
239.8,0.00121847361958983
239.81,0.00121289639054434
239.82,0.00120736353939372
239.83,0.00120187483901666
239.84,0.00119643005808721
239.85,0.00119102896813163
239.86,0.00118567134113626
239.87,0.00118035694999495
239.88,0.00117508557492227
239.89,0.0011698569867417
239.9,0.00116467096066928
239.91,0.00115952727252399
239.92,0.00115442569872776
239.93,0.00114936602007765
239.94,0.00114434801580058
239.95,0.00113937146373029
239.96,0.001134436143923
239.97,0.00112954183715661
239.98,0.0011246883253196
239.99,0.00111987539312806
240,0.00111510282383467
240.01,0.00111037040239901
