T,R
0,0.0225145750785634
0.00999999999999091,0.0224492226661099
0.0199999999999818,0.0223851119246948
0.0299999999999727,0.0223222233093543
0.039999999999992,0.0222605376737551
0.0499999999999829,0.0222000362583828
0.0599999999999739,0.0221407009103629
0.0699999999999932,0.0220825136674121
0.0799999999999841,0.0220254569026071
0.089999999999975,0.0219695133963949
0.0999999999999943,0.0219146662765733
0.109999999999985,0.0218608991420792
0.119999999999976,0.0218081959539053
0.129999999999995,0.0217565407940539
0.139999999999986,0.0217059181651921
0.149999999999977,0.0216563128806364
0.159999999999997,0.0216077100550845
0.169999999999987,0.0215600953286827
0.179999999999978,0.0215134544544492
0.189999999999998,0.0214677734162909
0.199999999999989,0.0214230385401382
0.20999999999998,0.0213792364232094
0.219999999999999,0.021336353925884
0.22999999999999,0.0212943784844594
0.239999999999981,0.0212532973887117
0.25,0.0212130983143999
0.259999999999991,0.0211737691904453
0.269999999999982,0.0211352981840021
0.279999999999973,0.0210976737397551
0.289999999999992,0.0210608847151701
0.299999999999983,0.0210249198918505
0.309999999999974,0.020989768393547
0.319999999999993,0.0209554195598572
0.329999999999984,0.0209218629401183
0.339999999999975,0.0208890883753253
0.349999999999994,0.02085708594356
0.359999999999985,0.0208258457652101
0.369999999999976,0.0207953582298107
0.379999999999995,0.0207656139166447
0.389999999999986,0.0207366035893909
0.399999999999977,0.0207083183108566
0.409999999999997,0.0206807492397666
0.419999999999987,0.0206538876687372
0.429999999999978,0.0206277250984802
0.439999999999998,0.0206022531961122
0.449999999999989,0.0205774637904193
0.45999999999998,0.0205533490336951
0.469999999999999,0.0205299010337355
0.47999999999999,0.020507112112473
0.489999999999981,0.0204849747502447
0.5,0.0204634815738447
0.509999999999991,0.0204426253793506
0.519999999999982,0.0204223992348715
0.529999999999973,0.0204027961330352
0.539999999999992,0.0203838092888005
0.549999999999983,0.0203654320500467
0.559999999999974,0.0203476578939233
0.569999999999993,0.020330480431503
0.579999999999984,0.0203138935621179
0.589999999999975,0.0202978910739489
0.599999999999994,0.0202824669656918
0.609999999999985,0.0202676153538771
0.619999999999976,0.0202533304696962
0.629999999999995,0.0202396066558282
0.639999999999986,0.0202264385093188
0.649999999999977,0.0202138205526931
0.659999999999997,0.0202017474718225
0.669999999999987,0.0201902140637993
0.679999999999978,0.02017921522753
0.689999999999998,0.0201687459609708
0.699999999999989,0.0201588014758256
0.70999999999998,0.0201493769584924
0.719999999999999,0.0201404677013114
0.72999999999999,0.0201320691085602
0.739999999999981,0.0201241766756184
0.75,0.0201167859865928
0.759999999999991,0.0201098927897278
0.769999999999982,0.0201034928612906
0.779999999999973,0.0200975820390117
0.789999999999992,0.0200921562680389
0.799999999999983,0.0200872115750711
0.809999999999974,0.0200827440662967
0.819999999999993,0.0200787499641285
0.829999999999984,0.0200752255544089
0.839999999999975,0.0200721671650745
0.849999999999994,0.0200695712180143
0.859999999999985,0.0200674342072189
0.869999999999976,0.0200657526969166
0.879999999999995,0.0200645233595075
0.889999999999986,0.0200637429464942
0.899999999999977,0.0200634082091241
0.909999999999997,0.0200635159981447
0.919999999999987,0.0200640632291068
0.929999999999978,0.0200650468807654
0.939999999999998,0.0200664640328813
0.949999999999989,0.020068311875494
0.95999999999998,0.0200705875365873
0.969999999999999,0.0200732882602292
0.97999999999999,0.0200764113500462
0.989999999999981,0.0200799541679058
1,0.0200839141325979
1.00999999999999,0.0200882887221989
1.01999999999998,0.0200930754659984
1.02999999999997,0.0200982719462878
1.03999999999999,0.0201038757979584
1.04999999999998,0.0201098847065076
1.05999999999997,0.0201162964270577
1.06999999999999,0.0201231087957827
1.07999999999998,0.0201303196336638
1.08999999999997,0.0201379268379517
1.09999999999999,0.0201459283540154
1.10999999999999,0.0201543221743458
1.11999999999998,0.0201631063975694
1.13,0.0201722791045851
1.13999999999999,0.0201818384369157
1.14999999999998,0.0201917825881066
1.16,0.0202021097976824
1.16999999999999,0.0202128183315895
1.17999999999998,0.0202239064883867
1.19,0.0202353726446888
1.19999999999999,0.0202472152011758
1.20999999999998,0.0202594325981517
1.22,0.0202720233146189
1.22999999999999,0.0202849858675709
1.23999999999998,0.0202983188105851
1.25,0.0203120207332686
1.25999999999999,0.0203260902602401
1.26999999999998,0.020340526050204
1.27999999999997,0.020355326853432
1.28999999999999,0.0203704914531458
1.29999999999998,0.0203860186027917
1.30999999999997,0.0204019071266622
1.31999999999999,0.0204181558852854
1.32999999999998,0.0204347637748086
1.33999999999997,0.0204517297241494
1.34999999999999,0.0204690527006461
1.35999999999999,0.0204867317047164
1.36999999999998,0.0205047657707561
1.38,0.0205231539667067
1.38999999999999,0.0205418953123198
1.39999999999998,0.0205609889247588
1.41,0.0205804339974514
1.41999999999999,0.0206002297220327
1.42999999999998,0.0206203753237483
1.44,0.0206408700614545
1.44999999999999,0.0206617131124687
1.45999999999998,0.0206829037982799
1.47,0.0207044414818112
1.47999999999999,0.0207263255299357
1.48999999999998,0.0207485553407522
1.5,0.0207711303435854
1.50999999999999,0.0207940499098861
1.51999999999998,0.0208173135494061
1.52999999999997,0.0208409207788539
1.53999999999999,0.0208648711351543
1.54999999999998,0.0208891641849121
1.55999999999997,0.0209137995244133
1.56999999999999,0.0209387766229182
1.57999999999998,0.0209640951967001
1.58999999999997,0.0209897549080751
1.59999999999999,0.0210157554458166
1.60999999999999,0.0210420965260598
1.61999999999998,0.0210687778752125
1.63,0.0210957990845911
1.63999999999999,0.0211231600242767
1.64999999999998,0.0211508604890131
1.66,0.0211789002979507
1.66999999999999,0.0212072792946457
1.67999999999998,0.021235997339366
1.69,0.021265054292258
1.69999999999999,0.0212944500831017
1.70999999999998,0.0213241846465342
1.72,0.0213542579409783
1.72999999999999,0.0213846699486429
1.73999999999998,0.0214154206621319
1.75,0.0214465100840401
1.75999999999999,0.0214779382817997
1.76999999999998,0.0215097053269727
1.77999999999997,0.0215418113144134
1.78999999999999,0.0215742563622687
1.79999999999998,0.0216070406119775
1.80999999999997,0.0216401641239546
1.81999999999999,0.021673627089032
1.82999999999998,0.0217074297270127
1.83999999999997,0.0217415722532936
1.84999999999999,0.0217760549049817
1.85999999999999,0.0218108779408938
1.86999999999998,0.0218460416233065
1.88,0.0218815461386127
1.88999999999999,0.0219173918659913
1.89999999999998,0.0219535791336078
1.91,0.0219901082898229
1.91999999999999,0.0220269797031929
1.92999999999998,0.0220641937624695
1.94,0.0221017508421398
1.94999999999999,0.0221396513528553
1.95999999999998,0.0221778957558042
1.97,0.0222164845118464
1.97999999999999,0.022255418101312
1.98999999999998,0.0222946970240013
2,0.0223343217991845
2.00999999999999,0.0223742929127055
2.01999999999998,0.0224146109454829
2.02999999999997,0.0224552764695104
2.03999999999999,0.0224962900747163
2.04999999999998,0.0225376523699143
2.05999999999997,0.0225793639828047
2.06999999999999,0.0226214255411933
2.07999999999998,0.022663837679872
2.08999999999997,0.0227066010992022
2.09999999999999,0.0227497164952101
2.10999999999999,0.0227931845821945
2.11999999999998,0.0228370060927271
2.13,0.022881181777653
2.13999999999999,0.0229257123546663
2.14999999999998,0.0229705986245661
2.16,0.0230158413989969
2.16999999999999,0.0230614414966434
2.17999999999998,0.0231073997541181
2.19,0.023153717025961
2.19999999999999,0.0232003941846392
2.20999999999998,0.0232474321205477
2.22,0.0232948317331144
2.22999999999999,0.023342593906154
2.23999999999998,0.0233907196110436
2.25,0.0234392098056953
2.25999999999999,0.0234880654656614
2.26999999999998,0.0235372875841344
2.27999999999997,0.0235868771719473
2.28999999999999,0.0236368352575732
2.29999999999998,0.0236871628871251
2.30999999999997,0.0237378610709151
2.31999999999999,0.0237889308737624
2.32999999999998,0.0238403734188104
2.33999999999997,0.0238921898150565
2.34999999999999,0.0239443811886255
2.35999999999999,0.0239969486827702
2.36999999999998,0.0240498934578719
2.38,0.0241032166914398
2.38999999999999,0.024156919578111
2.39999999999998,0.0242110033080498
2.41,0.0242654691220382
2.41999999999999,0.0243203182649298
2.42999999999998,0.02437555199812
2.44,0.0244311716000183
2.44999999999999,0.0244871783660477
2.45999999999998,0.0245435736086457
2.47,0.0246003586572639
2.47999999999999,0.0246575348651649
2.48999999999998,0.0247151036062892
2.5,0.0247730662531771
2.50999999999999,0.0248314242049241
2.51999999999998,0.0248901788777478
2.52999999999997,0.0249493317049871
2.53999999999999,0.0250088841371027
2.54999999999998,0.0250688376416761
2.55999999999997,0.0251291937034111
2.56999999999999,0.0251899538561915
2.57999999999998,0.0252511196127273
2.58999999999997,0.0253126925041109
2.59999999999999,0.02537467408696
2.60999999999999,0.0254370659352388
2.61999999999998,0.0254998696402599
2.63,0.0255630868106829
2.63999999999999,0.0256267190725149
2.64999999999998,0.0256907680769728
2.66,0.0257552355306132
2.66999999999999,0.0258201230783018
2.67999999999998,0.0258854324184122
2.69,0.0259511652668364
2.69999999999999,0.0260173233569844
2.70999999999998,0.0260839084397849
2.72,0.0261509222836852
2.72999999999999,0.0262183666746503
2.73999999999998,0.026286243416164
2.75,0.0263545543292289
2.75999999999999,0.0264233013804945
2.76999999999998,0.0264924864246704
2.77999999999997,0.0265621112870497
2.78999999999999,0.0266321778696442
2.79999999999998,0.0267026880925946
2.80999999999997,0.0267736438941711
2.81999999999999,0.026845047230773
2.82999999999998,0.0269169000769281
2.83999999999997,0.0269892044252937
2.84999999999999,0.0270619622866566
2.85999999999999,0.0271351757049862
2.86999999999998,0.027208846825872
2.88,0.0272829776438832
2.88999999999999,0.0273575702485612
2.89999999999998,0.0274326267479359
2.91,0.0275081492685248
2.91999999999999,0.0275841399553322
2.92999999999998,0.0276606009718508
2.94,0.0277375345000611
2.94999999999999,0.0278149427404304
2.95999999999998,0.0278928279119142
2.97,0.0279711924809237
2.97999999999999,0.0280500387097176
2.98999999999998,0.0281293687807297
3,0.0282091850068433
3.00999999999999,0.0282894897205453
3.01999999999998,0.0283702852739269
3.02999999999997,0.0284515740386834
3.03999999999999,0.0285333584061141
3.04999999999998,0.0286156407871219
3.05999999999997,0.0286984236122142
3.06999999999999,0.0287817093706874
3.07999999999998,0.0288655008224642
3.08999999999997,0.0289498002509218
3.09999999999999,0.0290346101829183
3.10999999999999,0.0291199331659467
3.11999999999998,0.029205771768136
3.13,0.0292921285782506
3.13999999999999,0.0293790062056897
3.14999999999998,0.0294664072804888
3.16,0.0295543344533187
3.16999999999999,0.029642790395485
3.17999999999998,0.0297317780131018
3.19,0.0298213000331512
3.19999999999999,0.0299113590972131
3.20999999999998,0.0300019579782453
3.22,0.0300930994709098
3.22999999999999,0.030184786391572
3.23999999999998,0.0302770215783022
3.25,0.0303698078908748
3.25999999999999,0.0304631482107676
3.26999999999998,0.0305570454411633
3.27999999999997,0.0306515025449092
3.28999999999999,0.0307465227974703
3.29999999999998,0.0308421089526854
3.30999999999997,0.0309382640288352
3.31999999999999,0.0310349910686973
3.32999999999998,0.0311322931396638
3.33999999999997,0.0312301733338612
3.34999999999999,0.0313286347682674
3.35999999999999,0.0314276805848297
3.36999999999998,0.0315273139505842
3.38,0.0316275380577733
3.38999999999999,0.0317283561239632
3.39999999999998,0.0318297713921639
3.41,0.0319317872731925
3.41999999999999,0.0320344070006198
3.42999999999998,0.0321376338804702
3.44,0.0322414712692722
3.44999999999999,0.0323459225504805
3.45999999999998,0.0324509911346282
3.47,0.0325566804594775
3.47999999999999,0.0326629939901689
3.48999999999998,0.0327699352193739
3.5,0.0328775076674456
3.50999999999999,0.0329857148825677
3.51999999999998,0.0330945604409078
3.52999999999997,0.0332040480182924
3.53999999999999,0.0333141812677795
3.54999999999998,0.0334249638096121
3.55999999999997,0.0335363993415623
3.56999999999999,0.0336484915908384
3.57999999999998,0.0337612443142607
3.58999999999997,0.0338746612984396
3.59999999999999,0.0339887463599518
3.60999999999999,0.0341035033455155
3.61999999999998,0.0342189361321692
3.63,0.0343350486274472
3.63999999999999,0.0344518447695554
3.64999999999998,0.0345693285349189
3.66,0.0346875039415798
3.66999999999999,0.0348063750061455
3.67999999999998,0.0349259457930109
3.69,0.0350462203982764
3.69999999999999,0.0351672029499297
3.70999999999998,0.0352888976080297
3.72,0.0354113085648878
3.72999999999999,0.0355344400452492
3.73999999999998,0.035658296306477
3.75,0.0357828816387334
3.75999999999999,0.035908200365161
3.76999999999998,0.0360342568420669
3.77999999999997,0.0361610556277598
3.78999999999999,0.0362886010347214
3.79999999999998,0.0364168975288826
3.80999999999997,0.0365459496113948
3.81999999999999,0.0366757618183541
3.82999999999998,0.0368063387210137
3.83999999999997,0.036937684926
3.84999999999999,0.0370698050755253
3.85999999999999,0.0372027038476004
3.86999999999998,0.0373363859562507
3.88,0.0374708561517288
3.88999999999999,0.0376061192207271
3.89999999999998,0.0377421801203917
3.91,0.0378790436851987
3.91999999999999,0.0380167147785193
3.92999999999998,0.0381551983466369
3.94,0.0382944993743383
3.94999999999999,0.0384346228851626
3.95999999999998,0.038575573941654
3.97,0.0387173576456105
3.97999999999999,0.0388599791383333
3.98999999999998,0.0390034436008789
4,0.0391477562543086
4.00999999999999,0.039292922359937
4.01999999999998,0.0394389472807723
4.02999999999997,0.0395858364121184
4.03999999999999,0.0397335950793969
4.04999999999998,0.0398822287164049
4.05999999999997,0.040031742799218
4.06999999999999,0.0401821428464686
4.07999999999998,0.0403334344196225
4.08999999999997,0.040485623123261
4.09999999999999,0.0406387146053581
4.10999999999999,0.040792714557558
4.11999999999998,0.0409476287154565
4.13,0.0411034628588784
4.13999999999999,0.0412602228416231
4.14999999999998,0.0414179146938054
4.16,0.0415765442026272
4.16999999999999,0.0417361173366988
4.17999999999998,0.0418966401109484
4.19,0.0420581185869228
4.19999999999999,0.0422205588730876
4.20999999999998,0.0423839671251315
4.22,0.0425483495462661
4.22999999999999,0.0427137123875266
4.23999999999998,0.0428800619480761
4.25,0.0430474045755055
4.25999999999999,0.0432157466661338
4.26999999999998,0.0433850946653127
4.27999999999997,0.0435554550718397
4.28999999999999,0.0437268348056908
4.29999999999998,0.043899240194318
4.30999999999997,0.0440726778985247
4.31999999999999,0.0442471546309069
4.32999999999998,0.0444226771561955
4.33999999999997,0.044599252291601
4.34999999999999,0.0447768869071562
4.35999999999999,0.0449555879260567
4.36999999999998,0.0451353623250075
4.38,0.045316217134564
4.38999999999999,0.0454981594394739
4.39999999999998,0.0456811963790226
4.41,0.0458653351473753
4.41999999999999,0.0460505829939177
4.42999999999998,0.0462369476556075
4.44,0.0464244362655538
4.44999999999999,0.0466130562049313
4.45999999999998,0.0468028149705118
4.47,0.0469937201177153
4.47999999999999,0.0471857792610061
4.48999999999998,0.0473790000742937
4.5,0.0475733902913297
4.50999999999999,0.0477689577061033
4.51999999999998,0.0479657101732427
4.52999999999997,0.0481636556084111
4.53999999999999,0.0483628019887052
4.54999999999998,0.0485631573530511
4.55999999999997,0.0487647298026054
4.56999999999999,0.048967527882524
4.57999999999998,0.0491715597212782
4.58999999999997,0.0493768335048329
4.59999999999999,0.0495833576119494
4.60999999999999,0.0497911404874492
4.61999999999998,0.0500001906426752
4.63,0.0502105166559469
4.63999999999999,0.050422127173016
4.64999999999998,0.0506350309075276
4.66,0.0508492366414752
4.66999999999999,0.0510647532256567
4.67999999999998,0.0512815895801352
4.69,0.0514997546946945
4.69999999999999,0.0517192576292944
4.70999999999998,0.0519401078360445
4.72,0.0521623145638913
4.72999999999999,0.0523858869062988
4.73999999999998,0.052610834234867
4.75,0.0528371659956385
4.75999999999999,0.0530648917096186
4.76999999999998,0.0532940209733
4.77999999999997,0.0535245634591822
4.78999999999999,0.0537565289162937
4.79999999999998,0.053989927170711
4.80999999999997,0.054224768126084
4.81999999999999,0.0544610617641556
4.82999999999998,0.0546988181452806
4.83999999999997,0.0549380474089516
4.84999999999999,0.0551787600516693
4.85999999999999,0.0554209666014246
4.86999999999998,0.0556646771505802
4.88,0.0559099021911022
4.88999999999999,0.0561566522990166
4.89999999999998,0.0564049381350115
4.91,0.0566547704450311
4.91999999999999,0.0569061600608709
4.92999999999998,0.0571591179007788
4.94,0.0574136549700499
4.94999999999999,0.0576697823616213
4.95999999999998,0.0579275112566732
4.97,0.058186852925224
4.97999999999999,0.0584478187267245
4.98999999999998,0.0587104203231345
5,0.0589746697201709
5.00999999999999,0.059240578123922
5.01999999999998,0.0595081572934364
5.02999999999997,0.0597774190829082
5.03999999999999,0.060048375442365
5.04999999999998,0.0603210384183507
5.05999999999997,0.0605954201546161
5.06999999999999,0.060871532892803
5.07999999999998,0.0611493889731277
5.08999999999997,0.0614290008350722
5.09999999999999,0.0617103810180674
5.10999999999999,0.0619935421621772
5.11999999999998,0.0622784970087893
5.13,0.0625652584877122
5.13999999999999,0.0628538401227799
5.14999999999998,0.0631442545633081
5.16,0.0634365150086208
5.16999999999999,0.063730634767013
5.17999999999998,0.0640266272566094
5.19,0.0643245060062137
5.19999999999999,0.0646242846561596
5.20999999999998,0.0649259769591685
5.22,0.0652295967811996
5.22999999999999,0.0655351581023005
5.23999999999998,0.0658426750174648
5.25,0.066152161929444
5.25999999999999,0.0664636332325493
5.26999999999998,0.0667771032620256
5.27999999999997,0.0670925866062687
5.28999999999999,0.0674100979751504
5.29999999999998,0.0677296522009557
5.30999999999997,0.0680512642393295
5.31999999999999,0.0683749491702142
5.32999999999998,0.0687007221987885
5.33999999999997,0.0690285986564133
5.34999999999999,0.0693585940015705
5.35999999999999,0.0696907238208005
5.36999999999998,0.0700250041832916
5.38,0.0703614507280825
5.38999999999999,0.0707000794409965
5.39999999999998,0.0710409064558447
5.41,0.0713839480414726
5.41999999999999,0.071729220602784
5.42999999999998,0.0720767406817752
5.44,0.0724265249585594
5.44999999999999,0.0727785902523917
5.45999999999998,0.0731329535227024
5.47,0.0734896318701219
5.47999999999999,0.0738486427435367
5.48999999999998,0.0742100038298129
5.5,0.0745737323948704
5.50999999999999,0.0749398461557487
5.51999999999998,0.0753083629795973
5.52999999999997,0.0756793008848471
5.53999999999999,0.0760526780423872
5.54999999999998,0.0764285127767363
5.55999999999997,0.0768068235672241
5.56999999999999,0.0771876290491632
5.57999999999998,0.0775709480150213
5.58999999999997,0.0779567994156027
5.59999999999999,0.0783452029101708
5.60999999999999,0.0787361776146137
5.61999999999998,0.0791297428702536
5.63,0.0795259183230559
5.63999999999999,0.0799247237876665
5.64999999999998,0.0803261792487651
5.66,0.08073030486241
5.66999999999999,0.0811371209573824
5.67999999999998,0.08154664803654
5.69,0.0819589067781623
5.69999999999999,0.0823739180372935
5.70999999999998,0.0827917029660087
5.72,0.0832122833573978
5.72999999999999,0.0836356801916546
5.73999999999998,0.0840619150938639
5.75,0.084491009877171
5.75999999999999,0.0849229865443055
5.76999999999998,0.0853578672891152
5.77999999999997,0.0857956744980888
5.78999999999999,0.0862364307518855
5.79999999999998,0.0866801588268568
5.80999999999997,0.0871268816965814
5.81999999999999,0.0875766225333883
5.82999999999998,0.0880294052481174
5.83999999999997,0.0884852535271383
5.84999999999999,0.0889441908890603
5.85999999999999,0.0894062413821196
5.86999999999998,0.0898714292668606
5.88,0.0903397790178888
5.88999999999999,0.0908113153256234
5.89999999999998,0.0912860630980619
5.91,0.0917640474625336
5.91999999999999,0.0922452937674513
5.92999999999998,0.0927298275840771
5.94,0.0932176747082746
5.94999999999999,0.093708861826994
5.95999999999998,0.0942034148375984
5.97,0.0947013602847609
5.97999999999999,0.0952027249566947
5.98999999999998,0.0957075358833906
6,0.0962158203387664
6.00999999999999,0.0967276058428163
6.01999999999998,0.0972429201637734
6.02999999999997,0.0977617913202571
6.03999999999999,0.0982842478444824
6.04999999999998,0.0988103181492611
6.05999999999997,0.0993400310286724
6.06999999999999,0.0998734155569803
6.07999999999998,0.100410501073191
6.08999999999997,0.100951317183385
6.09999999999999,0.101495893763039
6.10999999999999,0.102044260959343
6.11999999999998,0.102596449193535
6.13,0.103152489543971
6.13999999999999,0.103712412865542
6.14999999999998,0.104276250408474
6.16,0.104844033765261
6.16999999999999,0.105415794819794
6.17999999999998,0.105991565749976
6.19,0.106571379030309
6.19999999999999,0.107155267434489
6.20999999999998,0.107743264038013
6.22,0.108335402611955
6.22999999999999,0.108931716771197
6.23999999999998,0.109532240476249
6.25,0.110137008094332
6.25999999999999,0.110746054313963
6.26999999999998,0.111359414147869
6.27999999999997,0.111977122935895
6.28999999999999,0.112599216347911
6.29999999999998,0.113225730386719
6.30999999999997,0.113856701631881
6.31999999999999,0.114492166785892
6.32999999999998,0.115132162845394
6.33999999999997,0.115776727234481
6.34999999999999,0.116425897732758
6.35999999999999,0.117079712478702
6.36999999999998,0.117738209973036
6.38,0.118401429161847
6.38999999999999,0.119069409540191
6.39999999999998,0.11974219059716
6.41,0.12041981237361
6.41999999999999,0.121102315297357
6.42999999999998,0.121789740187013
6.44,0.122482128255803
6.44999999999999,0.123179521115391
6.45999999999998,0.12388196110925
6.47,0.124589490593866
6.47999999999999,0.125302152333581
6.48999999999998,0.126019989537936
6.5,0.126743045806374
6.50999999999999,0.127471365128235
6.51999999999998,0.128204992562397
6.52999999999997,0.128943974039622
6.53999999999999,0.129688354141929
6.54999999999998,0.130438178696932
6.55999999999997,0.131193493946314
6.56999999999999,0.131954346545823
6.57999999999998,0.132720783565262
6.58999999999997,0.133492854910873
6.59999999999999,0.134270607589129
6.60999999999999,0.135054090132849
6.61999999999998,0.135843351629077
6.63,0.136638441608759
6.63999999999999,0.137439410046735
6.64999999999998,0.138246308818181
6.66,0.139059190003388
6.66999999999999,0.13987810424521
6.67999999999998,0.140703103730316
6.69,0.141534241126687
6.69999999999999,0.142371569583601
6.70999999999998,0.143215142927096
6.72,0.144065018507355
6.72999999999999,0.144921249450218
6.73999999999998,0.145783891280934
6.75,0.146653000046212
6.75999999999999,0.147528632314212
6.76999999999998,0.148410845174564
6.77999999999997,0.149299698394004
6.78999999999999,0.150195250779917
6.79999999999998,0.151097560513814
6.80999999999997,0.152006687274955
6.81999999999999,0.152922691306794
6.82999999999998,0.15384563341697
6.83999999999997,0.154775575638385
6.84999999999999,0.155712583099818
6.85999999999999,0.156656716814311
6.86999999999998,0.157608040379901
6.88,0.15856661800582
6.88999999999999,0.159532514512483
6.89999999999998,0.160505795331506
6.91,0.161486529718868
6.91999999999999,0.162474784213661
6.92999999999998,0.163470625885973
6.94,0.164474123223107
6.94999999999999,0.165485345374818
6.95999999999998,0.16650436215332
6.97,0.167531245578992
6.97999999999999,0.168566070158729
6.98999999999998,0.169608905866324
7,0.17065982581036
7.00999999999999,0.171718903815092
7.01999999999998,0.172786214420468
7.02999999999997,0.173861832882117
7.03999999999999,0.174945837892217
7.04999999999998,0.176038309181832
7.05999999999997,0.17713932233751
7.06999999999999,0.178248956292338
7.07999999999998,0.179367290761488
7.08999999999997,0.180494406242242
7.09999999999999,0.181630384013979
7.10999999999999,0.182775310279895
7.11999999999998,0.183929269979932
7.13,0.185092345206539
7.13999999999999,0.186264621324782
7.14999999999998,0.187446184559113
7.16,0.188637121993358
7.16999999999999,0.189837521570714
7.17999999999998,0.191047477837053
7.19,0.192267081067894
7.19999999999999,0.193496420774834
7.20999999999998,0.194735589411774
7.22,0.195984680377793
7.22999999999999,0.197243788017134
7.23999999999998,0.198513007619229
7.25,0.199792443105018
7.25999999999999,0.201082190313676
7.26999999999998,0.202382347074828
7.27999999999997,0.203693013656691
7.28999999999999,0.205014291367533
7.29999999999998,0.206346282555659
7.30999999999997,0.20768909060943
7.31999999999999,0.209042830130594
7.32999999999998,0.210407602686662
7.33999999999997,0.211783515438205
7.34999999999999,0.213170677286865
7.35999999999999,0.214569198280451
7.36999999999998,0.215979189612963
7.38,0.217400764122079
7.38999999999999,0.218834047162434
7.39999999999998,0.220279147576155
7.41,0.221736182564691
7.41999999999999,0.22320527059552
7.42999999999998,0.224686531402173
7.44,0.226180085984226
7.44999999999999,0.227686058580838
7.45999999999998,0.229204584155301
7.47,0.23073578173108
7.47999999999999,0.232279778998953
7.48999999999998,0.233836705051451
7.5,0.235406690382846
7.50999999999999,0.23698986688914
7.51999999999998,0.238586370744658
7.52999999999997,0.240196345112727
7.53999999999999,0.24181992289925
7.54999999999998,0.243457243629366
7.55999999999997,0.245108448425897
7.56999999999999,0.246773680009339
7.57999999999998,0.248453087625276
7.58999999999997,0.250146819752508
7.59999999999999,0.251855022979358
7.60999999999999,0.25357784797889
7.61999999999998,0.255315447168727
7.63,0.257067974711034
7.63999999999999,0.258835594451086
7.64999999999998,0.260618462017279
7.66,0.262416737701106
7.66999999999999,0.264230584198801
7.67999999999998,0.266060166093275
7.69,0.267905651802823
7.69999999999999,0.269767217726023
7.70999999999998,0.271645031066321
7.72,0.273539265693477
7.72999999999999,0.275450097533478
7.73999999999998,0.27737770456857
7.75,0.279322272884088
7.75999999999999,0.281283989197089
7.76999999999998,0.283263035955964
7.77999999999997,0.285259601517977
7.78999999999999,0.287273876499947
7.79999999999998,0.289306053778226
7.80999999999997,0.291356340216775
7.81999999999999,0.293424931433054
7.82999999999998,0.295512027931151
7.83999999999997,0.29761783411104
7.84999999999999,0.299742556860493
7.85999999999999,0.301886407168025
7.86999999999998,0.304049607390581
7.88,0.306232369300275
7.88999999999999,0.308434912939881
7.89999999999998,0.310657461401189
7.91,0.312900240866321
7.91999999999999,0.31516348064905
7.92999999999998,0.317447416559406
7.94,0.319752283387249
7.94999999999999,0.322078320736886
7.95999999999998,0.324425771726234
7.97,0.32679488294286
7.97999999999999,0.329185904493826
7.98999999999998,0.331599091252333
8,0.334034700672441
8.00999999999999,0.336492993786733
8.01999999999998,0.338974235690913
8.02999999999997,0.34147869531323
8.03999999999999,0.344006645468563
8.04999999999998,0.346558363955339
8.05999999999997,0.349134132410633
8.06999999999999,0.351734235441422
8.07999999999998,0.354358962465565
8.08999999999997,0.357008607139091
8.09999999999999,0.359683467415675
8.10999999999999,0.362383846524166
8.11999999999998,0.365110053463119
8.13,0.367862398772259
8.13999999999999,0.370641198960422
8.14999999999998,0.37344677525494
8.16,0.376279453669473
8.16999999999999,0.379139565438003
8.17999999999998,0.382027449922885
8.19,0.384943446760447
8.19999999999999,0.387887902663543
8.20999999999998,0.390861169613577
8.22,0.393863604938168
8.22999999999999,0.396895571388806
8.23999999999998,0.399957440744099
8.25,0.403049586168035
8.25999999999999,0.406172387734733
8.26999999999998,0.409326231646202
8.27999999999997,0.412511510066021
8.28999999999999,0.415728621206779
8.29999999999998,0.418977971953534
8.30999999999997,0.422259973569643
8.31999999999999,0.425575042963047
8.32999999999998,0.428923604363299
8.33999999999997,0.432306088633125
8.34999999999999,0.435722933365539
8.35999999999999,0.439174584961
8.36999999999998,0.442661496939414
8.38,0.446184127060921
8.38999999999999,0.449742941847721
8.39999999999998,0.453338415198398
8.41,0.456971028495563
8.41999999999999,0.46064127124006
8.42999999999998,0.464349645314598
8.44,0.468096653433668
8.44999999999999,0.471882809207095
8.45999999999998,0.475708634461012
8.47,0.479574659358552
8.47999999999999,0.483481422520527
8.48999999999998,0.487429475432562
8.5,0.491419374522227
8.50999999999999,0.495451684662525
8.51999999999998,0.499526980920524
8.52999999999997,0.503645847637783
8.53999999999999,0.507808878564865
8.54999999999998,0.512016678687405
8.55999999999997,0.516269864247114
8.56999999999999,0.520569057018095
8.57999999999998,0.524914890901821
8.58999999999997,0.529308010063928
8.59999999999999,0.533749069080746
8.60999999999999,0.53823873310788
8.61999999999998,0.542777683054565
8.63,0.547366603857076
8.63999999999999,0.5520061942377
8.64999999999998,0.556697164229585
8.66,0.56144023533461
8.66999999999999,0.566236140681264
8.67999999999998,0.571085628104922
8.69,0.57598945577297
8.69999999999999,0.580948392411239
8.70999999999998,0.585963220383389
8.72,0.591034734644916
8.72999999999999,0.596163742912449
8.73999999999998,0.601351066490303
8.75,0.606597541406381
8.75999999999999,0.611904013933359
8.76999999999998,0.617271345184991
8.77999999999997,0.622700409986757
8.78999999999999,0.628192097052152
8.79999999999998,0.633747309158881
8.80999999999997,0.639366959827116
8.81999999999999,0.645051981123477
8.82999999999998,0.650803318571785
8.83999999999997,0.656621932030396
8.84999999999999,0.662508796162746
8.85999999999999,0.66846490060457
8.86999999999998,0.674491246997044
8.88,0.680588851854508
8.88999999999999,0.686758750730848
8.89999999999998,0.693001992511981
8.91,0.699319641472221
8.91999999999999,0.705712777072473
8.92999999999998,0.712182493373328
8.94,0.718729901549008
8.94999999999999,0.725356128010166
8.95999999999998,0.732062315062481
8.97,0.738849618000619
8.97999999999999,0.745719211138539
8.98999999999998,0.752672283904765
9,0.759710041687496
9.00999999999999,0.766833700314769
9.01999999999998,0.774044492345749
9.02999999999997,0.781343669777421
9.03999999999999,0.788732497914151
9.04999999999998,0.796212254652675
9.05999999999997,0.803784226007699
9.06999999999999,0.811449722792806
9.07999999999998,0.819210066154154
9.08999999999997,0.827066591358991
9.09999999999999,0.835020638425468
9.10999999999999,0.843073570542443
9.11999999999998,0.85122676065968
9.13,0.85948159431926
9.13999999999999,0.867839462634268
9.14999999999998,0.876301770397317
9.16,0.884869937417927
9.16999999999999,0.893545391972967
9.17999999999998,0.902329567383333
9.19,0.91122389565626
9.19999999999999,0.920229833884636
9.20999999999998,0.929348840136108
9.22,0.938582379252011
9.22999999999999,0.947931894851478
9.23999999999998,0.957398865294783
9.25,0.966984761351876
9.25999999999999,0.976691055957657
9.26999999999998,0.98651920573516
9.27999999999997,0.996470673332216
9.28999999999999,1.00654692679023
9.29999999999998,1.0167494253961
9.30999999999997,1.02707961470003
9.31999999999999,1.03753891880197
9.32999999999998,1.04812877707141
9.33999999999997,1.05885060841605
9.34999999999999,1.06970581849397
9.35999999999999,1.08069576135045
9.36999999999998,1.09182181632183
9.38,1.10308532816368
9.38999999999999,1.11448762016111
9.39999999999998,1.12602996268007
9.41,1.13771361370488
9.41999999999999,1.14953981097474
9.42999999999998,1.16150975226737
9.44,1.17362458839554
9.44999999999999,1.18588540644076
9.45999999999998,1.19829329136769
9.47,1.21084926721797
9.47999999999999,1.22355431009965
9.48999999999998,1.23640929976326
9.5,1.24941510623756
9.50999999999999,1.26257252785917
9.51999999999998,1.27588229822325
9.52999999999997,1.28934506383417
9.53999999999999,1.30296139691812
9.54999999999998,1.31673181801794
9.55999999999997,1.33065675776985
9.56999999999999,1.34473656014907
9.57999999999998,1.35897145174862
9.58999999999997,1.37336160639723
9.59999999999999,1.38790708802
9.60999999999999,1.40260786090814
9.61999999999998,1.41746376779359
9.63,1.43247455466562
9.63999999999999,1.44763985764406
9.64999999999998,1.46295919242578
9.66,1.4784319518408
9.66999999999999,1.49405740084119
9.67999999999998,1.50983468004027
9.69,1.52576279469331
9.69999999999999,1.54184061265536
9.70999999999998,1.55806687713011
9.72,1.57444016855684
9.72999999999999,1.59095892544467
9.73999999999998,1.60762143453723
9.75,1.6244258493423
9.75999999999999,1.64137016399756
9.76999999999998,1.65845219394688
9.77999999999997,1.67566960068594
9.78999999999999,1.69301988994361
9.79999999999998,1.71050045094535
9.80999999999997,1.72810843483506
9.81999999999999,1.74584084725129
9.82999999999998,1.76369452012913
9.83999999999997,1.78166618756283
9.84999999999999,1.7997523491676
9.85999999999999,1.81794932923091
9.86999999999998,1.83625328743959
9.88,1.8546602492742
9.88999999999999,1.87316610582159
9.89999999999998,1.89176649015859
9.91,1.91045689878137
9.91999999999999,1.9292326592831
9.92999999999998,1.94808906527564
9.94,1.96702108626245
9.94999999999999,1.98602358414518
9.95999999999998,2.00509125841712
9.97,2.02421873495004
9.97999999999999,2.04340046059781
9.98999999999998,2.06263068124177
10,2.08190352603799
10.01,2.10121300965408
10.02,2.12055310607535
10.03,2.13991752006416
10.04,2.15929988290185
10.05,2.17869370359528
10.06,2.19809249799104
10.07,2.21748956330702
10.08,2.23687811074699
10.09,2.25625126779516
10.1,2.2756021246313
10.11,2.29492371980332
10.12,2.31420893706296
10.13,2.33345063076351
10.14,2.35264160324981
10.15,2.37177470993308
10.16,2.3908426405114
10.17,2.40983809677088
10.18,2.42875375513534
10.19,2.44758233476833
10.2,2.46631651983303
10.21,2.48494897340931
10.22,2.50347238551183
10.23,2.52187948177776
10.24,2.54016305550308
10.25,2.55831587740343
10.26,2.57633078913883
10.27,2.5942006881342
10.28,2.6119185798206
10.29,2.62947750148556
10.3,2.64687058515798
10.31,2.66409105850347
10.32,2.68113225971122
10.33,2.69798764047482
10.34,2.71465076310895
10.35,2.73111532431292
10.36,2.74737515844386
10.37,2.76342423969794
10.38,2.77925670714489
10.39,2.79486686085866
10.4,2.81024917397921
10.41,2.82539826999285
10.42,2.84030897970612
10.43,2.8549763362262
10.44,2.86939557007463
10.45,2.88356209978468
10.46,2.89747152344613
10.47,2.91111972776094
10.48,2.92450280315618
10.49,2.93761707733113
10.5,2.95045900024757
10.51,2.96302539824869
10.52,2.97531330581315
10.53,2.98732001128979
10.54,2.99904298452373
10.55,3.01047995829841
10.56,3.02162900071142
10.57,3.03248841119157
10.58,3.04305673162917
10.59,3.05333262123537
10.6,3.06331521031847
10.61,3.07300382403245
10.62,3.08239805958553
10.63,3.09149761206298
10.64,3.1003025733154
10.65,3.1088133077173
10.66,3.11703041564306
10.67,3.12495467925129
10.68,3.13258705034426
10.69,3.13992890356304
10.7,3.14698178753071
10.71,3.15374749053105
10.72,3.16022779489782
10.73,3.16642499010222
10.74,3.17234148736338
10.75,3.17797991381971
10.76,3.18334297822251
10.77,3.18843361772998
10.78,3.19325504210568
10.79,3.19781059552465
10.8,3.20210376240433
10.81,3.20613806522023
10.82,3.20991735535766
10.83,3.21344556081189
10.84,3.21672674500663
10.85,3.21976498431652
10.86,3.22256456709919
10.87,3.22512987509489
10.88,3.22746537186344
10.89,3.22957557758117
10.9,3.23146506811911
10.91,3.23313853070851
10.92,3.23460068596825
10.93,3.23585629879196
10.94,3.23691016008484
10.95,3.23776709838599
10.96,3.23843195517349
10.97,3.23890957980738
10.98,3.23920485199959
10.99,3.23932263072266
11,3.23926774586604
11.01,3.23904501258032
11.02,3.23865922953451
11.03,3.23811520616814
11.04,3.23741765492446
11.05,3.23657126208156
11.06,3.23558069573571
11.07,3.23445055283721
11.08,3.23318536262969
11.09,3.23178960127132
11.1,3.23026770539171
11.11,3.22862400315009
11.12,3.22686275669592
11.13,3.22498818224246
11.14,3.22300440163447
11.15,3.2209154374594
11.16,3.21872523949051
11.17,3.21643771780083
11.18,3.21405663667966
11.19,3.21158568731523
11.2,3.20902849960824
11.21,3.20638860655271
11.22,3.20366943060386
11.23,3.20087431337476
11.24,3.19800653854642
11.25,3.19506925909169
11.26,3.19206554776057
11.27,3.1889984073611
11.28,3.18587074568301
11.29,3.18268536169112
11.3,3.17944497094983
11.31,3.17615222559018
11.32,3.17280969669004
11.33,3.16941983405592
11.34,3.16598501548823
11.35,3.16250755444101
11.36,3.15898969988589
11.37,3.15543358064017
11.38,3.15184126234578
11.39,3.14821474199672
11.4,3.14455595678608
11.41,3.14086674480998
11.42,3.13714888223868
11.43,3.13340407760182
11.44,3.12963397919699
11.45,3.1258401571863
11.46,3.12202412094276
11.47,3.11818731798434
11.48,3.11433114332839
11.49,3.11045692107212
11.5,3.10656592156405
11.51,3.10265935952163
11.52,3.09873840168925
11.53,3.09480415510807
11.54,3.09085767883438
11.55,3.08689998311748
11.56,3.08293203283271
11.57,3.07895474568901
11.58,3.07496899649116
11.59,3.0709756182264
11.6,3.06697539331466
11.61,3.06296907489818
11.62,3.05895737587118
11.63,3.05494097245967
11.64,3.05092049691423
11.65,3.04689655526582
11.66,3.04286972059708
11.67,3.03884053391782
11.68,3.03480950083368
11.69,3.03077709887696
11.7,3.02674378246354
11.71,3.02270997750593
11.72,3.01867608126508
11.73,3.01464246138559
11.74,3.0106094719201
11.75,3.00657744112263
11.76,3.00254667513031
11.77,2.99851744930425
11.78,2.99449003291014
11.79,2.99046467216495
11.8,2.98644159601742
11.81,2.98242100433353
11.82,2.97840309288185
11.83,2.97438803979309
11.84,2.9703760079955
11.85,2.96636713961688
11.86,2.96236156597341
11.87,2.95835940963581
11.88,2.9543607791282
11.89,2.95036576837925
11.9,2.94637445728569
11.91,2.94238692264873
11.92,2.93840322888933
11.93,2.93442342972553
11.94,2.93044756148021
11.95,2.92647566576243
11.96,2.92250777175858
11.97,2.91854390190788
11.98,2.91458406930811
11.99,2.91062826789279
12,2.90667650571435
12.01,2.90272877786493
12.02,2.89878507461258
12.03,2.89484537839098
12.04,2.89090965477877
12.05,2.88697788462493
12.06,2.8830500373985
12.07,2.87912607910749
12.08,2.87520596997959
12.09,2.87128965874491
12.1,2.86737710480164
12.11,2.86346825967362
12.12,2.85956307261819
12.13,2.8556614887421
12.14,2.85176344523839
12.15,2.84786888749523
12.16,2.84397775548624
12.17,2.84008998795498
12.18,2.83620552028382
12.19,2.83232428116382
12.2,2.82844620814799
12.21,2.82457123420167
12.22,2.82069929179075
12.23,2.81683031073898
12.24,2.81296421563303
12.25,2.80910093944334
12.26,2.80524041148849
12.27,2.80138256107866
12.28,2.79752731584152
12.29,2.79367460030333
12.3,2.78982434535871
12.31,2.78597647967369
12.32,2.78213093234527
12.33,2.77828763213554
12.34,2.77444650415769
12.35,2.77060748042749
12.36,2.76677049119357
12.37,2.76293546746519
12.38,2.75910234082536
12.39,2.75527103819925
12.4,2.75144149459315
12.41,2.7476136432207
12.42,2.74378741823519
12.43,2.73996275481035
12.44,2.73613958466605
12.45,2.732317845668
12.46,2.72849747522335
12.47,2.72467841158304
12.48,2.72086059410033
12.49,2.71704396092109
12.5,2.71322845338169
12.51,2.70941401392378
12.52,2.70560058575412
12.53,2.70178811326222
12.54,2.69797654110377
12.55,2.69416581566383
12.56,2.69035588496854
12.57,2.68654669799519
12.58,2.68273820500793
12.59,2.67893035578964
12.6,2.67512310142919
12.61,2.6713163961365
12.62,2.66751019433638
12.63,2.66370445166281
12.64,2.65989912391098
12.65,2.65609416729303
12.66,2.6522895413587
12.67,2.64848520578296
12.68,2.64468112135243
12.69,2.64087724998904
12.7,2.6370735555751
12.71,2.63327000204858
12.72,2.62946655490942
12.73,2.62566318082343
12.74,2.62185984762741
12.75,2.6180565241905
12.76,2.61425318062546
12.77,2.61044978829964
12.78,2.60664631970584
12.79,2.60284274851948
12.8,2.59903904883476
12.81,2.59523519375615
12.82,2.59143116104199
12.83,2.58762692801769
12.84,2.58382247300703
12.85,2.5800177753205
12.86,2.57621281448419
12.87,2.57240757176176
12.88,2.5686020291792
12.89,2.56479616958186
12.9,2.56098997669274
12.91,2.55718343557377
12.92,2.55337653227198
12.93,2.54956925301345
12.94,2.54576158523514
12.95,2.54195351723864
12.96,2.53814503830422
12.97,2.53433613994827
12.98,2.53052681268401
12.99,2.5267170486394
13,2.52290684084197
13.01,2.51909618321515
13.02,2.51528506855671
13.03,2.51147349186427
13.04,2.50766144944106
13.05,2.50384893776831
13.06,2.50003595403178
13.07,2.49622249605031
13.08,2.49240856222081
13.09,2.48859415176586
13.1,2.4847792644615
13.11,2.48096390069434
13.12,2.47714806144413
13.13,2.47333174969823
13.14,2.46951496736788
13.15,2.46569771748069
13.16,2.46188000372573
13.17,2.45806183038559
13.18,2.4542432025632
13.19,2.4504241258517
13.2,2.4466046061861
13.21,2.44278465020172
13.22,2.43896426508492
13.23,2.43514345856282
13.24,2.43132223889305
13.25,2.42750061420843
13.26,2.42367859348668
13.27,2.41985618663645
13.28,2.41603340371238
13.29,2.4122102552167
13.3,2.4083867520871
13.31,2.40456290568449
13.32,2.40073872814135
13.33,2.39691423174669
13.34,2.39308942901285
13.35,2.38926433298697
13.36,2.38543895709489
13.37,2.38161331512986
13.38,2.37778742124142
13.39,2.37396129002894
13.4,2.37013493634123
13.41,2.36630837532202
13.42,2.36248162246506
13.43,2.35865469356879
13.44,2.3548276047254
13.45,2.35100037230994
13.46,2.34717301410775
13.47,2.34334554711367
13.48,2.33951798845881
13.49,2.33569035585508
13.5,2.33186266728687
13.51,2.3280349410028
13.52,2.32420719550735
13.53,2.32037944928844
13.54,2.31655172134494
13.55,2.31272403089453
13.56,2.30889639731423
13.57,2.305068840186
13.58,2.301241379288
13.59,2.29741403458564
13.6,2.29358682737293
13.61,2.28975977782428
13.62,2.28593290647924
13.63,2.28210623424398
13.64,2.2782797822069
13.65,2.27445357163203
13.66,2.27062762395256
13.67,2.26680196001469
13.68,2.26297660172373
13.69,2.25915157091308
13.7,2.25532688945545
13.71,2.25150257933616
13.72,2.24767866264531
13.73,2.24385516156979
13.74,2.24003209957921
13.75,2.2362094986959
13.76,2.23238738149513
13.77,2.22856577073066
13.78,2.2247446892493
13.79,2.22092415998511
13.8,2.21710420595364
13.81,2.21328485127671
13.82,2.209466118756
13.83,2.20564803177126
13.84,2.20183061381767
13.85,2.19801388847213
13.86,2.19419787938926
13.87,2.19038261029411
13.88,2.18656810446607
13.89,2.182754385976
13.9,2.17894147865885
13.91,2.17512940639359
13.92,2.17131819309828
13.93,2.16750786272516
13.94,2.16369843926433
13.95,2.15988994691774
13.96,2.15608240962054
13.97,2.15227585144229
13.98,2.14847029646626
13.99,2.14466576878471
14,2.14086229249425
14.01,2.13705989169118
14.02,2.13325859086959
14.03,2.1294584148012
14.04,2.12565938720789
14.05,2.12186153232479
14.06,2.11806487438809
14.07,2.11426943763176
14.08,2.11047524628431
14.09,2.10668232456547
14.1,2.10289069704441
14.11,2.09910038795321
14.12,2.09531142142194
14.13,2.09152382168895
14.14,2.08773761297867
14.15,2.0839528194989
14.16,2.08016946543816
14.17,2.07638757496163
14.18,2.07260717212374
14.19,2.06882828107944
14.2,2.06505092590094
14.21,2.06127513062619
14.22,2.05750091925607
14.23,2.05372831575174
14.24,2.04995734403177
14.25,2.04618802810684
14.26,2.04242039208148
14.27,2.03865445959219
14.28,2.03489025442977
14.29,2.03112780033796
14.3,2.02736712101128
14.31,2.02360824009271
14.32,2.0198511811715
14.33,2.01609596814301
14.34,2.01234262455432
14.35,2.00859117376147
14.36,2.00484163920759
14.37,2.00109404428273
14.38,1.99734841232225
14.39,1.99360476660537
14.4,1.98986313035346
14.41,1.9861235267078
14.42,1.98238597877867
14.43,1.97865050960181
14.44,1.97491714214831
14.45,1.97118589932317
14.46,1.96745680396369
14.47,1.96372987883785
14.48,1.96000514667161
14.49,1.95628263015771
14.5,1.95256235181087
14.51,1.94884433412076
14.52,1.9451285995016
14.53,1.94141517029073
14.54,1.93770406874712
14.55,1.93399531704986
14.56,1.93028893744075
14.57,1.92658495230399
14.58,1.92288338337741
14.59,1.91918425258332
14.6,1.91548758176662
14.61,1.91179339269392
14.62,1.90810170705248
14.63,1.90441254644934
14.64,1.90072593246448
14.65,1.8970418866924
14.66,1.89336043041549
14.67,1.88968158494102
14.68,1.88600537149521
14.69,1.88233181122245
14.7,1.87866092518463
14.71,1.87499273436037
14.72,1.871327259608
14.73,1.86766452162748
14.74,1.86400454119982
14.75,1.86034733894142
14.76,1.85669293537895
14.77,1.85304135094844
14.78,1.84939260599438
14.79,1.84574672076887
14.8,1.84210371548846
14.81,1.83846361040878
14.82,1.83482642540145
14.83,1.83119218037677
14.84,1.82756089515287
14.85,1.82393258945511
14.86,1.82030728291547
14.87,1.81668499507189
14.88,1.81306574545122
14.89,1.80944955370369
14.9,1.80583643892736
14.91,1.80222642033422
14.92,1.7986195170464
14.93,1.79501574809585
14.94,1.79141513242412
14.95,1.78781768888223
14.96,1.78422343619294
14.97,1.78063239287736
14.98,1.77704457758825
14.99,1.77346000878492
15,1.76987870483141
15.01,1.76630068399612
15.02,1.76272596445136
15.03,1.75915456427293
15.04,1.75558650144871
15.05,1.75202179389969
15.06,1.7484604593897
15.07,1.74490251561124
15.08,1.74134798015914
15.09,1.73779687053011
15.1,1.73424920412236
15.11,1.73070499823534
15.12,1.72716427009252
15.13,1.72362703691492
15.14,1.72009331565795
15.15,1.71656312325028
15.16,1.71303647652417
15.17,1.70951339221536
15.18,1.70599388696297
15.19,1.70247797736713
15.2,1.69896567994061
15.21,1.69545701100819
15.22,1.69195198684969
15.23,1.688450623652
15.24,1.68495293750921
15.25,1.68145894442277
15.26,1.67796866015189
15.27,1.67448210049841
15.28,1.67099928118747
15.29,1.66752021780725
15.3,1.66404492584777
15.31,1.6605734207005
15.32,1.657105717658
15.33,1.65364183188602
15.34,1.6501817784925
15.35,1.64672557247244
15.36,1.6432732287225
15.37,1.639824762041
15.38,1.6363801871485
15.39,1.63293951880753
15.4,1.6295027714571
15.41,1.62606995953107
15.42,1.62264109736774
15.43,1.61921619920984
15.44,1.61579527920298
15.45,1.61237835139374
15.46,1.60896542974016
15.47,1.60555652810158
15.48,1.60215166024169
15.49,1.59875083982848
15.5,1.5953540804148
15.51,1.59196139544525
15.52,1.5885727983139
15.53,1.58518830229691
15.54,1.58180792057388
15.55,1.57843166622795
15.56,1.57505955227948
15.57,1.57169159164619
15.58,1.56832779711008
15.59,1.56496818137984
15.6,1.56161275706867
15.61,1.55826153669437
15.62,1.55491453272734
15.63,1.55157175750963
15.64,1.54823322326603
15.65,1.54489894214555
15.66,1.54156892620292
15.67,1.53824318739864
15.68,1.53492173759487
15.69,1.53160458856376
15.7,1.52829175198309
15.71,1.52498323943545
15.72,1.5216790624091
15.73,1.518379232298
15.74,1.51508376045457
15.75,1.51179265809113
15.76,1.50850593631377
15.77,1.5052236061513
15.78,1.50194567853928
15.79,1.49867216432002
15.8,1.49540307426053
15.81,1.49213841902303
15.82,1.48887820916669
15.83,1.48562245516555
15.84,1.48237116740076
15.85,1.47912435616063
15.86,1.47588203170183
15.87,1.4726442041661
15.88,1.46941088354457
15.89,1.46618207977268
15.9,1.46295780269471
15.91,1.45973806206371
15.92,1.45652286761488
15.93,1.45331222899289
15.94,1.45010615564345
15.95,1.44690465698085
15.96,1.4437077423305
15.97,1.44051542092896
15.98,1.43732770191467
15.99,1.43414459433235
16,1.43096610715832
16.01,1.4277922492698
16.02,1.42462302945482
16.03,1.42145845641217
16.04,1.41829853874205
16.05,1.41514328494378
16.0599999999999,1.41199270345772
16.07,1.40884680262087
16.08,1.40570559068063
16.09,1.40256907579467
16.1,1.39943726608758
16.11,1.39631016972962
16.12,1.39318779452704
16.13,1.39007014831796
16.14,1.38695723885442
16.15,1.38384907380242
16.16,1.38074566078631
16.17,1.37764700753557
16.1799999999999,1.37455312134499
16.19,1.37146400957323
16.2,1.36837967949613
16.21,1.36530013830661
16.22,1.36222539311473
16.23,1.35915545079445
16.24,1.35609031822416
16.25,1.35303000231036
16.26,1.34997450979497
16.27,1.34692384733399
16.28,1.34387802149751
16.29,1.34083703877191
16.3,1.33780090589368
16.3099999999999,1.33476962901925
16.32,1.33174321441671
16.33,1.32872166827197
16.34,1.32570499668862
16.35,1.32269320568798
16.36,1.31968630136379
16.37,1.31668428978157
16.38,1.31368717660453
16.39,1.31069496757912
16.4,1.30770766837412
16.41,1.30472528458063
16.42,1.30174782171209
16.4299999999999,1.29877528490343
16.44,1.29580767957094
16.45,1.29284501099595
16.46,1.28988728433172
16.47,1.28693450464973
16.48,1.28398667693982
16.49,1.28104380621866
16.5,1.27810589770269
16.51,1.27517295594595
16.52,1.27224498567901
16.53,1.26932199155654
16.54,1.26640397815729
16.55,1.26349094998412
16.5599999999999,1.26058291150111
16.57,1.25767986706726
16.58,1.25478182094983
16.59,1.25188877735564
16.6,1.24900074041623
16.61,1.24611771418793
16.62,1.24323970265171
16.63,1.24036670991841
16.64,1.23749873974964
16.65,1.23463579591091
16.66,1.23177788211128
16.67,1.22892500198683
16.6799999999999,1.22607715910071
16.69,1.22323435696616
16.7,1.22039659915257
16.71,1.21756388892952
16.72,1.21473622959016
16.73,1.21191362435658
16.74,1.20909607637973
16.75,1.20628358873946
16.76,1.2034761644828
16.77,1.20067380660267
16.78,1.19787651793507
16.79,1.19508430128873
16.8,1.1922971594024
16.8099999999999,1.18951509494481
16.82,1.18673811051467
16.83,1.1839662087722
16.84,1.18119939220491
16.85,1.17843766317322
16.86,1.17568102402294
16.87,1.172929477032
16.88,1.17018302441057
16.89,1.16744166830102
16.9,1.16470541103865
16.91,1.16197425454339
16.92,1.15924820076709
16.9299999999999,1.15652725161812
16.94,1.15381140893997
16.95,1.15110067451138
16.96,1.14839505007205
16.97,1.14569453745605
16.98,1.14299913817997
16.99,1.14030885379999
17,1.13762368581115
17.01,1.13494363564734
17.02,1.13226870465781
17.03,1.129598894138
17.04,1.12693420534376
17.05,1.12427463945604
17.0599999999999,1.12162019759385
17.07,1.11897088081423
17.08,1.11632669017142
17.09,1.11368762657845
17.1,1.11105369091573
17.11,1.10842488400363
17.12,1.10580120660153
17.13,1.10318265951542
17.14,1.10056924356976
17.15,1.09796095927426
17.16,1.09535780720112
17.17,1.09275978786713
17.1799999999999,1.09016690173363
17.19,1.08757914925462
17.2,1.08499653077874
17.21,1.08241904660303
17.22,1.07984669697845
17.23,1.0772794821016
17.24,1.07471740211068
17.25,1.0721604570758
17.26,1.06960864703692
17.27,1.06706197196926
17.28,1.06452043179328
17.29,1.06198402637469
17.3,1.05945275565237
17.3099999999999,1.05692661943663
17.32,1.05440561741191
17.33,1.05188974926462
17.34,1.04937901463013
17.35,1.04687341309667
17.36,1.04437294429503
17.37,1.04187760767196
17.38,1.03938740267603
17.39,1.03690232870652
17.4,1.03442238511348
17.41,1.03194757124543
17.42,1.02947788642457
17.4299999999999,1.02701332984512
17.44,1.02455390069236
17.45,1.02209959810605
17.46,1.01965042118915
17.47,1.0172063689892
17.48,1.01476744051115
17.49,1.01233363471505
17.5,1.00990495053038
17.51,1.00748138685609
17.52,1.00506294251211
17.53,1.00264961628916
17.54,1.00024140693403
17.55,0.997838313245885
17.5599999999999,0.995440333884319
17.57,0.993047467482202
17.58,0.990659712642198
17.59,0.98827706794427
17.6,0.985899531958775
17.61,0.983527103158737
17.62,0.981159780002286
17.63,0.978797560909097
17.64,0.976440444262876
17.65,0.974088428406741
17.66,0.971741511645351
17.67,0.969399692245424
17.6799999999999,0.967062968449463
17.69,0.964731338501498
17.7,0.962404800543146
17.71,0.96008335270524
17.72,0.957766993082299
17.73,0.955455719830611
17.74,0.953149531003029
17.75,0.95084842459587
17.76,0.948552398597605
17.77,0.946261450971827
17.78,0.943975579687384
17.79,0.941694782635716
17.8,0.939419057695515
17.8099999999999,0.937148402698208
17.82,0.934882815433073
17.83,0.932622293687154
17.84,0.930366835203609
17.85,0.928116437790353
17.86,0.92587109917339
17.87,0.923630817028476
17.88,0.921395589026893
17.89,0.91916541279573
17.9,0.916940285958364
17.91,0.914720206105192
17.92,0.912505170810964
17.9299999999999,0.910295177652559
17.94,0.908090224143487
17.95,0.905890307788404
17.96,0.90369542609177
17.97,0.901505576538463
17.98,0.899320756568232
17.99,0.897140963610783
18,0.894966195112665
18.01,0.892796448470882
18.02,0.890631721064176
18.03,0.888472010260423
18.04,0.886317313444842
18.05,0.88416762794316
18.0599999999999,0.882022951079165
18.07,0.879883280173488
18.08,0.877748612550046
18.09,0.875618945484632
18.1,0.873494276251642
18.11,0.871374602150006
18.12,0.86925992046619
18.13,0.867150228453548
18.14,0.865045523334293
18.15,0.862945802313639
18.16,0.860851062610999
18.17,0.858761301449056
18.1799999999999,0.856676516050641
18.19,0.85459670359861
18.2,0.852521861326751
18.21,0.850451986496068
18.22,0.848387076305235
18.23,0.846327127969308
18.24,0.844272138694894
18.25,0.842222105701601
18.26,0.840177026181019
18.27,0.838136897291117
18.28,0.836101716227777
18.29,0.834071480185105
18.3,0.832046186391935
18.3099999999999,0.830025832023784
18.32,0.828010414304611
18.33,0.825999930538608
18.34,0.82399437794341
18.35,0.821993753777644
18.36,0.819998055303383
18.37,0.818007279799892
18.38,0.816021424541476
18.39,0.814040486757175
18.4,0.812064463739403
18.41,0.810093352772585
18.42,0.808127151196574
18.4299999999999,0.806165856304759
18.44,0.804209465430119
18.45,0.802257976034925
18.46,0.800311385477683
18.47,0.798369691177048
18.48,0.796432890580121
18.49,0.794500981146915
18.5,0.792573960357598
18.51,0.790651825600825
18.52,0.788734574360811
18.53,0.786822204163794
18.54,0.784914712601614
18.55,0.783012097222936
18.5599999999999,0.781114355745274
18.57,0.779221485833079
18.58,0.777333485171963
18.59,0.775450351439912
18.6,0.773572082396472
18.61,0.771698675709027
18.62,0.769830129135885
18.63,0.767966440478181
18.64,0.766107607608061
18.65,0.764253628363145
18.66,0.762404500776468
18.67,0.760560222818069
18.6799999999999,0.758720792475901
18.69,0.756886207711734
18.7,0.755056466600652
18.71,0.753231567409084
18.72,0.751411508305655
18.73,0.749596287523634
18.74,0.747785903309728
18.75,0.745980353996858
18.76,0.744179637720202
18.77,0.742383752804811
18.78,0.740592697574815
18.79,0.738806470419758
18.8,0.737025069698534
18.8099999999999,0.735248494406743
18.82,0.733476743228938
18.83,0.731709814879099
18.84,0.729947707888711
18.85,0.728190421140203
18.86,0.726437953268913
18.87,0.724690303038445
18.88,0.722947469290559
18.89,0.721209451049843
18.9,0.719476247213706
18.91,0.717747856899635
18.92,0.716024279227522
18.9299999999999,0.71430551335769
18.94,0.71259155843655
18.95,0.710882413745618
18.96,0.709178078548256
18.97,0.707478552157656
18.98,0.70578383395242
18.99,0.704093923389648
19,0.702408819937449
19.01,0.70072852313999
19.02,0.699053032601539
19.03,0.697382347964099
19.04,0.695716468905857
19.05,0.694055395173925
19.0599999999999,0.69239912655359
19.07,0.690747662868685
19.08,0.689101004004435
19.09,0.687459149892837
19.1,0.685822100513374
19.11,0.684189855893336
19.12,0.682562416114431
19.13,0.680939781302822
19.14,0.679321951633154
19.15,0.677708927325173
19.16,0.676100708651404
19.17,0.674497295926788
19.1799999999999,0.672898689514807
19.19,0.671304889828224
19.2,0.669715897326984
19.21,0.668131712518222
19.22,0.666552335957423
19.23,0.664977768249152
19.24,0.663408010044284
19.25,0.66184306204234
19.26,0.66028292499087
19.27,0.658727599685327
19.28,0.657177086967296
19.29,0.655631387727306
19.3,0.654090502902924
19.3099999999999,0.652554433478325
19.32,0.651023180485453
19.33,0.649496745003346
19.34,0.647975128158285
19.35,0.646458331123221
19.36,0.644946355115272
19.37,0.643439201398071
19.38,0.641936871281267
19.39,0.640439366109746
19.4,0.638946687278054
19.41,0.637458836218245
19.42,0.635975814394839
19.4299999999999,0.634497623316746
19.44,0.633024264521602
19.45,0.631555739577795
19.46,0.630092050089772
19.47,0.628633197678025
19.48,0.627179183985835
19.49,0.625730010684847
19.5,0.624285679444863
19.51,0.622846191949465
19.52,0.621411549896237
19.53,0.61998175496106
19.54,0.618556808822362
19.55,0.617136713152149
19.5599999999999,0.615721469574828
19.57,0.614311079704184
19.58,0.612905545121406
19.59,0.611504867325922
19.6,0.610109047791774
19.61,0.6087180879256
19.62,0.607331989014801
19.63,0.605950752299373
19.64,0.604574378907597
19.65,0.603202869797493
19.66,0.601836225875271
19.67,0.60047444789157
19.6799999999999,0.599117536425494
19.69,0.597765491750284
19.7,0.596418314132811
19.71,0.595076003580889
19.72,0.59373855983047
19.73,0.592405982244325
19.74,0.591078270117218
19.75,0.589755422392185
19.76,0.58843743763272
19.77,0.587124313997279
19.78,0.585816049437979
19.79,0.584512641473029
19.8,0.58321408709588
19.8099999999999,0.581920382841671
19.82,0.58063152490986
19.83,0.579347508953981
19.84,0.578068329919569
19.85,0.576793982250322
19.86,0.575524459885442
19.87,0.574259756088381
19.88,0.57299986320365
19.89,0.571744773038699
19.9,0.57049447667561
19.91,0.56924896437802
19.92,0.568008225204352
19.9299999999999,0.566772247727673
19.94,0.565541019510703
19.95,0.564314527144943
19.96,0.563092755905124
19.97,0.561875690010372
19.98,0.56066331286108
19.99,0.559455606552649
20,0.558252551829382
20.01,0.557054127600705
20.02,0.555860312202631
20.03,0.554671082278035
20.04,0.553486413012279
20.05,0.552306277385919
20.0599999999999,0.551130647413967
20.07,0.549959493321832
20.08,0.548792783546249
20.09,0.547630484318534
20.1,0.546472559906666
20.11,0.545318973054025
20.12,0.544169684243245
20.13,0.543024651679506
20.14,0.541883830553676
20.15,0.540747174785803
20.16,0.539614635498521
20.17,0.538486161324919
20.1799999999999,0.537361697313079
20.19,0.536241186658118
20.2,0.535124569656486
20.21,0.534011783584046
20.22,0.532902762152944
20.23,0.531797435718372
20.24,0.530695732109058
20.25,0.52959757543447
20.26,0.528502886134277
20.27,0.527411579817745
20.28,0.526323569861306
20.29,0.525238765162156
20.3,0.524157070587543
20.3099999999999,0.52307838556505
20.32,0.522002605887738
20.33,0.52092962319361
20.34,0.51985932416318
20.35,0.518791590204101
20.36,0.517726296526491
20.37,0.51666331499938
20.38,0.515602511424661
20.39,0.514543746095692
20.4,0.513486871666977
20.41,0.512431736593075
20.42,0.511378182991423
20.4299999999999,0.510326046462389
20.44,0.509275155380308
20.45,0.508225330704326
20.46,0.507176387894229
20.47,0.506128134621031
20.48,0.505080371191593
20.49,0.504032886966024
20.5,0.502985467145924
20.51,0.501937887441435
20.52,0.500889915133458
20.53,0.499841307580398
20.54,0.498791813066972
20.55,0.497741171931832
20.5599999999999,0.496689114363408
20.57,0.495635360672747
20.58,0.494579620021467
20.59,0.493521592648481
20.6,0.492460967707573
20.61,0.49139742351725
20.62,0.490330625453527
20.63,0.489260228223646
20.64,0.488185875498663
20.65,0.487107198327854
20.66,0.486023814986428
20.67,0.484935329741398
20.6799999999999,0.4838413356534
20.69,0.482741411706892
20.7,0.481635123214626
20.71,0.480522022932367
20.72,0.479401648342345
20.73,0.478273522518951
20.74,0.477137154049269
20.75,0.475992037359638
20.76,0.474837652747017
20.77,0.473673463277404
20.78,0.472498917222228
20.79,0.471313447036887
20.8,0.470116474296424
20.8099999999999,0.468907399118319
20.82,0.467685607065097
20.83,0.46645046751255
20.84,0.465201337654718
20.85,0.463937559593684
20.86,0.462658453708551
20.87,0.46136332658322
20.88,0.460051469381642
20.89,0.458722173313825
20.9,0.457374698548199
20.91,0.456008296514907
20.92,0.454622204419245
20.9299999999999,0.453215645439109
20.94,0.451787829466038
20.95,0.450337952747015
20.96,0.448865210646268
20.97,0.44736877768046
20.98,0.445847818528408
20.99,0.444301492733402
21,0.442728964874859
21.01,0.441129375778031
21.02,0.439501866351084
21.03,0.437845583697695
21.04,0.43615967025136
21.05,0.434443262161631
21.0599999999999,0.432695499889268
21.07,0.430915542049919
21.08,0.42910253565692
21.09,0.427255639651064
21.1,0.425374029476715
21.11,0.423456898549718
21.12,0.421503441290863
21.13,0.419512873031845
21.14,0.417484448820854
21.15,0.415417429816144
21.16,0.413311104060992
21.17,0.411164793353345
21.1799999999999,0.408977865265774
21.19,0.406749704540031
21.2,0.404479740140054
21.21,0.402167451128623
21.22,0.399812359699176
21.23,0.39741403170639
21.24,0.394972087351242
21.25,0.392486209310524
21.26,0.389956130765498
21.27,0.38738164925716
21.28,0.384762627216789
21.29,0.382098995136365
21.3,0.37939075478937
21.3099999999999,0.376637982351873
21.32,0.373840820613611
21.33,0.370999499805727
21.34,0.368114331447026
21.35,0.365185705418171
21.36,0.362214079013605
21.37,0.359200019785095
21.38,0.356144176648351
21.39,0.353047263686415
21.4,0.349910089879396
21.41,0.346733568258704
21.42,0.343518693757272
21.4299999999999,0.340266500443309
21.44,0.336978164652587
21.45,0.333654933280055
21.46,0.330298116803585
21.47,0.326909088949753
21.48,0.323489343780595
21.49,0.320040440314067
21.5,0.316563955832677
21.51,0.313061583610737
21.52,0.309535080856294
21.53,0.305986255220112
21.54,0.302416931548272
21.55,0.298829024849778
21.5599999999999,0.295224479894861
21.57,0.291605275067528
21.58,0.287973430282068
21.59,0.284330992033356
21.6,0.280680029100914
21.61,0.277022634043099
21.62,0.27336090600664
21.63,0.269696942009591
21.64,0.266032853281463
21.65,0.262370735227331
21.66,0.258712665221037
21.67,0.255060710198319
21.6799999999999,0.251416913400947
21.69,0.247783290451087
21.7,0.244161817523351
21.71,0.240554444223681
21.72,0.236963079655486
21.73,0.233389577895592
21.74,0.229835753412513
21.75,0.226303366106878
21.76,0.222794114108031
21.77,0.219309640534083
21.78,0.215851521811856
21.79,0.212421263809202
21.8,0.209020319606818
21.8099999999999,0.205650061311523
21.82,0.202311783826968
21.83,0.199006733937745
21.84,0.195736066973684
21.85,0.192500862632092
21.86,0.189302148800809
21.87,0.18614086038485
21.88,0.183017860410535
21.89,0.179933956953793
21.9,0.176889867399077
21.91,0.173886241288026
21.92,0.170923672306822
21.9299999999999,0.168002669116693
21.94,0.165123676523115
21.95,0.162287086909622
21.96,0.159493213588933
21.97,0.156742312297056
21.98,0.15403458986553
21.99,0.151370182529405
22,0.148749174914653
22.01,0.146171606910458
22.02,0.143637458197286
22.03,0.141146662906917
22.04,0.138699114247408
22.05,0.136294656413999
22.0599999999999,0.133933094109068
22.07,0.131614195512712
22.08,0.129337690159964
22.09,0.1271032742944
22.1,0.124910612613864
22.11,0.122759340396076
22.12,0.120649065823897
22.13,0.118579370478227
22.14,0.11654981490532
22.15,0.114559938417836
22.16,0.112609258258113
22.17,0.110697278227665
22.1799999999999,0.108823486158631
22.19,0.106987351618805
22.2,0.105188337921101
22.21,0.103425897313832
22.22,0.101699467212639
22.23,0.10000848338133
22.24,0.0983523755639053
22.25,0.0967305638765894
22.26,0.0951424669612194
22.27,0.0935875036679248
22.28,0.0920650877385977
22.29,0.0905746313773139
22.3,0.0891155518753505
22.3099999999999,0.0876872652055747
22.32,0.0862891861211129
22.33,0.0849207380189864
22.34,0.0835813460107247
22.35,0.0822704344393825
22.36,0.080987438822256
22.37,0.0797317987148294
22.38,0.078502953981576
22.39,0.0773003568324465
22.4,0.0761234649399192
22.41,0.0749717390187968
22.42,0.0738446501626564
22.4299999999999,0.0727416775716079
22.44,0.0716623055195584
22.45,0.0706060267054881
22.46,0.0695723438841141
22.47,0.068560766286589
22.48,0.0675708104896295
22.49,0.0666020040017898
22.5,0.0656538817209134
22.51,0.0647259853907821
22.52,0.0638178679151788
22.53,0.0629290900948749
22.54,0.0620592192982352
22.55,0.0612078340260517
22.5599999999999,0.060374520851617
22.57,0.0595588729444482
22.58,0.0587604935397523
22.59,0.0579789943226551
22.6,0.0572139943684195
22.61,0.0564651208513178
22.62,0.0557320099342605
22.63,0.0550143053002776
22.64,0.0543116579057853
22.65,0.0536237274169512
22.66,0.0529501809334466
22.67,0.052290692376287
22.6799999999999,0.0516449439171363
22.69,0.0510126248447241
22.7,0.0503934311933851
22.71,0.04978706629472
22.72,0.0491932405017924
22.73,0.0486116707292192
22.74,0.04804208042251
22.75,0.0474841997606076
22.76,0.0469377651821974
22.77,0.0464025192537291
22.78,0.0458782107735086
22.79,0.0453645944607144
22.8,0.0448614308512226
22.8099999999999,0.0443684861824909
22.82,0.0438855322735206
22.83,0.0434123463748084
22.84,0.0429487111499736
22.85,0.0424944143431143
22.86,0.0420492487891426
22.87,0.0416130123345986
22.88,0.0411855077748185
22.89,0.0407665424138155
22.9,0.0403559282078533
22.91,0.0399534818451383
22.92,0.0395590242499885
22.9299999999999,0.0391723805507663
22.94,0.0387933801071891
22.95,0.0384218566637313
22.96,0.0380576475485015
22.97,0.0377005940643057
22.98,0.0373505414360067
22.99,0.0370073386377819
23,0.0366708379985767
23.01,0.0363408954089577
23.02,0.0360173706242865
23.03,0.035700126235596
23.04,0.0353890281461552
23.05,0.0350839454043794
23.0599999999999,0.0347847505558151
23.07,0.0344913189540546
23.08,0.0342035286040681
23.09,0.0339212604606259
23.1,0.0336443985322941
23.11,0.0333728298200475
23.12,0.0331064432819298
23.13,0.0328451306887577
23.14,0.0325887864018589
23.15,0.0323373078823578
23.16,0.0320905940872025
23.17,0.0318485466030061
23.1799999999999,0.0316110692595448
23.19,0.0313780686662917
23.2,0.0311494529670078
23.21,0.0309251325639977
23.22,0.0307050199060889
23.23,0.0304890298047197
23.24,0.0302770788265944
23.25,0.0300690852801904
23.26,0.0298649694085289
23.27,0.0296646534497827
23.28,0.0294680615348678
23.29,0.029275119140085
23.3,0.0290857535518718
23.3099999999999,0.0288998937603386
23.32,0.0287174707339545
23.33,0.0285384164492815
23.34,0.028362664585817
23.35,0.0281901502833546
23.36,0.028020810798058
23.37,0.0278545839662865
23.38,0.0276914092704618
23.39,0.027531227524205
23.4,0.0273739809072238
23.41,0.0272196134898053
23.42,0.0270680697301489
23.4299999999999,0.0269192956110956
23.44,0.0267732382889171
23.45,0.0266298462090149
23.46,0.0264890692831752
23.47,0.0263508579368206
23.48,0.0262151638951328
23.49,0.0260819399201371
23.5,0.0259511400119508
23.51,0.0258227193011266
23.52,0.0256966334769095
23.53,0.0255728393584789
23.54,0.025451294683686
23.55,0.0253319584074979
23.5599999999999,0.0252147902908828
23.57,0.0250997507150199
23.58,0.0249868010427369
23.59,0.0248759034563008
23.6,0.0247670212896533
23.61,0.0246601184051753
23.62,0.0245551593872635
23.63,0.024452109645862
23.64,0.0243509353220773
23.65,0.0242516035736299
23.66,0.0241540819342963
23.67,0.0240583387044558
23.6799999999999,0.0239643428681913
23.69,0.023872064075309
23.7,0.0237814729303247
23.71,0.0236925402517474
23.72,0.0236052376155692
23.73,0.0235195371893515
23.74,0.0234354117829968
23.75,0.0233528350249364
23.76,0.023271780722969
23.77,0.0231922233756866
23.78,0.023114138012379
23.79,0.0230375002691634
23.8,0.0229622863931924
23.8099999999999,0.0228884729073188
23.82,0.0228160369159004
23.83,0.0227449559972519
23.84,0.0226752082746041
23.85,0.0226067723665712
23.86,0.0225396271940894
23.87,0.0224737521747882
23.88,0.0224091271469019
23.89,0.0223457324755057
23.9,0.0222835489356583
23.91,0.0222225575661188
23.92,0.0221627398587767
23.9299999999999,0.0221040776819108
23.94,0.0220465533946563
23.95,0.021990149682501
23.96,0.0219348494984636
23.97,0.021880636193915
23.98,0.0218274934580827
23.99,0.0217754054090669
24,0.021724356433887
24.01,0.0216743311991645
24.02,0.0216253147103068
24.03,0.0215772922736846
24.04,0.0215302496239398
24.05,0.0214841726827964
24.0599999999999,0.0214390476416695
24.07,0.0213948609970498
24.08,0.0213515995163381
24.09,0.0213092503678251
24.1,0.021267800853456
24.11,0.0212272385467381
24.12,0.0211875512889728
24.13,0.0211487271664035
24.14,0.0211107545483642
24.15,0.021073621990969
24.16,0.0210373182904541
24.17,0.0210018324672478
24.1799999999999,0.0209671537658599
24.19,0.0209332716980992
24.2,0.020900175959031
24.21,0.0208678564980022
24.22,0.0208363034966499
24.23,0.020805506933552
24.24,0.0207754575166807
24.25,0.020746146005291
24.26,0.0207175633695701
24.27,0.0206897004685493
24.28,0.0206625486085433
24.29,0.0206360993476206
24.3,0.0206103443780697
24.3099999999999,0.0205852753591431
24.32,0.0205608841353681
24.33,0.0205371629882621
24.34,0.0205141042590423
24.35,0.0204917003459331
24.36,0.0204699436061343
24.37,0.0204488269595256
24.38,0.0204283433351615
24.39,0.0204084857888089
24.4,0.0203892471830461
24.41,0.0203706210012594
24.42,0.0203526007081521
24.4299999999999,0.0203351799176334
24.44,0.0203183520867
24.45,0.0203021111599066
24.46,0.020286451141002
24.47,0.0202713661525867
24.48,0.0202568503914226
24.49,0.0202428979253798
24.5,0.020229503372535
24.51,0.0202166613189954
24.52,0.0202043664797875
24.53,0.0201926134955825
24.54,0.0201813971126525
24.55,0.0201707124605844
24.5599999999999,0.0201605546567166
24.57,0.0201509189347959
24.58,0.0201418003226731
24.59,0.0201331942640351
24.6,0.0201250962966065
24.61,0.0201175020146471
24.62,0.0201104070902617
24.63,0.0201038070557307
24.64,0.0200976978860924
24.65,0.0200920755258958
24.66,0.0200869360167468
24.67,0.0200822753689735
24.6799999999999,0.0200780895999597
24.69,0.0200743750795708
24.7,0.0200711281491151
24.71,0.0200683452370913
24.72,0.0200660226913978
24.73,0.0200641570663351
24.74,0.0200627450383348
24.75,0.0200617833218964
24.76,0.0200612687064812
24.77,0.020061197848194
24.78,0.0200615677573844
24.79,0.0200623754183517
24.8,0.0200636178897704
24.8099999999999,0.0200652922210606
24.82,0.0200673954230049
24.83,0.0200699248449288
24.84,0.0200728777888427
24.85,0.0200762516257465
24.86,0.0200800437956303
24.87,0.0200842515162172
24.88,0.0200888724012853
24.89,0.0200939040726483
24.9,0.0200993441797206
24.91,0.0201051904346162
24.92,0.0201114405016779
24.9299999999999,0.0201180920057249
24.94,0.0201251429193283
24.95,0.0201325911419045
24.96,0.0201404346292819
24.97,0.0201486713937008
24.98,0.0201572992582527
24.99,0.0201663163958033
25,0.0201757209601055
25.01,0.0201855111358559
25.02,0.0201956851591535
25.03,0.0202062412337627
25.04,0.0202171775662959
25.05,0.0202284925915312
25.0599999999999,0.0202401847079854
25.07,0.0202522523613168
25.08,0.0202646940443251
25.09,0.0202775080942863
25.1,0.0202906931510641
25.11,0.0203042478210512
25.12,0.0203181707439063
25.13,0.020332460602516
25.14,0.0203471160279673
25.15,0.0203621356791884
25.16,0.0203775184213605
25.17,0.0203932630758387
25.1799999999999,0.0204093685041475
25.19,0.0204258336079807
25.2,0.0204426572764717
25.21,0.020459838307865
25.22,0.0204773758061813
25.23,0.0204952687980064
25.24,0.0205135163468593
25.25,0.0205321175531923
25.26,0.0205510715440482
25.27,0.0205703772418248
25.28,0.0205900339661807
25.29,0.0206100409287409
25.3,0.0206303973746952
25.3099999999999,0.0206511025827988
25.32,0.0206721558653723
25.33,0.0206935563863734
25.34,0.0207153035590848
25.35,0.0207373967909363
25.36,0.0207598354955017
25.37,0.0207826191170876
25.38,0.0208057471307331
25.39,0.0208292189457166
25.4,0.0208530340685551
25.41,0.0208771920844081
25.42,0.0209016925673476
25.4299999999999,0.0209265351200905
25.44,0.0209517193739995
25.45,0.0209772449194689
25.46,0.0210031113575313
25.47,0.0210293184469276
25.48,0.0210558659074565
25.49,0.0210827534852378
25.5,0.0211099809527118
25.51,0.0211375480944562
25.52,0.0211654546729589
25.53,0.0211937005509659
25.54,0.0212222855839392
25.55,0.0212512096497865
25.5599999999999,0.0212804726485819
25.57,0.0213100745022855
25.58,0.021340015154463
25.59,0.0213702946057581
25.6,0.0214009128357112
25.61,0.0214318698523577
25.62,0.0214631656904431
25.63,0.021494800405918
25.64,0.0215267740757151
25.65,0.0215590867975255
25.66,0.0215917386903836
25.67,0.021624729893854
25.6799999999999,0.0216580605660778
25.69,0.0216917308858935
25.7,0.0217257410518275
25.71,0.0217600912818754
25.72,0.0217947818132799
25.73,0.021829812903164
25.74,0.021865184857592
25.75,0.0219008979566495
25.76,0.0219369525172674
25.77,0.0219733488752098
25.78,0.0220100873848941
25.79,0.0220471684192115
25.8,0.022084592369347
25.8099999999999,0.0221223596730607
25.82,0.0221604707670047
25.83,0.0221989260908155
25.84,0.0222377261152374
25.85,0.0222768713295081
25.86,0.0223163622412422
25.87,0.0223561993763148
25.88,0.0223963832775852
25.89,0.0224369145025431
25.9,0.0224777936331903
25.91,0.022519021266312
25.92,0.0225605980162368
25.9299999999999,0.0226025245147122
25.94,0.0226448014107799
25.95,0.0226874293706506
25.96,0.0227304091145274
25.97,0.0227737413365066
25.98,0.0228174267547022
25.99,0.0228614661106462
26,0.0229058601634611
26.01,0.0229506096897952
26.02,0.022995715483757
26.03,0.0230411783544727
26.04,0.0230869991283171
26.05,0.0231331786535138
26.0599999999999,0.0231797177928461
26.07,0.0232266174261791
26.08,0.0232738784503915
26.09,0.023321501779309
26.1,0.0233694883436364
26.11,0.023417839090889
26.12,0.0234665549853265
26.13,0.0235156370111758
26.14,0.0235650861954576
26.15,0.0236149035337752
26.16,0.0236650900594633
26.17,0.0237156468225482
26.1799999999999,0.0237665748896927
26.19,0.0238178753441416
26.2,0.023869549285665
26.21,0.0239215978305056
26.22,0.0239740221113225
26.23,0.0240268232771352
26.24,0.0240800025483272
26.25,0.0241335610907894
26.26,0.0241875000964166
26.27,0.0242418207852822
26.28,0.0242965243941561
26.29,0.0243516121764756
26.3,0.0244070854023169
26.3099999999999,0.0244629453583656
26.32,0.0245191933478887
26.33,0.0245758306907035
26.34,0.0246328587620374
26.35,0.0246902789425552
26.36,0.0247480925741645
26.37,0.0248063010500147
26.38,0.024864905780409
26.39,0.0249239081928083
26.4,0.024983309731835
26.41,0.0250431118592757
26.42,0.0251033160540853
26.4299999999999,0.0251639238123895
26.44,0.0252249366560779
26.45,0.0252863561626972
26.46,0.0253481838494653
26.47,0.0254104212861052
26.48,0.025473070060028
26.49,0.0255361317763598
26.5,0.0255996080579657
26.51,0.0256635005454759
26.52,0.0257278108973104
26.53,0.025792540789705
26.54,0.0258576919167359
26.55,0.0259232659977039
26.5599999999999,0.025989264759631
26.57,0.0260556899499107
26.58,0.0261225433350019
26.59,0.0261898266994079
26.6,0.026257541845704
26.61,0.0263256905945645
26.62,0.0263942747847937
26.63,0.0264632962733532
26.64,0.0265327569353905
26.65,0.0266026586874731
26.66,0.0266730034519128
26.67,0.0267437931457625
26.6799999999999,0.0268150297211576
26.69,0.0268867151489609
26.7,0.0269588514188064
26.71,0.0270314405391475
26.72,0.0271044845373018
26.73,0.0271779854594954
26.74,0.0272519453709108
26.75,0.027326366377143
26.76,0.0274012506567141
26.77,0.0274766002744371
26.78,0.0275524173782332
26.79,0.0276287041357755
26.8,0.0277054627345561
26.8099999999999,0.0277826953819531
26.82,0.0278604043052985
26.83,0.027938591751943
26.84,0.0280172599893264
26.85,0.0280964113050429
26.86,0.0281760480069075
26.87,0.0282561724276129
26.88,0.0283367869854774
26.89,0.0284178940017709
26.9,0.0284994958703386
26.91,0.0285815950059789
26.92,0.0286641938445255
26.9299999999999,0.0287472948429298
26.94,0.0288309004793434
26.95,0.0289150132531983
26.96,0.0289996356852918
26.97,0.0290847703178676
26.98,0.0291704197146959
26.99,0.0292565864611592
27,0.0293432732365798
27.01,0.0294304826300683
27.02,0.0295182172913972
27.03,0.0296064798981707
27.04,0.0296952731504357
27.05,0.0297845997707794
27.0599999999999,0.0298744625044272
27.07,0.0299648641193405
27.08,0.0300558074063125
27.09,0.0301472951790687
27.1,0.0302393302743635
27.11,0.0303319155520754
27.12,0.0304250540117415
27.13,0.0305187485255905
27.14,0.0306130020023093
27.15,0.0307078174049501
27.16,0.0308031977210095
27.17,0.0308991459625563
27.1799999999999,0.03099566516636
27.19,0.0310927583940196
27.2,0.0311904287320896
27.21,0.0312886792922119
27.22,0.0313875132112419
27.23,0.0314869336513755
27.24,0.0315869438401573
27.25,0.0316875469943853
27.26,0.0317887463357765
27.27,0.0318905451333691
27.28,0.0319929466825458
27.29,0.032095954305176
27.3,0.0321995713497574
27.3099999999999,0.0323038011915574
27.32,0.0324086472327559
27.33,0.0325141129025841
27.34,0.0326202016574702
27.35,0.0327269169811792
27.36,0.0328342624088543
27.37,0.0329422414965841
27.38,0.0330508577907042
27.39,0.0331601148891194
27.4,0.0332700164180728
27.41,0.033380566032299
27.42,0.0334917674151763
27.4299999999999,0.0336036242788795
27.44,0.0337161403645334
27.45,0.0338293194423627
27.46,0.0339431653118485
27.47,0.0340576818018792
27.48,0.0341728728268447
27.49,0.0342887423850071
27.5,0.0344052943010402
27.51,0.034522532534892
27.52,0.0346404610777224
27.53,0.0347590839520955
27.54,0.0348784052121707
27.55,0.0349984289438954
27.5599999999999,0.0351191592651959
27.57,0.0352406003261705
27.58,0.0353627563092783
27.59,0.0354856314295352
27.6,0.0356092299613298
27.61,0.0357335563261945
27.62,0.0358586147213967
27.63,0.0359844095007155
27.64,0.0361109450519052
27.65,0.0362382257969008
27.66,0.036366256192024
27.67,0.0364950407281888
27.6799999999999,0.0366245839311067
27.69,0.0367548903614937
27.7,0.0368859646152725
27.71,0.0370178113237828
27.72,0.0371504351539848
27.73,0.0372838408086623
27.74,0.0374180330266331
27.75,0.0375530165829515
27.76,0.0376887964423548
27.77,0.0378253774755643
27.78,0.0379627644740885
27.79,0.0381009623704642
27.8,0.0382399761352122
27.8099999999999,0.0383798107770642
27.82,0.0385204713431903
27.83,0.0386619629194232
27.84,0.0388042906304894
27.85,0.0389474596402341
27.86,0.0390914751518455
27.87,0.0392363424080866
27.88,0.0393820666915191
27.89,0.0395286533247308
27.9,0.0396761076705628
27.91,0.0398244351323362
27.92,0.0399736417276317
27.9299999999999,0.0401237325410267
27.94,0.0402747131042604
27.95,0.040426589007096
27.96,0.040579365882417
27.97,0.0407330494064955
27.98,0.0408876452992606
27.99,0.0410431593245743
28,0.0411995972904992
28.01,0.0413569650495701
28.02,0.0415152684990651
28.03,0.0416745135812763
28.04,0.041834706283781
28.05,0.0419958526397123
28.0599999999999,0.0421579587280304
28.07,0.0423210309165947
28.08,0.0424850756581553
28.09,0.0426500988426859
28.1,0.0428161067603765
28.11,0.0429831057503367
28.12,0.0431511022009247
28.13,0.0433201025500663
28.14,0.0434901132855784
28.15,0.043661140945492
28.16,0.0438331921183748
28.17,0.0440062734436543
28.1799999999999,0.0441803916119404
28.19,0.0443555533653492
28.2,0.0445317654978218
28.21,0.0447090348554533
28.22,0.0448873683368124
28.23,0.0450667733413716
28.24,0.0452472566880736
28.25,0.0454288253458771
28.26,0.0456114864483034
28.27,0.0457952471844462
28.28,0.0459801147993383
28.29,0.0461660965943178
28.3,0.0463531999273951
28.3099999999999,0.0465414322136187
28.32,0.0467308009254433
28.33,0.0469213135930921
28.34,0.0471129778049293
28.35,0.0473058012078238
28.36,0.047499791507512
28.37,0.0476949564689715
28.38,0.0478913040421783
28.39,0.048088842637994
28.4,0.0482875797526863
28.41,0.0484875234182463
28.42,0.0486886817295716
28.4299999999999,0.0488910628448882
28.44,0.0490946749861728
28.45,0.0492995264395702
28.46,0.0495056255558212
28.47,0.0497129807506812
28.48,0.0499216005053378
28.49,0.0501314933668396
28.5,0.0503426679485132
28.51,0.0505551329303854
28.52,0.0507688970596051
28.53,0.0509839691508651
28.54,0.0512003586473403
28.55,0.0514180745279547
28.5599999999999,0.0516371255106826
28.57,0.0518575207210132
28.58,0.052079269356577
28.59,0.0523023806876486
28.6,0.0525268640576385
28.61,0.0527527288835841
28.62,0.0529799846566534
28.63,0.0532086409426345
28.64,0.0534387073824331
28.65,0.0536701936925671
28.66,0.0539031096656621
28.67,0.0541374651709471
28.6799999999999,0.0543732701547498
28.69,0.0546105346409927
28.7,0.0548492698265654
28.71,0.0550894850907036
28.72,0.055331190730985
28.73,0.0555743971278479
28.74,0.055819114744584
28.75,0.0560653541279099
28.76,0.0563131259085448
28.77,0.0565624408017874
28.78,0.0568133096080924
28.79,0.0570657432136471
28.8,0.0573197525909482
28.8099999999999,0.0575753487993782
28.82,0.0578325429857838
28.83,0.0580913463850463
28.84,0.0583517703206675
28.85,0.0586138266918169
28.86,0.058877527460307
28.87,0.0591428836380171
28.88,0.0594099069555315
28.89,0.0596786092381661
28.9,0.0599490024066414
28.91,0.060221098477755
28.92,0.0604949095650548
28.9299999999999,0.0607704478795116
28.94,0.0610477257301937
28.95,0.0613267555249335
28.96,0.0616075497710094
28.97,0.0618901210758148
28.98,0.0621744821475251
28.99,0.062460645795781
29,0.0627486249323545
29.01,0.0630384333219905
29.02,0.0633300838003571
29.03,0.063623589496805
29.04,0.0639189637981103
29.05,0.0642162202016878
29.0599999999999,0.0645153723164547
29.07,0.0648164338636962
29.08,0.0651194186779224
29.09,0.0654243407077424
29.1,0.0657312140167233
29.11,0.0660400527842484
29.12,0.0663508713063915
29.13,0.0666636843294249
29.14,0.0669785062958287
29.15,0.0672953517923554
29.16,0.0676142356190148
29.17,0.0679351726992853
29.1799999999999,0.0682581780810691
29.19,0.0685832669376504
29.2,0.0689104545686426
29.21,0.0692397564009557
29.22,0.0695711879897458
29.23,0.0699047650193655
29.24,0.07024050330433
29.25,0.0705784190661804
29.26,0.0709185283425634
29.27,0.0712608472682146
29.28,0.0716053922135038
29.29,0.0719521796859563
29.3,0.0723012263312917
29.3099999999999,0.0726525489344626
29.32,0.0730061644206941
29.33,0.0733620898565149
29.34,0.0737203424508076
29.35,0.0740809395558407
29.36,0.0744438986683011
29.37,0.074809237727887
29.38,0.0751769745597485
29.39,0.0755471270125373
29.4,0.0759197132203714
29.41,0.0762947514722842
29.42,0.0766722602135075
29.4299999999999,0.0770522580467543
29.44,0.0774347637335034
29.45,0.0778197961952734
29.46,0.0782073745470085
29.47,0.0785975183010921
29.48,0.0789902467095068
29.49,0.0793855793764699
29.5,0.0797835360759452
29.51,0.0801841367530832
29.52,0.0805874015256589
29.53,0.0809933506855102
29.54,0.0814020046999756
29.55,0.0818133842133325
29.5599999999999,0.0822275101660248
29.57,0.0826444035921884
29.58,0.0830640856311744
29.59,0.083486577670517
29.6,0.0839119012841541
29.61,0.0843400782339623
29.62,0.084771130471315
29.63,0.0852050801386157
29.64,0.0856419495708436
29.65,0.086081761310775
29.66,0.0865245382904306
29.67,0.0869703033355236
29.6799999999999,0.0874190795988363
29.69,0.0878708904377723
29.7,0.0883257594161361
29.71,0.0887837103059394
29.72,0.0892447670891839
29.73,0.0897089540128013
29.74,0.0901762955781908
29.75,0.0906468163607643
29.76,0.0911205412252876
29.77,0.091597495258758
29.78,0.0920777037723797
29.79,0.0925611923035392
29.8,0.0930479866177809
29.8099999999999,0.0935381127956206
29.82,0.0940315970827549
29.83,0.0945284659265335
29.84,0.0950287460462291
29.85,0.0955324644019101
29.86,0.0960396481965596
29.87,0.0965503248782213
29.88,0.097064522142116
29.89,0.0975822681078491
29.9,0.0981035909021458
29.91,0.0986285189939064
29.92,0.099157081117771
29.9299999999999,0.099689306269929
29.94,0.100225223710454
29.95,0.10076486296562
29.96,0.101308253875767
29.97,0.101855426666907
29.98,0.102406411600746
29.99,0.102961239324209
30,0.103519940766412
30.01,0.104082547141248
30.02,0.104649089949954
30.03,0.105219600983694
30.04,0.105794112444169
30.05,0.106372656788068
30.0599999999999,0.106955266647077
30.07,0.107541975034874
30.08,0.108132815272765
30.09,0.108727820992553
30.1,0.109327026139371
30.11,0.109930464974522
30.12,0.110538172287937
30.13,0.111150182941532
30.14,0.111766532165561
30.15,0.112387255555553
30.16,0.113012389042689
30.17,0.113641968896937
30.1799999999999,0.114276031730182
30.19,0.1149146145287
30.2,0.115557754854497
30.21,0.11620549024373
30.22,0.116857858749758
30.23,0.117514898789224
30.24,0.118176649145533
30.25,0.1188431489723
30.26,0.119514437796809
30.27,0.120190555645785
30.28,0.120871542972226
30.29,0.121557440358632
30.3,0.122248288912098
30.3099999999999,0.122944130137337
30.32,0.123645005940512
30.33,0.124350958633057
30.34,0.12506203093553
30.35,0.125778266926395
30.36,0.126499709924404
30.37,0.127226403530459
30.38,0.127958392070422
30.39,0.128695720263049
30.4,0.129438433219994
30.41,0.130186576445811
30.42,0.130940195839758
30.4299999999999,0.131699341312769
30.44,0.132464058000364
30.45,0.133234393475154
30.46,0.134010395748619
30.47,0.134792113271098
30.48,0.135579594931775
30.49,0.136372892005304
30.5,0.137172054082505
30.51,0.137977131347985
30.52,0.138788174824359
30.53,0.139605236005684
30.54,0.140428366857458
30.55,0.141257621192541
30.5599999999999,0.142093052567273
30.57,0.142934714010773
30.58,0.143782659744822
30.59,0.144636944495156
30.6,0.145497623491456
30.61,0.146364753496791
30.62,0.147238392390281
30.63,0.148118596152208
30.64,0.149005422461784
30.65,0.149898929540897
30.66,0.150799176154111
30.67,0.151706222167087
30.6799999999999,0.152620130225183
30.69,0.153540959491293
30.7,0.154468771395865
30.71,0.155403627957066
30.72,0.156345591780764
30.73,0.15729472606051
30.74,0.158251098398602
30.75,0.159214771554613
30.76,0.160185810998244
30.77,0.161164282849043
30.78,0.162150253863017
30.79,0.163143791432627
30.8,0.16414496713483
30.8099999999999,0.165153849157035
30.82,0.166170506630347
30.83,0.167195010075637
30.84,0.168227430697027
30.85,0.169267840381872
30.86,0.170316311798905
30.87,0.171372924160392
30.88,0.172437748564442
30.89,0.17351086034006
30.9,0.17459233556016
30.91,0.175682251041557
30.92,0.176780684344978
30.9299999999999,0.177887715249418
30.94,0.179003427941343
30.95,0.180127899597606
30.96,0.181261211610664
30.97,0.182403446188774
30.98,0.183554686355976
30.99,0.184715015952133
31,0.185884522952679
31.01,0.18706329607122
31.02,0.188251419668341
31.03,0.189448981813517
31.04,0.190656071471672
31.05,0.191872778503177
31.0599999999999,0.19309919366385
31.07,0.194335414295981
31.08,0.195581533443809
31.09,0.196837643667689
31.1,0.198103840383045
31.11,0.199380219987926
31.12,0.200666879863049
31.13,0.201963918371773
31.14,0.2032714437411
31.15,0.204589553016831
31.16,0.205918348090174
31.17,0.207257932478347
31.1799999999999,0.208608410778402
31.19,0.209969888667234
31.2,0.211342474257152
31.21,0.212726284506053
31.22,0.214121423837162
31.23,0.215528003543288
31.24,0.216946136106859
31.25,0.218375935199889
31.26,0.219817515683987
31.27,0.221270997646028
31.28,0.222736505026685
31.29,0.224214152599274
31.3,0.225704061476172
31.3099999999999,0.22720635408331
31.32,0.228721154160184
31.33,0.230248586759814
31.34,0.231788785939892
31.35,0.233341882289702
31.36,0.234908002538764
31.37,0.236487278705857
31.38,0.238079844262841
31.39,0.239685834134669
31.4,0.24130538469938
31.41,0.242938646387791
31.42,0.244585755853748
31.4299999999999,0.246246853677961
31.44,0.247922084014334
31.45,0.249611592627017
31.46,0.251315526890451
31.47,0.253034036369584
31.48,0.25476728431252
31.49,0.25651541835919
31.5,0.258278594602913
31.51,0.260056970978206
31.52,0.26185070726078
31.53,0.263659969486518
31.54,0.265484925136981
31.55,0.267325738170006
31.5599999999999,0.269182577472965
31.57,0.271055613943596
31.58,0.272945020489965
31.59,0.274850981111776
31.6,0.276773669665354
31.61,0.278713266548065
31.62,0.280669954437086
31.63,0.282643918180058
31.64,0.284635348967521
31.65,0.286644441615524
31.66,0.288671385546616
31.67,0.290716376244712
31.6799999999999,0.292779611554832
31.69,0.294861291683113
31.7,0.2969616312345
31.71,0.299080832457475
31.72,0.30121910404745
31.73,0.303376658169287
31.74,0.305553709583642
31.75,0.307750480430682
31.76,0.309967200041673
31.77,0.312204087675798
31.78,0.314461371207564
31.79,0.316739281375537
31.8,0.319038051782345
31.8099999999999,0.3213579318375
31.82,0.32369915974921
31.83,0.326061978562447
31.84,0.328446636324532
31.85,0.330853384227688
31.86,0.333282479804419
31.87,0.335734190561132
31.88,0.338208775226611
31.89,0.340706501415094
31.9,0.343227640567867
31.91,0.345772468004273
31.92,0.348341265134957
31.9299999999999,0.350934317168401
31.94,0.35355191116247
31.95,0.356194339709444
31.96,0.358861899744758
31.97,0.361554892612911
31.98,0.364273625987734
31.99,0.367018410417162
32,0.369789561125001
32.01,0.372587398458341
32.02,0.375412247619194
32.03,0.378264438745426
32.04,0.381144307205444
32.05,0.38405219314689
32.0599999999999,0.38698844199257
32.07,0.389953404401222
32.08,0.392947436342301
32.09,0.395970899371003
32.1,0.399024161045192
32.11,0.402107593698505
32.12,0.405221575657873
32.13,0.408366491010365
32.14,0.411542731785703
32.15,0.414750695352497
32.16,0.417990783114801
32.17,0.421263403136079
32.1799999999999,0.424568974186845
32.19,0.427907922118335
32.2,0.431280672686296
32.21,0.434687660747759
32.22,0.438129331096795
32.23,0.441606137932894
32.24,0.445118534705427
32.25,0.448666984572353
32.26,0.452251960510714
32.27,0.455873947704536
32.28,0.459533428724287
32.29,0.463230897028119
32.3,0.46696685594564
32.3099999999999,0.470741824931536
32.32,0.474556317680981
32.33,0.478410860542634
32.34,0.482305989446672
32.35,0.486242260141539
32.36,0.490220220360017
32.37,0.494240431957767
32.38,0.498303466123485
32.39,0.502409918531863
32.4,0.506560371972018
32.41,0.51075542588596
32.42,0.514995688528906
32.4299999999999,0.519281786138252
32.44,0.523614357068546
32.45,0.527994034497709
32.46,0.53242146773889
32.47,0.536897315572199
32.48,0.541422268960741
32.49,0.545997004877156
32.5,0.550622214693869
32.51,0.555298602155486
32.52,0.560026887459304
32.53,0.564807816822415
32.54,0.569642120377745
32.55,0.574530549925855
32.5599999999999,0.57947386832042
32.57,0.584472866778268
32.58,0.589528338266928
32.59,0.594641079795005
32.6,0.599811905784943
32.61,0.605041644065244
32.62,0.610331158586345
32.63,0.615681293455003
32.64,0.621092917155332
32.65,0.626566910814164
32.66,0.632104176408018
32.67,0.637705633534149
32.6799999999999,0.643372202929427
32.69,0.649104825312075
32.7,0.654904455889282
32.71,0.660772065434348
32.72,0.666708639725053
32.73,0.672715178470878
32.74,0.678792697189981
32.75,0.684942226829572
32.76,0.691164811132525
32.77,0.697461509636254
32.78,0.70383340023984
32.79,0.710281575172548
32.8,0.716807142539114
32.8099999999999,0.723411221380952
32.82,0.730094947909913
32.83,0.736859477870039
32.84,0.743705980688332
32.85,0.750635641684403
32.86,0.757649656084228
32.87,0.764749237402807
32.88,0.771935617995503
32.89,0.779210043663206
32.9,0.786573775780962
32.91,0.794028082683741
32.92,0.801574252758689
32.9299999999999,0.809213592404764
32.94,0.816947420354244
32.95,0.824777070067675
32.96,0.832703875212331
32.97,0.840729193352245
32.98,0.848854398397998
32.99,0.857080874100751
33,0.865410017169896
33.01,0.873843215542981
33.02,0.88238188604739
33.03,0.891027457703359
33.04,0.899781366046601
33.05,0.908645056618476
33.0599999999999,0.917619955274814
33.07,0.926707522361515
33.08,0.935909223344939
33.09,0.945226525995692
33.1,0.954660903741628
33.11,0.964213795053397
33.12,0.973886680992372
33.13,0.983681036999101
33.14,0.993598335138962
33.15,1.00364004699611
33.16,1.01380759027232
33.17,1.02410243485018
33.1799999999999,1.03452602986127
33.19,1.04507981388931
33.2,1.05576521677031
33.21,1.06658359067018
33.22,1.07753635183694
33.23,1.08862487528061
33.24,1.09985051646861
33.25,1.1112146106766
33.26,1.12271839476609
33.27,1.13436317319258
33.28,1.14615018798477
33.29,1.15808065023823
33.3,1.17015573480033
33.3099999999999,1.18237650259198
33.32,1.19474407230667
33.33,1.20725948295166
33.34,1.21992372699426
33.35,1.23273774158962
33.36,1.24570233599757
33.37,1.25881835986202
33.38,1.27208656496841
33.39,1.28550763831392
33.4,1.2990821905049
33.41,1.3128106956736
33.42,1.32669363830548
33.4299999999999,1.34073138850845
33.44,1.35492423124404
33.45,1.36927235386095
33.46,1.38377580455528
33.47,1.39843459888984
33.48,1.4132486246909
33.49,1.42821766313642
33.5,1.44334137859242
33.51,1.45861929742522
33.52,1.474050861264
33.53,1.4896353742095
33.54,1.50537201231633
33.55,1.52125982027859
33.5599999999999,1.53729770859632
33.57,1.55348444505129
33.58,1.56981865475845
33.59,1.5862988150714
33.6,1.60292326498065
33.61,1.6196902142565
33.62,1.63659767046907
33.63,1.65364349910441
33.64,1.67082540171679
33.65,1.68814093402115
33.66,1.70558752118824
33.67,1.72316236309776
33.6799999999999,1.74086251195829
33.69,1.75868486586573
33.7,1.77662618160344
33.71,1.79468299647121
33.72,1.81285169304633
33.73,1.83112849876503
33.74,1.84950950043447
33.75,1.86799056134565
33.76,1.88656739189001
33.77,1.9052355543739
33.78,1.92399048270387
33.79,1.94282737767558
33.8,1.9617412989302
33.8099999999999,1.98072716942815
33.82,1.99977979903062
33.83,2.01889376528155
33.84,2.0380635206671
33.85,2.05728339496022
33.86,2.07654761988259
33.87,2.09585021045455
33.88,2.11518507436351
33.89,2.13454601401006
33.9,2.15392675088998
33.91,2.17332081466055
33.92,2.19272164819932
33.9299999999999,2.21212261379229
33.94,2.23151701491157
33.95,2.25089798397031
33.96,2.27025859415576
33.97,2.28959184052667
33.98,2.30889072030271
33.99,2.32814808676756
34,2.34735676378721
34.01,2.36650954317422
34.02,2.38559918235512
34.03,2.40461839083825
34.04,2.42355986207718
34.05,2.44241629045095
34.0599999999999,2.46118034684755
34.07,2.47984470834962
34.08,2.49840207109528
34.09,2.51684515691912
34.1,2.53516670022652
34.11,2.55335947677691
34.12,2.57141633456936
34.13,2.58933015149385
34.14,2.60709387672659
34.15,2.62470053776294
34.16,2.6421432507901
34.17,2.6594152150677
34.1799999999999,2.67650973460333
34.19,2.69342022149276
34.2,2.71014020833688
34.21,2.72666335525369
34.22,2.74298345583759
34.23,2.75909444265149
34.24,2.77499040928243
34.25,2.79066560798752
34.26,2.80611444864941
34.27,2.82133152272782
34.28,2.83631161101952
34.29,2.85104968315218
34.3,2.86554088359232
34.3099999999999,2.87978059048158
34.32,2.89376438722
34.33,2.90748806189492
34.34,2.92094761267749
34.35,2.93413929835046
34.36,2.94705960482951
34.37,2.95970521326504
34.38,2.97207308223809
34.39,2.98416042320667
34.4,2.99596468734121
34.41,3.00748352354727
34.42,3.01871490807267
34.4299999999999,3.02965705615794
34.44,3.04030841001328
34.45,3.05066766433206
34.46,3.06073381909976
34.47,3.0705061243828
34.48,3.07998400422151
34.49,3.08916723167445
34.5,3.09805582376295
34.51,3.10665004661395
34.52,3.11495031767698
34.53,3.12295743174252
34.54,3.13067239428525
34.55,3.13809642860704
34.5599999999999,3.14523092595315
34.57,3.15207761924965
34.58,3.15863843519752
34.59,3.16491547503833
34.6,3.17091103562898
34.61,3.17662769031789
34.62,3.18206818980886
34.63,3.18723541306917
34.64,3.19213245640743
34.65,3.1967626179134
34.66,3.20112935283038
34.67,3.20523619705341
34.6799999999999,3.20908691458597
34.69,3.21268539503635
34.7,3.21603565366348
34.71,3.21914177179282
34.72,3.22200801079391
34.73,3.22463871382202
34.74,3.22703830775563
34.75,3.22921128119037
34.76,3.2311622367108
34.77,3.23289582837338
34.78,3.23441676760692
34.79,3.23572978828388
34.8,3.23683969116216
34.8099999999999,3.23775129565261
34.82,3.23846944063422
34.83,3.23899899029441
34.84,3.23934480630819
34.85,3.23951173701204
34.86,3.23950462081052
34.87,3.23932828887295
34.88,3.23898758139137
34.89,3.23848725825275
34.9,3.23783205686003
34.91,3.23702670798558
34.92,3.2360758727529
34.9299999999999,3.23498415186274
34.94,3.23375609915962
34.95,3.23239623582397
34.96,3.23090897789802
34.97,3.22929868093814
34.98,3.22756965533631
34.99,3.22572612401735
35,3.22377221282698
35.01,3.22171197548817
35.02,3.21954943105218
35.03,3.21728845264214
35.04,3.2149328418626
35.05,3.21248633867742
35.0599999999999,3.20995259461444
35.07,3.20733514335315
35.08,3.20463743807003
35.09,3.20186288347779
35.1,3.19901474527363
35.11,3.1960962111326
35.12,3.1931103942405
35.13,3.19006032273921
35.14,3.18694890701931
35.15,3.18377897532523
35.16,3.18055328766487
35.17,3.17727452734793
35.1799999999999,3.1739452520735
35.19,3.17056794616961
35.2,3.16714502857932
35.21,3.16367884996534
35.22,3.16017164060209
35.23,3.1566255646814
35.24,3.15304271923412
35.25,3.14942513587567
35.26,3.14577474580305
35.27,3.14209341613231
35.28,3.13838294548437
35.29,3.13464506648481
35.3,3.13088143370347
35.3099999999999,3.12709363759205
35.32,3.12328320795015
35.33,3.11945161835213
35.34,3.11560026760263
35.35,3.11173049954955
35.36,3.10784360213527
35.37,3.10394081105876
35.38,3.10002330114737
35.39,3.09609219715224
35.4,3.09214857254308
35.41,3.088193450905
35.42,3.08422780963348
35.4299999999999,3.08025257978087
35.44,3.0762686482933
35.45,3.07227685583662
35.46,3.06827800051059
35.47,3.06427284684156
35.48,3.06026211871029
35.49,3.05624650369848
35.5,3.05222664334102
35.51,3.04820314861277
35.52,3.04417660588641
35.53,3.04014756582876
35.54,3.03611654946979
35.55,3.0320840325913
35.5599999999999,3.02805047567966
35.57,3.02401631547129
35.58,3.0199819598679
35.59,3.01594779288202
35.6,3.01191415460626
35.61,3.00788138473692
35.62,3.00384979714033
35.63,2.99981968394526
35.64,2.99579131774778
35.65,2.99176492979812
35.66,2.98774076247906
35.67,2.98371903104291
35.6799999999999,2.9796999349739
35.69,2.97568365589807
35.7,2.97167034310855
35.71,2.96766015746696
35.72,2.96365323726034
35.73,2.95964970859434
35.74,2.95564968061332
35.75,2.95165323984113
35.76,2.94766048230958
35.77,2.94367148597936
35.78,2.93968631953429
35.79,2.93570503542797
35.8,2.93172767305588
35.8099999999999,2.92775427754142
35.82,2.92378488036987
35.83,2.91981950611379
35.84,2.91585816393506
35.85,2.91190085821444
35.86,2.90794759513276
35.87,2.90399837120497
35.88,2.90005317796896
35.89,2.89611199225682
35.9,2.89217479294052
35.91,2.88824155734249
35.92,2.88431225640954
35.9299999999999,2.88038685767643
35.94,2.87646531442566
35.95,2.87254758770962
35.96,2.86863363411542
35.97,2.86472340653881
35.98,2.8608168556389
35.99,2.85691391821156
36,2.85301454362658
36.01,2.84911867425016
36.02,2.84522625093761
36.03,2.84133721292174
36.04,2.83745148836288
36.05,2.83356901696887
36.0599999999999,2.82968973290359
36.07,2.82581356959583
36.08,2.82194045932211
36.09,2.81807032629457
36.1,2.81420310435239
36.11,2.81033872331589
36.12,2.8064771128608
36.13,2.80261820193526
36.14,2.79876191411183
36.15,2.79490818057861
36.16,2.79105692989422
36.17,2.78720809093796
36.1799999999999,2.78336159219278
36.19,2.77951735853555
36.2,2.77567532128115
36.21,2.77183541003735
36.22,2.76799755507589
36.23,2.76416168642636
36.24,2.7603277315191
36.25,2.75649562375532
36.26,2.7526652952965
36.27,2.7488366791703
36.28,2.74500970871907
36.29,2.74118431677131
36.3,2.73736043963655
36.3099999999999,2.7335380136629
36.32,2.72971697629532
36.33,2.72589726484854
36.34,2.72207881563432
36.35,2.71826157000675
36.36,2.71444546876564
36.37,2.71063045381791
36.38,2.70681646769714
36.39,2.70300345350548
36.4,2.69919135675814
36.41,2.69538012360498
36.42,2.69156970139492
36.4299999999999,2.68776003755897
36.44,2.68395108034077
36.45,2.68014278140014
36.46,2.67633509256421
36.47,2.67252796692306
36.48,2.66872135885567
36.49,2.66491522405582
36.5,2.66110951335806
36.51,2.65730418648245
36.52,2.65349920237021
36.53,2.64969452067258
36.54,2.64589010225693
36.55,2.6420859092184
36.5599999999999,2.63828190413756
36.57,2.63447805009418
36.58,2.6306743134442
36.59,2.62687066080259
36.6,2.62306705999272
36.61,2.6192634800531
36.62,2.61545989124384
36.63,2.6116562604752
36.64,2.60785256084424
36.65,2.6040487659095
36.66,2.60024484961843
36.67,2.59644078698699
36.6799999999999,2.59263655409461
36.69,2.5888321276405
36.7,2.58502748454668
36.71,2.58122260449066
36.72,2.57741746738374
36.73,2.57361205411829
36.74,2.56980634655877
36.75,2.56600032753302
36.76,2.5621939803804
36.77,2.55838728979643
36.78,2.55458024143247
36.79,2.55077282174639
36.8,2.54696501809536
36.8099999999999,2.54315681872583
36.82,2.53934821270666
36.83,2.53553918978517
36.84,2.53172974090207
36.85,2.52791985769606
36.86,2.52410953263492
36.87,2.52029875900464
36.88,2.51648753089884
36.89,2.51267584268633
36.9,2.50886368991951
36.91,2.50505106908003
36.92,2.50123797721688
36.9299999999999,2.49742441210867
36.94,2.4936103722514
36.95,2.48979585684629
36.96,2.48598086428504
36.97,2.48216539564293
36.98,2.47834945191546
36.99,2.47453303467223
37,2.47071614607999
37.01,2.46689878888751
37.02,2.46308096677674
37.03,2.45926268499031
37.04,2.45544394741981
37.05,2.45162475934335
37.0599999999999,2.44780512659863
37.07,2.44398505557127
37.08,2.44016455318315
37.09,2.43634362711919
37.1,2.43252228554067
37.11,2.42870053683842
37.12,2.42487839006503
37.13,2.42105585476591
37.14,2.41723294096858
37.15,2.41340965917187
37.16,2.40958601968297
37.17,2.40576203394244
37.1799999999999,2.40193771376332
37.19,2.39811307124584
37.2,2.39428811888246
37.21,2.39046286954538
37.22,2.38663733651179
37.23,2.38281153391477
37.24,2.37898547548862
37.25,2.37515917561048
37.26,2.37133264899229
37.27,2.36750591066961
37.28,2.36367897599031
37.29,2.35985186101368
37.3,2.35602458249839
37.3099999999999,2.35219715636193
37.32,2.34836959935191
37.33,2.34454192851134
37.34,2.34071416116969
37.35,2.33688631493422
37.36,2.33305840786896
37.37,2.32923045816676
37.38,2.32540248418252
37.39,2.32157450459983
37.4,2.31774653834333
37.41,2.3139186045703
37.42,2.31009072266231
37.4299999999999,2.30626291219312
37.44,2.30243519287205
37.45,2.29860758474655
37.46,2.2947801079917
37.47,2.2909527829623
37.48,2.2871256301844
37.49,2.28329867034666
37.5,2.27947192429189
37.51,2.27564541385362
37.52,2.27181916004542
37.53,2.26799318413442
37.54,2.26416750767869
37.55,2.26034215237212
37.5599999999999,2.25651714003735
37.57,2.25269249261854
37.58,2.24886823261778
37.59,2.24504438288889
37.6,2.2412209653755
37.61,2.23739800264492
37.62,2.23357551737868
37.63,2.22975353236707
37.64,2.22593207050367
37.65,2.2221111547798
37.66,2.21829080841155
37.67,2.21447105451417
37.6799999999999,2.21065191635809
37.69,2.20683341729403
37.7,2.20301558074609
37.71,2.19919843020631
37.72,2.19538198922944
37.73,2.1915662814785
37.74,2.18775133064615
37.75,2.18393716042845
37.76,2.18012379459395
37.77,2.17631125694948
37.78,2.17249957133493
37.79,2.16868876161805
37.8,2.16487885181314
37.8099999999999,2.16106986665982
37.82,2.15726182970781
37.83,2.15345476503913
37.84,2.14964869675909
37.85,2.14584364899245
37.86,2.14203964587954
37.87,2.13823671157219
37.88,2.13443487070982
37.89,2.13063414746141
37.9,2.12683456595864
37.91,2.12303615047105
37.92,2.1192389252746
37.9299999999999,2.11544291464847
37.94,2.11164814287195
37.95,2.1078546342045
37.96,2.10406241281386
37.97,2.10027150300814
37.98,2.09648192901729
37.99,2.09269371505316
38,2.0889068853063
38.01,2.08512146394269
38.02,2.08133747510048
38.03,2.07755494308821
38.04,2.07377389206904
38.05,2.06999434602481
38.0599999999999,2.06621632900868
38.07,2.06243986503738
38.08,2.05866497808845
38.09,2.05489169209735
38.1,2.05112003096908
38.11,2.04735001943384
38.12,2.04358168088412
38.13,2.03981503919089
38.14,2.03605011818713
38.15,2.03228694166601
38.16,2.02852553337912
38.17,2.02476591703471
38.1799999999999,2.02100811631092
38.19,2.0172521548415
38.2,2.01349805618527
38.21,2.00974584386531
38.22,2.00599554135332
38.23,2.00224717206792
38.24,1.99850075937279
38.25,1.99475632657507
38.26,1.99101389665141
38.27,1.98727349286113
38.28,1.9835351383154
38.29,1.97979885602544
38.3,1.97606466893049
38.3099999999999,1.97233259989571
38.32,1.96860267171004
38.33,1.96487490726685
38.34,1.96114932966996
38.35,1.95742596124237
38.36,1.95370482455738
38.37,1.94998594211643
38.38,1.94626933634782
38.39,1.94255502960552
38.4,1.93884304416791
38.41,1.93513340273052
38.42,1.93142612741565
38.4299999999999,1.92772124021205
38.44,1.92401876318343
38.45,1.92031871832407
38.46,1.91662112755806
38.47,1.91292601273875
38.48,1.90923339564823
38.49,1.90554329765826
38.5,1.90185574028237
38.51,1.89817074518406
38.52,1.89448833376976
38.53,1.89080852736107
38.54,1.88713134719368
38.55,1.88345681441616
38.5599999999999,1.87978495008884
38.57,1.87611577510287
38.58,1.87244931026458
38.59,1.86878557640783
38.6,1.86512459420285
38.61,1.86146638422271
38.62,1.85781096694186
38.63,1.8541583627349
38.64,1.85050859187524
38.65,1.84686167496839
38.66,1.84321763290293
38.67,1.83957648518997
38.6799999999999,1.83593825187647
38.69,1.83230295292571
38.7,1.82867060821733
38.71,1.82504123754723
38.72,1.82141486062755
38.73,1.81779149712234
38.74,1.81417116671577
38.75,1.81055388879648
38.76,1.80693968276623
38.77,1.80332856794611
38.78,1.79972056357661
38.79,1.7961156888178
38.8,1.79251396274948
38.8099999999999,1.78891540420688
38.82,1.78532003029853
38.83,1.78172786076566
38.84,1.7781389141062
38.85,1.77455320870486
38.86,1.77097076283152
38.87,1.76739159463939
38.88,1.76381572216342
38.89,1.76024316331861
38.9,1.75667393793345
38.91,1.75310806275531
38.92,1.74954555555306
38.9299999999999,1.74598643404422
38.94,1.74243071585407
38.95,1.73887841851594
38.96,1.73532955947127
38.97,1.73178415606987
38.98,1.72824222608597
38.99,1.72470378655404
39,1.72116885455703
39.01,1.71763744716857
39.02,1.71410958138239
39.03,1.71058527411306
39.04,1.70706454219683
39.05,1.7035474023923
39.0599999999999,1.70003386951554
39.07,1.69652396016075
39.08,1.69301769107478
39.09,1.68951507833253
39.1,1.68601613788822
39.11,1.68252088557378
39.12,1.67902933709696
39.13,1.67554150803978
39.14,1.6720574152
39.15,1.66857707464402
39.16,1.66510050136098
39.17,1.66162771093923
39.1799999999999,1.6581587189113
39.19,1.65469354075711
39.2,1.65123219186732
39.21,1.6477746848902
39.22,1.64432103616858
39.23,1.64087126047118
39.24,1.63742537244697
39.25,1.63398338662299
39.26,1.63054531740214
39.27,1.62711117969869
39.28,1.62368098853404
39.29,1.62025475763473
39.3,1.61683250123327
39.3099999999999,1.61341423347948
39.32,1.60999996844166
39.33,1.60658972010778
39.34,1.60318350141185
39.35,1.59978132632487
39.36,1.59638320849624
39.37,1.59298916134849
39.38,1.58959919819228
39.39,1.58621333222515
39.4,1.58283157683253
39.41,1.57945394592199
39.42,1.57608045200405
39.4299999999999,1.57271110805438
39.44,1.56934592695988
39.45,1.56598492151875
39.46,1.56262810412357
39.47,1.55927548727119
39.48,1.55592708353466
39.49,1.55258290526191
39.5,1.54924296470318
39.51,1.54590727401118
39.52,1.54257584529296
39.53,1.5392486904861
39.54,1.53592582145852
39.55,1.53260724998127
39.5599999999999,1.52929298772854
39.57,1.52598304640859
39.58,1.52267743776128
39.59,1.51937617307468
39.6,1.51607926370847
39.61,1.51278672093255
39.62,1.509498555927
39.63,1.50621477962219
39.64,1.50293540299649
39.65,1.4996604369659
39.66,1.49638989230968
39.67,1.49312377971338
39.6799999999999,1.48986210977436
39.69,1.48660489306241
39.7,1.48335213995535
39.71,1.48010386077693
39.72,1.47686006575847
39.73,1.47362076503897
39.74,1.47038596867895
39.75,1.46715568664968
39.76,1.46392992880567
39.77,1.46070870492187
39.78,1.45749202468132
39.79,1.45427989767519
39.8,1.45107233350418
39.8099999999999,1.44786934165757
39.82,1.44467093141563
39.83,1.44147711203638
39.84,1.43828789268906
39.85,1.43510328245418
39.86,1.4319232903899
39.87,1.42874792543203
39.88,1.42557719638028
39.89,1.42241111197969
39.9,1.41924968088828
39.91,1.41609291167712
39.92,1.41294081264832
39.9299999999999,1.40979339215379
39.94,1.4066506585254
39.95,1.40351261993957
39.96,1.40037928448147
39.97,1.39725066014507
39.98,1.39412675516913
39.99,1.39100757738227
40,1.38789313449207
40.01,1.38478343420447
40.02,1.38167848414113
40.03,1.37857829183936
40.04,1.37548286472373
40.05,1.37239221016613
40.0599999999999,1.36930633545016
40.07,1.36622524777005
40.08,1.36314895423528
40.09,1.36007746187042
40.1,1.35701077774627
40.11,1.35394890868175
40.12,1.35089186145615
40.13,1.34783964277703
40.14,1.344792259269
40.15,1.34174971747374
40.16,1.33871202386369
40.17,1.33567918481668
40.1799999999999,1.33265120662407
40.19,1.32962809549891
40.2,1.32660985757165
40.21,1.32359649889002
40.22,1.32058802550218
40.23,1.31758444336527
40.24,1.31458575824256
40.25,1.31159197587837
40.26,1.30860310193676
40.27,1.30561914200153
40.28,1.30264010160104
40.29,1.29966598622373
40.3,1.29669680118334
40.3099999999999,1.29373255175662
40.32,1.2907732431413
40.33,1.28781888045617
40.34,1.28486946875441
40.35,1.28192501314211
40.36,1.2789855184381
40.37,1.27605098946778
40.38,1.2731214309796
40.39,1.27019684764511
40.4,1.26727724405895
40.41,1.26436262482738
40.42,1.26145299436556
40.4299999999999,1.25854835704412
40.44,1.25564871716488
40.45,1.25275407895404
40.46,1.24986444656208
40.47,1.24697982417368
40.48,1.24410021579828
40.49,1.24122562534576
40.5,1.23835605668643
40.51,1.23549151361683
40.52,1.23263199985972
40.53,1.2297775190908
40.54,1.22692807499171
40.55,1.22408367101342
40.5599999999999,1.22124431060204
40.57,1.21840999713153
40.58,1.21558073390371
40.59,1.21275652414822
40.6,1.20993737114963
40.61,1.20712327799276
40.62,1.20431424768057
40.63,1.20151028317847
40.64,1.19871138738174
40.65,1.19591756311552
40.66,1.19312881318402
40.67,1.19034514042711
40.6799999999999,1.18756654738517
40.69,1.18479303663166
40.7,1.1820246106725
40.71,1.17926127194592
40.72,1.17650302282256
40.73,1.17374986564767
40.74,1.17100180265276
40.75,1.16825883600399
40.76,1.16552096780917
40.77,1.16278820010918
40.78,1.16006053487789
40.79,1.15733797410047
40.8,1.15462051981464
40.8099999999999,1.15190817369705
40.82,1.14920093749338
40.83,1.14649881288587
40.84,1.14380180149315
40.85,1.14110990487034
40.86,1.13842312457925
40.87,1.13574146203592
40.88,1.13306491860468
40.89,1.13039349559857
40.9,1.1277271942681
40.91,1.12506601580127
40.92,1.1224099613782
40.9299999999999,1.11975903218732
40.94,1.11711322918846
40.95,1.11447255335568
40.96,1.11183700560412
40.97,1.10920658679004
40.98,1.10658129782117
40.99,1.10396113940141
41,1.10134611222912
41.01,1.09873621694748
41.02,1.09613145414292
41.03,1.09353182434671
41.04,1.09093732803266
41.05,1.08834796561673
41.0599999999999,1.08576373745894
41.07,1.08318464386258
41.08,1.08061068508531
41.09,1.0780418613588
41.1,1.07547817280243
41.11,1.072919619503
41.12,1.07036620149162
41.13,1.06781791874376
41.14,1.06527477141632
41.15,1.06273675933506
41.16,1.06020388233575
41.17,1.05767614022555
41.1799999999999,1.05515353276116
41.19,1.05263605966841
41.2,1.05012372062142
41.21,1.04761651522025
41.22,1.04511444302802
41.23,1.04261750355829
41.24,1.04012569628012
41.25,1.03763902064435
41.26,1.03515747600329
41.27,1.0326810616798
41.28,1.03020977694789
41.29,1.02774362103277
41.3,1.02528259317854
41.3099999999999,1.02282669251446
41.32,1.02037591812252
41.33,1.01793026905034
41.34,1.01548974429841
41.35,1.01305434288761
41.36,1.01062406384585
41.37,1.00819890602141
41.38,1.00577886828058
41.39,1.00336394944817
41.4,1.00095414829557
41.41,0.998549463569463
41.42,0.99614989396952
41.4299999999999,0.993755438154248
41.44,0.991366094705032
41.45,0.988981862183935
41.46,0.986602739121172
41.47,0.984228723994656
41.48,0.98185981527689
41.49,0.979496011450052
41.5,0.977137310852488
41.51,0.974783711826195
41.52,0.972435212675886
41.53,0.970091811858947
41.54,0.967753507563756
41.55,0.965420298028788
41.5599999999999,0.963092181460194
41.57,0.960769156018569
41.58,0.958451219837577
41.59,0.956138371025206
41.6,0.953830607651781
41.61,0.951527927726009
41.62,0.949230329158936
41.63,0.946937809934667
41.64,0.944650367957454
41.65,0.942368001094424
41.66,0.940090707302552
41.67,0.937818484360618
41.6799999999999,0.935551330055369
41.69,0.933289242145682
41.7,0.9310322185229
41.71,0.928780257059914
41.72,0.9265333554658
41.73,0.924291511503695
41.74,0.922054722726215
41.75,0.919822986872874
41.76,0.917596301590007
41.77,0.915374664454086
41.78,0.913158072954392
41.79,0.910946524651085
41.8,0.908740017031879
41.8099999999999,0.906538547706068
41.82,0.90434211415239
41.83,0.90215071381174
41.84,0.899964344138352
41.85,0.8977830026246
41.86,0.895606686670438
41.87,0.893435393684318
41.88,0.891269121074026
41.89,0.889107866230232
41.9,0.886951626514201
41.91,0.884800399278388
41.92,0.882654181898971
41.9299999999999,0.88051297169553
41.94,0.878376765988236
41.95,0.876245562037443
41.96,0.87411935703189
41.97,0.871998148240705
41.98,0.869881932872847
41.99,0.867770708320606
42,0.865664471817998
42.01,0.863563220580013
42.02,0.861466951855932
42.03,0.859375662956761
42.04,0.857289351122635
42.05,0.855208013587868
42.0599999999999,0.853131647457254
42.07,0.851060249961668
42.08,0.84899381827394
42.09,0.846932349559289
42.1,0.844875840961652
42.11,0.842824289667356
42.12,0.840777693008161
42.13,0.83873604814229
42.14,0.836699352309711
42.15,0.834667602792295
42.16,0.832640796844375
42.17,0.830618931688563
42.1799999999999,0.828602004441499
42.19,0.826590012359607
42.2,0.824582952633685
42.21,0.822580822431693
42.22,0.820583618934498
42.23,0.818591339401856
42.24,0.816603981216448
42.25,0.814621541598123
42.26,0.812644017894149
42.27,0.810671407521371
42.28,0.808703707847254
42.29,0.806740916160316
42.3,0.804783029657588
42.3099999999999,0.802830045723762
42.32,0.800881961735042
42.33,0.798938775109021
42.34,0.797000483196778
42.35,0.795067083488632
42.36,0.793138573535037
42.37,0.791214950814427
42.38,0.789296212882725
42.39,0.787382357328314
42.4,0.785473381764523
42.41,0.783569283632072
42.42,0.781670060297639
42.4299999999999,0.779775709291159
42.44,0.777886228366026
42.45,0.776001615046503
42.46,0.774121867225813
42.47,0.772246982890452
42.48,0.77037695992654
42.49,0.768511796111967
42.5,0.766651489488237
42.51,0.764796037738189
42.52,0.762945438576448
42.53,0.761099689859482
42.54,0.759258789562496
42.55,0.757422735492402
42.5599999999999,0.755591525958392
42.57,0.753765159215314
42.58,0.75194363349207
42.59,0.750126947069239
42.6,0.748315098389719
42.61,0.746508085254251
42.62,0.744705905750142
42.63,0.742908558225181
42.64,0.741116041562401
42.65,0.739328354133248
42.66,0.737545494339238
42.67,0.735767460781889
42.6799999999999,0.733994252079832
42.69,0.732225866856033
42.7,0.730462303811661
42.71,0.728703561582195
42.72,0.726949638887293
42.73,0.725200534518399
42.74,0.723456247427009
42.75,0.72171677648589
42.76,0.719982120708895
42.77,0.718252279155947
42.78,0.716527250922994
42.79,0.714807035094876
42.8,0.713091630876096
42.8099999999999,0.711381037476289
42.82,0.709675254149237
42.83,0.707974280209383
42.84,0.706278115053887
42.85,0.704586758091721
42.86,0.702900208797889
42.87,0.701218466702301
42.88,0.699541531380121
42.89,0.697869402452497
42.9,0.696202079595895
42.91,0.694539562534609
42.92,0.692881851035394
42.9299999999999,0.691228944921308
42.94,0.68958084406087
42.95,0.687937548371514
42.96,0.686299057820217
42.97,0.68466537242196
42.98,0.683036492240936
42.99,0.6814124173888
43,0.679793148024283
43.01,0.678178684356386
43.02,0.676569026638842
43.03,0.674964175174854
43.04,0.67336413031547
43.05,0.671768892458147
43.0599999999999,0.670178462049185
43.07,0.66859283958225
43.08,0.667012025598751
43.09,0.665436020687791
43.1,0.663864825487042
43.11,0.662298440681531
43.12,0.660736867004111
43.13,0.659180105234605
43.14,0.657628156201352
43.15,0.656081020779424
43.16,0.654538699891113
43.17,0.653001194506371
43.1799999999999,0.651468505643509
43.19,0.649940634367342
43.2,0.648417581789995
43.21,0.646899349069413
43.22,0.645385937411606
43.23,0.643877348065296
43.24,0.642373582322759
43.25,0.640874641523475
43.26,0.639380527041529
43.27,0.637891240296922
43.28,0.63640678274759
43.29,0.634927155883207
43.3,0.633452361235874
43.3099999999999,0.631982400366731
43.32,0.630517274858586
43.33,0.62905698633375
43.34,0.627601536430089
43.35,0.626150926796609
43.36,0.624705159112989
43.37,0.623264235058025
43.38,0.621828156311033
43.39,0.62039692456658
43.4,0.618970541497384
43.41,0.617549008763449
43.42,0.616132328020006
43.4299999999999,0.614720500872162
43.44,0.613313528896986
43.45,0.611911413639983
43.46,0.610514156562083
43.47,0.609121759078755
43.48,0.60773422253834
43.49,0.606351548153003
43.5,0.60497373709101
43.51,0.603600790407125
43.52,0.602232709011971
43.53,0.600869493600302
43.54,0.599511144831733
43.55,0.598157663167398
43.5599999999999,0.596809048797123
43.57,0.595465301726112
43.58,0.594126421800715
43.59,0.592792408603785
43.6,0.591463261306846
43.61,0.59013897896294
43.62,0.58881956027386
43.63,0.587505003572188
43.64,0.586195306754747
43.65,0.584890467474212
43.66,0.583590482939811
43.67,0.582295349788476
43.6799999999999,0.58100506425893
43.69,0.579719622148122
43.7,0.578439018691956
43.71,0.577163248364645
43.72,0.575892305274628
43.73,0.574626182833231
43.74,0.573364873703348
43.75,0.572108369765191
43.76,0.570856662327894
43.77,0.569609741862519
43.78,0.568367597854451
43.79,0.567130218924384
43.8,0.565897592926371
43.8099999999999,0.564669706699325
43.82,0.563446545791892
43.83,0.562228094850634
43.84,0.561014337476931
43.85,0.559805256060537
43.86,0.558600831414211
43.87,0.557401043396284
43.88,0.556205870463451
43.89,0.555015289644464
43.9,0.553829276101278
43.91,0.552647803914857
43.92,0.551470845423779
43.9299999999999,0.550298371234768
43.94,0.549130349837742
43.95,0.547966748382119
43.96,0.546807531967116
43.97,0.545652663574123
43.98,0.544502103853468
43.99,0.543355811751622
44,0.542213743836435
44.01,0.54107585406825
44.02,0.539942093915762
44.03,0.538812412750475
44.04,0.537686757192094
44.05,0.536565070990125
44.0599999999999,0.535447294342547
44.07,0.534333365613488
44.08,0.53322321976856
44.09,0.532116788677519
44.1,0.531013999654857
44.11,0.529914778070988
44.12,0.528819045369722
44.13,0.527726719364971
44.14,0.52663771328337
44.15,0.525551936805249
44.16,0.524469295964189
44.17,0.523389692385409
44.1799999999999,0.52231302289144
44.19,0.521239179241037
44.2,0.520168049693254
44.21,0.519099517257795
44.22,0.518033459847725
44.23,0.516969748678455
44.24,0.515908251571106
44.25,0.514848830157964
44.26,0.513791340414079
44.27,0.512735630812181
44.28,0.511681545121836
44.29,0.510628920721251
44.3,0.509577588326536
44.3099999999999,0.50852737085802
44.32,0.507478084279516
44.33,0.506429538495413
44.34,0.50538153549725
44.35,0.504333869501665
44.36,0.503286324886715
44.37,0.50223868044464
44.38,0.501190705721266
44.39,0.500142161703101
44.4,0.499092798673671
44.41,0.498042358516784
44.42,0.4969905746122
44.4299999999999,0.495937170057358
44.44,0.494881857590573
44.45,0.49382433797971
44.46,0.492764303789972
44.47,0.491701435833858
44.48,0.490635403791586
44.49,0.489565864702818
44.5,0.488492464717822
44.51,0.487414838098793
44.52,0.48633260655157
44.53,0.48524537896366
44.54,0.484152750895985
44.55,0.483054305372942
44.5599999999999,0.48194961164992
44.57,0.480838225194417
44.58,0.479719687613806
44.59,0.478593525983079
44.6,0.477459252791695
44.61,0.476316365650993
44.62,0.475164348060835
44.63,0.474002669107593
44.64,0.472830780287221
44.65,0.471648118204318
44.66,0.470454103455831
44.67,0.469248147508688
44.6799999999999,0.468029637879795
44.69,0.46679794849715
44.7,0.465552436976938
44.71,0.464292449766951
44.72,0.463017318109033
44.73,0.461726350901794
44.74,0.460418843841151
44.75,0.45909407755225
44.76,0.457751332798982
44.77,0.456389855663934
44.78,0.455008884150903
44.79,0.453607641367175
44.8,0.452185350418945
44.8099999999999,0.450741216938802
44.82,0.449274424564472
44.83,0.447784149826659
44.84,0.446269560942938
44.85,0.444729837637014
44.86,0.44316412671289
44.87,0.441571576348782
44.88,0.439951334739714
44.89,0.438302548157257
44.9,0.436624352890195
44.91,0.43491588632357
44.92,0.433176298824816
44.9299999999999,0.431404731692893
44.94,0.42960033125071
44.95,0.427762254464798
44.96,0.425889685204912
44.97,0.423981794639361
44.98,0.422037774722758
44.99,0.420056847701887
45,0.418038256011807
45.01,0.415981251417443
45.02,0.413885115899257
45.03,0.41174917769551
45.04,0.409572778588202
45.05,0.407355299357413
45.0599999999999,0.405096161469974
45.07,0.402794835542935
45.08,0.40045082470243
45.09,0.398063683088779
45.1,0.395633018742124
45.11,0.393158492400561
45.12,0.39063981916782
45.13,0.388076775199563
45.14,0.385469218787116
45.15,0.382817056953388
45.16,0.380120274374362
45.17,0.377378925616427
45.1799999999999,0.374593133882096
45.19,0.37176311377084
45.2,0.368889157735821
45.21,0.365971621902652
45.22,0.363010955733597
45.23,0.360007702710008
45.24,0.35696248871872
45.25,0.353875990150418
45.26,0.350749014375756
45.27,0.347582445554859
45.28,0.344377241941105
45.29,0.341134431939027
45.3,0.337855166606531
45.3099999999999,0.33454067372212
45.32,0.331192222069608
45.33,0.327811191996891
45.34,0.324399053540962
45.35,0.32095734551897
45.36,0.317487625984787
45.37,0.313991575257511
45.38,0.310470920772293
45.39,0.306927433015801
45.4,0.303362955398999
45.41,0.299779378654497
45.42,0.29617863583395
45.4299999999999,0.29256271101532
45.44,0.288933626853388
45.45,0.285293403903758
45.46,0.281644122632333
45.47,0.27798787509492
45.48,0.274326744946727
45.49,0.270662844080416
45.5,0.266998279848996
45.51,0.263335135360584
45.52,0.259675495939322
45.53,0.256021423212597
45.54,0.252374977971948
45.55,0.248738176131995
45.5599999999999,0.245113004513757
45.57,0.241501432901618
45.58,0.237905380102147
45.59,0.234326722680658
45.6,0.23076728501066
45.61,0.227228840777018
45.62,0.223713105224945
45.63,0.220221735600075
45.64,0.216756319548136
45.65,0.213318372615068
45.66,0.209909371242023
45.67,0.206530707193243
45.6799999999999,0.203183690689741
45.69,0.199869584362581
45.7,0.196589571119683
45.71,0.193344751539401
45.72,0.190136165568768
45.73,0.186964776394453
45.74,0.183831466265957
45.75,0.180737054912152
45.76,0.177682287138523
45.77,0.17466782626026
45.78,0.171694278065973
45.79,0.168762178973148
45.8,0.165871985019464
45.8099999999999,0.163024099032808
45.82,0.160218861985919
45.83,0.157456540921057
45.84,0.154737351754874
45.85,0.152061455042555
45.86,0.149428947664162
45.87,0.146839877955745
45.88,0.144294244844187
45.89,0.141791993540055
45.9,0.139333025583429
45.91,0.136917199966108
45.92,0.1345443302683
45.9299999999999,0.132214192687829
45.94,0.129926527954371
45.95,0.127681039680156
45.96,0.125477400262333
45.97,0.123315252852435
45.98,0.121194212783827
45.99,0.119113869100246
46,0.117073785062157
46.01,0.115073510190249
46.02,0.113112563253863
46.03,0.11119045430737
46.04,0.109306668874334
46.05,0.107460685786636
46.0599999999999,0.105651966759531
46.07,0.103879965575763
46.08,0.102144126245417
46.09,0.100443883954072
46.1,0.0987786691243235
46.11,0.0971479049580631
46.12,0.0955510129324191
46.13,0.093987405548511
46.14,0.0924565034195533
46.15,0.0909577135252739
46.16,0.0894904576661791
46.17,0.0880541454129858
46.1799999999999,0.0866481966974015
46.19,0.0852720314697519
46.2,0.0839250713002503
46.21,0.0826067460946482
46.22,0.0813164841443489
46.23,0.0800537257548043
46.24,0.0788179097059241
46.25,0.077608485715807
46.26,0.0764249083424655
46.27,0.0752666391808938
46.28,0.0741331458174044
46.29,0.0730239051879253
46.3,0.0719384013441929
46.3099999999999,0.0708761239058745
46.32,0.0698365734273555
46.33,0.0688192572509863
46.34,0.0678236899722014
46.35,0.0668493961895146
46.36,0.0658959080164932
46.37,0.0649627661066303
46.38,0.0640495202857427
46.39,0.0631557281245194
46.4,0.062280956386009
46.41,0.0614247807369169
46.42,0.0605867840510661
46.4299999999999,0.0597665590885425
46.44,0.0589637067191393
46.45,0.0581778352535291
46.46,0.0574085623619972
46.47,0.0566555134634892
46.48,0.0559183217312005
46.49,0.0551966290259608
46.5,0.0544900849608358
46.51,0.0537983462106197
46.52,0.0531210780490969
46.53,0.052457953148879
46.54,0.051808651051774
46.55,0.0511728590553372
46.5599999999999,0.050550271761327
46.57,0.0499405905588664
46.58,0.0493435236563774
46.59,0.0487587863920558
46.6,0.0481861006271037
46.61,0.0476251945697749
46.62,0.0470758030582439
46.63,0.0465376671290621
46.64,0.0460105338754144
46.65,0.0454941564657505
46.66,0.0449882939173702
46.67,0.0444927109887575
46.6799999999999,0.044007178045137
46.69,0.0435314709257351
46.7,0.043065370856804
46.71,0.0426086643421975
46.72,0.0421611428931688
46.73,0.0417226030239412
46.74,0.0412928462312716
46.75,0.0408716787509783
46.76,0.0404589113159117
46.77,0.0400543592027677
46.78,0.0396578424061983
46.79,0.0392691849864117
46.8,0.0388882151392586
46.8099999999999,0.0385147651676564
46.82,0.0381486719160154
46.83,0.0377897754981382
46.84,0.0374379200033168
46.85,0.0370929532678928
46.86,0.0367547271357683
46.87,0.0364230964537531
46.88,0.0360979196561186
46.89,0.0357790586468076
46.9,0.035466378789523
46.91,0.0351597482643536
46.92,0.0348590384608725
46.9299999999999,0.034564124012861
46.94,0.0342748824981609
46.95,0.0339911941363797
46.96,0.0337129420191406
46.97,0.0334400124117718
46.98,0.0331722938621198
46.99,0.0329096774558811
47,0.032652056844356
47.01,0.0323993283957322
47.02,0.0321513910907363
47.03,0.0319081456639992
47.04,0.0316694953331544
47.05,0.0314353455525195
47.0599999999999,0.0312056047734094
47.07,0.0309801825065284
47.08,0.0307589906749599
47.09,0.0305419431857828
47.1,0.0303289563811476
47.11,0.0301199482255873
47.12,0.0299148383930412
47.13,0.0297135484799174
47.14,0.0295160020065728
47.15,0.0293221244678624
47.16,0.0291318425791942
47.17,0.0289450848710011
47.1799999999999,0.0287617814628876
47.19,0.028581864594622
47.2,0.0284052673683628
47.21,0.0282319245949505
47.22,0.0280617725217679
47.23,0.0278947491333638
47.24,0.0277307936848335
47.25,0.0275698465858371
47.26,0.0274118496687409
47.27,0.0272567461614285
47.28,0.0271044808170051
47.29,0.0269549991334827
47.3,0.0268082479816652
47.3099999999999,0.0266641753813295
47.32,0.0265227306943511
47.33,0.0263838645506714
47.34,0.0262475282023387
47.35,0.0261136741422304
47.36,0.0259822558758739
47.37,0.0258532282627142
47.38,0.0257265471189011
47.39,0.0256021688474196
47.4,0.0254800509733132
47.41,0.0253601519271004
47.42,0.0252424313861474
47.4299999999999,0.0251268496991914
47.44,0.0250133679294336
47.45,0.0249019480790104
47.46,0.0247925529584089
47.47,0.0246851464782772
47.48,0.0245796930461624
47.49,0.0244761578406807
47.5,0.0243745068214433
47.51,0.0242747066634229
47.52,0.0241767251015867
47.53,0.0240805301449076
47.54,0.0239860906022512
47.55,0.0238933759457701
47.5599999999999,0.0238023563080589
47.57,0.0237130028013016
47.58,0.0236252866885011
47.59,0.0235391800013642
47.6,0.0234546553546617
47.61,0.0233716859890771
47.62,0.0232902459375723
47.63,0.0232103094324898
47.64,0.0231318513763927
47.65,0.0230548471935972
47.66,0.022979272892626
47.67,0.0229051050961811
47.6799999999999,0.0228323206956942
47.69,0.0227608971522806
47.7,0.0226908123925901
47.71,0.0226220448968361
47.72,0.0225545736286977
47.73,0.022488377838716
47.74,0.0224234372747406
47.75,0.0223597321005714
47.76,0.0222972429791869
47.77,0.0222359509450574
47.78,0.0221758373553035
47.79,0.0221168839848742
47.8,0.0220590729772549
47.8099999999999,0.0220023869927297
47.82,0.0219468089359137
47.83,0.0218923220307334
47.84,0.0218389098760679
47.85,0.0217865564014495
47.86,0.0217352460511832
47.87,0.0216849633980965
47.88,0.0216356933653681
47.89,0.0215874212009431
47.9,0.021540132453449
47.91,0.0214938130590248
47.92,0.0214484491260007
47.9299999999999,0.0214040270848389
47.94,0.0213605336393738
47.95,0.0213179557723723
47.96,0.0212762808155744
47.97,0.0212354962356014
47.98,0.0211955897942706
47.99,0.021156549496635
48,0.0211183636285124
48.01,0.0210810208110851
48.02,0.0210445097285239
48.03,0.0210088193600175
48.04,0.0209739389071358
48.05,0.0209398577928935
48.0599999999999,0.0209065656630096
48.07,0.0208740523939093
48.08,0.0208423080980803
48.09,0.0208113230348794
48.1,0.0207810873717196
48.11,0.0207515919628515
48.12,0.0207228276992502
48.13,0.0206947856790956
48.14,0.020667456808928
48.15,0.0206408326853234
48.16,0.0206149049323532
48.17,0.0205896653715939
48.1799999999999,0.0205651056605636
48.19,0.0205412179442201
48.2,0.0205179945621635
48.21,0.0204954279770122
48.22,0.0204735105920565
48.23,0.0204522350223435
48.24,0.0204315942523786
48.25,0.0204115813240188
48.26,0.0203921893187571
48.27,0.0203734113248466
48.28,0.0203552408957924
48.29,0.0203376716064983
48.3,0.020320697126052
48.3099999999999,0.0203043109680127
48.32,0.0202885072485934
48.33,0.0202732800459472
48.34,0.0202586235767622
48.35,0.0202445320926951
48.36,0.0202309997365059
48.37,0.0202180212281565
48.38,0.0202055912346877
48.39,0.0201937045502923
48.4,0.0201823559454693
48.41,0.0201715401709087
48.42,0.0201612524693345
48.4299999999999,0.0201514880374199
48.44,0.0201422421874875
48.45,0.0201335101441399
48.46,0.020125287212206
48.47,0.0201175690947676
48.48,0.0201103514577775
48.49,0.0201036300711643
48.5,0.0200974005685525
48.51,0.0200916587695133
48.52,0.0200864007718151
48.53,0.0200816226583039
48.54,0.0200773206048956
48.55,0.0200734906889351
48.5599999999999,0.0200701292152459
48.57,0.0200672326314178
48.58,0.0200647974177376
48.59,0.0200628201404525
48.6,0.0200612972274995
48.61,0.0200602254130884
48.62,0.0200596014970534
48.63,0.020059422324593
48.64,0.0200596848202424
48.65,0.0200603857264098
48.66,0.0200615221312605
48.67,0.0200630911660383
48.6799999999999,0.0200650899988513
48.69,0.0200675158696273
48.7,0.0200703658483056
48.71,0.0200736373315321
48.72,0.0200773277430966
48.73,0.0200814345436414
48.74,0.0200859552588582
48.75,0.0200908872829703
48.76,0.0200962282890286
48.77,0.0201019759701221
48.78,0.0201081280593399
48.79,0.0201146823494599
48.8,0.0201216365260302
48.8099999999999,0.0201289885212814
48.82,0.0201367362817906
48.83,0.0201448777952997
48.84,0.0201534111048014
48.85,0.020162334136628
48.86,0.0201716450703144
48.87,0.0201813420868991
48.88,0.0201914234063225
48.89,0.0202018872993185
48.9,0.0202127319559896
48.91,0.0202239557514299
48.92,0.0202355570663055
48.9299999999999,0.0202475343152391
48.94,0.0202598859526963
48.95,0.0202726104721266
48.96,0.0202857064140939
48.97,0.0202991723609786
48.98,0.0203130069136685
48.99,0.0203272087182181
49,0.0203417764561778
49.01,0.0203567088437876
49.02,0.0203720046311712
49.03,0.0203876626957057
49.04,0.020403681830653
49.05,0.0204200608970227
49.0599999999999,0.0204367987958928
49.07,0.0204538944616397
49.08,0.0204713468613481
49.09,0.0204891550110806
49.1,0.0205073179683168
49.11,0.0205258347860458
49.12,0.0205447045663942
49.13,0.0205639264427928
49.14,0.0205834995794872
49.15,0.0206034231710479
49.16,0.020623696446327
49.17,0.0206443186581035
49.1799999999999,0.0206652890896215
49.19,0.0206866070529783
49.2,0.0207082718883128
49.21,0.0207302829633264
49.22,0.020752639679858
49.23,0.0207753414710836
49.24,0.0207983877806681
49.25,0.0208217780861139
49.26,0.0208455118907539
49.27,0.0208695887233159
49.28,0.0208940081374857
49.29,0.0209187697514241
49.3,0.0209438731593844
49.3099999999999,0.0209693179927684
49.32,0.0209951039109563
49.33,0.0210212305976076
49.34,0.0210476977603202
49.35,0.0210745051374172
49.36,0.0211016524952942
49.37,0.0211291396065218
49.38,0.0211569662749287
49.39,0.0211851323271357
49.4,0.0212136376122474
49.41,0.0212424820015455
49.42,0.0212716653988358
49.4299999999999,0.0213011877336111
49.44,0.02133104893592
49.45,0.021361248967979
49.46,0.0213917878134081
49.47,0.0214226654769695
49.48,0.0214538819843064
49.49,0.0214854373970375
49.5,0.0215173317993427
49.51,0.021549565270926
49.52,0.0215821379253536
49.53,0.0216150498967747
49.54,0.0216483013397218
49.55,0.0216818924289112
49.5599999999999,0.0217158233637036
49.57,0.0217500943629414
49.58,0.0217847056589581
49.59,0.0218196575071729
49.6,0.0218549501824723
49.61,0.0218905839790274
49.62,0.0219265592101126
49.63,0.021962876213451
49.64,0.0219995353441457
49.65,0.0220365369700274
49.66,0.0220738814811154
49.67,0.0221115692859281
49.6799999999999,0.0221496008113192
49.69,0.022187976502314
49.7,0.0222266968364675
49.71,0.022265762303322
49.72,0.0223051733980079
49.73,0.0223449306418799
49.74,0.0223850345743981
49.75,0.0224254857530082
49.76,0.0224662847530244
49.77,0.0225074321728543
49.78,0.0225489286256391
49.79,0.0225907747386283
49.8,0.0226329711592447
49.8099999999999,0.0226755185524464
49.82,0.0227184176006244
49.83,0.0227616690034992
49.84,0.0228052734776511
49.85,0.0228492317641055
49.86,0.0228935446200567
49.87,0.0229382128196297
49.88,0.0229832371550403
49.89,0.0230286184365947
49.9,0.0230743574926895
49.91,0.0231204551698121
49.92,0.0231669122795685
49.9299999999999,0.0232137297206889
49.94,0.0232609083961711
49.95,0.0233084492187125
49.96,0.0233563531186643
49.97,0.02340462104403
49.98,0.0234532539604654
49.99,0.023502252849764
50,0.023551618662802
50.01,0.0236013524456703
50.02,0.0236514552299783
50.03,0.0237019280646364
50.04,0.023752772015856
50.05,0.0238039881671496
50.0599999999999,0.0238555776193305
50.07,0.023907541485735
50.08,0.0239598808843287
50.09,0.0240125969783051
50.1,0.0240656909354611
50.11,0.0241191639407281
50.12,0.0241730171961743
50.13,0.0242272519210034
50.14,0.0242818693515546
50.15,0.0243368707418568
50.16,0.0243922573631643
50.17,0.0244480305027581
50.1799999999999,0.024504191465656
50.19,0.0245607415740219
50.2,0.0246176821671644
50.21,0.0246750146015386
50.22,0.0247327402507454
50.23,0.0247908604966982
50.24,0.0248493767452273
50.25,0.0249082904243324
50.26,0.0249676029747578
50.27,0.025027315854289
50.28,0.0250874305377532
50.29,0.0251479485170193
50.3,0.0252088713009977
50.3099999999999,0.0252702004674593
50.32,0.0253319375397662
50.33,0.0253940840713841
50.34,0.025456641642964
50.35,0.0255196118523991
50.36,0.0255829963148239
50.37,0.025646796662616
50.38,0.0257110145453953
50.39,0.0257756516300235
50.4,0.0258407096006048
50.41,0.0259061902447537
50.42,0.0259720953346801
50.4299999999999,0.0260384265388992
50.44,0.0261051856208825
50.45,0.0261723743619373
50.46,0.0262399945612094
50.47,0.0263080480356815
50.48,0.0263765366201725
50.49,0.0264454621673394
50.5,0.0265148265476759
50.51,0.0265846316565726
50.52,0.0266548794420506
50.53,0.0267255717981748
50.54,0.0267967106695815
50.55,0.0268682980189073
50.5599999999999,0.0269403358267886
50.57,0.0270128260918624
50.58,0.0270857708307645
50.59,0.027159172078132
50.6,0.0272330318866021
50.61,0.0273073523268107
50.62,0.027382135752409
50.63,0.0274573841657262
50.64,0.0275330996603601
50.65,0.0276092843970246
50.66,0.0276859405554484
50.67,0.0277630703343744
50.6799999999999,0.0278406759515604
50.69,0.0279187596437792
50.7,0.0279973236668166
50.71,0.0280763702954745
50.72,0.0281559019537365
50.73,0.0282359210299604
50.74,0.0283164297579323
50.75,0.0283974305039228
50.76,0.0284789256540983
50.77,0.0285609176145209
50.78,0.0286434088111487
50.79,0.0287264016898356
50.8,0.0288098987163312
50.8099999999999,0.0288939023762809
50.82,0.0289784152161546
50.83,0.0290634399877609
50.84,0.0291489790734617
50.85,0.0292350350538404
50.86,0.0293216105302698
50.87,0.0294087081249146
50.88,0.0294963304807299
50.89,0.0295844802614614
50.9,0.0296731601516458
50.91,0.0297623728566102
50.92,0.0298521211024727
50.9299999999999,0.0299424079038755
50.94,0.0300332359313008
50.95,0.0301246079522515
50.96,0.0302165268025828
50.97,0.0303089953414965
50.98,0.0304020164516454
50.99,0.0304955930392426
51,0.0305897280341658
51.01,0.0306844243900639
51.02,0.0307796850844632
51.03,0.0308755131188737
51.04,0.0309719115188952
51.05,0.0310688834796204
51.0599999999999,0.0311664319905249
51.07,0.0312645601525282
51.08,0.0313632710987414
51.09,0.0314625679877722
51.1,0.0315624540038621
51.11,0.031662932357024
51.12,0.0317640062831837
51.13,0.0318656790443174
51.14,0.0319679539285907
51.15,0.0320708342504977
51.16,0.0321743233565972
51.17,0.0322784247087046
51.1799999999999,0.0323831416379177
51.19,0.0324884775716732
51.2,0.0325944359649932
51.21,0.0327010203006498
51.22,0.0328082340893235
51.23,0.032916080869763
51.24,0.0330245642089487
51.25,0.0331336877022518
51.26,0.0332434549735952
51.27,0.0333538696756142
51.28,0.0334649354930939
51.29,0.0335766561521793
51.3,0.033689035381289
51.3099999999999,0.0338020769507931
51.32,0.0339157846606933
51.33,0.0340301623407859
51.34,0.0341452138508307
51.35,0.0342609430807141
51.36,0.0343773539506127
51.37,0.0344944504111619
51.38,0.034612236443619
51.39,0.0347307160600286
51.4,0.03484989333998
51.41,0.0349697724370979
51.42,0.0350903573918718
51.4299999999999,0.03521165234972
51.44,0.0353336614884412
51.45,0.0354563890184062
51.46,0.0355798391827568
51.47,0.0357040162575983
51.48,0.0358289245521917
51.49,0.0359545684091528
51.5,0.036080952204644
51.51,0.0362080803485694
51.52,0.0363359573456581
51.53,0.036464587737406
51.54,0.0365939759727692
51.55,0.0367241266087053
51.5599999999999,0.0368550442377881
51.57,0.036986733488437
51.58,0.0371191990251432
51.59,0.0372524455487034
51.6,0.0373864777964463
51.61,0.0375213005424591
51.62,0.0376569185978219
51.63,0.0377933368108326
51.64,0.0379305601206403
51.65,0.0380685934725739
51.66,0.0382074417943745
51.67,0.0383471100923769
51.6799999999999,0.0384876034118873
51.69,0.038628926837436
51.7,0.0387710854930264
51.71,0.0389140845423922
51.72,0.0390579291892465
51.73,0.0392026246775321
51.74,0.039348176291678
51.75,0.0394945893568485
51.76,0.0396418693282148
51.77,0.0397900216106504
51.78,0.0399390516188074
51.79,0.0400889648512816
51.8,0.0402397668493192
51.8099999999999,0.0403914631970923
51.82,0.0405440595219744
51.83,0.0406975614948129
51.84,0.0408519748302092
51.85,0.0410073052867912
51.86,0.0411635586674862
51.87,0.0413207408198014
51.88,0.0414788576360953
51.89,0.0416379152449941
51.9,0.0417979195422417
51.91,0.0419588765381054
51.92,0.0421207923199996
51.9299999999999,0.0422836730226166
51.94,0.0424475248282395
51.95,0.0426123539670502
51.96,0.0427781667174473
51.97,0.0429449694063559
51.98,0.043112768409536
51.99,0.0432815701519011
52,0.0434513811078261
52.01,0.0436222078114563
52.02,0.0437940570994588
52.03,0.0439669354154662
52.04,0.0441408494493384
52.05,0.0443158059431836
52.0599999999999,0.0444918116917142
52.07,0.0446688735426042
52.08,0.044846998396842
52.09,0.0450261932090925
52.1,0.0452064649880508
52.11,0.0453878207967951
52.12,0.0455702677531499
52.13,0.0457538130300378
52.14,0.0459384639181929
52.15,0.0461242278918645
52.16,0.0463111121380262
52.17,0.0464991240690713
52.1799999999999,0.0466882711555712
52.19,0.0468785609266796
52.2,0.0470700009705316
52.21,0.0472625989346522
52.22,0.0474563625263573
52.23,0.0476512995131524
52.24,0.0478474177231426
52.25,0.0480447250454315
52.26,0.0482432294305244
52.27,0.0484429390185891
52.28,0.0486438619909363
52.29,0.0488460063610152
52.3,0.0490493803461185
52.3099999999999,0.049253992228377
52.32,0.0494598503552145
52.33,0.0496669631397966
52.34,0.049875339061492
52.35,0.0500849866663217
52.36,0.05029591456741
52.37,0.0505081314454448
52.38,0.0507216460491268
52.39,0.050936467195624
52.4,0.0511526039929697
52.41,0.0513700653966001
52.42,0.0515888603422357
52.4299999999999,0.0518089979456358
52.44,0.0520304873949545
52.45,0.0522533379512475
52.46,0.0524775589489926
52.47,0.0527031597965978
52.48,0.0529301499769104
52.49,0.0531585390477364
52.5,0.0533883366423482
52.51,0.0536195524699981
52.52,0.0538521963164305
52.53,0.0540862783962643
52.54,0.0543218084951364
52.55,0.0545587965937361
52.5599999999999,0.0547972528129351
52.57,0.0550371873546165
52.58,0.0552786105022507
52.59,0.0555215326214846
52.6,0.0557659641607189
52.61,0.0560119156516848
52.62,0.0562593977100335
52.63,0.056508421035912
52.64,0.0567589964145455
52.65,0.0570111347304382
52.66,0.0572648474164179
52.67,0.0575201451901549
52.6799999999999,0.0577770392089011
52.69,0.0580355407200808
52.7,0.0582956610619449
52.71,0.0585574116642403
52.72,0.0588208040488654
52.73,0.0590858498305262
52.74,0.0593525607174056
52.75,0.0596209485118173
52.76,0.059891025110868
52.77,0.0601628025071175
52.78,0.0604362929034941
52.79,0.0607115088576076
52.8,0.0609884623551597
52.8099999999999,0.0612671658067822
52.82,0.0615476317243439
52.83,0.0618298727216937
52.84,0.0621139015154196
52.85,0.0623997309255932
52.86,0.0626873738765147
52.87,0.0629768433974712
52.88,0.0632681526234806
52.89,0.0635613147960418
52.9,0.0638563432638848
52.91,0.0641532517383218
52.92,0.0644520540131431
52.9299999999999,0.0647527635063902
52.94,0.0650553940381709
52.95,0.0653599595424634
52.96,0.0656664740679799
52.97,0.0659749517790139
52.98,0.0662854069562878
52.99,0.0665978539978165
53,0.0669123074197527
53.01,0.0672287818572419
53.02,0.0675472920652749
53.03,0.0678678529195408
53.04,0.0681904798676306
53.05,0.0685151880422184
53.0599999999999,0.0688419924956168
53.07,0.0691709086364696
53.08,0.0695019520017974
53.09,0.0698351382579825
53.1,0.0701704832017379
53.11,0.0705080027610747
53.12,0.0708477129962882
53.13,0.0711896301009238
53.14,0.0715337704027532
53.15,0.0718801503647478
53.16,0.0722287865860533
53.17,0.0725796962480462
53.1799999999999,0.0729328960884544
53.19,0.0732884030923659
53.2,0.0736462344674352
53.21,0.0740064075679975
53.22,0.0743689398962885
53.23,0.0747338491036651
53.24,0.0751011529918433
53.25,0.0754708695141168
53.26,0.0758430167913354
53.27,0.0762176132864607
53.28,0.0765946772952489
53.29,0.0769742274097311
53.3,0.0773562823818416
53.3099999999999,0.0777408611247454
53.32,0.0781279827141689
53.33,0.0785176663897185
53.34,0.078909931556222
53.35,0.0793047977850498
53.36,0.0797022848702118
53.37,0.0801024128234642
53.38,0.0805052016513899
53.39,0.0809106716220564
53.4,0.0813188431785611
53.41,0.0817297369404438
53.42,0.0821433737050998
53.4299999999999,0.0825597744491917
53.44,0.0829789603300651
53.45,0.0834009526871509
53.46,0.0838257731717309
53.47,0.0842534435542074
53.48,0.0846839856962178
53.49,0.0851174217198129
53.5,0.0855537739416162
53.51,0.0859930648745505
53.52,0.0864353172295637
53.53,0.0868805539389532
53.54,0.0873287982116858
53.55,0.0877800733200222
53.5599999999999,0.0882344028041329
53.57,0.088691810413602
53.58,0.0891523201093048
53.59,0.0896159560653113
53.6,0.0900827426707658
53.61,0.0905527045876837
53.62,0.0910258666316258
53.63,0.0915022538502188
53.64,0.09198189152375
53.65,0.0924648051586085
53.66,0.0929510204892632
53.67,0.0934405634802409
53.6799999999999,0.0939334603590942
53.69,0.0944297376210056
53.7,0.0949294219178833
53.71,0.0954325401459999
53.72,0.0959391194293225
53.73,0.0964491871195046
53.74,0.0969627710758316
53.75,0.0974798996102151
53.76,0.0980006005348417
53.77,0.0985249022424298
53.78,0.099052833365243
53.79,0.0995844227750906
53.8,0.100119699838957
53.8099999999999,0.100658694604597
53.82,0.101201436360602
53.83,0.101747955089265
53.84,0.102298281026388
53.85,0.10285244466127
53.86,0.103410476972141
53.87,0.103972409966969
53.88,0.104538274463151
53.89,0.105108102156675
53.9,0.105681925014811
53.91,0.106259775276106
53.92,0.106841685615898
53.9299999999999,0.10742769006897
53.94,0.10801782115763
53.95,0.108612112418037
53.96,0.109210597677387
53.97,0.109813311053905
53.98,0.110420287029316
53.99,0.111031561657193
54,0.111647169361809
54.01,0.112267145632922
54.02,0.112891526270737
54.03,0.113520347385907
54.04,0.114153645399528
54.05,0.114791458614497
54.0599999999999,0.115433823413171
54.07,0.116080777344272
54.08,0.116732358301546
54.09,0.117388604508514
54.1,0.118049554518459
54.11,0.118715248482276
54.12,0.119385725862852
54.13,0.120061026012012
54.14,0.120741189088951
54.15,0.121426255607272
54.16,0.122116266434978
54.17,0.122811263488754
54.1799999999999,0.123511289620767
54.19,0.124216386156052
54.2,0.124926595686414
54.21,0.125641961185094
54.22,0.126362526006754
54.23,0.127088333993233
54.24,0.127819431437019
54.25,0.12855586187849
54.26,0.129297670507053
54.27,0.130044902921576
54.28,0.130797605130387
54.29,0.131555823551272
54.3,0.132319606750356
54.3099999999999,0.133089001980884
54.32,0.133864056772433
54.33,0.134644819531799
54.34,0.135431339105228
54.35,0.136223664778405
54.36,0.137021847419411
54.37,0.137825938624903
54.38,0.138635988294286
54.39,0.139452047887285
54.4,0.14027416933957
54.41,0.14110240506275
54.42,0.141936808263844
54.4299999999999,0.142777434970691
54.44,0.143624337834381
54.45,0.144477571586022
54.46,0.145337191470149
54.47,0.14620325324471
54.48,0.147075813181052
54.49,0.147954930593161
54.5,0.148840662408406
54.51,0.149733066442569
54.52,0.150632201479615
54.53,0.151538126855826
54.54,0.152450902459795
54.55,0.153370590375521
54.5599999999999,0.1542972530333
54.57,0.155230951236898
54.58,0.156171747599908
54.59,0.157119705333174
54.6,0.158074888244783
54.61,0.159037361377605
54.62,0.160007193157274
54.63,0.160984447637337
54.64,0.161969191592207
54.65,0.162961492445264
54.66,0.16396141826885
54.67,0.164969037784272
54.6799999999999,0.165984424192956
54.69,0.167007646621535
54.7,0.168038775892632
54.71,0.169077883976268
54.72,0.170125043546546
54.73,0.171180327981636
54.74,0.172243813747574
54.75,0.173315577189663
54.76,0.174395692954561
54.77,0.17548423791641
54.78,0.176581289712395
54.79,0.17768692674275
54.8,0.178801229220708
54.8099999999999,0.179924281224296
54.82,0.181056161547732
54.83,0.182196952398184
54.84,0.183346736813222
54.85,0.184505598660801
54.86,0.185673622639243
54.87,0.186850899869525
54.88,0.1880375149729
54.89,0.189233555559348
54.9,0.190439110546197
54.91,0.191654269756637
54.92,0.192879123919721
54.9299999999999,0.19411376831595
54.94,0.195358297189725
54.95,0.196612802998433
54.96,0.197877381045368
54.97,0.199152127621848
54.98,0.200437140007192
54.99,0.201732518178969
55,0.203038366538035
55.01,0.204354782950308
55.02,0.205681869663398
55.03,0.20701973000323
55.04,0.208368468374044
55.05,0.209728190258393
55.0599999999999,0.211099010415062
55.07,0.212481033300451
55.08,0.213874368480158
55.09,0.215279126961755
55.1,0.216695420931625
55.11,0.218123363754938
55.12,0.21956307495256
55.13,0.221014673204605
55.14,0.222478273717944
55.15,0.22395399592479
55.16,0.225441960552111
55.17,0.226942289621629
55.1799999999999,0.228455107895258
55.19,0.229980549168408
55.2,0.231518735142216
55.21,0.233069794480569
55.22,0.234633857272053
55.23,0.236211055029917
55.24,0.237801520692134
55.25,0.239405397524116
55.26,0.2410228210275
55.27,0.242653927894923
55.28,0.24429885847538
55.29,0.245957754686914
55.3,0.247630760016614
55.3099999999999,0.249318023801417
55.32,0.251019700613387
55.33,0.25273593477066
55.34,0.254466877890178
55.35,0.256212683319639
55.36,0.25797350613747
55.37,0.259749503152882
55.38,0.261540847900012
55.39,0.263347694685279
55.4,0.265170207126629
55.41,0.267008551154896
55.42,0.268862894613911
55.4299999999999,0.270733407260506
55.44,0.272620269700889
55.45,0.274523660582659
55.46,0.276443752468763
55.47,0.27838072516407
55.48,0.280334760591812
55.49,0.282306042793647
55.5,0.284294759882116
55.51,0.286301112853079
55.52,0.288325287966389
55.53,0.290367480572296
55.54,0.292427888434736
55.55,0.294506711731329
55.5599999999999,0.296604162685466
55.57,0.298720444944831
55.58,0.300855767056548
55.59,0.30301034113993
55.6,0.305184381949736
55.61,0.307378112584788
55.62,0.309591756683929
55.63,0.311825536055864
55.64,0.314079678140148
55.65,0.316354413225551
55.66,0.318649977607324
55.67,0.32096661626499
55.6799999999999,0.323304565207334
55.69,0.325664068578612
55.7,0.328045373624761
55.71,0.330448730884458
55.72,0.332874408998358
55.73,0.33532265947641
55.74,0.337793744820249
55.75,0.340287930934709
55.76,0.342805487127836
55.77,0.345346697717764
55.78,0.347911841044995
55.79,0.350501196647901
55.8,0.353115050886965
55.8099999999999,0.355753693864392
55.82,0.358417424808357
55.83,0.361106550161431
55.84,0.363821370568944
55.85,0.36656219579212
55.86,0.369329340187226
55.87,0.372123122771143
55.88,0.374943870081664
55.89,0.377791911037582
55.9,0.380667579432519
55.91,0.383571214698829
55.92,0.386503161443224
55.9299999999999,0.389463769663456
55.94,0.392453395895531
55.95,0.395472400409183
55.96,0.398521149687883
55.97,0.401600015852462
55.98,0.404709376744927
55.99,0.407849616806282
56,0.411021126668077
56.01,0.414224301685979
56.02,0.417459543990586
56.03,0.420727261949991
56.04,0.424027870260689
56.05,0.427361792489771
56.0599999999999,0.430729456461907
56.07,0.434131296795223
56.08,0.437567755355484
56.09,0.441039280948854
56.1,0.444546329828437
56.11,0.448089368162528
56.12,0.451668865418863
56.13,0.455285300139913
56.14,0.45893915848745
56.15,0.462630934357125
56.16,0.466361130952763
56.17,0.470130259770164
56.1799999999999,0.473938838372827
56.19,0.477787393719584
56.2,0.481676461244032
56.21,0.485606584981415
56.22,0.489578320694739
56.23,0.493592229899307
56.24,0.497648883574399
56.25,0.501748862380932
56.26,0.5058927563633
56.27,0.510081165085969
56.28,0.514314700400191
56.29,0.518593981921855
56.3,0.522919638700327
56.3099999999999,0.527292310729233
56.32,0.531712648359691
56.33,0.536181312447139
56.34,0.540698976679005
56.35,0.545266324642747
56.36,0.549884049420624
56.37,0.554552856339046
56.38,0.559273462119533
56.39,0.564046595036188
56.4,0.56887299704303
56.41,0.5737534221769
56.42,0.578688633830701
56.4299999999999,0.583679409175242
56.44,0.588726537899307
56.45,0.593830822379098
56.46,0.598993079014759
56.47,0.604214138324233
56.48,0.609494841167264
56.49,0.614836043234484
56.5,0.620238613892305
56.51,0.625703436362122
56.52,0.631231407198047
56.53,0.636823435451244
56.54,0.642480447680785
56.55,0.648203383565104
56.5599999999999,0.653993197410184
56.57,0.659850858320252
56.58,0.665777349592361
56.59,0.67177366428951
56.6,0.677840817570435
56.61,0.683979836977039
56.62,0.690191765205015
56.63,0.696477660119212
56.64,0.702838594705429
56.65,0.709275657827196
56.66,0.715789953819434
56.67,0.722382602675115
56.6799999999999,0.72905474003926
56.69,0.735807517777807
56.7,0.742642103722027
56.71,0.749559680312064
56.72,0.756561441963189
56.73,0.763648604502116
56.74,0.770822397423246
56.75,0.778084063874326
56.76,0.785434856773942
56.77,0.792876051810064
56.78,0.800408936581074
56.79,0.808034812059878
56.8,0.81575498993793
56.8099999999999,0.823570800877085
56.82,0.831483587452215
56.83,0.839494704600677
56.84,0.847605516952083
56.85,0.855817406646998
56.86,0.864131766532393
56.87,0.872549999173895
56.88,0.881073511226763
56.89,0.889703730029387
56.9,0.898442089418235
56.91,0.907290029412298
56.92,0.916248987673896
56.9299999999999,0.925320424097741
56.94,0.934505799806856
56.95,0.943806578064551
56.96,0.953224214770004
56.97,0.962760185671848
56.98,0.972415962628391
56.99,0.982193016844626
57,0.992092801109348
57.01,1.00211678815923
57.02,1.01226643977014
57.03,1.02254321338041
57.04,1.03294853253487
57.05,1.04348384259447
57.0599999999999,1.05415056838724
57.07,1.06495012303701
57.08,1.07588387897874
57.09,1.08695321437618
57.1,1.09815948652713
57.11,1.1095040291526
57.12,1.12098812997646
57.13,1.13261306107187
57.14,1.14438007288301
57.15,1.15629037872579
57.16,1.16834513994715
57.17,1.1805454791124
57.1799999999999,1.19289249397959
57.19,1.20538723044202
57.2,1.21803067441077
57.21,1.23082374919445
57.22,1.24376734770204
57.23,1.25686229480243
57.24,1.27010934594827
57.25,1.28350917081977
57.26,1.29706239885156
57.27,1.31076957479395
57.28,1.32463116270588
57.29,1.33864752109137
57.3,1.35281895230927
57.3099999999999,1.36714565799629
57.32,1.38162774540735
57.33,1.39626519984706
57.34,1.41105793262762
57.35,1.42600573829154
57.36,1.4411083007873
57.37,1.45636518240369
57.38,1.47177582213762
57.39,1.48733954758205
57.4,1.5030555535675
57.41,1.518922903366
57.42,1.53494052918844
57.4299999999999,1.55110721959232
57.44,1.5674216208018
57.45,1.58388223223731
57.46,1.60048741261837
57.47,1.61723538708424
57.48,1.63412419057402
57.49,1.65115171155747
57.5,1.66831567514107
57.51,1.68561369530754
57.52,1.70304318215902
57.53,1.72060136720833
57.54,1.73828532193898
57.55,1.75609195937949
57.5599999999999,1.77401810106663
57.57,1.7920602824267
57.58,1.81021490586299
57.59,1.82847819710496
57.6,1.84684628174969
57.61,1.86531509304194
57.62,1.88388033581242
57.63,1.9025375717509
57.64,1.92128219434073
57.65,1.9401095816626
57.66,1.95901475590017
57.67,1.97799264137197
57.6799999999999,1.99703799803238
57.69,2.01614549566742
57.7,2.03530968129713
57.71,2.05452483874356
57.72,2.07378515274421
57.73,2.09308466117162
57.74,2.11241742690563
57.75,2.1317772080293
57.76,2.15115767446439
57.77,2.17055238161326
57.78,2.18995481247661
57.79,2.20935841994602
57.8,2.22875640906112
57.8099999999999,2.24814194432919
57.82,2.26750809700336
57.83,2.28684796874536
57.84,2.30615449978907
57.85,2.32542054824575
57.86,2.34463893204245
57.87,2.36380243496191
57.88,2.38290389237822
57.89,2.40193596735156
57.9,2.42089134572304
57.91,2.43976269230451
57.92,2.45854272283522
57.9299999999999,2.47722413119738
57.94,2.49579957865673
57.95,2.51426176513782
57.96,2.53260341706993
57.97,2.55081735628087
57.98,2.56889638323728
57.99,2.58683337570053
58,2.60462127693051
58.01,2.62225310905322
58.02,2.63972196840116
58.03,2.65702104496281
58.04,2.67414362598143
58.05,2.69108310485552
58.0599999999999,2.70783299545128
58.07,2.7243869353409
58.08,2.74073869564733
58.09,2.75688219021353
58.1,2.77281148441356
58.11,2.78852080351766
58.12,2.80400453244532
58.13,2.81925723954058
58.14,2.83427367725834
58.15,2.84904878869579
58.16,2.86357768215259
58.17,2.87785571041031
58.1799999999999,2.89187842750844
58.19,2.90564159663088
58.2,2.91914116638257
58.21,2.93237336915481
58.22,2.94533465589198
58.23,2.95802169243631
58.24,2.97043136804063
58.25,2.98256086804352
58.26,2.99440761417
58.27,3.00596923542079
58.28,3.01724363247728
58.29,3.02822899532142
58.3,3.03892376502655
58.3099999999999,3.04932656200087
58.32,3.05943634250851
58.33,3.06925232181588
58.34,3.07877397038555
58.35,3.08800091354231
58.36,3.09693316043396
58.37,3.10557094143075
58.38,3.11391472335794
58.39,3.1219651459626
58.4,3.12972320833707
58.41,3.13719011973836
58.42,3.14436728751342
58.4299999999999,3.15125631943767
58.44,3.1578591325556
58.45,3.16417784044943
58.46,3.17021470728064
58.47,3.17597222674722
58.48,3.18145313461555
58.49,3.1866603454409
58.5,3.19159687516794
58.51,3.19626599232775
58.52,3.20067112939335
58.53,3.20481587160163
58.54,3.20870387499222
58.55,3.21233903449329
58.5599999999999,3.21572534847531
58.57,3.21886693637733
58.58,3.22176796925683
58.59,3.22443280008522
58.6,3.22686585200489
58.61,3.22907163043734
58.62,3.23105468458431
58.63,3.23281967092614
58.64,3.23437128887808
58.65,3.23571428532667
58.66,3.2368534436271
58.67,3.23779357961051
58.6799999999999,3.2385395284335
58.69,3.23909614355703
58.7,3.23946830309776
58.71,3.2396608532473
58.72,3.23967863831304
58.73,3.23952649706369
58.74,3.23920927415177
58.75,3.23873173494143
58.76,3.23809862265892
58.77,3.23731465672718
58.78,3.23638454084642
58.79,3.23531286607436
58.8,3.23410418369433
58.8099999999999,3.23276300804364
58.82,3.23129381530673
58.83,3.22970094871017
58.84,3.22798869708916
58.85,3.22616130514167
58.86,3.22422295932088
58.87,3.22217770220755
58.88,3.22002951205758
58.89,3.21778231817122
58.9,3.21543997310517
58.91,3.21300618690965
58.92,3.21048459761149
58.9299999999999,3.20787879086979
58.94,3.20519226116772
58.95,3.20242836945921
58.96,3.19959039947091
58.97,3.19668158048108
58.98,3.19370504148415
58.99,3.19066379043407
59,3.18756075566438
59.01,3.1843988103615
59.02,3.18118072364309
59.03,3.17790915717999
59.04,3.17458669338029
59.05,3.17121585951155
59.0599999999999,3.16779907991165
59.07,3.16433868503308
59.08,3.16083692860688
59.09,3.15729600766241
59.1,3.15371802194763
59.11,3.15010498975461
59.12,3.14645885603361
59.13,3.14278151877166
59.14,3.13907478744165
59.15,3.13534039463939
59.16,3.13158001007516
59.17,3.12779524160022
59.1799999999999,3.12398762966134
59.19,3.12015864943858
59.2,3.11630971557475
59.21,3.1124421793077
59.22,3.10855733381229
59.23,3.10465641620325
59.24,3.10074060655349
59.25,3.09681104194401
59.26,3.0928688058463
59.27,3.08891492463401
59.28,3.08495038093033
59.29,3.08097611370315
59.3,3.07699301802692
59.3099999999999,3.07300194511176
59.32,3.06900370692172
59.33,3.0649990661304
59.34,3.06098874546172
59.35,3.05697344190109
59.36,3.05295381175172
59.37,3.0489304689797
59.38,3.04490399266821
59.39,3.0408749400683
59.4,3.03684383272523
59.41,3.03281116271876
59.42,3.0287773887896
59.4299999999999,3.02474294708743
59.44,3.02070824804344
59.45,3.01667367694788
59.46,3.01263959489279
59.47,3.00860632871928
59.48,3.00457419994398
59.49,3.00054350436238
59.5,2.99651451901895
59.51,2.99248749326002
59.52,2.98846264894188
59.53,2.98444021358508
59.54,2.98042038927107
59.55,2.97640336308776
59.5599999999999,2.97238929052448
59.57,2.96837832234468
59.58,2.96437060205571
59.59,2.96036625540861
59.6,2.9563653960718
59.61,2.95236811441739
59.62,2.94837450387161
59.63,2.94438464256965
59.64,2.94039859903733
59.65,2.93641643051674
59.66,2.93243817992497
59.67,2.92846389183891
59.6799999999999,2.92449359979102
59.69,2.92052733069045
59.7,2.91656509440577
59.71,2.91260689600185
59.72,2.90865274424845
59.73,2.90470263742786
59.74,2.90075656888213
59.75,2.89681450793969
59.76,2.89287643948681
59.77,2.88894234004141
59.78,2.88501218022974
59.79,2.88108592696115
59.8,2.87716353812828
59.8099999999999,2.87324497292988
59.82,2.86933018847793
59.83,2.86541913822007
59.84,2.86151177351685
59.85,2.85760803533016
59.86,2.85370786651438
59.87,2.84981121326155
59.88,2.84591801713886
59.89,2.842028218599
59.9,2.83814174976599
59.91,2.83425854114443
59.92,2.83037853141127
59.9299999999999,2.82650165389234
59.94,2.82262784129313
59.95,2.81875702266354
59.96,2.81488912373233
59.97,2.81102407709932
59.98,2.80716181195157
59.99,2.80330225737938
60,2.7994453412985
60.01,2.79559098880043
60.02,2.79173913026784
60.03,2.78788969434772
60.04,2.78404261013916
60.05,2.78019780646302
60.0599999999999,2.77635520758751
60.07,2.77251474582126
60.08,2.76867635131693
60.09,2.7648399550023
60.1,2.76100548843061
60.11,2.75717287717012
60.12,2.75334205646388
60.13,2.74951295915051
60.14,2.74568551896879
60.15,2.74185967063728
60.16,2.73803534501149
60.17,2.73421247989723
60.1799999999999,2.73039101239915
60.19,2.72657088043744
60.2,2.72275202306716
60.21,2.71893438014244
60.22,2.7151178880998
60.23,2.71130249117289
60.24,2.70748813222762
60.25,2.70367475534465
60.26,2.69986230586519
60.27,2.69605072922776
60.28,2.69223996899612
60.29,2.68842997566734
60.3,2.68462069860431
60.3099999999999,2.68081208840796
60.32,2.67700409694508
60.33,2.6731966758102
60.34,2.66938977697466
60.35,2.66558335676113
60.36,2.66177737123672
60.37,2.65797177768194
60.38,2.65416653460497
60.39,2.65036160043867
60.4,2.64655693528624
60.41,2.64275250148627
60.42,2.63894826192748
60.4299999999999,2.63514418068623
60.44,2.631340223033
60.45,2.62753635402114
60.46,2.62373254109413
60.47,2.61992875299312
60.48,2.6161249592794
60.49,2.61232113065096
60.5,2.60851723894271
60.51,2.60471325535633
60.52,2.60090915430315
60.53,2.59710491066506
60.54,2.59330050027876
60.55,2.58949590003101
60.5599999999999,2.58569108777356
60.57,2.58188604140118
60.58,2.57808074123547
60.59,2.5742751680346
60.6,2.57046930353207
60.61,2.56666313042776
60.62,2.56285663234194
60.63,2.5590497933743
60.64,2.5552425992196
60.65,2.55143503622514
60.66,2.54762709163782
60.67,2.54381875359354
60.6799999999999,2.54001001107505
60.69,2.53620085352423
60.7,2.53239127181159
60.71,2.52858125741269
60.72,2.52477080262052
60.73,2.52095990053376
60.74,2.51714854501882
60.75,2.51333673038452
60.76,2.50952445218348
60.77,2.50571170652596
60.78,2.50189849025281
60.79,2.49808480092251
60.8,2.49427063679772
60.8099999999999,2.49045599682731
60.82,2.48664088064635
60.83,2.48282528855236
60.84,2.47900922149521
60.85,2.47519268106415
60.86,2.47137566948731
60.87,2.4675581897753
60.88,2.46374024530331
60.89,2.45992184013345
60.9,2.45610297890981
60.91,2.45228366684598
60.92,2.44846390971759
60.9299999999999,2.44464371391333
60.94,2.44082308625865
60.95,2.43700203413892
60.96,2.43318056544977
60.97,2.42935868858483
60.98,2.42553641243912
60.99,2.42171374658973
61,2.41789070076686
61.01,2.41406728527948
61.02,2.41024351088035
61.03,2.40641938875423
61.04,2.40259493050609
61.05,2.3987701482679
61.0599999999999,2.3949450546531
61.07,2.39111966238358
61.08,2.38729398469766
61.09,2.38346803520532
61.1,2.37964182787721
61.11,2.37581537703351
61.12,2.37198869770023
61.13,2.36816180493629
61.14,2.36433471402983
61.15,2.36050744070422
61.16,2.35668000099365
61.17,2.35285241123308
61.1799999999999,2.34902468805462
61.19,2.34519684902025
61.2,2.3413689110599
61.21,2.33754089173381
61.22,2.33371280887161
61.23,2.3298846805635
61.24,2.32605652515131
61.25,2.32222836132277
61.26,2.31840020815043
61.27,2.31457208458564
61.28,2.31074400996398
61.29,2.30691600383983
61.3,2.30308808597827
61.3099999999999,2.29926027634696
61.32,2.29543259514494
61.33,2.291605062736
61.34,2.28777769964236
61.35,2.28395052657392
61.36,2.28012356440455
61.37,2.27629683416396
61.38,2.27247035702979
61.39,2.26864415532058
61.4,2.26481825019212
61.41,2.26099266337039
61.42,2.2571674167732
61.4299999999999,2.25334253245897
61.44,2.24951803262069
61.45,2.24569393955555
61.46,2.24187027561893
61.47,2.23804706340444
61.48,2.23422432556045
61.49,2.23040208483637
61.5,2.22658036407655
61.51,2.22275918621402
61.52,2.21893857432504
61.53,2.21511855153972
61.54,2.21129914100351
61.55,2.20748036596384
61.5599999999999,2.20366224972877
61.57,2.19984481566099
61.58,2.1960280871718
61.59,2.19221208830684
61.6,2.18839684314106
61.61,2.18458237494915
61.62,2.18076870752378
61.63,2.17695586471103
61.64,2.17314387040636
61.65,2.16933274855072
61.66,2.165522523341
61.67,2.16171321911236
61.6799999999999,2.15790485978676
61.69,2.15409746955431
61.7,2.15029107264617
61.71,2.14648569333134
61.72,2.14268135591372
61.73,2.13887808438392
61.74,2.13507590236159
61.75,2.13127483454749
61.76,2.12747490514401
61.77,2.12367613834323
61.78,2.11987855832202
61.79,2.11608218923723
61.8,2.11228705527151
61.8099999999999,2.10849318069037
61.82,2.10470058949372
61.83,2.10090930574975
61.84,2.09711935348801
61.85,2.09333075669503
61.86,2.08954353930984
61.87,2.08575772581238
61.88,2.08197334305097
61.89,2.07819041354696
61.9,2.07440896165409
61.91,2.07062901174993
61.92,2.0668505882372
61.9299999999999,2.06307371554494
61.94,2.05929841773052
61.95,2.05552471559859
61.96,2.05175263518255
61.97,2.04798220031851
61.98,2.04421343477194
61.99,2.04044636223243
62,2.03668100630867
62.01,2.03291739063761
62.02,2.02915554163136
62.03,2.02539548139946
62.04,2.02163723369889
62.05,2.01788082225665
62.0599999999999,2.01412627076938
62.07,2.01037360290293
62.08,2.00662284229213
62.09,2.00287401023138
62.1,1.99912713115743
62.11,1.99538222826118
62.12,1.99163932459664
62.13,1.98789844312318
62.14,1.98415960670158
62.15,1.98042283809001
62.16,1.97668816256579
62.17,1.97295560198192
62.1799999999999,1.96922517903657
62.19,1.96549691659989
62.2,1.96177083749657
62.21,1.95804696450623
62.22,1.95432532036402
62.23,1.95060592677434
62.24,1.94688880651283
62.25,1.94317398213712
62.26,1.93946147597743
62.27,1.93575131029018
62.28,1.93204350725668
62.29,1.92833808898172
62.3,1.92463507787576
62.3099999999999,1.92093449588357
62.32,1.91723636485556
62.33,1.91354070666688
62.34,1.90984754312127
62.35,1.90615689595043
62.36,1.90246878681342
62.37,1.89878323701309
62.38,1.89510026732271
62.39,1.89141989951937
62.4,1.88774215478815
62.41,1.88406705421391
62.42,1.88039461877922
62.4299999999999,1.87672486936226
62.44,1.87305782673475
62.45,1.86939351287567
62.46,1.86573194806989
62.47,1.86207315281454
62.48,1.85841714770504
62.49,1.85476395325539
62.5,1.85111358989819
62.51,1.84746607798459
62.52,1.84382143759952
62.53,1.8401796886411
62.54,1.83654085135277
62.55,1.83290494567248
62.5599999999999,1.82927199144458
62.57,1.82564200841899
62.58,1.82201501625058
62.59,1.81839103449827
62.6,1.81477008284069
62.61,1.81115218056482
62.62,1.80753734696197
62.63,1.80392560123941
62.64,1.8003169625099
62.65,1.7967114497912
62.66,1.79310908200562
62.67,1.78950987843432
62.6799999999999,1.78591385823015
62.69,1.78232103981687
62.7,1.77873144189988
62.71,1.77514508310959
62.72,1.77156198200236
62.73,1.76798215706133
62.74,1.76440562663705
62.75,1.76083240707975
62.76,1.75726251753756
62.77,1.75369597589728
62.78,1.75013279993317
62.79,1.74657300730527
62.8,1.74301661555764
62.8099999999999,1.73946364211667
62.82,1.73591410465679
62.83,1.73236802061926
62.84,1.72882540703505
62.85,1.72528628102244
62.86,1.7217506596025
62.87,1.71821855969928
62.88,1.71468999842046
62.89,1.71116499269139
62.9,1.70764355912251
62.91,1.7041257143898
62.92,1.70061147509573
62.9299999999999,1.69710085777108
62.94,1.69359387870222
62.95,1.6900905541669
62.96,1.68659090050432
62.97,1.68309493388271
62.98,1.67960267038868
62.99,1.67611412495243
63,1.67262931292904
63.01,1.66914825020393
63.02,1.66567095211256
63.03,1.66219743386432
63.04,1.65872771169601
63.05,1.65526180097809
63.0599999999999,1.65179971655365
63.07,1.64834147354349
63.08,1.64488708698564
63.09,1.64143657126337
63.1,1.63798994112796
63.11,1.63454721133771
63.12,1.63110839640998
63.13,1.62767351075978
63.14,1.62424256926225
63.15,1.62081558617488
63.16,1.617392575658
63.17,1.61397355188882
63.1799999999999,1.61055852895981
63.19,1.60714752016835
63.2,1.60374053945734
63.21,1.60033760057426
63.22,1.59693871707148
63.23,1.59354390239614
63.24,1.5901531704765
63.25,1.58676653445621
63.26,1.58338400754796
63.27,1.58000560291974
63.28,1.57663133364826
63.29,1.57326121238587
63.3,1.56989525196203
63.3099999999999,1.56653346517225
63.32,1.56317586462559
63.33,1.55982246282964
63.34,1.55647327251634
63.35,1.55312830623307
63.36,1.549787576131
63.37,1.54645109444526
63.38,1.54311887332306
63.39,1.53979092462754
63.4,1.53646725998936
63.41,1.53314789138596
63.42,1.52983283049546
63.4299999999999,1.52652208889589
63.44,1.52321567818517
63.45,1.51991361022828
63.46,1.51661589615639
63.47,1.51332254727225
63.48,1.51003357479179
63.49,1.50674898980762
63.5,1.50346880277818
63.51,1.5001930248415
63.52,1.49692166674406
63.53,1.49365473913238
63.54,1.49039225255299
63.55,1.48713421803944
63.5599999999999,1.48388064580951
63.57,1.48063154618382
63.58,1.47738692943498
63.59,1.47414680574746
63.6,1.4709111852038
63.61,1.46768007779542
63.62,1.46445349344803
63.63,1.46123144198748
63.64,1.45801393315089
63.65,1.45480097658035
63.66,1.45159258146018
63.67,1.44838875739305
63.6799999999999,1.44518951369423
63.69,1.44199485958337
63.7,1.43880480418452
63.71,1.43561935683077
63.72,1.43243852665924
63.73,1.42926232244735
63.74,1.42609075304781
63.75,1.42292382722861
63.76,1.4197615536333
63.77,1.41660394051174
63.78,1.41345099649898
63.79,1.41030272995354
63.8,1.40715914914198
63.8099999999999,1.40402026223891
63.82,1.40088607776283
63.83,1.39775660383121
63.84,1.39463184831677
63.85,1.39151181915718
63.86,1.38839652421082
63.87,1.38528597112812
63.88,1.3821801670938
63.89,1.37907911991289
63.9,1.37598283700917
63.91,1.37289132571549
63.92,1.36980459327368
63.9299999999999,1.36672264706892
63.94,1.36364549422029
63.95,1.36057314168215
63.96,1.35750559639937
63.97,1.35444286523221
63.98,1.35138495501682
63.99,1.34833187290371
64,1.34528362533364
64.01,1.3422402189202
64.02,1.33920166020158
64.03,1.33616795564057
64.04,1.33313911122853
64.05,1.33011513305605
64.0599999999999,1.3270960274294
64.07,1.32408180037665
64.08,1.32107245783773
64.09,1.31806800568332
64.1,1.31506845012232
64.11,1.31207379666895
64.12,1.30908405098998
64.13,1.30609921867208
64.14,1.30311930522181
64.15,1.30014431617996
64.16,1.29717425700444
64.17,1.29420913292377
64.1799999999999,1.29124894917036
64.19,1.288293710901
64.2,1.28534342319687
64.21,1.28239809099098
64.22,1.27945771923884
64.23,1.27652231278576
64.24,1.27359187639821
64.25,1.27066641476594
64.26,1.26774593250202
64.27,1.26483043418158
64.28,1.26191992424964
64.29,1.2590144070944
64.3,1.25611388702852
64.3099999999999,1.25321836828853
64.32,1.2503278550348
64.33,1.2474423514502
64.34,1.24456186150327
64.35,1.24168638914017
64.36,1.23881593823267
64.37,1.23595051257775
64.38,1.23309011589999
64.39,1.23023475209134
64.4,1.22738442462489
64.41,1.22453913703492
64.42,1.22169889278444
64.4299999999999,1.21886369526518
64.44,1.21603354779982
64.45,1.21320845373685
64.46,1.21038841621357
64.47,1.20757343835154
64.48,1.20476352320254
64.49,1.20195867374842
64.5,1.19915889290086
64.51,1.19636418349262
64.52,1.19357454829985
64.53,1.19078999002354
64.54,1.18801051129469
64.55,1.1852361146743
64.5599999999999,1.18246680266596
64.57,1.17970257793458
64.58,1.17694344273135
64.59,1.17418939937564
64.6,1.17144045012049
64.61,1.16869659715263
64.62,1.16595784260146
64.63,1.16322418865687
64.64,1.16049563725077
64.65,1.15777219032625
64.66,1.15505384976213
64.67,1.15234061737293
64.6799999999999,1.1496324949146
64.69,1.14692948414162
64.7,1.14423158664753
64.71,1.14153880400094
64.72,1.13885113770725
64.73,1.13616858920865
64.74,1.1334911598963
64.75,1.13081885120809
64.76,1.12815166434628
64.77,1.12548960052063
64.78,1.1228326608796
64.79,1.12018084651037
64.8,1.11753415845531
64.8099999999999,1.11489259781877
64.82,1.11225616544646
64.83,1.1096248622044
64.84,1.10699868889949
64.85,1.10437764627964
64.86,1.10176173505056
64.87,1.09915095596508
64.88,1.09654530954326
64.89,1.09394479631845
64.9,1.091349416767
64.91,1.08875917130826
64.92,1.0861740603231
64.9299999999999,1.08359408423506
64.94,1.08101924324362
64.95,1.07844953756139
64.96,1.07588496734592
64.97,1.07332553269976
64.98,1.07077123368664
64.99,1.06822207039819
65,1.06567804274586
65.01,1.06313915063785
65.02,1.06060539393016
65.03,1.05807677244213
65.04,1.05555328597388
65.05,1.05303493421302
65.0599999999999,1.05052171682164
65.07,1.04801363341122
65.08,1.04551068356482
65.09,1.04301286683233
65.1,1.04052018266499
65.11,1.03803263048683
65.12,1.03555020967287
65.13,1.03307291958403
65.14,1.0306007595333
65.15,1.02813372874283
65.16,1.02567182640948
65.17,1.02321505168302
65.1799999999999,1.0207634037121
65.19,1.0183168815772
65.2,1.0158754842855
65.21,1.01343921081706
65.22,1.01100806010685
65.23,1.0085820311011
65.24,1.00616112265574
65.25,1.00374533357437
65.26,1.00133466263037
65.27,0.998929108553984
65.28,0.996528670087481
65.29,0.994133345879799
65.3,0.991743134548266
65.3099999999999,0.989358034677342
65.32,0.986978044813328
65.33,0.984603163472539
65.34,0.982233389128256
65.35,0.979868720216415
65.36,0.977509155138659
65.37,0.975154692261135
65.38,0.972805329912681
65.39,0.970461066388614
65.4,0.968121899951053
65.41,0.965787828827465
65.42,0.963458851211864
65.4299999999999,0.961134965265561
65.44,0.958816169117241
65.45,0.956502460863192
65.46,0.954193838568135
65.47,0.95189030026553
65.48,0.94959184396038
65.49,0.94729846762835
65.5,0.945010169211723
65.51,0.94272694662532
65.52,0.940448797755258
65.53,0.938175720460908
65.54,0.93590771257578
65.55,0.933644771902417
65.5599999999999,0.93138689621844
65.57,0.929134083275396
65.58,0.926886330800003
65.59,0.924643636495747
65.6,0.922405998038619
65.61,0.920173413081941
65.62,0.917945879255594
65.63,0.915723394167049
65.64,0.913505955404024
65.65,0.911293560528781
65.66,0.909086207083825
65.67,0.906883892591012
65.6799999999999,0.904686614552326
65.69,0.902494370453964
65.7,0.900307157758329
65.71,0.898124973911298
65.72,0.895947816340992
65.73,0.893775682458362
65.74,0.891608569661422
65.75,0.889446475328372
65.76,0.887289396823482
65.77,0.885137331496441
65.78,0.882990276683349
65.79,0.88084822970662
65.8,0.878711187875786
65.8099999999999,0.876579148488247
65.82,0.874452108833986
65.83,0.872330066193078
65.84,0.870213017831527
65.85,0.868100961008427
65.86,0.865993892972816
65.87,0.863891810962463
65.88,0.861794712213105
65.89,0.859702593951513
65.9,0.857615453398331
65.91,0.85553328776991
65.92,0.85345609427606
65.9299999999999,0.851383870122871
65.94,0.849316612512765
65.95,0.847254318659484
65.96,0.845196985761768
65.97,0.843144611021202
65.98,0.841097191640659
65.99,0.839054724823584
66,0.837017207775516
66.01,0.834984637704973
66.02,0.832957011822604
66.03,0.830934327341541
66.04,0.828916581481311
66.05,0.826903771466321
66.0599999999999,0.824895894530552
66.07,0.822892947911449
66.08,0.82089492885563
66.09,0.818901834622804
66.1,0.816913662479602
66.11,0.814930409704567
66.12,0.812952073587303
66.13,0.810978651429814
66.14,0.809010140548096
66.15,0.807046538272543
66.16,0.805087841948228
66.17,0.803134048936497
66.1799999999999,0.801185156616528
66.19,0.799241162384572
66.2,0.797302063656343
66.21,0.79536785786752
66.22,0.79343854247436
66.23,0.791514114954375
66.24,0.78959457280794
66.25,0.787679913558865
66.26,0.785770134755664
66.27,0.783865233971872
66.28,0.78196520880738
66.29,0.780070056889264
66.3,0.778179775872698
66.3099999999999,0.776294363441809
66.32,0.774413817310671
66.33,0.772538135224221
66.34,0.770667314959044
66.35,0.76880135432443
66.36,0.766940251163147
66.37,0.76508400335226
66.38,0.763232608804288
66.39,0.761386065467534
66.4,0.759544371327437
66.41,0.757707524407286
66.42,0.755875522768478
66.4299999999999,0.754048364512294
66.44,0.752226047779898
66.45,0.750408570753128
66.46,0.748595931655955
66.47,0.746788128754071
66.48,0.744985160356496
66.49,0.743187024816184
66.5,0.741393720529483
66.51,0.739605245938654
66.52,0.737821599531033
66.53,0.736042779839359
66.54,0.734268785443965
66.55,0.732499614971505
66.5599999999999,0.730735267096396
66.57,0.728975740541517
66.58,0.727221034076406
66.59,0.725471146520884
66.6,0.72372607674316
66.61,0.721985823659841
66.62,0.720250386238426
66.63,0.718519763494728
66.64,0.716793954493603
66.65,0.715072958351396
66.66,0.713356774234388
66.67,0.711645401359408
66.6799999999999,0.70993883899407
66.69,0.708237086453039
66.7,0.70654014310416
66.71,0.704848008364786
66.72,0.703160681700081
66.73,0.701478162627191
66.74,0.699800450712354
66.75,0.698127545571307
66.76,0.696459446869707
66.77,0.694796154322412
66.78,0.693137667693484
66.79,0.691483986796585
66.8,0.689835111493635
66.8099999999999,0.688191041695583
66.82,0.686551777362325
66.83,0.684917318500196
66.84,0.683287665164465
66.85,0.681662817458097
66.86,0.68004277553544
66.87,0.678427539595786
66.88,0.676817109887243
66.89,0.675211486704589
66.9,0.673610670391188
66.91,0.672014661337661
66.92,0.670423459982736
66.9299999999999,0.668837066811859
66.94,0.667255482358491
66.95,0.665678707204948
66.96,0.664106741979732
66.97,0.662539587359778
66.98,0.660977244070279
66.99,0.659419712883685
67,0.657866994620602
67.01,0.656319090149592
67.02,0.654776000387153
67.03,0.653237726296978
67.04,0.651704268888114
67.05,0.650175629219823
67.0599999999999,0.648651808397633
67.07,0.647132807568397
67.08,0.64561862793064
67.09,0.64410927072722
67.1,0.642604737240184
67.11,0.641105028798563
67.12,0.63961014677649
67.13,0.638120092583462
67.14,0.636634867664741
67.15,0.63515447351408
67.16,0.633678911655923
67.17,0.632208183631308
67.1799999999999,0.630742291034069
67.19,0.629281235481925
67.2,0.627825018588261
67.21,0.626373642016795
67.22,0.624927107443204
67.23,0.623485416534189
67.24,0.622048570970303
67.25,0.620616572448292
67.26,0.619189422643579
67.27,0.617767123202325
67.28,0.616349675787874
67.29,0.614937082026217
67.3,0.613529343465023
67.3099999999999,0.612126461664331
67.32,0.610728438122193
67.33,0.609335274219575
67.34,0.607946971316756
67.35,0.606563530690624
67.36,0.605184953488438
67.37,0.603811240730056
67.38,0.602442393369034
67.39,0.601078412201827
67.4,0.59971929779237
67.41,0.598365050633486
67.42,0.597015671011538
67.4299999999999,0.595671158940328
67.44,0.594331514252464
67.45,0.592996736564606
67.46,0.591666825193007
67.47,0.590341779117485
67.48,0.589021597101908
67.49,0.587706277559811
67.5,0.586395818422682
67.51,0.585090217380355
67.52,0.583789471682772
67.53,0.58249357807281
67.54,0.581202532834792
67.55,0.579916331821631
67.5599999999999,0.578634970312792
67.57,0.577358442920057
67.58,0.576086743810566
67.59,0.574819866486193
67.6,0.573557803662341
67.61,0.572300547408667
67.62,0.571048089108056
67.63,0.569800419312875
67.64,0.568557527554944
67.65,0.567319402731373
67.66,0.566086032756024
67.67,0.564857404452234
67.6799999999999,0.563633503650355
67.69,0.56241431521223
67.7,0.561199822836527
67.71,0.559990008831881
67.72,0.558784854535413
67.73,0.5575843399335
67.74,0.556388443537878
67.75,0.555197142428159
67.76,0.554010412371009
67.77,0.552828227546298
67.78,0.551650560213499
67.79,0.550477381304587
67.8,0.549308659910603
67.8099999999999,0.548144363132012
67.82,0.546984456112333
67.83,0.54582890231136
67.84,0.544677663050496
67.85,0.543530697395398
67.86,0.542387961579663
67.87,0.541249410425922
67.88,0.540114996059164
67.89,0.538984668154294
67.9,0.537858372693894
67.91,0.536736054199174
67.92,0.53561765403603
67.9299999999999,0.534503110675906
67.94,0.533392358888863
67.95,0.532285330650253
67.96,0.531181954997616
67.97,0.530082157435578
67.98,0.528985859573822
67.99,0.527892978993485
68,0.52680343044271
68.01,0.525717124441974
68.02,0.524633967351329
68.03,0.523553860097432
68.04,0.522476700924053
68.05,0.521402383032035
68.0599999999999,0.52033079503396
68.07,0.519261819358314
68.08,0.518195334812339
68.09,0.517131214851468
68.1,0.516069327552112
68.11,0.515009534478026
68.12,0.513951691699228
68.13,0.512895650193285
68.14,0.511841254483508
68.15,0.510788342312941
68.16,0.509736743986648
68.17,0.508686284725655
68.1799999999999,0.507636782222613
68.19,0.506588046955613
68.2,0.505539880125529
68.21,0.504492077619939
68.22,0.503444426681058
68.23,0.502396706501619
68.24,0.501348686315833
68.25,0.500300128026446
68.26,0.499250784732635
68.27,0.49820040020054
68.28,0.497148707835266
68.29,0.496095431185119
68.3,0.495040284984661
68.3099999999999,0.493982973217187
68.32,0.492923188849969
68.33,0.491860612384793
68.34,0.490794915490601
68.35,0.489725757488522
68.36,0.48865278594813
68.37,0.487575636600499
68.38,0.486493932682737
68.39,0.485407284941704
68.4,0.484315291291678
68.41,0.483217535794138
68.42,0.482113589432625
68.4299999999999,0.481003009682208
68.44,0.479885339798645
68.45,0.478760108930613
68.46,0.477626831826226
68.47,0.476485007990681
68.48,0.475334121975295
68.49,0.47417364339997
68.5,0.47300302930572
68.51,0.471821717299797
68.52,0.470629130468627
68.53,0.469424675790194
68.54,0.468207750247446
68.55,0.466977728917686
68.5599999999999,0.465733971717487
68.57,0.464475822696771
68.58,0.463202615267546
68.59,0.461913665935675
68.6,0.460608270989548
68.61,0.459285713007222
68.62,0.4579452628456
68.63,0.456586183886858
68.64,0.455207711845989
68.65,0.45380907273866
68.66,0.452389479124886
68.67,0.450948151019274
68.6799999999999,0.449484270902144
68.69,0.447997017803333
68.7,0.446485558997488
68.71,0.444949073372453
68.72,0.443386714760852
68.73,0.441797626620756
68.74,0.440180948818309
68.75,0.438535827492354
68.76,0.436861413090401
68.77,0.435156838050167
68.78,0.433421241744303
68.79,0.431653779262536
68.8,0.42985359746666
68.8099999999999,0.428019852604229
68.82,0.426151713529298
68.83,0.424248366341833
68.84,0.422308999372806
68.85,0.420332819251078
68.86,0.418319070641775
68.87,0.416267005119533
68.88,0.41417589775164
68.89,0.41204505750389
68.9,0.409873840531949
68.91,0.407661616257211
68.92,0.40540779858353
68.9299999999999,0.403111849827738
68.94,0.400773273476202
68.95,0.398391617613777
68.96,0.395966482885061
68.97,0.393497526016261
68.98,0.390984457953268
68.99,0.388427050546561
69,0.385825140227773
69.01,0.383178629970942
69.02,0.380487491274107
69.03,0.377751768803089
69.04,0.374971579523281
69.05,0.372147122549792
69.0599999999999,0.369278677479439
69.07,0.366366598358807
69.08,0.363411318008187
69.09,0.360413370613848
69.1,0.35737337460333
69.11,0.354291995849488
69.12,0.351170028268595
69.13,0.348008346785375
69.14,0.344807901120906
69.15,0.341569705095445
69.16,0.338294897771234
69.17,0.334984693296484
69.1799999999999,0.331640352163524
69.19,0.328263245538046
69.2,0.32485482907089
69.21,0.321416623315242
69.22,0.31795018517286
69.23,0.314457195111642
69.24,0.310939387415564
69.25,0.307398525434921
69.26,0.303836434136027
69.27,0.300255006488037
69.28,0.296656165054932
69.29,0.293041876151121
69.3,0.289414145240067
69.3099999999999,0.285775009613949
69.32,0.282126534125555
69.33,0.278470807248972
69.34,0.274809916549584
69.35,0.271145970543482
69.36,0.267481083348527
69.37,0.26381734766659
69.38,0.260156858343029
69.39,0.256501692944152
69.4,0.252853896862337
69.41,0.249215492116627
69.42,0.245588463059044
69.4299999999999,0.241974789937517
69.44,0.238376381105358
69.45,0.234795108942482
69.46,0.231232823100438
69.47,0.227691300611511
69.48,0.224172270815655
69.49,0.220677392832158
69.5,0.217208271577896
69.51,0.213766441757343
69.52,0.210353384002077
69.53,0.206970489661541
69.54,0.203619082919837
69.55,0.200300444532232
69.5599999999999,0.197015748521734
69.57,0.193766106141626
69.58,0.190552576636963
69.59,0.187376120801376
69.6,0.184237634498603
69.61,0.181137951027786
69.62,0.178077817420024
69.63,0.175057913974987
69.64,0.172078858181065
69.65,0.169141185391988
69.66,0.166245368461457
69.67,0.163391823226163
69.6799999999999,0.160580886018095
69.69,0.157812837972437
69.7,0.155087907749726
69.71,0.152406252741641
69.72,0.149767980526365
69.73,0.147173150113142
69.74,0.144621761002791
69.75,0.142113767123796
69.76,0.139649077677831
69.77,0.137227553995558
69.78,0.134849016925582
69.79,0.13251324863646
69.8,0.130219992117951
69.8099999999999,0.127968956320263
69.82,0.125759818255048
69.83,0.123592223657455
69.84,0.121465790404379
69.85,0.119380110348198
69.86,0.117334752412735
69.87,0.115329262827089
69.88,0.113363166949217
69.89,0.111435974998562
69.9,0.109547179002323
69.91,0.107696255154438
69.92,0.105882671002856
69.9299999999999,0.104105881034304
69.94,0.102365326776342
69.95,0.100660447398558
69.96,0.0989906736161339
69.97,0.0973554257959316
69.98,0.0957541268645166
69.99,0.0941861954037181
70,0.0926510419878195
70.01,0.0911480835783161
70.02,0.0896767360924667
70.03,0.0882364104160058
70.04,0.0868265255445795
70.05,0.085446502463539
70.0599999999999,0.0840957609645556
70.07,0.0827737280319229
70.08,0.0814798364070164
70.09,0.080213520391753
70.1,0.0789742207432575
70.11,0.0777613867097355
70.12,0.0765744712952098
70.13,0.0754129334720485
70.14,0.0742762424842698
70.15,0.0731638730301009
70.16,0.0720753056216885
70.17,0.0710100319782687
70.1799999999999,0.0699675505202154
70.19,0.0689473656083345
70.2,0.0679489931247493
70.21,0.0669719564914112
70.22,0.0660157852081386
70.23,0.0650800203052125
70.24,0.0641642108216878
70.25,0.0632679119561963
70.26,0.0623906901946964
70.27,0.061532120079742
70.28,0.0606917830397103
70.29,0.0598692705456032
70.3,0.0590641825456585
70.3099999999999,0.0582761264406772
70.32,0.0575047181544481
70.33,0.0567495825622034
70.34,0.0560103520820651
70.35,0.0552866666875736
70.36,0.0545781752693573
70.37,0.0538845341780206
70.38,0.0532054067589837
70.39,0.0525404648606595
70.4,0.0518893875831942
70.41,0.0512518607586511
70.42,0.0506275780843924
70.4299999999999,0.0500162401867714
70.44,0.0494175543946655
70.45,0.0488312350070641
70.46,0.0482570030834876
70.47,0.0476945861070906
70.48,0.047143717943997
70.49,0.0466041388667604
70.5,0.0460755952360993
70.51,0.0455578393822858
70.52,0.0450506296022985
70.53,0.0445537299224362
70.54,0.0440669099831824
70.55,0.0435899449200577
70.5599999999999,0.0431226152356907
70.57,0.0426647066584025
70.58,0.0422160101829447
70.59,0.0417763216247498
70.6,0.0413454417079149
70.61,0.0409231759761234
70.62,0.0405093348331412
70.63,0.0401037328915793
70.64,0.0397061892734793
70.65,0.0393165276466266
70.66,0.0389345758693224
70.67,0.0385601657084825
70.6799999999999,0.0381931330047199
70.69,0.0378333178808692
70.7,0.0374805638932411
70.71,0.037134718393964
70.72,0.0367956324183337
70.73,0.03646316076952
70.74,0.0361371613588646
70.75,0.0358174955406993
70.76,0.0355040282017657
70.77,0.0351966273949225
70.78,0.0348951639958807
70.79,0.0345995119997363
70.8,0.0343095485895703
70.8099999999999,0.0340251540728323
70.82,0.0337462109821828
70.83,0.0334726047811576
70.84,0.0332042237167996
70.85,0.0329409590944667
70.86,0.0326827040508653
70.87,0.0324293544236297
70.88,0.0321808084823357
70.89,0.0319369674444654
70.9,0.0316977340587001
70.91,0.0314630135522068
70.92,0.031232713301981
70.9299999999999,0.0310067433710467
70.94,0.0307850152726095
70.95,0.030567442700962
70.96,0.0303539413115098
70.97,0.0301444291144365
70.98,0.0299388256621736
70.99,0.0297370522883927
71,0.029539032165718
71.01,0.0293446904457138
71.02,0.0291539539111518
71.03,0.0289667508233921
71.04,0.0287830111321889
71.05,0.0286026665043966
71.0599999999999,0.0284256502261528
71.07,0.028251896815109
71.08,0.0280813423405833
71.09,0.0279139244327997
71.1,0.0277495824032459
71.11,0.027588256378717
71.12,0.0274298880065206
71.13,0.0272744202036965
71.14,0.0271217975100337
71.15,0.026971965565455
71.16,0.0268248709489325
71.17,0.0266804615460406
71.1799999999999,0.0265386863667398
71.19,0.0263994960886603
71.2,0.0262628418535072
71.21,0.0261286760332908
71.22,0.0259969520527734
71.23,0.0258676244269596
71.24,0.0257406489617019
71.25,0.0256159819615454
71.26,0.0254935808468306
71.27,0.025373403949011
71.28,0.0252554106982454
71.29,0.0251395614060126
71.3,0.025025817012029
71.3099999999999,0.0249141394000476
71.32,0.0248044912616934
71.33,0.0246968364193021
71.34,0.0245911391526875
71.35,0.0244873645422821
71.36,0.0243854784453268
71.37,0.0242854474808402
71.38,0.024187239242178
71.39,0.0240908216520273
71.4,0.0239961634452624
71.41,0.0239032340149601
71.42,0.0238120035450102
71.4299999999999,0.0237224428985361
71.44,0.0236345233122941
71.45,0.0235482167360221
71.46,0.0234634957010497
71.47,0.0233803333531179
71.48,0.023298703763571
71.49,0.0232185810168023
71.5,0.0231399399333534
71.51,0.0230627558519247
71.52,0.0229870046134418
71.53,0.0229126629285063
71.54,0.0228397076434153
71.55,0.0227681160886668
71.5599999999999,0.0226978661217987
71.57,0.0226289360520641
71.58,0.0225613047964113
71.59,0.0224949517608795
71.6,0.0224298565133656
71.61,0.0223659991659526
71.62,0.0223033602376734
71.63,0.022241920676082
71.64,0.0221816620572187
71.65,0.022122565995334
71.66,0.0220646146106755
71.67,0.0220077903880342
71.6799999999999,0.0219520761661558
71.69,0.021897455321872
71.7,0.0218439113938693
71.71,0.0217914282593183
71.72,0.0217399901514796
71.73,0.0216895816193878
71.74,0.0216401876271976
71.75,0.0215917934759669
71.76,0.0215443845965252
71.77,0.0214979467913445
71.78,0.0214524661465665
71.79,0.0214079290573714
71.8,0.0213643224170797
71.8099999999999,0.0213216330419896
71.82,0.0212798481449606
71.83,0.0212389551938652
71.84,0.0211989419042023
71.85,0.0211597963044131
71.86,0.0211215067835316
71.87,0.021084061708753
71.88,0.0210474497853666
71.89,0.0210116599417597
71.9,0.020976681322919
71.91,0.0209425033946899
71.92,0.0209091158496732
71.9299999999999,0.0208765084216856
71.94,0.0208446711275147
71.95,0.0208135941798052
71.96,0.0207832679813901
71.97,0.0207536832870632
71.98,0.0207248309397975
71.99,0.0206967018823871
72,0.0206692872983181
72.01,0.0206425785455149
72.02,0.0206165671515516
72.03,0.020591244897222
72.04,0.0205666036508406
72.05,0.0205426354458542
72.0599999999999,0.0205193324863767
72.07,0.0204966871308463
72.08,0.0204746919553808
72.09,0.0204533396080815
72.1,0.0204326229084488
72.11,0.0204125348200796
72.12,0.020393068451226
72.13,0.0203742171003337
72.14,0.0203559741304714
72.15,0.0203383330628834
72.16,0.0203212875479347
72.17,0.0203048313663803
72.1799999999999,0.0202889584353874
72.19,0.020273662771674
72.2,0.0202589385175575
72.21,0.0202447799297107
72.22,0.0202311813960894
72.23,0.0202181374334154
72.24,0.0202056426226959
72.25,0.0201936916694507
72.26,0.020182279382317
72.27,0.0201714007261876
72.28,0.0201610507674319
72.29,0.0201512246158266
72.3,0.0201419175103061
72.3099999999999,0.0201331247878578
72.32,0.020124841884226
72.33,0.0201170643277269
72.34,0.0201097877378219
72.35,0.0201030078248694
72.36,0.0200967203873251
72.37,0.0200909212897629
72.38,0.0200856064981098
72.39,0.0200807720569862
72.4,0.0200764140868943
72.41,0.0200725287843976
72.42,0.0200691124996228
72.4299999999999,0.0200661615609248
72.44,0.0200636724048381
72.45,0.0200616415404889
72.46,0.0200600655475279
72.47,0.0200589411401342
72.48,0.0200582650321479
72.49,0.0200580340226686
72.5,0.0200582449835055
72.51,0.02005889485312
72.52,0.0200599806404859
72.53,0.0200614994140247
72.54,0.0200634483050905
72.55,0.0200658245073417
72.5599999999999,0.0200686252745849
72.57,0.0200718479277156
72.58,0.0200754898399513
72.59,0.0200795484390662
72.6,0.0200840212104171
72.61,0.0200889056935526
72.62,0.0200941995038974
72.63,0.0200999003009368
72.64,0.0201060057823598
72.65,0.020112513706098
72.66,0.0201194218804941
72.67,0.020126728176153
72.6799999999999,0.0201344305125966
72.69,0.0201425268438276
72.7,0.0201510151786934
72.71,0.0201598935728402
72.72,0.0201691601333532
72.73,0.0201788130154662
72.74,0.0201888504094155
72.75,0.0201992705537165
72.76,0.0202100717299316
72.77,0.0202212522671136
72.78,0.0202328105416297
72.79,0.0202447449564706
72.8,0.0202570539612371
72.8099999999999,0.0202697360450057
72.82,0.0202827897355166
72.83,0.0202962136134663
72.84,0.0203100062972896
72.85,0.0203241664234651
72.86,0.0203386926752197
72.87,0.0203535837718693
72.88,0.0203688384681113
72.89,0.0203844555767193
72.9,0.0204004339313222
72.91,0.0204167723890103
72.92,0.0204334698494617
72.9299999999999,0.0204505252459226
72.94,0.0204679375446201
72.95,0.0204857057536233
72.96,0.0205038289038419
72.97,0.0205223060582138
72.98,0.0205411363124088
72.99,0.0205603187926893
73,0.0205798526553598
73.01,0.0205997371165997
73.02,0.0206199713844774
73.03,0.0206405547087705
73.04,0.0206614863694748
73.05,0.0206827656753198
73.0599999999999,0.0207043919637896
73.07,0.0207263646055084
73.08,0.0207486829910947
73.09,0.0207713465412404
73.1,0.0207943547033794
73.11,0.0208177069512552
73.12,0.0208414027879932
73.13,0.0208654417526936
73.14,0.020889823391871
73.15,0.0209145472847283
73.16,0.0209396130353894
73.17,0.0209650202725223
73.1799999999999,0.0209907686692714
73.19,0.0210168579317505
73.2,0.0210432877419485
73.21,0.0210700578301543
73.22,0.0210971679501877
73.23,0.0211246178790668
73.24,0.021152407416677
73.25,0.0211805363854383
73.26,0.0212090046299737
73.27,0.0212378120710413
73.28,0.0212669585774379
73.29,0.0212964440603559
73.3,0.0213262684579305
73.3099999999999,0.0213564317297775
73.32,0.0213869338567089
73.33,0.0214177748404474
73.34,0.0214489547033425
73.35,0.0214804735094508
73.36,0.0215123313530746
73.37,0.0215445282974727
73.38,0.0215770644523018
73.39,0.0216099399473445
73.4,0.021643154932273
73.41,0.0216767095764109
73.42,0.0217106040684969
73.4299999999999,0.021744838616447
73.44,0.0217794135048111
73.45,0.0218143289589783
73.46,0.0218495852449059
73.47,0.0218851826534075
73.48,0.0219211214942891
73.49,0.0219574020961629
73.5,0.02199402480626
73.51,0.0220309899902433
73.52,0.0220682980546886
73.53,0.022105949435615
73.54,0.0221439445321333
73.55,0.0221822837899491
73.5599999999999,0.0222209676732545
73.57,0.0222599966645923
73.58,0.0222993712647196
73.59,0.0223390919924726
73.6,0.022379159384631
73.61,0.0224195740200637
73.62,0.0224603364626581
73.63,0.0225014473029588
73.64,0.0225429071517742
73.65,0.0225847166375994
73.66,0.0226268764065017
73.67,0.0226693871220056
73.6799999999999,0.0227122494649785
73.69,0.0227554641396722
73.7,0.0227990318707017
73.71,0.0228429533845653
73.72,0.0228872294325967
73.73,0.0229318607831688
73.74,0.0229768482215956
73.75,0.0230221925500299
73.76,0.0230678945873634
73.77,0.0231139551691254
73.78,0.023160375211809
73.79,0.0232071555563533
73.8,0.0232542970865931
73.8099999999999,0.0233018007102249
73.82,0.0233496673517407
73.83,0.0233978979523546
73.84,0.0234464934699322
73.85,0.0234954548789175
73.86,0.0235447831702598
73.87,0.0235944793513432
73.88,0.0236445445029183
73.89,0.0236949796624367
73.9,0.0237457858723255
73.91,0.0237969642125922
73.92,0.0238485157800836
73.9299999999999,0.0239004416884474
73.94,0.0239527430680929
73.95,0.0240054210661514
73.96,0.0240584768464384
73.97,0.0241119115894141
73.98,0.02416572651122
73.99,0.0242199228374345
74,0.0242745017860041
74.01,0.0243294646071576
74.02,0.0243848125679379
74.03,0.024440546952179
74.04,0.024496669060483
74.05,0.0245531802101971
74.0599999999999,0.0246100817353902
74.07,0.0246673749868306
74.08,0.0247250613503179
74.09,0.0247831422488311
74.1,0.0248416190551462
74.11,0.0249004931922584
74.12,0.0249597661003307
74.13,0.0250194392366947
74.14,0.0250795140758538
74.15,0.0251399921094859
74.16,0.025200874846446
74.17,0.0252621638127684
74.1799999999999,0.0253238605587045
74.19,0.0253859667032447
74.2,0.0254484837874484
74.21,0.0255114134118117
74.22,0.0255747571946185
74.23,0.0256385167719683
74.24,0.0257026937978077
74.25,0.0257672899439574
74.26,0.0258323069001427
74.27,0.0258977463740213
74.28,0.0259636100912134
74.29,0.0260298997975266
74.3,0.0260966172534987
74.3099999999999,0.0261637642388676
74.32,0.026231342551606
74.33,0.0262993540078141
74.34,0.0263678004417519
74.35,0.0264366837058679
74.36,0.0265060056708282
74.37,0.0265757682255482
74.38,0.0266459732772216
74.39,0.0267166227873518
74.4,0.0267877186941199
74.41,0.0268592629533918
74.42,0.026931257550257
74.4299999999999,0.0270037044886839
74.44,0.0270766057915695
74.45,0.0271499635007876
74.46,0.0272237796772404
74.47,0.0272980564009068
74.48,0.0273727957708906
74.49,0.027447999959064
74.5,0.0275236711228482
74.51,0.0275998113895063
74.52,0.0276764229428894
74.53,0.0277535079869536
74.54,0.0278310687458397
74.55,0.0279091074639519
74.5599999999999,0.0279876264060373
74.57,0.0280666278572652
74.58,0.0281461141233048
74.59,0.0282260875304067
74.6,0.0283065504288294
74.61,0.0283875051880398
74.62,0.0284689541943018
74.63,0.0285508998575023
74.64,0.0286333446085537
74.65,0.0287162908994755
74.66,0.028799741203475
74.67,0.028883698015029
74.6799999999999,0.0289681638499647
74.69,0.0290531412455414
74.7,0.0291386327605296
74.71,0.0292246409952945
74.72,0.0293111685667597
74.73,0.0293982180830641
74.74,0.0294857921932488
74.75,0.0295738935685964
74.76,0.0296625249027256
74.77,0.0297516889116856
74.78,0.0298413883340505
74.79,0.0299316259310133
74.8,0.030022404486481
74.8099999999999,0.0301137268071682
74.82,0.0302055957762436
74.83,0.0302980142989127
74.84,0.0303909852010169
74.85,0.0304845113914481
74.86,0.0305785958033267
74.87,0.0306732413941384
74.88,0.0307684511458645
74.89,0.0308642280651162
74.9,0.0309605751832675
74.91,0.031057495556588
74.92,0.0311549922663767
74.9299999999999,0.0312530684288544
74.94,0.0313517271881592
74.95,0.0314509716906456
74.96,0.0315508051210768
74.97,0.031651230690103
74.98,0.0317522516344001
74.99,0.0318538712168148
75,0.0319560927265026
75.01,0.0320589194790699
75.02,0.0321623548167147
75.03,0.0322664021083677
75.04,0.0323710647542925
75.05,0.0324763461845331
75.0599999999999,0.0325822498431396
75.07,0.0326887792084136
75.08,0.0327959377861908
75.09,0.0329037291099895
75.1,0.0330121567411539
75.11,0.0331212242689973
75.12,0.0332309353109506
75.13,0.0333412935127051
75.14,0.033452302548358
75.15,0.0335639661591641
75.16,0.033676288156077
75.17,0.0337892722373698
75.1799999999999,0.0339029222023116
75.19,0.0340172418802686
75.2,0.0341322351308865
75.21,0.0342479058442791
75.22,0.0343642579412104
75.23,0.0344812953732779
75.24,0.0345990221231007
75.25,0.0347174422045017
75.26,0.0348365596930423
75.27,0.0349563787381794
75.28,0.0350769033819716
75.29,0.0351981377699061
75.3,0.0353200860799642
75.3099999999999,0.0354427525228175
75.32,0.0355661413420243
75.33,0.0356902568142234
75.34,0.0358151032493346
75.35,0.0359406849907522
75.36,0.0360670064155396
75.37,0.0361940719346296
75.38,0.0363218859930174
75.39,0.036450453069958
75.4,0.0365797776791619
75.41,0.0367098644705259
75.42,0.0368407180451817
75.4299999999999,0.0369723429603584
75.44,0.0371047438774119
75.45,0.0372379254937021
75.46,0.0373718925428108
75.47,0.0375066497947541
75.48,0.0376422020561935
75.49,0.0377785541706545
75.5,0.037915711018738
75.51,0.0380536775183346
75.52,0.0381924586248387
75.53,0.0383320593313627
75.54,0.0384724846689505
75.55,0.038613739706792
75.5599999999999,0.0387558299252979
75.57,0.0388987602753817
75.58,0.0390425359050381
75.59,0.0391871620567943
75.6,0.0393326440137259
75.61,0.0394789870997098
75.62,0.0396261966796842
75.63,0.0397742781599006
75.64,0.0399232369881801
75.65,0.0400730786541685
75.66,0.0402238086895916
75.67,0.0403754326685107
75.6799999999999,0.0405279562075773
75.69,0.0406813849662901
75.7,0.0408357247099177
75.71,0.0409909815472944
75.72,0.0411471609782093
75.73,0.0413042688548127
75.74,0.0414623110747586
75.75,0.0416212935814998
75.76,0.0417812223645882
75.77,0.0419421034599736
75.78,0.0421039429503024
75.79,0.0422667469652171
75.8,0.0424305216816547
75.8099999999999,0.0425952733241459
75.82,0.0427610081651152
75.83,0.0429277325251756
75.84,0.0430954527734339
75.85,0.0432641754915209
75.86,0.0434339072656034
75.87,0.0436046544489238
75.88,0.0437764236237681
75.89,0.0439492214235884
75.9,0.0441230545333397
75.91,0.0442979296898156
75.92,0.0444738536819843
75.9299999999999,0.0446508333513247
75.94,0.0448288755921637
75.95,0.0450079873520076
75.96,0.0451881756318849
75.97,0.0453694474866787
75.98,0.0455518100254603
75.99,0.0457352704118306
76,0.0459198362535677
76.01,0.0461055147056355
76.02,0.046292312997623
76.03,0.0464802385373723
76.04,0.0466692987905707
76.05,0.046859501281138
76.0599999999999,0.0470508535916135
76.07,0.0472433633635438
76.08,0.0474370382978657
76.09,0.0476318861552998
76.1,0.047827914756734
76.11,0.0480251319836071
76.12,0.0482235457783029
76.13,0.0484231641445322
76.14,0.048623995165335
76.15,0.0488260476021161
76.16,0.0490293291823617
76.17,0.0492338481852067
76.1799999999999,0.0494396129549923
76.19,0.0496466319017147
76.2,0.0498549135014702
76.21,0.0500644662969103
76.22,0.0502752988976875
76.23,0.0504874199809
76.24,0.0507008382915479
76.25,0.0509155626429772
76.26,0.0511316019173297
76.27,0.0513489650659917
76.28,0.0515676611100427
76.29,0.0517876993549533
76.3,0.0520090893239381
76.3099999999999,0.0522318398891526
76.32,0.0524559603842663
76.33,0.0526814602170273
76.34,0.0529083488697857
76.35,0.0531366359000067
76.36,0.0533663309407827
76.37,0.0535974437013577
76.38,0.0538299839676381
76.39,0.0540639616027107
76.4,0.0542993865473591
76.41,0.0545362688205795
76.42,0.0547746185200978
76.4299999999999,0.0550144458228853
76.44,0.0552557614751373
76.45,0.055498575813068
76.46,0.0557428990228103
76.47,0.0559887416379459
76.48,0.0562361142763708
76.49,0.0564850276408975
76.5,0.0567354925198438
76.51,0.0569875197876287
76.52,0.0572411204053657
76.53,0.0574963054214574
76.54,0.05775308597219
76.55,0.0580114732823264
76.5599999999999,0.0582714786657014
76.57,0.0585331135258167
76.58,0.0587963893564291
76.59,0.0590613186905151
76.6,0.0593279126321715
76.61,0.0595961829097473
76.62,0.059866141428372
76.63,0.0601378001895751
76.64,0.0604111712919801
76.65,0.0606862669319962
76.66,0.0609630994045113
76.67,0.0612416811035835
76.6799999999999,0.0615220245231339
76.69,0.0618041422576402
76.7,0.0620880470028222
76.71,0.0623737515563444
76.72,0.0626612688185027
76.73,0.0629506119169416
76.74,0.0632417944598914
76.75,0.0635348293002484
76.76,0.063829729802297
76.77,0.0641265094407622
76.78,0.0644251818016754
76.79,0.064725760583241
76.8,0.0650282595967024
76.8099999999999,0.0653326927672085
76.82,0.065639074134681
76.83,0.0659474178546747
76.84,0.0662577381992532
76.85,0.0665700498843597
76.86,0.0668843673013165
76.87,0.0672007050405334
76.88,0.0675190778779161
76.89,0.0678395007128471
76.9,0.0681619885691553
76.91,0.0684865565960853
76.92,0.0688132200692671
76.9299999999999,0.0691419943916852
76.94,0.0694728950946501
76.95,0.0698059378387601
76.96,0.0701411385271144
76.97,0.0704785131957583
76.98,0.0708180777887472
76.99,0.0711598485135725
77,0.0715038417137142
77.01,0.0718500738696849
77.02,0.072198561600073
77.03,0.0725493216625855
77.04,0.0729023709550908
77.05,0.0732577265166613
77.0599999999999,0.0736154055286167
77.07,0.0739754253237986
77.08,0.0743378037069774
77.09,0.0747025581111378
77.1,0.0750697063334175
77.11,0.0754392663226945
77.12,0.0758112561808574
77.13,0.0761856941640545
77.14,0.0765625986839532
77.15,0.076941988308997
77.16,0.077323881777201
77.17,0.0777082982120381
77.1799999999999,0.0780952565303957
77.19,0.0784847759671305
77.2,0.0788768759232983
77.21,0.0792715759675813
77.22,0.0796688958376958
77.23,0.0800688554418003
77.24,0.080471474859923
77.25,0.0808767743571739
77.26,0.0812847745197892
77.27,0.0816954958649304
77.28,0.082108959192716
77.29,0.0825251854843701
77.3,0.0829441959037449
77.3099999999999,0.0833660117988444
77.32,0.0837906547033486
77.33,0.0842181463381275
77.34,0.084648508624729
77.35,0.0850817637884083
77.36,0.0855179340701753
77.37,0.08595704197933
77.38,0.0863991102235744
77.39,0.086844161710761
77.4,0.0872922195506389
77.41,0.087743307066817
77.42,0.0881974478665187
77.4299999999999,0.088654665639981
77.44,0.0891149843396796
77.45,0.0895784281313086
77.46,0.0900450213957045
77.47,0.0905147887307459
77.48,0.0909877549741351
77.49,0.0914639453082946
77.5,0.0919433849016897
77.51,0.0924260992238211
77.52,0.0929121139578255
77.53,0.0934014550004752
77.54,0.0938941484621783
77.55,0.0943902215606136
77.5599999999999,0.0948897004753154
77.57,0.095392612072254
77.58,0.095898983454475
77.59,0.0964088419504423
77.6,0.0969222151140286
77.61,0.0974391315693793
77.62,0.0979596192154248
77.63,0.0984837062891738
77.64,0.0990114214077461
77.65,0.0995427934276449
77.66,0.100077851444757
77.67,0.100616625565115
77.6799999999999,0.101159145584605
77.69,0.101705441186226
77.7,0.102255542613692
77.71,0.102809480366801
77.72,0.103367285201428
77.73,0.103928988722472
77.74,0.104494622775236
77.75,0.10506421860827
77.76,0.105637808203617
77.77,0.106215423817363
77.78,0.106797097979634
77.79,0.107382863887958
77.8,0.107972755545444
77.8099999999999,0.108566805890249
77.82,0.109165048757027
77.83,0.109767518273282
77.84,0.11037424885939
77.85,0.110985275422528
77.86,0.11160063423948
77.87,0.112220360058741
77.88,0.112844488687393
77.89,0.113473056245118
77.9,0.114106099164192
77.91,0.114743654189493
77.92,0.115385760333642
77.9299999999999,0.11603245404344
77.94,0.116683773219598
77.95,0.117339756101478
77.96,0.118000441260226
77.97,0.118665867598755
77.98,0.119336074717188
77.99,0.120011104302172
78,0.120690995191598
78.01,0.121375787921544
78.02,0.122065523385565
78.03,0.122760242834692
78.04,0.123459987877427
78.05,0.124164801384861
78.0599999999999,0.124874727465979
78.07,0.125589807835479
78.08,0.126310085894346
78.09,0.127035605431056
78.1,0.127766410621572
78.11,0.128502546029322
78.12,0.129244058130686
78.13,0.129990993355618
78.14,0.130743396722892
78.15,0.131501314739274
78.16,0.132264794331108
78.17,0.133033882844309
78.1799999999999,0.133808628044368
78.19,0.134589080401382
78.2,0.135375288723192
78.21,0.136167301665697
78.22,0.136965169100651
78.23,0.137768941353786
78.24,0.138578669204841
78.25,0.139394403887543
78.26,0.140216200426925
78.27,0.141044110005746
78.28,0.141878185290957
78.29,0.142718479817143
78.3,0.143565047611337
78.3099999999999,0.144417943193015
78.32,0.145277221739707
78.33,0.146142942882163
78.34,0.147015160622549
78.35,0.147893931950975
78.36,0.148779314392479
78.37,0.149671366007057
78.38,0.150570145389644
78.39,0.151475712555272
78.4,0.152388130722789
78.41,0.153307458280707
78.42,0.15423375652448
78.4299999999999,0.155167087331384
78.44,0.156107513160528
78.45,0.157055097052832
78.46,0.158009904470239
78.47,0.158972002334768
78.48,0.15994145390654
78.49,0.160918325186995
78.5,0.16190268281157
78.51,0.162894594049701
78.52,0.163894126804826
78.53,0.164901352706252
78.54,0.165916342429603
78.55,0.166939164688336
78.5599999999999,0.167969890639255
78.57,0.169008592131441
78.58,0.170055341706225
78.59,0.171110212597224
78.6,0.172173283353216
78.61,0.173244628393909
78.62,0.174324322579736
78.63,0.175412442710951
78.64,0.17650906634395
78.65,0.177614271791268
78.66,0.178728138121578
78.67,0.179850752480916
78.6799999999999,0.180982192524515
78.69,0.182122539961989
78.7,0.18327187778621
78.71,0.184430289814391
78.72,0.185597860688058
78.73,0.186774675873035
78.74,0.187960828533807
78.75,0.189156405349895
78.76,0.190361493430521
78.77,0.191576182617852
78.78,0.192800563661275
78.79,0.194034728217397
78.8,0.195278768850044
78.8099999999999,0.196532784815505
78.82,0.19779687329649
78.83,0.199071127270983
78.84,0.200355644164121
78.85,0.201650522404278
78.86,0.20295586142304
78.87,0.204271761655249
78.88,0.205598327695275
78.89,0.206935667476589
78.9,0.208283882113996
78.91,0.209643077540443
78.92,0.211013360829112
78.9299999999999,0.212394840193424
78.94,0.213787627568088
78.95,0.215191837285818
78.96,0.216607579342395
78.97,0.218034967631593
78.98,0.219474117290373
78.99,0.220925144698931
79,0.222388170188244
79.01,0.223863316060026
79.02,0.225350700947728
79.03,0.226850447292486
79.04,0.228362678878465
79.05,0.229887520832857
79.0599999999999,0.23142510311296
79.07,0.232975557290089
79.08,0.234539010892026
79.09,0.236115595722639
79.1,0.237705445048162
79.11,0.239308693597177
79.12,0.240925482037795
79.13,0.242555952094882
79.14,0.244200241102472
79.15,0.245858491204214
79.16,0.247530846148956
79.17,0.249217451290738
79.1799999999999,0.250918458953526
79.19,0.252634021778694
79.2,0.254364288130322
79.21,0.256109411542999
79.22,0.257869547316613
79.23,0.259644852516312
79.24,0.261435490935153
79.25,0.263241626973448
79.26,0.265063422432987
79.27,0.26690104394074
79.28,0.268754660293145
79.29,0.270624442483849
79.3,0.272510563731452
79.3099999999999,0.274413201487546
79.32,0.276332534059103
79.33,0.278268741310144
79.34,0.280222006260355
79.35,0.282192514381875
79.36,0.284180453632391
79.37,0.286186014488344
79.38,0.288209391481074
79.39,0.290250780251748
79.4,0.292310379041273
79.41,0.294388389138598
79.42,0.296485014574445
79.4299999999999,0.29860046215791
79.44,0.300734941513071
79.45,0.302888667334181
79.46,0.305061854577358
79.47,0.307254721726401
79.48,0.309467490554702
79.49,0.311700385907029
79.5,0.31395363574048
79.51,0.316227471165491
79.52,0.318522130107271
79.53,0.320837848857161
79.54,0.323174868786761
79.55,0.325533434785561
79.5599999999999,0.327913795206536
79.57,0.330316201913426
79.58,0.332740910540454
79.59,0.335188184251347
79.6,0.337658284088605
79.61,0.34015147720697
79.62,0.342668034624094
79.63,0.345208231275055
79.64,0.347772346066936
79.65,0.350360662520451
79.66,0.352973471477447
79.67,0.355611062575517
79.6799999999999,0.358273731975038
79.69,0.360961780202637
79.7,0.363675512213304
79.71,0.366415237452652
79.72,0.369181271001699
79.73,0.371973935149161
79.74,0.374793551736108
79.75,0.377640449716038
79.76,0.380514962979633
79.77,0.383417430425384
79.78,0.38634819603021
79.79,0.389307610749954
79.8,0.392296032567854
79.8099999999999,0.395313819692591
79.82,0.398361338236188
79.83,0.401438959904718
79.84,0.404547062079091
79.85,0.407686027895682
79.86,0.410856248989945
79.87,0.414058123411621
79.88,0.417292050819482
79.89,0.420558439432578
79.9,0.423857703810207
79.91,0.427190264943745
79.92,0.430556550348488
79.9299999999999,0.433956997687494
79.94,0.437392050162524
79.95,0.440862154512535
79.96,0.444367766615058
79.97,0.447909349524204
79.98,0.451487373574269
79.99,0.455102316483511
80,0.458754668172332
80.01,0.4624449228833
80.02,0.466173580592405
80.03,0.469941151096498
80.04,0.473748152309177
80.05,0.47759511037748
80.0599999999999,0.481482559798582
80.07,0.485411050155275
80.08,0.489381133249588
80.09,0.493393369318187
80.1,0.497448329237393
80.11,0.501546593073112
80.12,0.505688750213135
80.13,0.509875399499202
80.14,0.514107156600839
80.15,0.518384638446598
80.16,0.522708473624564
80.17,0.527079301841801
80.1799999999999,0.5314977731625
80.19,0.535964548154709
80.2,0.54048029803694
80.21,0.545045710996397
80.22,0.549661477941938
80.23,0.554328303838635
80.24,0.559046905275543
80.25,0.563818010406924
80.26,0.568642359109792
80.27,0.573520703368226
80.28,0.578453812146025
80.29,0.58344245938789
80.3,0.588487434395663
80.3099999999999,0.593589539124759
80.32,0.598749588350748
80.33,0.603968409835784
80.34,0.609246845058952
80.35,0.614585752187842
80.36,0.619985997389175
80.37,0.625448462869147
80.38,0.630974044776624
80.39,0.636563653377453
80.4,0.642218213228743
80.41,0.647938663009998
80.42,0.653725955032574
80.4299999999999,0.659581058081623
80.44,0.6655049551608
80.45,0.671498644356053
80.46,0.677563139004213
80.47,0.683699464478455
80.48,0.68990866214272
80.49,0.696191792330278
80.5,0.702549929105854
80.51,0.708984162295521
80.52,0.715495597631338
80.53,0.722085346780578
80.54,0.728754548006063
80.55,0.735504353765857
80.5599999999999,0.742335931266708
80.57,0.749250463752661
80.58,0.756249148421882
80.59,0.763333185143697
80.6,0.770503809785316
80.61,0.777762266031761
80.62,0.78510981328916
80.63,0.792547726726333
80.64,0.800077286223488
80.65,0.807699783087374
80.66,0.815416542365424
80.67,0.823228894841684
80.6799999999999,0.831138185931746
80.69,0.839145775627844
80.7,0.847253008512595
80.71,0.855461268288229
80.72,0.863771954567578
80.73,0.872186472966452
80.74,0.880706241388588
80.75,0.889332687009997
80.76,0.89806719628909
80.77,0.906911237264519
80.78,0.915866260054334
80.79,0.92493372342815
80.8,0.934115094413092
80.8099999999999,0.943411824394463
80.82,0.952825344581255
80.83,0.962357154344277
80.84,0.972008728591497
80.85,0.981781544868041
80.86,0.991677082696774
80.87,1.00169676144959
80.88,1.01184203577493
80.89,1.02211438387932
80.9,1.03251525775346
80.91,1.04304610324014
80.92,1.05370835903167
80.9299999999999,1.06450336640886
80.94,1.07543255256192
80.95,1.08649729624166
80.96,1.09769895615417
80.97,1.10903885834667
80.98,1.12051827627206
80.99,1.13213850420973
81,1.14390078889084
81.01,1.15580634592436
81.02,1.16785632969502
81.03,1.18005186486364
81.04,1.19239405444878
81.05,1.20488394762231
81.0599999999999,1.21752254800161
81.07,1.23031074818941
81.08,1.24324945593082
81.09,1.25633950114648
81.1,1.26958165154832
81.11,1.2829765965821
81.12,1.29652491838279
81.13,1.31022718783892
81.14,1.32408387504243
81.15,1.33809536978839
81.16,1.35226194861241
81.17,1.36658380492488
81.1799999999999,1.38106106037888
81.19,1.3956937266357
81.2,1.41048171368764
81.21,1.42542479535461
81.22,1.44052266740813
81.23,1.4557749014847
81.24,1.47118094874298
81.25,1.48674013580476
81.26,1.50245165797937
81.27,1.51831458519479
81.28,1.53432784947659
81.29,1.5504902432782
81.3,1.56680042857171
81.3099999999999,1.58325691891902
81.32,1.59985806707466
81.33,1.61660207782958
81.34,1.63348699848268
81.35,1.65051077331102
81.36,1.66767112422969
81.37,1.68496562360797
81.38,1.70239167917228
81.39,1.71994654747929
81.4,1.73762737883236
81.41,1.75543105414065
81.42,1.77335431802635
81.4299999999999,1.79139373905096
81.44,1.80954577950394
81.45,1.82780672098548
81.46,1.84617260443004
81.47,1.86463932893202
81.48,1.88320261649677
81.49,1.90185816899322
81.5,1.92060135711305
81.51,1.93942741709446
81.52,1.95833142614757
81.53,1.97730832662982
81.54,1.99635302466363
81.55,2.01546007951228
81.5599999999999,2.03462396521536
81.57,2.05383900069389
81.58,2.07309945133929
81.59,2.09239943797759
81.6,2.11173284221161
81.61,2.13109346047302
81.62,2.15047495670677
81.63,2.16987104226942
81.64,2.1892751377555
81.65,2.20868058567017
81.66,2.22808063613979
81.67,2.2474684677673
81.6799999999999,2.26683729351691
81.69,2.2861800599505
81.7,2.30548970566826
81.71,2.32475909800895
81.72,2.34398109601579
81.73,2.36314852583376
81.74,2.38225410842085
81.75,2.40129055919062
81.76,2.42025059078806
81.77,2.43912689075928
81.78,2.45791213105308
81.79,2.47659898900272
81.8,2.49518016362866
81.8099999999999,2.51364835933164
81.82,2.5319963073825
81.83,2.55021677467377
81.84,2.56830260296315
81.85,2.58624665066888
81.86,2.60404184919455
81.87,2.62168120593768
81.88,2.63915783226255
81.89,2.65646489897176
81.9,2.67359568699556
81.91,2.69054358737713
81.92,2.70730211078725
81.9299999999999,2.72386489084809
81.94,2.74022569833253
81.95,2.75637843823779
81.96,2.77231716731097
81.97,2.78803611114834
81.98,2.80352966034903
81.99,2.81879236059851
82,2.8338189538914
82.01,2.84860437723544
82.02,2.863143763449
82.03,2.8774324113037
82.04,2.89146587280628
82.05,2.90523990806828
82.0599999999999,2.91875050332923
82.07,2.93199380857596
82.08,2.94496627943174
82.09,2.95766459469556
82.1,2.97008568019657
82.11,2.98222661900415
82.12,2.99408484354209
82.13,3.00565801847095
82.14,3.01694406914888
82.15,3.02794106705272
82.16,3.03864746599984
82.17,3.04906195420458
82.1799999999999,3.05918348597881
82.19,3.06901114954597
82.2,3.07854443278706
82.21,3.08778305390997
82.22,3.09672699417834
82.23,3.10537635394942
82.24,3.11373163595468
82.25,3.12179356232545
82.26,3.12956310664553
82.27,3.13704134325172
82.28,3.1442297378579
82.29,3.1511299575139
82.3,3.15774390065442
82.3099999999999,3.16407354753504
82.32,3.17012124302038
82.33,3.17588950931029
82.34,3.18138107233076
82.35,3.18659872418311
82.36,3.1915455775266
82.37,3.19622489441088
82.38,3.20064010709711
82.39,3.20479470288935
82.4,3.20869243076246
82.41,3.21233715886995
82.42,3.21573288835711
82.4299999999999,3.21888366535853
82.44,3.22179373329453
82.45,3.2244674226553
82.46,3.22690915837483
82.47,3.22912340794227
82.48,3.23111475247309
82.49,3.23288783947777
82.5,3.23444736938952
82.51,3.23579808088498
82.52,3.23694475797364
82.53,3.23789221710404
82.54,3.23864529316482
82.55,3.2392088500478
82.5599999999999,3.2395877514225
82.57,3.23978684744546
82.58,3.2398109811106
82.59,3.2396650069536
82.6,3.23935375713677
82.61,3.23888199948129
82.62,3.23825447636014
82.63,3.23747591838349
82.64,3.23655102772539
82.65,3.23548439499608
82.66,3.23428057208052
82.67,3.23294407491321
82.6799999999999,3.23147939394234
82.69,3.22989086873732
82.7,3.228182791049
82.71,3.22635939491134
82.72,3.22442489633332
82.73,3.22238333112124
82.74,3.22023868186745
82.75,3.21799485568439
82.76,3.21565574894158
82.77,3.21322506133502
82.78,3.2107064361771
82.79,3.20810342867875
82.8,3.20541958623403
82.8099999999999,3.20265825740881
82.82,3.19982273195059
82.83,3.19691620458987
82.84,3.19394186010745
82.85,3.19090269399737
82.86,3.18780164102875
82.87,3.18464154188627
82.88,3.18142521179917
82.89,3.17815530882466
82.9,3.17483441913163
82.91,3.17146504241897
82.92,3.16804963655808
82.9299999999999,3.16459053732884
82.94,3.16108999931641
82.95,3.15755019953994
82.96,3.15397326279052
82.97,3.15036121851968
82.98,3.1467160136297
82.99,3.14303952538399
83,3.13933357343558
83.01,3.13559990157446
83.02,3.13184017551496
83.03,3.128055998254
83.04,3.12424891434273
83.05,3.12042040529959
83.0599999999999,3.11657188315491
83.07,3.11270470323844
83.08,3.10882016522163
83.09,3.10491951411184
83.1,3.10100393561424
83.11,3.09707456441213
83.12,3.09313248339577
83.13,3.08917872501832
83.14,3.08521427506317
83.15,3.08124007243632
83.16,3.07725701086391
83.17,3.07326593957541
83.1799999999999,3.06926766822146
83.19,3.06526296582713
83.2,3.06125256195763
83.21,3.05723714274999
83.22,3.05321736678331
83.23,3.04919385550323
83.24,3.04516719676344
83.25,3.04113793581181
83.26,3.03710660123696
83.27,3.03307368763848
83.28,3.02903966195401
83.29,3.02500495568408
83.3,3.02096997649397
83.3099999999999,3.01693511414851
83.32,3.01290073146007
83.33,3.00886716736833
83.34,3.00483472448456
83.35,3.00080370395194
83.36,2.99677438033275
83.37,2.99274700964878
83.38,2.98872182052657
83.39,2.9846990278091
83.4,2.98067883558701
83.41,2.97666142919863
83.42,2.97264697756032
83.4299999999999,2.96863562371454
83.44,2.96462751309793
83.45,2.9606227726767
83.46,2.95662151758246
83.47,2.95262384257659
83.48,2.94862983586193
83.49,2.9446395792096
83.5,2.94065314211584
83.51,2.93667058304164
83.52,2.9326919422063
83.53,2.92871726486461
83.54,2.92474658359212
83.55,2.92077992383542
83.5599999999999,2.91681729574868
83.57,2.91285870842033
83.58,2.90890416722656
83.59,2.90495366986514
83.6,2.90100720869294
83.61,2.89706475847904
83.62,2.89312630493312
83.63,2.88919182391163
83.64,2.88526128738888
83.65,2.88133466068728
83.66,2.87741190007967
83.67,2.87349296866893
83.6799999999999,2.86957782259318
83.69,2.86566641540387
83.7,2.86175869289319
83.71,2.8578546003966
83.72,2.85395408455845
83.73,2.85005708817991
83.74,2.84616355252717
83.75,2.84227341013901
83.76,2.83838660029831
83.77,2.83450305885083
83.78,2.83062272041983
83.79,2.82674551760506
83.8,2.82287137789141
83.8099999999999,2.81900023485804
83.82,2.81513201907718
83.83,2.81126666085994
83.84,2.80740408750186
83.85,2.80354422603331
83.86,2.79968700659259
83.87,2.7958323578442
83.88,2.79198020867721
83.89,2.78813048369906
83.9,2.78428311249408
83.91,2.78043802444049
83.92,2.77659514890944
83.9299999999999,2.77275441593223
83.94,2.76891575252681
83.95,2.76507908790511
83.96,2.76124435445212
83.97,2.75741148384816
83.98,2.75358040867335
83.99,2.74975106042157
84,2.74592336968544
84.01,2.7420972726785
84.02,2.73827270451965
84.03,2.7344496013449
84.04,2.73062789982251
84.05,2.72680753474724
84.0599999999999,2.72298844632648
84.07,2.71917057417513
84.08,2.71535385903104
84.09,2.71153824280544
84.1,2.70772366587559
84.11,2.70391007301435
84.12,2.70009740917798
84.13,2.69628562044085
84.14,2.69247465412205
84.15,2.68866445669989
84.16,2.68485497735406
84.17,2.68104616698507
84.1799999999999,2.67723797717197
84.19,2.6734303607288
84.2,2.66962327058211
84.21,2.66581666065144
84.22,2.66201048760618
84.23,2.65820470853451
84.24,2.65439928170829
84.25,2.65059416628192
84.26,2.6467893218665
84.27,2.64298471058434
84.28,2.63918029516747
84.29,2.63537603951595
84.3,2.63157190870294
84.3099999999999,2.62776786874071
84.32,2.6239638868439
84.33,2.62015993165638
84.34,2.61635597285457
84.35,2.61255198128966
84.36,2.60874792899101
84.37,2.60494378620008
84.38,2.60113952713183
84.39,2.59733512691577
84.4,2.59353056121817
84.41,2.58972580671782
84.42,2.5859208411227
84.4299999999999,2.58211564353721
84.44,2.57831019350784
84.45,2.57450447178515
84.46,2.57069846010545
84.47,2.5668921411829
84.48,2.56308549837628
84.49,2.55927851553918
84.5,2.55547117843774
84.51,2.55166347330724
84.52,2.54785538726787
84.53,2.54404690831293
84.54,2.54023802526952
84.55,2.53642872782423
84.5599999999999,2.53261900651937
84.57,2.52880885270873
84.58,2.52499825855804
84.59,2.52118721703286
84.6,2.51737572243737
84.61,2.51356376926185
84.62,2.50975135290497
84.63,2.50593846960056
84.64,2.50212511635337
84.65,2.49831129072538
84.66,2.49449698969463
84.67,2.49068221314155
84.6799999999999,2.48686696074262
84.69,2.48305123285013
84.7,2.47923503047962
84.71,2.47541835529707
84.72,2.4716012095695
84.73,2.46778359597958
84.74,2.46396551816841
84.75,2.46014698022609
84.76,2.45632798682239
84.77,2.45250854319363
84.78,2.44868865512956
84.79,2.44486832880211
84.8,2.44104757012291
84.8099999999999,2.43722638684529
84.82,2.43340478664007
84.83,2.42958277763643
84.84,2.42576036840686
84.85,2.42193756795222
84.86,2.41811438624318
84.87,2.41429083608548
84.88,2.41046692646581
84.89,2.40664266860068
84.9,2.40281807415547
84.91,2.3989931552354
84.92,2.39516792437645
84.9299999999999,2.39134239441813
84.94,2.38751657815556
84.95,2.38369048959526
84.96,2.37986414277755
84.97,2.37603755210954
84.98,2.37221073235494
84.99,2.36838369862372
85,2.36455646636802
85.01,2.36072905138635
85.02,2.35690146975572
85.03,2.35307373787535
85.04,2.34924587244061
85.05,2.34541789043285
85.0599999999999,2.34158980910922
85.07,2.33776164601837
85.08,2.33393341904298
85.09,2.33010514616449
85.1,2.32627684566605
85.11,2.32244853605947
85.12,2.31862023607509
85.13,2.31479196465195
85.14,2.3109637412821
85.15,2.30713558656844
85.16,2.30330751944695
85.17,2.29947955987155
85.1799999999999,2.29565172799395
85.19,2.29182404415598
85.2,2.28799652888201
85.21,2.28416920287115
85.22,2.28034208737931
85.23,2.27651520333192
85.24,2.27268857193613
85.25,2.2688622145923
85.26,2.26503615284771
85.27,2.26121040838955
85.28,2.25738500303782
85.29,2.25355995908538
85.3,2.2497352988692
85.3099999999999,2.24591104443291
85.32,2.24208721818168
85.33,2.23826384263521
85.34,2.23444094042147
85.35,2.23061853427073
85.36,2.2267966470662
85.37,2.22297530209773
85.38,2.21915452220145
85.39,2.21533433052655
85.4,2.211514750304
85.41,2.207695804841
85.42,2.20387751751551
85.4299999999999,2.20005991177072
85.44,2.19624301143076
85.45,2.19242684002363
85.46,2.18861142115599
85.47,2.18479677854979
85.48,2.18098293597447
85.49,2.17716991724195
85.5,2.17335774620173
85.51,2.16954644696106
85.52,2.16573604372268
85.53,2.16192656028263
85.54,2.15811802068974
85.55,2.15431044901919
85.5599999999999,2.15050386936837
85.57,2.14669830585264
85.58,2.14289378262818
85.59,2.13909032429447
85.6,2.13528795479501
85.61,2.13148669835271
85.62,2.12768657919851
85.63,2.12388762156793
85.64,2.12008984969752
85.65,2.11629328782137
85.66,2.11249796039333
85.67,2.1087038916514
85.6799999999999,2.10491110577597
85.69,2.10111962700917
85.7,2.09732947957996
85.71,2.09354068770095
85.72,2.08975327556529
85.73,2.08596726734741
85.74,2.08218268755077
85.75,2.07839956012682
85.76,2.07461790921093
85.77,2.0708377589103
85.78,2.06705913330126
85.79,2.06328205642652
85.8,2.05950655229244
85.8099999999999,2.05573264498481
85.82,2.05196035870294
85.83,2.0481897171932
85.84,2.04442074435391
85.85,2.04065346404196
85.86,2.0368879000706
85.87,2.03312407620713
85.88,2.02936201617067
85.89,2.02560174382749
85.9,2.02184328285721
85.91,2.01808665677737
85.92,2.01433188914483
85.9299999999999,2.01057900346389
85.94,2.00682802318443
85.95,2.00307897170012
85.96,1.99933187234641
85.97,1.9955867485969
85.98,1.99184362359306
85.99,1.98810252050394
86,1.98436346244803
86.01,1.98062647248068
86.02,1.97689157359249
86.03,1.97315878870766
86.04,1.9694281407261
86.05,1.96569965259441
86.0599999999999,1.96197334695117
86.07,1.9582492464709
86.08,1.95452737375794
86.09,1.95080775134497
86.1,1.94709040169163
86.11,1.94337534718326
86.12,1.93966261024726
86.13,1.93595221318986
86.14,1.93224417812226
86.15,1.9285385271549
86.16,1.92483528232167
86.17,1.9211344655788
86.1799999999999,1.91743609880374
86.19,1.91374020379401
86.2,1.91004680243184
86.21,1.90635591630742
86.22,1.9026675669744
86.23,1.89898177592757
86.24,1.89529856457955
86.25,1.89161795425993
86.26,1.88793996621435
86.27,1.88426462160351
86.28,1.88059194160307
86.29,1.87692194720953
86.3,1.87325465930726
86.3099999999999,1.86959009872927
86.32,1.86592828622153
86.33,1.86226924244224
86.34,1.85861298796097
86.35,1.85495954325783
86.36,1.85130892881897
86.37,1.84766116500524
86.38,1.84401627198205
86.39,1.84037426989097
86.4,1.83673517878348
86.41,1.83309901862037
86.42,1.82946580927111
86.4299999999999,1.82583557051323
86.44,1.8222083220926
86.45,1.81858408370388
86.46,1.81496287478737
86.47,1.81134471477165
86.48,1.80772962299346
86.49,1.80411761869706
86.5,1.80050872103393
86.51,1.79690294906224
86.52,1.7933003217609
86.53,1.78970085806265
86.54,1.78610457671072
86.55,1.78251149639629
86.5599999999999,1.77892163571633
86.57,1.77533501317317
86.58,1.77175164717427
86.59,1.76817155603163
86.6,1.76459475796426
86.61,1.76102127115826
86.62,1.75745111360468
86.63,1.75388430323909
86.64,1.75032085790092
86.65,1.7467607953331
86.66,1.74320413318182
86.67,1.7396508889961
86.6799999999999,1.73610108022758
86.69,1.73255472435031
86.7,1.72901183858071
86.71,1.72547244008164
86.72,1.72193654593114
86.73,1.71840417311066
86.74,1.71487533850467
86.75,1.71135005890057
86.76,1.7078283509885
86.77,1.70431023143048
86.78,1.70079571671982
86.79,1.69728482324506
86.8,1.69377756731838
86.8099999999999,1.69027396515529
86.82,1.68677403287446
86.83,1.68327778649766
86.84,1.67978524194956
86.85,1.67629641506315
86.86,1.67281132157861
86.87,1.669329977123
86.88,1.66585239723385
86.89,1.66237859735132
86.9,1.65890859281811
86.91,1.65544239887932
86.92,1.65198003068238
86.9299999999999,1.64852150327694
86.94,1.64506683168676
86.95,1.64161603073112
86.96,1.63816911517345
86.97,1.63472609968108
86.98,1.63128699882423
86.99,1.62785182707593
87,1.62442059881197
87.01,1.62099332831085
87.02,1.61757002981928
87.03,1.61415071744186
87.04,1.61073540514569
87.05,1.60732410683486
87.0599999999999,1.60391683631777
87.07,1.60051360730721
87.08,1.59711443342041
87.09,1.59371932817905
87.1,1.59032830501054
87.11,1.58694137725002
87.12,1.58355855813056
87.13,1.58017986079298
87.14,1.57680529828293
87.15,1.57343488355093
87.16,1.57006862945243
87.17,1.56670654874785
87.1799999999999,1.56334865410263
87.19,1.55999495807206
87.2,1.55664547313644
87.21,1.55330021167636
87.22,1.54995918597553
87.23,1.54662240822274
87.24,1.54328989051176
87.25,1.53996164484149
87.26,1.53663768311597
87.27,1.5333180171935
87.28,1.53000265882879
87.29,1.5266916196146
87.3,1.52338491109015
87.3099999999999,1.52008254470176
87.32,1.51678453180291
87.33,1.51349088365448
87.34,1.51020161142475
87.35,1.50691672619601
87.36,1.50363623900923
87.37,1.50036016072618
87.38,1.49708850215436
87.39,1.49382127401041
87.4,1.49055848692023
87.41,1.48730015141923
87.42,1.4840462779525
87.4299999999999,1.48079687687495
87.44,1.47755195839765
87.45,1.47431153269211
87.46,1.47107560984441
87.47,1.46784419983551
87.48,1.46461731255508
87.49,1.46139495780139
87.5,1.45817714528145
87.51,1.45496388468997
87.52,1.45175518553516
87.53,1.44855105725848
87.54,1.4453515092208
87.55,1.44215655069457
87.5599999999999,1.43896619086401
87.57,1.43578043882572
87.58,1.43259930362294
87.59,1.42942279416285
87.6,1.42625091928511
87.61,1.4230836877432
87.62,1.41992110820458
87.63,1.41676318925105
87.64,1.4136099393693
87.65,1.41046136690023
87.66,1.40731748019768
87.67,1.40417828748843
87.6799999999999,1.40104379691271
87.69,1.39791401652424
87.7,1.39478895429051
87.71,1.39166861810734
87.72,1.38855301581383
87.73,1.38544215510217
87.74,1.38233604360737
87.75,1.37923468888051
87.76,1.37613809838894
87.77,1.3730462795165
87.78,1.3699592395632
87.79,1.36687698574067
87.8,1.36379952517673
87.8099999999999,1.36072686491513
87.82,1.35765901191499
87.83,1.35459597305087
87.84,1.35153775511265
87.85,1.34848436502253
87.86,1.34543580933611
87.87,1.34239209460086
87.88,1.33935322730169
87.89,1.33631921384164
87.9,1.33329006054188
87.91,1.33026577362305
87.92,1.32724635921002
87.9299999999999,1.32423182339491
87.94,1.32122217216383
87.95,1.31821741142044
87.96,1.31521754698584
87.97,1.31222258459859
87.98,1.3092325301255
87.99,1.30624738909257
88,1.30326716699464
88.01,1.30029186927463
88.02,1.29732150129578
88.03,1.29435606834164
88.04,1.29139557569352
88.05,1.28844002864572
88.0599999999999,1.28548943215813
88.07,1.28254379123129
88.08,1.27960311078916
88.09,1.27666739567905
88.1,1.27373665067167
88.11,1.27081088047062
88.12,1.26789008969202
88.13,1.26497428287661
88.14,1.26206346449031
88.15,1.25915763892257
88.16,1.2562568104864
88.17,1.25336098343476
88.1799999999999,1.25047016197295
88.19,1.24758435016159
88.2,1.24470355201619
88.21,1.24182777147644
88.22,1.23895701240629
88.23,1.23609127859394
88.24,1.23323057397661
88.25,1.23037490227159
88.26,1.22752426697862
88.27,1.22467867163356
88.28,1.2218381197007
88.29,1.21900261457276
88.3,1.21617215957089
88.3099999999999,1.21334675803451
88.32,1.21052641310729
88.33,1.20771112790274
88.34,1.20490090546819
88.35,1.20209574878043
88.36,1.19929566074569
88.37,1.19650064424356
88.38,1.19371070217772
88.39,1.19092583717309
88.4,1.18814605187808
88.41,1.18537134887259
88.42,1.18260173066804
88.4299999999999,1.17983719970733
88.44,1.17707775845583
88.45,1.17432340925991
88.46,1.17157415432856
88.47,1.16882999585215
88.48,1.16609093595437
88.49,1.16335697669214
88.5,1.16062812005567
88.51,1.15790436815362
88.52,1.15518572277882
88.53,1.15247218573267
88.54,1.14976375876509
88.55,1.14706044356144
88.5599999999999,1.14436224174247
88.57,1.14166915490379
88.58,1.13898118469332
88.59,1.1362983324823
88.6,1.13362059966898
88.61,1.13094798759063
88.62,1.12828049752347
88.63,1.12561813071417
88.64,1.12296088832375
88.65,1.12030877144391
88.66,1.11766178111565
88.67,1.1150199183198
88.6799999999999,1.112383183984
88.69,1.10975157901263
88.7,1.10712510419026
88.71,1.1045037602661
88.72,1.10188754793008
88.73,1.09927646781293
88.74,1.096670520588
88.75,1.09406970681141
88.76,1.09147402692316
88.77,1.0888834813491
88.78,1.0862980704589
88.79,1.08371779457815
88.8,1.081142654106
88.8099999999999,1.07857264919253
88.82,1.07600778000957
88.83,1.07344804667551
88.84,1.07089344925525
88.85,1.06834398777695
88.86,1.06579966221032
88.87,1.06326047245608
88.88,1.06072641837131
88.89,1.0581974997602
88.9,1.05567371637586
88.91,1.05315506799009
88.92,1.05064155422198
88.9299999999999,1.04813317467703
88.94,1.04562992890918
88.95,1.0431318164208
88.96,1.04063883673369
88.97,1.03815098933607
88.98,1.03566827356569
88.99,1.03319068876178
89,1.03071823421688
89.01,1.02825090924714
89.02,1.02578871304708
89.03,1.02333164478262
89.04,1.02087970358088
89.05,1.01843288850913
89.0599999999999,1.01599119855571
89.07,1.01355463272405
89.08,1.01112318994705
89.09,1.00869686911127
89.1,1.0062756691351
89.11,1.00385958884463
89.12,1.00144862699296
89.13,0.999042782313668
89.14,0.996642053502994
89.15,0.994246439282611
89.16,0.991855938241081
89.17,0.989470548960074
89.1799999999999,0.987090269980745
89.19,0.98471509983768
89.2,0.982345037034041
89.21,0.979980079984592
89.22,0.977620227089178
89.23,0.975265476709502
89.24,0.972915827193405
89.25,0.970571276824719
89.26,0.968231823855256
89.27,0.965897466501426
89.28,0.963568202960073
89.29,0.961244031431232
89.3,0.958924950007961
89.3099999999999,0.95661095677647
89.32,0.954302049787802
89.33,0.951998227113833
89.34,0.94969948677045
89.35,0.947405826717644
89.36,0.945117244900132
89.37,0.942833739264856
89.38,0.940555307697376
89.39,0.938281948060594
89.4,0.936013658189407
89.41,0.933750435880254
89.42,0.931492278911602
89.4299999999999,0.929239185028387
89.44,0.926991151954857
89.45,0.924748177402202
89.46,0.922510259027094
89.47,0.920277394468208
89.48,0.918049581377831
89.49,0.915826817385524
89.5,0.913609100054653
89.51,0.911396426944228
89.52,0.90918879562834
89.53,0.906986203632057
89.54,0.904788648454177
89.55,0.902596127578865
89.5599999999999,0.900408638473038
89.57,0.898226178578011
89.58,0.896048745315584
89.59,0.893876336092355
89.6,0.891708948319226
89.61,0.88954657935386
89.62,0.8873892265466
89.63,0.88523688725932
89.64,0.883089558862307
89.65,0.880947238652017
89.66,0.878809923933259
89.67,0.876677612016032
89.6799999999999,0.874550300195481
89.69,0.872427985742112
89.7,0.870310665929705
89.71,0.86819833802274
89.72,0.866090999266398
89.73,0.863988646905382
89.74,0.861891278178064
89.75,0.859798890305344
89.76,0.857711480509671
89.77,0.855629046012877
89.78,0.853551584015962
89.79,0.8514790917266
89.8,0.849411566361216
89.8099999999999,0.847349005109575
89.82,0.845291405172607
89.83,0.843238763768401
89.84,0.841191078086173
89.85,0.839148345327525
89.86,0.837110562712599
89.87,0.835077727438527
89.88,0.83304983671351
89.89,0.83102688776412
89.9,0.829008877799685
89.91,0.82699580403807
89.92,0.824987663700374
89.9299999999999,0.822984454008856
89.94,0.820986172193209
89.95,0.81899281558912
89.96,0.817004381440495
89.97,0.815020867034528
89.98,0.813042269664126
89.99,0.811068586638362
90,0.809099815275484
90.01,0.807135952943841
90.02,0.805176996992526
90.03,0.803222944791862
90.04,0.801273793578664
90.05,0.799329540696991
90.0599999999999,0.797390183485876
90.07,0.79545571954738
90.08,0.793526146437557
90.09,0.791601461665304
90.1,0.789681662666429
90.11,0.787766747041913
90.12,0.785856712235662
90.13,0.783951555746728
90.14,0.782051275135314
90.15,0.780155868084953
90.16,0.778265332175766
90.17,0.776379665190951
90.1799999999999,0.774498864895004
90.19,0.772622929059625
90.2,0.770751855431486
90.21,0.768885641868711
90.22,0.767024286134239
90.23,0.765167786061175
90.24,0.763316139522497
90.25,0.761469344455533
90.26,0.759627398770186
90.27,0.75779030064477
90.28,0.755958048184207
90.29,0.754130639514639
90.3,0.752308072731808
90.3099999999999,0.750490346072016
90.32,0.748677457688935
90.33,0.746869405819839
90.34,0.74506618875429
90.35,0.743267804867148
90.36,0.74147425251
90.37,0.739685530172188
90.38,0.737901636339291
90.39,0.736122569549267
90.4,0.734348328374771
90.41,0.732578911454026
90.42,0.730814317441447
90.4299999999999,0.729054545051493
90.44,0.727299593050142
90.45,0.725549460266906
90.46,0.723804145558267
90.47,0.722063647847991
90.48,0.720327966101959
90.49,0.718597099335288
90.5,0.716871046610197
90.51,0.715149807041504
90.52,0.713433379798581
90.53,0.711721764098733
90.54,0.710014959206883
90.55,0.708312964423109
90.5599999999999,0.706615779106196
90.57,0.704923402675364
90.58,0.703235834602389
90.59,0.701553074403554
90.6,0.699875121635862
90.61,0.698201975919052
90.62,0.696533636916818
90.63,0.694870104339236
90.64,0.693211377947609
90.65,0.691557457555322
90.66,0.689908343021272
90.67,0.688264034253989
90.6799999999999,0.686624531211746
90.69,0.684989833900906
90.7,0.683359942374189
90.71,0.681734856733231
90.72,0.680114577128214
90.73,0.678499103756591
90.74,0.676888436863297
90.75,0.675282576740606
90.76,0.673681523730196
90.77,0.672085278221128
90.78,0.670493840649033
90.79,0.668907211498079
90.8,0.66732539130009
90.8099999999999,0.665748380634251
90.82,0.664176180127415
90.83,0.662608790454018
90.84,0.661046212336045
90.85,0.659488446543602
90.86,0.657935493894706
90.87,0.656387355254525
90.88,0.654844031536226
90.89,0.653305523700758
90.9,0.651771832756808
90.91,0.650242959759342
90.92,0.648718905809586
90.9299999999999,0.647199672057698
90.94,0.64568525969753
90.95,0.644175669965252
90.96,0.642670904147007
90.97,0.641170963569444
90.98,0.639675849595889
90.99,0.638185563639207
91,0.636700107148483
91.01,0.635219481600661
91.02,0.633743688521262
91.03,0.632272729465662
91.04,0.630806606003478
91.05,0.629345319751381
91.0599999999999,0.62788887234674
91.07,0.626437265423412
91.08,0.624990500658071
91.09,0.62354857973514
91.1,0.622111504317168
91.11,0.620679276096646
91.12,0.619251896759077
91.13,0.617829367948684
91.14,0.616411691316479
91.15,0.614998868492929
91.16,0.613590901046163
91.17,0.6121877905053
91.1799999999999,0.610789538372998
91.19,0.609396146065488
91.2,0.608007614903339
91.21,0.606623946168479
91.22,0.605245141027944
91.23,0.603871200493504
91.24,0.602502125515717
91.25,0.601137916895806
91.26,0.599778575210769
91.27,0.598424100948682
91.28,0.597074494397299
91.29,0.595729755579679
91.3,0.59438988434219
91.3099999999999,0.593054880302141
91.32,0.591724742764284
91.33,0.590399470748424
91.34,0.589079063014393
91.35,0.587763517944671
91.36,0.586452833523716
91.37,0.585147007448697
91.38,0.583846036993229
91.39,0.582549918857769
91.4,0.581258649386695
91.41,0.579972224451022
91.42,0.57869063935694
91.4299999999999,0.577413888686929
91.44,0.576141966644297
91.45,0.574874866744738
91.46,0.57361258173707
91.47,0.57235510367133
91.48,0.571102423953194
91.49,0.569854533176129
91.5,0.568611420881084
91.51,0.56737307599131
91.52,0.566139486448576
91.53,0.564910639157842
91.54,0.563686519898418
91.55,0.562467113594154
91.5599999999999,0.561252403997328
91.57,0.560042373469462
91.58,0.558837003304309
91.59,0.557636273543658
91.6,0.556440162812716
91.61,0.555248648067702
91.62,0.554061705192862
91.63,0.552879308430143
91.64,0.551701430463339
91.65,0.550528041576509
91.66,0.549359111173171
91.67,0.548194606596263
91.6799999999999,0.547034493329961
91.69,0.545878734294204
91.7,0.544727290749263
91.71,0.543580121988613
91.72,0.542437184980832
91.73,0.541298434033912
91.74,0.540163820930853
91.75,0.539033295494222
91.76,0.537906804753968
91.77,0.536784292871331
91.78,0.535665700605741
91.79,0.534550966744012
91.8,0.533440026745517
91.8099999999999,0.532332812948964
91.82,0.531229253258792
91.83,0.530129273637682
91.84,0.52903279608841
91.85,0.527939739036586
91.86,0.526850016168129
91.87,0.52576353807273
91.88,0.524680211371063
91.89,0.523599938401232
91.9,0.522522616448442
91.91,0.521448138315468
91.92,0.520376392918589
91.9299999999999,0.519307264053962
91.94,0.518240630154696
91.95,0.517176363703035
91.96,0.516114333234088
91.97,0.515054401287831
91.98,0.513996424631208
91.99,0.512940252572167
92,0.511885730300895
92.01,0.51083269606323
92.02,0.509780981673656
92.03,0.50873041060092
92.04,0.507680800928901
92.05,0.506631963397943
92.0599999999999,0.505583701274632
92.07,0.504535809074201
92.08,0.503488073768468
92.09,0.502440275000847
92.1,0.501392183687373
92.11,0.500343561310926
92.12,0.499294159515422
92.13,0.498243722747214
92.14,0.49719198523917
92.15,0.496138671518257
92.16,0.495083495086438
92.17,0.494026160525309
92.1799999999999,0.492966361488439
92.19,0.491903780902774
92.2,0.490838088599364
92.21,0.489768944004932
92.22,0.488695995573734
92.23,0.487618879177268
92.24,0.486537218325626
92.25,0.485450623852372
92.26,0.484358693830308
92.27,0.483261013113747
92.28,0.482157153106357
92.29,0.481046671280141
92.3,0.479929111306035
92.3099999999999,0.478804002468591
92.32,0.477670859460188
92.33,0.476529183129567
92.34,0.475378458964017
92.35,0.474218156560155
92.36,0.473047730302116
92.37,0.471866619986665
92.38,0.470674252526804
92.39,0.469470034318015
92.4,0.468253357361224
92.41,0.467023597315186
92.42,0.465780122205245
92.4299999999999,0.464522274715839
92.44,0.463249383900425
92.45,0.461960762809012
92.46,0.460655715405857
92.47,0.459333529278807
92.48,0.457993470374262
92.49,0.456634792216662
92.5,0.455256736645997
92.51,0.453858544283643
92.52,0.452439422814676
92.53,0.450998573346458
92.54,0.449535183582851
92.55,0.448048453498387
92.5599999999999,0.446537548245111
92.57,0.44500162687781
92.58,0.443439840507933
92.59,0.441851344318754
92.6,0.440235292956866
92.61,0.438590821354513
92.62,0.436917067564236
92.63,0.435213181020526
92.64,0.433478299717222
92.65,0.431711566525886
92.66,0.429912131970237
92.67,0.42807916007075
92.6799999999999,0.426211811530223
92.69,0.424309260346294
92.7,0.42237071124902
92.71,0.420395375069896
92.72,0.418382476282614
92.73,0.41633126632062
92.74,0.414241043270891
92.75,0.4121111074465
92.76,0.409940798395021
92.77,0.407729496676726
92.78,0.405476621617813
92.79,0.403181626040652
92.8,0.400844009320743
92.8099999999999,0.398463326054726
92.82,0.396039172627678
92.83,0.393571201493515
92.84,0.391059122239179
92.85,0.388502705099137
92.86,0.385901781486973
92.87,0.383256249239464
92.88,0.380566083851887
92.89,0.377831328921591
92.9,0.375052103924414
92.91,0.372228605924742
92.92,0.369361097232611
92.9299999999999,0.366449943104562
92.94,0.363495588523335
92.95,0.360498543645302
92.96,0.357459406527663
92.97,0.354378880784159
92.98,0.351257751736924
92.99,0.348096856681599
93,0.344897162386106
93.01,0.34165971341516
93.02,0.338385623266686
93.03,0.33507606943017
93.04,0.331732356107171
93.05,0.328355857559589
93.0599999999999,0.32494799066279
93.07,0.321510282050647
93.08,0.318044335880073
93.09,0.314551816808422
93.1,0.311034407113841
93.11,0.307493901753692
93.12,0.30393213167244
93.13,0.300350963859476
93.14,0.296752326280455
93.15,0.293138184881244
93.16,0.289510549372881
93.17,0.285871458452927
93.1799999999999,0.282222978692853
93.19,0.278567185103888
93.2,0.274906187964429
93.21,0.271242097824157
93.22,0.267577007611826
93.23,0.263913030990108
93.24,0.260252259543688
93.25,0.256596753904122
93.26,0.252948563491317
93.27,0.249309709305765
93.28,0.245682199206043
93.29,0.242067979383135
93.3,0.238468970055727
93.3099999999999,0.234887068968867
93.32,0.231324103750421
93.33,0.227781858324448
93.34,0.224262057892773
93.35,0.220766372522415
93.36,0.217296408379575
93.37,0.213853707039876
93.38,0.210439735172555
93.39,0.207055895328593
93.4,0.203703533770871
93.41,0.200383898306939
93.42,0.197098177725218
93.4299999999999,0.193847505301322
93.44,0.190632913224003
93.45,0.18745537326366
93.46,0.184315794694013
93.47,0.18121499673188
93.48,0.178153734173228
93.49,0.175132695864495
93.5,0.172152488657341
93.51,0.169213656211753
93.52,0.166316680250719
93.53,0.16346196319883
93.54,0.160649850549305
93.55,0.157880632299336
93.5599999999999,0.155154524293224
93.57,0.15247169163906
93.58,0.149832248783301
93.59,0.147236246667464
93.6,0.144683689678423
93.61,0.142174535535189
93.62,0.139708690637865
93.63,0.137286019021446
93.64,0.134906343343896
93.65,0.132569444771877
93.66,0.130275067887072
93.67,0.128022922882044
93.6799999999999,0.125812686534002
93.69,0.123644005650415
93.7,0.121516499121001
93.71,0.119429759483194
93.72,0.117383355227451
93.73,0.115376833864798
93.74,0.113409721315087
93.75,0.111481527232249
93.76,0.10959174389758
93.77,0.107739849318324
93.78,0.105925309497536
93.79,0.104147577848179
93.8,0.102406100008025
93.8099999999999,0.100700311895245
93.82,0.0990296435053809
93.83,0.0973935196968116
93.84,0.095791359544121
93.85,0.0942225812695569
93.86,0.0926865990427899
93.87,0.091182827376999
93.88,0.0897106808514462
93.89,0.0882695734964344
93.9,0.086858923111426
93.91,0.0854781480678732
93.92,0.0841266711381638
93.9299999999999,0.0828039189467201
93.94,0.0815093214141032
93.95,0.0802423151760525
93.96,0.0790023406529758
93.97,0.0777888453170183
93.98,0.0766012829239269
93.99,0.0754391129913339
94,0.0743018034626277
94.01,0.0731888282643446
94.02,0.0720996697941435
94.03,0.0710338181578991
94.04,0.0699907707469591
94.05,0.0689700341587088
94.0599999999999,0.0679711221675613
94.07,0.0669935576374747
94.08,0.0660368717851194
94.09,0.0651006037889661
94.1,0.0641843021419699
94.11,0.0632875232037005
94.12,0.0624098323680152
94.13,0.0615508035341276
94.14,0.0607100188142522
94.15,0.0598870693362194
94.16,0.0590815541160573
94.17,0.0582930809210812
94.1799999999999,0.0575212657405354
94.19,0.0567657325130837
94.2,0.0560261137005602
94.21,0.0553020494466384
94.22,0.0545931879267453
94.23,0.0538991852464824
94.24,0.0532197049746535
94.25,0.0525544185056829
94.26,0.051903004587644
94.27,0.0512651492239759
94.28,0.0506405458056358
94.29,0.0500288946134979
94.3,0.0494299029741459
94.3099999999999,0.0488432850364196
94.32,0.0482687615593237
94.33,0.0477060599204422
94.34,0.0471549138689691
94.35,0.0466150634184216
94.36,0.0460862547558734
94.37,0.0455682401076966
94.38,0.0450607775574791
94.39,0.0445636309511623
94.4,0.0440765697911637
94.41,0.043599369050704
94.42,0.0431318090823549
94.4299999999999,0.042673675580084
94.44,0.0422247592806378
94.45,0.0417848559545001
94.46,0.0413537663338709
94.47,0.0409312958465705
94.48,0.040517254593573
94.49,0.0401114572619471
94.5,0.0397137228960215
94.51,0.039323874880789
94.52,0.0389417409802749
94.53,0.0385671528819611
94.54,0.038199946363442
94.55,0.0378399612982887
94.5599999999999,0.0374870411923671
94.57,0.0371410331588466
94.58,0.0368017878122521
94.59,0.0364691603783709
94.6,0.0361430091167619
94.61,0.0358231938573073
94.62,0.0355095805819445
94.63,0.0352020375877892
94.64,0.0349004341173101
94.65,0.0346046455795808
94.66,0.0343145494906477
94.67,0.0340300240164076
94.6799999999999,0.0337509531565567
94.69,0.0334772229292868
94.7,0.0332087198726203
94.71,0.0329453359190781
94.72,0.0326869649670122
94.73,0.0324335012894098
94.74,0.032184844193837
94.75,0.0319408948713987
94.76,0.0317015542229306
94.77,0.0314667288039224
94.78,0.0312363266247123
94.79,0.0310102571531674
94.8,0.0307884304205132
94.8099999999999,0.0305707616841631
94.82,0.0303571673822351
94.83,0.0301475637438796
94.84,0.0299418702311747
94.85,0.0297400093442059
94.86,0.0295419048626537
94.87,0.0293474792765857
94.88,0.0291566607901625
94.89,0.0289693782068769
94.9,0.0287855611593053
94.91,0.0286051400007499
94.92,0.0284280489465972
94.9299999999999,0.0282542230882243
94.94,0.0280835972949832
94.95,0.0279161093172937
94.96,0.0277516987545383
94.97,0.0275903061897938
94.98,0.027431871655115
94.99,0.0272763392803724
95,0.0271236537284447
95.01,0.0269737604239709
95.02,0.0268266048256385
95.03,0.0266821359426485
95.04,0.0265403032728118
95.05,0.0264010565356883
95.0599999999999,0.0262643463683745
95.07,0.0261301260496601
95.08,0.0259983494366638
95.09,0.0258689701019405
95.1,0.0257419434652194
95.11,0.0256172266108228
95.12,0.0254947773328477
95.13,0.0253745527555908
95.14,0.0252565126890051
95.15,0.0251406176545352
95.16,0.0250268289399713
95.17,0.0249151072403351
95.1799999999999,0.0248054160629211
95.19,0.0246977191844881
95.2,0.0245919809373816
95.21,0.0244881655033807
95.22,0.024386239493488
95.23,0.0242861697727809
95.24,0.0241879236659394
95.25,0.0240914683432455
95.26,0.023996773271992
95.27,0.0239038081181727
95.28,0.0238125429004814
95.29,0.023722947451875
95.3,0.023634993813531
95.3099999999999,0.0235486541520425
95.32,0.0234639009564773
95.33,0.0233807066602837
95.34,0.0232990455635306
95.35,0.0232188921306742
95.36,0.0231402211161848
95.37,0.0230630073018216
95.38,0.0229872270854024
95.39,0.0229128570465177
95.4,0.0228398740059106
95.41,0.0227682548421887
95.42,0.0226979778978086
95.4299999999999,0.0226290216827758
95.44,0.0225613648601333
95.45,0.0224949861617838
95.46,0.022429865758857
95.47,0.0223659839241927
95.48,0.0223033212983502
95.49,0.022241858034159
95.5,0.0221815760359646
95.51,0.0221224571837237
95.52,0.0220644838017618
95.53,0.0220076376205983
95.54,0.0219519018388341
95.55,0.021897259869225
95.5599999999999,0.0218436954403202
95.57,0.0217911920800116
95.58,0.0217397339129679
95.59,0.0216893058108033
95.6,0.021639892788131
95.61,0.0215914799390406
95.62,0.0215440523913738
95.63,0.0214975963019314
95.64,0.0214520978763601
95.65,0.021407543567564
95.66,0.0213639195075187
95.67,0.0213212130122405
95.6799999999999,0.0212794113843468
95.69,0.0212385022296252
95.7,0.0211984729444052
95.71,0.0211593116388537
95.72,0.0211210065931398
95.73,0.0210835462890052
95.74,0.0210469194405295
95.75,0.0210111149975955
95.76,0.0209761221222025
95.77,0.0209419301899422
95.78,0.0209085287861406
95.79,0.0208759076978778
95.8,0.0208440570383665
95.8099999999999,0.0208129670463552
95.82,0.0207826280991808
95.83,0.0207530308045774
95.84,0.0207241659548046
95.85,0.0206960245971757
95.86,0.0206685979467376
95.87,0.0206418773254479
95.88,0.0206158542654215
95.89,0.020590520467413
95.9,0.0205658678333781
95.91,0.0205418884435167
95.92,0.0205185744775238
95.9299999999999,0.0204959182995115
95.94,0.0204739124264378
95.95,0.020452549537624
95.96,0.0204318224764795
95.97,0.0204117241925208
95.98,0.0203922477907618
95.99,0.0203733865125355
96,0.0203551337425291
96.01,0.0203374830276175
96.02,0.020320427990682
96.03,0.0203039623997648
96.04,0.0202880801443694
96.05,0.0202727752494244
96.0599999999999,0.0202580419666162
96.07,0.0202438744873535
96.08,0.0202302671854321
96.09,0.020217214544392
96.1,0.020204711154487
96.11,0.020192751709654
96.12,0.0201813311695461
96.13,0.0201704444052273
96.14,0.020160086426017
96.15,0.0201502523573408
96.16,0.020140937420292
96.17,0.0201321369290649
96.1799999999999,0.0201238463786085
96.19,0.0201160613180989
96.2,0.020108777314512
96.21,0.0201019900683917
96.22,0.020095695366695
96.23,0.0200898890806294
96.24,0.0200845671819725
96.25,0.0200797257542359
96.26,0.0200753608929977
96.27,0.0200714688009899
96.28,0.0200680457569519
96.29,0.0200650881136415
96.3,0.0200625922989716
96.3099999999999,0.0200605549388635
96.32,0.0200589725523559
96.33,0.0200578417967293
96.34,0.0200571593979539
96.35,0.0200569221490168
96.36,0.0200571269082498
96.37,0.0200577706832468
96.38,0.0200588504686057
96.39,0.0200603633128674
96.4,0.0200623063477983
96.41,0.0200646767665548
96.42,0.0200674718222981
96.4299999999999,0.0200706888336467
96.44,0.0200743251779063
96.45,0.0200783782777364
96.46,0.0200828456163003
96.47,0.0200877247304428
96.48,0.0200930132093453
96.49,0.0200987087070272
96.5,0.0201048089885981
96.51,0.0201113117679516
96.52,0.0201182148500997
96.53,0.0201255160888686
96.54,0.0201332133857714
96.55,0.0201413046888802
96.5599999999999,0.0201497880980116
96.57,0.0201586616294112
96.58,0.0201679233813294
96.59,0.0201775715055046
96.6,0.0201876041989354
96.61,0.0201980197030328
96.62,0.0202088162966103
96.63,0.0202199923044736
96.64,0.0202315460966147
96.65,0.0202434760811145
96.66,0.0202557807058418
96.67,0.020268458457581
96.6799999999999,0.020281507875276
96.69,0.0202949275508003
96.7,0.0203087160719749
96.71,0.020322872082142
96.72,0.0203373942606526
96.73,0.0203522813220864
96.74,0.0203675320154734
96.75,0.0203831451776792
96.76,0.0203991196302983
96.77,0.0204154542214061
96.78,0.0204321478466568
96.79,0.0204491994346967
96.8,0.0204666079465376
96.8099999999999,0.0204843723818163
96.82,0.020502491825815
96.83,0.0205209653104287
96.84,0.020539791933399
96.85,0.0205589708237887
96.86,0.0205785011414902
96.87,0.0205983820767362
96.88,0.0206186128519566
96.89,0.0206391927187532
96.9,0.020660120954738
96.91,0.0206813968676713
96.92,0.0207030197933606
96.9299999999999,0.0207249890951811
96.94,0.0207473041635943
96.95,0.02076996444559
96.96,0.020792969377834
96.97,0.0208163184330968
96.98,0.0208400111127501
96.99,0.0208640469439185
97,0.0208884254790651
97.01,0.0209131463034849
97.02,0.0209382090427662
97.03,0.0209636133144546
97.04,0.0209893587749251
97.05,0.0210154451048404
97.0599999999999,0.0210418720088023
97.07,0.0210686392150034
97.08,0.0210957464917985
97.09,0.0211231936184473
97.1,0.0211509803907903
97.11,0.0211791066336559
97.12,0.0212075721945708
97.13,0.0212363769434646
97.14,0.0212655207741386
97.15,0.0212950036336864
97.16,0.0213248254398726
97.17,0.0213549861532861
97.1799999999999,0.0213854857559274
97.19,0.0214163242509383
97.2,0.0214475016623312
97.21,0.0214790180347197
97.22,0.0215108734330483
97.23,0.0215430679625815
97.24,0.0215756017627381
97.25,0.0216084749364563
97.26,0.0216416876347772
97.27,0.0216752400286085
97.28,0.0217091323084984
97.29,0.0217433646844109
97.3,0.0217779373855001
97.3099999999999,0.0218128506598851
97.32,0.0218481048184093
97.33,0.0218837001519354
97.34,0.0219196369541012
97.35,0.0219559155551914
97.36,0.0219925363043237
97.37,0.0220294995692743
97.38,0.0220668057363014
97.39,0.0221044552099696
97.4,0.0221424484129746
97.41,0.0221807858423654
97.42,0.0222194679298842
97.4299999999999,0.0222584951564035
97.44,0.0222978680226807
97.45,0.0223375870475577
97.46,0.0223776527678268
97.47,0.0224180657380953
97.48,0.0224588265306502
97.49,0.0224999357436353
97.5,0.0225413940090835
97.51,0.0225832019372262
97.52,0.0226253601739602
97.53,0.0226678693826935
97.54,0.022710730244237
97.55,0.0227539434566947
97.5599999999999,0.0227975097353548
97.57,0.022841429812581
97.58,0.022885704462512
97.59,0.0229303344625439
97.6,0.0229753205857132
97.61,0.02302066363731
97.62,0.0230663644398238
97.63,0.0231124238328666
97.64,0.0231588426730978
97.65,0.0232056218341484
97.66,0.0232527622065458
97.67,0.023300264715658
97.6799999999999,0.0233481302797117
97.69,0.0233963598396162
97.7,0.0234449543553466
97.71,0.0234939148036977
97.72,0.0235432421782226
97.73,0.0235929374891707
97.74,0.0236430017634288
97.75,0.0236934360530457
97.76,0.0237442414642599
97.77,0.0237954190428863
97.78,0.0238469698863156
97.79,0.0238988951087284
97.8,0.0239511958410531
97.8099999999999,0.0240038732309255
97.82,0.0240569284426472
97.83,0.0241103626571439
97.84,0.0241641770719251
97.85,0.0242183729010427
97.86,0.0242729514051836
97.87,0.0243279138414085
97.88,0.0243832614581644
97.89,0.0244389955398601
97.9,0.0244951173876906
97.91,0.0245516283196152
97.92,0.0246085296703352
97.9299999999999,0.0246658227912714
97.94,0.0247235090505422
97.95,0.0247815898329402
97.96,0.0248400665399117
97.97,0.0248989406780658
97.98,0.0249582136328844
97.99,0.0250178868595349
98,0.0250779618335084
98.01,0.0251384400475713
98.02,0.0251993230117737
98.03,0.0252606122534572
98.04,0.0253223093172632
98.05,0.0253844157651406
98.0599999999999,0.0254469331763545
98.07,0.0255098631637748
98.08,0.0255732073672357
98.09,0.0256369673974592
98.1,0.0257011449070742
98.11,0.0257657415664629
98.12,0.0258307590637881
98.13,0.0258961991050162
98.14,0.0259620634139429
98.15,0.0260283537322183
98.16,0.0260950718193717
98.17,0.0261622194528364
98.1799999999999,0.0262297984929806
98.19,0.0262978107398523
98.2,0.0263662580136812
98.21,0.0264351421710864
98.22,0.0265044650874254
98.23,0.0265742286568478
98.24,0.0266444347923519
98.25,0.0267150854258379
98.26,0.0267861825081627
98.27,0.026857728009195
98.28,0.0269297239120139
98.29,0.0270021721872202
98.3,0.0270750748865077
98.3099999999999,0.0271484340527794
98.32,0.0272222517478667
98.33,0.0272965300525675
98.34,0.0273712710666875
98.35,0.0274464769090787
98.36,0.0275221497176771
98.37,0.0275982916495449
98.38,0.0276749048809081
98.39,0.0277519916915884
98.4,0.027829554331308
98.41,0.0279075949878601
98.42,0.0279861159279215
98.4299999999999,0.0280651194388435
98.44,0.0281446078287466
98.45,0.0282245834266135
98.46,0.0283050485823867
98.47,0.0283860056670613
98.48,0.0284674570727786
98.49,0.0285494052129234
98.5,0.0286318524828681
98.51,0.0287148013600971
98.52,0.0287982543214576
98.53,0.0288822138630111
98.54,0.0289666825022333
98.55,0.0290516627780967
98.5599999999999,0.0291371572511534
98.57,0.0292231685036179
98.58,0.0293096991394478
98.59,0.0293967517844295
98.6,0.0294843290862588
98.61,0.0295724337574688
98.62,0.0296610684660137
98.63,0.0297502359270803
98.64,0.0298399388803138
98.65,0.0299301800880057
98.66,0.0300209623351892
98.67,0.0301122884297353
98.6799999999999,0.0302041612024474
98.69,0.0302965835071584
98.7,0.0303895582208234
98.71,0.0304830882436188
98.72,0.0305771766730005
98.73,0.0306718263568926
98.74,0.0307670402722868
98.75,0.0308628214271849
98.76,0.0309591728545853
98.77,0.031056097612631
98.78,0.0311535987847567
98.79,0.0312516794798368
98.8,0.0313503428323328
98.8099999999999,0.0314495920024413
98.82,0.0315494301762419
98.83,0.0316498605747952
98.84,0.0317508864311789
98.85,0.0318525110104176
98.86,0.0319547376043076
98.87,0.0320575695313343
98.88,0.0321610101368194
98.89,0.032265062793072
98.9,0.032369730899539
98.91,0.0324750178829556
98.92,0.032580927197495
98.9299999999999,0.0326874623249192
98.94,0.0327946267506626
98.95,0.0329024240264263
98.96,0.033010857716344
98.97,0.0331199314121426
98.98,0.033229648733712
98.99,0.0333400133292517
99,0.0334510288754116
99.01,0.0335626990774357
99.02,0.0336750276693059
99.03,0.0337880184138848
99.04,0.033901675103059
99.05,0.0340160017188266
99.0599999999999,0.0341310020138331
99.07,0.0342466798778229
99.08,0.0343630392327308
99.09,0.0344800840313948
99.1,0.0345978182577441
99.11,0.0347162459269865
99.12,0.0348353710858023
99.13,0.0349551978125317
99.14,0.0350757302173646
99.15,0.0351969724425311
99.16,0.0353189287600555
99.17,0.0354416033163854
99.1799999999999,0.0355650003577695
99.19,0.0356891241640029
99.2,0.0358139790485627
99.21,0.0359395693588302
99.22,0.0360658994763061
99.23,0.0361929738168262
99.24,0.0363207968307832
99.25,0.0364493730033414
99.26,0.0365787068549207
99.27,0.0367088029751031
99.28,0.0368396659317604
99.29,0.0369713003532055
99.3,0.0371037109037745
99.3099999999999,0.0372369022840504
99.32,0.0373708792310871
99.33,0.0375056465186302
99.34,0.0376412089573453
99.35,0.0377775713950393
99.36,0.0379147387168816
99.37,0.0380527158456325
99.38,0.0381915077418634
99.39,0.0383311194805844
99.4,0.0384715561371342
99.41,0.0386128227313185
99.42,0.038754924386525
99.4299999999999,0.0388978662658594
99.44,0.0390416535723983
99.45,0.0391862915494385
99.46,0.039331785480754
99.47,0.0394781406908459
99.48,0.039625362545192
99.49,0.0397734564505041
99.5,0.0399224278549771
99.51,0.0400722822485419
99.52,0.0402230253860927
99.53,0.040374662694388
99.54,0.0405271998013635
99.55,0.0406806423796368
99.5599999999999,0.0408349961459141
99.57,0.0409902668612818
99.58,0.0411464603314945
99.59,0.0413035824072713
99.6,0.0414616389845848
99.61,0.0416206360049489
99.62,0.0417805794557161
99.63,0.0419414753703647
99.64,0.0421033299220694
99.65,0.0422661492905198
99.66,0.0424299395774299
99.67,0.0425947070154207
99.6799999999999,0.0427604578856861
99.69,0.0429271985183214
99.7,0.0430949352926465
99.71,0.0432636746375391
99.72,0.0434334230317586
99.73,0.0436041870042711
99.74,0.0437759731345818
99.75,0.0439487880530586
99.76,0.0441226384412601
99.77,0.0442975312562347
99.78,0.0444734731385486
99.79,0.0446504709341532
99.8,0.0448285315461207
99.8099999999999,0.0450076619314632
99.82,0.0451878691015008
99.83,0.0453691601222242
99.84,0.0455515421146681
99.85,0.0457350222552751
99.86,0.0459196077762593
99.87,0.0461053059659798
99.88,0.0462921241693032
99.89,0.0464800699051771
99.9,0.0466691507074096
99.91,0.0468593739968442
99.92,0.047050747363222
99.9299999999999,0.0472432784559102
99.94,0.0474369749843167
99.95,0.0476318447182988
99.96,0.0478278954885839
99.97,0.04802513518718
99.98,0.0482235717677852
99.99,0.0484232132462089
100,0.0486240677007804
100.01,0.0488261432727636
100.02,0.0490294484595345
100.03,0.0492339913457509
100.04,0.0494397802722119
100.05,0.0496468236539416
100.06,0.0498551299724445
100.07,0.0500647077761738
100.08,0.0502755656809925
100.09,0.0504877123706471
100.1,0.0507011565972304
100.11,0.0509159071816447
100.12,0.0511319730140749
100.13,0.0513493630544506
100.14,0.0515680864800476
100.15,0.0517881524959652
100.16,0.0520095701464305
100.17,0.0522323486944247
100.18,0.0524564974766399
100.19,0.0526820259040059
100.2,0.0529089434622104
100.21,0.0531372597122324
100.22,0.053366984290864
100.23,0.0535981269112322
100.24,0.0538306973633317
100.25,0.0540647055145458
100.26,0.0543001613101732
100.27,0.054537075127867
100.28,0.0547754568878625
100.29,0.0550153167551109
100.3,0.0552566650153473
100.31,0.0554995120367913
100.32,0.0557438682707427
100.33,0.0559897442521709
100.34,0.056237150600318
100.35,0.0564860980192896
100.36,0.056736597298645
100.37,0.056988659314001
100.38,0.0572422950276205
100.39,0.0574975156171652
100.4,0.057754332470543
100.41,0.0580127565954447
100.42,0.0582727993321385
100.43,0.0585344721126722
100.44,0.0587977864615488
100.45,0.0590627539963932
100.46,0.0593293864286348
100.47,0.0595976955641767
100.48,0.0598676933040641
100.49,0.060139391645167
100.5,0.0604128026808477
100.51,0.0606879386016352
100.52,0.0609648120712069
100.53,0.0612434353861393
100.54,0.0615238209450932
100.55,0.06180598136444
100.56,0.0620899293636148
100.57,0.0623756777658819
100.58,0.0626632394990923
100.59,0.0629526275964578
100.6,0.0632438551973101
100.61,0.06353693554786
100.62,0.0638318820019711
100.63,0.064128708021918
100.64,0.0644274272622302
100.65,0.0647280538680274
100.66,0.0650306012886024
100.67,0.0653350834602017
100.68,0.0656415144340938
100.69,0.0659499083774373
100.7,0.0662602795741405
100.71,0.0665726424257375
100.72,0.0668870114522497
100.73,0.0672034012930465
100.74,0.0675218267077222
100.75,0.0678423025769553
100.76,0.0681648439033763
100.77,0.0684894662042249
100.78,0.0688161847978244
100.79,0.0691450148571965
100.8,0.0694759719219532
100.81,0.0698090716613797
100.82,0.0701443298754251
100.83,0.0704817624956825
100.84,0.0708213855863894
100.85,0.0711632153454105
100.86,0.0715072681052201
100.87,0.0718535603339025
100.88,0.0722021086361323
100.89,0.0725529297590767
100.9,0.0729060413994042
100.91,0.0732614600302276
100.92,0.0736192028567579
100.93,0.0739792872295475
100.94,0.0743417306456208
100.95,0.0747065507495951
100.96,0.075073765334821
100.97,0.0754433923445053
100.98,0.0758154498728331
100.99,0.0761899561661092
101,0.0765669296238781
101.01,0.076946388800055
101.02,0.0773283527834011
101.03,0.0777128407760171
101.04,0.0780998714274132
101.05,0.0784894639739037
101.06,0.0788816378163361
101.07,0.0792764125213853
101.08,0.0796738078228379
101.09,0.0800738436228973
101.1,0.0804765399934701
101.11,0.0808819171774515
101.12,0.0812899955900315
101.13,0.081700795819978
101.14,0.0821143386309321
101.15,0.0825306456340669
101.16,0.0829497376852161
101.17,0.0833716360502111
101.18,0.0837963622745299
101.19,0.0842239380918382
101.2,0.0846543854255642
101.21,0.0850877263904962
101.22,0.0855239832943596
101.23,0.0859631786393931
101.24,0.0864053351239471
101.25,0.0868504758795478
101.26,0.0872986241208944
101.27,0.0877498030073215
101.28,0.0882040360783439
101.29,0.0886613470816104
101.3,0.0891217599746645
101.31,0.0895852989267056
101.32,0.0900519883203532
101.33,0.0905218527533965
101.34,0.0909949170405721
101.35,0.0914712062936914
101.36,0.0919507461127466
101.37,0.0924335617454975
101.38,0.0929196789298452
101.39,0.0934091236333037
101.4,0.0939019220549303
101.41,0.0943981006272558
101.42,0.0948976860182149
101.43,0.0954007051330763
101.44,0.0959071851163764
101.45,0.0964171533538376
101.46,0.0969306380682945
101.47,0.0974476668926373
101.48,0.0979682679268778
101.49,0.0984924696014889
101.5,0.0990203006037695
101.51,0.0995517898800323
101.52,0.100086966637788
101.53,0.10062586034793
101.54,0.101168500746919
101.55,0.101714917838969
101.56,0.102265142199671
101.57,0.102819204559661
101.58,0.103377135606957
101.59,0.103938966519207
101.6,0.104504728762542
101.61,0.105074454094259
101.62,0.105648174565539
101.63,0.106225922524127
101.64,0.106807730669163
101.65,0.107393632197505
101.66,0.107983660231665
101.67,0.108577848372448
101.68,0.109176230535664
101.69,0.109778840955088
101.7,0.110385714185404
101.71,0.110996885105186
101.72,0.111612388919841
101.73,0.112232261310678
101.74,0.112856538127883
101.75,0.113485255591339
101.76,0.114118450283281
101.77,0.11475615913348
101.78,0.115398419422573
101.79,0.116045268886185
101.8,0.116696745663658
101.81,0.117352887970253
101.82,0.118013734488997
101.83,0.118679324247179
101.84,0.11934969661637
101.85,0.120024891919667
101.86,0.120704950767504
101.87,0.121389913335739
101.88,0.122079820590867
101.89,0.122774713863792
101.9,0.123474634849822
101.91,0.124179626583536
101.92,0.124889731856208
101.93,0.125604993297275
101.94,0.126325454332486
101.95,0.127051158776908
101.96,0.127782150834947
101.97,0.128518476486515
101.98,0.129260180745335
101.99,0.130007308956618
102,0.130759907197405
102.01,0.131518021962537
102.02,0.132281700164658
102.03,0.133050990898295
102.04,0.133825941502106
102.05,0.13460660029061
102.06,0.135393016183289
102.07,0.136185238547395
102.08,0.136983317231127
102.09,0.137787304635781
102.1,0.138597250622949
102.11,0.139413206682518
102.12,0.140235224784254
102.13,0.141063357377789
102.14,0.141897657717723
102.15,0.142738181530557
102.16,0.143584981637926
102.17,0.144438112766016
102.18,0.145297630152445
102.19,0.146163589546274
102.2,0.147036047207983
102.21,0.147915062229951
102.22,0.148800692143051
102.23,0.149692994449032
102.24,0.150592027935748
102.25,0.151497851943058
102.26,0.152410526362836
102.27,0.153330112530014
102.28,0.154256674332115
102.29,0.155190271943567
102.3,0.156130968002691
102.31,0.157078825746939
102.32,0.158033909012902
102.33,0.158996282236283
102.34,0.15996601400701
102.35,0.160943169401779
102.36,0.161927814631731
102.37,0.162920017150649
102.38,0.163919845063306
102.39,0.164927367125468
102.4,0.165942654327182
102.41,0.166965779457185
102.42,0.167996811866214
102.43,0.169035823565227
102.44,0.170082887272607
102.45,0.171138076414134
102.46,0.172201465123027
102.47,0.173273133161469
102.48,0.174353154325109
102.49,0.175441605288456
102.5,0.176538563753912
102.51,0.177644108192422
102.52,0.178758317843469
102.53,0.179881275466442
102.54,0.181013064274062
102.55,0.182153764395329
102.56,0.183303458941668
102.57,0.184462231859763
102.58,0.185630167931537
102.59,0.186807352774188
102.6,0.187993878942872
102.61,0.189189832317425
102.62,0.190395301078901
102.63,0.191610375150082
102.64,0.192835145367337
102.65,0.194069703480618
102.66,0.195314143575375
102.67,0.196568565705076
102.68,0.197833061198423
102.69,0.199107726497074
102.7,0.200392659045129
102.71,0.20168795728918
102.72,0.202993720678282
102.73,0.20431005441173
102.74,0.205637062578344
102.75,0.206974845925253
102.76,0.208323509101524
102.77,0.209683157857636
102.78,0.211053899045486
102.79,0.212435840618384
102.8,0.213829101104494
102.81,0.215233787352597
102.82,0.216650011241883
102.83,0.218077886497932
102.84,0.219517528058113
102.85,0.220969052071558
102.86,0.222432578598909
102.87,0.223908234188518
102.88,0.225396134631201
102.89,0.226896402374019
102.9,0.228409161199369
102.91,0.22993453622498
102.92,0.231472653903912
102.93,0.233023649659187
102.94,0.234587654884708
102.95,0.236164798213199
102.96,0.237755213119871
102.97,0.2393590345542
102.98,0.2409763989399
102.99,0.242607444174976
103,0.244252324375522
103.01,0.245911173739008
103.02,0.24758413626709
103.03,0.24927135770763
103.04,0.250972985439545
103.05,0.25268916847281
103.06,0.254420062389761
103.07,0.256165829349897
103.08,0.25792661814063
103.09,0.259702586387227
103.1,0.261493893523045
103.11,0.2633007007895
103.12,0.265123171236128
103.13,0.266961479055042
103.14,0.268815793050215
103.15,0.270686281257778
103.16,0.272573116620929
103.17,0.274476474145382
103.18,0.276396532604558
103.19,0.278333479955442
103.2,0.280287494267811
103.21,0.282258760714276
103.22,0.284247466722506
103.23,0.286253801975184
103.24,0.288277965135633
103.25,0.290320152106671
103.26,0.292380558958524
103.27,0.294459386339739
103.28,0.296556837340078
103.29,0.29867311934967
103.3,0.300808450561609
103.31,0.302963037769496
103.32,0.305137096019906
103.33,0.307330843020959
103.34,0.309544499142398
103.35,0.311778296839864
103.36,0.314032464445819
103.37,0.316307229696103
103.38,0.3186028263736
103.39,0.320919491187735
103.4,0.323257466173397
103.41,0.325617007928264
103.42,0.327998356967082
103.43,0.330401764678376
103.44,0.332827485676382
103.45,0.33527577780099
103.46,0.337746910950081
103.47,0.340241153404738
103.48,0.342758773478396
103.49,0.345300046325996
103.5,0.347865251087561
103.51,0.350454671022697
103.52,0.353068596813682
103.53,0.355707319009915
103.54,0.358371134149165
103.55,0.361060343193355
103.56,0.363775251596177
103.57,0.36651616974642
103.58,0.369283413039614
103.59,0.372077300676451
103.6,0.374898157082465
103.61,0.377746311569862
103.62,0.380622098409386
103.63,0.383525858112755
103.64,0.386457935375746
103.65,0.389418679917624
103.66,0.392408447078526
103.67,0.395427597602707
103.68,0.398476497911624
103.69,0.401555522338429
103.7,0.404665047672208
103.71,0.407805457776243
103.72,0.410977142436429
103.73,0.414180497448779
103.74,0.417415925859948
103.75,0.420683837457369
103.76,0.423984646344182
103.77,0.427318774086397
103.78,0.430686648844977
103.79,0.434088705474102
103.8,0.437525388265425
103.81,0.440997145981538
103.82,0.444504434570215
103.83,0.448047717669945
103.84,0.451627466275168
103.85,0.455244159308555
103.86,0.458898286072676
103.87,0.4625903394478
103.88,0.46632082191547
103.89,0.470090244031504
103.9,0.473899124548526
103.91,0.477747991334025
103.92,0.481637381519097
103.93,0.485567838850229
103.94,0.489539916764753
103.95,0.493554177623532
103.96,0.497611192841808
103.97,0.501711544162183
103.98,0.505855822269747
103.99,0.510044626491314
104,0.514278566355259
104.01,0.518558261195846
104.02,0.522884340290874
104.03,0.527257447035355
104.04,0.531678231158975
104.05,0.536147353210423
104.06,0.540665485084111
104.07,0.545233309545389
104.08,0.549851520548467
104.09,0.554520828755163
104.1,0.559241948904704
104.11,0.56401561024145
104.12,0.568842553906835
104.13,0.573723533112256
104.14,0.578659313444266
104.15,0.583650673274827
104.16,0.588698402942706
104.17,0.593803305837742
104.18,0.59896619831369
104.19,0.604187909863344
104.2,0.609469282117751
104.21,0.61481116986758
104.22,0.620214443313279
104.23,0.625679985476093
104.24,0.631208693260829
104.25,0.636801477621487
104.26,0.642459263155055
104.27,0.648182989214338
104.28,0.653973609859379
104.29,0.6598320936491
104.3,0.665759423979268
104.31,0.671756599245404
104.32,0.677824631433774
104.33,0.683964549658977
104.34,0.690177397968529
104.35,0.696464235883247
104.36,0.702826138656623
104.37,0.709264196341984
104.38,0.715779506596879
104.39,0.722373195320928
104.4,0.729046399560027
104.41,0.735800272408136
104.42,0.742635983130151
104.43,0.749554711211462
104.44,0.756557644632817
104.45,0.763646004906349
104.46,0.77082102167688
104.47,0.778083940432905
104.48,0.785436022561662
104.49,0.792878530911434
104.5,0.800412747604337
104.51,0.808039983031736
104.52,0.815761554970592
104.53,0.823578796084074
104.54,0.831493053885977
104.55,0.839505661741758
104.56,0.847617992143913
104.57,0.855831433704809
104.58,0.864147381716055
104.59,0.872567244301381
104.6,0.881092442253193
104.61,0.889724351854407
104.62,0.898464430905678
104.63,0.907314124552798
104.64,0.916274885427193
104.65,0.925348175248181
104.66,0.934535455433826
104.67,0.943838131673212
104.68,0.953257710248393
104.69,0.9627956648623
104.7,0.972453472939349
104.71,0.982232615011052
104.72,0.992134553449114
104.73,1.00216071354632
104.74,1.01231258345343
104.75,1.02259162009064
104.76,1.03299927446202
104.77,1.04353696742391
104.78,1.05420610441495
104.79,1.06500810908458
104.8,1.07594437667674
104.81,1.08701628686438
104.82,1.09822516765576
104.83,1.10957234417251
104.84,1.12105913236441
104.85,1.13268681268226
104.86,1.14445663845842
104.87,1.15636977247381
104.88,1.16842740250587
104.89,1.18063067060835
104.9,1.19298067307136
104.91,1.20547846163117
104.92,1.21812496576882
104.93,1.2309211596391
104.94,1.2438679292285
104.95,1.25696610361049
104.96,1.27021643933352
104.97,1.28361957853233
104.98,1.2971761679915
104.99,1.31088675322726
105,1.32475180330568
105.01,1.33877168718227
105.02,1.35294666830558
105.03,1.36727696660568
105.04,1.38176268879339
105.05,1.39640384412565
105.06,1.41120031878798
105.07,1.42615189511076
105.08,1.44125826418686
105.09,1.45651899172679
105.1,1.47193352441211
105.11,1.48750117523941
105.12,1.50322113734866
105.13,1.51909247390861
105.14,1.53511411006855
105.15,1.55128483116868
105.16,1.56760330074856
105.17,1.58406801169949
105.18,1.60067731315278
105.19,1.61742940104035
105.2,1.63432231913131
105.21,1.65135400893598
105.22,1.66852217349519
105.23,1.6858243788062
105.24,1.70325802254608
105.25,1.72082035000434
105.26,1.73850848825885
105.27,1.75631932076003
105.28,1.77424958596227
105.29,1.79229586343294
105.3,1.81045460337971
105.31,1.8287220236832
105.32,1.84709419128181
105.33,1.86556701433291
105.34,1.88413627551259
105.35,1.90279752355863
105.36,1.92154616036606
105.37,1.94037743620214
105.38,1.95928649429986
105.39,1.97826823468389
105.4,1.99731742530958
105.41,2.01642869419999
105.42,2.03559658274235
105.43,2.05481539153042
105.44,2.0740793077753
105.45,2.09338239388594
105.46,2.11271864294352
105.47,2.13208182662773
105.48,2.15146562267905
105.49,2.17086360311856
105.5,2.19026928864898
105.51,2.2096760076135
105.52,2.22907701624068
105.53,2.24846548981744
105.54,2.26783457723639
105.55,2.28717725955429
105.56,2.30648647419169
105.57,2.32575509060384
105.58,2.34497601439781
105.59,2.36414198943545
105.6,2.38324575365783
105.61,2.40228000783242
105.62,2.42123749155164
105.63,2.44011087649277
105.64,2.45889282072867
105.65,2.47757599082068
105.66,2.49615309335283
105.67,2.51461685156917
105.68,2.53295998516662
105.69,2.55117526323367
105.7,2.56925551041285
105.71,2.58719362352329
105.72,2.60498252937497
105.73,2.62261523911446
105.74,2.64008484682209
105.75,2.65738455645235
105.76,2.67450764595188
105.77,2.69144751046998
105.78,2.70819766223653
105.79,2.724751741879
105.8,2.74110352243857
105.81,2.75724692133157
105.82,2.77317600866139
105.83,2.78888500126141
105.84,2.80436829185928
105.85,2.81962045510825
105.86,2.83463624772278
105.87,2.84941059867166
105.88,2.86393862704635
105.89,2.87821568930557
105.9,2.89223734334224
105.91,2.90599935022934
105.92,2.91949764556274
105.93,2.93272847585743
105.94,2.94568829663589
105.95,2.95837380934135
105.96,2.97078184475483
105.97,2.98290960477152
105.98,2.99475452167213
105.99,3.00631428192902
106,3.01758675806831
106.01,3.02857007111062
106.02,3.03926270231527
106.03,3.04966335870491
106.04,3.05977099563895
106.05,3.06958467442137
106.06,3.07910393627009
106.07,3.08832851371821
106.08,3.09725840949384
106.09,3.10589372265517
106.1,3.1142349383288
106.11,3.12228281649831
106.12,3.13003834563368
106.13,3.13750268915425
106.14,3.14467717395478
106.15,3.15156354064144
106.16,3.15816369536704
106.17,3.16447977124275
106.18,3.17051389915737
106.19,3.17626869206103
106.2,3.18174687746756
106.21,3.18695138632979
106.22,3.19188521846703
106.23,3.19655160448619
106.24,3.20095401408417
106.25,3.20509604394788
106.26,3.20898141224847
106.27,3.21261388828976
106.28,3.21599752543764
106.29,3.21913644802172
106.3,3.22203489988069
106.31,3.22469712977355
106.32,3.22712758924533
106.33,3.22933079141982
106.34,3.23131132203226
106.35,3.23307381135194
106.36,3.23462294514374
106.37,3.2359634841129
106.38,3.2371002152069
106.39,3.23803795595432
106.4,3.23878155385508
106.41,3.23933585765279
106.42,3.23970572348981
106.43,3.23989600198805
106.44,3.23991155938453
106.45,3.23975723967282
106.46,3.23943784420738
106.47,3.23895815186484
106.48,3.23832295232134
106.49,3.23753694125562
106.5,3.23660478166541
106.51,3.23553109851425
106.52,3.23432047602143
106.53,3.23297740239729
106.54,3.23150630851318
106.55,3.22991159818681
106.56,3.22819756721386
106.57,3.22636843165969
106.58,3.22442833980291
106.59,3.22238140251435
106.6,3.22023158760364
106.61,3.21798279316159
106.62,3.21563886116613
106.63,3.21320354158425
106.64,3.21068046793753
106.65,3.20807319279398
106.66,3.20538522866315
106.67,3.20261994035164
106.68,3.19978061702387
106.69,3.19687047020621
106.7,3.193892636648
106.71,3.19085012570078
106.72,3.18774586654427
106.73,3.18458271891268
106.74,3.18136346309998
106.75,3.17809075619645
106.76,3.17476717931819
106.77,3.17139525156372
106.78,3.16797740725201
106.79,3.16451597250722
106.8,3.1610132011409
106.81,3.15747128644088
106.82,3.15389233612611
106.83,3.15027836924565
106.84,3.14663133475936
106.85,3.14295311817167
106.86,3.13924552595074
106.87,3.13551029086181
106.88,3.13174907806565
106.89,3.12796349946512
106.9,3.12415509021818
106.91,3.12032532199839
106.92,3.11647560607149
106.93,3.11260730143806
106.94,3.1087217015087
106.95,3.10482004504303
106.96,3.10090351656964
106.97,3.09697324860113
106.98,3.09303032133747
106.99,3.08907576589223
107,3.08511056558916
107.01,3.08113565765989
107.02,3.07715193037206
107.03,3.07316023435009
107.04,3.0691613773484
107.05,3.06515612737223
107.06,3.06114521449363
107.07,3.05712931589066
107.08,3.05310909089498
107.09,3.04908516109241
107.1,3.04505811436773
107.11,3.04102850773782
107.12,3.03699684568834
107.13,3.03296362575894
107.14,3.02892931571653
107.15,3.0248943540128
107.16,3.0208591541294
107.17,3.01682408312168
107.18,3.01278950343923
107.19,3.00875575676053
107.2,3.0047231593491
107.21,3.00069200749364
107.22,2.99666255937807
107.23,2.99263506771165
107.24,2.9886097723615
107.25,2.98458689162816
107.26,2.98056662816567
107.27,2.97654915309475
107.28,2.97253463167802
107.29,2.96852322327257
107.3,2.96451506874905
107.31,2.96051029696312
107.32,2.95650901019466
107.33,2.95251130438856
107.34,2.94851727596231
107.35,2.94452700494748
107.36,2.94054056222531
107.37,2.93655799747206
107.38,2.93257935281083
107.39,2.92860467532283
107.4,2.92463399781099
107.41,2.9206673461761
107.42,2.91670473082633
107.43,2.91274615382899
107.44,2.90879162402701
107.45,2.90484113864321
107.46,2.90089468987392
107.47,2.89695225891645
107.48,2.89301381865865
107.49,2.88907934972235
107.5,2.88514882349828
107.51,2.88122220793023
107.52,2.87729946291826
107.53,2.87338054000697
107.54,2.86946540013833
107.55,2.86555399647071
107.56,2.86164627994225
107.57,2.85774219579318
107.58,2.85384168088148
107.59,2.84994468261879
107.6,2.84605114176678
107.61,2.84216099776916
107.62,2.83827418647419
107.63,2.83439063615999
107.64,2.83051028524514
107.65,2.82663306691128
107.66,2.82275891375046
107.67,2.81888775700662
107.68,2.81501951989471
107.69,2.81115413610197
107.7,2.8072915350781
107.71,2.8034316462572
107.72,2.7995743992449
107.73,2.79571971500158
107.74,2.79186752573594
107.75,2.78801775991779
107.76,2.78417034639314
107.77,2.78032521452881
107.78,2.77648228967457
107.79,2.77264150241847
107.8,2.76880278334484
107.81,2.76496606327736
107.82,2.76113127390716
107.83,2.75729834319208
107.84,2.75346720308221
107.85,2.7496377876716
107.86,2.74581003073392
107.87,2.74198386702448
107.88,2.73815922928739
107.89,2.7343360517929
107.9,2.73051427244104
107.91,2.72669382860679
107.92,2.7228746586577
107.93,2.71905670185079
107.94,2.71523989843322
107.95,2.71142419005668
107.96,2.70760951941242
107.97,2.70379583040516
107.98,2.69998306772233
107.99,2.69617117637516
108,2.69236010443499
108.01,2.68854980054688
108.02,2.68474021470007
108.03,2.68093129826727
108.04,2.67712299803699
108.05,2.67331526852381
108.06,2.66950806409984
108.07,2.66570133978392
108.08,2.66189505178462
108.09,2.65808915666186
108.1,2.65428361182296
108.11,2.65047837721614
108.12,2.6466734132562
108.13,2.6428686814844
108.14,2.63906414456698
108.15,2.63525976620711
108.16,2.63145551135915
108.17,2.62765134606201
108.18,2.62384723748586
108.19,2.62004315393378
108.2,2.61623906464609
108.21,2.61243494007172
108.22,2.6086307519091
108.23,2.60482647289833
108.24,2.601022076901
108.25,2.59721753871509
108.26,2.59341283347677
108.27,2.58960793860081
108.28,2.58580283209785
108.29,2.58199749303912
108.3,2.57819190155186
108.31,2.57438603719197
108.32,2.57057988192725
108.33,2.56677341873174
108.34,2.56296663120741
108.35,2.55915950386795
108.36,2.55535202212532
108.37,2.55154417227616
108.38,2.54773594148852
108.39,2.54392731778825
108.4,2.54011829004549
108.41,2.53630884796129
108.42,2.53249898219485
108.43,2.52868868418886
108.44,2.5248779460431
108.45,2.52106676072526
108.46,2.51725512197936
108.47,2.51344302431333
108.48,2.50963046347659
108.49,2.50581743557373
108.5,2.5020039373749
108.51,2.49818996651499
108.52,2.4943755213622
108.53,2.49056060100768
108.54,2.48674520455218
108.55,2.48292933261958
108.56,2.47911298626184
108.57,2.4752961671395
108.58,2.47147887754912
108.59,2.46766112037325
108.6,2.46384289872853
108.61,2.46002421685542
108.62,2.4562050793543
108.63,2.45238549137833
108.64,2.4485654586193
108.65,2.44474498744744
108.66,2.44092408506612
108.67,2.4371027585848
108.68,2.43328101587623
108.69,2.42945886530952
108.7,2.42563631573816
108.71,2.421813376629
108.72,2.41799005794518
108.73,2.41416636989101
108.74,2.41034232322772
108.75,2.40651792915561
108.76,2.40269319930306
108.77,2.39886814585829
108.78,2.3950427813191
108.79,2.39121711852211
108.8,2.38739117074762
108.81,2.38356495165619
108.82,2.37973847527827
108.83,2.37591175599589
108.84,2.37208480843872
108.85,2.36825764772265
108.86,2.36443028922882
108.87,2.36060274865176
108.88,2.35677504198867
108.89,2.35294718552861
108.9,2.34911919632335
108.91,2.34529109168538
108.92,2.34146288856443
108.93,2.33763460453675
108.94,2.33380625745072
108.95,2.32997786541826
108.96,2.32614944680613
108.97,2.32232102012517
108.98,2.31849260425191
108.99,2.31466421825109
109,2.31083588139828
109.01,2.30700761317734
109.02,2.30317943327154
109.03,2.29935136183587
109.04,2.29552341955787
109.05,2.29169562644701
109.06,2.28786800309639
109.07,2.28404057028496
109.08,2.28021334897051
109.09,2.27638636028296
109.1,2.27255962530244
109.11,2.26873316546897
109.12,2.26490700238113
109.13,2.26108115772391
109.14,2.25725565331053
109.15,2.25343051107501
109.16,2.24960575323321
109.17,2.24578140290908
109.18,2.2419574820054
109.19,2.23813401309754
109.2,2.23431101888035
109.21,2.23048852216289
109.22,2.2266665458634
109.23,2.22284511273166
109.24,2.2190242457423
109.25,2.21520396815258
109.26,2.21138430316122
109.27,2.20756527403496
109.28,2.20374690410242
109.29,2.19992921674804
109.3,2.19611223615422
109.31,2.19229598554207
109.32,2.18848048856021
109.33,2.18466576892213
109.34,2.18085185039066
109.35,2.17703875677328
109.36,2.17322651208614
109.37,2.16941514055667
109.38,2.16560466597784
109.39,2.16179511240208
109.4,2.15798650392038
109.41,2.15417886465875
109.42,2.15037221877473
109.43,2.14656659032933
109.44,2.14276200351869
109.45,2.13895848257297
109.46,2.13515605170224
109.47,2.13135473512484
109.48,2.12755455706354
109.49,2.12375554175664
109.5,2.11995771356825
109.51,2.11616109665802
109.52,2.11236571525877
109.53,2.10857159359315
109.54,2.10477875587002
109.55,2.10098722628095
109.56,2.09719702923514
109.57,2.09340818911622
109.58,2.08962072996458
109.59,2.08583467597908
109.6,2.08205005134018
109.61,2.07826688020753
109.62,2.07448518671732
109.63,2.07070499507691
109.64,2.06692632935059
109.65,2.06314921360081
109.66,2.05937367186978
109.67,2.05559972816736
109.68,2.05182740646881
109.69,2.04805673075434
109.7,2.04428772505821
109.71,2.04052041317062
109.72,2.03675481893263
109.73,2.03299096614283
109.74,2.02922887855522
109.75,2.02546857987715
109.76,2.02171009376724
109.77,2.01795344379909
109.78,2.014198653472
109.79,2.01044574631526
109.8,2.00669474575696
109.81,2.00294567516413
109.82,1.99919855784057
109.83,1.99545341702462
109.84,1.99171027588696
109.85,1.98796915785295
109.86,1.98423008621153
109.87,1.980493083765
109.88,1.97675817349579
109.89,1.97302537832108
109.9,1.9692947210914
109.91,1.96556622458913
109.92,1.96183991152708
109.93,1.95811580481916
109.94,1.95439392711611
109.95,1.9506743008501
109.96,1.94695694851013
109.97,1.9432418925171
109.98,1.9395291552229
109.99,1.93581875890934
110,1.93211072578721
110.01,1.92840507783294
110.02,1.9247018371187
110.03,1.92100102564791
110.04,1.91730266530352
110.05,1.91360677788829
110.06,1.90991338512355
110.07,1.90622250864805
110.08,1.90253417001667
110.09,1.8988483908193
110.1,1.89516519240555
110.11,1.89148459607698
110.12,1.88780662306227
110.13,1.88413129450287
110.14,1.88045863145199
110.15,1.87678865487342
110.16,1.87312138564055
110.17,1.86945684507495
110.18,1.86579505361384
110.19,1.86213603192455
110.2,1.85847980059057
110.21,1.8548263801098
110.22,1.85117579089409
110.23,1.84752805326875
110.24,1.84388318747398
110.25,1.84024121367842
110.26,1.83660215193528
110.27,1.83296602222091
110.28,1.82933284442278
110.29,1.82570263833903
110.3,1.82207542367792
110.31,1.8184512200573
110.32,1.81483004700422
110.33,1.81121192379594
110.34,1.80759686982957
110.35,1.80398490434922
110.36,1.80037604648834
110.37,1.79677031528389
110.38,1.79316772967581
110.39,1.78956830850627
110.4,1.78597207051909
110.41,1.78237903460069
110.42,1.77878921933444
110.43,1.77520264311641
110.44,1.77161932434297
110.45,1.76803928131533
110.46,1.76446253223907
110.47,1.76088909522387
110.48,1.75731898828326
110.49,1.75375222945363
110.5,1.75018883669474
110.51,1.74662882764566
110.52,1.74307221997268
110.53,1.73951903124931
110.54,1.73596927895626
110.55,1.73242298048137
110.56,1.72888015311953
110.57,1.72534081402079
110.58,1.72180498006607
110.59,1.71827266839023
110.6,1.71474389587757
110.61,1.71121867931441
110.62,1.70769703538866
110.63,1.7041789806896
110.64,1.70066453170754
110.65,1.69715370483351
110.66,1.69364651638234
110.67,1.69014298253465
110.68,1.68664311938431
110.69,1.68314694292539
110.7,1.67965446905159
110.71,1.67616571355578
110.72,1.67268069212981
110.73,1.66919942036426
110.74,1.66572191412765
110.75,1.66224818878183
110.76,1.65877825957765
110.77,1.65531214176991
110.78,1.65184985051941
110.79,1.64839140089312
110.8,1.64493680786436
110.81,1.64148608631293
110.82,1.63803925097876
110.83,1.63459631652386
110.84,1.6311572975702
110.85,1.62772220861238
110.86,1.62429106405077
110.87,1.62086387819155
110.88,1.61744066524682
110.89,1.61402143933468
110.9,1.61060621438614
110.91,1.60719500396333
110.92,1.60378782209854
110.93,1.60038468247193
110.94,1.59698559866223
110.95,1.59359058414644
110.96,1.59019965229946
110.97,1.58681281639374
110.98,1.58343008959902
110.99,1.58005148569776
111,1.57667701737388
111.01,1.57330669753498
111.02,1.56994053904349
111.03,1.56657855467016
111.04,1.5632207570944
111.05,1.5598671589046
111.06,1.55651777259842
111.07,1.55317261040047
111.08,1.54983168457693
111.09,1.54649500740435
111.1,1.54316259097881
111.11,1.53983444730224
111.12,1.53651058828236
111.13,1.53319102573281
111.14,1.5298757713732
111.15,1.52656483685184
111.16,1.52325823374993
111.17,1.51995597347763
111.18,1.51665806738936
111.19,1.51336452674702
111.2,1.51007536272024
111.21,1.50679058638635
111.22,1.50351020873057
111.23,1.50023424064524
111.24,1.49696269288029
111.25,1.49369557617112
111.26,1.49043290112935
111.27,1.48717467827428
111.28,1.48392091803299
111.29,1.48067163074043
111.3,1.47742682663946
111.31,1.47418651588093
111.32,1.47095070863517
111.33,1.46771941486871
111.34,1.4644926444429
111.35,1.4612704071632
111.36,1.45805271274616
111.37,1.45483957081952
111.38,1.4516309909225
111.39,1.448426982506
111.4,1.44522755491569
111.41,1.44203271740511
111.42,1.43884247917439
111.43,1.43565684931735
111.44,1.43247583683985
111.45,1.42929945066
111.46,1.42612769960822
111.47,1.4229605924275
111.48,1.41979813777684
111.49,1.41664034425254
111.5,1.41348722032212
111.51,1.41033877438456
111.52,1.40719501475279
111.53,1.40405594965385
111.54,1.40092158722917
111.55,1.39779193553471
111.56,1.39466700254115
111.57,1.39154679608642
111.58,1.38843132398444
111.59,1.38532059395099
111.6,1.38221461360708
111.61,1.37911339048736
111.62,1.37601693203996
111.63,1.37292524562664
111.64,1.36983833879486
111.65,1.36675621863397
111.66,1.36367889226095
111.67,1.36060636672833
111.68,1.35753864900508
111.69,1.35447574597656
111.7,1.35141766444484
111.71,1.34836441115359
111.72,1.3453159927251
111.73,1.34227241571341
111.74,1.33923368658913
111.75,1.33619981173962
111.76,1.33317079746885
111.77,1.33014665000228
111.78,1.32712737552782
111.79,1.32411298007435
111.8,1.32110346961901
111.81,1.31809885005617
111.82,1.31509912719742
111.83,1.31210430677154
111.84,1.30911439450962
111.85,1.30612939637783
111.86,1.30314931765007
111.87,1.30017416378357
111.88,1.29720394015775
111.89,1.29423865207417
111.9,1.29127830475654
111.91,1.28832290333452
111.92,1.28537245283311
111.93,1.2824269582655
111.94,1.27948642453642
111.95,1.27655085647218
111.96,1.27362025882058
111.97,1.27069463625096
111.98,1.26777399344068
111.99,1.26485833503858
112,1.26194766540116
112.01,1.25904198891403
112.02,1.25614130988677
112.03,1.25324563255297
112.04,1.2503549610702
112.05,1.24746929966766
112.06,1.24458865248725
112.07,1.24171302337334
112.08,1.23884241622016
112.09,1.23597683484927
112.1,1.23311628300951
112.11,1.23026076437704
112.12,1.22741028251541
112.13,1.22456484093608
112.14,1.22172444311152
112.15,1.21888909241798
112.16,1.21605879215828
112.17,1.2132335455618
112.18,1.21041335578447
112.19,1.20759822613753
112.2,1.20478815966779
112.21,1.20198315926349
112.22,1.19918322783077
112.23,1.19638836820581
112.24,1.19359858315491
112.25,1.19081387537441
112.26,1.18803424771028
112.27,1.18525970270258
112.28,1.18249024281816
112.29,1.17972587051007
112.3,1.17696658816428
112.31,1.17421239809972
112.32,1.17146330256831
112.33,1.16871930385066
112.34,1.16598040403943
112.35,1.1632466051856
112.36,1.16051790928684
112.37,1.15779431827481
112.38,1.15507583401526
112.39,1.15236245830796
112.4,1.14965419304494
112.41,1.14695103984727
112.42,1.14425300033831
112.43,1.14156007608452
112.44,1.13887226858924
112.45,1.13618957932876
112.46,1.13351200976947
112.47,1.13083956119242
112.48,1.12817223487142
112.49,1.12551003201947
112.5,1.12285295378859
112.51,1.12020100132064
112.52,1.11755417565692
112.53,1.11491247776367
112.54,1.11227590856325
112.55,1.10964446891843
112.56,1.10701815963789
112.57,1.1043969815523
112.58,1.10178093531338
112.59,1.09917002156111
112.6,1.09656424087745
112.61,1.09396359378635
112.62,1.09136808081138
112.63,1.08877770243444
112.64,1.08619245897863
112.65,1.08361235076145
112.66,1.08103737804487
112.67,1.0784675410353
112.68,1.07590283999282
112.69,1.07334327500325
112.7,1.0707888461123
112.71,1.06823955332881
112.72,1.06569539660832
112.73,1.06315637586593
112.74,1.06062249101334
112.75,1.05809374182311
112.76,1.055570128051
112.77,1.05305164940081
112.78,1.05053830552436
112.79,1.04803009609196
112.8,1.04552702069496
112.81,1.04302907881432
112.82,1.04053626991786
112.83,1.0380485934237
112.84,1.03556604870025
112.85,1.03308863517623
112.86,1.03061635210257
112.87,1.02814919872352
112.88,1.02568717424029
112.89,1.0232302778194
112.9,1.02077850859164
112.91,1.01833186561611
112.92,1.01589034791784
112.93,1.01345395447658
112.94,1.01102268426418
112.95,1.0085965361706
112.96,1.0061755090465
112.97,1.00375960170287
112.98,1.00134881292742
112.99,0.998943141507194
113,0.996542586109958
113.01,0.994147145392874
113.02,0.991756817971718
113.03,0.98937160247035
113.04,0.98699149743423
113.05,0.984616501360956
113.06,0.982246612719658
113.07,0.979881829946443
113.08,0.977522151465837
113.09,0.975167575622201
113.1,0.972818100737603
113.11,0.97047372509604
113.12,0.968134446982122
113.13,0.965800264625116
113.14,0.963471176196454
113.15,0.961147179845223
113.16,0.958828273691158
113.17,0.956514455895322
113.18,0.954205724479987
113.19,0.951902077472178
113.2,0.949603512865401
113.21,0.947310028663373
113.22,0.94502162284595
113.23,0.942738293315368
113.24,0.940460037966792
113.25,0.938186854642394
113.26,0.935918741171687
113.27,0.933655695356048
113.28,0.931397714963266
113.29,0.929144797749681
113.3,0.926896941420278
113.31,0.924654143657884
113.32,0.922416402138702
113.33,0.920183714570983
113.34,0.917956078549198
113.35,0.915733491675991
113.36,0.913515951559012
113.37,0.91130345578943
113.38,0.909096001902764
113.39,0.906893587428502
113.4,0.904696209854555
113.41,0.902503866660805
113.42,0.900316555307074
113.43,0.8981342732285
113.44,0.895957017886467
113.45,0.893784786666307
113.46,0.891617576951915
113.47,0.88945538612158
113.48,0.88729821157516
113.49,0.8851460506361
113.5,0.882998900632714
113.51,0.880856758912476
113.52,0.878719622817705
113.53,0.876587489633685
113.54,0.874460356652192
113.55,0.872338221114035
113.56,0.870221080261721
113.57,0.868108931328692
113.58,0.866001771583795
113.59,0.863899598267045
113.6,0.861802408585652
113.61,0.859710199810076
113.62,0.857622969202011
113.63,0.855540713985824
113.64,0.853463431376599
113.65,0.851391118581777
113.66,0.84932377282549
113.67,0.847261391290341
113.68,0.845203971138247
113.69,0.84315150955267
113.7,0.84110400373122
113.71,0.839061450896138
113.72,0.837023848211387
113.73,0.834991192898589
113.74,0.832963482232715
113.75,0.830940713418579
113.76,0.828922883688906
113.77,0.826909990268751
113.78,0.824902030408
113.79,0.822899001342333
113.8,0.820900900275638
113.81,0.818907724456396
113.82,0.816919471133052
113.83,0.814936137612519
113.84,0.812957721144211
113.85,0.810984219016132
113.86,0.809015628594734
113.87,0.80705194720356
113.88,0.805093172208339
113.89,0.803139300994571
113.9,0.801190330955476
113.91,0.799246259428573
113.92,0.797307083824203
113.93,0.795372801599553
113.94,0.793443410243921
113.95,0.791518907226592
113.96,0.789599290026848
113.97,0.787684556165862
113.98,0.785774703212075
113.99,0.783869728773292
114,0.781969630449482
114.01,0.780074405773833
114.02,0.778184052379471
114.03,0.776298567960066
114.04,0.774417950278555
114.05,0.772542197061189
114.06,0.770671306123393
114.07,0.768805275295398
114.08,0.766944102449326
114.09,0.765087785492257
114.1,0.763236322372627
114.11,0.761389710836454
114.12,0.759547948823978
114.13,0.757711034344166
114.14,0.755878965591834
114.15,0.75405174062101
114.16,0.752229357703034
114.17,0.750411815105217
114.18,0.748599111070329
114.19,0.746791243688253
114.2,0.74498821128788
114.21,0.743190012059459
114.22,0.741396644244325
114.23,0.739608106258964
114.24,0.737824397036562
114.25,0.736045515123691
114.26,0.734271459036138
114.27,0.732502227444639
114.28,0.730737819077545
114.29,0.728978232478461
114.3,0.727223466390574
114.31,0.725473519643086
114.32,0.723728391093587
114.33,0.721988079602755
114.34,0.720252584244829
114.35,0.71852190403267
114.36,0.716796038041114
114.37,0.715074985385532
114.38,0.713358745266958
114.39,0.711647316851395
114.4,0.70994069941057
114.41,0.70823889225386
114.42,0.706541894750075
114.43,0.704849706298075
114.44,0.703162326385867
114.45,0.701479754540826
114.46,0.699801990341676
114.47,0.698129033376888
114.48,0.696460883322595
114.49,0.694797539894243
114.5,0.693139002855598
114.51,0.691485272013048
114.52,0.689836347232385
114.53,0.688192228419737
114.54,0.686552915533522
114.55,0.684918408584489
114.56,0.6832887076307
114.57,0.681663812776099
114.58,0.6800437241738
114.59,0.678428442026789
114.6,0.676817966579857
114.61,0.675212298128216
114.62,0.67361143701378
114.63,0.672015383627125
114.64,0.67042413840235
114.65,0.668837701826179
114.66,0.667256074434437
114.67,0.665679256807609
114.68,0.664107249574347
114.69,0.662540053412205
114.7,0.660977669047308
114.71,0.659420097249244
114.72,0.657867338838328
114.73,0.656319394681381
114.74,0.654776265693808
114.75,0.653237952837195
114.76,0.651704457121007
114.77,0.650175779602674
114.78,0.648651921386522
114.79,0.647132883622518
114.8,0.645618667504777
114.81,0.64410927427646
114.82,0.642604705220809
114.83,0.641104961664191
114.84,0.639610044979366
114.85,0.638119956573484
114.86,0.636634697894256
114.87,0.635154270431251
114.88,0.633678675700052
114.89,0.63220791525327
114.9,0.630741990678334
114.91,0.629280903576079
114.92,0.627824655580056
114.93,0.62637324834782
114.94,0.624926683533229
114.95,0.623484962817392
114.96,0.622048087889536
114.97,0.620616060413658
114.98,0.619188882073741
114.99,0.617766554539197
115,0.616349079431444
115.01,0.614936458376744
115.02,0.61352869295991
115.03,0.61212578468742
115.04,0.610727735058673
115.05,0.609334545505199
115.06,0.607946217336175
115.07,0.606562751804159
115.08,0.605184150087532
115.09,0.603810413224269
115.1,0.602441542087749
115.11,0.601077537485146
115.12,0.599718400052378
115.13,0.598364130173245
115.14,0.597014728139955
115.15,0.595670194021391
115.16,0.594330527607233
115.17,0.592995728465122
115.18,0.591665795939473
115.19,0.590340729053165
115.2,0.589020526454488
115.21,0.587705186563586
115.22,0.586394707423191
115.23,0.585089086559798
115.24,0.5837883212339
115.25,0.582492408234813
115.26,0.581201343816186
115.27,0.579915123743011
115.28,0.578633743315986
115.29,0.577357197240051
115.3,0.576085479497993
115.31,0.574818583601811
115.32,0.573556502358882
115.33,0.572299227744505
115.34,0.571046751051212
115.35,0.569799062835562
115.36,0.568556152761531
115.37,0.56731800947595
115.38,0.566084620896054
115.39,0.56485597391809
115.4,0.563632054290782
115.41,0.562412846803088
115.42,0.561198335138761
115.43,0.559988501727731
115.44,0.558783327649842
115.45,0.557582792900931
115.46,0.556386876077411
115.47,0.555195554096351
115.48,0.554008802666789
115.49,0.552826595900666
115.5,0.551648906151297
115.51,0.550475704061051
115.52,0.549306958763482
115.53,0.548142637507786
115.54,0.5469827056002
115.55,0.545827125646047
115.56,0.544675859185133
115.57,0.54352886530353
115.58,0.542386100910439
115.59,0.541247519781052
115.6,0.540113073882692
115.61,0.53898271284733
115.62,0.537856383572377
115.63,0.536734029929976
115.64,0.535615592542446
115.65,0.534501010036118
115.66,0.533390217684165
115.67,0.532283147659078
115.68,0.531179727591648
115.69,0.530079883295686
115.7,0.528983536581456
115.71,0.527890605683763
115.72,0.526801004201815
115.73,0.52571464211472
115.74,0.52463142597812
115.75,0.523551257873807
115.76,0.522474035244308
115.77,0.52139964992966
115.78,0.520327990818861
115.79,0.519258941390546
115.8,0.518192380206967
115.81,0.517128178895054
115.82,0.516066205619071
115.83,0.515006322720923
115.84,0.513948386767248
115.85,0.51289224793372
115.86,0.511837748558345
115.87,0.510784727470955
115.88,0.509733015986463
115.89,0.508682438783711
115.9,0.507632812155843
115.91,0.506583945768421
115.92,0.505535642932416
115.93,0.504487698840523
115.94,0.503439900909767
115.95,0.502392024549514
115.96,0.501343841551368
115.97,0.500295113424804
115.98,0.49924559283343
115.99,0.498195022487791
116,0.497143134605278
116.01,0.496089653891831
116.02,0.495034294202636
116.03,0.493976759188918
116.04,0.492916740220329
116.05,0.49185391908095
116.06,0.490787966772369
116.07,0.489718542530124
116.08,0.488645293797524
116.09,0.487567854831662
116.1,0.486485849224034
116.11,0.485398887433777
116.12,0.484306567092765
116.13,0.483208471736565
116.14,0.482104171105144
116.15,0.480993222510164
116.16,0.479875168532345
116.17,0.478749537353457
116.18,0.477615844119696
116.19,0.476473587539548
116.2,0.475322251428581
116.21,0.474161304348237
116.22,0.472990200403351
116.23,0.471808382034207
116.24,0.47061526977223
116.25,0.469410270436039
116.26,0.468192774605372
116.27,0.466962162103932
116.28,0.465717795150966
116.29,0.464459015734067
116.3,0.463185151735239
116.31,0.461895514560573
116.32,0.460589416037557
116.33,0.459266132569009
116.34,0.45792493162826
116.35,0.45656506502883
116.36,0.455185774648696
116.37,0.45378629824097
116.38,0.45236584498749
116.39,0.450923616728959
116.4,0.449458808953295
116.41,0.447970606004806
116.42,0.446458176654443
116.43,0.444920681925334
116.44,0.44335728497469
116.45,0.441767132834129
116.46,0.440149365990257
116.47,0.438503121683924
116.48,0.436827555630171
116.49,0.435121796873101
116.5,0.43338498221105
116.51,0.431616256712129
116.52,0.429814785422695
116.53,0.427979716628776
116.54,0.426110215046445
116.55,0.424205467593494
116.56,0.422264676472535
116.57,0.420287048133139
116.58,0.418271812154443
116.59,0.41621823618983
116.6,0.414125600129997
116.61,0.411993209794165
116.62,0.409820403755417
116.63,0.407606580293929
116.64,0.405351145771077
116.65,0.403053556229945
116.66,0.4007133134009
116.67,0.398329972596743
116.68,0.395903129316656
116.69,0.393432435436493
116.7,0.390917607752526
116.71,0.388358429832983
116.72,0.385754741625704
116.73,0.383106449449398
116.74,0.380413523487103
116.75,0.377676017411715
116.76,0.374894052730668
116.77,0.372067821169864
116.78,0.369197602600819
116.79,0.36628375434826
116.8,0.36332671484147
116.81,0.360327011390176
116.82,0.357285255942372
116.83,0.354202140272315
116.84,0.35107845659285
116.85,0.347915081054225
116.86,0.344712952617739
116.87,0.34147312746437
116.88,0.338196738707173
116.89,0.334884970736838
116.9,0.331539125267094
116.91,0.328160574507765
116.92,0.324750745585735
116.93,0.321311164689868
116.94,0.317843425452012
116.95,0.314349172825909
116.96,0.310830137775838
116.97,0.307288111402771
116.98,0.303724910314198
116.99,0.300142432774865
117,0.296542621974446
117.01,0.292927440433512
117.02,0.289298904275165
117.03,0.285659063015007
117.04,0.282009967068041
117.05,0.278353696514282
117.06,0.274692348448565
117.07,0.271028018730325
117.08,0.267362804983719
117.09,0.263698801460152
117.1,0.260038098267945
117.11,0.256382771199639
117.12,0.252734872157455
117.13,0.249096432365708
117.14,0.245469454362855
117.15,0.241855904654372
117.16,0.238257707652689
117.17,0.234676739816976
117.18,0.231114830200817
117.19,0.227573754531148
117.2,0.224055233883849
117.21,0.220560916683336
117.22,0.21709239950907
117.23,0.213651237440193
117.24,0.210238883671506
117.25,0.206856737205362
117.26,0.203506143010677
117.27,0.200188352879612
117.28,0.196904553517527
117.29,0.193655869658644
117.3,0.190443335706097
117.31,0.187267916052793
117.32,0.184130518519262
117.33,0.181031954270774
117.34,0.177972966259284
117.35,0.174954249638917
117.36,0.171976400646501
117.37,0.169039951914565
117.38,0.166145390578874
117.39,0.163293113662608
117.4,0.160483458889025
117.41,0.157716716468115
117.42,0.154993101035926
117.43,0.15231277178153
117.44,0.149675840332487
117.45,0.147082356677705
117.46,0.144532319259469
117.47,0.142025683608234
117.48,0.139562353996472
117.49,0.137142189247243
117.5,0.134765010451222
117.51,0.132430597289903
117.52,0.130138691088121
117.53,0.12788900003104
117.54,0.125681199726483
117.55,0.123514935289613
117.56,0.121389823311018
117.57,0.119305454707127
117.58,0.117261397889411
117.59,0.115257197823212
117.6,0.113292379251107
117.61,0.111366451651138
117.62,0.109478906349294
117.63,0.10762921903194
117.64,0.105816856440477
117.65,0.104041272160765
117.66,0.102301907985548
117.67,0.100598202322321
117.68,0.0989295848714592
117.69,0.0972954766751034
117.7,0.095695300155832
117.71,0.0941284728827623
117.72,0.0925944063916598
117.73,0.0910925173972835
117.74,0.0896222210361885
117.75,0.0881829286735377
117.76,0.0867740596721761
117.77,0.0853950345502442
117.78,0.0840452723395324
117.79,0.0827242017936709
117.8,0.0814312551228707
117.81,0.0801658648890156
117.82,0.078927474627848
117.83,0.0777155330481558
117.84,0.0765294908433414
117.85,0.0753688103067018
117.86,0.0742329601337192
117.87,0.0731214131420187
117.88,0.0720336526808716
117.89,0.0709691702514251
117.9,0.0699274627454117
117.91,0.0689080367106147
117.92,0.067910407951295
117.93,0.0669340987622221
117.94,0.0659786403192164
117.95,0.0650435735990716
117.96,0.064128446836068
117.97,0.0632328166552542
117.98,0.0623562496066307
117.99,0.0614983198738439
118,0.0606586096235716
118.01,0.0598367108858424
118.02,0.0590322234485356
118.03,0.0582447547283762
118.04,0.0574739217088047
118.05,0.0567193490832388
118.06,0.0559806689211488
118.07,0.0552575224951601
118.08,0.0545495588008004
118.09,0.0538564334018694
118.1,0.0531778108180384
118.11,0.0525133629444759
118.12,0.0518627688333107
118.13,0.0512257148485444
118.14,0.0506018949467857
118.15,0.0499910099878314
118.16,0.0493927672916902
118.17,0.048806881620438
118.18,0.0482330742457372
118.19,0.0476710727392253
118.2,0.0471206112940557
118.21,0.0465814303701132
118.22,0.0460532764708107
118.23,0.045535902051835
118.24,0.0450290655396066
118.25,0.0445325310730093
118.26,0.0440460685942224
118.27,0.0435694533322844
118.28,0.0431024659502291
118.29,0.0426448924404074
118.3,0.0421965238664007
118.31,0.0417571562840516
118.32,0.0413265906582913
118.33,0.040904632738215
118.34,0.0404910928571349
118.35,0.0400857858841626
118.36,0.0396885313727449
118.37,0.0392991528975757
118.38,0.038917478309547
118.39,0.0385433397425054
118.4,0.0381765733032549
118.41,0.0378170188747761
118.42,0.0374645202410185
118.43,0.0371189250760099
118.44,0.0367800844375278
118.45,0.036447852968891
118.46,0.0361220889937847
118.47,0.0358026539795984
118.48,0.035489412673256
118.49,0.0351822331518189
118.5,0.0348809866940085
118.51,0.0345855474002945
118.52,0.034295792426473
118.53,0.034011602139626
118.54,0.0337328592950762
118.55,0.0334594495110058
118.56,0.0331912610617982
118.57,0.0329281853196425
118.58,0.0326701155847982
118.59,0.0324169478065303
118.6,0.0321685803060549
118.61,0.0319249143159663
118.62,0.0316858527172509
118.63,0.0314513007827188
118.64,0.0312211659371193
118.65,0.0309953582768708
118.66,0.0307737894379535
118.67,0.0305563731343396
118.68,0.030343025070924
118.69,0.0301336633139406
118.7,0.0299282074738817
118.71,0.0297265789449714
118.72,0.029528700964453
118.73,0.029334498759327
118.74,0.0291438991263394
118.75,0.0289568304218157
118.76,0.0287732226693315
118.77,0.0285930076336883
118.78,0.0284161185746894
118.79,0.0282424901191324
118.8,0.0280720584024129
118.81,0.0279047611875115
118.82,0.0277405376357139
118.83,0.0275793280152704
118.84,0.0274210740145181
118.85,0.0272657186373557
118.86,0.0271132066025832
118.87,0.0269634832569873
118.88,0.0268164953498717
118.89,0.0266721907853602
118.9,0.0265305189036143
118.91,0.0263914300148078
118.92,0.0262548753803313
118.93,0.0261208074068533
118.94,0.0259891796101048
118.95,0.0258599467882499
118.96,0.0257330643319375
118.97,0.0256084887473988
118.98,0.0254861774793044
118.99,0.025366089132195
119,0.0252481830119027
119.01,0.0251324193041488
119.02,0.0250187590831733
119.03,0.0249071643358042
119.04,0.0247975979663632
119.05,0.0246900234802308
119.06,0.0245844052389092
119.07,0.0244807083576286
119.08,0.0243788989645572
119.09,0.0242789436146154
119.1,0.024180809659222
119.11,0.0240844651456091
119.12,0.0239898789149404
119.13,0.0238970205002427
119.14,0.0238058599270261
119.15,0.0237163679227738
119.16,0.0236285158445075
119.17,0.023542275872302
119.18,0.0234576205091272
119.19,0.0233745229335224
119.2,0.0232929568880668
119.21,0.023212896758451
119.22,0.0231343174370353
119.23,0.0230571942927991
119.24,0.0229815032396184
119.25,0.0229072207105967
119.26,0.0228343237557
119.27,0.0227627897382175
119.28,0.0226925965510801
119.29,0.0226237225427966
119.3,0.022556146620327
119.31,0.0224898480837432
119.32,0.0224248066057477
119.33,0.0223610023138427
119.34,0.0222984157628088
119.35,0.0222370280241219
119.36,0.0221768204079592
119.37,0.0221177746657122
119.38,0.0220598729229935
119.39,0.0220030977475785
119.4,0.0219474320331748
119.41,0.0218928589906335
119.42,0.0218393621970206
119.43,0.0217869255799873
119.44,0.0217355334839381
119.45,0.0216851704566318
119.46,0.0216358214049554
119.47,0.0215874715427513
119.48,0.0215401064396815
119.49,0.0214937119332541
119.5,0.0214482741262178
119.51,0.0214037794181698
119.52,0.021360214496166
119.53,0.021317566383304
119.54,0.0212758222721341
119.55,0.0212349696475046
119.56,0.0211949962446699
119.57,0.02115589010835
119.58,0.0211176395162821
119.59,0.0210802329298672
119.6,0.0210436590713979
119.61,0.021007906889633
119.62,0.0209729656321283
119.63,0.0209388246755583
119.64,0.0209054736413504
119.65,0.0208729023598275
119.66,0.0208411008749151
119.67,0.0208100594420095
119.68,0.0207797684854596
119.69,0.0207502186292221
119.7,0.0207214006812762
119.71,0.0206933057097656
119.72,0.0206659249018684
119.73,0.0206392496128506
119.74,0.0206132713843626
119.75,0.0205879819362486
119.76,0.0205633732127821
119.77,0.0205394372418152
119.78,0.0205161662411543
119.79,0.0204935525853041
119.8,0.0204715888161713
119.81,0.0204502676252888
119.82,0.0204295818378706
119.83,0.020409524429621
119.84,0.0203900885163422
119.85,0.020371267359845
119.86,0.0203530543443096
119.87,0.0203354429873368
119.88,0.0203184269330255
119.89,0.0203019999537254
119.9,0.020286156000217
119.91,0.0202708890665012
119.92,0.0202561932909362
119.93,0.0202420629253881
119.94,0.0202284923562016
119.95,0.0202154761589675
119.96,0.0202030088989245
119.97,0.0201910852974216
119.98,0.0201797001829682
119.99,0.0201688485021104
120,0.0201585253205082
120.01,0.0201487257735937
120.02,0.0201394451110084
120.03,0.0201306786809243
120.04,0.0201224219174423
120.05,0.0201146703465024
120.06,0.0201074195980059
120.07,0.0201006653841501
120.08,0.0200944035034111
120.09,0.0200886298360478
120.1,0.0200833403449319
120.11,0.0200785310734447
120.12,0.0200741981412586
120.13,0.0200703377428313
120.14,0.0200669462080271
120.15,0.0200640198893295
120.16,0.0200615552094571
120.17,0.0200595486732086
120.18,0.0200579968552195
120.19,0.0200568965482227
120.2,0.0200562444208414
120.21,0.0200560372703249
120.22,0.0200562719691909
120.23,0.0200569454562756
120.24,0.0200580547353067
120.25,0.0200595968943313
120.26,0.0200615690997176
120.27,0.0200639685288356
120.28,0.0200667924438399
120.29,0.0200700381666399
120.3,0.0200737030776019
120.31,0.0200777846142507
120.32,0.0200822802608145
120.33,0.0200871875661955
120.34,0.0200925041307282
120.35,0.0200982276051045
120.36,0.0201043556903194
120.37,0.0201108861363495
120.38,0.0201178167691702
120.39,0.020125145515006
120.4,0.0201328702343112
120.41,0.0201409888837218
120.42,0.0201494994659255
120.43,0.0201584000285795
120.44,0.0201676886632283
120.45,0.0201773635924256
120.46,0.0201874230012534
120.47,0.0201978651081049
120.48,0.0202086881966137
120.49,0.0202198905929366
120.5,0.0202314706649277
120.51,0.0202434268270303
120.52,0.0202557575570862
120.53,0.0202684613327763
120.54,0.0202815366877053
120.55,0.02029498219416
120.56,0.0203087964623553
120.57,0.0203229781396811
120.58,0.020337525934892
120.59,0.0203524385766387
120.6,0.0203677148173376
120.61,0.0203833534545309
120.62,0.020399353320508
120.63,0.0204157132816363
120.64,0.020432432238977
120.65,0.0204495091394135
120.66,0.020466942942374
120.67,0.0204847326469867
120.68,0.0205028772836041
120.69,0.0205213759131665
120.7,0.0205402276265661
120.71,0.0205594315761325
120.72,0.0205789869339601
120.73,0.0205988928702336
120.74,0.0206191486030278
120.75,0.0206397533792514
120.76,0.0206607064741419
120.77,0.0206820071913316
120.78,0.0207036549336051
120.79,0.0207256490318835
120.8,0.020747988883794
120.81,0.0207706739149903
120.82,0.0207937035787952
120.83,0.0208170773558429
120.84,0.0208407947491124
120.85,0.0208648552881546
120.86,0.0208892585361868
120.87,0.0209140040779981
120.88,0.0209390915237117
120.89,0.020964520508417
120.9,0.0209902906918027
120.91,0.0210164017577884
120.92,0.0210428534150024
120.93,0.0210696453965117
120.94,0.0210967774557526
120.95,0.0211242493702889
120.96,0.0211520609401273
120.97,0.0211802119873522
120.98,0.021208702355761
120.99,0.0212375319104986
121,0.0212667005545925
121.01,0.0212962082743535
121.02,0.0213260549559983
121.03,0.0213562405598566
121.04,0.021386765067494
121.05,0.0214176284814391
121.06,0.0214488308249119
121.07,0.021480372141551
121.08,0.0215122524996515
121.09,0.0215444720631247
121.1,0.0215770308955846
121.11,0.0216099291306648
121.12,0.021643166922477
121.13,0.0216767444454156
121.14,0.0217106618939631
121.15,0.0217449194824952
121.16,0.0217795174450862
121.17,0.0218144560526606
121.18,0.0218497355712715
121.19,0.0218853562943122
121.2,0.0219213185353782
121.21,0.0219576226271137
121.22,0.0219942689210338
121.23,0.022031257787347
121.24,0.0220685896147764
121.25,0.0221062648321425
121.26,0.0221442838610899
121.27,0.0221826471441045
121.28,0.0222213551461657
121.29,0.0222604083503644
121.3,0.0222998072577507
121.31,0.0223395523871822
121.32,0.0223796442751698
121.33,0.0224200835020266
121.34,0.0224608706432081
121.35,0.0225020062822763
121.36,0.0225434910306865
121.37,0.0225853255175092
121.38,0.022627510389314
121.39,0.0226700463100568
121.4,0.0227129339609642
121.41,0.0227561740613856
121.42,0.0227997673375315
121.43,0.022843714510863
121.44,0.0228880163347433
121.45,0.0229326735796879
121.46,0.0229776870332696
121.47,0.0230230575000257
121.48,0.0230687858013643
121.49,0.0231148727754703
121.5,0.0231613192772135
121.51,0.0232081262365484
121.52,0.0232552945112053
121.53,0.0233028250093334
121.54,0.0233507186578238
121.55,0.0233989764004374
121.56,0.0234475991977409
121.57,0.0234965880270415
121.58,0.0235459438823252
121.59,0.0235956677741913
121.6,0.0236457607487452
121.61,0.0236962238754698
121.62,0.0237470581954704
121.63,0.0237982647904262
121.64,0.0238498447588819
121.65,0.0239017992162102
121.66,0.0239541292945742
121.67,0.0240068361428903
121.68,0.0240599209267906
121.69,0.024113384828585
121.7,0.0241672290748307
121.71,0.0242214548730765
121.72,0.0242760634536761
121.73,0.0243310560687813
121.74,0.0243864339874044
121.75,0.0244421984954002
121.76,0.0244983508954439
121.77,0.0245548925070109
121.78,0.0246118246663564
121.79,0.0246691487376032
121.8,0.0247268661260136
121.81,0.0247849781954513
121.82,0.0248434863540358
121.83,0.024902392027106
121.84,0.0249616966572247
121.85,0.0250214017041834
121.86,0.0250815086450058
121.87,0.025142018973955
121.88,0.0252029342025366
121.89,0.025264255883968
121.9,0.0253259855650475
121.91,0.0253881248030006
121.92,0.0254506751821723
121.93,0.0255136383045824
121.94,0.0255770157899476
121.95,0.0256408092757072
121.96,0.0257050204170449
121.97,0.0257696508869132
121.98,0.0258347023768138
121.99,0.0259001766029508
122,0.0259660752872326
122.01,0.0260324001747374
122.02,0.0260991530285191
122.03,0.0261663356296354
122.04,0.0262339497771756
122.05,0.0263019972882883
122.06,0.0263704799982093
122.07,0.0264393997602879
122.08,0.0265087584807447
122.09,0.0265785580634248
122.1,0.0266488003948407
122.11,0.026719487405693
122.12,0.0267906210453516
122.13,0.0268622032818975
122.14,0.0269342361021674
122.15,0.0270067215117973
122.16,0.027079661535266
122.17,0.0271530582159394
122.18,0.0272269136161139
122.19,0.0273012298170594
122.2,0.0273760090171215
122.21,0.0274512532913644
122.22,0.0275269647722664
122.23,0.0276031456252508
122.24,0.027679798035624
122.25,0.0277569242086481
122.26,0.0278345263696091
122.27,0.0279126067638877
122.28,0.0279911676570294
122.29,0.0280702113348145
122.3,0.0281497401033284
122.31,0.0282297562976055
122.32,0.0283102623017772
122.33,0.028391260456311
122.34,0.0284727531524489
122.35,0.0285547428023846
122.36,0.0286372318393435
122.37,0.0287202227176672
122.38,0.0288037179128932
122.39,0.0288877199218374
122.4,0.0289722312626755
122.41,0.0290572544750246
122.42,0.0291427921200256
122.43,0.0292288468146382
122.44,0.0293154211785263
122.45,0.0294025178160484
122.46,0.0294901393798807
122.47,0.0295782885450471
122.48,0.0296669680090176
122.49,0.0297561804918037
122.5,0.0298459287360596
122.51,0.0299362155071776
122.52,0.030027043593387
122.53,0.0301184158058511
122.54,0.0302103349787655
122.55,0.0303028040784231
122.56,0.0303958259376871
122.57,0.0304894034528107
122.58,0.0305835395598784
122.59,0.0306782372192716
122.6,0.0307734994157978
122.61,0.0308693291588154
122.62,0.0309657294823647
122.63,0.031062703445293
122.64,0.0311602541313826
122.65,0.0312583846494783
122.66,0.0313570981419233
122.67,0.0314563978065375
122.68,0.0315562868004597
122.69,0.031656768337342
122.7,0.0317578456568377
122.71,0.031859522024739
122.72,0.0319618007331162
122.73,0.032064685100458
122.74,0.0321681784718079
122.75,0.032272284218907
122.76,0.0323770057403312
122.77,0.0324823464616306
122.78,0.032588309863268
122.79,0.0326948994385945
122.8,0.0328021186764901
122.81,0.0329099711156186
122.82,0.0330184603226563
122.83,0.0331275898924479
122.84,0.0332373634481569
122.85,0.0333477846414192
122.86,0.0334588571524928
122.87,0.0335705846904147
122.88,0.0336829709931503
122.89,0.033796019827747
122.9,0.0339097351492818
122.91,0.0340241207075273
122.92,0.0341391803415279
122.93,0.0342549179457247
122.94,0.0343713374451387
122.95,0.0344884427955524
122.96,0.034606237983684
122.97,0.0347247270273653
122.98,0.0348439139757196
122.99,0.0349638029093362
123,0.0350843979404516
123.01,0.0352057032131239
123.02,0.0353277229034107
123.03,0.0354504612784176
123.04,0.035573922687519
123.05,0.035698111303049
123.06,0.0358230314407208
123.07,0.035948687449913
123.08,0.0360750837138776
123.09,0.0362022246499409
123.1,0.036330114709709
123.11,0.0364587583792686
123.12,0.0365881601793948
123.13,0.0367183246657526
123.14,0.0368492564291011
123.15,0.0369809600954971
123.16,0.0371134403264993
123.17,0.0372467019768263
123.18,0.0373807497215322
123.19,0.0375155883020016
123.2,0.0376512225340904
123.21,0.037787657270969
123.22,0.037924897403354
123.23,0.0380629478597392
123.24,0.038201813606623
123.25,0.0383414996487432
123.26,0.0384820110293048
123.27,0.0386233528302109
123.28,0.0387655301722931
123.29,0.0389085482155421
123.3,0.0390524122264831
123.31,0.0391971276289107
123.32,0.0393426995447083
123.33,0.0394891333069026
123.34,0.0396364342899491
123.35,0.0397846079100022
123.36,0.0399336596251802
123.37,0.0400835949358394
123.38,0.0402344193848386
123.39,0.0403861385578094
123.4,0.0405387580834241
123.41,0.0406922836336644
123.42,0.0408467209240902
123.43,0.0410020757141091
123.44,0.0411583540001692
123.45,0.0413155615835366
123.46,0.0414737043055578
123.47,0.0416327881174085
123.48,0.0417928190165197
123.49,0.0419538030468782
123.5,0.0421157462993367
123.51,0.0422786549119143
123.52,0.0424425350701017
123.53,0.0426073930071656
123.54,0.0427732350044531
123.55,0.042940067391696
123.56,0.0431078965473158
123.57,0.043276728948909
123.58,0.0434465712860407
123.59,0.0436174299159959
123.6,0.0437893114290033
123.61,0.0439622224666133
123.62,0.044136169722047
123.63,0.0443111599405341
123.64,0.0444871999196568
123.65,0.0446642965096919
123.66,0.0448424566139533
123.67,0.0450216871891344
123.68,0.0452019952456515
123.69,0.0453833878479826
123.7,0.0455658721150152
123.71,0.0457494554648463
123.72,0.0459341451040507
123.73,0.0461199482263093
123.74,0.0463068721906222
123.75,0.0464949244135977
123.76,0.0466841123698403
123.77,0.0468744435923445
123.78,0.0470659256728867
123.79,0.0472585662624181
123.8,0.0474523730714568
123.81,0.0476473538704816
123.82,0.0478435164903197
123.83,0.0480408688225461
123.84,0.0482394188805699
123.85,0.0484391751038984
123.86,0.0486401452315907
123.87,0.0488423374222003
123.88,0.049045759898433
123.89,0.0492504209475848
123.9,0.0494563289219795
123.91,0.0496634922394057
123.92,0.0498719193835544
123.93,0.0500816189044569
123.94,0.0502925994189181
123.95,0.0505048696109603
123.96,0.0507184382322558
123.97,0.0509333141025657
123.98,0.0511495061101778
123.99,0.0513670232557653
124,0.0515858752522152
124.01,0.0518060706785825
124.02,0.0520276187303624
124.03,0.0522505286758379
124.04,0.0524748098565819
124.05,0.0527004716879585
124.06,0.0529275236596263
124.07,0.0531559753360348
124.08,0.0533858363569342
124.09,0.0536171164378715
124.1,0.0538498253706954
124.11,0.0540839730240525
124.12,0.0543195693438966
124.13,0.0545566243539861
124.14,0.0547951481568627
124.15,0.0550351519551893
124.16,0.0552766452699499
124.17,0.0555196384796114
124.18,0.0557641420457423
124.19,0.0560101665135961
124.2,0.0562577225127075
124.21,0.0565068207574761
124.22,0.0567574720477554
124.23,0.0570096872694433
124.24,0.0572634773950649
124.25,0.0575188534843688
124.26,0.0577758266849108
124.27,0.0580344082326432
124.28,0.0582946094525034
124.29,0.0585564417590026
124.3,0.0588199173446778
124.31,0.0590850474071208
124.32,0.059351843635273
124.33,0.0596203178533684
124.34,0.0598904819819993
124.35,0.0601623480388474
124.36,0.060435928139407
124.37,0.0607112344977222
124.38,0.0609882794271103
124.39,0.061267075340891
124.4,0.061547634753116
124.41,0.0618299702792971
124.42,0.0621140949515882
124.43,0.0624000215442538
124.44,0.0626877628930112
124.45,0.062977332054937
124.46,0.0632687421946368
124.47,0.0635620065850642
124.48,0.0638571386083408
124.49,0.0641541517565675
124.5,0.0644530596326524
124.51,0.064753875951122
124.52,0.0650566145389412
124.53,0.0653612893363308
124.54,0.0656679145617838
124.55,0.0659765045036725
124.56,0.0662870733060195
124.57,0.0665996353931865
124.58,0.0669142053088668
124.59,0.0672307977169688
124.6,0.0675494274025117
124.61,0.0678701092725095
124.62,0.0681928583568732
124.63,0.0685176898092954
124.64,0.0688446189081433
124.65,0.0691736610573503
124.66,0.0695048318700084
124.67,0.0698381473115503
124.68,0.0701736229723551
124.69,0.0705112748072171
124.7,0.07085111890525
124.71,0.0711931714909687
124.72,0.0715374489253805
124.73,0.0718839677070773
124.74,0.0722327444733163
124.75,0.0725837960011224
124.76,0.07293713934198
124.77,0.073292791641033
124.78,0.0736507700204108
124.79,0.0740110918545621
124.8,0.0743737746660668
124.81,0.0747388361268608
124.82,0.0751062940594504
124.83,0.0754761664381477
124.84,0.0758484713902848
124.85,0.0762232271974407
124.86,0.076600452449417
124.87,0.076980165703716
124.88,0.0773623856963295
124.89,0.0777471313576319
124.9,0.078134421780405
124.91,0.0785242762211534
124.92,0.0789167141014192
124.93,0.0793117550090992
124.94,0.0797094186997509
124.95,0.0801097251084216
124.96,0.0805126945058076
124.97,0.0809183470788829
124.98,0.081326703295068
124.99,0.0817377837998734
125,0.0821516094184532
125.01,0.0825682011571351
125.02,0.082987580204962
125.03,0.0834097681799978
125.04,0.0838347867319043
125.05,0.0842626574000167
125.06,0.0846934020938715
125.07,0.085127042899629
125.08,0.0855636020800876
125.09,0.086003102074674
125.1,0.0864455654994488
125.11,0.0868910167575433
125.12,0.0873394780468815
125.13,0.0877909726239925
125.14,0.0882455239825532
125.15,0.0887031558052751
125.16,0.0891638919639046
125.17,0.0896277565192226
125.18,0.0900947744506175
125.19,0.0905649711431154
125.2,0.0910383705871199
125.21,0.0915149977977615
125.22,0.0919948779941756
125.23,0.0924780365995052
125.24,0.0929644992408902
125.25,0.0934542917494832
125.26,0.0939474420679791
125.27,0.0944439758368823
125.28,0.0949439194620642
125.29,0.0954472998223025
125.3,0.0959541440173013
125.31,0.0964644793676945
125.32,0.0969783334150338
125.33,0.0974957345562277
125.34,0.0980167122851103
125.35,0.0985412938883379
125.36,0.0990695080281812
125.37,0.0996013836058927
125.38,0.100136949761695
125.39,0.100676235874784
125.4,0.101219271563328
125.41,0.10176608856074
125.42,0.102316716771405
125.43,0.102871186282187
125.44,0.103429527931647
125.45,0.103991772816806
125.46,0.104557952293133
125.47,0.105128097974547
125.48,0.105702242211775
125.49,0.106280419353543
125.5,0.106862660525155
125.51,0.107448998653764
125.52,0.108039466946388
125.53,0.108634098889913
125.54,0.109232928251088
125.55,0.109835989076528
125.56,0.110443317563094
125.57,0.111054948734385
125.58,0.111670916903207
125.59,0.112291257554823
125.6,0.112916006478042
125.61,0.113545199765206
125.62,0.114178873812211
125.63,0.114817065495952
125.64,0.115459815170712
125.65,0.116107158338531
125.66,0.116759132951019
125.67,0.117415777289777
125.68,0.118077129966406
125.69,0.118743229922487
125.7,0.119414116429605
125.71,0.120089830837664
125.72,0.120770414436724
125.73,0.121455906438234
125.74,0.12214634782224
125.75,0.122841779927905
125.76,0.123542244453493
125.77,0.124247783456375
125.78,0.124958439353025
125.79,0.12567425892072
125.8,0.126395283593286
125.81,0.127121557020262
125.82,0.127853123498154
125.83,0.128590027714783
125.84,0.129332314749271
125.85,0.130080030072051
125.86,0.130833221049958
125.87,0.131591936568668
125.88,0.13235622159345
125.89,0.133126123631218
125.9,0.13390169061587
125.91,0.134682970908285
125.92,0.135470013296323
125.93,0.136262866994832
125.94,0.137061585741941
125.95,0.137866218834336
125.96,0.138676816409588
125.97,0.139493429933551
125.98,0.140316111338879
125.99,0.141144913025001
126,0.141979887858158
126.01,0.14282109029901
126.02,0.143668578551879
126.03,0.144522404339199
126.04,0.145382622975678
126.05,0.146249290287282
126.06,0.147122462611236
126.07,0.148002196796009
126.08,0.148888550201341
126.09,0.149781583943321
126.1,0.150681357191976
126.11,0.151587928275432
126.12,0.1525013574477
126.13,0.153421705585259
126.14,0.154349034193289
126.15,0.155283405411902
126.16,0.156224882022366
126.17,0.157173528169181
126.18,0.158129408569973
126.19,0.159092587570131
126.2,0.16006313080079
126.21,0.161041104593108
126.22,0.162026575985973
126.23,0.163019612733714
126.24,0.164020283313773
126.25,0.165028657128392
126.26,0.166044804578545
126.27,0.167068796111373
126.28,0.168100703269428
126.29,0.169140598368928
126.3,0.170188554508098
126.31,0.171244645575529
126.32,0.172308946258492
126.33,0.173381532159303
126.34,0.174462480377995
126.35,0.175551867647738
126.36,0.176649772054467
126.37,0.177756272539898
126.38,0.178871448910682
126.39,0.179995381847584
126.4,0.181128152914657
126.41,0.182269844568423
126.42,0.183420541728308
126.43,0.184580327961758
126.44,0.185749288621909
126.45,0.1869275100552
126.46,0.188115079573899
126.47,0.189312085466704
126.48,0.19051861700935
126.49,0.191734764475182
126.5,0.192960620670022
126.51,0.194196277644359
126.52,0.195441828672882
126.53,0.19669736840168
126.54,0.197962992561104
126.55,0.199238797978122
126.56,0.200524882588688
126.57,0.201821345450063
126.58,0.203128287945493
126.59,0.204445811740273
126.6,0.205774019028227
126.61,0.207113013756245
126.62,0.208462901088935
126.63,0.209823787422769
126.64,0.211195780400274
126.65,0.212578988924209
126.66,0.213973524073507
126.67,0.215379498253161
126.68,0.216797023663733
126.69,0.218226214688818
126.7,0.219667187080319
126.71,0.221120057974563
126.72,0.222584945908472
126.73,0.224061970835721
126.74,0.225551254793995
126.75,0.227052922391447
126.76,0.228567096981776
126.77,0.230093904698943
126.78,0.231633473218783
126.79,0.233185931777545
126.8,0.234751411190424
126.81,0.236330043870109
126.82,0.237921964152871
126.83,0.239527310599539
126.84,0.241146219069599
126.85,0.242778828974887
126.86,0.244425281471455
126.87,0.246085719481095
126.88,0.247760287712771
126.89,0.249449132684089
126.9,0.25115240274277
126.91,0.252870251774943
126.92,0.254602830334509
126.93,0.256350292707463
126.94,0.258112795332624
126.95,0.259890496653352
126.96,0.261683557142452
126.97,0.263492139327133
126.98,0.265316407813958
126.99,0.26715653264661
127,0.269012682303247
127.01,0.270885027566318
127.02,0.27277374223591
127.03,0.274679002392626
127.04,0.27660098642654
127.05,0.278539875066131
127.06,0.280495851407248
127.07,0.282469103836625
127.08,0.284459821329827
127.09,0.286468193397571
127.1,0.288494413608497
127.11,0.290538678131383
127.12,0.292601185768811
127.13,0.294682137990717
127.14,0.296781738967992
127.15,0.298900197315725
127.16,0.3010377251064
127.17,0.303194533920106
127.18,0.305370839958879
127.19,0.307566862424511
127.2,0.309782823560383
127.21,0.312018948693169
127.22,0.314275468154758
127.23,0.316552614346594
127.24,0.318850621835943
127.25,0.321169729352047
127.26,0.323510179010425
127.27,0.325872216360445
127.28,0.32825609043288
127.29,0.330662055931058
127.3,0.333090368776976
127.31,0.33554128887036
127.32,0.338015080192063
127.33,0.340512010520308
127.34,0.34303235148294
127.35,0.345576378671845
127.36,0.348144374990063
127.37,0.350736622605552
127.38,0.353353409696323
127.39,0.355995028646969
127.4,0.358661776107078
127.41,0.361353953049653
127.42,0.364071865820312
127.43,0.366815828517224
127.44,0.369586153783961
127.45,0.372383161507189
127.46,0.375207176343708
127.47,0.37805852778866
127.48,0.380937550243728
127.49,0.383844585636439
127.5,0.386779982170733
127.51,0.389744087961257
127.52,0.392737259084185
127.53,0.39575985706396
127.54,0.398812248954011
127.55,0.401894807417472
127.56,0.405007913721432
127.57,0.408151953313075
127.58,0.411327315723474
127.59,0.414534397891059
127.6,0.417773602916475
127.61,0.421045340152406
127.62,0.424350025293584
127.63,0.427688083398367
127.64,0.431059942885792
127.65,0.434466039181357
127.66,0.437906815008549
127.67,0.441382719990855
127.68,0.44489421074829
127.69,0.448441751071758
127.7,0.452025819877935
127.71,0.455646892254159
127.72,0.459305455226684
127.73,0.463002003521851
127.74,0.466737039676658
127.75,0.470511074149549
127.76,0.474324626859347
127.77,0.478178231682563
127.78,0.482072421822406
127.79,0.486007742882091
127.8,0.489984749352576
127.81,0.494004004753755
127.82,0.498066082935263
127.83,0.502171566974696
127.84,0.506321048240886
127.85,0.510515128473109
127.86,0.514754419263074
127.87,0.519039542204717
127.88,0.523371128201941
127.89,0.527749819361456
127.9,0.532176268012533
127.91,0.536651136961105
127.92,0.541175099715147
127.93,0.545748841065152
127.94,0.550373058468037
127.95,0.555048457929116
127.96,0.559775757917844
127.97,0.564555688458175
127.98,0.569388991283786
127.99,0.574276422585893
128,0.579218750302222
128.01,0.58421675206077
128.02,0.589271219511187
128.03,0.594382957048146
128.04,0.599552781985221
128.05,0.604781526220506
128.06,0.610070033301982
128.07,0.615419160648162
128.08,0.620829779501719
128.09,0.626302774978486
128.1,0.631839045731118
128.11,0.637439502763706
128.12,0.643105074440739
128.13,0.648836702375079
128.14,0.654635342812774
128.15,0.660501966802635
128.16,0.666437557964407
128.17,0.672443115583013
128.18,0.678519656459421
128.19,0.68466821135874
128.2,0.690889826506732
128.21,0.697185563746368
128.22,0.703556496591431
128.23,0.71000371330322
128.24,0.716528324740438
128.25,0.723131454293724
128.26,0.729814241353762
128.27,0.736577841440671
128.28,0.743423419846621
128.29,0.750352151425998
128.3,0.757365244380325
128.31,0.764463915019274
128.32,0.771649395613338
128.33,0.778922934467428
128.34,0.786285788585392
128.35,0.793739213816017
128.36,0.801284514057705
128.37,0.808922994648812
128.38,0.816655976045655
128.39,0.824484793807217
128.4,0.832410793891082
128.41,0.840435311110003
128.42,0.848559729991125
128.43,0.856785434226833
128.44,0.865113820144371
128.45,0.873546292119946
128.46,0.882084247538282
128.47,0.890729122000437
128.48,0.899482350659434
128.49,0.908345378355338
128.5,0.917319652839232
128.51,0.926406608412883
128.52,0.935607719710203
128.53,0.944924454469949
128.54,0.954358285894482
128.55,0.963910681672199
128.56,0.973583084638507
128.57,0.983376984599368
128.58,0.993293853553127
128.59,1.00333516274166
128.6,1.01350236728043
128.61,1.02379688714314
128.62,1.03422018994553
128.63,1.04477371379481
128.64,1.05545888760972
128.65,1.0662771112461
128.66,1.07722973935017
128.67,1.08831816951951
128.68,1.0995437568967
128.69,1.11090783662107
128.7,1.12241169880071
128.71,1.13405657694052
128.72,1.14584373943175
128.73,1.1577743968598
128.74,1.16984972633472
128.75,1.1820708415241
128.76,1.19443878755541
128.77,1.20695463072851
128.78,1.21961936258
128.79,1.23243392495692
128.8,1.24539917684171
128.81,1.25851589676943
128.82,1.2717848629878
128.83,1.28520676166513
128.84,1.29878221057024
128.85,1.31251172549802
128.86,1.32639572934622
128.87,1.34043461599721
128.88,1.35462867019775
128.89,1.36897808760732
128.9,1.38348294568018
128.91,1.39814321560834
128.92,1.41295880359597
128.93,1.42792949140971
128.94,1.44305495002087
128.95,1.45833472115583
128.96,1.47376822491328
128.97,1.48935477572335
128.98,1.50509355099519
128.99,1.52098359592438
129,1.53702382197111
129.01,1.55321300123226
129.02,1.56954975939412
129.03,1.58603257571487
129.04,1.6026597902907
129.05,1.61942959818307
129.06,1.63634001794528
129.07,1.6533889166119
129.08,1.67057401323973
129.09,1.68789288369627
129.1,1.70534290159609
129.11,1.72292128616726
129.12,1.740625100411
129.13,1.75845127249779
129.14,1.77639650574136
129.15,1.79445734993189
129.16,1.81263019295495
129.17,1.83091130456134
129.18,1.84929670833302
129.19,1.86778228079721
129.2,1.88636373408029
129.21,1.90503668668877
129.22,1.92379649328424
129.23,1.94263837366945
129.24,1.96155738466118
129.25,1.98054851774623
129.26,1.99960649188174
129.27,2.01872590761699
129.28,2.03790120952813
129.29,2.05712680123464
129.3,2.07639682250579
129.31,2.09570531114138
129.32,2.11504616708176
129.33,2.13441325557602
129.34,2.15380022315893
129.35,2.17320061507481
129.36,2.19260786624425
129.37,2.21201537678769
129.38,2.23141640131727
129.39,2.25080408179127
129.4,2.27017148604791
129.41,2.28951165050857
129.42,2.30881753691273
129.43,2.32808199579149
129.44,2.34729784040891
129.45,2.36645786208558
129.46,2.38555483834788
129.47,2.40458145337939
129.48,2.4235303894319
129.49,2.44239432457771
129.5,2.46116597125238
129.51,2.47983798107013
129.52,2.49840303737354
129.53,2.51685384485786
129.54,2.53518318036455
129.55,2.55338380233911
129.56,2.57144853371409
129.57,2.58937025104634
129.58,2.60714192869014
129.59,2.62475657739408
129.6,2.64220730078929
129.61,2.65948729410682
129.62,2.67658986485251
129.63,2.69350842090235
129.64,2.71023648775404
129.65,2.7267677201341
129.66,2.7430959054461
129.67,2.75921497661287
129.68,2.77511902204035
129.69,2.79080229110125
129.7,2.80625919128098
129.71,2.82148430126196
129.72,2.83647240409834
129.73,2.85121846884901
129.74,2.86571765105151
129.75,2.8799652832497
129.76,2.89395696190415
129.77,2.90768848622091
129.78,2.9211558798896
129.79,2.93435531221537
129.8,2.94728329486908
129.81,2.95993654703434
129.82,2.9723120384967
129.83,2.98440689209091
129.84,2.99621856354636
129.85,3.00774477174599
129.86,3.01898348508285
129.87,3.02993286277125
129.88,3.04059131854985
129.89,3.05095761676305
129.9,3.06103075257706
129.91,3.07080995134602
129.92,3.08029459553213
129.93,3.08948449933699
129.94,3.09837968094795
129.95,3.10698042162966
129.96,3.1152870619121
129.97,3.12330043312848
129.98,3.13102153979311
129.99,3.13845163992262
130,3.1455920854766
130.01,3.15244456961175
130.02,3.15901104359236
130.03,3.16529366009849
130.04,3.17129470919267
130.05,3.17701666207762
130.06,3.18246231448072
130.07,3.18763460966602
130.08,3.19253665126385
130.09,3.19717160665778
130.1,3.20154298205868
130.11,3.20565438619282
130.12,3.20950958544299
130.13,3.21311234805668
130.14,3.21646673886219
130.15,3.21957689349616
130.16,3.22244706425414
130.17,3.22508154805712
130.18,3.22748477180739
130.19,3.22966126624415
130.2,3.23161562387245
130.21,3.23335248829216
130.22,3.23487655085013
130.23,3.23619257670822
130.24,3.23730535738171
130.25,3.23821971324948
130.26,3.23894049660422
130.27,3.2394725573031
130.28,3.23982075258058
130.29,3.23998993329149
130.3,3.23998495851549
130.31,3.2398106772626
130.32,3.23947188601396
130.33,3.23897335831609
130.34,3.23831987849183
130.35,3.23751614066162
130.36,3.23656680135593
130.37,3.23547647592124
130.38,3.23424974583604
130.39,3.23289109174877
130.4,3.23140493784515
130.41,3.22979567455077
130.42,3.22806759542248
130.43,3.22622490682773
130.44,3.22427174606486
130.45,3.22221221563856
130.46,3.22005027423167
130.47,3.21778981055098
130.48,3.21543465397137
130.49,3.21298854654459
130.5,3.2104551111292
130.51,3.20783788955765
130.52,3.20514038349567
130.53,3.20236594762245
130.54,3.19951786072944
130.55,3.19659932456464
130.56,3.19361346559081
130.57,3.19056328199927
130.58,3.1874516921914
130.59,3.18428154099624
130.6,3.1810556078662
130.61,3.17777653537612
130.62,3.17444689443036
130.63,3.17106918475843
130.64,3.16764584824676
130.65,3.1641791953691
130.66,3.16067147167279
130.67,3.1571248499308
130.68,3.15354144079188
130.69,3.14992324974957
130.7,3.14627221629304
130.71,3.14259021099652
130.72,3.13887904563061
130.73,3.13514044057707
130.74,3.13137605484716
130.75,3.12758748297606
130.76,3.12377626239561
130.77,3.11994385505947
130.78,3.11609166545542
130.79,3.11222103982071
130.8,3.10833327258054
130.81,3.10442959326598
130.82,3.10051118015493
130.83,3.09657915882029
130.84,3.09263460385317
130.85,3.08867854046258
130.86,3.08471194625405
130.87,3.08073575290219
130.88,3.07675084687218
130.89,3.07275806851912
130.9,3.0687582224106
130.91,3.06475207157816
130.92,3.0607403412356
130.93,3.05672371680878
130.94,3.05270283490383
130.95,3.04867831935605
130.96,3.04465075343821
130.97,3.04062068950632
130.98,3.03658864587689
130.99,3.03255509321532
131,3.0285205033351
131.01,3.02448531054449
131.02,3.02044992405484
131.03,3.01641472494873
131.04,3.01238005174662
131.05,3.00834624972712
131.06,3.00431363180967
131.07,3.00028249085747
131.08,2.9962530969393
131.09,2.99222568289779
131.1,2.98820049178383
131.11,2.98417773929385
131.12,2.98015762542584
131.13,2.97614033176683
131.14,2.9721260060592
131.15,2.96811481080242
131.16,2.96410688468317
131.17,2.96010235428487
131.18,2.95610133144705
131.19,2.9521038970358
131.2,2.94811015011165
131.21,2.94412016885178
131.22,2.94013402217683
131.23,2.93615176753272
131.24,2.93217343574194
131.25,2.92819907559013
131.26,2.92422871848401
131.27,2.92026238886504
131.28,2.91630010255775
131.29,2.91234185389186
131.3,2.90838765278255
131.31,2.90443749550256
131.32,2.90049137327657
131.33,2.89654927100683
131.34,2.89261115597356
131.35,2.88867700964428
131.36,2.88474680270776
131.37,2.88082050237951
131.38,2.87689807132095
131.39,2.87297945697899
131.4,2.86906462083338
131.41,2.86515351547472
131.42,2.86124609123574
131.43,2.85734229531074
131.44,2.85344206203326
131.45,2.8495453389875
131.46,2.84565206656314
131.47,2.8417621838179
131.48,2.83787562799781
131.49,2.83399232591197
131.5,2.83011221596505
131.51,2.82623523111865
131.52,2.82236130373162
131.53,2.81849036534487
131.54,2.81462233889912
131.55,2.8107571577466
131.56,2.80689475110298
131.57,2.80303504813532
131.58,2.79917797797756
131.59,2.79532346433736
131.6,2.79147143829588
131.61,2.78762182867577
131.62,2.78377456476898
131.63,2.77992957642114
131.64,2.77608678559232
131.65,2.77224612535681
131.66,2.76840752555081
131.67,2.76457091666454
131.68,2.76073622994496
131.69,2.756903393578
131.7,2.75307234119589
131.71,2.74924300569482
131.72,2.74541532083384
131.73,2.74158922136475
131.74,2.7377646389076
131.75,2.73394151085245
131.76,2.73011977412887
131.77,2.72629936655992
131.78,2.72248022705911
131.79,2.71866229313706
131.8,2.71484550631615
131.81,2.71102980847414
131.82,2.70721514251468
131.83,2.7034014525567
131.84,2.69958868289273
131.85,2.69577677927674
131.86,2.69196568971265
131.87,2.68815536294516
131.88,2.68434574903942
131.89,2.68053679829934
131.9,2.67672845829177
131.91,2.67292068418737
131.92,2.66911342977211
131.93,2.66530664997965
131.94,2.66150030090039
131.95,2.65769433961822
131.96,2.65388872456699
131.97,2.65008341532001
131.98,2.64627837261599
131.99,2.64247355838335
132,2.6386689349719
132.01,2.63486446588369
132.02,2.63106011667709
132.03,2.62725585357991
132.04,2.62345164395346
132.05,2.6196474561936
132.06,2.61584325930974
132.07,2.61203902418499
132.08,2.60823472250721
132.09,2.60443032706187
132.1,2.6006258117297
132.11,2.5968211512315
132.12,2.5930163216139
132.13,2.58921129997507
132.14,2.58540606444792
132.15,2.5816005942307
132.16,2.57779486849279
132.17,2.5739888674371
132.18,2.57018257386436
132.19,2.56637597071327
132.2,2.56256904189943
132.21,2.55876177230749
132.22,2.55495414778312
132.23,2.55114615350712
132.24,2.54733777640334
132.25,2.54352900545615
132.26,2.53971982970129
132.27,2.53591023901336
132.28,2.53210022409283
132.29,2.52828977645303
132.3,2.52447888813065
132.31,2.52066755218345
132.32,2.51685576249813
132.33,2.51304351362811
132.34,2.50923080086316
132.35,2.50541762021565
132.36,2.50160396840689
132.37,2.49778984411318
132.38,2.49397524529977
132.39,2.49016017080522
132.4,2.4863446203644
132.41,2.48252859439699
132.42,2.47871209399635
132.43,2.47489512091859
132.44,2.47107767740832
132.45,2.4672597665633
132.46,2.46344139203919
132.47,2.4596225580973
132.48,2.45580326960155
132.49,2.45198353200725
132.5,2.44816335128731
132.51,2.44434273243947
132.52,2.44052168325874
132.53,2.43670021115553
132.54,2.4328783240305
132.55,2.4290560302604
132.56,2.42523333868395
132.57,2.42141025873348
132.58,2.41758680108996
132.59,2.41376297551477
132.6,2.40993879275926
132.61,2.40611426399669
132.62,2.40228940080996
132.63,2.39846421517943
132.64,2.39463871977852
132.65,2.39081292829692
132.66,2.38698685341597
132.67,2.3831605088067
132.68,2.37933390850769
132.69,2.37550706691479
132.7,2.37167999877064
132.71,2.36785271915438
132.72,2.3640252439811
132.73,2.36019758876306
132.74,2.35636976960242
132.75,2.35254180291324
132.76,2.34871370540657
132.77,2.34488549408073
132.78,2.34105718621168
132.79,2.33722879966725
132.8,2.33340035229597
132.81,2.32957186211902
132.82,2.32574334751253
132.83,2.32191482709356
132.84,2.31808631971119
132.85,2.31425784443751
132.86,2.31042942078391
132.87,2.30660106856865
132.88,2.30277280733127
132.89,2.29894465705177
132.9,2.29511663790283
132.91,2.29128877024173
132.92,2.28746107460218
132.93,2.28363357176284
132.94,2.27980628324907
132.95,2.27597922978857
132.96,2.27215243266177
132.97,2.26832591330222
132.98,2.26449969328947
132.99,2.26067379434203
133,2.25684823831019
133.01,2.25302304767527
133.02,2.24919824444188
133.03,2.24537385083649
133.04,2.24154988927597
133.05,2.23772638228832
133.06,2.23390335250642
133.07,2.23008082266186
133.08,2.22625881583077
133.09,2.22243735508547
133.1,2.21861646333841
133.11,2.21479616373999
133.12,2.21097647951984
133.13,2.20715743398136
133.14,2.20333905049614
133.15,2.19952135262841
133.16,2.19570436427891
133.17,2.19188810879976
133.18,2.18807260986954
133.19,2.18425789121954
133.2,2.18044397662877
133.21,2.1766308899192
133.22,2.17281865495091
133.23,2.16900729600301
133.24,2.16519683700815
133.25,2.16138730188524
133.26,2.15757871468898
133.27,2.15377109949987
133.28,2.14996448041999
133.29,2.14615888156885
133.3,2.14235432715768
133.31,2.13855084169404
133.32,2.13474844915648
133.33,2.13094717376392
133.34,2.1271470397416
133.35,2.12334807131743
133.36,2.11955029271845
133.37,2.11575372816709
133.38,2.11195840214796
133.39,2.10816433891647
133.4,2.10437156262093
133.41,2.10058009749962
133.42,2.09678996777748
133.43,2.09300119766296
133.44,2.08921381134508
133.45,2.08542783303335
133.46,2.08164328719311
133.47,2.07786019778847
133.48,2.0740785889568
133.49,2.07029848480843
133.5,2.06651990942389
133.51,2.06274288685135
133.52,2.05896744110398
133.53,2.05519359632371
133.54,2.05142137651193
133.55,2.04765080552197
133.56,2.04388190724868
133.57,2.04011470554516
133.58,2.03634922422037
133.59,2.03258548703695
133.6,2.02882351772574
133.61,2.02506334020227
133.62,2.02130497796273
133.63,2.01754845460253
133.64,2.01379379366497
133.65,2.01004101863933
133.66,2.00629015295893
133.67,2.00254121999918
133.68,1.99879424322615
133.69,1.99504924598453
133.7,1.9913062514068
133.71,1.98756528266121
133.72,1.98382636285396
133.73,1.98008951502755
133.74,1.97635476215922
133.75,1.97262212715919
133.76,1.96889163301915
133.77,1.96516330255612
133.78,1.96143715843375
133.79,1.95771322331591
133.8,1.95399151979606
133.81,1.95027207039595
133.82,1.94655489756423
133.83,1.94284002367498
133.84,1.93912747117866
133.85,1.9354172623071
133.86,1.93170941918312
133.87,1.92800396390273
133.88,1.92430091848482
133.89,1.92060030486993
133.9,1.91690214491918
133.91,1.91320646041304
133.92,1.90951327322509
133.93,1.9058226049511
133.94,1.90213447711599
133.95,1.89844891120078
133.96,1.89476592860446
133.97,1.89108555064306
133.98,1.8874077985487
133.99,1.88373269346875
134,1.88006025660878
134.01,1.87639050890537
134.02,1.87272347125079
134.03,1.86905916446951
134.04,1.86539760929982
134.05,1.86173882639302
134.06,1.8580828363127
134.07,1.85442965953403
134.08,1.85077931654077
134.09,1.84713182759039
134.1,1.84348721289737
134.11,1.8398454925913
134.12,1.83620668671147
134.13,1.83257081520629
134.14,1.82893789793261
134.15,1.82530795465733
134.16,1.82168100518372
134.17,1.81805706902765
134.18,1.81443616569131
134.19,1.8108183145845
134.2,1.80720353502409
134.21,1.80359184623354
134.22,1.79998326734236
134.23,1.79637781739903
134.24,1.79277551549036
134.25,1.78917638038652
134.26,1.78558043085673
134.27,1.7819876855763
134.28,1.7783981631263
134.29,1.77481188199312
134.3,1.77122886056817
134.31,1.76764911714743
134.32,1.76407267000397
134.33,1.76049953722468
134.34,1.75692973681661
134.35,1.75336328670275
134.36,1.74980020471039
134.37,1.74624050857068
134.38,1.74268421591844
134.39,1.73913134429181
134.4,1.73558191116711
134.41,1.7320359339057
134.42,1.72849342974085
134.43,1.7249544158301
134.44,1.72141890923404
134.45,1.7178869269159
134.46,1.71435848574142
134.47,1.7108336024786
134.48,1.70731229383023
134.49,1.70379457645147
134.5,1.70028046677001
134.51,1.69676998117706
134.52,1.69326313596696
134.53,1.68975994733702
134.54,1.68626043138744
134.55,1.68276460412115
134.56,1.67927248144562
134.57,1.6757840792518
134.58,1.67229941320871
134.59,1.66881849893948
134.6,1.66534135197064
134.61,1.66186798773216
134.62,1.65839842155727
134.63,1.65493266868249
134.64,1.65147074424754
134.65,1.64801266329017
134.66,1.6445584407568
134.67,1.64110809149686
134.68,1.63766163026133
134.69,1.6342190717041
134.7,1.63078043038172
134.71,1.62734572075346
134.72,1.62391495718119
134.73,1.62048815395561
134.74,1.61706532526542
134.75,1.61364648516584
134.76,1.61023164763641
134.77,1.60682082655996
134.78,1.60341403572259
134.79,1.6000112888136
134.8,1.59661259942558
134.81,1.59321798107972
134.82,1.58982744727311
134.83,1.58644101125324
134.84,1.58305868624119
134.85,1.57968048536308
134.86,1.57630642165023
134.87,1.57293650803917
134.88,1.56957075737173
134.89,1.5662091823952
134.9,1.56285179576529
134.91,1.55949861004127
134.92,1.55614963768619
134.93,1.55280489107044
134.94,1.54946438247036
134.95,1.54612812406825
134.96,1.54279612795251
134.97,1.53946840611772
134.98,1.53614497046472
134.99,1.53282583275328
135,1.52951100472095
135.01,1.52620049798287
135.02,1.52289432405979
135.03,1.51959249437845
135.04,1.51629502027169
135.05,1.51300191297845
135.06,1.50971318364386
135.07,1.50642884336322
135.08,1.50314890316494
135.09,1.49987337386954
135.1,1.4966022662634
135.11,1.49333559104133
135.12,1.49007335880662
135.13,1.48681558007121
135.14,1.48356226525589
135.15,1.48031342469042
135.16,1.47706906869349
135.17,1.47382920740482
135.18,1.47059385087395
135.19,1.46736300908182
135.2,1.46413669192067
135.21,1.46091490919433
135.22,1.45769767061841
135.23,1.45448498582055
135.24,1.45127686431989
135.25,1.44807331541699
135.26,1.4448743485587
135.27,1.44167997300222
135.28,1.43849019791541
135.29,1.43530503237687
135.3,1.43212448537608
135.31,1.42894856581344
135.32,1.42577728250048
135.33,1.42261064422417
135.34,1.41944865966003
135.35,1.41629133732172
135.36,1.41313868568253
135.37,1.40999071312916
135.38,1.40684742796211
135.39,1.40370883839574
135.4,1.40057495255856
135.41,1.3974457784934
135.42,1.39432132417729
135.43,1.39120159747472
135.44,1.38808660617356
135.45,1.38497635797868
135.46,1.38187086051058
135.47,1.37877012130565
135.48,1.3756741478163
135.49,1.37258294741129
135.5,1.36949652738516
135.51,1.36641489496662
135.52,1.36333805726337
135.53,1.36026602131823
135.54,1.35719879409233
135.55,1.3541363824654
135.56,1.35107879323606
135.57,1.3480260331151
135.58,1.3449781087049
135.59,1.34193502657684
135.6,1.3388967932003
135.61,1.33586341496388
135.62,1.33283489817553
135.63,1.32981124906278
135.64,1.32679247377183
135.65,1.32377857835798
135.66,1.32076956881379
135.67,1.31776545104497
135.68,1.31476623087752
135.69,1.311771914058
135.7,1.30878250625358
135.71,1.30579801305383
135.72,1.30281844007524
135.73,1.29984379270389
135.74,1.29687407630973
135.75,1.2939092961869
135.76,1.29094945755419
135.77,1.28799456555537
135.78,1.28504462525953
135.79,1.28209964157088
135.8,1.27915961943805
135.81,1.27622456369724
135.82,1.27329447910373
135.83,1.27036937033728
135.84,1.26744924200242
135.85,1.26453409862862
135.86,1.26162394470835
135.87,1.25871878461519
135.88,1.25581862265282
135.89,1.2529234630553
135.9,1.25003330998162
135.91,1.2471481675157
135.92,1.24426803977471
135.93,1.24139293069799
135.94,1.23852284413782
135.95,1.23565778390158
135.96,1.23279775372364
135.97,1.22994275726543
135.98,1.2270927981587
135.99,1.22424787993282
136,1.22140800602268
136.01,1.21857317980888
136.02,1.21574340459998
136.03,1.21291868363259
136.04,1.21009902012153
136.05,1.20728441719366
136.06,1.20447487785308
136.07,1.20167040506382
136.08,1.19887100171921
136.09,1.19607667064197
136.1,1.19328741467344
136.11,1.19050323660182
136.12,1.18772413898938
136.13,1.18495012441006
136.14,1.18218119537024
136.15,1.17941735430869
136.16,1.17665860362838
136.17,1.17390494569593
136.18,1.17115638271951
136.19,1.16841291688311
136.2,1.16567455030449
136.21,1.16294128503525
136.22,1.16021312309152
136.23,1.15749006649527
136.24,1.15477211705516
136.25,1.15205927657894
136.26,1.14935154681014
136.27,1.14664892942801
136.28,1.14395142606539
136.29,1.14125903838499
136.3,1.13857176782557
136.31,1.13588961582884
136.32,1.1332125837741
136.33,1.13054067297815
136.34,1.12787388470281
136.35,1.12521222026879
136.36,1.12255568075132
136.37,1.11990426723713
136.38,1.11725798075235
136.39,1.1146168222625
136.4,1.11198079267248
136.41,1.10934989298968
136.42,1.10672412393549
136.43,1.1041034862535
136.44,1.10148798063224
136.45,1.0988776077018
136.46,1.09627236803394
136.47,1.093672262289
136.48,1.09107729088815
136.49,1.08848745423695
136.5,1.08590275270016
136.51,1.08332318658643
136.52,1.0807487561484
136.53,1.07817946166215
136.54,1.07561530327697
136.55,1.0730562810838
136.56,1.07050239513552
136.57,1.06795364543153
136.58,1.06541003196568
136.59,1.06287155463196
136.6,1.06033821327415
136.61,1.0578100076916
136.62,1.05528693763151
136.63,1.05276900285426
136.64,1.05025620300072
136.65,1.04774853767007
136.66,1.04524600641945
136.67,1.04274860875578
136.68,1.04025634422248
136.69,1.03776921221763
136.7,1.03528721211012
136.71,1.0328103432292
136.72,1.03033860485628
136.73,1.02787199627205
136.74,1.02541051665482
136.75,1.02295416515016
136.76,1.02050294086011
136.77,1.01805684284005
136.78,1.01561587018418
136.79,1.01318002183654
136.8,1.01074929672818
136.81,1.00832369374892
136.82,1.0059032117441
136.83,1.00348784960327
136.84,1.00107760605934
136.85,0.998672479841672
136.86,0.99627246963845
136.87,0.993877574096358
136.88,0.991487791909559
136.89,0.989103121612629
136.9,0.986723561743142
136.91,0.984349110798388
136.92,0.981979767238071
136.93,0.979615529560261
136.94,0.97725639613062
136.95,0.9749023653106
136.96,0.972553435424698
136.97,0.970209604759101
136.98,0.967870871564529
136.99,0.965537234054202
137,0.963208690404272
137.01,0.960885238810195
137.02,0.958566877372234
137.03,0.956253604171314
137.04,0.953945417256291
137.05,0.951642314719758
137.06,0.949344294547073
137.07,0.947051354703932
137.08,0.944763493132041
137.09,0.942480707759391
137.1,0.940202996469189
137.11,0.937930357114644
137.12,0.935662787521285
137.13,0.933400285485732
137.14,0.931142848773855
137.15,0.928890475121386
137.16,0.92664316223432
137.17,0.924400907841715
137.18,0.92216370961538
137.19,0.919931565181714
137.2,0.917704472154176
137.21,0.91548242818147
137.22,0.913265430865127
137.23,0.91105347774874
137.24,0.908846566374256
137.25,0.906644694265565
137.26,0.904447858924756
137.27,0.902256057828273
137.28,0.900069288434146
137.29,0.897887548186683
137.3,0.89571083449926
137.31,0.89353914476742
137.32,0.891372476416723
137.33,0.889210826816906
137.34,0.887054193320919
137.35,0.884902573287499
137.36,0.882755964073649
137.37,0.880614362993474
137.38,0.878477767357975
137.39,0.876346174461187
137.4,0.874219581586061
137.41,0.872097986000243
137.42,0.869981384970706
137.43,0.867869775745686
137.44,0.865763155555487
137.45,0.863661521639706
137.46,0.861564871266333
137.47,0.859473201637815
137.48,0.857386509968951
137.49,0.855304793516322
137.5,0.853228049482187
137.51,0.851156275077694
137.52,0.849089467509203
137.53,0.847027623978108
137.54,0.84497074168167
137.55,0.842918817811236
137.56,0.840871849549613
137.57,0.838829834077814
137.58,0.836792768600461
137.59,0.834760650372244
137.6,0.832733476587449
137.61,0.830711244483461
137.62,0.828693951309504
137.63,0.826681594308784
137.64,0.824674170692479
137.65,0.822671677693937
137.66,0.82067411255731
137.67,0.818681472523621
137.68,0.816693754834424
137.69,0.814710956745419
137.7,0.812733075603278
137.71,0.810760108681409
137.72,0.808792053306665
137.73,0.806828906851844
137.74,0.804870666670524
137.75,0.802917330126241
137.76,0.800968894587343
137.77,0.799025357457881
137.78,0.79708671614096
137.79,0.795152968054235
137.8,0.793224110629814
137.81,0.791300141356498
137.82,0.789381057704989
137.83,0.787466857183843
137.84,0.785557537458658
137.85,0.783653096098152
137.86,0.781753530727289
137.87,0.779858838955396
137.88,0.77796901847025
137.89,0.776084066960044
137.9,0.774203982131298
137.91,0.772328761725223
137.92,0.770458403484999
137.93,0.768592905178258
137.94,0.766732264601389
137.95,0.764876479773268
137.96,0.763025548612309
137.97,0.761179469088591
137.98,0.759338239095231
137.99,0.757501856679112
138,0.755670319906515
138.01,0.753843626971171
138.02,0.752021776009858
138.03,0.750204765199956
138.04,0.748392592720262
138.05,0.746585256839939
138.06,0.744782755877671
138.07,0.742985088190248
138.08,0.741192252153991
138.09,0.739404246252732
138.1,0.737621068981993
138.11,0.735842718883642
138.12,0.734069194543759
138.13,0.732300494602743
138.14,0.730536617743161
138.15,0.728777562683473
138.16,0.727023328198382
138.17,0.725273913111321
138.18,0.723529316301593
138.19,0.721789536682977
138.2,0.720054573232779
138.21,0.718324424979126
138.22,0.716599090991127
138.23,0.714878570393406
138.24,0.713162862359467
138.25,0.711451966112514
138.26,0.709745880923383
138.27,0.70804460611502
138.28,0.706348141059654
138.29,0.704656485180699
138.3,0.70296963795008
138.31,0.701287598890461
138.32,0.699610367575203
138.33,0.697937943626833
138.34,0.696270326716711
138.35,0.694607516565503
138.36,0.692949512945064
138.37,0.691296315672726
138.38,0.689647924616567
138.39,0.688004339694703
138.4,0.686365560869488
138.41,0.684731588155746
138.42,0.683102421615673
138.43,0.681478061356808
138.44,0.679858507538251
138.45,0.67824376036555
138.46,0.676633820090401
138.47,0.675028687014934
138.48,0.673428361487335
138.49,0.671832843903013
138.5,0.670242134706351
138.51,0.668656234388303
138.52,0.667075143487652
138.53,0.66549886259104
138.54,0.66392739233278
138.55,0.662360733394687
138.56,0.660798886506281
138.57,0.659241852445311
138.58,0.657689632036681
138.59,0.656142226156059
138.6,0.65459963573732
138.61,0.653061861756333
138.62,0.651528905222877
138.63,0.650000767162508
138.64,0.648477448672298
138.65,0.646958950908598
138.66,0.645445275088898
138.67,0.643936422450856
138.68,0.642432394285644
138.69,0.640933191935377
138.7,0.639438816795131
138.71,0.637949270257621
138.72,0.636464553780227
138.73,0.634984668855589
138.74,0.633509616999931
138.75,0.632039399764069
138.76,0.630574018726443
138.77,0.629113475503708
138.78,0.627657771728737
138.79,0.626206909056982
138.8,0.624760889145673
138.81,0.623319713685389
138.82,0.62188338435863
138.83,0.620451902828446
138.84,0.619025270780242
138.85,0.617603489868456
138.86,0.616186561722054
138.87,0.614774487957451
138.88,0.613367270139906
138.89,0.611964909793999
138.9,0.610567408402397
138.91,0.60917476735407
138.92,0.607786987982478
138.93,0.606404071543283
138.94,0.605026019146736
138.95,0.60365283183355
138.96,0.602284510510244
138.97,0.60092105590476
138.98,0.599562468630407
138.99,0.598208749114545
139,0.59685989756202
139.01,0.595515914016196
139.02,0.59417679827929
139.03,0.59284254985518
139.04,0.591513168046617
139.05,0.590188651846665
139.06,0.588868999874765
139.07,0.587554210487874
139.08,0.586244281660043
139.09,0.584939210916537
139.1,0.583638995441104
139.11,0.582343631955047
139.12,0.581053116638399
139.13,0.579767445248593
139.14,0.578486612987852
139.15,0.577210614407892
139.16,0.575939443549805
139.17,0.574673093793436
139.18,0.573411557752476
139.19,0.572154827424174
139.2,0.570902894027273
139.21,0.569655747874523
139.22,0.568413378566442
139.23,0.567175774797377
139.24,0.565942924222168
139.25,0.564714813588124
139.26,0.56349142865424
139.27,0.56227275401579
139.28,0.561058773074938
139.29,0.559849468186129
139.3,0.558644820403763
139.31,0.557444809337598
139.32,0.556249413415232
139.33,0.555058609604975
139.34,0.553872373216486
139.35,0.552690678165978
139.36,0.551513496744672
139.37,0.550340799426358
139.38,0.549172554912957
139.39,0.548008730193742
139.4,0.546849290249056
139.41,0.545694197895813
139.42,0.544543414101328
139.43,0.543396897604522
139.44,0.542254604508686
139.45,0.54111648906766
139.46,0.53998250297484
139.47,0.538852595447825
139.48,0.537726712449993
139.49,0.536604797719354
139.5,0.53548679229456
139.51,0.534372634214172
139.52,0.53326225791738
139.53,0.53215559453314
139.54,0.531052572707606
139.55,0.529953117375267
139.56,0.528857149732436
139.57,0.527764586542161
139.58,0.526675341959889
139.59,0.525589325813429
139.6,0.524506443902626
139.61,0.523426596493107
139.62,0.522349681068379
139.63,0.521275590096976
139.64,0.520204211437381
139.65,0.519135426933605
139.66,0.518069114235196
139.67,0.517005146075489
139.68,0.515943389640608
139.69,0.51488370581285
139.7,0.513825949438709
139.71,0.512769970603371
139.72,0.511715612805345
139.73,0.510662712878941
139.74,0.509611099818453
139.75,0.508560597862002
139.76,0.507511023580644
139.77,0.506462186434495
139.78,0.505413886598716
139.79,0.504365917972086
139.8,0.503318066880248
139.81,0.502270111185407
139.82,0.501221819799186
139.83,0.500172951294883
139.84,0.499123257986803
139.85,0.498072482015817
139.86,0.497020356127266
139.87,0.495966601408297
139.88,0.494910930473845
139.89,0.493853045765986
139.9,0.49279263885156
139.91,0.491729389959302
139.92,0.490662967050596
139.93,0.489593028448651
139.94,0.488519220022981
139.95,0.487441175623495
139.96,0.486358515571704
139.97,0.48527084856231
139.98,0.484177770308282
139.99,0.483078863124442
140,0.481973695759193
140.01,0.480861823074137
140.02,0.479742785960474
140.03,0.478616110872622
140.04,0.477481309594631
140.05,0.476337880827619
140.06,0.475185306495286
140.07,0.474023053364144
140.08,0.472850572780312
140.09,0.471667302257187
140.1,0.470472666201134
140.11,0.469266067897839
140.12,0.468046896617069
140.13,0.466814525324201
140.14,0.465568318342427
140.15,0.464307616306571
140.16,0.46303174500501
140.17,0.461740014476717
140.18,0.460431723794331
140.19,0.459106161914217
140.2,0.457762590140158
140.21,0.456400259261945
140.22,0.455018404613288
140.23,0.453616269213523
140.24,0.452193058796235
140.25,0.450747971284556
140.26,0.449280192602096
140.27,0.447788904867303
140.28,0.446273289492533
140.29,0.444732501528669
140.3,0.443165694168026
140.31,0.441572023008231
140.32,0.439950632997318
140.33,0.438300662483789
140.34,0.436621249077935
140.35,0.434911542792656
140.36,0.433170678375623
140.37,0.431397797128075
140.38,0.42959205194685
140.39,0.427752611826693
140.4,0.425878636831207
140.41,0.423969303664536
140.42,0.422023821434517
140.43,0.420041405693507
140.44,0.418021286245215
140.45,0.415962719147389
140.46,0.413865005636323
140.47,0.411727452677498
140.48,0.409549405449571
140.49,0.407330248492471
140.5,0.405069410809937
140.51,0.402766350118258
140.52,0.400420572226801
140.53,0.398031640085915
140.54,0.395599162498169
140.55,0.393122799766704
140.56,0.390602271901204
140.57,0.388037367059012
140.58,0.385427929848462
140.59,0.382773875185247
140.6,0.380075186739662
140.61,0.377331919108943
140.62,0.37454420781988
140.63,0.371712266350517
140.64,0.36883637395988
140.65,0.365916900743337
140.66,0.362954306909221
140.67,0.359949135537531
140.68,0.356901982413385
140.69,0.3538135710468
140.7,0.350684702797047
140.71,0.347516254330405
140.72,0.344309170104524
140.73,0.341064520861599
140.74,0.337783454355413
140.75,0.33446716401094
140.76,0.331116948829457
140.77,0.327734205754434
140.78,0.324320403452781
140.79,0.320877021063104
140.8,0.317405688108961
140.81,0.313908082949166
140.82,0.310385937080166
140.83,0.306841011210334
140.84,0.303275160718735
140.85,0.299690275548731
140.86,0.296088287050316
140.87,0.29247117441335
140.88,0.288840949969662
140.89,0.285199656076096
140.9,0.281549366898493
140.91,0.277892166910648
140.92,0.274230145104964
140.93,0.270565414817236
140.94,0.266900079842655
140.95,0.263236234871553
140.96,0.259575970813307
140.97,0.255921358561387
140.98,0.252274445869489
140.99,0.248637251513948
141,0.245011769420132
141.01,0.241399958681328
141.02,0.237803728409906
141.03,0.234224953602743
141.04,0.2306654610298
141.05,0.227127017541317
141.06,0.223611340553
141.07,0.220120086536188
141.08,0.216654844155129
141.09,0.213217145716695
141.1,0.209808451911239
141.11,0.206430145741581
141.12,0.203083557239212
141.13,0.19976993641291
141.14,0.196490450555551
141.15,0.193246214435239
141.16,0.190038259260836
141.17,0.186867535484926
141.18,0.183734937073583
141.19,0.180641275339251
141.2,0.177587284929732
141.21,0.174573643247319
141.22,0.171600947126001
141.23,0.168669721413641
141.24,0.165780438052101
141.25,0.162933491072802
141.26,0.160129209072981
141.27,0.157367872334258
141.28,0.154649688952408
141.29,0.15197480950229
141.3,0.149343339691317
141.31,0.146755321825369
141.32,0.14421074864905
141.33,0.141709569791935
141.34,0.139251682765736
141.35,0.136836942223045
141.36,0.134465164424976
141.37,0.132136123006301
141.38,0.129849555554081
141.39,0.127605166281421
141.4,0.125402626090044
141.41,0.123241576352358
141.42,0.121121630015254
141.43,0.119042375517771
141.44,0.117003377782011
141.45,0.115004178055933
141.46,0.113044301057998
141.47,0.111123253293498
141.48,0.109240521663048
141.49,0.107395583689773
141.5,0.105587903293339
141.51,0.103816930052175
141.52,0.102082108897107
141.53,0.100382875683725
141.54,0.0987186561240264
141.55,0.0970888757652943
141.56,0.0954929547373529
141.57,0.0939303065215342
141.58,0.0924003481643175
141.59,0.0909024942951639
141.6,0.0894361562030112
141.61,0.0880007513018387
141.62,0.0865956971754061
141.63,0.0852204109652428
141.64,0.0838743177233275
141.65,0.0825568448140202
141.66,0.0812674215690639
141.67,0.0800054864703887
141.68,0.078770481886576
141.69,0.077561853934916
141.7,0.0763790591084074
141.71,0.0752215594331176
141.72,0.0740888208998738
141.73,0.0729803212447547
141.74,0.0718955448205251
141.75,0.0708339803784565
141.76,0.0697951288456354
141.77,0.068778498566569
141.78,0.0677836030729256
141.79,0.066809967750518
141.8,0.065857125844385
141.81,0.0649246171049327
141.82,0.0640119917228654
141.83,0.0631188086018923
141.84,0.0622446337632697
141.85,0.0613890426148023
141.86,0.0605516197102559
141.87,0.0597319569893102
141.88,0.0589296549413912
141.89,0.0581443232753094
141.9,0.0573755792557744
141.91,0.0566230481153194
141.92,0.0558863640390432
141.93,0.0551651688102189
141.94,0.054459111592702
141.95,0.0537678502148087
141.96,0.0530910499343525
141.97,0.0524283829652111
141.98,0.0517795297280509
141.99,0.0511441778032901
142,0.0505220213952588
142.01,0.0499127623614031
142.02,0.0493161093398679
142.03,0.0487317775542986
142.04,0.0481594890249493
142.05,0.0475989723328172
142.06,0.0470499623818937
142.07,0.0465122003393483
142.08,0.04598543354452
142.09,0.0454694153138046
142.1,0.0449639048228011
142.11,0.0444686670009335
142.12,0.0439834723734735
142.13,0.0435080969222864
142.14,0.0430423219873951
142.15,0.0425859341219613
142.16,0.042138725116093
142.17,0.0417004915906274
142.18,0.0412710350591548
142.19,0.0408501620466596
142.2,0.0404376834313318
142.21,0.0400334146529511
142.22,0.0396371755435672
142.23,0.0392487906470435
142.24,0.0388680882545818
142.25,0.0384949008227824
142.26,0.038129064773663
142.27,0.0377704209949818
142.28,0.0374188135403732
142.29,0.0370740902865346
142.3,0.0367361026946434
142.31,0.0364047064049022
142.32,0.0360797597672522
142.33,0.0357611246382056
142.34,0.0354486661173655
142.35,0.0351422531105467
142.36,0.0348417569378157
142.37,0.034547052108297
142.38,0.0342580160600492
142.39,0.0339745296766198
142.4,0.0336964760087682
142.41,0.0334237409993605
142.42,0.0331562132327962
142.43,0.0328937844200434
142.44,0.0326363482042818
142.45,0.0323838008526259
142.46,0.0321360410125704
142.47,0.03189297033451
142.48,0.0316544919266091
142.49,0.0314205113621346
142.5,0.0311909363496717
142.51,0.0309656769301283
142.52,0.0307446456883544
142.53,0.0305277562987458
142.54,0.0303149247179244
142.55,0.030106068769666
142.56,0.0299011087569184
142.57,0.0296999664890582
142.58,0.0295025652022923
142.59,0.0293088300499267
142.6,0.0291186878471676
142.61,0.0289320679954867
142.62,0.0287489003352507
142.63,0.0285691166740077
142.64,0.0283926503325629
142.65,0.0282194362889183
142.66,0.028049411250902
142.67,0.0278825128042068
142.68,0.0277186801247874
142.69,0.0275578537213933
142.7,0.027399975767916
142.71,0.0272449895167986
142.72,0.0270928393277882
142.73,0.0269434708715294
142.74,0.0267968310106392
142.75,0.0266528683678034
142.76,0.0265115319484077
142.77,0.0263727721265469
142.78,0.0262365403466901
142.79,0.0261027892794402
142.8,0.025971472842774
142.81,0.0258425455066413
142.82,0.0257159629099636
142.83,0.0255916816445658
142.84,0.0254696595247147
142.85,0.0253498550962736
142.86,0.0252322277233079
142.87,0.0251167377102953
142.88,0.0250033462273385
142.89,0.0248920156151399
142.9,0.024782708597139
142.91,0.0246753888448002
142.92,0.0245700208000068
142.93,0.0244665697681766
142.94,0.0243650019388768
142.95,0.024265283930203
142.96,0.0241673831859036
142.97,0.0240712678340948
142.98,0.0239769068832033
142.99,0.0238842698985908
143,0.0237933269947242
143.01,0.0237040489793121
143.02,0.0236164072697816
143.03,0.0235303741701604
143.04,0.0234459222354307
143.05,0.0233630247089791
143.06,0.0232816553964624
143.07,0.023201788701421
143.08,0.0231233997003191
143.09,0.0230464637735463
143.1,0.0229709568995951
143.11,0.0228968555548347
143.12,0.0228241368142657
143.13,0.0227527782167675
143.14,0.0226827576703805
143.15,0.0226140535913495
143.16,0.0225466448394208
143.17,0.0224805108876892
143.18,0.0224156314573237
143.19,0.0223519867223168
143.2,0.0222895572787585
143.21,0.0222283241563385
143.22,0.0221682689424077
143.23,0.0221093733363575
143.24,0.0220516195156049
143.25,0.0219949900189082
143.26,0.0219394677356286
143.27,0.0218850360521976
143.28,0.0218316786930664
143.29,0.0217793795175501
143.3,0.0217281228086071
143.31,0.0216778931628869
143.32,0.0216286754812018
143.33,0.0215804552727922
143.34,0.0215332180175514
143.35,0.0214869495281045
143.36,0.0214416359408673
143.37,0.0213972636676601
143.38,0.0213538194306747
143.39,0.0213112904533035
143.4,0.021269663855467
143.41,0.0212289271563535
143.42,0.021189068125001
143.43,0.0211500747732394
143.44,0.0211119354496661
143.45,0.0210746387503935
143.46,0.0210381733585394
143.47,0.0210025282531816
143.48,0.0209676926322796
143.49,0.0209336559064405
143.5,0.020900407846704
143.51,0.0208679382774554
143.52,0.0208362372354638
143.53,0.0208052949774901
143.54,0.0207751019513623
143.55,0.0207456488135305
143.56,0.0207169265605408
143.57,0.0206889261350605
143.58,0.0206616387483166
143.59,0.020635055784461
143.6,0.0206091687957272
143.61,0.0205839695810652
143.62,0.0205594501187785
143.63,0.020535602413598
143.64,0.0205124186923397
143.65,0.0204898913339013
143.66,0.0204680128649831
143.67,0.0204467760252799
143.68,0.0204261737313381
143.69,0.0204061989023816
143.7,0.0203868446602108
143.71,0.0203681042606292
143.72,0.0203499710896877
143.73,0.020332438724876
143.74,0.0203155009245313
143.75,0.0202991514121503
143.76,0.0202833841059807
143.77,0.0202681930437025
143.78,0.020253572379223
143.79,0.0202395164290788
143.8,0.0202260196858255
143.81,0.0202130766025014
143.82,0.0202006818079953
143.83,0.0201888300383015
143.84,0.0201775161337931
143.85,0.0201667350530651
143.86,0.0201564818850694
143.87,0.0201467517539189
143.88,0.0201375399063921
143.89,0.0201288416826708
143.9,0.0201206525137979
143.91,0.0201129679433551
143.92,0.0201057836646839
143.93,0.0200990953414818
143.94,0.0200928987704802
143.95,0.020087189831131
143.96,0.0200819644833826
143.97,0.0200772187969637
143.98,0.0200729490334546
143.99,0.0200691513387139
144,0.0200658220157427
144.01,0.0200629574441008
144.02,0.0200605540781849
144.03,0.0200586084546862
144.04,0.0200571172269879
144.05,0.0200560770432785
144.06,0.0200554846526123
144.07,0.020055336872173
144.08,0.0200556305856737
144.09,0.0200563627417572
144.1,0.0200575303537262
144.11,0.0200591304968393
144.12,0.0200611603043826
144.13,0.0200636169693742
144.14,0.0200664977418599
144.15,0.0200697999273199
144.16,0.0200735208850747
144.17,0.0200776581515535
144.18,0.0200822092163761
144.19,0.0200871716091236
144.2,0.0200925429430926
144.21,0.0200983208867493
144.22,0.0201045031519954
144.23,0.0201110874762723
144.24,0.0201180717173466
144.25,0.0201254537635131
144.26,0.0201332315595026
144.27,0.0201414030885331
144.28,0.0201499662056832
144.29,0.0201589190870944
144.3,0.0201682598590431
144.31,0.0201779866994891
144.32,0.0201880978380752
144.33,0.0201985913668139
144.34,0.0202094656722563
144.35,0.0202207191040114
144.36,0.0202323500564529
144.37,0.0202443569715089
144.38,0.0202567381941697
144.39,0.0202694922706731
144.4,0.0202826177693436
144.41,0.0202961132844096
144.42,0.0203099774538788
144.43,0.0203242088477906
144.44,0.020338806165852
144.45,0.0203537681756259
144.46,0.0203690936547361
144.47,0.0203847814210053
144.48,0.0204008302593518
144.49,0.0204172390203845
144.5,0.0204340066512827
144.51,0.0204511321016267
144.52,0.020468614358229
144.53,0.0204864523773787
144.54,0.0205046451489427
144.55,0.0205231918092092
144.56,0.0205420914718675
144.57,0.0205613432859457
144.58,0.0205809464358113
144.59,0.0206009001389761
144.6,0.0206212034392081
144.61,0.0206418557220073
144.62,0.0206628562858323
144.63,0.020684204462045
144.64,0.0207058996149111
144.65,0.0207279411415998
144.66,0.0207503283318613
144.67,0.0207730605651233
144.68,0.0207961373863657
144.69,0.0208195582867768
144.7,0.0208433227872471
144.71,0.0208674304383683
144.72,0.0208918808035882
144.73,0.0209166733110234
144.74,0.0209418076836113
144.75,0.0209672835644591
144.76,0.0209931006240457
144.77,0.0210192585602224
144.78,0.0210457570982122
144.79,0.0210725958969438
144.8,0.0210997747115886
144.81,0.0211272933681903
144.82,0.0211551516802345
144.83,0.021183349486785
144.84,0.0212118866524836
144.85,0.0212407630466918
144.86,0.0212699784818044
144.87,0.021299532947514
144.88,0.0213294263936855
144.89,0.0213596587942598
144.9,0.0213902301472542
144.91,0.0214211404747616
144.92,0.0214523897033421
144.93,0.0214839779117809
144.94,0.0215159052108325
144.95,0.0215481717011814
144.96,0.0215807775062631
144.97,0.0216137227722641
144.98,0.0216470076681223
144.99,0.0216806323433732
145,0.0217145969213877
145.01,0.0217489016941792
145.02,0.0217835469063355
145.03,0.0218185328240096
145.04,0.0218538597349204
145.05,0.0218895279483522
145.06,0.0219255377951549
145.07,0.0219618894780351
145.08,0.0219985834279966
145.09,0.0220356200368358
145.1,0.0220729997039175
145.11,0.0221107228488595
145.12,0.0221487899115341
145.13,0.0221872013520678
145.14,0.0222259575892335
145.15,0.0222650590717932
145.16,0.0223045063584869
145.17,0.022344299975906
145.18,0.0223844404697867
145.19,0.0224249284050089
145.2,0.022465764365597
145.21,0.0225069489509862
145.22,0.0225484827171536
145.23,0.0225903663406603
145.24,0.0226326004750574
145.25,0.0226751857924857
145.26,0.0227181229836745
145.27,0.0227614127579422
145.28,0.0228050558431959
145.29,0.0228490529253553
145.3,0.0228934047584325
145.31,0.0229381121424822
145.32,0.0229831758693168
145.33,0.0230285967485511
145.34,0.0230743756076016
145.35,0.0231205132916865
145.36,0.0231670106557604
145.37,0.0232138685517002
145.38,0.023261087897559
145.39,0.0233086696067747
145.4,0.0233566146103868
145.41,0.0234049238570358
145.42,0.0234535983129636
145.43,0.0235026389620134
145.44,0.0235520468056292
145.45,0.0236018228558712
145.46,0.0236519681427582
145.47,0.0237024837264404
145.48,0.0237533706774845
145.49,0.0238046300839723
145.5,0.0238562630515032
145.51,0.0239082707031924
145.52,0.0239606541796716
145.53,0.0240134146390889
145.54,0.024066553212212
145.55,0.0241200710903905
145.56,0.0241739694980562
145.57,0.0242282496580424
145.58,0.024282912810349
145.59,0.0243379602121413
145.6,0.0243933931377503
145.61,0.0244492128786717
145.62,0.0245054207435677
145.63,0.0245620180364594
145.64,0.0246190061094946
145.65,0.0246763863235247
145.66,0.0247341600539625
145.67,0.0247923286932631
145.68,0.0248508936509251
145.69,0.0249098563534883
145.7,0.0249692182445364
145.71,0.0250289807878913
145.72,0.0250891454966972
145.73,0.0251497138437545
145.74,0.0252106873437009
145.75,0.025272067528413
145.76,0.0253338559470053
145.77,0.02539605416583
145.78,0.0254586637684774
145.79,0.0255216863557757
145.8,0.0255851235640599
145.81,0.0256489770673047
145.82,0.0257132484899693
145.83,0.0257779395066963
145.84,0.0258430518096908
145.85,0.0259085871087206
145.86,0.0259745471311146
145.87,0.0260409336217654
145.88,0.0261077483431277
145.89,0.0261749931118254
145.9,0.0262426697461603
145.91,0.0263107800424023
145.92,0.0263793258413019
145.93,0.0264483090020769
145.94,0.0265177314024543
145.95,0.0265875949387169
145.96,0.0266579015257445
145.97,0.0267286530970591
145.98,0.0267998516048681
145.99,0.0268714990201072
146,0.0269435973648975
146.01,0.0270161486348908
146.02,0.0270891548556632
146.03,0.027162618076651
146.04,0.02723654036654
146.05,0.0273109238133212
146.06,0.0273857705243476
146.07,0.0274610826263889
146.08,0.02753686226569
146.09,0.0276131116080253
146.1,0.0276898328489098
146.11,0.0277670282453264
146.12,0.0278446999872435
146.13,0.0279228503242446
146.14,0.028001481526234
146.15,0.0280805958835139
146.16,0.0281601957068631
146.17,0.028240283327614
146.18,0.0283208610977313
146.19,0.0284019313898882
146.2,0.0284834965975466
146.21,0.0285655591499249
146.22,0.0286481214914954
146.23,0.0287311860684822
146.24,0.0288147553608319
146.25,0.028898831869919
146.26,0.0289834181186324
146.27,0.0290685166514637
146.28,0.0291541300345962
146.29,0.0292402608559925
146.3,0.0293269117254832
146.31,0.0294140852748556
146.32,0.0295017842059012
146.33,0.029590011178165
146.34,0.0296787688855444
146.35,0.0297680600533833
146.36,0.0298578874298869
146.37,0.0299482537862326
146.38,0.0300391619166754
146.39,0.0301306146386564
146.4,0.0302226147929097
146.41,0.0303151652435704
146.42,0.0304082688879266
146.43,0.0305019287013411
146.44,0.0305961475768253
146.45,0.0306909284791547
146.46,0.0307862743976362
146.47,0.0308821883462413
146.48,0.0309786733637399
146.49,0.0310757325138305
146.5,0.0311733688852765
146.51,0.0312715855920366
146.52,0.0313703857733985
146.53,0.0314697726055396
146.54,0.0315697492877478
146.55,0.0316703190272195
146.56,0.0317714850679881
146.57,0.0318732506802838
146.58,0.0319756191606784
146.59,0.0320785938322243
146.6,0.0321821780445973
146.61,0.0322863751742357
146.62,0.032391188624485
146.63,0.0324966218257371
146.64,0.0326026782900136
146.65,0.0327093614821143
146.66,0.0328166749053595
146.67,0.0329246221034568
146.68,0.0330332066481636
146.69,0.0331424321394359
146.7,0.0332523022055837
146.71,0.0333628205034199
146.72,0.0334739907184127
146.73,0.0335858165648375
146.74,0.0336983017859262
146.75,0.0338114501540223
146.76,0.0339252654707301
146.77,0.0340397516790138
146.78,0.0341549126489052
146.79,0.0342707522172865
146.8,0.0343872743144308
146.81,0.0345044829014402
146.82,0.0346223819704218
146.83,0.034740975544672
146.84,0.0348602676788529
146.85,0.0349802624591731
146.86,0.0351009640035646
146.87,0.0352223764618661
146.88,0.0353445040160001
146.89,0.0354673508801528
146.9,0.0355909213795913
146.91,0.0357152198672379
146.92,0.03584025057176
146.93,0.0359660178485651
146.94,0.0360925260870564
146.95,0.0362197797108458
146.96,0.0363477831779593
146.97,0.0364765409810465
146.98,0.0366060576475898
146.99,0.0367363377401098
147,0.0368673858563787
147.01,0.0369992066296251
147.02,0.0371318047287443
147.03,0.0372651848976393
147.04,0.037399351999623
147.05,0.037534310711663
147.06,0.0376700658567597
147.07,0.037806622295381
147.08,0.0379439849257023
147.09,0.0380821586838385
147.1,0.0382211485440803
147.11,0.0383609595191268
147.12,0.0385015966603248
147.13,0.0386430650579013
147.14,0.0387853698411991
147.15,0.038928516178912
147.16,0.0390725092895937
147.17,0.0392173546427254
147.18,0.0393630573707773
147.19,0.0395096228139115
147.2,0.0396570563537805
147.21,0.0398053634137925
147.22,0.0399545494593816
147.23,0.0401046199982772
147.24,0.0402555805807698
147.25,0.0404074367999852
147.26,0.0405601942921497
147.27,0.0407138587368602
147.28,0.0408684358573529
147.29,0.0410239314207726
147.3,0.0411803514535575
147.31,0.0413377017037117
147.32,0.0414959880552977
147.33,0.0416552164670822
147.34,0.0418153929441362
147.35,0.0419765235381419
147.36,0.042138614347694
147.37,0.0423016715186098
147.38,0.0424657012442311
147.39,0.0426307097657295
147.4,0.0427967033724117
147.41,0.0429636884020243
147.42,0.0431316712410587
147.43,0.0433006585044092
147.44,0.0434706566530022
147.45,0.043641672162587
147.46,0.0438137116319734
147.47,0.0439867817113807
147.48,0.0441608891027826
147.49,0.0443360405602476
147.5,0.0445122428902888
147.51,0.0446895029522046
147.52,0.0448678276584236
147.53,0.0450472239748489
147.54,0.0452276989212019
147.55,0.0454092595713671
147.56,0.0455919132339626
147.57,0.0457756671764246
147.58,0.0459605284944468
147.59,0.0461465044988797
147.6,0.0463336025577164
147.61,0.0465218300964729
147.62,0.0467111945985794
147.63,0.0469017036057607
147.64,0.0470933647184214
147.65,0.0472861855960312
147.66,0.047480173957509
147.67,0.0476753375816078
147.68,0.0478716843073003
147.69,0.0480692220341592
147.7,0.048267958817487
147.71,0.048467903065414
147.72,0.0486690625443035
147.73,0.0488714454230994
147.74,0.0490750599350133
147.75,0.0492799143779723
147.76,0.0494860171150559
147.77,0.0496933765749382
147.78,0.0499020012523295
147.79,0.0501118997084174
147.8,0.0503230805713081
147.81,0.0505355525364687
147.82,0.050749324367164
147.83,0.0509644048949048
147.84,0.0511808030198842
147.85,0.0513985282834112
147.86,0.0516175893986783
147.87,0.0518379954419735
147.88,0.0520597556215814
147.89,0.0522828792187996
147.9,0.0525073755884478
147.91,0.0527332541593762
147.92,0.0529605244349744
147.93,0.053189195993681
147.94,0.0534192784894876
147.95,0.053650781652455
147.96,0.0538837152892166
147.97,0.0541180892834885
147.98,0.0543539135965798
147.99,0.0545911986780636
148,0.0548299546832503
148.01,0.0550701915938053
148.02,0.0553119197184756
148.03,0.0555551494485182
148.04,0.0557998912582853
148.05,0.0560461557058089
148.06,0.056293953433387
148.07,0.056543295168163
148.08,0.056794191722719
148.09,0.0570466539956548
148.1,0.0573006929721755
148.11,0.0575563197246711
148.12,0.0578135454133092
148.13,0.0580723815068324
148.14,0.05833283980974
148.15,0.058594931316547
148.16,0.0588586675801369
148.17,0.0591240602467809
148.18,0.0593911210568117
148.19,0.0596598618452886
148.2,0.0599302945426793
148.21,0.060202431175525
148.22,0.0604762838671147
148.23,0.0607518648381577
148.24,0.0610291864074501
148.25,0.0613082609925553
148.26,0.0615891011104705
148.27,0.0618717193782994
148.28,0.0621561295014886
148.29,0.0624423436131991
148.3,0.0627303746664957
148.31,0.0630202357304833
148.32,0.0633119399810059
148.33,0.063605500701432
148.34,0.0639009312834236
148.35,0.0641982452277151
148.36,0.0644974561448827
148.37,0.0647985777561295
148.38,0.0651016238940549
148.39,0.0654066085034317
148.4,0.0657135456419819
148.41,0.0660224494811521
148.42,0.0663333350728723
148.43,0.06664621667984
148.44,0.0669611085645467
148.45,0.067278025412189
148.46,0.0675969820293443
148.47,0.0679179933448687
148.48,0.0682410744107957
148.49,0.0685662404032248
148.5,0.0688935066232293
148.51,0.0692228884977451
148.52,0.0695544015804696
148.53,0.0698880615527572
148.54,0.0702238842245166
148.55,0.0705618855351068
148.56,0.0709020818966697
148.57,0.0712444899410178
148.58,0.0715891256025015
148.59,0.0719360054104616
148.6,0.072285146033879
148.61,0.0726365642824852
148.62,0.0729902771078915
148.63,0.0733463016046986
148.64,0.0737046550116166
148.65,0.0740653547125822
148.66,0.0744284182378769
148.67,0.0747938632652442
148.68,0.0751617080027169
148.69,0.0755319703940956
148.7,0.0759046684520218
148.71,0.0762798204941409
148.72,0.0766574449946068
148.73,0.0770375605853343
148.74,0.0774201860572412
148.75,0.0778053403615109
148.76,0.0781930426108339
148.77,0.078583312080661
148.78,0.0789761682104524
148.79,0.0793716306049289
148.8,0.0797697195888328
148.81,0.0801704547603921
148.82,0.0805738562518084
148.83,0.0809799443796966
148.84,0.0813887396355428
148.85,0.0818002626870874
148.86,0.0822145343796927
148.87,0.0826315757377351
148.88,0.083051407965973
148.89,0.0834740524509271
148.9,0.083899530762258
148.91,0.0843278647999406
148.92,0.0847590769007773
148.93,0.0851931889316335
148.94,0.0856302232659416
148.95,0.0860702024733849
148.96,0.0865131493215526
148.97,0.086959086777607
148.98,0.0874080380099515
148.99,0.087860026389885
149,0.0883150754932828
149.01,0.0887732093543684
149.02,0.0892344520311798
149.03,0.0896988276250201
149.04,0.0901663605906402
149.05,0.0906370756003511
149.06,0.0911109975459038
149.07,0.0915881515403565
149.08,0.0920685629199681
149.09,0.0925522572460655
149.1,0.0930392603069261
149.11,0.0935295984768843
149.12,0.0940232978391892
149.13,0.0945203848841452
149.14,0.0950208863656706
149.15,0.0955248292780917
149.16,0.096032240858203
149.17,0.0965431485873279
149.18,0.097057580193382
149.19,0.0975755636529219
149.2,0.0980971272607031
149.21,0.0986222997389394
149.22,0.0991511097059612
149.23,0.0996835862023093
149.24,0.100219758533968
149.25,0.100759656274809
149.26,0.101303309269014
149.27,0.101850747633496
149.28,0.102402001868435
149.29,0.102957102717056
149.3,0.103516081087092
149.31,0.104078968244916
149.32,0.104645795746235
149.33,0.105216595438791
149.34,0.10579139946502
149.35,0.10637024026474
149.36,0.106953150914265
149.37,0.107540164341224
149.38,0.108131313820753
149.39,0.108726632973981
149.4,0.109326155711423
149.41,0.109929916232977
149.42,0.11053794902793
149.43,0.111150290763533
149.44,0.111766975723085
149.45,0.112388039415702
149.46,0.113013517733138
149.47,0.113643446875723
149.48,0.114277863352371
149.49,0.114916804129991
149.5,0.115560308527606
149.51,0.116208412903353
149.52,0.116861155273627
149.53,0.117518573986383
149.54,0.118180707721129
149.55,0.118847595488931
149.56,0.119519277112228
149.57,0.120195794439972
149.58,0.120877186367107
149.59,0.12156349355899
149.6,0.12225475703984
149.61,0.122951018192729
149.62,0.123652318759598
149.63,0.124358701753816
149.64,0.125070211579517
149.65,0.125786890000474
149.66,0.126508780571323
149.67,0.127235927236627
149.68,0.127968374330888
149.69,0.128706166578525
149.7,0.129449350420501
149.71,0.130197972759697
149.72,0.130952078647769
149.73,0.13171171475713
149.74,0.132476928181759
149.75,0.133247766437229
149.76,0.134024277460682
149.77,0.134806511487222
149.78,0.135594518127427
149.79,0.136388345948152
149.8,0.137188044993899
149.81,0.137993665764719
149.82,0.1388052592162
149.83,0.139622876759489
149.84,0.140446573196364
149.85,0.141276400903439
149.86,0.142112412177316
149.87,0.142954660734609
149.88,0.143803200784627
149.89,0.144658087029377
149.9,0.14551937466357
149.91,0.146387121832058
149.92,0.147261386462433
149.93,0.148142223959682
149.94,0.1490296920676
149.95,0.149923849067839
149.96,0.150824753779892
149.97,0.151732465561093
149.98,0.152647045931364
149.99,0.153568558999216
150,0.154497063621541
150.01,0.155432621948505
150.02,0.156375296718972
150.03,0.157325151260509
150.04,0.158282249489385
150.05,0.159246656549465
150.06,0.160218443246304
150.07,0.161197672276771
150.08,0.162184410605081
150.09,0.163178725839971
150.1,0.164180686234717
150.11,0.165190360687108
150.12,0.166207818739477
150.13,0.167233137275646
150.14,0.168266384485011
150.15,0.169307632158706
150.16,0.170356953240471
150.17,0.171414421380863
150.18,0.172480110937263
150.19,0.173554096973849
150.2,0.174636460912819
150.21,0.175727279157515
150.22,0.176826628057442
150.23,0.177934586416374
150.24,0.179051233814952
150.25,0.180176650610717
150.26,0.181310917938091
150.27,0.182454122107391
150.28,0.183606348670598
150.29,0.184767678957375
150.3,0.185938198217804
150.31,0.18711799255748
150.32,0.188307148937479
150.33,0.189505755174401
150.34,0.190713902882912
150.35,0.1919316877894
150.36,0.19315919667986
150.37,0.194396521907455
150.38,0.195643756769124
150.39,0.196900995505589
150.4,0.198168333301349
150.41,0.199445867549398
150.42,0.20073370532423
150.43,0.202031939390116
150.44,0.20334066994383
150.45,0.204659998225499
150.46,0.205990026518565
150.47,0.207330858149803
150.48,0.20868259748932
150.49,0.210045359249861
150.5,0.211419247020587
150.51,0.212804369304486
150.52,0.214200836279157
150.53,0.21560875930937
150.54,0.217028250947063
150.55,0.218459432365734
150.56,0.219902415659704
150.57,0.221357317970012
150.58,0.222824257827468
150.59,0.224303355057859
150.6,0.225794730960455
150.61,0.227298515080623
150.62,0.228814828240305
150.63,0.230343796538079
150.64,0.231885547471994
150.65,0.233440209939581
150.66,0.235007914784845
150.67,0.236588801801654
150.68,0.238183000792473
150.69,0.239790647566957
150.7,0.241411879459335
150.71,0.243046835328383
150.72,0.244695656624315
150.73,0.246358494415147
150.74,0.248035488392204
150.75,0.249726785094771
150.76,0.25143253273656
150.77,0.253152881205721
150.78,0.254887983735241
150.79,0.256638003196684
150.8,0.258403090549101
150.81,0.260183404160132
150.82,0.261979104239828
150.83,0.26379035284071
150.84,0.265617315690626
150.85,0.267460166675412
150.86,0.269319071121063
150.87,0.271194200920804
150.88,0.273085730223648
150.89,0.274993835463564
150.9,0.276918695388635
150.91,0.27886049265586
150.92,0.280819411781353
150.93,0.28279563829722
150.94,0.284789361135233
150.95,0.286800771781113
150.96,0.288830064309566
150.97,0.290877435419369
150.98,0.292943086035681
150.99,0.295027217852987
151,0.297130035856638
151.01,0.299251747971037
151.02,0.301392564974549
151.03,0.303552700537932
151.04,0.305732371702389
151.05,0.307931799739992
151.06,0.31015120660695
151.07,0.312390818366875
151.08,0.314650864234638
151.09,0.316931576619028
151.1,0.319233191165505
151.11,0.321555948539254
151.12,0.323900092054011
151.13,0.326265866989963
151.14,0.328653523053992
151.15,0.331063313504795
151.16,0.333495495201984
151.17,0.33595032865519
151.18,0.338428081657973
151.19,0.340929021264606
151.2,0.343453419728356
151.21,0.346001553500641
151.22,0.348573703050758
151.23,0.351170152922539
151.24,0.353791192622671
151.25,0.356437117973578
151.26,0.359108225002113
151.27,0.361804815898861
151.28,0.364527197330746
151.29,0.367275680505292
151.3,0.370050581234867
151.31,0.372852222273201
151.32,0.375680930099926
151.33,0.378537034343147
151.34,0.381420870751419
151.35,0.384332780128414
151.36,0.387273108405206
151.37,0.390242206712728
151.38,0.393240436250452
151.39,0.396268157448381
151.4,0.399325738180842
151.41,0.402413552219902
151.42,0.405531979059876
151.43,0.408681403999584
151.44,0.411862219558564
151.45,0.415074827266718
151.46,0.41831962873642
151.47,0.421597034492542
151.48,0.424907461455266
151.49,0.428251333033764
151.5,0.431629079220066
151.51,0.435041139955098
151.52,0.438487960323586
151.53,0.441969990141614
151.54,0.445487687896787
151.55,0.449041519309096
151.56,0.452631957436038
151.57,0.456259482777643
151.58,0.459924589272339
151.59,0.463627770871637
151.6,0.467369531956255
151.61,0.471150385197553
151.62,0.47497085142878
151.63,0.478831459762
151.64,0.482732749518351
151.65,0.486675272211174
151.66,0.490659580496039
151.67,0.494686239297702
151.68,0.498755822635895
151.69,0.502868913757051
151.7,0.507026105266254
151.71,0.511228004096495
151.72,0.515475224150583
151.73,0.519768386274535
151.74,0.524108123593955
151.75,0.528495079512446
151.76,0.532929907859654
151.77,0.537413273039421
151.78,0.541945855095287
151.79,0.546528338457794
151.8,0.551161420952935
151.81,0.555845811870516
151.82,0.560582231973931
151.83,0.565371413658205
151.84,0.570214101938731
151.85,0.575111055276031
151.86,0.580063041063467
151.87,0.585070840466062
151.88,0.590135247170279
151.89,0.595257067548366
151.9,0.600437120822675
151.91,0.605676241864044
151.92,0.610975277148831
151.93,0.616335085143897
151.94,0.621756539054226
151.95,0.627240525894669
151.96,0.632787946662794
151.97,0.638399716511881
151.98,0.644076765695751
151.99,0.649820037935979
152,0.65563049202433
152.01,0.661509101637606
152.02,0.667456855497646
152.03,0.673474757545806
152.04,0.679563824269174
152.05,0.685725083176189
152.06,0.691959587584678
152.07,0.698268401888465
152.08,0.70465260624577
152.09,0.711113296732591
152.1,0.717651585496299
152.11,0.724268586626248
152.12,0.730965439789648
152.13,0.737743307596869
152.14,0.744603363046293
152.15,0.751546795245381
152.16,0.758574809518508
152.17,0.765688627514799
152.18,0.772889459593465
152.19,0.780178566761243
152.2,0.787557212977454
152.21,0.795026677375665
152.22,0.802588254469779
152.23,0.810243244554608
152.24,0.817992959263027
152.25,0.825838740789954
152.26,0.833781937971715
152.27,0.841823913771517
152.28,0.849966045188061
152.29,0.858209688966089
152.3,0.866556255069939
152.31,0.875007153755164
152.32,0.883563805587382
152.33,0.892227642756711
152.34,0.901000089701154
152.35,0.909882566759136
152.36,0.918876544452669
152.37,0.927983482856667
152.38,0.937204849646931
152.39,0.946542119656119
152.4,0.95599671103277
152.41,0.965570115597721
152.42,0.975263813068419
152.43,0.985079279417439
152.44,0.995017991673748
152.45,1.00508140061258
152.46,1.01527092268679
152.47,1.02558804366655
152.48,1.03603421156337
152.49,1.04661086723325
152.5,1.05731944331177
152.51,1.06816127464464
152.52,1.07913777112388
152.53,1.09025031717278
152.54,1.10150026747783
152.55,1.1128889573583
152.56,1.12441766888136
152.57,1.13608759993706
152.58,1.14790003600023
152.59,1.15985618292136
152.6,1.1719572131617
152.61,1.18420426381472
152.62,1.19659832883683
152.63,1.20914045323491
152.64,1.22183163866391
152.65,1.23467281680491
152.66,1.24766486657747
152.67,1.26080858212007
152.68,1.27410461769834
152.69,1.28755370083535
152.7,1.3011564335066
152.71,1.31491334506005
152.72,1.32882488915025
152.73,1.34289137881212
152.74,1.35711307573272
152.75,1.37149016570022
152.76,1.38602272426983
152.77,1.40071072228883
152.78,1.41555401595347
152.79,1.43055236801789
152.8,1.44570542180744
152.81,1.46101270325523
152.82,1.47647362468048
152.83,1.49208746620015
152.84,1.50785338053456
152.85,1.52377038835703
152.86,1.53983737852696
152.87,1.55605310273995
152.88,1.57241616142137
152.89,1.58892501100414
152.9,1.60557795781484
152.91,1.62237318211153
152.92,1.63930867402668
152.93,1.65638227523142
152.94,1.67359166375171
152.95,1.69093438743672
152.96,1.70840781883184
152.97,1.72600913592514
152.98,1.74373535859986
152.99,1.7615833477255
153,1.77954986441958
153.01,1.79763139516213
153.02,1.81582428871452
153.03,1.83412471705141
153.04,1.85252876966129
153.05,1.87103229512006
153.06,1.88963095843546
153.07,1.90832026828753
153.08,1.92709560075597
153.09,1.94595222721901
153.1,1.96488514001998
153.11,1.9838892122887
153.12,2.00295915344544
153.13,2.02208965631046
153.14,2.0412751098628
153.15,2.06050979322783
153.16,2.07978784343482
153.17,2.09910332081114
153.18,2.1184501690529
153.19,2.13782211184901
153.2,2.15721278604959
153.21,2.17661571576774
153.22,2.19602445045747
153.23,2.21543225392924
153.24,2.23483235140824
153.25,2.25421787042933
153.26,2.2735819191302
153.27,2.29291753914065
153.28,2.31221760809306
153.29,2.3314749786707
153.3,2.35068244220384
153.31,2.36983287798257
153.32,2.38891896856564
153.33,2.40793340889274
153.34,2.42686887161914
153.35,2.44571804586382
153.36,2.46447365691964
153.37,2.48312834333438
153.38,2.50167478939737
153.39,2.52010569692646
153.4,2.53841384075846
153.41,2.55659200752103
153.42,2.57463302909922
153.43,2.59252980206735
153.44,2.61027529091984
153.45,2.62786253538283
153.46,2.64528466033162
153.47,2.66253487918734
153.48,2.67960650806343
153.49,2.6964929755372
153.5,2.71318782796657
153.51,2.7296847434691
153.52,2.7459775322257
153.53,2.76206015123197
153.54,2.77792671111505
153.55,2.79357148507158
153.56,2.80898891812563
153.57,2.82417363516408
153.58,2.83912042338573
153.59,2.85382428959129
153.6,2.8682804347981
153.61,2.8824842550511
153.62,2.89643134364951
153.63,2.91011754364998
153.64,2.9235389151432
153.65,2.93669170134231
153.66,2.94957242496105
153.67,2.96217784713376
153.68,2.97450497414786
153.69,2.98655098334761
153.7,2.99831338640118
153.71,3.00978993393386
153.72,3.02097863692804
153.73,3.03187765486138
153.74,3.0424855367374
153.75,3.0528010563081
153.76,3.06282325054971
153.77,3.07255129913367
153.78,3.08198478713676
153.79,3.09112351750439
153.8,3.09996754594891
153.81,3.10851706900599
153.82,3.11677268305087
153.83,3.12473519096745
153.84,3.13240562883224
153.85,3.13978517092554
153.86,3.14687536927947
153.87,3.15367796545214
153.88,3.16019490667822
153.89,3.16642827308752
153.9,3.17238048640589
153.91,3.17805413528146
153.92,3.18345198089219
153.93,3.18857690991178
153.94,3.1934321004581
153.95,3.19802087110345
153.96,3.20234667770652
153.97,3.20641309149764
153.98,3.21022391349655
153.99,3.21378305680391
154,3.21709453602234
154.01,3.22016246651224
154.02,3.22299113016165
154.03,3.22558489061816
154.04,3.22794818914134
154.05,3.23008552520199
154.06,3.23200151653007
154.07,3.23370082806068
154.08,3.2351881759174
154.09,3.23646831023836
154.1,3.23754603352597
154.11,3.23842616874815
154.12,3.23911356032156
154.13,3.23961308281491
154.14,3.23992958599614
154.15,3.24006792194347
154.16,3.24003293189893
154.17,3.23982949288807
154.18,3.23946238599313
154.19,3.23893638059361
154.2,3.23825620389858
154.21,3.23742662424528
154.22,3.23645225903452
154.23,3.23533770129612
154.24,3.23408747923555
154.25,3.23270614755995
154.26,3.23119809834429
154.27,3.22956766979744
154.28,3.22781912437781
154.29,3.22595673004293
154.3,3.22398460232171
154.31,3.22190677039399
154.32,3.2197271840562
154.33,3.21744977662215
154.34,3.21507834940037
154.35,3.21261659034452
154.36,3.2100681086055
154.37,3.20743647541075
154.38,3.20472515394542
154.39,3.20193747643677
154.4,3.1990766986531
154.41,3.19614602098611
154.42,3.19314855677362
154.43,3.19008728153448
154.44,3.18696509714849
154.45,3.18378483877349
154.46,3.18054927027104
154.47,3.17726101955899
154.48,3.17392264425009
154.49,3.1705366296011
154.5,3.16710540049556
154.51,3.16363125420981
154.52,3.16011642152529
154.53,3.15656305969872
154.54,3.1529732719355
154.55,3.14934904744075
154.56,3.14569231265621
154.57,3.14200492297272
154.58,3.13828868277617
154.59,3.13454529874439
154.6,3.13077641861876
154.61,3.12698362390176
154.62,3.12316844281811
154.63,3.11933232572977
154.64,3.11547666645092
154.65,3.11160279872538
154.66,3.107712008294
154.67,3.10380551695654
154.68,3.09988449195976
154.69,3.09595004956671
154.7,3.09200325652645
154.71,3.08804513099042
154.72,3.08407664244056
154.73,3.08009871562137
154.74,3.07611222996048
154.75,3.07211801673635
154.76,3.06811687435844
154.77,3.06410955887852
154.78,3.0600967885923
154.79,3.05607923366649
154.8,3.05205754134623
154.81,3.04803232126931
154.82,3.04400415028552
154.83,3.03997356754289
154.84,3.03594108446903
154.85,3.03190718689702
154.86,3.02787233112124
154.87,3.02383694354632
154.88,3.01980142039907
154.89,3.01576614258208
154.9,3.01173146434938
154.91,3.00769771699448
154.92,3.0036651973884
154.93,2.9996341985832
154.94,2.99560498849073
154.95,2.99157781685206
154.96,2.98755290516566
154.97,2.98353046385904
154.98,2.97951069092235
154.99,2.97549376640947
155,2.97147985236538
155.01,2.96746908955505
155.02,2.96346161767053
155.03,2.95945755914881
155.04,2.95545702475025
155.05,2.95146010241628
155.06,2.94746688163442
155.07,2.94347743839837
155.08,2.93949183882283
155.09,2.93551013461298
155.1,2.93153236835923
155.11,2.92755858051355
155.12,2.92358880115779
155.13,2.91962305205901
155.14,2.91566133949135
155.15,2.91170367479575
155.16,2.90775005917553
155.17,2.90380048837724
155.18,2.89985494597069
155.19,2.89591341557845
155.2,2.89197587704641
155.21,2.88804230472751
155.22,2.88411266625305
155.23,2.88018692247765
155.24,2.87626503776637
155.25,2.87234697053926
155.26,2.86843267654761
155.27,2.86452210361346
155.28,2.86061519783242
155.29,2.85671190830047
155.3,2.85281217955034
155.31,2.84891595454427
155.32,2.84502316718782
155.33,2.8411337555865
155.34,2.83724765779495
155.35,2.83336480919171
155.36,2.82948514433472
155.37,2.82560858963072
155.38,2.82173507909894
155.39,2.8178645438188
155.4,2.81399691417928
155.41,2.81013211983488
155.42,2.80627008550868
155.43,2.80241074219762
155.44,2.79855401857855
155.45,2.79469984350468
155.46,2.79084814477933
155.47,2.78699884760657
155.48,2.78315188255503
155.49,2.77930717864967
155.5,2.77546466548044
155.51,2.77162427112177
155.52,2.76778592351535
155.53,2.76394955446964
155.54,2.76011509502285
155.55,2.75628247700982
155.56,2.75245163058726
155.57,2.74862248814354
155.58,2.74479498409285
155.59,2.74096905294881
155.6,2.73714463023209
155.61,2.73332165132967
155.62,2.72950005226356
155.63,2.72567977207435
155.64,2.72186075004119
155.65,2.718042926636
155.66,2.71422624245398
155.67,2.71041063641244
155.68,2.70659605347675
155.69,2.70278243779863
155.7,2.69896973470481
155.71,2.69515789055182
155.72,2.69134684999908
155.73,2.68753656268782
155.74,2.68372697798357
155.75,2.67991804640774
155.76,2.67610971965711
155.77,2.6723019504013
155.78,2.66849469274369
155.79,2.66468790196687
155.8,2.66088153456997
155.81,2.65707554830796
155.82,2.65326990076941
155.83,2.64946455154386
155.84,2.64565946204874
155.85,2.64185459443218
155.86,2.6380499120425
155.87,2.63424537873823
155.88,2.63044095930332
155.89,2.62663662075559
155.9,2.6228323307344
155.91,2.6190280580074
155.92,2.61522377219716
155.93,2.6114194433429
155.94,2.60761504372084
155.95,2.60381054619471
155.96,2.60000592467413
155.97,2.59620115412464
155.98,2.5923962108176
155.99,2.58859107170232
156,2.58478571489348
156.01,2.58098011953329
156.02,2.57717426578557
156.03,2.57336813408885
156.04,2.56956170662832
156.05,2.56575496640784
156.06,2.56194789730958
156.07,2.5581404841534
156.08,2.55433271256375
156.09,2.55052456914411
156.1,2.54671604144861
156.11,2.54290711787858
156.12,2.53909778771049
156.13,2.53528804085946
156.14,2.53147786801828
156.15,2.52766726104898
156.16,2.52385621245133
156.17,2.52004471551592
156.18,2.51623276430646
156.19,2.51242035343588
156.2,2.50860747853923
156.21,2.50479413587672
156.22,2.50098032242215
156.23,2.49716603584881
156.24,2.49335127482215
156.25,2.48953603862831
156.26,2.48572032695759
156.27,2.48190414032821
156.28,2.47808747992051
156.29,2.4742703475389
156.3,2.47045274539188
156.31,2.46663467663303
156.32,2.46281614489359
156.33,2.45899715439383
156.34,2.45517770993047
156.35,2.45135781693633
156.36,2.44753748135718
156.37,2.44371670964937
156.38,2.43989550882491
156.39,2.43607388641492
156.4,2.43225185045816
156.41,2.42842940949114
156.42,2.42460657252779
156.43,2.42078334905425
156.44,2.41695974901464
156.45,2.41313578279876
156.46,2.40931146150514
156.47,2.40548679643482
156.48,2.40166179928614
156.49,2.39783648223087
156.5,2.39401085784608
156.51,2.39018493915985
156.52,2.38635873967071
156.53,2.38253227305405
156.54,2.37870555344239
156.55,2.37487859532612
156.56,2.37105141354315
156.57,2.36722402326864
156.58,2.36339644007038
156.59,2.35956867981136
156.6,2.35574075860105
156.61,2.35191269288617
156.62,2.34808449940274
156.63,2.34425619516601
156.64,2.34042779746036
156.65,2.33659932434279
156.66,2.33277079357625
156.67,2.32894222321949
156.68,2.32511363166926
156.69,2.32128503756069
156.7,2.31745645975816
156.71,2.31362791737435
156.72,2.30979943036693
156.73,2.30597101798241
156.74,2.30214270004119
156.75,2.29831449656788
156.76,2.29448642778378
156.77,2.29065851409918
156.78,2.28683077619096
156.79,2.28300323506289
156.8,2.27917591155699
156.81,2.27534882682947
156.82,2.27152200219725
156.83,2.26769545913083
156.84,2.26386921924738
156.85,2.26004330443053
156.86,2.25621773666569
156.87,2.25239253793441
156.88,2.24856773042238
156.89,2.24474333643444
156.9,2.24091937838805
156.91,2.23709587880674
156.92,2.23327286064958
156.93,2.22945034662645
156.94,2.22562835955279
156.95,2.22180692240281
156.96,2.2179860582373
156.97,2.21416579019783
156.98,2.2103461415167
156.99,2.20652713604769
157,2.20270879688817
157.01,2.19889114753368
157.02,2.19507421154408
157.03,2.19125801253862
157.04,2.18744257419089
157.05,2.18362792022381
157.06,2.17981407463506
157.07,2.17600106137218
157.08,2.1721889042015
157.09,2.16837762706771
157.1,2.16456725394971
157.11,2.16075780885629
157.12,2.15694931582148
157.13,2.1531417989297
157.14,2.14933528270075
157.15,2.14552979101797
157.16,2.14172534804584
157.17,2.13792197796219
157.18,2.13411970495428
157.19,2.13031855321506
157.2,2.12651854693918
157.21,2.12271971061757
157.22,2.11892206856917
157.23,2.11512564489685
157.24,2.11133046385315
157.25,2.10753654968496
157.26,2.10374392663046
157.27,2.09995261891594
157.28,2.09616265078553
157.29,2.09237404673481
157.3,2.08858683079953
157.31,2.08480102717925
157.32,2.08101666005312
157.33,2.07723375357702
157.34,2.07345233188085
157.35,2.06967241906583
157.36,2.06589403931405
157.37,2.06211721669446
157.38,2.05834197518516
157.39,2.05456833877625
157.4,2.05079633141958
157.41,2.0470259770262
157.42,2.04325729946385
157.43,2.03949032259793
157.44,2.03572507047696
157.45,2.03196156669962
157.46,2.02819983498631
157.47,2.02443989900858
157.48,2.02068178238706
157.49,2.01692550868943
157.5,2.01317110142818
157.51,2.0094185843202
157.52,2.00566798079611
157.53,2.00191931415045
157.54,1.99817260771489
157.55,1.99442788476317
157.56,1.99068516850941
157.57,1.98694448210649
157.58,1.98320584864426
157.59,1.97946929130774
157.6,1.97573483303185
157.61,1.97200249670445
157.62,1.96827230517772
157.63,1.9645442812364
157.64,1.96081844759625
157.65,1.95709482690263
157.66,1.95337344172898
157.67,1.94965431473255
157.68,1.94593746828206
157.69,1.94222292473922
157.7,1.93851070640136
157.71,1.93480083548985
157.72,1.93109333414878
157.73,1.92738822444362
157.74,1.92368552837054
157.75,1.91998526814918
157.76,1.91628746545204
157.77,1.91259214206189
157.78,1.90889931968232
157.79,1.90520901993681
157.8,1.90152126436774
157.81,1.89783607443545
157.82,1.8941534715439
157.83,1.89047347715511
157.84,1.88679611239544
157.85,1.88312139841561
157.86,1.87944935628327
157.87,1.87578000698207
157.88,1.87211337141098
157.89,1.86844947038359
157.9,1.86478832462693
157.91,1.86112995478051
157.92,1.85747438139751
157.93,1.85382162494196
157.94,1.85017170578871
157.95,1.84652464422254
157.96,1.8428804604375
157.97,1.83923917453609
157.98,1.83560080658299
157.99,1.83196537657673
158,1.82833290429729
158.01,1.82470340949598
158.02,1.82107691183171
158.03,1.81745343087039
158.04,1.81383298608429
158.05,1.8102155968515
158.06,1.80660128259611
158.07,1.80299006260545
158.08,1.7993819559043
158.09,1.79577698152785
158.1,1.79217515841899
158.11,1.78857650542802
158.12,1.78498104131223
158.13,1.78138878473561
158.14,1.77779975427419
158.15,1.77421396842225
158.16,1.77063144555218
158.17,1.7670522039546
158.18,1.76347626182554
158.19,1.75990363726615
158.2,1.75633434828229
158.21,1.75276841278427
158.22,1.74920584858635
158.23,1.74564667334186
158.24,1.74209090470471
158.25,1.73853856019178
158.26,1.7349896572218
158.27,1.73144421311495
158.28,1.72790224509248
158.29,1.72436377027639
158.3,1.72082880568896
158.31,1.71729736845918
158.32,1.71376947539683
158.33,1.71024514320318
158.34,1.70672438853759
158.35,1.70320722796264
158.36,1.69969367794407
158.37,1.69618375485056
158.38,1.69267747495369
158.39,1.68917485452047
158.4,1.68567590970563
158.41,1.6821806564383
158.42,1.67868911062804
158.43,1.67520128809007
158.44,1.67171720454536
158.45,1.66823687562062
158.46,1.6647603168484
158.47,1.66128754360245
158.48,1.65781857098805
158.49,1.6543534143823
158.5,1.65089208889957
158.51,1.64743460955512
158.52,1.64398099126479
158.53,1.64053124884482
158.54,1.63708539701159
158.55,1.63364345038142
158.56,1.63020542374044
158.57,1.62677133137864
158.58,1.6233411876398
158.59,1.61991500677604
158.6,1.61649280294281
158.61,1.61307459019903
158.62,1.60966038250694
158.63,1.60625019373217
158.64,1.60284403768284
158.65,1.59944192803156
158.66,1.5960438783493
158.67,1.5926499021231
158.68,1.58926001274441
158.69,1.58587422350914
158.7,1.58249254761766
158.71,1.57911499817489
158.72,1.57574158822382
158.73,1.57237233071167
158.74,1.5690072384368
158.75,1.56564632413352
158.76,1.56228960044232
158.77,1.55893707990995
158.78,1.5555887749896
158.79,1.55224469804095
158.8,1.54890486131309
158.81,1.54556927689705
158.82,1.54223795690435
158.83,1.53891091330269
158.84,1.53558815796407
158.85,1.53226970266465
158.86,1.52895555908483
158.87,1.52564573886153
158.88,1.52234025356084
158.89,1.51903911453953
158.9,1.51574233311627
158.91,1.51244992051594
158.92,1.50916188786962
158.93,1.50587824623078
158.94,1.50259900673124
158.95,1.49932418013706
158.96,1.49605377723219
158.97,1.49278780870932
158.98,1.48952628516986
158.99,1.486269217124
159,1.48301661493193
159.01,1.47976848892552
159.02,1.47652484934295
159.03,1.47328570631809
159.04,1.47005106989258
159.05,1.46682095001586
159.06,1.46359535656061
159.07,1.46037429930805
159.08,1.45715778792277
159.09,1.45394583199054
159.1,1.45073844100533
159.11,1.4475356243694
159.12,1.44433739141823
159.13,1.4411437515332
159.14,1.43795471376823
159.15,1.43477028718493
159.16,1.43159048075552
159.17,1.42841530336283
159.18,1.42524476380029
159.19,1.42207887091163
159.2,1.41891763328421
159.21,1.41576105944666
159.22,1.41260915785935
159.23,1.40946193689535
159.24,1.40631940484043
159.25,1.40318156991311
159.26,1.40004844023905
159.27,1.39692002383435
159.28,1.39379632864141
159.29,1.39067736251583
159.3,1.38756313322643
159.31,1.38445364847194
159.32,1.38134891591839
159.33,1.37824894304197
159.34,1.37515373727693
159.35,1.37206330597186
159.36,1.3689776563897
159.37,1.36589679570768
159.38,1.36282073113676
159.39,1.359749469646
159.4,1.35668301816374
159.41,1.35362138354342
159.42,1.35056457255439
159.43,1.34751259188186
159.44,1.34446544819363
159.45,1.34142314805911
159.46,1.33838569788293
159.47,1.33535310403373
159.48,1.3323253727977
159.49,1.32930251037872
159.5,1.32628452291209
159.51,1.32327141655337
159.52,1.32026319720636
159.53,1.31725987076307
159.54,1.3142614430347
159.55,1.31126791975165
159.56,1.30827930656349
159.57,1.30529560911344
159.58,1.30231683289125
159.59,1.29934298329793
159.6,1.29637406567467
159.61,1.29341008528317
159.62,1.29045104730552
159.63,1.28749695691112
159.64,1.28454781925692
159.65,1.28160363922163
159.66,1.27866442169943
159.67,1.2757301715076
159.68,1.27280089338652
159.69,1.26987659199968
159.7,1.26695727204125
159.71,1.26404293797895
159.72,1.26113359425684
159.73,1.25822924524667
159.74,1.25532989524468
159.75,1.25243554847146
159.76,1.24954620909991
159.77,1.24666188121399
159.78,1.24378256879806
159.79,1.2409082757773
159.8,1.23803900600189
159.81,1.23517476324699
159.82,1.23231555121279
159.83,1.22946137374351
159.84,1.22661223430438
159.85,1.2237681363892
159.86,1.22092908342888
159.87,1.21809507878177
159.88,1.21526612573369
159.89,1.2124422275936
159.9,1.20962338772354
159.91,1.2068096090793
159.92,1.20400089470087
159.93,1.20119724755945
159.94,1.19839867055756
159.95,1.19560516652887
159.96,1.19281673821241
159.97,1.19003338830135
159.98,1.18725511942704
159.99,1.18448193414299
160,1.18171383493348
160.01,1.17895082421363
160.02,1.17619290434213
160.03,1.17344007781454
160.04,1.17069234673569
160.05,1.16794971327272
160.06,1.16521217952608
160.07,1.16247974752957
160.08,1.15975241925027
160.09,1.15703019669379
160.1,1.15431308181848
160.11,1.1516010763229
160.12,1.1488941819418
160.13,1.14619240034613
160.14,1.14349573314307
160.15,1.14080418187603
160.16,1.13811774815082
160.17,1.13543643337719
160.18,1.13276023891392
160.19,1.13008916607934
160.2,1.12742321613082
160.21,1.12476239027787
160.22,1.12210668969365
160.23,1.11945611543941
160.24,1.11681066853828
160.25,1.11417034995336
160.26,1.11153516058778
160.27,1.10890510132639
160.28,1.10628017295373
160.29,1.10366037619386
160.3,1.10104571172041
160.31,1.09843618014796
160.32,1.0958317820673
160.33,1.09323251809934
160.34,1.0906383886377
160.35,1.0880493940905
160.36,1.08546553480985
160.37,1.08288681109174
160.38,1.08031322329124
160.39,1.07774477160658
160.4,1.07518145616438
160.41,1.0726232770671
160.42,1.07007023436406
160.43,1.06752232805861
160.44,1.06497955812556
160.45,1.06244192444353
160.46,1.05990942685636
160.47,1.05738206515549
160.48,1.05485983907991
160.49,1.05234274833552
160.5,1.04983079256078
160.51,1.04732397133647
160.52,1.04482228419733
160.53,1.04232573062618
160.54,1.03983431009664
160.55,1.03734802223003
160.56,1.03486686626712
160.57,1.03239084153451
160.58,1.02991994731201
160.59,1.02745418283271
160.6,1.02499354731357
160.61,1.02253803991051
160.62,1.02008765971858
160.63,1.01764240579794
160.64,1.01520227716301
160.65,1.01276727278019
160.66,1.01033739157481
160.67,1.00791263242533
160.68,1.00549299416494
160.69,1.0030784756417
160.7,1.00066907561895
160.71,0.998264792801012
160.72,0.995865625864878
160.73,0.993471573473085
160.74,0.991082634330476
160.75,0.988698806966811
160.76,0.986320089926213
160.77,0.983946481714699
160.78,0.98157798077483
160.79,0.979214585531703
160.8,0.976856294373102
160.81,0.974503105643051
160.82,0.972155017667174
160.83,0.969812028771931
160.84,0.967474137174224
160.85,0.96514134108319
160.86,0.962813638671398
160.87,0.960491028131037
160.88,0.958173507564181
160.89,0.955861075044045
160.9,0.953553728616089
160.91,0.951251466317176
160.92,0.948954286180564
160.93,0.946662186140477
160.94,0.944375164126963
160.95,0.942093218038172
160.96,0.939816345804184
160.97,0.93754454526599
160.98,0.935277814247944
160.99,0.933016150544209
161,0.930759551895946
161.01,0.928508016047023
161.02,0.926261540699826
161.03,0.924020123554823
161.04,0.921783762288934
161.05,0.919552454521458
161.06,0.917326197858437
161.07,0.915104989976778
161.08,0.912888828445208
161.09,0.910677710821902
161.1,0.908471634653169
161.11,0.906270597467744
161.12,0.904074596769459
161.13,0.901883630042943
161.14,0.89969769473005
161.15,0.897516788242998
161.16,0.895340907999285
161.17,0.893170051380917
161.18,0.891004215807959
161.19,0.888843398630435
161.2,0.886687597180528
161.21,0.884536808795701
161.22,0.88239103091286
161.23,0.880250260810154
161.24,0.878114495804701
161.25,0.875983733207644
161.26,0.873857970321936
161.27,0.871737204430945
161.28,0.869621432810691
161.29,0.867510652653335
161.3,0.865404861173263
161.31,0.863304055574576
161.32,0.861208233124318
161.33,0.859117391032125
161.34,0.857031526484422
161.35,0.854950636773572
161.36,0.852874719145034
161.37,0.850803770827612
161.38,0.848737789027744
161.39,0.846676770969498
161.4,0.8446207138854
161.41,0.842569614907413
161.42,0.840523471193317
161.43,0.838482279913697
161.44,0.836446038284548
161.45,0.834414743489847
161.46,0.832388392685964
161.47,0.830366983173745
161.48,0.828350512222853
161.49,0.826338977068125
161.5,0.824332374960518
161.51,0.822330703169388
161.52,0.820333958985444
161.53,0.818342139606991
161.54,0.816355242254187
161.55,0.814373264189412
161.56,0.812396202698302
161.57,0.810424055060626
161.58,0.808456818535329
161.59,0.806494490499299
161.6,0.804537068363346
161.61,0.802584549506728
161.62,0.800636931360312
161.63,0.798694211383946
161.64,0.796756386946995
161.65,0.794823455405417
161.66,0.792895414207365
161.67,0.790972260936525
161.68,0.789053993061767
161.69,0.787140608117426
161.7,0.785232103662243
161.71,0.783328477278313
161.72,0.781429726569798
161.73,0.779535849166817
161.74,0.777646842733376
161.75,0.775762704962381
161.76,0.773883433572036
161.77,0.772009026389087
161.78,0.770139481213265
161.79,0.768274795833234
161.8,0.766414968039444
161.81,0.7645599956997
161.82,0.762709876725963
161.83,0.760864609020213
161.84,0.75902419057482
161.85,0.757188619447172
161.86,0.755357893691301
161.87,0.753532011567057
161.88,0.751710971278184
161.89,0.749894771026195
161.9,0.748083408983352
161.91,0.746276883462917
161.92,0.744475192730556
161.93,0.742678335110207
161.94,0.740886309001234
161.95,0.739099112897554
161.96,0.737316745261182
161.97,0.735539204686182
161.98,0.733766489773115
161.99,0.73199859917017
162,0.730235531550298
162.01,0.728477285663853
162.02,0.726723860282134
162.03,0.72497525423134
162.04,0.723231466390127
162.05,0.72149249570091
162.06,0.719758341134653
162.07,0.718029001732792
162.08,0.716304476578613
162.09,0.714584764804783
162.1,0.712869865590363
162.11,0.711159778169674
162.12,0.709454501822819
162.13,0.707754035879559
162.14,0.706058379719422
162.15,0.70436753277588
162.16,0.702681494528278
162.17,0.701000264509733
162.18,0.699323842306132
162.19,0.697652227553177
162.2,0.695985419921688
162.21,0.694323419140971
162.22,0.692666224987057
162.23,0.69101383728923
162.24,0.689366255919528
162.25,0.687723480803937
162.26,0.68608551191873
162.27,0.684452349287887
162.28,0.682823992978311
162.29,0.681200443111057
162.3,0.679581699852082
162.31,0.677967763411885
162.32,0.676358634050495
162.33,0.674754312076202
162.34,0.673154797846678
162.35,0.671560091762959
162.36,0.669970194277542
162.37,0.668385105891301
162.38,0.666804827151478
162.39,0.665229358652101
162.4,0.663658701035658
162.41,0.66209285499296
162.42,0.660531821260671
162.43,0.658975600623678
162.44,0.657424193914105
162.45,0.655877602013642
162.46,0.654335825849653
162.47,0.652798866397695
162.48,0.651266724680539
162.49,0.649739401768908
162.5,0.648216898779953
162.51,0.646699216873682
162.52,0.645186357260643
162.53,0.643678321194504
162.54,0.642175109966851
162.55,0.64067672492007
162.56,0.639183167435483
162.57,0.637694438927724
162.58,0.636210540859346
162.59,0.634731474726479
162.6,0.633257242050406
162.61,0.631787844397363
162.62,0.630323283358565
162.63,0.628863560537553
162.64,0.627408677578909
162.65,0.625958636139856
162.66,0.624513437874106
162.67,0.623073084468463
162.68,0.621637577606596
162.69,0.620206918949968
162.7,0.618781110180221
162.71,0.617360152955525
162.72,0.615944048887119
162.73,0.614532799595022
162.74,0.613126406658435
162.75,0.611724871552758
162.76,0.610328195757921
162.77,0.608936380680647
162.78,0.607549427611756
162.79,0.606167337762613
162.8,0.604790112274689
162.81,0.60341775214851
162.82,0.602050258223047
162.83,0.600687631254236
162.84,0.599329871823519
162.85,0.597976980263319
162.86,0.596628956803089
162.87,0.595285801445521
162.88,0.593947513890998
162.89,0.59261409364702
162.9,0.591285539963725
162.91,0.589961851748937
162.92,0.588643027578595
162.93,0.587329065753853
162.94,0.586019964171167
162.95,0.584715720254005
162.96,0.583416331138043
162.97,0.58212179348622
162.98,0.580832103394701
162.99,0.579547256434641
163,0.578267247769372
163.01,0.576992071958588
163.02,0.575721722745368
163.03,0.574456193400839
163.04,0.573195476531224
163.05,0.571939563995191
163.06,0.570688446672206
163.07,0.569442114910287
163.08,0.568200558141827
163.09,0.566963764844298
163.1,0.565731722439782
163.11,0.564504417591729
163.12,0.563281835874006
163.13,0.56206396159337
163.14,0.560850777976295
163.15,0.559642267188411
163.16,0.558438410111268
163.17,0.557239185979212
163.18,0.55604457301215
163.19,0.55485454793069
163.2,0.553669085894319
163.21,0.552488160187274
163.22,0.551311742961785
163.23,0.550139804531044
163.24,0.548972313486918
163.25,0.547809235861233
163.26,0.546650536407758
163.27,0.545496177915824
163.28,0.544346121027953
163.29,0.543200323878656
163.3,0.542058741970099
163.31,0.540921329332576
163.32,0.539788037240093
163.33,0.538658814473146
163.34,0.53753360603847
163.35,0.536412355595092
163.36,0.535295003516488
163.37,0.534181487275699
163.38,0.533071740622425
163.39,0.531965694251984
163.4,0.53086327617406
163.41,0.52976441072589
163.42,0.528669018541085
163.43,0.527577015484652
163.44,0.526488315180213
163.45,0.525402826784244
163.46,0.524320455434553
163.47,0.523241100583159
163.48,0.522164658441032
163.49,0.521091020826517
163.5,0.520020074643371
163.51,0.518951701462451
163.52,0.51788577717093
163.53,0.516822173776446
163.54,0.515760757424624
163.55,0.514701388774838
163.56,0.513643920473782
163.57,0.512588201842223
163.58,0.511534075224954
163.59,0.510481376648974
163.6,0.509429934485943
163.61,0.508379570364537
163.62,0.507330100040874
163.63,0.506281331548757
163.64,0.505233065158058
163.65,0.504185091073436
163.66,0.503137194700047
163.67,0.502089152095857
163.68,0.501040730900286
163.69,0.499991688956118
163.7,0.498941775841646
163.71,0.497890732233659
163.72,0.496838289116104
163.73,0.495784167193795
163.74,0.494728075740478
163.75,0.493669715972223
163.76,0.492608777662572
163.77,0.491544939750984
163.78,0.490477866603244
163.79,0.48940721412607
163.8,0.488332625894481
163.81,0.487253732933518
163.82,0.486170154336649
163.83,0.485081496957454
163.84,0.48398735357725
163.85,0.482887304211685
163.86,0.481780915374933
163.87,0.480667739169336
163.88,0.479547314328299
163.89,0.478419164964285
163.9,0.477282800537759
163.91,0.476137716110205
163.92,0.474983391606148
163.93,0.473819291021676
163.94,0.472644862935995
163.95,0.471459540618746
163.96,0.470262746744103
163.97,0.469053881105181
163.98,0.467832329761374
163.99,0.46659746237858
164,0.46534863933139
164.01,0.464085201375815
164.02,0.462806470274814
164.03,0.461511753567666
164.04,0.460200345656593
164.05,0.458871534822421
164.06,0.457524579630659
164.07,0.456158728732009
164.08,0.454773215523705
164.09,0.453367276608345
164.1,0.45194011973923
164.11,0.450490939678377
164.12,0.449018920513877
164.13,0.447523241751375
164.14,0.44600308456137
164.15,0.444457602380176
164.16,0.442885947463334
164.17,0.441287273936738
164.18,0.43966072697934
164.19,0.438005444528239
164.2,0.436320563867965
164.21,0.434605233958563
164.22,0.432858589970366
164.23,0.431079773272808
164.24,0.429267936838222
164.25,0.427422252260082
164.26,0.425541880256101
164.27,0.423625999307885
164.28,0.421673824285868
164.29,0.41968457768504
164.3,0.417657494923058
164.31,0.415591839373316
164.32,0.413486907044695
164.33,0.411342014272626
164.34,0.409156510540678
164.35,0.406929786827899
164.36,0.404661283047653
164.37,0.4023504620923
164.38,0.399996837845156
164.39,0.397599982293817
164.4,0.39515951428583
164.41,0.392675104490856
164.42,0.390146484182713
164.43,0.387573451534062
164.44,0.384955864096737
164.45,0.382293649672701
164.46,0.379586804826556
164.47,0.376835396625431
164.48,0.374039574993695
164.49,0.37119956764172
164.5,0.36831566819481
164.51,0.365388261525734
164.52,0.362417822899941
164.53,0.359404910529285
164.54,0.356350136109194
164.55,0.353254238679681
164.56,0.35011803544883
164.57,0.346942418388528
164.58,0.343728347910472
164.59,0.340476910421166
164.6,0.337189269257706
164.61,0.333866631440668
164.62,0.330510311822951
164.63,0.327121721294585
164.64,0.323702341365111
164.65,0.320253665150998
164.66,0.316777334363846
164.67,0.313275039123399
164.68,0.309748523017785
164.69,0.306199564683448
164.7,0.30263003228562
164.71,0.299041822299281
164.72,0.295436860308998
164.73,0.29181712902414
164.74,0.288184644445149
164.75,0.284541460010826
164.76,0.280889646768602
164.77,0.277231292963625
164.78,0.27356849652219
164.79,0.269903376651004
164.8,0.266238035537845
164.81,0.262574561982597
164.82,0.258915048379832
164.83,0.255261563808451
164.84,0.251616153111615
164.85,0.247980828577616
164.86,0.244357579396335
164.87,0.240748356774525
164.88,0.237155060824255
164.89,0.233579558356238
164.9,0.230023664794618
164.91,0.226489135538698
164.92,0.222977678061192
164.93,0.219490936835019
164.94,0.216030488476023
164.95,0.212597854662018
164.96,0.209194483071427
164.97,0.205821745588866
164.98,0.202480960681148
164.99,0.199173363004936
165,0.19590010800005
165.01,0.192662299279371
165.02,0.189460951515456
165.03,0.186297001976653
165.04,0.183171334186336
165.05,0.180084743374969
165.06,0.177037951350347
165.07,0.17403162503369
165.08,0.171066346394346
165.09,0.168142628798001
165.1,0.165260933671999
165.11,0.16242164119757
165.12,0.159625069676603
165.13,0.156871489614285
165.14,0.154161096723893
165.15,0.151494031849322
165.16,0.148870391564473
165.17,0.146290207770419
165.18,0.143753464158665
165.19,0.141260102268201
165.2,0.138810011159258
165.21,0.136403037750977
165.22,0.134038990852341
165.23,0.131717637226157
165.24,0.129438707969853
165.25,0.12720190118682
165.26,0.125006882163022
165.27,0.122853287101803
165.28,0.120740723930698
165.29,0.118668776692013
165.3,0.116637006404251
165.31,0.114644950048136
165.32,0.112692128939293
165.33,0.110778046724461
165.34,0.108902187157545
165.35,0.107064025521708
165.36,0.105263024438814
165.37,0.103498630799089
165.38,0.101770287797632
165.39,0.100077431132647
165.4,0.0984194854566045
165.41,0.0967958737215374
165.42,0.0952060168880387
165.43,0.0936493291827362
165.44,0.0921252242169797
165.45,0.0906331182616668
165.46,0.0891724246470626
165.47,0.0877425569735346
165.48,0.0863429351111346
165.49,0.0849729791707793
165.5,0.0836321104037264
165.51,0.0823197589777491
165.52,0.081035357771922
165.53,0.0797783413407839
165.54,0.0785481552063878
165.55,0.077344249499989
165.56,0.0761660770851878
165.57,0.0750131025465268
165.58,0.073884796650983
165.59,0.0727806338862994
165.6,0.0717001007949236
165.61,0.0706426911088732
165.62,0.0696079033023549
165.63,0.0685952475445933
165.64,0.0676042420509185
165.65,0.0666344110987845
165.66,0.065685288826847
165.67,0.0647564188086074
165.68,0.0638473517980865
165.69,0.062957647070478
165.7,0.0620868738316177
165.71,0.0612346089327897
165.72,0.0604004369402616
165.73,0.059583952529461
165.74,0.0587847581998213
165.75,0.0580024637695368
165.76,0.0572366888131047
165.77,0.0564870607367371
165.78,0.0557532137860445
165.79,0.055034791618725
165.8,0.054331445449721
165.81,0.0536428336395476
165.82,0.0529686228400951
165.83,0.0523084871956137
165.84,0.0516621078964647
165.85,0.0510291736992738
165.86,0.0504093807024946
165.87,0.0498024319006486
165.88,0.0492080367176197
165.89,0.0486259120600577
165.9,0.0480557812990607
165.91,0.047497373888858
165.92,0.046950425912192
165.93,0.0464146797547478
165.94,0.0458898838137031
165.95,0.0453757924012969
165.96,0.0448721657056753
165.97,0.0443787695822308
165.98,0.0438953756532663
165.99,0.0434217608681057
166,0.0429577074838877
166.01,0.0425030030224265
166.02,0.042057440184087
166.03,0.0416208165081688
166.04,0.0411929344166509
166.05,0.0407736011285468
166.06,0.0403626284107943
166.07,0.0399598325067582
166.08,0.0395650340993839
166.09,0.0391780583049332
166.1,0.038798734200805
166.11,0.0384268950231822
166.12,0.0380623782115371
166.13,0.037705024835871
166.14,0.0373546798221767
166.15,0.0370111919787286
166.16,0.0366744135245482
166.17,0.03634420023526
166.18,0.0360204114090168
166.19,0.0357029095894585
166.2,0.035391560553168
166.21,0.035086233364046
166.22,0.0347868001270296
166.23,0.0344931358782135
166.24,0.0342051187262682
166.25,0.0339226296952286
166.26,0.0336455524423824
166.27,0.0333737734680232
166.28,0.0331071820602042
166.29,0.0328456699228073
166.3,0.0325891311942096
166.31,0.0323374622280106
166.32,0.0320905628525864
166.33,0.0318483352151275
166.34,0.0316106814511343
166.35,0.0313775085248955
166.36,0.0311487253686188
166.37,0.0309242417259436
166.38,0.0307039695264518
166.39,0.0304878242699522
166.4,0.0302757225554384
166.41,0.030067581263659
166.42,0.0298633217579542
166.43,0.0296628666167914
166.44,0.0294661381285931
166.45,0.0292730626431442
166.46,0.0290835678913931
166.47,0.0288975822987643
166.48,0.0287150360675477
166.49,0.0285358620260579
166.5,0.0283599938310286
166.51,0.028187365443882
166.52,0.0280179145396744
166.53,0.027851579659089
166.54,0.0276882998024744
166.55,0.027528014937338
166.56,0.0273706683042246
166.57,0.0272162038858277
166.58,0.0270645653172104
166.59,0.0269156984116982
166.6,0.0267695511527705
166.61,0.0266260723611297
166.62,0.0264852099694621
166.63,0.0263469152611977
166.64,0.0262111403964671
166.65,0.0260778384472844
166.66,0.0259469617655863
166.67,0.025818466159287
166.68,0.0256923077618353
166.69,0.0255684433790392
166.7,0.0254468297813509
166.71,0.0253274264788425
166.72,0.0252101933786644
166.73,0.025095090590688
166.74,0.024982078900068
166.75,0.0248711212115049
166.76,0.0247621808608799
166.77,0.0246552212301635
166.78,0.0245502065393335
166.79,0.0244471028223152
166.8,0.0243458765291308
166.81,0.024246493993578
166.82,0.0241489225453236
166.83,0.0240531310436868
166.84,0.0239590887441965
166.85,0.0238667647252646
166.86,0.0237761291834955
166.87,0.0236871535226917
166.88,0.0235998095620685
166.89,0.0235140688402618
166.9,0.0234299041356882
166.91,0.0233472891763274
166.92,0.0232661981020718
166.93,0.0231866047989708
166.94,0.0231084844189802
166.95,0.0230318128178207
166.96,0.0229565662877072
166.97,0.0228827206674922
166.98,0.0228102533148505
166.99,0.0227391420715803
167,0.0226693651966694
167.01,0.0226009007809789
167.02,0.0225337276543146
167.03,0.022467825641856
167.04,0.0224031747934375
167.05,0.0223397552083772
167.06,0.0222775470507496
167.07,0.0222165319246556
167.08,0.0221566914782264
167.09,0.0220980076321527
167.1,0.0220404619022861
167.11,0.02198403743111
167.12,0.0219287173227458
167.13,0.0218744850890061
167.14,0.0218213236668426
167.15,0.0217692175321395
167.16,0.0217181511485994
167.17,0.0216681093437859
167.18,0.0216190766950586
167.19,0.0215710386011829
167.2,0.0215239808872976
167.21,0.0214778895994561
167.22,0.0214327508187174
167.23,0.0213885508783911
167.24,0.0213452767112321
167.25,0.0213029153758204
167.26,0.0212614541946487
167.27,0.0212208807406863
167.28,0.02118118283327
167.29,0.0211423485445267
167.3,0.0211043661764314
167.31,0.0210672242585821
167.32,0.0210309116117685
167.33,0.0209954173679333
167.34,0.0209607306839207
167.35,0.020926841010441
167.36,0.0208937380056919
167.37,0.0208614115744451
167.38,0.0208298519443404
167.39,0.0207990493404388
167.4,0.0207689942642347
167.41,0.0207396774090609
167.42,0.0207110896618101
167.43,0.0206832221299319
167.44,0.02065606604698
167.45,0.0206296128424532
167.46,0.0206038541169824
167.47,0.0205787816415004
167.48,0.0205543874108821
167.49,0.0205306635009293
167.5,0.0205076021735546
167.51,0.0204851958434721
167.52,0.020463437074022
167.53,0.0204423186446588
167.54,0.0204218333926997
167.55,0.0204019743242558
167.56,0.0203827345829443
167.57,0.0203641074450386
167.58,0.0203460864316781
167.59,0.0203286650752363
167.6,0.0203118370586396
167.61,0.0202955962011349
167.62,0.0202799364446717
167.63,0.0202648519038069
167.64,0.0202503367686906
167.65,0.0202363853428818
167.66,0.0202229920543992
167.67,0.0202101514432005
167.68,0.020197858163456
167.69,0.0201861069729368
167.7,0.0201748927315357
167.71,0.0201642104020897
167.72,0.02015405504611
167.73,0.0201444218373714
167.74,0.0201353060903807
167.75,0.020126703134811
167.76,0.0201186084235716
167.77,0.0201110174990161
167.78,0.020103925990562
167.79,0.020097329700196
167.8,0.0200912244304742
167.81,0.0200856060754073
167.82,0.020080470624783
167.83,0.02007581414972
167.84,0.0200716328178674
167.85,0.0200679228906006
167.86,0.0200646806671636
167.87,0.0200619025404483
167.88,0.0200595849778456
167.89,0.0200577245195289
167.9,0.0200563178168972
167.91,0.0200553615430217
167.92,0.0200548524567842
167.93,0.0200547873859893
167.94,0.0200551632249562
167.95,0.020055976950259
167.96,0.0200572256019905
167.97,0.0200589062642621
167.98,0.0200610160933898
167.99,0.0200635523064736
168,0.020066512180316
168.01,0.0200698930529664
168.02,0.0200736923147132
168.03,0.0200779074129128
168.04,0.020082535848915
168.05,0.0200875751766802
168.06,0.0200930230380187
168.07,0.0200988771022913
168.08,0.0201051350749076
168.09,0.0201117947228905
168.1,0.0201188538616807
168.11,0.0201263103539451
168.12,0.0201341622312506
168.13,0.0201424074296515
168.14,0.0201510439717515
168.15,0.0201600699367437
168.16,0.0201694834515012
168.17,0.0201792826864472
168.18,0.020189465834751
168.19,0.0202000311687865
168.2,0.0202109769908991
168.21,0.0202223016460237
168.22,0.0202340035208383
168.23,0.0202460810388946
168.24,0.0202585326595824
168.25,0.0202713568914021
168.26,0.0202845522761119
168.27,0.0202981173923975
168.28,0.0203120508549831
168.29,0.0203263513498558
168.3,0.0203410175838473
168.31,0.0203560482739106
168.32,0.0203714421883294
168.33,0.0203871981300304
168.34,0.0204033149359099
168.35,0.0204197915182557
168.36,0.0204366267793294
168.37,0.0204538196610148
168.38,0.0204713691441918
168.39,0.0204892742427648
168.4,0.0205075340030647
168.41,0.0205261475019815
168.42,0.0205451138498813
168.43,0.0205644321873056
168.44,0.0205841016852239
168.45,0.0206041215445241
168.46,0.0206244910013253
168.47,0.0206452093297638
168.48,0.0206662758112947
168.49,0.020687689765374
168.5,0.0207094505394007
168.51,0.0207315575082421
168.52,0.0207540100737589
168.53,0.0207768076720175
168.54,0.0207999497804931
168.55,0.0208234358697314
168.56,0.0208472654506496
168.57,0.0208714380596247
168.58,0.0208959532580714
168.59,0.0209208106320173
168.6,0.0209460098043562
168.61,0.0209715504537953
168.62,0.0209974322193533
168.63,0.0210236547920198
168.64,0.0210502178868346
168.65,0.0210771212425597
168.66,0.0211043646213511
168.67,0.0211319478139564
168.68,0.021159870651497
168.69,0.021188132954866
168.7,0.0212167345818107
168.71,0.0212456754125996
168.72,0.0212749553497411
168.73,0.0213045743177033
168.74,0.0213345322661398
168.75,0.0213648291802966
168.76,0.0213954650415962
168.77,0.0214264398633985
168.78,0.0214577536801796
168.79,0.021489406547285
168.8,0.0215213985406833
168.81,0.0215537297595793
168.82,0.0215864003381482
168.83,0.0216194104055188
168.84,0.021652760121387
168.85,0.0216864496653785
168.86,0.0217204792368349
168.87,0.0217548490546018
168.88,0.021789559360959
168.89,0.0218246104454385
168.9,0.0218600025709224
168.91,0.0218957360386169
168.92,0.021931811169111
168.93,0.0219682283022224
168.94,0.0220049877968412
168.95,0.0220420900319266
168.96,0.0220795354147932
168.97,0.0221173243543543
168.98,0.022155457285432
168.99,0.0221939346612794
169,0.0222327569534331
169.01,0.0222719246515638
169.02,0.0223114382633281
169.03,0.02235129831422
169.04,0.0223915053474223
169.05,0.0224320599507714
169.06,0.0224729627058243
169.07,0.0225142142000123
169.08,0.0225558150503429
169.09,0.0225977658912613
169.1,0.0226400673745249
169.11,0.022682720169077
169.12,0.022725724960922
169.13,0.022769082452999
169.14,0.0228127933762993
169.15,0.0228568585251369
169.16,0.0229012786175943
169.17,0.0229460544302671
169.18,0.0229911867568542
169.19,0.0230366764080683
169.2,0.0230825242115497
169.21,0.0231287310117771
169.22,0.02317529766998
169.23,0.0232222250640507
169.24,0.023269514132681
169.25,0.0233171657843833
169.26,0.0233651809381067
169.27,0.0234135605441946
169.28,0.0234623055699316
169.29,0.0235114169994882
169.3,0.0235608958338667
169.31,0.023610743090846
169.32,0.023660959804926
169.33,0.023711547036515
169.34,0.0237625058834194
169.35,0.0238138374111079
169.36,0.0238655427246709
169.37,0.023917622946117
169.38,0.02397007921434
169.39,0.0240229126850862
169.4,0.0240761245309216
169.41,0.0241297159411999
169.42,0.024183688122029
169.43,0.024238042319815
169.44,0.0242927797692186
169.45,0.0243479017239367
169.46,0.0244034094600012
169.47,0.0244593042703816
169.48,0.0245155874649687
169.49,0.0245722603705567
169.5,0.0246293243308284
169.51,0.024686780706337
169.52,0.0247446308827568
169.53,0.0248028762722416
169.54,0.0248615182739908
169.55,0.0249205583188391
169.56,0.0249799978547355
169.57,0.0250398383467404
169.58,0.0251000812770269
169.59,0.0251607281448776
169.6,0.0252217804666843
169.61,0.025283239775945
169.62,0.02534510769867
169.63,0.0254073857706716
169.64,0.0254700755709842
169.65,0.0255331787077378
169.66,0.0255966968067165
169.67,0.0256606315113783
169.68,0.025724984482875
169.69,0.0257897574000714
169.7,0.0258549519595667
169.71,0.0259205698757136
169.72,0.0259866128806381
169.73,0.0260530827315409
169.74,0.0261199812172915
169.75,0.026187310107376
169.76,0.0262550712073354
169.77,0.0263232663407782
169.78,0.0263918973494081
169.79,0.0264609660930515
169.8,0.0265304744496852
169.81,0.0266004243154642
169.82,0.0266708176047477
169.83,0.0267416562501294
169.84,0.026812942202463
169.85,0.0268846775430352
169.86,0.0269568642574848
169.87,0.0270295043137364
169.88,0.0271025997480571
169.89,0.0271761526161991
169.9,0.0272501649934694
169.91,0.0273246389747986
169.92,0.0273995766748117
169.93,0.0274749802278971
169.94,0.027550851788275
169.95,0.0276271935300694
169.96,0.0277040076443129
169.97,0.0277812962925469
169.98,0.027859061743774
169.99,0.0279373062487768
170,0.0280160320782524
170.01,0.0280952415228668
170.02,0.0281749368933116
170.03,0.0282551205203603
170.04,0.0283357947549245
170.05,0.0284169619681102
170.06,0.0284986245512743
170.07,0.0285807849160794
170.08,0.0286634456136612
170.09,0.0287466091819895
170.1,0.0288302779976794
170.11,0.028914454572517
170.12,0.02899914144054
170.13,0.0290843411581574
170.14,0.0291700563042705
170.15,0.0292562894803943
170.16,0.0293430433107785
170.17,0.029430320442528
170.18,0.0295181235457253
170.19,0.029606455313549
170.2,0.0296953182124857
170.21,0.0297847150988981
170.22,0.0298746487481305
170.23,0.0299651219270469
170.24,0.0300561374244424
170.25,0.0301476980510993
170.26,0.0302398066398384
170.27,0.0303324660455724
170.28,0.0304256791453593
170.29,0.0305194488384552
170.3,0.0306137780463677
170.31,0.0307086698763864
170.32,0.030804127694573
170.33,0.0309001541763134
170.34,0.0309967523755861
170.35,0.0310939253728176
170.36,0.0311916762750872
170.37,0.0312900082163378
170.38,0.0313889243575812
170.39,0.0314884278871062
170.4,0.031588522020686
170.41,0.0316892100017852
170.42,0.0317904951017679
170.43,0.0318923803306259
170.44,0.031994869037809
170.45,0.0320979646591789
170.46,0.0322016705440073
170.47,0.0323059900664952
170.48,0.0324109266257745
170.49,0.0325164836459051
170.5,0.0326226645758785
170.51,0.0327294728896155
170.52,0.0328369120859669
170.53,0.0329449858463895
170.54,0.0330536979673848
170.55,0.0331630518017465
170.56,0.0332730509747809
170.57,0.0333836991382633
170.58,0.0334949999704412
170.59,0.0336069571760324
170.6,0.0337195744862257
170.61,0.033832855658679
170.62,0.0339468044775225
170.63,0.034061424761663
170.64,0.0341767210733668
170.65,0.0342926968002166
170.66,0.0344093558705911
170.67,0.0345267022415947
170.68,0.0346447398990574
170.69,0.0347634728575329
170.7,0.034882905160302
170.71,0.0350030408793702
170.72,0.0351238841154683
170.73,0.0352454389980533
170.74,0.0353677101716837
170.75,0.0354907017822615
170.76,0.0356144178899784
170.77,0.0357388627800641
170.78,0.0358640407687852
170.79,0.0359899562034453
170.8,0.0361166134623849
170.81,0.0362440169549822
170.82,0.0363721711216503
170.83,0.0365010804338414
170.84,0.0366307496248166
170.85,0.0367611836054846
170.86,0.0368923866075747
170.87,0.0370243632665786
170.88,0.037157118251324
170.89,0.0372906562639753
170.9,0.037424982040034
170.91,0.0375601003483379
170.92,0.037696015991062
170.93,0.0378327338037186
170.94,0.0379702586601543
170.95,0.038108596312611
170.96,0.0382477511404917
170.97,0.0383877281572127
170.98,0.0385285324121474
170.99,0.0386701689906231
171,0.0388126430139259
171.01,0.038955959639297
171.02,0.0391001240599341
171.03,0.0392451415049912
171.04,0.0393910172395784
171.05,0.0395377573817796
171.06,0.0396853671577742
171.07,0.0398338516431803
171.08,0.0399832162965686
171.09,0.0401334666148881
171.1,0.040284608133468
171.11,0.0404366464260144
171.12,0.0405895871046149
171.13,0.0407434358197359
171.14,0.0408981982602228
171.15,0.0410538801533006
171.16,0.0412104872645734
171.17,0.0413680262252821
171.18,0.0415265034097515
171.19,0.0416859239433351
171.2,0.0418462938195494
171.21,0.0420076190739581
171.22,0.0421699057841738
171.23,0.042333160069858
171.24,0.042497388092718
171.25,0.0426625960565124
171.26,0.0428287902070471
171.27,0.0429959768321765
171.28,0.0431641622618035
171.29,0.0433333534077693
171.3,0.0435035581405624
171.31,0.0436747816414128
171.32,0.0438470304986495
171.33,0.0440203113471492
171.34,0.0441946308683329
171.35,0.0443699957901676
171.36,0.0445464128871623
171.37,0.044723888980374
171.38,0.044902430937404
171.39,0.0450820456723982
171.4,0.0452627401460481
171.41,0.0454445214682013
171.42,0.0456273991144101
171.43,0.0458113784315066
171.44,0.0459964666642378
171.45,0.0461826711088274
171.46,0.0463699991129724
171.47,0.046558458075843
171.48,0.0467480554480848
171.49,0.0469387987318137
171.5,0.0471306954806228
171.51,0.0473237532995777
171.52,0.0475179798452181
171.53,0.0477133828255573
171.54,0.0479099723026615
171.55,0.0481077549879327
171.56,0.048306738461325
171.57,0.0485069307472374
171.58,0.048708339926897
171.59,0.0489109741383542
171.6,0.0491148415764852
171.61,0.0493199504929874
171.62,0.0495263091963863
171.63,0.0497339260520307
171.64,0.0499428094820941
171.65,0.0501529679655746
171.66,0.050364411959896
171.67,0.0505771500259965
171.68,0.0507911899524224
171.69,0.0510065405707735
171.7,0.0512232107756078
171.71,0.051441209524437
171.72,0.0516605458377273
171.73,0.0518812287989009
171.74,0.0521032675543309
171.75,0.0523266713133488
171.76,0.0525514493482396
171.77,0.0527776109942429
171.78,0.0530051666462727
171.79,0.0532341267832615
171.8,0.0534644999247745
171.81,0.0536962958083028
171.82,0.0539295242432143
171.83,0.0541641951107612
171.84,0.054400318364075
171.85,0.0546379040281692
171.86,0.0548769621999337
171.87,0.055117503048143
171.88,0.0553595376143148
171.89,0.055603076811689
171.9,0.0558481303564263
171.91,0.0560947088136392
171.92,0.0563428228267609
171.93,0.0565924831175462
171.94,0.0568437004860663
171.95,0.0570964858107168
171.96,0.0573508500482125
171.97,0.0576068042335886
171.98,0.0578643603051772
171.99,0.0581235298885467
172,0.0583843236836503
172.01,0.0586467531406403
172.02,0.0589108297939999
172.03,0.0591765652625441
172.04,0.0594439712494193
172.05,0.059713059542103
172.06,0.0599838420124061
172.07,0.060256330616466
172.08,0.0605305385317986
172.09,0.0608064782669883
172.1,0.0610841613826435
172.11,0.061363600300709
172.12,0.0616448075350296
172.13,0.0619277956913445
172.14,0.0622125774672882
172.15,0.062499165652391
172.16,0.0627875731280786
172.17,0.0630778128676724
172.18,0.0633698994072559
172.19,0.0636638461641095
172.2,0.0639596656996178
172.21,0.0642573715078031
172.22,0.064556977183575
172.23,0.0648584964227315
172.24,0.0651619430219526
172.25,0.0654673308788102
172.26,0.0657746739917617
172.27,0.0660839864601511
172.28,0.0663952842199095
172.29,0.0667085816386076
172.3,0.067023892460908
172.31,0.0673412313570864
172.32,0.0676606131081039
172.33,0.0679820526056172
172.34,0.0683055648519721
172.35,0.0686311649602066
172.36,0.0689588681540435
172.37,0.0692886897679021
172.38,0.0696206472606881
172.39,0.0699547560220112
172.4,0.0702910311115873
172.41,0.0706294884873545
172.42,0.0709701442285011
172.43,0.0713130145354679
172.44,0.0716581157299403
172.45,0.0720054642548595
172.46,0.0723550766744155
172.47,0.0727069696740483
172.48,0.0730611624465944
172.49,0.0734176714695403
172.5,0.0737765132356294
172.51,0.0741377051154931
172.52,0.0745012646126782
172.53,0.0748672093636466
172.54,0.0752355571377757
172.55,0.0756063258373581
172.56,0.0759795334976038
172.57,0.076355198286632
172.58,0.0767333413717048
172.59,0.0771139803757417
172.6,0.0774971333703157
172.61,0.0778828192807955
172.62,0.0782710571785833
172.63,0.0786618662811058
172.64,0.0790552659518159
172.65,0.0794512757001936
172.66,0.0798499151817451
172.67,0.0802512041980035
172.68,0.0806551652298243
172.69,0.0810618176686745
172.7,0.0814711815553708
172.71,0.0818832775556551
172.72,0.082298126500576
172.73,0.0827157493864915
172.74,0.0831361673750591
172.75,0.0835594017932503
172.76,0.0839854755529533
172.77,0.0844144103748142
172.78,0.0848462277126697
172.79,0.0852809497484621
172.8,0.0857185988429074
172.81,0.0861591975354986
172.82,0.0866027685444948
172.83,0.087049334766937
172.84,0.0874989203148798
172.85,0.0879515489978344
172.86,0.0884072436932034
172.87,0.0888660281957737
172.88,0.0893279264919261
172.89,0.089792962759637
172.9,0.0902611613684794
172.91,0.0907325468796219
172.92,0.0912071449564086
172.93,0.0916849817996975
172.94,0.092166081624751
172.95,0.0926504699821944
172.96,0.0931381726300632
172.97,0.0936292155338054
172.98,0.0941236248662844
172.99,0.0946214270077679
173,0.095122649211908
173.01,0.0956273203898899
173.02,0.096135466198957
173.03,0.096647114109938
173.04,0.0971622918197612
173.05,0.0976810272514542
173.06,0.0982033485541469
173.07,0.0987292841030597
173.08,0.099258862807529
173.09,0.0997921164704241
173.1,0.100329072403444
173.11,0.100869760170314
173.12,0.101414209581423
173.13,0.101962450693815
173.14,0.102514513811188
173.15,0.103070429483898
173.16,0.103630228508956
173.17,0.104193945462058
173.18,0.104761609805626
173.19,0.105333253279902
173.2,0.1059089079911
173.21,0.106488606314062
173.22,0.10707238089226
173.23,0.107660264637801
173.24,0.108252290731415
173.25,0.108848495840385
173.26,0.109448912732766
173.27,0.110053575175489
173.28,0.110662517774952
173.29,0.111275775430334
173.3,0.111893383333602
173.31,0.112515376969508
173.32,0.113141792115581
173.33,0.113772667751969
173.34,0.114408040294568
173.35,0.115047945685927
173.36,0.11569242126566
173.37,0.116341504693337
173.38,0.116995233948464
173.39,0.117653647330489
173.4,0.118316783458801
173.41,0.1189846837713
173.42,0.119657388760758
173.43,0.120334936724692
173.44,0.121017367994166
173.45,0.121704723250498
173.46,0.122397043525241
173.47,0.12309437020019
173.48,0.123796745007386
173.49,0.124504212027055
173.5,0.125216816295028
173.51,0.125934598660226
173.52,0.126657602732577
173.53,0.127385872506045
173.54,0.128119452358627
173.55,0.128858387052353
173.56,0.129602721733293
173.57,0.130352503333335
173.58,0.131107781960304
173.59,0.131868601226836
173.6,0.132635008343025
173.61,0.133407050940769
173.62,0.134184777073793
173.63,0.134968235217638
173.64,0.135757474269658
173.65,0.136552544107447
173.66,0.137353499511546
173.67,0.138160388063311
173.68,0.138973261069942
173.69,0.139792170351777
173.7,0.140617168247236
173.71,0.141448307617716
173.72,0.142285641852508
173.73,0.143129224873714
173.74,0.143979111141144
173.75,0.144835356204786
173.76,0.145698017151688
173.77,0.146567149061096
173.78,0.147442808805505
173.79,0.148325053842342
173.8,0.149213942219907
173.81,0.150109532583323
173.82,0.151011884180458
173.83,0.151921056867902
173.84,0.152837111116887
173.85,0.153760108676577
173.86,0.154690112027129
173.87,0.155627182916402
173.88,0.156571384495136
173.89,0.157522780575484
173.9,0.158481435637725
173.91,0.15944741483698
173.92,0.160420784009929
173.93,0.161401609681524
173.94,0.162389959071689
173.95,0.163385901238139
173.96,0.16438950524065
173.97,0.16540083989468
173.98,0.166419975469704
173.99,0.167446982984924
174,0.16848193421697
174.01,0.169524901707544
174.02,0.170575958771091
174.03,0.171635179502467
174.04,0.172702638784601
174.05,0.173778414355556
174.06,0.174862582537589
174.07,0.175955220206705
174.08,0.177056405760935
174.09,0.178166218454403
174.1,0.179284738406328
174.11,0.180412046609991
174.12,0.181548224941763
174.13,0.182693356170067
174.14,0.183847523964381
174.15,0.185010816047562
174.16,0.186183316733773
174.17,0.187365112357758
174.18,0.188556290639178
174.19,0.189756940280322
174.2,0.190967150976758
174.21,0.192187013427924
174.22,0.193416619347745
174.23,0.194656061475262
174.24,0.195905433608197
174.25,0.197164833608547
174.26,0.198434355878837
174.27,0.199714097757866
174.28,0.201004157713635
174.29,0.202304635356776
174.3,0.203615631453965
174.31,0.204937247941356
174.32,0.206269587937971
174.33,0.20761275748945
174.34,0.208966861468996
174.35,0.210332006754527
174.36,0.21170830160385
174.37,0.213095855558071
174.38,0.214494779456719
174.39,0.215905185452921
174.4,0.217327187028567
174.41,0.218760900427387
174.42,0.220206441504607
174.43,0.221663927825428
174.44,0.223133478587721
174.45,0.224615214424525
174.46,0.226109257420784
174.47,0.227615731130123
174.48,0.229134760591632
174.49,0.230666474260441
174.5,0.232211000090535
174.51,0.2337684675205
174.52,0.235339008077992
174.53,0.236922754906711
174.54,0.238519842785638
174.55,0.240130408148281
174.56,0.241754589101922
174.57,0.243392527866971
174.58,0.245044366359642
174.59,0.246710247362087
174.6,0.248390316416178
174.61,0.250084720901571
174.62,0.251793610058609
174.63,0.253517135011124
174.64,0.255255448789291
174.65,0.257008708546757
174.66,0.258777072192873
174.67,0.260560697887155
174.68,0.262359747089507
174.69,0.264174383352189
174.7,0.266004772346558
174.71,0.267851081889696
174.72,0.269713481971097
174.73,0.271592146423021
174.74,0.273487251045121
174.75,0.275398971649441
174.76,0.27732748769408
174.77,0.279272981007181
174.78,0.28123563581705
174.79,0.283215638782269
174.8,0.28521317902182
174.81,0.287228449353408
174.82,0.289261645873871
174.83,0.291312964610013
174.84,0.293382605549469
174.85,0.295470771401289
174.86,0.297577667633124
174.87,0.299703502508548
174.88,0.301848490182741
174.89,0.304012844190818
174.9,0.306196781743223
174.91,0.308400523468772
174.92,0.31062429309703
174.93,0.312868317503004
174.94,0.315132827157893
174.95,0.317418056413998
174.96,0.31972424148798
174.97,0.322051622602388
174.98,0.324400443397513
174.99,0.326770950979185
175,0.329163395966711
175.01,0.331578032660094
175.02,0.334015118884078
175.03,0.336474916114936
175.04,0.338957689568557
175.05,0.341463708225487
175.06,0.343993246626709
175.07,0.346546581768165
175.08,0.349123994680254
175.09,0.351725770776373
175.1,0.354352199642655
175.11,0.357003577402575
175.12,0.359680202414452
175.13,0.362382377800224
175.14,0.365110411557041
175.15,0.367864616366644
175.16,0.370645309798938
175.17,0.373452814140649
175.18,0.376287456630284
175.19,0.379149569521197
175.2,0.382039490149955
175.21,0.38495756026154
175.22,0.387904127632573
175.23,0.390879545086525
175.24,0.393884170752951
175.25,0.39691836817754
175.26,0.399982508203928
175.27,0.403076965215504
175.28,0.406202120031852
175.29,0.409358359340404
175.3,0.412546075783023
175.31,0.415765671327771
175.32,0.419017550146871
175.33,0.422302124234336
175.34,0.42561981206665
175.35,0.428971038771493
175.36,0.432356237725777
175.37,0.435775847209018
175.38,0.439230313207497
175.39,0.442720088814191
175.4,0.446245634350399
175.41,0.449807418043684
175.42,0.453405914881495
175.43,0.457041607696125
175.44,0.460714987025017
175.45,0.46442655122614
175.46,0.468176808373426
175.47,0.471966272529954
175.48,0.475795466772559
175.49,0.479664922585361
175.5,0.483575179973651
175.51,0.487526790049139
175.52,0.491520309971939
175.53,0.49555630681639
175.54,0.499635356914774
175.55,0.503758045923787
175.56,0.507924970774849
175.57,0.512136736096659
175.58,0.516393956888305
175.59,0.520697258252625
175.6,0.525047275447694
175.61,0.529444655511598
175.62,0.533890054472551
175.63,0.538384139370377
175.64,0.54292758822388
175.65,0.547521090070598
175.66,0.552165346484558
175.67,0.556861069113262
175.68,0.561608981371213
175.69,0.566409818576915
175.7,0.571264327972494
175.71,0.576173269650911
175.72,0.581137415237677
175.73,0.586157548885265
175.74,0.591234467493094
175.75,0.596368980768524
175.76,0.601561911455162
175.77,0.606814095631934
175.78,0.612126382401041
175.79,0.617499634491602
175.8,0.622934728308372
175.81,0.628432554103434
175.82,0.633994016231822
175.83,0.639620033197632
175.84,0.645311537829802
175.85,0.65106947752849
175.86,0.656894814406586
175.87,0.662788525308464
175.88,0.668751599412514
175.89,0.674785044708096
175.9,0.680889883072388
175.91,0.687067151810601
175.92,0.693317903817163
175.93,0.699643203693771
175.94,0.70604413080143
175.95,0.712521786354058
175.96,0.719077284373317
175.97,0.725711754783977
175.98,0.732426343539111
175.99,0.739222200040857
176,0.746100503783351
176.01,0.753062446800506
176.02,0.760109235944799
176.03,0.76724209397832
176.04,0.77446225531233
176.05,0.781770962073322
176.06,0.789169487641437
176.07,0.796659114248857
176.08,0.804241139537753
176.09,0.811916876568732
176.1,0.819687634118229
176.11,0.827554750260115
176.12,0.835519582112309
176.13,0.843583495648059
176.14,0.851747870803166
176.15,0.860014098058634
176.16,0.868383553076611
176.17,0.876857658024995
176.18,0.885437833196611
176.19,0.89412550919648
176.2,0.902922114434577
176.21,0.911829090858963
176.22,0.920847893608156
176.23,0.929979981264574
176.24,0.939226815782797
176.25,0.94858985194893
176.26,0.958070566049202
176.27,0.967670431171165
176.28,0.977390922930512
176.29,0.987233495439943
176.3,0.997199617825479
176.31,1.00729076063463
176.32,1.01750838681218
176.33,1.02785394415564
176.34,1.03832884992172
176.35,1.04893455001899
176.36,1.05967246472729
176.37,1.070544001954
176.38,1.08155051646739
176.39,1.09269337978432
176.4,1.10397393956301
176.41,1.11539351728587
176.42,1.12695339569674
176.43,1.13865481352212
176.44,1.15049901219019
176.45,1.16248718644149
176.46,1.17462049575221
176.47,1.18690002467746
176.48,1.19932684874287
176.49,1.21190198802138
176.5,1.22462640938641
176.51,1.23750100570105
176.52,1.2505266358761
176.53,1.26370408985272
176.54,1.2770340883277
176.55,1.29051727343149
176.56,1.30415422963708
176.57,1.31794545998487
176.58,1.33189137940084
176.59,1.34599231595254
176.6,1.36024851876257
176.61,1.37466014068335
176.62,1.38922722760482
176.63,1.40394972971477
176.64,1.41882749477399
176.65,1.4338602592458
176.66,1.44904763857856
176.67,1.46438913773917
176.68,1.47988413776389
176.69,1.49553189374307
176.7,1.51133153318809
176.71,1.52728204707287
176.72,1.5433822895031
176.73,1.55963097726476
176.74,1.57602669030264
176.75,1.59256784792819
176.76,1.60925272226624
176.77,1.62607943938816
176.78,1.64304598241165
176.79,1.66015015058639
176.8,1.67738958907688
176.81,1.69476179207344
176.82,1.71226410669242
176.83,1.72989367705267
176.84,1.74764748981015
176.85,1.76552238009177
176.86,1.78351503413116
176.87,1.80162192176441
176.88,1.81983935595486
176.89,1.83816350228345
176.9,1.85659037829638
176.91,1.87511577877957
176.92,1.89373534652519
176.93,1.91244458572311
176.94,1.93123885634087
176.95,1.95011329737391
176.96,1.96906290500911
176.97,1.9880825498912
176.98,2.00716696555282
176.99,2.02631067494004
177,2.04550807153034
177.01,2.06475344175549
177.02,2.08404094498707
177.03,2.10336454635337
177.04,2.12271809963736
177.05,2.14209536531531
177.06,2.16149001089991
177.07,2.18089551892466
177.08,2.2003052865929
177.09,2.21971263392582
177.1,2.23911082363157
177.11,2.25849295341075
177.12,2.27785206370003
177.13,2.29718113702923
177.14,2.31647313218511
177.15,2.33572087433373
177.16,2.35491716002629
177.17,2.37405475168323
177.18,2.3931264200779
177.19,2.41212484053528
177.2,2.43104268983434
177.21,2.44987263864807
177.22,2.46860739749075
177.23,2.48723962359071
177.24,2.50576200734105
177.25,2.52416726437316
177.26,2.54244817975758
177.27,2.56059753174059
177.28,2.57860816400688
177.29,2.59647297933517
177.3,2.6141849756612
177.31,2.63173719538367
177.32,2.64912277780227
177.33,2.66633495692107
177.34,2.6833670828388
177.35,2.70021260507361
177.36,2.71686509981401
177.37,2.73331827419111
177.38,2.74956596798545
177.39,2.76560217605544
177.4,2.78142104810904
177.41,2.79701689916311
177.42,2.81238419284074
177.43,2.82751759570257
177.44,2.84241195974917
177.45,2.8570623322189
177.46,2.87146392401766
177.47,2.8856121856734
177.48,2.89950278668795
177.49,2.91313161549285
177.5,2.92649473759659
177.51,2.93958848174017
177.52,2.95240943094768
177.53,2.96495440328838
177.54,2.9772204053958
177.55,2.98920471582592
177.56,3.00090490286861
177.57,3.01231877737547
177.58,3.0234443479261
177.59,3.03427988819608
177.6,3.04482399465644
177.61,3.05507550478022
177.62,3.06503345990192
177.63,3.07469714512527
177.64,3.08406619571211
177.65,3.09314047743869
177.66,3.10192006215326
177.67,3.11040523234838
177.68,3.11859663845065
177.69,3.12649514286219
177.7,3.13410181134904
177.71,3.14141787974353
177.72,3.14844495589337
177.73,3.15518483466592
177.74,3.16163950563142
177.75,3.16781108589999
177.76,3.17370205141307
177.77,3.17931503595961
177.78,3.18465285254474
177.79,3.18971840290732
177.8,3.19451491511201
177.81,3.19904574408762
177.82,3.20331440127198
177.83,3.20732445644578
177.84,3.21107975410376
177.85,3.21458423504191
177.86,3.21784196691323
177.87,3.22085705563221
177.88,3.22363381547411
177.89,3.2261766280927
177.9,3.2284899678304
177.91,3.23057835119207
177.92,3.23244639975945
177.93,3.23409878327008
177.94,3.2355402277671
177.95,3.23677549982569
177.96,3.23780939972495
177.97,3.23864676512409
177.98,3.2392924439782
177.99,3.23975129864614
178,3.24002819519269
178.01,3.24012799344277
178.02,3.24005554334992
178.03,3.23981567242961
178.04,3.2394131824966
178.05,3.23885285149701
178.06,3.23813940742672
178.07,3.23727753144471
178.08,3.23627187788229
178.09,3.23512706603419
178.1,3.23384757707159
178.11,3.23243792806897
178.12,3.23090253359499
178.13,3.22924569769794
178.14,3.22747172989166
178.15,3.22558479558883
178.16,3.22358900915792
178.17,3.22148842463967
178.18,3.21928696015796
178.19,3.21698850385064
178.2,3.21459683503309
178.21,3.21211563752094
178.22,3.20954853258471
178.23,3.20689902361492
178.24,3.20417054825382
178.25,3.20136645635685
178.26,3.19848998706938
178.27,3.19554430505129
178.28,3.19253248822341
178.29,3.18945751314281
178.3,3.18632227145703
178.31,3.18312956752716
178.32,3.17988212339123
178.33,3.17658256982669
178.34,3.17323344523727
178.35,3.16983722156275
178.36,3.1663962831545
178.37,3.16291291603013
178.38,3.15938934835319
178.39,3.15582772934708
178.4,3.15223010680457
178.41,3.14859848084378
178.42,3.14493477971011
178.43,3.14124082207235
178.44,3.13751836352666
178.45,3.13376916321532
178.46,3.12999481720085
178.47,3.12619687719183
178.48,3.12237686721332
178.49,3.1185362553639
178.5,3.1146763877991
178.51,3.11079856903524
178.52,3.10690413778003
178.53,3.10299426040948
178.54,3.09907007812967
178.55,3.0951327163571
178.56,3.0911832566263
178.57,3.08722267109958
178.58,3.08325190201609
178.59,3.07927192777972
178.6,3.07528357712264
178.61,3.07128766153371
178.62,3.06728498402582
178.63,3.06327631361786
178.64,3.05926232600403
178.65,3.0552436750435
178.66,3.05122104002807
178.67,3.04719499997185
178.68,3.04316612209157
178.69,3.03913494237692
178.7,3.03510197055248
178.71,3.03106768474326
178.72,3.02703253770619
178.73,3.02299695727284
178.74,3.01896132433704
178.75,3.01492601713695
178.76,3.01089138632444
178.77,3.00685775920941
178.78,3.00282543096702
178.79,2.99879468495319
178.8,2.99476578420451
178.81,2.99073897172088
178.82,2.98671446954012
178.83,2.98269248462443
178.84,2.97867320817011
178.85,2.97465681566815
178.86,2.97064346359484
178.87,2.9666332969078
178.88,2.96262644914956
178.89,2.95862304067237
178.9,2.95462317419191
178.91,2.9506269430312
178.92,2.94663443360724
178.93,2.94264572060561
178.94,2.93866086212909
178.95,2.93467990791598
178.96,2.93070290533689
178.97,2.92672989055958
178.98,2.92276089049924
178.99,2.91879591873564
179,2.91483499076834
179.01,2.91087811244468
179.02,2.90692528376176
179.03,2.90297649293931
179.04,2.89903172914316
179.05,2.89509097543129
179.06,2.89115421008467
179.07,2.88722140331121
179.08,2.88329252110426
179.09,2.87936753008892
179.1,2.87544639160795
179.11,2.87152906275789
179.12,2.8676154918138
179.13,2.86370563253097
179.14,2.85979943321631
179.15,2.8558968400371
179.16,2.85199779234033
179.17,2.84810223200423
179.18,2.84421009866346
179.19,2.84032133005589
179.2,2.83643586088089
179.21,2.8325536242072
179.22,2.82867455444754
179.23,2.82479858420425
179.24,2.8209256445489
179.25,2.81705566113723
179.26,2.81318856710744
179.27,2.8093242923738
179.28,2.80546276688651
179.29,2.80160392083419
179.3,2.79774767876664
179.31,2.7938939643959
179.32,2.7900427108605
179.33,2.78619384725463
179.34,2.78234730322976
179.35,2.77850300914705
179.36,2.77466088571584
179.37,2.77082086400275
179.38,2.76698287588869
179.39,2.76314685200038
179.4,2.75931272375781
179.41,2.75548042297635
179.42,2.75164987646965
179.43,2.74782102033299
179.44,2.74399378838756
179.45,2.74016811544967
179.46,2.73634393741171
179.47,2.7325211896203
179.48,2.72869980720275
179.49,2.7248797303338
179.5,2.72106089861699
179.51,2.71724325289544
179.52,2.71342673531525
179.53,2.70961128361392
179.54,2.7057968408443
179.55,2.70198335295243
179.56,2.69817076537326
179.57,2.69435902473473
179.58,2.69054807886967
179.59,2.68673787453917
179.6,2.68292836277641
179.61,2.67911949471096
179.62,2.67531122272386
179.63,2.67150350047261
179.64,2.66769628147341
179.65,2.66388951814921
179.66,2.6600831692016
179.67,2.65627719232631
179.68,2.65247154640571
179.69,2.64866619151915
179.7,2.64486108833789
179.71,2.64105619671798
179.72,2.63725148116121
179.73,2.63344690585312
179.74,2.62964243609847
179.75,2.62583803832234
179.76,2.62203368041321
179.77,2.61822933372809
179.78,2.61442496724903
179.79,2.61062055260065
179.8,2.60681606265135
179.81,2.60301147152281
179.82,2.59920675422066
179.83,2.59540187911374
179.84,2.591596826714
179.85,2.58779157429048
179.86,2.58398610008507
179.87,2.58018038329902
179.88,2.57637440407928
179.89,2.57256814438611
179.9,2.56876158597498
179.91,2.56495471193263
179.92,2.56114750628941
179.93,2.55733995398999
179.94,2.5535320408823
179.95,2.54972375312617
179.96,2.5459150784198
179.97,2.54210600515955
179.98,2.53829652252145
179.99,2.53448662050208
180,2.53067628990548
180.01,2.52686552324149
180.02,2.52305431292501
180.03,2.51924265220188
180.04,2.51543053528218
180.05,2.51161795716662
180.06,2.50780491363684
180.07,2.5039914017039
180.08,2.50017741875615
180.09,2.49636296284347
180.1,2.49254803291277
180.11,2.48873262866312
180.12,2.48491675053732
180.13,2.48110039971327
180.14,2.4772835730018
180.15,2.4734662745325
180.16,2.46964850689748
180.17,2.465830272992
180.18,2.46201157624273
180.19,2.45819242058957
180.2,2.45437281115564
180.21,2.45055275728569
180.22,2.44673226265649
180.23,2.44291133406276
180.24,2.4390899788693
180.25,2.435268205002
180.26,2.43144602093908
180.27,2.42762343439561
180.28,2.42380045267302
180.29,2.41997708669173
180.3,2.41615334628897
180.31,2.41232924169752
180.32,2.40850478352964
180.33,2.40467998276125
180.34,2.40085485299901
180.35,2.3970294069511
180.36,2.39320365624352
180.37,2.38937761396268
180.38,2.38555129359733
180.39,2.38172470903005
180.4,2.37789787452861
180.41,2.37407080437917
180.42,2.37024351364015
180.43,2.36641601765493
180.44,2.36258833205564
180.45,2.35876047280368
180.46,2.3549324561804
180.47,2.35110429877555
180.48,2.34727601744334
180.49,2.34344762938357
180.5,2.33961915205588
180.51,2.33579060319181
180.52,2.33196200078531
180.53,2.3281333630833
180.54,2.32430470858576
180.55,2.32047605604342
180.56,2.31664742439353
180.57,2.31281883280652
180.58,2.30899030065941
180.59,2.30516184752635
180.6,2.30133349316923
180.61,2.29750525752826
180.62,2.29367716175815
180.63,2.28984922578696
180.64,2.28602147014341
180.65,2.28219391558668
180.66,2.27836658303356
180.67,2.27453949355062
180.68,2.27071266834622
180.69,2.26688612958178
180.7,2.26305989923493
180.71,2.25923399863727
180.72,2.25540844975869
180.73,2.25158327470836
180.74,2.24775849572908
180.75,2.24393413519135
180.76,2.24011021559558
180.77,2.23628675959198
180.78,2.23246378988142
180.79,2.22864132929604
180.8,2.22481940076802
180.81,2.22099802732396
180.82,2.21717723207908
180.83,2.21335703823157
180.84,2.20953746909073
180.85,2.2057185479988
180.86,2.2019002983694
180.87,2.19808274368297
180.88,2.19426590747533
180.89,2.19044981333208
180.9,2.18663448488298
180.91,2.18281994615972
180.92,2.17900622129084
180.93,2.17519333380354
180.94,2.17138130759954
180.95,2.16757016661718
180.96,2.16375993482699
180.97,2.1599506362273
180.98,2.15614229488299
180.99,2.15233493544982
181,2.14852858171363
181.01,2.14472325784382
181.02,2.14091898803005
181.03,2.13711579647864
181.04,2.13331370740904
181.05,2.12951274505018
181.06,2.12571293372788
181.07,2.12191429768618
181.08,2.11811686115223
181.09,2.11432064837898
181.1,2.11052568361387
181.11,2.1067319910954
181.12,2.10293959504981
181.13,2.09914851971014
181.14,2.09535878957728
181.15,2.09157042867791
181.16,2.08778346120412
181.17,2.08399791132533
181.18,2.08021380318525
181.19,2.07643116089891
181.2,2.07265000854955
181.21,2.06887037042318
181.22,2.06509227079554
181.23,2.0613157334999
181.24,2.05754078255355
181.25,2.05376744193898
181.26,2.04999573560152
181.27,2.0462256874471
181.28,2.04245732133977
181.29,2.03869066134566
181.3,2.03492573119512
181.31,2.03116255461645
181.32,2.02740115533266
181.33,2.02364155701969
181.34,2.01988378330437
181.35,2.01612785776243
181.36,2.01237380393649
181.37,2.00862164539202
181.38,2.00487140549369
181.39,2.00112310761144
181.4,1.99737677505664
181.41,1.99363243108029
181.42,1.98989009887114
181.43,1.98614980155385
181.44,1.98241156234011
181.45,1.97867540430506
181.46,1.97494135032154
181.47,1.97120942328593
181.48,1.96747964602736
181.49,1.96375204130635
181.5,1.96002663181312
181.51,1.95630344016623
181.52,1.95258248918864
181.53,1.9488638012497
181.54,1.94514739877219
181.55,1.94143330412135
181.56,1.93772153958952
181.57,1.9340121273948
181.58,1.93030508967999
181.59,1.92660044854409
181.6,1.92289822605447
181.61,1.91919844407874
181.62,1.91550112446333
181.63,1.91180628897557
181.64,1.90811395930274
181.65,1.90442415705094
181.66,1.90073690374411
181.67,1.89705222084209
181.68,1.89337012981127
181.69,1.88969065186684
181.7,1.8860138082112
181.71,1.88233961996157
181.72,1.8786681081491
181.73,1.87499929371788
181.74,1.87133319752413
181.75,1.8676698403428
181.76,1.86400924312826
181.77,1.86035142633133
181.78,1.85669641048362
181.79,1.85304421602883
181.8,1.8493948633221
181.81,1.84574837262942
181.82,1.84210476412681
181.83,1.83846405789976
181.84,1.83482627411376
181.85,1.83119143261314
181.86,1.82755955321672
181.87,1.82393065566866
181.88,1.82030475962246
181.89,1.81668188464063
181.9,1.8130620501941
181.91,1.80944527566175
181.92,1.80583158035202
181.93,1.80222098345643
181.94,1.79861350407315
181.95,1.79500916121218
181.96,1.79140797378955
181.97,1.78780996062679
181.98,1.7842151404505
181.99,1.78062353189195
182,1.77703515354967
182.01,1.7734500238811
182.02,1.76986816121219
182.03,1.76628958380299
182.04,1.7627143098177
182.05,1.75914235732425
182.06,1.75557374429401
182.07,1.75200848860134
182.08,1.74844660810252
182.09,1.74488812054587
182.1,1.74133304346977
182.11,1.73778139438167
182.12,1.73423319069337
182.13,1.73068844972067
182.14,1.72714718868325
182.15,1.72360942470442
182.16,1.72007517482599
182.17,1.71654445600608
182.18,1.71301728506162
182.19,1.70949367873481
182.2,1.70597365367121
182.21,1.70245722641961
182.22,1.6989444134319
182.23,1.69543523106287
182.24,1.6919296955701
182.25,1.68842782312064
182.26,1.68492962977359
182.27,1.68143513149457
182.28,1.67794434415144
182.29,1.67445728351408
182.3,1.67097396525424
182.31,1.66749440494545
182.32,1.66401861806276
182.33,1.66054662007018
182.34,1.65707842626218
182.35,1.65361405179749
182.36,1.6501535117748
182.37,1.64669682119595
182.38,1.64324399496573
182.39,1.63979504789197
182.4,1.6363499946854
182.41,1.63290884998574
182.42,1.62947162837423
182.43,1.62603834423424
182.44,1.62260901190073
182.45,1.61918364561293
182.46,1.61576225951446
182.47,1.61234486765335
182.48,1.60893148398207
182.49,1.60552212235765
182.5,1.60211679648429
182.51,1.59871552005288
182.52,1.59531830662927
182.53,1.59192516968069
182.54,1.5885361225781
182.55,1.58515117859618
182.56,1.5817703509134
182.57,1.57839365261192
182.58,1.57502109670106
182.59,1.57165269607878
182.6,1.56828846353105
182.61,1.56492841176041
182.62,1.56157255337383
182.63,1.55822090088261
182.64,1.55487346670248
182.65,1.55153026315365
182.66,1.54819130249643
182.67,1.54485659697912
182.68,1.54152615857091
182.69,1.53819999923128
182.7,1.53487813082685
182.71,1.53156056513168
182.72,1.52824731382735
182.73,1.52493838850317
182.74,1.52163380065636
182.75,1.51833356166441
182.76,1.51503768285131
182.77,1.51174617543793
182.78,1.50845905055083
182.79,1.50517631922482
182.8,1.50189799240314
182.81,1.49862408093765
182.82,1.49535459558887
182.83,1.4920895470076
182.84,1.48882894567612
182.85,1.48557280213525
182.86,1.48232112676789
182.87,1.47907392986479
182.88,1.47583122162447
182.89,1.47259301215334
182.9,1.46935931146581
182.91,1.46613012948426
182.92,1.46290547611585
182.93,1.4596853611715
182.94,1.45646979424759
182.95,1.45325878492091
182.96,1.45005234267911
182.97,1.44685047692095
182.98,1.44365319695636
182.99,1.44046051200682
183,1.43727243120534
183.01,1.43408896367738
183.02,1.4309101183845
183.03,1.42773590419435
183.04,1.42456632991035
183.05,1.42140140425159
183.06,1.41824113585321
183.07,1.41508553326672
183.08,1.41193460480737
183.09,1.40878835886416
183.1,1.40564680373766
183.11,1.40250994760904
183.12,1.39937779857225
183.13,1.39625036463395
183.14,1.39312765371361
183.15,1.39000967363796
183.16,1.38689643215264
183.17,1.3837879369151
183.18,1.3806841954944
183.19,1.3775852153722
183.2,1.3744910039427
183.21,1.37140156873031
183.22,1.3683169169339
183.23,1.36523705568813
183.24,1.3621619920818
183.25,1.35909173312017
183.26,1.356026285725
183.27,1.35296565683757
183.28,1.34990985320396
183.29,1.34685888149623
183.3,1.34381274832317
183.31,1.34077146021198
183.32,1.33773502360815
183.33,1.33470344480673
183.34,1.331676730095
183.35,1.32865488567326
183.36,1.32563791764622
183.37,1.32262583203574
183.38,1.31961863478069
183.39,1.31661633183475
183.4,1.31361892896481
183.41,1.31062643186103
183.42,1.30763884615101
183.43,1.30465617738119
183.44,1.30167843101699
183.45,1.29870561263367
183.46,1.29573772752421
183.47,1.29277478090977
183.48,1.28981677797122
183.49,1.28686372381191
183.5,1.28391562345757
183.51,1.28097248189964
183.52,1.27803430400688
183.53,1.27510109457193
183.54,1.27217285831935
183.55,1.26924959989695
183.56,1.26633132387578
183.57,1.2634180348435
183.58,1.26050973720953
183.59,1.25760643531026
183.6,1.25470813342646
183.61,1.25181483576353
183.62,1.24892654645153
183.63,1.24604326956793
183.64,1.24316500916802
183.65,1.24029176911895
183.66,1.23742355326299
183.67,1.23456036536821
183.68,1.2317022091285
183.69,1.22884908816359
183.7,1.22600100616253
183.71,1.22315796660082
183.72,1.22031997286125
183.73,1.21748702829461
183.74,1.21465913617986
183.75,1.21183629972407
183.76,1.20901852210441
183.77,1.20620580657569
183.78,1.20339815603821
183.79,1.20059557344322
183.8,1.19779806167284
183.81,1.19500562354014
183.82,1.19221826178901
183.83,1.18943597915907
183.84,1.18665877826646
183.85,1.18388666163729
183.86,1.18111963175263
183.87,1.17835769102559
183.88,1.17560084180129
183.89,1.17284908637107
183.9,1.17010242703763
183.91,1.16736086589822
183.92,1.16462440504033
183.93,1.16189304648471
183.94,1.15916679218544
183.95,1.1564456440298
183.96,1.15372960399826
183.97,1.15101867389498
183.98,1.14831285536999
183.99,1.1456121500803
184,1.14291655961921
184.01,1.14022608551637
184.02,1.13754072925927
184.03,1.13486049247557
184.04,1.1321853763993
184.05,1.12951538233751
184.06,1.12685051153643
184.07,1.12419076518141
184.08,1.12153614439697
184.09,1.11888665027925
184.1,1.11624228385281
184.11,1.11360304605398
184.12,1.11096893777613
184.13,1.10833995985295
184.14,1.10571611306759
184.15,1.10309739817093
184.16,1.1004838158058
184.17,1.09787536657621
184.18,1.09527205102744
184.19,1.09267386964609
184.2,1.09008082306929
184.21,1.08749291162736
184.22,1.08491013565713
184.23,1.08233249545762
184.24,1.07975999127375
184.25,1.07719262331102
184.26,1.0746303917171
184.27,1.07207329657136
184.28,1.06952133790776
184.29,1.06697451570668
184.3,1.06443282990912
184.31,1.06189628045272
184.32,1.0593648671358
184.33,1.05683858973954
184.34,1.05431744799308
184.35,1.05180144157355
184.36,1.04929057019809
184.37,1.0467848334259
184.38,1.04428423078847
184.39,1.04178876177616
184.4,1.03929842582936
184.41,1.03681322239814
184.42,1.03433315087315
184.43,1.03185821053094
184.44,1.0293884006363
184.45,1.02692372040639
184.46,1.02446416902107
184.47,1.02200974565973
184.48,1.01956044938638
184.49,1.01711627924571
184.5,1.01467723423694
184.51,1.01224331335757
184.52,1.00981451552781
184.53,1.00739083961664
184.54,1.00497228445899
184.55,1.00255884886263
184.56,1.00015053162591
184.57,0.997747331445444
184.58,0.995349247000159
184.59,0.99295627692763
184.6,0.990568419862853
184.61,0.988185674361664
184.62,0.985808038945174
184.63,0.9834355120987
184.64,0.9810680922827
184.65,0.978705777930726
184.66,0.976348567405122
184.67,0.973996459043522
184.68,0.97164945114503
184.69,0.96930754204385
184.7,0.96697072994981
184.71,0.964639013064339
184.72,0.962312389554234
184.73,0.959990857587463
184.74,0.957674415301141
184.75,0.955363060751472
184.76,0.953056791983579
184.77,0.950755607012089
184.78,0.94845950386659
184.79,0.946168480481259
184.8,0.943882534781171
184.81,0.941601664659627
184.82,0.939325867992409
184.83,0.937055142622031
184.84,0.934789486350376
184.85,0.932528896954005
184.86,0.930273372249011
184.87,0.92802290994979
184.88,0.925777507766797
184.89,0.923537163396101
184.9,0.921301874532071
184.91,0.919071638807484
184.92,0.916846453844531
184.93,0.914626317237936
184.94,0.912411226559123
184.95,0.910201179356513
184.96,0.907996173153592
184.97,0.905796205472553
184.98,0.90360127378622
184.99,0.901411375552759
185,0.8992265082312
185.01,0.897046669294606
185.02,0.894871856135448
185.03,0.892702066150468
185.04,0.890537296755963
185.05,0.888377545331665
185.06,0.886222809229326
185.07,0.88407308579356
185.08,0.881928372355559
185.09,0.879788666227893
185.1,0.877653964708321
185.11,0.875524265080224
185.12,0.873399564612724
185.13,0.871279860556558
185.14,0.869165150148017
185.15,0.867055430708132
185.16,0.864950699507493
185.17,0.862850953792331
185.18,0.86075619077807
185.19,0.858666407696039
185.2,0.856581601774885
185.21,0.854501770196866
185.22,0.852426910153087
185.23,0.850357018824338
185.24,0.84829209345331
185.25,0.846232131225136
185.26,0.844177129323665
185.27,0.842127085003172
185.28,0.840081995469178
185.29,0.838041857937309
185.3,0.836006669600351
185.31,0.833976427676334
185.32,0.831951129378659
185.33,0.829930771901605
185.34,0.827915352454497
185.35,0.825904868241287
185.36,0.823899316543193
185.37,0.821898694573375
185.38,0.81990299957432
185.39,0.817912228862315
185.4,0.815926379700916
185.41,0.813945449383163
185.42,0.811969435166377
185.43,0.809998334361004
185.44,0.808032144276296
185.45,0.806070862311757
185.46,0.804114485801357
185.47,0.802163012118481
185.48,0.800216438641207
185.49,0.798274762772569
185.5,0.796337981931943
185.51,0.794406093597879
185.52,0.792479095222575
185.53,0.790556984298537
185.54,0.78863975839118
185.55,0.786727415048628
185.56,0.784819951782303
185.57,0.782917366121268
185.58,0.781019655650386
185.59,0.779126818010985
185.6,0.777238850812606
185.61,0.775355751851701
185.62,0.77347751892891
185.63,0.77160414982793
185.64,0.76973564229296
185.65,0.767871994196156
185.66,0.76601320336402
185.67,0.764159267666656
185.68,0.762310185020985
185.69,0.760465953414667
185.7,0.758626570818518
185.71,0.756792035317927
185.72,0.75496234499952
185.73,0.753137498002115
185.74,0.751317492515683
185.75,0.749502326769275
185.76,0.747691998912167
185.77,0.745886507221893
185.78,0.744085850004
185.79,0.742290025635376
185.8,0.740499032485724
185.81,0.738712869035856
185.82,0.736931533775217
185.83,0.735155025294483
185.84,0.733383342338501
185.85,0.731616483616966
185.86,0.729854447752045
185.87,0.728097233506615
185.88,0.726344839675475
185.89,0.724597265039705
185.9,0.722854508448077
185.91,0.72111656887936
185.92,0.719383445319682
185.93,0.717655136793849
185.94,0.71593164243253
185.95,0.714212961385683
185.96,0.712499092842658
185.97,0.71079003604158
185.98,0.70908579028751
185.99,0.707386354902897
186,0.705691729278829
186.01,0.704001912855592
186.02,0.702316905129444
186.03,0.700636705635487
186.04,0.698961313974077
186.05,0.697290729788231
186.06,0.6956249527706
186.07,0.693963982657607
186.08,0.692307819243653
186.09,0.690656462363685
186.1,0.689009911902378
186.11,0.6873681677958
186.12,0.685731230027321
186.13,0.684099098628845
186.14,0.682471773680712
186.15,0.680849255311513
186.16,0.679231543698703
186.17,0.677618639065124
186.18,0.676010541682217
186.19,0.674407251870448
186.2,0.672808769994426
186.21,0.671215096469131
186.22,0.66962623175631
186.23,0.668042176365294
186.24,0.666462930853
186.25,0.664888495824797
186.26,0.663318871933867
186.27,0.661754059881007
186.28,0.660194060413287
186.29,0.658638874326781
186.3,0.657088502464297
186.31,0.655542945714966
186.32,0.654002205015938
186.33,0.652466281352274
186.34,0.650935175756438
186.35,0.649408889307608
186.36,0.647887423131277
186.37,0.646370778400911
186.38,0.64485895633498
186.39,0.64335195819273
186.4,0.641849785282855
186.41,0.64035243895207
186.42,0.638859920587657
186.43,0.637372231620738
186.44,0.63588937351321
186.45,0.634411347769678
186.46,0.632938155928744
186.47,0.631469799548165
186.48,0.630006280227975
186.49,0.62854759959031
186.5,0.627093759263579
186.51,0.62564476091228
186.52,0.624200606207863
186.53,0.622761296815785
186.54,0.621326834424523
186.55,0.619897220710653
186.56,0.61847245732918
186.57,0.617052545941024
186.58,0.615637488169928
186.59,0.614227285599015
186.6,0.612821939794761
186.61,0.6114214522545
186.62,0.610025824414076
186.63,0.608635057661598
186.64,0.607249153268849
186.65,0.605868112436596
186.66,0.604491936283554
186.67,0.603120625813301
186.68,0.60175418176779
186.69,0.600392604899227
186.7,0.599035895760644
186.71,0.597684054697405
186.72,0.596337081767432
186.73,0.594994976962263
186.74,0.593657740001063
186.75,0.59232537027186
186.76,0.590997866902995
186.77,0.589675228799844
186.78,0.588357454532685
186.79,0.58704454215933
186.8,0.58573648954638
186.81,0.58443329413712
186.82,0.583134952923193
186.83,0.581841462294539
186.84,0.580552818369099
186.85,0.579269016696939
186.86,0.577990052187248
186.87,0.576715919139938
186.88,0.575446611381158
186.89,0.574182122048432
186.9,0.572922443364477
186.91,0.571667567038574
186.92,0.570417484017269
186.93,0.569172184437637
186.94,0.567931657298957
186.95,0.566695890904696
186.96,0.56546487269991
186.97,0.564238589104791
186.98,0.563017025193968
186.99,0.561800165063995
187,0.560587991861323
187.01,0.55938048745129
187.02,0.558177632209211
187.03,0.556979405186992
187.04,0.555785784328674
187.05,0.554596746045435
187.06,0.553412265045402
187.07,0.552232314343271
187.08,0.551056865694973
187.09,0.549885889023178
187.1,0.548719352285481
187.11,0.547557221297332
187.12,0.546399460487123
187.13,0.545246032084795
187.14,0.54409689608053
187.15,0.54295200983163
187.16,0.54181132911343
187.17,0.540674807108613
187.18,0.539542394444606
187.19,0.538414038565997
187.2,0.53728968515158
187.21,0.536169276836309
187.22,0.535052753442723
187.23,0.533940050754645
187.24,0.532831102603234
187.25,0.531725839381094
187.26,0.530624188149855
187.27,0.52952607178564
187.28,0.528431409814472
187.29,0.527340118584586
187.3,0.526252110365958
187.31,0.525167293088155
187.32,0.524085569900332
187.33,0.523006840879322
187.34,0.521931001257176
187.35,0.520857941659961
187.36,0.519787546490082
187.37,0.518719697084171
187.38,0.517654269100195
187.39,0.516591133009394
187.4,0.515530152477707
187.41,0.514471186621448
187.42,0.513414088894574
187.43,0.512358706569817
187.44,0.511304879893899
187.45,0.51025244241872
187.46,0.509201222275502
187.47,0.508151040272755
187.48,0.507101709831395
187.49,0.506053035593572
187.5,0.505004816879424
187.51,0.503956844479571
187.52,0.502908901263549
187.53,0.501860759790352
187.54,0.500812185603213
187.55,0.499762935821697
187.56,0.498712758156492
187.57,0.497661390606963
187.58,0.496608560512266
187.59,0.495553987184566
187.6,0.494497379171959
187.61,0.493438434701579
187.62,0.492376838922025
187.63,0.491312268102102
187.64,0.490244387105851
187.65,0.489172848918455
187.66,0.488097294164413
187.67,0.487017350562875
187.68,0.485932634661971
187.69,0.48484274967522
187.7,0.483747285730047
187.71,0.482645819730343
187.72,0.481537914792525
187.73,0.480423120138899
187.74,0.479300970793866
187.75,0.478170987816842
187.76,0.477032677959321
187.77,0.475885532053272
187.78,0.474729026125833
187.79,0.473562620721771
187.8,0.472385764889407
187.81,0.471197887244968
187.82,0.469998401966633
187.83,0.468786707111138
187.84,0.467562188176981
187.85,0.46632421560285
187.86,0.465072138564744
187.87,0.463805292172035
187.88,0.46252299554597
187.89,0.461224565404203
187.9,0.459909286063606
187.91,0.458576431878833
187.92,0.457225261425164
187.93,0.455855028503622
187.94,0.454464971616445
187.95,0.453054305125054
187.96,0.451622234314181
187.97,0.450167952546453
187.98,0.448690661698221
187.99,0.447189529818683
188,0.445663722666691
188.01,0.44411240109124
188.02,0.442534723718401
188.03,0.44092983326896
188.04,0.439296870180774
188.05,0.437634980397994
188.06,0.435943303400417
188.07,0.434220973565793
188.08,0.432467127778654
188.09,0.430680931625218
188.1,0.428861527897055
188.11,0.427008075127355
188.12,0.425119747450981
188.13,0.423195748250704
188.14,0.42123527208847
188.15,0.419237539145167
188.16,0.417201801211034
188.17,0.415127333027192
188.18,0.413013426425139
188.19,0.410859406048555
188.2,0.408664646476772
188.21,0.40642854149303
188.22,0.404150526857163
188.23,0.401830082189725
188.24,0.399466739555186
188.25,0.397060069534811
188.26,0.39460969692898
188.27,0.392115310285695
188.28,0.389576665044555
188.29,0.386993569343928
188.3,0.384365898255387
188.31,0.381693589976711
188.32,0.378976664272587
188.33,0.376215208303752
188.34,0.373409377513552
188.35,0.370559415790117
188.36,0.367665642965477
188.37,0.364728457611476
188.38,0.361748347701254
188.39,0.358725884875242
188.4,0.355661720979208
188.41,0.352556606264562
188.42,0.349411375899034
188.43,0.346226930650793
188.44,0.343004285860594
188.45,0.339744536074125
188.46,0.336448827929136
188.47,0.333118426489659
188.48,0.329754669017806
188.49,0.32635894557362
188.5,0.322932749624956
188.51,0.319477642647698
188.52,0.315995237619832
188.53,0.312487235727875
188.54,0.308955399568537
188.55,0.305401522902216
188.56,0.301827479419697
188.57,0.298235191727609
188.58,0.294626605262023
188.59,0.291003720661976
188.6,0.287368575833347
188.61,0.283723210850251
188.62,0.280069698330507
188.63,0.276410132082059
188.64,0.272746604787957
188.65,0.269081213695616
188.66,0.265416056215969
188.67,0.261753227303719
188.68,0.258094810212895
188.69,0.254442866428336
188.7,0.250799440036568
188.71,0.247166549406989
188.72,0.243546178580759
188.73,0.239940270665607
188.74,0.236350721352711
188.75,0.232779383153343
188.76,0.229228058495507
188.77,0.225698500933516
188.78,0.222192389875532
188.79,0.218711352471237
188.8,0.21525696704857
188.81,0.211830720551031
188.82,0.208434042796829
188.83,0.20506831324563
188.84,0.201734813674419
188.85,0.198434762923571
188.86,0.195169322781559
188.87,0.191939560250162
188.88,0.188746474265254
188.89,0.185591006651916
188.9,0.182474003847218
188.91,0.179396243673632
188.92,0.176358452726685
188.93,0.173361261221568
188.94,0.170405233996439
188.95,0.16749088926462
188.96,0.164618654134201
188.97,0.161788895041535
188.98,0.159001932264724
188.99,0.156258007036984
189,0.15355730462284
189.01,0.150899963246951
189.02,0.148286057206498
189.03,0.145715608458721
189.04,0.143188595129002
189.05,0.140704942948169
189.06,0.138264531165771
189.07,0.135867200013556
189.08,0.133512747162645
189.09,0.131200930811145
189.1,0.128931475106868
189.11,0.126704070372031
189.12,0.124518375139964
189.13,0.122374018792583
189.14,0.120270604053295
189.15,0.118207709788218
189.16,0.116184890764633
189.17,0.114201680762091
189.18,0.112257597173801
189.19,0.11035213836704
189.2,0.108484786449086
189.21,0.106655013839372
189.22,0.104862279190434
189.23,0.103106027942796
189.24,0.101385702229195
189.25,0.0997007351409325
189.26,0.0980505490634486
189.27,0.0964345683514138
189.28,0.0948522124934327
189.29,0.093302892603289
189.3,0.091786025792444
189.31,0.090301027766414
189.32,0.0888473084427259
189.33,0.0874242860273444
189.34,0.086031380161986
189.35,0.0846680088845652
189.36,0.0833335973517927
189.37,0.0820275761526652
189.38,0.0807493770989213
189.39,0.0794984383050934
189.4,0.078274206204478
189.41,0.0770761308698896
189.42,0.0759036682385421
189.43,0.0747562843625475
189.44,0.0736334506176449
189.45,0.0725346439507644
189.46,0.071459352706832
189.47,0.0704070718527395
189.48,0.0693773018690497
189.49,0.0683695550963445
189.5,0.0673833514002611
189.51,0.0664182162088748
189.52,0.0654736868676194
189.53,0.0645493086516521
189.54,0.0636446331145055
189.55,0.0627592227240701
189.56,0.0618926483386041
189.57,0.0610444879605132
189.58,0.0602143289307002
189.59,0.0594017676060789
189.6,0.0586064078437357
189.61,0.0578278618089018
189.62,0.0570657507685689
189.63,0.0563197035918482
189.64,0.0555893568056353
189.65,0.0548743557938425
189.66,0.054174353459056
189.67,0.053489009911988
189.68,0.0528179937030061
189.69,0.0521609806912454
189.7,0.051517653455095
189.71,0.0508877025910533
189.72,0.0502708256410443
189.73,0.0496667268661541
189.74,0.0490751176770037
189.75,0.0484957161954665
189.76,0.047928247028172
189.77,0.0473724413183626
189.78,0.0468280366070242
189.79,0.0462947765677293
189.8,0.0457724109281571
189.81,0.0452606954293583
189.82,0.0447593915928865
189.83,0.0442682666111705
189.84,0.0437870932317873
189.85,0.0433156496271484
189.86,0.0428537193410074
189.87,0.042401090999158
189.88,0.0419575582976783
189.89,0.0415229200476942
189.9,0.041096979670903
189.91,0.0406795453347439
189.92,0.0402704298964584
189.93,0.03986945073529
189.94,0.039476429430168
189.95,0.0390911918650889
189.96,0.0387135683873116
189.97,0.0383433930513837
189.98,0.0379805039510816
189.99,0.0376247431622706
190,0.0372759565658645
190.01,0.0369339935168012
190.02,0.0365987070007967
190.03,0.0362699538197436
190.04,0.0359475937989036
190.05,0.0356314901715319
190.06,0.0353215095617485
190.07,0.035017521794015
190.08,0.0347193995573163
190.09,0.0344270186112544
190.1,0.0341402578924877
190.11,0.0338589988922487
190.12,0.0335831259491443
190.13,0.0333125262346763
190.14,0.0330470895835912
190.15,0.0327867082385339
190.16,0.0325312770035465
190.17,0.0322806933687933
190.18,0.0320348569202764
190.19,0.0317936696331626
190.2,0.0315570359048332
190.21,0.0313248623672019
190.22,0.0310970576328502
190.23,0.0308735324911256
190.24,0.0306542000278117
190.25,0.0304389750612937
190.26,0.0302277744421278
190.27,0.0300205170150919
190.28,0.0298171234648772
190.29,0.0296175161882009
190.3,0.0294216193637702
190.31,0.0292293590470287
190.32,0.0290406629927171
190.33,0.0288554603689928
190.34,0.028673682006198
190.35,0.0284952604624476
190.36,0.0283201299095319
190.37,0.0281482256924649
190.38,0.0279794847113373
190.39,0.0278138454021285
190.4,0.0276512477096889
190.41,0.0274916326365264
190.42,0.0273349426020962
190.43,0.0271811213798444
190.44,0.0270301141168833
190.45,0.0268818669580626
190.46,0.0267363273158733
190.47,0.0265934438125707
190.48,0.0264531663306157
190.49,0.0263154456545559
190.5,0.0261802337146776
190.51,0.0260474835377724
190.52,0.0259171493546578
190.53,0.0257891861481056
190.54,0.0256635499669343
190.55,0.0255401978591248
190.56,0.0254190880214985
190.57,0.0253001792281325
190.58,0.0251834312602102
190.59,0.0250688047544038
190.6,0.0249562612925447
190.61,0.0248457635468816
190.62,0.0247372745308061
190.63,0.0246307582216104
190.64,0.0245261793551119
190.65,0.0244235035599912
190.66,0.0243226973942847
190.67,0.0242237277142562
190.68,0.0241265622473974
190.69,0.0240311693992074
190.7,0.0239375183903073
190.71,0.02384557918391
190.72,0.0237553221008355
190.73,0.023666718209763
190.74,0.0235797391848184
190.75,0.0234943574395776
190.76,0.0234105459831018
190.77,0.0233282782139944
190.78,0.0232475281735174
190.79,0.0231682704420627
190.8,0.023090480282704
190.81,0.0230141334340209
190.82,0.0229392060241666
190.83,0.022865674742034
190.84,0.0227935167564627
190.85,0.022722709873
190.86,0.0226532322660503
190.87,0.0225850624951244
190.88,0.02251817961048
190.89,0.022452563090179
190.9,0.0223881930617326
190.91,0.0223250498611246
190.92,0.0222631142079569
190.93,0.0222023672615823
190.94,0.0221427905616441
190.95,0.0220843660786802
190.96,0.0220270764112792
190.97,0.021970904097118
190.98,0.0219158321910137
190.99,0.0218618440895835
191,0.0218089235210841
191.01,0.0217570547403984
191.02,0.0217062222287396
191.03,0.0216564106568723
191.04,0.0216076050857575
191.05,0.0215597908756459
191.06,0.0215129536907488
191.07,0.0214670797431632
191.08,0.0214221551699637
191.09,0.0213781665189484
191.1,0.0213351006073102
191.11,0.0212929445138929
191.12,0.0212516856864886
191.13,0.0212113118452402
191.14,0.0211718107931513
191.15,0.0211331706577688
191.16,0.0210953798033654
191.17,0.0210584268242077
191.18,0.0210223007269198
191.19,0.0209869905206852
191.2,0.0209524854930714
191.21,0.0209187751556434
191.22,0.0208858492270772
191.23,0.0208536976807058
191.24,0.0208223107584875
191.25,0.0207916787422947
191.26,0.0207617921725735
191.27,0.0207326417763631
191.28,0.02070421846202
191.29,0.0206765134186327
191.3,0.0206495179169111
191.31,0.0206232233938847
191.32,0.0205976214736524
191.33,0.0205727039425514
191.34,0.0205484627806478
191.35,0.0205248902658923
191.36,0.0205019786034991
191.37,0.0204797202421641
191.38,0.0204581077799132
191.39,0.020437133960164
191.4,0.0204167917562201
191.41,0.0203970742389263
191.42,0.0203779745687889
191.43,0.0203594860769796
191.44,0.0203416022281618
191.45,0.0203243166188808
191.46,0.020307623001034
191.47,0.0202915152110461
191.48,0.0202759872217019
191.49,0.020261033123776
191.5,0.0202466471227584
191.51,0.0202328235545479
191.52,0.020219556927365
191.53,0.020206841749978
191.54,0.0201946726803872
191.55,0.0201830444794383
191.56,0.020171952007872
191.57,0.0201613902968093
191.58,0.0201513545397505
191.59,0.0201418398491754
191.6,0.0201328415150176
191.61,0.0201243549222905
191.62,0.0201163755488425
191.63,0.0201088989965464
191.64,0.020101920951908
191.65,0.0200954371541828
191.66,0.0200894434487481
191.67,0.0200839357656813
191.68,0.0200789101177323
191.69,0.0200743626147155
191.7,0.0200702894337399
191.71,0.0200666868244192
191.72,0.0200635511168306
191.73,0.0200608787147156
191.74,0.0200586660935309
191.75,0.0200569098688275
191.76,0.0200556066495295
191.77,0.0200547531266074
191.78,0.0200543460664437
191.79,0.0200543823011871
191.8,0.0200548587285969
191.81,0.0200557724111863
191.82,0.0200571203387027
191.83,0.0200588996149691
191.84,0.0200611074055688
191.85,0.0200637409364808
191.86,0.020066797500456
191.87,0.0200702744857114
191.88,0.0200741692745022
191.89,0.0200784793314171
191.9,0.02008320217625
191.91,0.0200883353827412
191.92,0.0200938765773182
191.93,0.0200998234684716
191.94,0.0201061738097373
191.95,0.0201129253697564
191.96,0.0201200759865087
191.97,0.0201276235463558
191.98,0.0201355659829084
191.99,0.0201439012758923
192,0.0201526275268965
192.01,0.0201617427897383
192.02,0.0201712451847351
192.03,0.0201811328838871
192.04,0.0201914041024095
192.05,0.0202020570977702
192.06,0.0202130901849037
192.07,0.0202245017677506
192.08,0.020236290201134
192.09,0.0202484539185481
192.1,0.0202609913934602
192.11,0.0202739011385121
192.12,0.0202871817047207
192.13,0.0203008317057614
192.14,0.020314849781538
192.15,0.0203292345890023
192.16,0.0203439848344715
192.17,0.0203590992600898
192.18,0.02037457664312
192.19,0.0203904157952359
192.2,0.0204066156085809
192.21,0.0204231749480665
192.22,0.0204400927315752
192.23,0.0204573679121748
192.24,0.0204749994753608
192.25,0.0204929864384451
192.26,0.0205113278595365
192.27,0.02053002284534
192.28,0.0205490704949913
192.29,0.0205684699547851
192.3,0.020588220400959
192.31,0.0206083210391574
192.32,0.0206287711038959
192.33,0.0206495698953006
192.34,0.0206707167125424
192.35,0.0206922108656712
192.36,0.0207140517082219
192.37,0.0207362386210358
192.38,0.0207587710117853
192.39,0.0207816483144976
192.4,0.0208048699890786
192.41,0.0208284355643383
192.42,0.0208523445594517
192.43,0.020876596500412
192.44,0.0209011909561293
192.45,0.0209261275202976
192.46,0.0209514058109869
192.47,0.0209770254702366
192.48,0.021002986163648
192.49,0.0210292876301169
192.5,0.0210559295903197
192.51,0.0210829117686274
192.52,0.0211102339324867
192.53,0.0211378958723329
192.54,0.0211658974012608
192.55,0.0211942383546968
192.56,0.0212229185900689
192.57,0.0212519380341604
192.58,0.0212812965950886
192.59,0.0213109941858147
192.6,0.0213410307594497
192.61,0.0213714062908367
192.62,0.0214021207762942
192.63,0.0214331742333625
192.64,0.0214645667005478
192.65,0.0214962982583278
192.66,0.0215283689893369
192.67,0.0215607789898785
192.68,0.0215935283846
192.69,0.0216266173184427
192.7,0.0216600459564205
192.71,0.0216938144833964
192.72,0.0217279231038597
192.73,0.0217623720568834
192.74,0.0217971615873353
192.75,0.0218322919548534
192.76,0.0218677634436112
192.77,0.021903576356721
192.78,0.021939731016034
192.79,0.0219762277619404
192.8,0.0220130669531696
192.81,0.0220502490039328
192.82,0.0220877743126806
192.83,0.0221256432864406
192.84,0.0221638563635783
192.85,0.0222024140008334
192.86,0.0222413166731765
192.87,0.0222805648736629
192.88,0.0223201591132899
192.89,0.0223600999549775
192.9,0.0224003879440301
192.91,0.0224410236371895
192.92,0.0224820076208711
192.93,0.0225233404992508
192.94,0.0225650228941449
192.95,0.0226070554448915
192.96,0.0226494388082297
192.97,0.0226921736581802
192.98,0.022735260689116
192.99,0.0227787006423157
193,0.0228224942234857
193.01,0.0228666421780768
193.02,0.0229111452686081
193.03,0.0229560042745658
193.04,0.023001219992301
193.05,0.0230467932349287
193.06,0.0230927248322248
193.07,0.0231390156305265
193.08,0.0231856665294815
193.09,0.0232326784326
193.1,0.023280052212985
193.11,0.0233277887900245
193.12,0.0233758890999987
193.13,0.0234243540960197
193.14,0.0234731847479667
193.15,0.0235223820424241
193.16,0.0235719469826183
193.17,0.0236218805883546
193.18,0.0236721839631514
193.19,0.0237228581306571
193.2,0.0237739041611185
193.21,0.0238253231476445
193.22,0.0238771162004084
193.23,0.0239292844466223
193.24,0.0239818290305086
193.25,0.0240347511132753
193.26,0.0240880518730884
193.27,0.0241417325042401
193.28,0.0241957942169216
193.29,0.0242502382412242
193.3,0.0243050658225925
193.31,0.0243602782232631
193.32,0.0244158767222392
193.33,0.0244718626152608
193.34,0.0245282372147769
193.35,0.0245850018499174
193.36,0.0246421578664654
193.37,0.024699706657126
193.38,0.024757649599401
193.39,0.0248159880827376
193.4,0.0248747235237312
193.41,0.0249338573559652
193.42,0.0249933910300052
193.43,0.0250533260133927
193.44,0.0251136637906375
193.45,0.0251744058632133
193.46,0.0252355537584286
193.47,0.0252971090972268
193.48,0.0253590733814631
193.49,0.0254214481895547
193.5,0.0254842351178591
193.51,0.0255474357807131
193.52,0.0256110518104749
193.53,0.0256750848575642
193.54,0.0257395365905035
193.55,0.0258044086959597
193.56,0.0258697028669296
193.57,0.0259354208200216
193.58,0.0260015643043067
193.59,0.0260681350775485
193.6,0.0261351349156789
193.61,0.0262025656128319
193.62,0.026270428981376
193.63,0.0263387268519497
193.64,0.0264074610734935
193.65,0.0264766335132841
193.66,0.0265462460569677
193.67,0.0266163006045485
193.68,0.0266867990773054
193.69,0.0267577434182115
193.7,0.0268291355861538
193.71,0.0269009775585014
193.72,0.0269732713311377
193.73,0.0270460189184919
193.74,0.0271192223535687
193.75,0.0271928836879819
193.76,0.0272670049919845
193.77,0.0273415883545
193.78,0.0274166359921856
193.79,0.0274921500420726
193.8,0.0275681326084697
193.81,0.0276445858692208
193.82,0.0277215120223191
193.83,0.0277989132859906
193.84,0.0278767918987796
193.85,0.0279551501196339
193.86,0.0280339902279907
193.87,0.0281133145238597
193.88,0.0281931253279113
193.89,0.0282734250023316
193.9,0.0283542159079481
193.91,0.0284355004222831
193.92,0.0285172809519063
193.93,0.0285995599247009
193.94,0.0286823397899561
193.95,0.0287656230184651
193.96,0.0288494121026168
193.97,0.0289337095564914
193.98,0.029018517915955
193.99,0.0291038397387525
194,0.0291896775880563
194.01,0.0292760340690971
194.02,0.0293629118088824
194.03,0.0294503134518645
194.04,0.029538241664682
194.05,0.0296266991362486
194.06,0.0297156885778388
194.07,0.0298052127231783
194.08,0.0298952743285301
194.09,0.0299858761727827
194.1,0.0300770210575377
194.11,0.0301687118779243
194.12,0.0302609514580881
194.13,0.0303537426604781
194.14,0.0304470883853522
194.15,0.030540991556771
194.16,0.030635455122712
194.17,0.0307304820551836
194.18,0.0308260753503399
194.19,0.0309222380285927
194.2,0.0310189731347286
194.21,0.0311162837380214
194.22,0.0312141730319866
194.23,0.0313126440923462
194.24,0.031411700057878
194.25,0.0315113441059874
194.26,0.0316115794399842
194.27,0.0317124092892315
194.28,0.0318138369092941
194.29,0.0319158655820867
194.3,0.0320184986160229
194.31,0.0321217393461611
194.32,0.0322255911343566
194.33,0.0323300574495202
194.34,0.0324351416573587
194.35,0.032540847198659
194.36,0.0326471775475299
194.37,0.0327541362058686
194.38,0.0328617267035197
194.39,0.0329699525984297
194.4,0.0330788174768029
194.41,0.0331883249532581
194.42,0.0332984786709844
194.43,0.0334092823018977
194.44,0.0335207395467946
194.45,0.0336328541355123
194.46,0.0337456298270817
194.47,0.0338590704125092
194.48,0.0339731798410271
194.49,0.0340879618643266
194.5,0.0342034203650059
194.51,0.0343195592560193
194.52,0.0344363824808468
194.53,0.0345538940136616
194.54,0.0346720978594982
194.55,0.0347909980544214
194.56,0.0349105986656916
194.57,0.0350309037919369
194.58,0.0351519175633183
194.59,0.035273644141699
194.6,0.0353960877208118
194.61,0.0355192525264284
194.62,0.0356431428527567
194.63,0.0357677632703848
194.64,0.0358931178829279
194.65,0.0360192110592428
194.66,0.0361460472020302
194.67,0.0362736307480325
194.68,0.0364019661682335
194.69,0.0365310579680529
194.7,0.0366609106875498
194.71,0.0367915289016178
194.72,0.0369229172201837
194.73,0.0370550802884073
194.74,0.0371880227868761
194.75,0.0373217494318083
194.76,0.0374562649752484
194.77,0.0375915743049239
194.78,0.0377276825864214
194.79,0.0378645943866711
194.8,0.0380023146229608
194.81,0.0381408482508413
194.82,0.0382802002643752
194.83,0.0384203756963772
194.84,0.0385613796186583
194.85,0.0387032171422692
194.86,0.0388458934177448
194.87,0.0389894136353445
194.88,0.0391337830253005
194.89,0.0392790068580581
194.9,0.0394250904445199
194.91,0.0395720391362896
194.92,0.0397198584294626
194.93,0.0398685539426826
194.94,0.0400181309681053
194.95,0.0401685950367876
194.96,0.0403199517227308
194.97,0.0404722066431577
194.98,0.040625365458788
194.99,0.0407794338741113
195,0.0409344176376672
195.01,0.0410903225423173
195.02,0.041247154425522
195.03,0.0414049191696155
195.04,0.0415636227020817
195.05,0.0417232709958303
195.06,0.0418838700694689
195.07,0.0420454261217163
195.08,0.0422079453870786
195.09,0.0423714338693126
195.1,0.0425358977865497
195.11,0.0427013434050051
195.12,0.0428677770392812
195.13,0.04303520505268
195.14,0.0432036338575054
195.15,0.0433730699153714
195.16,0.0435435197375088
195.17,0.0437149898850715
195.18,0.0438874869694445
195.19,0.0440610176525465
195.2,0.0442355886471426
195.21,0.0444112067171471
195.22,0.0445878789853426
195.23,0.044765612438304
195.24,0.0449444137613446
195.25,0.045124289951763
195.26,0.0453052480613841
195.27,0.0454872951969242
195.28,0.0456704385203543
195.29,0.0458546852492643
195.3,0.0460400426572276
195.31,0.0462265180741605
195.32,0.0464141188866927
195.33,0.0466028525385263
195.34,0.0467927265308012
195.35,0.0469837484224582
195.36,0.0471759258306043
195.37,0.0473692668206234
195.38,0.0475637791372659
195.39,0.0477594703795372
195.4,0.0479563484280334
195.41,0.048154421225277
195.42,0.0483536967761401
195.43,0.0485541831482694
195.44,0.0487558884725052
195.45,0.0489588209433119
195.46,0.0491629888191974
195.47,0.0493684004231376
195.48,0.0495750641430013
195.49,0.0497829884319696
195.5,0.0499921818089658
195.51,0.0502026528590752
195.52,0.0504144106678648
195.53,0.0506274638516302
195.54,0.0508418210616475
195.55,0.0510574911778094
195.56,0.0512744831501299
195.57,0.0514928059992326
195.58,0.0517124688168261
195.59,0.0519334807661854
195.6,0.0521558510826328
195.61,0.0523795890740189
195.62,0.0526047041211985
195.63,0.0528312056785183
195.64,0.0530591032742925
195.65,0.0532884065112843
195.66,0.0535191250671861
195.67,0.053751269357528
195.68,0.0539848489234363
195.69,0.0542198735592558
195.7,0.0544563532817413
195.71,0.0546942981874255
195.72,0.0549337184531764
195.73,0.0551746243367538
195.74,0.0554170261773597
195.75,0.0556609343962016
195.76,0.0559063594970427
195.77,0.0561533120667589
195.78,0.056401802775894
195.79,0.0566518423792154
195.8,0.0569034417162708
195.81,0.0571566117119383
195.82,0.0574113643381047
195.83,0.0576677101247041
195.84,0.0579256602027759
195.85,0.0581852258884933
195.86,0.0584464185892784
195.87,0.0587092498044471
195.88,0.0589737311258696
195.89,0.0592398742386157
195.9,0.059507690921608
195.91,0.0597771930482726
195.92,0.0600483925871911
195.93,0.060321301602753
195.94,0.0605959322558014
195.95,0.0608722968042931
195.96,0.0611504076039439
195.97,0.0614302777804876
195.98,0.0617119194615142
195.99,0.0619953453405958
196,0.0622805682179501
196.01,0.0625676009989771
196.02,0.0628564566950715
196.03,0.0631471484244341
196.04,0.0634396894128828
196.05,0.0637340929946655
196.06,0.0640303726132646
196.07,0.0643285418222183
196.08,0.0646286144636287
196.09,0.0649306044501826
196.1,0.0652345255217367
196.11,0.0655403917083242
196.12,0.0658482171566478
196.13,0.0661580161310017
196.14,0.0664698030141767
196.15,0.0667835923083736
196.16,0.067099398636115
196.17,0.0674172367411569
196.18,0.0677371214894024
196.19,0.0680590678698062
196.2,0.068383091260121
196.21,0.0687092067555804
196.22,0.0690374297196368
196.23,0.0693677756626934
196.24,0.0697002602245532
196.25,0.0700348991754112
196.26,0.0703717084168278
196.27,0.0707107039827108
196.28,0.0710519020402961
196.29,0.0713953188911286
196.3,0.0717409709720445
196.31,0.0720888749611417
196.32,0.0724390477251035
196.33,0.0727915060137645
196.34,0.0731462668511079
196.35,0.0735033474055918
196.36,0.0738627649913484
196.37,0.0742245370693732
196.38,0.0745886812487335
196.39,0.0749552152877579
196.4,0.0753241572328571
196.41,0.0756955251526711
196.42,0.0760693372338269
196.43,0.0764456118694691
196.44,0.0768243676109784
196.45,0.0772056231693304
196.46,0.0775893974164335
196.47,0.077975709386477
196.48,0.0783645782772796
196.49,0.0787560235637282
196.5,0.079150064718507
196.51,0.0795467214497809
196.52,0.0799460136374682
196.53,0.0803479613334551
196.54,0.0807525847630205
196.55,0.0811599043262636
196.56,0.0815699405995196
196.57,0.0819827143609776
196.58,0.0823982466160258
196.59,0.082816558451667
196.6,0.0832376711834406
196.61,0.0836616063132635
196.62,0.084088385531037
196.63,0.0845180307162783
196.64,0.084950563984763
196.65,0.0853860076263518
196.66,0.0858243840907034
196.67,0.0862657160493127
196.68,0.0867100263739225
196.69,0.0871573381382897
196.7,0.0876076746199766
196.71,0.0880610593877876
196.72,0.0885175161117321
196.73,0.0889770686757862
196.74,0.0894397411720867
196.75,0.0899055578932009
196.76,0.0903745434040611
196.77,0.0908467229298921
196.78,0.0913221211602166
196.79,0.0918007632896901
196.8,0.0922826747231851
196.81,0.0927678810757799
196.82,0.0932564084280067
196.83,0.0937482832156431
196.84,0.0942435315304442
196.85,0.094742179949893
196.86,0.0952442552732464
196.87,0.0957497845215237
196.88,0.0962587954940637
196.89,0.096771315810831
196.9,0.0972873731008946
196.91,0.0978069954255633
196.92,0.0983302110821284
196.93,0.0988570486038665
196.94,0.0993875376576075
196.95,0.0999217069873106
196.96,0.100459585943624
196.97,0.101001204172485
196.98,0.101546591571096
196.99,0.102095778446696
197,0.102648795996344
197.01,0.103205674564419
197.02,0.103766445215222
197.03,0.104331139280038
197.04,0.104899788357139
197.05,0.10547242472748
197.06,0.106049081020639
197.07,0.106629789444832
197.08,0.10721458284002
197.09,0.107803494329588
197.1,0.108396557320347
197.11,0.108993806274995
197.12,0.109595275265345
197.13,0.110200998509727
197.14,0.110811010740657
197.15,0.111425346991681
197.16,0.112044042597379
197.17,0.112667134390382
197.18,0.113294657946226
197.19,0.113926649647691
197.2,0.114563146253862
197.21,0.115204184844674
197.22,0.115849802991866
197.23,0.116500039608682
197.24,0.117154932272756
197.25,0.117814519571166
197.26,0.118478840433486
197.27,0.119147934131794
197.28,0.119821840737805
197.29,0.120500601092118
197.3,0.121184255147068
197.31,0.121872843785102
197.32,0.122566408253972
197.33,0.123264990166714
197.34,0.123968632330412
197.35,0.124677377575034
197.36,0.125391268417161
197.37,0.126110348195004
197.38,0.126834660636608
197.39,0.127564249859835
197.4,0.128299161693352
197.41,0.129039440981758
197.42,0.129785133034001
197.43,0.130536283822229
197.44,0.131292939735275
197.45,0.132055147602034
197.46,0.13282295710409
197.47,0.133596414703562
197.48,0.134375568742541
197.49,0.135160468004223
197.5,0.135951161712934
197.51,0.136747699534113
197.52,0.137550132157672
197.53,0.138358512878804
197.54,0.139172891301803
197.55,0.13999331927378
197.56,0.140819849117953
197.57,0.141652533633677
197.58,0.142491426096425
197.59,0.143336581696925
197.6,0.144188056931172
197.61,0.145045905244431
197.62,0.145910182329862
197.63,0.146780944399155
197.64,0.14765824818251
197.65,0.148542150928644
197.66,0.149432712849934
197.67,0.15032999341726
197.68,0.151234050577576
197.69,0.152144944222173
197.7,0.153062734807114
197.71,0.153987483353219
197.72,0.154919251446066
197.73,0.155858104904119
197.74,0.156804106178895
197.75,0.157757318249032
197.76,0.158717805581926
197.77,0.159685633259631
197.78,0.160660866978853
197.79,0.161643573050956
197.8,0.162633823681818
197.81,0.163631684246037
197.82,0.16463722333267
197.83,0.165650510408904
197.84,0.166671615611612
197.85,0.167700609747352
197.86,0.168737564996542
197.87,0.169782558801862
197.88,0.17083566136184
197.89,0.171896946892467
197.9,0.172966490341042
197.91,0.174044367386172
197.92,0.175130654437771
197.93,0.176225430582738
197.94,0.177328777963744
197.95,0.178440772906722
197.96,0.179561495578061
197.97,0.180691026944467
197.98,0.18182944877297
197.99,0.182976843630897
198,0.184133298472551
198.01,0.185298900156759
198.02,0.186473731936272
198.03,0.187657880521594
198.04,0.188851433500541
198.05,0.190054479338247
198.06,0.191267107377139
198.07,0.192489413566085
198.08,0.193721489434568
198.09,0.194963426078391
198.1,0.19621531741672
198.11,0.197477258331981
198.12,0.198749344669829
198.13,0.200031673239194
198.14,0.201324350330735
198.15,0.202627471984073
198.16,0.203941138208876
198.17,0.205265450880635
198.18,0.206600512934342
198.19,0.207946428364468
198.2,0.209303302751735
198.21,0.210671250270972
198.22,0.212050374966381
198.23,0.21344078664521
198.24,0.214842596411467
198.25,0.216255916681062
198.26,0.21768086119687
198.27,0.219117545289357
198.28,0.220566087554782
198.29,0.222026604944574
198.3,0.223499217093429
198.31,0.224984045102347
198.32,0.226481211557765
198.33,0.227990840550599
198.34,0.229513057799732
198.35,0.231047991076545
198.36,0.232595768853837
198.37,0.234156521563648
198.38,0.23573038125739
198.39,0.237317481626098
198.4,0.238917958020733
198.41,0.240531947665078
198.42,0.242159590107836
198.43,0.243801025474239
198.44,0.245456396147903
198.45,0.247125846301679
198.46,0.248809521919624
198.47,0.250507570819031
198.48,0.252220143156395
198.49,0.253947392021891
198.5,0.255689470247895
198.51,0.257446533594684
198.52,0.259218739822713
198.53,0.261006248718148
198.54,0.262809222118394
198.55,0.264627824612853
198.56,0.266462223867629
198.57,0.268312587367088
198.58,0.270179085867498
198.59,0.272061892370651
198.6,0.273961182153504
198.61,0.27587713279783
198.62,0.27780992497677
198.63,0.279759742406515
198.64,0.28172676918732
198.65,0.283711192860046
198.66,0.285713203482738
198.67,0.287732993664213
198.68,0.289770758597653
198.69,0.291826697118055
198.7,0.293901011199384
198.71,0.295993903385168
198.72,0.298105580067456
198.73,0.300236250466312
198.74,0.302386126667992
198.75,0.30455542366323
198.76,0.306744360731888
198.77,0.308953160377308
198.78,0.311182045898941
198.79,0.313431244910995
198.8,0.315700988212779
198.81,0.317991509832337
198.82,0.320303047070216
198.83,0.322635842009751
198.84,0.324990139997507
198.85,0.327366187868678
198.86,0.329764237068441
198.87,0.332184542621281
198.88,0.334627363180147
198.89,0.337092961075473
198.9,0.33958160437162
198.91,0.342093564359107
198.92,0.344629114118206
198.93,0.347188531955079
198.94,0.349772100209281
198.95,0.352380105309641
198.96,0.355012837829991
198.97,0.357670595912793
198.98,0.36035368043586
198.99,0.363062394017096
199,0.36579704556713
199.01,0.368557948591014
199.02,0.37134542125437
199.03,0.374159786449507
199.04,0.377001375301213
199.05,0.379870521709393
199.06,0.382767562616724
199.07,0.385692841618311
199.08,0.388646707527379
199.09,0.391629514451135
199.1,0.394641621866614
199.11,0.397683397030147
199.12,0.400755210991247
199.13,0.403857439562008
199.14,0.406990465174076
199.15,0.410154676109413
199.16,0.413350466582251
199.17,0.41657823682104
199.18,0.419838395859455
199.19,0.423131357100241
199.2,0.426457539604705
199.21,0.429817369727632
199.22,0.433211280460529
199.23,0.436639712281982
199.24,0.440103117437697
199.25,0.443601948121103
199.26,0.447136666621495
199.27,0.450707742670513
199.28,0.454315653563511
199.29,0.457960885186141
199.3,0.461643931204379
199.31,0.465365292577954
199.32,0.469125478850843
199.33,0.472925007827486
199.34,0.476764402869351
199.35,0.480644199279994
199.36,0.48456493887519
199.37,0.488527172935593
199.38,0.492531465426514
199.39,0.496578382304388
199.4,0.500668500263596
199.41,0.504802409523103
199.42,0.508980711439973
199.43,0.513204008868537
199.44,0.517472916854421
199.45,0.521788069498953
199.46,0.526150105070195
199.47,0.530559668463138
199.48,0.535017416653417
199.49,0.539524028812852
199.5,0.54408018124087
199.51,0.548686564387553
199.52,0.553343881028158
199.53,0.558052853025185
199.54,0.562814201941179
199.55,0.567628664244055
199.56,0.572496992630418
199.57,0.577419955276769
199.58,0.582398321161053
199.59,0.587432875231525
199.6,0.592524418075029
199.61,0.597673773091885
199.62,0.60288175825287
199.63,0.608149210443968
199.64,0.613476980641252
199.65,0.618865948624317
199.66,0.624316985504049
199.67,0.629830983086287
199.68,0.635408846183385
199.69,0.641051510688604
199.7,0.646759905189242
199.71,0.652534978594057
199.72,0.658377693778902
199.73,0.664289040309114
199.74,0.670270010597147
199.75,0.676321611551407
199.76,0.682444866188272
199.77,0.688640820397588
199.78,0.694910530787605
199.79,0.701255064632278
199.8,0.707675506724702
199.81,0.714172959937114
199.82,0.720748543797202
199.83,0.727403389420669
199.84,0.734138645393483
199.85,0.740955476150508
199.86,0.747855057464586
199.87,0.754838586007911
199.88,0.761907272543255
199.89,0.769062343607559
199.9,0.776305038120094
199.91,0.783636607811622
199.92,0.791058326367756
199.93,0.798571479931816
199.94,0.806177369878374
199.95,0.813877300665938
199.96,0.821672602916815
199.97,0.829564619100577
199.98,0.837554704772951
199.99,0.845644224530482
200,0.853834548393052
200.01,0.862127072510943
200.02,0.870523199661251
200.03,0.879024344416374
200.04,0.887631916807823
200.05,0.896347349749788
200.06,0.905172086005389
200.07,0.914107574939269
200.08,0.923155269113167
200.09,0.932316612761256
200.1,0.941593079611969
200.11,0.950986139630566
200.12,0.960497267304406
200.13,0.970127918108658
200.14,0.979879562444882
200.15,0.98975367736091
200.16,0.999751733602265
200.17,1.00987519576312
200.18,1.02012549072901
200.19,1.03050408360209
200.2,1.04101241571344
200.21,1.05165191946935
200.22,1.0624239935091
200.23,1.07333002224568
200.24,1.084371398173
200.25,1.09554948430929
200.26,1.10686562431977
200.27,1.11832108673511
200.28,1.1299171748711
200.29,1.14165514425853
200.3,1.1535362193666
200.31,1.16556157372229
200.32,1.1777323227456
200.33,1.19004958553767
200.34,1.20251442024555
200.35,1.21512783953947
200.36,1.22789076139481
200.37,1.24080408747346
200.38,1.25386866341858
200.39,1.26708526756269
200.4,1.28045460529021
200.41,1.29397727596115
200.42,1.30765386084247
200.43,1.32148484436675
200.44,1.33547063116392
200.45,1.34961151492866
200.46,1.3639077095658
200.47,1.37835935256438
200.48,1.39296647453403
200.49,1.40772900455457
200.5,1.42264673438725
200.51,1.43771938421655
200.52,1.45294654625057
200.53,1.46832769431794
200.54,1.48386217655589
200.55,1.49954921132931
200.56,1.51538789316505
200.57,1.53137717869528
200.58,1.54751588556961
200.59,1.56380270503023
200.6,1.58023616928399
200.61,1.59681466041462
200.62,1.61353640977331
200.63,1.63039949981859
200.64,1.64740189541887
200.65,1.6645413425055
200.66,1.68181544401547
200.67,1.69922163518649
200.68,1.71675722845235
200.69,1.73441936265574
200.7,1.75220496130669
200.71,1.77011079637671
200.72,1.78813346339112
200.73,1.80626950879993
200.74,1.82451516093424
200.75,1.84286651813959
200.76,1.86131950514531
200.77,1.87986991448186
200.78,1.89851343631082
200.79,1.9172454593258
200.8,1.93606125387328
200.81,1.95495591936722
200.82,1.97392451076644
200.83,1.99296184006318
200.84,2.01206253049479
200.85,2.03122107554302
200.86,2.05043182977172
200.87,2.06968915617342
200.88,2.0889870674105
200.89,2.10831951116613
200.9,2.12768029779085
200.91,2.14706318649939
200.92,2.16646183264276
200.93,2.18586966614951
200.94,2.20528005369713
200.95,2.22468625284291
200.96,2.24408157737839
200.97,2.26345908847275
200.98,2.2828117965458
200.99,2.3021326436603
201,2.32141453369045
201.01,2.34065039569808
201.02,2.35983296339372
201.03,2.37895497844439
201.04,2.39800914225681
201.05,2.41698818326727
201.06,2.43588479738909
201.07,2.45469164091849
201.08,2.47340138630323
201.09,2.49200673401056
201.1,2.51050038351019
201.11,2.52887506471353
201.12,2.54712354324269
201.13,2.56523863153765
201.14,2.58321318838088
201.15,2.60104013381128
201.16,2.61871246438707
201.17,2.6362232616919
201.18,2.65356568054419
201.19,2.67073297730374
201.2,2.68771852679882
201.21,2.70451581353423
201.22,2.72111844231918
201.23,2.73752015454157
201.24,2.75371482720281
201.25,2.76969649521346
201.26,2.785459350942
201.27,2.80099774945271
201.28,2.8163062005522
201.29,2.8313794230385
201.3,2.84621231738645
201.31,2.86079996187484
201.32,2.87513763242145
201.33,2.88922084308526
201.34,2.90304531541579
201.35,2.91660697489801
201.36,2.92990194522713
201.37,2.94292664254615
201.38,2.9556777033917
201.39,2.96815199381457
201.4,2.98034655670221
201.41,2.99225878920138
201.42,3.00388631074915
201.43,3.01522699515843
201.44,3.02627885442292
201.45,3.03704031399197
201.46,3.04751001444874
201.47,3.05768686735542
201.48,3.06756989473478
201.49,3.07715855053487
201.5,3.08645250802636
201.51,3.09545170486342
201.52,3.10415620629174
201.53,3.11256644120937
201.54,3.12068310197867
201.55,3.12850711878701
201.56,3.13603956391407
201.57,3.14328179244056
201.58,3.1502354572876
201.59,3.15690241529696
201.6,3.16328467456136
201.61,3.16938444179628
201.62,3.17520423921876
201.63,3.18074675465227
201.64,3.1860148289501
201.65,3.19101142544097
201.66,3.19573981612889
201.67,3.2002034002179
201.68,3.20440572127446
201.69,3.20835038863424
201.7,3.21204128436128
201.71,3.21548238303716
201.72,3.21867778264268
201.73,3.22163161445502
201.74,3.22434822049878
201.75,3.2268320057858
201.76,3.22908746548714
201.77,3.231119125261
201.78,3.23293163226733
201.79,3.23452967776648
201.8,3.23591800252682
201.81,3.23710138163566
201.82,3.23808462740408
201.83,3.23887257490386
201.84,3.23947007176509
201.85,3.23988199332422
201.86,3.24011320453518
201.87,3.2401685492471
201.88,3.24005285908861
201.89,3.23977097317368
201.9,3.23932770750209
201.91,3.23872780047512
201.92,3.23797596299584
201.93,3.23707688511595
201.94,3.23603524166723
201.95,3.23485557447066
201.96,3.23354238829997
201.97,3.23210013172714
201.98,3.23053324340954
201.99,3.22884601702077
202,3.2270426938354
202.01,3.2251274673152
202.02,3.22310442997636
202.03,3.22097758834792
202.04,3.21875087538818
202.05,3.21642815092539
202.06,3.21401316180115
202.07,3.21150956959589
202.08,3.20892098874426
202.09,3.20625089631083
202.1,3.20350268811991
202.11,3.20067968852546
202.12,3.19778513805296
202.13,3.19482215928153
202.14,3.19179379536261
202.15,3.18870302722754
202.16,3.18555271499981
202.17,3.18234563913625
202.18,3.17908450335615
202.19,3.17577192037777
202.2,3.17241041079789
202.21,3.16900241582468
202.22,3.16555030530662
202.23,3.16205635027808
202.24,3.15852274517381
202.25,3.15495162027097
202.26,3.15134501651347
202.27,3.14770489880988
202.28,3.1440331632491
202.29,3.1403316390004
202.3,3.1366020755219
202.31,3.13284615656923
202.32,3.12906550412147
202.33,3.12526166941667
202.34,3.12143614174915
202.35,3.11759034898035
202.36,3.11372565880559
202.37,3.1098433797722
202.38,3.10594476393141
202.39,3.10203100989981
202.4,3.09810326105058
202.41,3.09416260970886
202.42,3.09021009828867
202.43,3.08624672090557
202.44,3.0822734250767
202.45,3.07829111311866
202.46,3.07430064246764
202.47,3.07030283054179
202.48,3.06629845400744
202.49,3.06228824726796
202.5,3.05827290808528
202.51,3.05425309981596
202.52,3.05022944964137
202.53,3.04620254667887
202.54,3.04217295286344
202.55,3.03814119750553
202.56,3.03410777778692
202.57,3.03007316244216
202.58,3.02603779453047
202.59,3.02200208985213
202.6,3.01796643470096
202.61,3.01393119605995
202.62,3.0098967164549
202.63,3.00586331353787
202.64,3.00183128335241
202.65,2.99780090455036
202.66,2.9937724351432
202.67,2.98974610793118
202.68,2.98572214615473
202.69,2.98170075375353
202.7,2.97768211906493
202.71,2.97366640558333
202.72,2.96965377331565
202.73,2.96564436499898
202.74,2.96163831065539
202.75,2.95763571875888
202.76,2.95363669523638
202.77,2.94964133266962
202.78,2.94564971286095
202.79,2.94166190038979
202.8,2.9376779565109
202.81,2.93369793293981
202.82,2.92972187232946
202.83,2.9257498038731
202.84,2.9217817529679
202.85,2.91781773851795
202.86,2.91385777195396
202.87,2.90990185406712
202.88,2.90594998188946
202.89,2.90200214841327
202.9,2.89805834049494
202.91,2.89411853664826
202.92,2.89018271174612
202.93,2.88625083861883
202.94,2.88232288506883
202.95,2.8783988117598
202.96,2.87447857657968
202.97,2.87056213763509
202.98,2.86664944864979
202.99,2.86274046103599
203,2.85883511650525
203.01,2.85493336066051
203.02,2.85103513801556
203.03,2.84714039006331
203.04,2.84324905700781
203.05,2.83936106769449
203.06,2.83547636164226
203.07,2.83159487344536
203.08,2.82771653667667
203.09,2.82384128338695
203.1,2.81996903954678
203.11,2.8160997382249
203.12,2.81223330925681
203.13,2.80836968226389
203.14,2.80450878528712
203.15,2.80065054415482
203.16,2.79679488904552
203.17,2.79294174855625
203.18,2.7890910516098
203.19,2.78524272476814
203.2,2.78139669500093
203.21,2.77755289266983
203.22,2.77371124719542
203.23,2.76987168864299
203.24,2.7660341450228
203.25,2.76219854698486
203.26,2.75836482647466
203.27,2.75453291564822
203.28,2.75070274757797
203.29,2.74687425215182
203.3,2.74304736473411
203.31,2.7392220202922
203.32,2.73539815459022
203.33,2.73157570417572
203.34,2.72775460472002
203.35,2.72393479547173
203.36,2.72011621579395
203.37,2.71629880615006
203.38,2.71248250762146
203.39,2.70866726147462
203.4,2.70485301181342
203.41,2.70103970321359
203.42,2.69722728144016
203.43,2.69341569273837
203.44,2.68960488443715
203.45,2.685794805977
203.46,2.68198540757872
203.47,2.67817664070263
203.48,2.67436845634443
203.49,2.67056080775721
203.5,2.66675364986186
203.51,2.66294693829751
203.52,2.65914062987431
203.53,2.65533468248444
203.54,2.65152905529105
203.55,2.64772370864777
203.56,2.64391860409502
203.57,2.64011370438311
203.58,2.6363089721331
203.59,2.63250437256835
203.6,2.62869987169834
203.61,2.6248954365988
203.62,2.62109103547514
203.63,2.61728663681421
203.64,2.6134822112485
203.65,2.60967773012554
203.66,2.60587316587534
203.67,2.60206849194402
203.68,2.59826368226464
203.69,2.5944587125646
203.7,2.59065355930911
203.71,2.58684819997166
203.72,2.58304261306773
203.73,2.57923677827736
203.74,2.57543067602345
203.75,2.57162428781298
203.76,2.5678175961338
203.77,2.56401058432162
203.78,2.56020323642726
203.79,2.55639553785613
203.8,2.55258747476202
203.81,2.5487790342059
203.82,2.5449702039795
203.83,2.54116097267299
203.84,2.5373513300802
203.85,2.53354126668337
203.86,2.52973077380325
203.87,2.52591984358755
203.88,2.52210846895324
203.89,2.51829664284804
203.9,2.51448436010932
203.91,2.51067161589539
203.92,2.50685840610437
203.93,2.50304472736062
203.94,2.4992305770012
203.95,2.49541595318604
203.96,2.4916008546623
203.97,2.4877852808248
203.98,2.4839692317684
203.99,2.48015270823938
204,2.47633571162218
204.01,2.47251824407068
204.02,2.4687003085071
204.03,2.46488190805858
204.04,2.46106304663565
204.05,2.45724372873764
204.06,2.4534239594408
204.07,2.44960374438628
204.08,2.44578308980637
204.09,2.44196200242207
204.1,2.43814048950423
204.11,2.43431855884146
204.12,2.43049621872829
204.13,2.42667347795304
204.14,2.42285034577132
204.15,2.41902683191763
204.16,2.41520294659088
204.17,2.4113787004296
204.18,2.40755410450542
204.19,2.40372917031121
204.2,2.399903909844
204.21,2.39607833567555
204.22,2.39225246040287
204.23,2.38842629716718
204.24,2.38459985948403
204.25,2.38077316123202
204.26,2.37694621664175
204.27,2.37311904100314
204.28,2.36929164896256
204.29,2.36546405582683
204.3,2.36163627725836
204.31,2.35780832923378
204.32,2.35398022803376
204.33,2.35015199023288
204.34,2.34632363301174
204.35,2.34249517362644
204.36,2.33866662940764
204.37,2.33483801810138
204.38,2.33100935771007
204.39,2.32718066648324
204.4,2.32335196290815
204.41,2.3195232658713
204.42,2.31569459477862
204.43,2.31186596856433
204.44,2.30803740668679
204.45,2.30420892881102
204.46,2.30038055480036
204.47,2.296552304708
204.48,2.29272419876854
204.49,2.28889625830903
204.5,2.28506850354849
204.51,2.28124095533874
204.52,2.27741363472491
204.53,2.27358656291382
204.54,2.26975976126673
204.55,2.26593325129222
204.56,2.26210705500647
204.57,2.25828119430775
204.58,2.25445569104035
204.59,2.25063056733723
204.6,2.24680584545728
204.61,2.242981547779
204.62,2.23915769679429
204.63,2.23533431518099
204.64,2.23151142583363
204.65,2.22768905145879
204.66,2.22386721498738
204.67,2.22004593943879
204.68,2.21622524791497
204.69,2.21240516359456
204.7,2.20858570972687
204.71,2.20476691018045
204.72,2.20094878809959
204.73,2.19713136699159
204.74,2.19331467042905
204.75,2.18949872203879
204.76,2.18568354549669
204.77,2.18186916452256
204.78,2.17805560334423
204.79,2.17424288586405
204.8,2.17043103582772
204.81,2.16662007720385
204.82,2.16281003399554
204.83,2.15900093023619
204.84,2.15519278998526
204.85,2.15138563737736
204.86,2.14757949688833
204.87,2.14377439245935
204.88,2.13997034827945
204.89,2.1361673885518
204.9,2.13236553749007
204.91,2.12856481931463
204.92,2.12476525824893
204.93,2.1209668786768
204.94,2.11716970486625
204.95,2.11337376099677
204.96,2.10957907131157
204.97,2.10578566004435
204.98,2.10199355141583
204.99,2.09820276963055
205,2.09441333892165
205.01,2.09062528387126
205.02,2.08683862842485
205.03,2.08305339676117
205.04,2.07926961303592
205.05,2.07548730137893
205.06,2.07170648589148
205.07,2.06792719064339
205.08,2.06414943991031
205.09,2.06037325778338
205.1,2.05659866816722
205.11,2.0528256950474
205.12,2.04905436237348
205.13,2.04528469405654
205.14,2.04151671396708
205.15,2.03775044594448
205.16,2.03398591390193
205.17,2.03022314151553
205.18,2.02646215249262
205.19,2.02270297049164
205.2,2.01894561912004
205.21,2.01519012193218
205.22,2.01143650242729
205.23,2.00768478416513
205.24,2.00393499058367
205.25,2.00018714497306
205.26,1.99644127062649
205.27,1.99269739077629
205.28,1.98895552859213
205.29,1.98521570717916
205.3,1.98147794960402
205.31,1.97774227924181
205.32,1.97400871879689
205.33,1.97027729115687
205.34,1.96654801914344
205.35,1.96282092551096
205.36,1.95909603294506
205.37,1.95537336406134
205.38,1.95165294141899
205.39,1.94793478769333
205.4,1.94421892518194
205.41,1.94050537623584
205.42,1.93679416313284
205.43,1.93308530807641
205.44,1.92937883319451
205.45,1.92567476053835
205.46,1.92197311208473
205.47,1.91827390977132
205.48,1.91457717539098
205.49,1.91088293068274
205.5,1.90719119730378
205.51,1.90350199682844
205.52,1.89981535074699
205.53,1.89613128046457
205.54,1.89244980732558
205.55,1.88877095286018
205.56,1.88509473806555
205.57,1.88142118403914
205.58,1.87775031179337
205.59,1.8740821422548
205.6,1.87041669626332
205.61,1.8667539945713
205.62,1.86309405787005
205.63,1.85943690703097
205.64,1.85578256239441
205.65,1.85213104439903
205.66,1.84848237339775
205.67,1.84483656965719
205.68,1.84119365335723
205.69,1.83755364459053
205.7,1.83391656335123
205.71,1.83028242944584
205.72,1.82665126275614
205.73,1.82302308300421
205.74,1.81939790982033
205.75,1.8157757627422
205.76,1.81215666121448
205.77,1.80854062458808
205.78,1.80492767211859
205.79,1.80131782295785
205.8,1.79771109617676
205.81,1.79410751074381
205.82,1.79050708553046
205.83,1.78690983931059
205.84,1.78331579075988
205.85,1.77972495845515
205.86,1.77613736092442
205.87,1.77255301700163
205.88,1.76897194472982
205.89,1.76539416234971
205.9,1.76181968800832
205.91,1.75824853975879
205.92,1.75468073556018
205.93,1.75111629327729
205.94,1.74755523068054
205.95,1.74399756557379
205.96,1.7404433155071
205.97,1.73689249796564
205.98,1.73334513036172
205.99,1.72980123001496
206,1.7262608141521
206.01,1.72272389990704
206.02,1.7191905043208
206.03,1.71566064410143
206.04,1.71213433597206
206.05,1.70861159679109
206.06,1.70509244316431
206.07,1.70157689159661
206.08,1.69806495849154
206.09,1.69455666015089
206.1,1.69105201277421
206.11,1.68755103251104
206.12,1.68405373551361
206.13,1.68056013758642
206.14,1.67707025454518
206.15,1.67358410210476
206.16,1.67010169587897
206.17,1.66662305138034
206.18,1.66314818401976
206.19,1.65967710910637
206.2,1.65620984268316
206.21,1.65274639945766
206.22,1.64928679452474
206.23,1.64583104290059
206.24,1.64237915951223
206.25,1.63893115919786
206.26,1.63548705670744
206.27,1.63204686670306
206.28,1.6286106033788
206.29,1.62517828120153
206.3,1.62174991463141
206.31,1.61832551790635
206.32,1.61490510516924
206.33,1.61148869046803
206.34,1.60807628775564
206.35,1.60466791088997
206.36,1.60126357340019
206.37,1.59786328865016
206.38,1.59446707039377
206.39,1.59107493202571
206.4,1.58768688683527
206.41,1.58430294800577
206.42,1.58092312861396
206.43,1.57754744162947
206.44,1.57417590002119
206.45,1.57080851744561
206.46,1.56744530620807
206.47,1.564086279039
206.48,1.56073144858848
206.49,1.55738082742771
206.5,1.55403442805019
206.51,1.55069226254587
206.52,1.54735434276722
206.53,1.54402068115876
206.54,1.54069128973667
206.55,1.53736618041936
206.56,1.53404536502722
206.57,1.53072885528213
206.58,1.52741666302894
206.59,1.52410879983304
206.6,1.52080527711098
206.61,1.51750610625676
206.62,1.51421129857434
206.63,1.51092086527774
206.64,1.50763481749145
206.65,1.5043531658854
206.66,1.50107592155418
206.67,1.49780309530075
206.68,1.49453469783102
206.69,1.49127073975565
206.7,1.48801123158992
206.71,1.48475618399795
206.72,1.48150560736574
206.73,1.47825951187925
206.74,1.47501790772916
206.75,1.47178080501561
206.76,1.46854821374833
206.77,1.46532014382819
206.78,1.46209660504116
206.79,1.45887760714577
206.8,1.45566315978062
206.81,1.45245327249314
206.82,1.44924795473938
206.83,1.44604721588418
206.84,1.44285106533251
206.85,1.43965951221089
206.86,1.43647256562671
206.87,1.43329023459885
206.88,1.43011252805646
206.89,1.426939454839
206.9,1.42377102388669
206.91,1.42060724391035
206.92,1.41744812344529
206.93,1.41429367101675
206.94,1.41114389506417
206.95,1.40799880394105
206.96,1.40485840582049
206.97,1.40172270865836
206.98,1.39859172065683
206.99,1.39546544977776
207,1.39234390389283
207.01,1.38922709078364
207.02,1.38611501814163
207.03,1.38300769406158
207.04,1.37990512584185
207.05,1.37680732096038
207.06,1.37371428681684
207.07,1.3706260307263
207.08,1.36754255991934
207.09,1.36446388156021
207.1,1.36139000272791
207.11,1.35832093038996
207.12,1.35525667144454
207.13,1.35219723270577
207.14,1.34914262090375
207.15,1.34609284268454
207.16,1.34304790474321
207.17,1.34000781350083
207.18,1.33697257536648
207.19,1.33394219666867
207.2,1.33091668365337
207.21,1.32789604248404
207.22,1.32488027936469
207.23,1.32186940041376
207.24,1.31886341148187
207.25,1.31586231844077
207.26,1.312866127083
207.27,1.30987484312181
207.28,1.30688847219125
207.29,1.30390701962075
207.3,1.30093049098144
207.31,1.29795889164442
207.32,1.29499222689515
207.33,1.29203050193733
207.34,1.2890737218928
207.35,1.28612189201466
207.36,1.28317501747201
207.37,1.28023310302676
207.38,1.27729615354025
207.39,1.27436417379772
207.4,1.2714371685083
207.41,1.26851514230495
207.42,1.26559809974731
207.43,1.26268604531486
207.44,1.25977898341251
207.45,1.25687691836907
207.46,1.25397985443727
207.47,1.25108779579374
207.48,1.24820074658419
207.49,1.24531871105377
207.5,1.24244169304044
207.51,1.23956969644991
207.52,1.23670272511463
207.53,1.23384078279376
207.54,1.2309838731732
207.55,1.22813199988984
207.56,1.22528516651638
207.57,1.22244337650014
207.58,1.21960663324205
207.59,1.21677494007046
207.6,1.21394830024111
207.61,1.21112671693711
207.62,1.20831019344218
207.63,1.20549873284362
207.64,1.20269233806334
207.65,1.19989101203068
207.66,1.19709475760538
207.67,1.19430357757753
207.68,1.19151747466759
207.69,1.18873645163769
207.7,1.18596051104173
207.71,1.18318965539182
207.72,1.18042388714678
207.73,1.17766320869713
207.74,1.17490762236517
207.75,1.17215713042027
207.76,1.16941173530622
207.77,1.16667143901593
207.78,1.16393624363112
207.79,1.16120615116801
207.8,1.1584811635773
207.81,1.15576128274421
207.82,1.15304651051367
207.83,1.1503368487155
207.84,1.14763229901032
207.85,1.1449328630395
207.86,1.14223854238068
207.87,1.13954933854781
207.88,1.13686525308317
207.89,1.13418628740875
207.9,1.13151244283543
207.91,1.12884372064976
207.92,1.12618012207718
207.93,1.12352164828213
207.94,1.12086830048774
207.95,1.11822007969131
207.96,1.11557698689337
207.97,1.1129390230353
207.98,1.1103061889993
207.99,1.10767848562305
208,1.10505591370086
208.01,1.10243847392621
208.02,1.09982616695302
208.03,1.09721899337688
208.04,1.09461695373501
208.05,1.09202004857247
208.06,1.08942827832164
208.07,1.08684164334139
208.08,1.08426014395318
208.09,1.08168378042175
208.1,1.07911255296688
208.11,1.07654646194391
208.12,1.07398550737143
208.13,1.07142968932337
208.14,1.06887900782058
208.15,1.06633346283079
208.16,1.06379305431171
208.17,1.06125778218788
208.18,1.05872764624461
208.19,1.05620264625751
208.2,1.05368278195106
208.21,1.0511680529986
208.22,1.04865845905187
208.23,1.04615399968641
208.24,1.0436546744256
208.25,1.04116048274832
208.26,1.03867142408628
208.27,1.03618749786093
208.28,1.03370870339056
208.29,1.03123503996445
208.3,1.02876650682302
208.31,1.02630310320496
208.32,1.02384482834798
208.33,1.02139168132856
208.34,1.01894366122766
208.35,1.01650076708138
208.36,1.01406299792804
208.37,1.01163035273269
208.38,1.00920283039947
208.39,1.00678042980388
208.4,1.00436314977864
208.41,1.0019509891027
208.42,0.999543946525895
208.43,0.997142020750042
208.44,0.994745210433828
208.45,0.992353514217687
208.46,0.989966930751525
208.47,0.987585458548557
208.48,0.985209096120191
208.49,0.98283784193762
208.5,0.980471694472118
208.51,0.978110652142853
208.52,0.975754713299022
208.53,0.973403876269593
208.54,0.971058139345337
208.55,0.96871750086267
208.56,0.966381959027408
208.57,0.964051512031471
208.58,0.961726158037028
208.59,0.959405895182147
208.6,0.9570907216238
208.61,0.954780635413861
208.62,0.952475634597975
208.63,0.950175717179746
208.64,0.947880881114679
208.65,0.945591124351724
208.66,0.943306444795673
208.67,0.941026840345312
208.68,0.938752308875555
208.69,0.936482848194163
208.7,0.934218456093912
208.71,0.931959130414799
208.72,0.929704868939817
208.73,0.927455669387452
208.74,0.925211529474867
208.75,0.922972446901555
208.76,0.92073841933666
208.77,0.918509444424936
208.78,0.916285519787667
208.79,0.914066642954583
208.8,0.911852811503136
208.81,0.909644022959455
208.82,0.90744027482925
208.83,0.905241564654485
208.84,0.903047889873291
208.85,0.900859247927534
208.86,0.898675636276799
208.87,0.896497052465468
208.88,0.894323493860138
208.89,0.892154957871871
208.9,0.889991441906399
208.91,0.887832943362247
208.92,0.885679459605431
208.93,0.883530987995393
208.94,0.881387525806485
208.95,0.879249070282479
208.96,0.877115618702412
208.97,0.87498716834529
208.98,0.872863716511367
208.99,0.870745260408404
209,0.868631797319145
209.01,0.866523324633483
209.02,0.86441983958532
209.03,0.8623213394379
209.04,0.860227821339482
209.05,0.85813928256226
209.06,0.856055720322747
209.07,0.85397713181538
209.08,0.851903514235907
209.09,0.849834864765884
209.1,0.847771180652445
209.11,0.845712459062059
209.12,0.843658697179505
209.13,0.841609892244126
209.14,0.839566041447905
209.15,0.837527141989341
209.16,0.835493191119895
209.17,0.833464186070862
209.18,0.831440124069765
209.19,0.829421002297668
209.2,0.827406817943003
209.21,0.82539756822685
209.22,0.823393250370668
209.23,0.821393861603672
209.24,0.819399399133604
209.25,0.817409860240019
209.26,0.815425242288157
209.27,0.813445542536161
209.28,0.811470758308915
209.29,0.809500886965972
209.3,0.807535925862024
209.31,0.805575872356063
209.32,0.80362072367573
209.33,0.801670477177309
209.34,0.799725130240002
209.35,0.797784680274615
209.36,0.795849124651912
209.37,0.793918460958343
209.38,0.791992686666986
209.39,0.790071799326147
209.4,0.788155796514275
209.41,0.786244675850492
209.42,0.784338434682668
209.43,0.782437070501407
209.44,0.78054058088717
209.45,0.778648963750774
209.46,0.776762216707373
209.47,0.774880337440401
209.48,0.773003323661593
209.49,0.771131173159099
209.5,0.76926388375929
209.51,0.767401453295684
209.52,0.76554387964758
209.53,0.763691160733873
209.54,0.761843294498627
209.55,0.760000278945257
209.56,0.75816211209965
209.57,0.756328791997033
209.58,0.75450031662013
209.59,0.752676684060496
209.6,0.750857892406235
209.61,0.749043939766347
209.62,0.747234824334724
209.63,0.74543054489321
209.64,0.743631099831925
209.65,0.74183648753584
209.66,0.740046706311298
209.67,0.738261754748313
209.68,0.736481631203355
209.69,0.734706334183903
209.7,0.732935862258542
209.71,0.731170214192297
209.72,0.729409388607335
209.73,0.727653384329861
209.74,0.725902200210608
209.75,0.724155835132717
209.76,0.722414287954492
209.77,0.720677557673862
209.78,0.718945643278903
209.79,0.717218543795538
209.8,0.715496258315577
209.81,0.713778786018011
209.82,0.712066126085699
209.83,0.710358277775258
209.84,0.708655240415687
209.85,0.706957013378443
209.86,0.705263596052322
209.87,0.703574987884946
209.88,0.701891188381974
209.89,0.700212197106179
209.9,0.698538013652647
209.91,0.696868637671885
209.92,0.695204068871435
209.93,0.693544307000499
209.94,0.691889351861236
209.95,0.69023920330648
209.96,0.688593861239937
209.97,0.686953325604982
209.98,0.685317596401663
209.99,0.683686673675085
210,0.682060557515408
210.01,0.680439248061557
210.02,0.678822745501498
210.03,0.677211050070801
210.04,0.675604162049413
210.05,0.674002081770176
210.06,0.672404809612896
210.07,0.670812346003894
210.08,0.669224691416749
210.09,0.667641846373944
210.1,0.666063811445955
210.11,0.664490587247744
210.12,0.6629221744439
210.13,0.661358573745593
210.14,0.659799785913674
210.15,0.658245811754259
210.16,0.65669665212185
210.17,0.655152307920354
210.18,0.653612780100021
210.19,0.652078069658878
210.2,0.650548177640336
210.21,0.649023105137502
210.22,0.647502853288218
210.23,0.645987423273797
210.24,0.644476816325051
210.25,0.642971033714539
210.26,0.641470076755433
210.27,0.639973946808826
210.28,0.638482645273001
210.29,0.636996173582099
210.3,0.635514533215757
210.31,0.634037725683463
210.32,0.632565752523317
210.33,0.631098615314931
210.34,0.629636315657169
210.35,0.628178855167841
210.36,0.6267262354992
210.37,0.625278458308853
210.38,0.623835525260838
210.39,0.622397438042692
210.4,0.620964198329432
210.41,0.619535807786579
210.42,0.618112268087842
210.43,0.616693580869973
210.44,0.615279747742552
210.45,0.613870770306169
210.46,0.612466650105058
210.47,0.611067388596218
210.48,0.609672987231231
210.49,0.608283447378647
210.5,0.606898770258225
210.51,0.605518957069881
210.52,0.60414400889135
210.53,0.602773926631412
210.54,0.60140871109547
210.55,0.600048362956202
210.56,0.598692882684245
210.57,0.59734227055009
210.58,0.595996526678632
210.59,0.594655650948999
210.6,0.593319642934785
210.61,0.591988502040923
210.62,0.590662227373954
210.63,0.589340817632634
210.64,0.588024271301289
210.65,0.586712586489091
210.66,0.585405760853244
210.67,0.584103791689707
210.68,0.582806675901229
210.69,0.58151440990207
210.7,0.580226989480233
210.71,0.578944410079694
210.72,0.577666666547122
210.73,0.576393753027994
210.74,0.575125663071457
210.75,0.573862389648049
210.76,0.572603924989527
210.77,0.571350260420817
210.78,0.570101386690573
210.79,0.568857293675628
210.8,0.567617970288426
210.81,0.566383404523836
210.82,0.565153583533574
210.83,0.563928493426595
210.84,0.562708119009354
210.85,0.561492444257835
210.86,0.560281451912794
210.87,0.559075123390708
210.88,0.557873438775889
210.89,0.556676376987277
210.9,0.555483915502745
210.91,0.554296029947255
210.92,0.553112694909899
210.93,0.55193388325502
210.94,0.550759566226586
210.95,0.549589712909612
210.96,0.548424290745448
210.97,0.547263265616745
210.98,0.546106601324132
210.99,0.544954259424364
211,0.543806198729429
211.01,0.542662376857648
211.02,0.541522748777001
211.03,0.540387267109531
211.04,0.539255881022691
211.05,0.538128538184304
211.06,0.537005183309093
211.07,0.535885758333671
211.08,0.534770201743888
211.09,0.533658449105842
211.1,0.53255043340887
211.11,0.531446084195798
211.12,0.530345327441766
211.13,0.529248084706949
211.14,0.528154275357313
211.15,0.527063814541209
211.16,0.5259766135956
211.17,0.524892578405721
211.18,0.523811612161911
211.19,0.522733613490069
211.2,0.521658476500727
211.21,0.520586089811342
211.22,0.519516337270672
211.23,0.518449098836197
211.24,0.51738424891191
211.25,0.516321656709551
211.26,0.515261183741411
211.27,0.514202687861907
211.28,0.513146021155698
211.29,0.512091029373814
211.3,0.511037551953106
211.31,0.509985418587332
211.32,0.508934456547123
211.33,0.507884484722452
211.34,0.50683531495195
211.35,0.505786751085875
211.36,0.504738588047938
211.37,0.503690615467844
211.38,0.502642613996452
211.39,0.501594356086148
211.4,0.500545603679431
211.41,0.499496110191003
211.42,0.498445621827066
211.43,0.497393874514196
211.44,0.496340594632524
211.45,0.495285496018747
211.46,0.494228284814626
211.47,0.493168656501762
211.48,0.492106295500073
211.49,0.491040874987102
211.5,0.489972053710881
211.51,0.488899482736282
211.52,0.487822799686973
211.53,0.486741629913098
211.54,0.485655585899723
211.55,0.484564266804371
211.56,0.483467259493086
211.57,0.482364137012848
211.58,0.481254458662434
211.59,0.480137771234332
211.6,0.479013606941167
211.61,0.477881482471248
211.62,0.476740900445276
211.63,0.475591348539309
211.64,0.474432299722602
211.65,0.473263211032843
211.66,0.472083523880853
211.67,0.47089266376045
211.68,0.469690040788077
211.69,0.468475055912058
211.7,0.46724708442275
211.71,0.466005488650268
211.72,0.464749614333984
211.73,0.463478795030769
211.74,0.462192354756444
211.75,0.460889590987952
211.76,0.45956978979514
211.77,0.458232224888926
211.78,0.456876158056261
211.79,0.455500830465904
211.8,0.454105471171233
211.81,0.452689299954653
211.82,0.451251526193919
211.83,0.449791339015334
211.84,0.44830791813703
211.85,0.446800441457656
211.86,0.445268079564307
211.87,0.443709982059072
211.88,0.44212529510868
211.89,0.440513171460066
211.9,0.438872759153383
211.91,0.437203189926116
211.92,0.435503598658419
211.93,0.433773135095223
211.94,0.432010947603875
211.95,0.430216177371369
211.96,0.428387975724805
211.97,0.426525519824663
211.98,0.424627989853412
211.99,0.422694569618472
212,0.420724462053422
212.01,0.418716910310073
212.02,0.416671165648359
212.03,0.414586496119259
212.04,0.412462200151571
212.05,0.410297624804181
212.06,0.408092142007287
212.07,0.405845157720354
212.08,0.403556122659479
212.09,0.401224531872711
212.1,0.398849926098975
212.11,0.39643189653445
212.12,0.393970087214466
212.13,0.391464198485644
212.14,0.388913990292366
212.15,0.386319290156688
212.16,0.38367998678666
212.17,0.380996039909251
212.18,0.378267481493546
212.19,0.375494419545242
212.2,0.3726770409435
212.21,0.369815603138206
212.22,0.366910448882658
212.23,0.363962010406043
212.24,0.360970794013315
212.25,0.357937384380493
212.26,0.354862469322168
212.27,0.351746815097905
212.28,0.348591258832878
212.29,0.34539674716442
212.3,0.342164308193618
212.31,0.33889503120809
212.32,0.335590119217355
212.33,0.332250854137356
212.34,0.328878570727175
212.35,0.325474706248418
212.36,0.322040778190292
212.37,0.318578353355072
212.38,0.315089069361774
212.39,0.311574649981268
212.4,0.308036863565025
212.41,0.304477519159633
212.42,0.300898507025674
212.43,0.297301754361872
212.44,0.293689209172085
212.45,0.290062884284969
212.46,0.28642481885956
212.47,0.282777054891189
212.48,0.279121680714145
212.49,0.275460794281973
212.5,0.271796486896678
212.51,0.268130861379487
212.52,0.264466021643136
212.53,0.260804059935555
212.54,0.257147054354649
212.55,0.253497064592048
212.56,0.249856125720993
212.57,0.246226244197414
212.58,0.242609388793221
212.59,0.239007488993094
212.6,0.235422438751838
212.61,0.231856071801099
212.62,0.228310169945905
212.63,0.224786480154288
212.64,0.221286669260473
212.65,0.217812342447538
212.66,0.214365059075432
212.67,0.210946304891824
212.68,0.20755748466048
212.69,0.204199946708084
212.7,0.200874976237464
212.71,0.197583763582486
212.72,0.194327435436328
212.73,0.191107065529621
212.74,0.187923623669912
212.75,0.184778012249671
212.76,0.181671089120436
212.77,0.178603605812726
212.78,0.175576248140876
212.79,0.172589652856835
212.8,0.169644369274258
212.81,0.166740875445874
212.82,0.163879596291322
212.83,0.161060891300534
212.84,0.158285045200394
212.85,0.155552290194478
212.86,0.15286280760574
212.87,0.150216707880742
212.88,0.147614051509447
212.89,0.145054855261397
212.9,0.142539078191847
212.91,0.14006663544917
212.92,0.137637398376441
212.93,0.135251194858092
212.94,0.132907812436922
212.95,0.130607001191721
212.96,0.128348475701767
212.97,0.12613191747834
212.98,0.123956976887577
212.99,0.121823275942286
213,0.119730410620939
213.01,0.11767795275008
213.02,0.115665451336515
213.03,0.113692436267039
213.04,0.111758419641248
213.05,0.109862894438498
213.06,0.108005342353843
213.07,0.106185230495607
213.08,0.104402013370676
213.09,0.102655138348989
213.1,0.100944040941449
213.11,0.0992681521239177
213.12,0.0976268983075384
213.13,0.0960196982679486
213.14,0.0944459687656019
213.15,0.0929051273484119
213.16,0.0913965871593945
213.17,0.0899197601043351
213.18,0.0884740637262465
213.19,0.087058914359379
213.2,0.0856737276387005
213.21,0.0843179280157493
213.22,0.082990941641899
213.23,0.0816921951463988
213.24,0.080421125639484
213.25,0.0791771743354762
213.26,0.0779597840575828
213.27,0.0767684092644897
213.28,0.0756025102824563
213.29,0.0744615498921378
213.3,0.0733450032909659
213.31,0.0722523523877741
213.32,0.071183083851379
213.33,0.0701366948491036
213.34,0.0691126912395316
213.35,0.0681105849287323
213.36,0.0671298969284388
213.37,0.0661701580816048
213.38,0.0652309061544226
213.39,0.0643116871208043
213.4,0.0634120572889484
213.41,0.0625315806268775
213.42,0.0616698285867931
213.43,0.0608263830591839
213.44,0.0600008339049886
213.45,0.0591927779062186
213.46,0.0584018221979431
213.47,0.05762758187287
213.48,0.0568696787842106
213.49,0.0561277445220263
213.5,0.0554014184340336
213.51,0.0546903470800578
213.52,0.053994185291371
213.53,0.0533125958773049
213.54,0.0526452488553849
213.55,0.051991821656899
213.56,0.051351999459868
213.57,0.0507254744642347
213.58,0.0501119457609593
213.59,0.049511119776936
213.6,0.0489227096678361
213.61,0.0483464350536447
213.62,0.0477820224473546
213.63,0.0472292047363721
213.64,0.0466877208559889
213.65,0.0461573161295888
213.66,0.0456377418791444
213.67,0.0451287553261367
213.68,0.044630119462913
213.69,0.0441416029096267
213.7,0.0436629798315944
213.71,0.0431940298554936
213.72,0.0427345377754756
213.73,0.0422842935599871
213.74,0.0418430923274269
213.75,0.0414107339631073
213.76,0.0409870231687693
213.77,0.0405717694416
213.78,0.040164786761475
213.79,0.0397658935202209
213.8,0.0393749125448341
213.81,0.0389916709496127
213.82,0.0386159998358446
213.83,0.0382477344123479
213.84,0.0378867140264601
213.85,0.0375327815600554
213.86,0.0371857836980531
213.87,0.0368455709569244
213.88,0.0365119974031046
213.89,0.0361849203559182
213.9,0.0358642005616782
213.91,0.0355497024815839
213.92,0.0352412933351323
213.93,0.0349388435735491
213.94,0.0346422267761996
213.95,0.0343513197132723
213.96,0.0340660017182807
213.97,0.0337861550412451
213.98,0.0335116649076509
213.99,0.033242419148834
214,0.0329783080829887
214.01,0.0327192246355355
214.02,0.0324650645939375
214.03,0.0322157257562696
214.04,0.0319711084095688
214.05,0.0317311152264238
214.06,0.0314956512449975
214.07,0.0312646234814975
214.08,0.031037941149226
214.09,0.0308155157621522
214.1,0.0305972607312234
214.11,0.0303830913971731
214.12,0.0301729250829531
214.13,0.0299666812358358
214.14,0.0297642808545501
214.15,0.0295656468124259
214.16,0.0293707038405915
214.17,0.0291793784480526
214.18,0.0289915986292974
214.19,0.0288072940633725
214.2,0.0286263962662171
214.21,0.028448838063456
214.22,0.0282745538083594
214.23,0.0281034793342159
214.24,0.0279355521223624
214.25,0.0277707109506791
214.26,0.0276088958528842
214.27,0.0274500482429587
214.28,0.0272941109980052
214.29,0.0271410283238195
214.3,0.0269907454168766
214.31,0.0268432087780467
214.32,0.0266983661683433
214.33,0.0265561666808686
214.34,0.0264165602340131
214.35,0.0262794979514126
214.36,0.0261449320525459
214.37,0.0260128160411292
214.38,0.0258831041374541
214.39,0.0257557516642139
214.4,0.0256307149100197
214.41,0.0255079513526314
214.42,0.0253874191308079
214.43,0.025269077372477
214.44,0.0251528860854867
214.45,0.0250388063127636
214.46,0.0249267998093891
214.47,0.0248168291397338
214.48,0.0247088576937157
214.49,0.0246028498281422
214.5,0.0244987705972744
214.51,0.0243965856758842
214.52,0.0242962615391789
214.53,0.024197765366341
214.54,0.0241010652632923
214.55,0.0240061299114715
214.56,0.0239129285147013
214.57,0.023821431008625
214.58,0.0237316079535506
214.59,0.0236434307850886
214.6,0.0235568714134723
214.61,0.0234719022074995
214.62,0.0233884962012989
214.63,0.0233066269881506
214.64,0.0232262689328544
214.65,0.0231473968171111
214.66,0.0230699858559952
214.67,0.022994011849632
214.68,0.0229194510986845
214.69,0.0228462805732208
214.7,0.0227744776166001
214.71,0.0227040199805621
214.72,0.0226348859276535
214.73,0.0225670541668007
214.74,0.0225005040062864
214.75,0.0224352150768551
214.76,0.0223711673835701
214.77,0.0223083413833652
214.78,0.0222467179308842
214.79,0.0221862784342357
214.8,0.0221270045685429
214.81,0.0220688783488419
214.82,0.0220118821951077
214.83,0.0219559988829448
214.84,0.0219012117001193
214.85,0.0218475041541218
214.86,0.0217948600642542
214.87,0.0217432636138265
214.88,0.0216926993059394
214.89,0.0216431520773838
214.9,0.0215946070758554
214.91,0.0215470497390927
214.92,0.0215004658221047
214.93,0.0214548413656685
214.94,0.0214101628497154
214.95,0.0213664168753805
214.96,0.0213235903137189
214.97,0.0212816703265489
214.98,0.0212406443300639
214.99,0.0212004999920558
215,0.0211612255063478
215.01,0.0211228089263433
215.02,0.0210852386833345
215.03,0.0210485034380171
215.04,0.0210125920738694
215.05,0.0209774937426491
215.06,0.0209431979642897
215.07,0.0209096941998662
215.08,0.0208769722274931
215.09,0.0208450220269541
215.1,0.0208138337739505
215.11,0.0207833979280724
215.12,0.0207537051633847
215.13,0.0207247461887595
215.14,0.020696511969104
215.15,0.020668993647108
215.16,0.0206421825382494
215.17,0.0206160702601802
215.18,0.0205906485058705
215.19,0.0205659090876461
215.2,0.0205418440210632
215.21,0.0205184454792157
215.22,0.0204957057884233
215.23,0.0204736175478367
215.24,0.0204521733584031
215.25,0.0204313660060997
215.26,0.0204111884265232
215.27,0.0203916336933299
215.28,0.020372695027895
215.29,0.0203543658784129
215.3,0.0203366396808122
215.31,0.0203195100539557
215.32,0.0203029707409161
215.33,0.0202870156055078
215.34,0.0202716386924738
215.35,0.0202568342271889
215.36,0.0202425963774588
215.37,0.0202289195028196
215.38,0.0202157980737702
215.39,0.0202032266688141
215.4,0.0201911999884165
215.41,0.0201797129525283
215.42,0.0201687604029645
215.43,0.0201583373544004
215.44,0.0201484389202111
215.45,0.0201390603098892
215.46,0.0201301968264624
215.47,0.0201218439922525
215.48,0.0201139972633315
215.49,0.0201066522295796
215.5,0.0200998045774202
215.51,0.0200934500792406
215.52,0.0200875845911566
215.53,0.0200822041006932
215.54,0.0200773046391363
215.55,0.0200728823004491
215.56,0.0200689332720501
215.57,0.0200654538168183
215.58,0.02006244027105
215.59,0.0200598891143342
215.6,0.0200577969136683
215.61,0.020056160190205
215.62,0.0200549755949731
215.63,0.0200542398487625
215.64,0.0200539497405221
215.65,0.020054102136154
215.66,0.0200546939975826
215.67,0.0200557222958095
215.68,0.0200571840883997
215.69,0.0200590764949972
215.7,0.0200613966958536
215.71,0.0200641419308964
215.72,0.0200673095390952
215.73,0.0200708968598915
215.74,0.0200749013103289
215.75,0.0200793203621934
215.76,0.020084151540646
215.77,0.0200893924228536
215.78,0.0200950407269132
215.79,0.0201010941331849
215.8,0.0201075503745012
215.81,0.0201144072515339
215.82,0.0201216626146055
215.83,0.0201293143626141
215.84,0.0201373604897345
215.85,0.020145799018979
215.86,0.0201546279769719
215.87,0.0201638454640463
215.88,0.0201734496263001
215.89,0.0201834386546782
215.9,0.0201938107840541
215.91,0.0202045642853543
215.92,0.0202156974763252
215.93,0.0202272087189335
215.94,0.0202390964123562
215.95,0.0202513589947921
215.96,0.0202639949425242
215.97,0.0202770027689826
215.98,0.0202903810722413
215.99,0.0203041284486525
216,0.0203182435225153
216.01,0.020332724966658
216.02,0.0203475714897138
216.03,0.0203627818362285
216.04,0.0203783548772914
216.05,0.0203942893995609
216.06,0.02041058427138
216.07,0.0204272383975548
216.08,0.0204442507189621
216.09,0.0204616201964829
216.1,0.0204793457904809
216.11,0.0204974265592757
216.12,0.0205158615657724
216.13,0.0205346499038199
216.14,0.0205537906975883
216.15,0.0205732831021886
216.16,0.0205931263016298
216.17,0.0206133195072232
216.18,0.0206338619589036
216.19,0.0206547529239329
216.2,0.0206759916962856
216.21,0.0206975776560887
216.22,0.0207195101499656
216.23,0.0207417885583372
216.24,0.0207644122977344
216.25,0.0207873808119198
216.26,0.0208106935732163
216.27,0.0208343500985154
216.28,0.0208583499059724
216.29,0.0208826925501674
216.3,0.0209073776120676
216.31,0.0209324046987349
216.32,0.0209577734370836
216.33,0.0209834834732333
216.34,0.0210095344931815
216.35,0.0210359262003067
216.36,0.0210626583217443
216.37,0.0210897306080306
216.38,0.0211171428152366
216.39,0.0211448947507221
216.4,0.0211729862514409
216.41,0.0212014171704394
216.42,0.0212301873859348
216.43,0.0212592968013142
216.44,0.02128874533411
216.45,0.0213185328144277
216.46,0.0213486592788008
216.47,0.0213791247139925
216.48,0.0214099291304224
216.49,0.0214410725621658
216.5,0.0214725550669546
216.51,0.0215043766642
216.52,0.0215365374200845
216.53,0.0215690374868399
216.54,0.0216018770003845
216.55,0.0216350561189091
216.56,0.0216685750228759
216.57,0.0217024339150199
216.58,0.0217366329183899
216.59,0.0217711723264205
216.6,0.0218060523962782
216.61,0.0218412734060214
216.62,0.021876835654863
216.63,0.021912739463172
216.64,0.0219489851246005
216.65,0.0219855729450521
216.66,0.022022503338859
216.67,0.0220597766950456
216.68,0.0220973934224347
216.69,0.0221353539496488
216.7,0.0221736587251093
216.71,0.0222123081749914
216.72,0.0222513027998273
216.73,0.0222906431053808
216.74,0.0223303296128169
216.75,0.0223703628625721
216.76,0.0224107434143542
216.77,0.0224514718214678
216.78,0.0224925486350339
216.79,0.0225339745057843
216.8,0.0225757500635086
216.81,0.0226178759567772
216.82,0.0226603528529417
216.83,0.0227031814381348
216.84,0.02274636241727
216.85,0.0227898965116029
216.86,0.0228337843978624
216.87,0.0228780268753033
216.88,0.0229226247184588
216.89,0.0229675787202496
216.9,0.0230128896919839
216.91,0.0230585584633574
216.92,0.0231045858824534
216.93,0.0231509728157421
216.94,0.0231977200282695
216.95,0.0232448284403297
216.96,0.0232922989933766
216.97,0.0233401326133341
216.98,0.023388330243554
216.99,0.0234368928448157
217,0.023485821395327
217.01,0.0235351168907238
217.02,0.0235847803329968
217.03,0.023634812741958
217.04,0.0236852151743551
217.05,0.0237359886932747
217.06,0.0237871343790734
217.07,0.0238386533293794
217.08,0.0238905466590916
217.09,0.0239428155003798
217.1,0.023995460998372
217.11,0.0240484842920313
217.12,0.0241018865822019
217.13,0.0241556690673966
217.14,0.0242098329632044
217.15,0.024264379502291
217.16,0.0243193099343981
217.17,0.0243746255263445
217.18,0.0244303275620245
217.19,0.0244864173739605
217.2,0.0245428962690731
217.21,0.024599765581069
217.22,0.0246570266653461
217.23,0.0247146808945955
217.24,0.0247727296587995
217.25,0.0248311743652339
217.26,0.0248900164384668
217.27,0.0249492573037269
217.28,0.0250088984147229
217.29,0.0250689412571991
217.3,0.0251293873230005
217.31,0.0251902381211514
217.32,0.0252514951778575
217.33,0.0253131600365044
217.34,0.0253752342576584
217.35,0.0254377194190657
217.36,0.0255006171156536
217.37,0.0255639290272517
217.38,0.0256276567802952
217.39,0.0256918019993532
217.4,0.0257563663543807
217.41,0.0258213515328842
217.42,0.0258867592399222
217.43,0.025952591198103
217.44,0.0260188491475878
217.45,0.0260855348460887
217.46,0.0261526500688693
217.47,0.0262201967067606
217.48,0.0262881765403162
217.49,0.0263565913821614
217.5,0.0264254430854578
217.51,0.0264947335213676
217.52,0.026564464579054
217.53,0.0266346381656811
217.54,0.0267052562064137
217.55,0.0267763206444182
217.56,0.0268478334408605
217.57,0.0269197966900634
217.58,0.0269922123316401
217.59,0.0270650823771976
217.6,0.0271384088676886
217.61,0.027212193862519
217.62,0.0272864394395459
217.63,0.0273611476950804
217.64,0.0274363207438859
217.65,0.0275119607191785
217.66,0.0275880697749488
217.67,0.0276646502969292
217.68,0.0277417043356403
217.69,0.0278192341105182
217.7,0.0278972418602102
217.71,0.0279757298425759
217.72,0.0280547003346871
217.73,0.0281341556328277
217.74,0.0282140980524924
217.75,0.0282945299283895
217.76,0.0283754536456638
217.77,0.0284568718145809
217.78,0.0285387866655323
217.79,0.0286212006264363
217.8,0.0287041161454179
217.81,0.0287875356908071
217.82,0.0288714617511417
217.83,0.0289558968351654
217.84,0.0290408434718283
217.85,0.0291263042102869
217.86,0.0292122816905541
217.87,0.0292987787189294
217.88,0.0293857977350786
217.89,0.029473341385807
217.9,0.0295614123390842
217.91,0.0296500132840448
217.92,0.0297391469309883
217.93,0.0298288160113775
217.94,0.0299190232778412
217.95,0.0300097715041725
217.96,0.030101063485329
217.97,0.0301929023217984
217.98,0.0302852908097787
217.99,0.0303782317252634
218,0.0304717279701051
218.01,0.030565782468555
218.02,0.0306603981672632
218.03,0.0307555780352792
218.04,0.0308513250640512
218.05,0.0309476422674273
218.06,0.0310445326816529
218.07,0.0311419994353816
218.08,0.0312400460145479
218.09,0.0313386752287651
218.1,0.0314378902300365
218.11,0.0315376941942631
218.12,0.0316380903212404
218.13,0.0317390818346623
218.14,0.0318406719821186
218.15,0.0319428640350958
218.16,0.0320456612889768
218.17,0.0321490670630419
218.18,0.0322530850329739
218.19,0.0323577185972728
218.2,0.0324629709980243
218.21,0.032568845680032
218.22,0.0326753461136659
218.23,0.0327824757948633
218.24,0.0328902382451262
218.25,0.032998637011525
218.26,0.0331076756666959
218.27,0.0332173578088419
218.28,0.0333276870996976
218.29,0.0334386677672735
218.3,0.0335503030905677
218.31,0.0336625968021699
218.32,0.0337755526620862
218.33,0.0338891744577362
218.34,0.034003466003954
218.35,0.0341184311429881
218.36,0.034234073744502
218.37,0.0343503977055715
218.38,0.0344674069506888
218.39,0.0345851057815079
218.4,0.0347034983212299
218.41,0.0348225883468602
218.42,0.0349423799295398
218.43,0.0350628771698955
218.44,0.0351840841980439
218.45,0.0353060051735888
218.46,0.0354286442856217
218.47,0.0355520057527218
218.48,0.0356760938229568
218.49,0.0358009127738803
218.5,0.0359264675592893
218.51,0.0360527621333746
218.52,0.0361798009013796
218.53,0.036307588312019
218.54,0.0364361288485552
218.55,0.0365654270290072
218.56,0.0366954874063554
218.57,0.0368263145687543
218.58,0.0369579131397378
218.59,0.0370902877784278
218.6,0.0372234431797426
218.61,0.0373573840746052
218.62,0.0374921152786264
218.63,0.0376276417664835
218.64,0.037763968243595
218.65,0.037901099600324
218.66,0.0380390407651978
218.67,0.038177796705158
218.68,0.0383173724258051
218.69,0.0384577729716522
218.7,0.0385990034263699
218.71,0.0387410689130357
218.72,0.0388839745943827
218.73,0.0390277256730484
218.74,0.0391723273918203
218.75,0.039317785097093
218.76,0.0394641041597379
218.77,0.0396112898873806
218.78,0.0397593476941271
218.79,0.039908283036161
218.8,0.040058101412017
218.81,0.0402088083628502
218.82,0.040360409472714
218.83,0.04051291036883
218.84,0.0406663167218612
218.85,0.0408206342461853
218.86,0.040975868700168
218.87,0.0411320258864327
218.88,0.0412891117830123
218.89,0.0414471322634726
218.9,0.0416060932246371
218.91,0.041766000659912
218.92,0.0419268606092335
218.93,0.0420886791593688
218.94,0.0422514624442267
218.95,0.0424152166451587
218.96,0.0425799479912651
218.97,0.0427456627596996
218.98,0.0429123672759754
218.99,0.0430800679142662
219,0.0432487710977167
219.01,0.0434184835474515
219.02,0.0435892116422451
219.03,0.0437609619505788
219.04,0.0439337411098412
219.05,0.0441075558091602
219.06,0.0442824127897475
219.07,0.0444583188452533
219.08,0.0446352808221109
219.09,0.0448133056198868
219.1,0.0449924001916289
219.11,0.0451725715442163
219.12,0.045353826738704
219.13,0.0455361729321612
219.14,0.0457196175250538
219.15,0.0459041675714668
219.16,0.0460898303684339
219.17,0.0462766132702398
219.18,0.0464645236888126
219.19,0.0466535690941265
219.2,0.0468437570145945
219.21,0.0470350950374662
219.22,0.0472275908092238
219.23,0.0474212520359805
219.24,0.0476160864838724
219.25,0.0478121019794618
219.26,0.048009306522088
219.27,0.0482077081874878
219.28,0.0484073148551771
219.29,0.048608134614222
219.3,0.0488101756174989
219.31,0.0490134460821356
219.32,0.0492179542899661
219.33,0.049423708587972
219.34,0.0496307173887312
219.35,0.0498389891708642
219.36,0.0500485324794824
219.37,0.0502593559266303
219.38,0.0504714681917391
219.39,0.0506848782694257
219.4,0.0508995949713469
219.41,0.0511156270737053
219.42,0.0513329835490242
219.43,0.0515516734408908
219.44,0.0517717058644583
219.45,0.0519930900069349
219.46,0.0522158351280799
219.47,0.0524399505606978
219.48,0.052665445711134
219.49,0.0528923300597645
219.5,0.0531206131614973
219.51,0.0533503046462622
219.52,0.0535814142195062
219.53,0.0538139520691825
219.54,0.0540479279754886
219.55,0.0542833517458889
219.56,0.0545202334210938
219.57,0.0547585831219469
219.58,0.0549984110499847
219.59,0.0552397274880016
219.6,0.055482542800615
219.61,0.0557268674348305
219.62,0.0559727119206014
219.63,0.056220086871401
219.64,0.0564690029847816
219.65,0.0567194710429405
219.66,0.0569715019132839
219.67,0.0572251071123637
219.68,0.057480297490134
219.69,0.0577370840536859
219.7,0.057995478052494
219.71,0.0582554908267521
219.72,0.0585171338080262
219.73,0.0587804185199076
219.74,0.0590453565786595
219.75,0.0593119596938776
219.76,0.0595802396691369
219.77,0.0598502084026453
219.78,0.0601218778878955
219.79,0.0603952602143172
219.8,0.0606703675679313
219.81,0.0609472129263135
219.82,0.0612258083522818
219.83,0.0615061662379177
219.84,0.0617882992022845
219.85,0.0620722199673213
219.86,0.0623579413585958
219.87,0.0626454763060482
219.88,0.0629348378447521
219.89,0.0632260391156581
219.9,0.0635190933663472
219.91,0.0638140139517807
219.92,0.0641108143350529
219.93,0.0644095080881353
219.94,0.0647101088926373
219.95,0.0650126313959983
219.96,0.0653170890201588
219.97,0.0656234957346274
219.98,0.0659318657126632
219.99,0.0662422132443335
220,0.0665545527373863
220.01,0.0668688987181053
220.02,0.067185265832174
220.03,0.0675036688455378
220.04,0.0678241226452661
220.05,0.0681466422404164
220.06,0.068471242762889
220.07,0.0687979394683003
220.08,0.0691267477368374
220.09,0.0694576838666312
220.1,0.0697907630226512
220.11,0.0701260009887551
220.12,0.0704634137094472
220.13,0.0708030172632156
220.14,0.0711448278635824
220.15,0.0714888618601623
220.16,0.0718351357397209
220.17,0.072183666127234
220.18,0.0725344697869367
220.19,0.0728875636233935
220.2,0.0732429648753936
220.21,0.0736006909537057
220.22,0.0739607589810726
220.23,0.0743231864690806
220.24,0.074687991078128
220.25,0.0750551906186204
220.26,0.0754248030521457
220.27,0.0757968464926594
220.28,0.0761713392076676
220.29,0.0765482996194104
220.3,0.076927746306047
220.31,0.0773096980028307
220.32,0.0776941740498458
220.33,0.0780811933165081
220.34,0.0784707749794332
220.35,0.0788629384514427
220.36,0.0792577033117087
220.37,0.0796550893070569
220.38,0.0800551163532913
220.39,0.0804578045364968
220.4,0.0808631741143529
220.41,0.0812712455174456
220.42,0.081682039350581
220.43,0.0820955765155522
220.44,0.0825118782919589
220.45,0.0829309656131449
220.46,0.0833528598453414
220.47,0.0837775825413615
220.48,0.0842051554421941
220.49,0.0846356004785855
220.5,0.0850689397726451
220.51,0.0855051956394276
220.52,0.0859443906006497
220.53,0.086386547670684
220.54,0.0868316895811661
220.55,0.087279839467226
220.56,0.0877310206685978
220.57,0.0881852567314075
220.58,0.0886425714099348
220.59,0.0891029886683874
220.6,0.0895665326826736
220.61,0.0900332278421766
220.62,0.0905030989647075
220.63,0.0909761708173603
220.64,0.091452468427107
220.65,0.0919320170844016
220.66,0.092414842305251
220.67,0.0929009698331412
220.68,0.0933904256409494
220.69,0.0938832359328845
220.7,0.0943794271463993
220.71,0.0948790260932922
220.72,0.0953820597553953
220.73,0.0958885552406865
220.74,0.0963985399811693
220.75,0.0969120416573233
220.76,0.0974290882003331
220.77,0.0979497077943313
220.78,0.0984739288810943
220.79,0.0990017803446774
220.8,0.0995332910573375
220.81,0.100068490265242
220.82,0.100607407482557
220.83,0.101150072493901
220.84,0.10169651535681
220.85,0.102246766404205
220.86,0.102800856314799
220.87,0.103358816055094
220.88,0.10392067676091
220.89,0.104486469917821
220.9,0.10505622730264
220.91,0.105629980986086
220.92,0.106207763335453
220.93,0.106789607017259
220.94,0.107375545189751
220.95,0.107965611069447
220.96,0.108559838251163
220.97,0.109158260660569
220.98,0.109760912540499
220.99,0.110367828453861
221,0.110979043286578
221.01,0.111594592328076
221.02,0.112214511283365
221.03,0.112838835946281
221.04,0.11346760256553
221.05,0.114100847733034
221.06,0.114738608387146
221.07,0.115380921815922
221.08,0.116027825660344
221.09,0.116679358383643
221.1,0.117335558217497
221.11,0.11799646375965
221.12,0.11866211405807
221.13,0.119332548504252
221.14,0.120007806833193
221.15,0.120687929123408
221.16,0.121372958049183
221.17,0.122062933586479
221.18,0.122757896954084
221.19,0.123457889912907
221.2,0.124162954591619
221.21,0.124873133486659
221.22,0.125588469556899
221.23,0.126309008924093
221.24,0.127034793783898
221.25,0.127765868446678
221.26,0.128502277619508
221.27,0.129244066406178
221.28,0.129991280307193
221.29,0.130743965713819
221.3,0.13150217178405
221.31,0.132265943764575
221.32,0.133035329151441
221.33,0.133810375871538
221.34,0.134591132282599
221.35,0.135377647173202
221.36,0.136169970743138
221.37,0.136968155113115
221.38,0.137772249048016
221.39,0.138582303508441
221.4,0.139398369922898
221.41,0.140220500187801
221.42,0.141048746667473
221.43,0.141883163762111
221.44,0.142723806690658
221.45,0.143570728097848
221.46,0.144423982708784
221.47,0.145283625756452
221.48,0.146149712981723
221.49,0.147022300633339
221.5,0.147901447795798
221.51,0.148787212963217
221.52,0.149679653024612
221.53,0.15057882680539
221.54,0.151484793682915
221.55,0.152397613586518
221.56,0.153317346997479
221.57,0.154244058262329
221.58,0.155177809276814
221.59,0.156118661620445
221.6,0.157066678598167
221.61,0.158021924116172
221.62,0.158984462681866
221.63,0.159954359403908
221.64,0.160931684460386
221.65,0.161916503251474
221.66,0.162908882586281
221.67,0.163908890662042
221.68,0.164916596331343
221.69,0.165932069102156
221.7,0.166955379137816
221.71,0.167986603819493
221.72,0.169025811692419
221.73,0.17007307535798
221.74,0.171128468369308
221.75,0.172192064992729
221.76,0.173263940207738
221.77,0.174344169707006
221.78,0.175432835669053
221.79,0.176530015016706
221.8,0.177635784776414
221.81,0.178750224407854
221.82,0.179873414153864
221.83,0.181005435040422
221.84,0.182146368876646
221.85,0.183296302638552
221.86,0.184455322935166
221.87,0.185623511588039
221.88,0.186800954575935
221.89,0.187987738741498
221.9,0.18918395179126
221.91,0.190389682295642
221.92,0.191605022293339
221.93,0.192830069158479
221.94,0.194064910047245
221.95,0.195309638128486
221.96,0.1965643475255
221.97,0.197829133316035
221.98,0.199104091532294
221.99,0.200389319746577
222,0.201684927222166
222.01,0.202991007025669
222.02,0.20430766026361
222.03,0.205634989098325
222.04,0.206973096747967
222.05,0.208322087486507
222.06,0.209682066643709
222.07,0.211053148808537
222.08,0.212435440314419
222.09,0.213829049975886
222.1,0.215234089001255
222.11,0.216650669802167
222.12,0.218078905993552
222.13,0.219518919116687
222.14,0.220970823370691
222.15,0.222434736619057
222.16,0.223910778515306
222.17,0.225399070024728
222.18,0.226899733424357
222.19,0.228412899501451
222.2,0.229938690374892
222.21,0.231477233286165
222.22,0.233028656952876
222.23,0.234593091509336
222.24,0.236170668944119
222.25,0.237761530445928
222.26,0.239365807082791
222.27,0.240983635976195
222.28,0.242615155790656
222.29,0.244260506733732
222.3,0.245919831720766
222.31,0.247593283065317
222.32,0.249281001944138
222.33,0.25098313633264
222.34,0.252699835900851
222.35,0.254431252013414
222.36,0.25617753978308
222.37,0.257938863062746
222.38,0.259715374584462
222.39,0.261507234291
222.4,0.26331460398947
222.41,0.265137647351326
222.42,0.266976532331053
222.43,0.268831433747408
222.44,0.270702518933591
222.45,0.272589961533436
222.46,0.27449393747482
222.47,0.276414624999242
222.48,0.278352204691402
222.49,0.28030686112569
222.5,0.282278780700305
222.51,0.284268150863131
222.52,0.286275162504899
222.53,0.288300009100899
222.54,0.290342886746393
222.55,0.292403994192039
222.56,0.29448353445347
222.57,0.296581711487419
222.58,0.298698732360259
222.59,0.300834807199463
222.6,0.302990149022511
222.61,0.30516497377585
222.62,0.307359500611633
222.63,0.309573953622129
222.64,0.311808556954921
222.65,0.314063539123885
222.66,0.316339131836863
222.67,0.31863557003913
222.68,0.320953091956802
222.69,0.323291940342875
222.7,0.325652362094498
222.71,0.328034604823321
222.72,0.330438921006539
222.73,0.332865566722551
222.74,0.335314801700867
222.75,0.337786889372147
222.76,0.340282099492186
222.77,0.34280070373491
222.78,0.345342976757025
222.79,0.347909198134709
222.8,0.350499651517431
222.81,0.353114624685441
222.82,0.355754409607405
222.83,0.358419306577056
222.84,0.361109614831279
222.85,0.363825639890851
222.86,0.366567691962496
222.87,0.369336085858382
222.88,0.372131141061653
222.89,0.374953182656484
222.9,0.377802543226955
222.91,0.380679555329647
222.92,0.383584558674279
222.93,0.386517898102569
222.94,0.389479923662312
222.95,0.39247099068129
222.96,0.395491462255342
222.97,0.398541706758036
222.98,0.401622095013872
222.99,0.404733005291327
223,0.40787482166816
223.01,0.411047934115307
223.02,0.414252738580862
223.03,0.41748964167953
223.04,0.420759051546124
223.05,0.424061382733124
223.06,0.42739705721723
223.07,0.430766503556819
223.08,0.434170156987216
223.09,0.43760845982116
223.1,0.441081867161458
223.11,0.444590832487106
223.12,0.448135819917621
223.13,0.45171730091322
223.14,0.455335754382137
223.15,0.45899166678804
223.16,0.462685534233212
223.17,0.466417863112573
223.18,0.470189161544896
223.19,0.473999948655091
223.2,0.477850751864525
223.21,0.481742107011367
223.22,0.485674558470916
223.23,0.489648663796351
223.24,0.493664986944464
223.25,0.497724097953669
223.26,0.501826578196727
223.27,0.505973018425674
223.28,0.510164018907121
223.29,0.514400189557555
223.3,0.518682156944323
223.31,0.523010549231972
223.32,0.52738600690574
223.33,0.531809181488643
223.34,0.536280735066623
223.35,0.540801340438332
223.36,0.54537168196277
223.37,0.549992458726433
223.38,0.554664374904764
223.39,0.559388148643175
223.4,0.564164509699929
223.41,0.568994199605614
223.42,0.573877971822633
223.43,0.578816593322178
223.44,0.583810843775835
223.45,0.588861512729895
223.46,0.593969403700841
223.47,0.599135333042761
223.48,0.604360130113676
223.49,0.609644637441714
223.5,0.614989713840135
223.51,0.620396229112907
223.52,0.625865066230986
223.53,0.6313971229664
223.54,0.636993311223287
223.55,0.64265455721229
223.56,0.648381801624795
223.57,0.654175999081625
223.58,0.660038119930572
223.59,0.665969149155311
223.6,0.671970086880042
223.61,0.678041948542365
223.62,0.684185761968307
223.63,0.690402570207931
223.64,0.696693435902619
223.65,0.70305943533487
223.66,0.709501660585779
223.67,0.716021219441245
223.68,0.72261922415885
223.69,0.729296817882558
223.7,0.736055154020977
223.71,0.742895401893097
223.72,0.749818746825454
223.73,0.756826383155096
223.74,0.763919521545687
223.75,0.771099396190977
223.76,0.778367252850901
223.77,0.785724352979811
223.78,0.793171972850445
223.79,0.800711384415425
223.8,0.80834390131919
223.81,0.816070842134775
223.82,0.82389354021299
223.83,0.831813343635312
223.84,0.839831597989866
223.85,0.847949666221972
223.86,0.856168940358499
223.87,0.86449081651798
223.88,0.87291670349873
223.89,0.881448019436586
223.9,0.890086151991309
223.91,0.898832557373202
223.92,0.907688679649325
223.93,0.916655972168513
223.94,0.925735897189752
223.95,0.934929891920479
223.96,0.944239411310739
223.97,0.953665941128895
223.98,0.963210956318857
223.99,0.972875935529944
224,0.98266235345053
224.01,0.992571620933495
224.02,1.00260524035679
224.03,1.01276467649928
224.04,1.02305139065268
224.05,1.03346683968986
224.06,1.04401241820645
224.07,1.05468953727595
224.08,1.06549963162162
224.09,1.07644410025866
224.1,1.0875243277733
224.11,1.09874166958754
224.12,1.11009737075935
224.13,1.12159278778322
224.14,1.13322920036898
224.15,1.14500786101252
224.16,1.15692999320109
224.17,1.16899670949385
224.18,1.18120913024667
224.19,1.19356837441529
224.2,1.20607549027975
224.21,1.21873148101039
224.22,1.23153728346599
224.23,1.24449368404046
224.24,1.25760156188346
224.25,1.27086167710969
224.26,1.28427472599366
224.27,1.2978413381091
224.28,1.31156201196052
224.29,1.3254371975167
224.3,1.33946728740585
224.31,1.35365257048655
224.32,1.3679932415275
224.33,1.38248937545108
224.34,1.39714098086442
224.35,1.41194795059423
224.36,1.42691006985744
224.37,1.44202700932298
224.38,1.45729832485611
224.39,1.47272345453858
224.4,1.48830171170745
224.41,1.50403228224785
224.42,1.51991422212505
224.43,1.53594644996223
224.44,1.55212774581676
224.45,1.56845674654723
224.46,1.58493195295983
224.47,1.60155171510537
224.48,1.61831421979091
224.49,1.63521750172203
224.5,1.65225943727066
224.51,1.66943779611907
224.52,1.68675011527196
224.53,1.70419378853923
224.54,1.72176603929357
224.55,1.73946396346114
224.56,1.75728449372153
224.57,1.77522433432573
224.58,1.79328004037311
224.59,1.81144799010936
224.6,1.82972451932422
224.61,1.84810563298395
224.62,1.86658721659402
224.63,1.88516498039192
224.64,1.90383451954967
224.65,1.92259128984723
224.66,1.94143048130265
224.67,1.96034715855948
224.68,1.97933621839614
224.69,1.99839255306749
224.7,2.01751072354517
224.71,2.03668518488871
224.72,2.05591024418191
224.73,2.07518011716573
224.74,2.09448893200451
224.75,2.11383055418138
224.76,2.13319876737402
224.77,2.1525872241478
224.78,2.17198960321675
224.79,2.1913993186947
224.8,2.21080970322452
224.81,2.23021399567616
224.82,2.24960538123261
224.83,2.26897702287516
224.84,2.28832187448664
224.85,2.30763286502189
224.86,2.32690285311653
224.87,2.34612472014887
224.88,2.36529123944222
224.89,2.38439514322154
224.9,2.40342914363662
224.91,2.42238595487632
224.92,2.44125824750066
224.93,2.46003869484031
224.94,2.47871997566138
224.95,2.49729478353034
224.96,2.5157558204517
224.97,2.53409581751117
224.98,2.55230756072095
224.99,2.57038387245399
225,2.58831762104267
225.01,2.60610174176986
225.02,2.62372927162178
225.03,2.64119329834964
225.04,2.65848701115935
225.05,2.67560370100613
225.06,2.69253677237109
225.07,2.70927974304694
225.08,2.72582626054802
225.09,2.74217010157068
225.1,2.75830518695564
225.11,2.77422559648493
225.12,2.78992556880595
225.13,2.80539949015617
225.14,2.8206419433923
225.15,2.83564769279922
225.16,2.85041169461668
225.17,2.86492906305302
225.18,2.87919516251399
225.19,2.89320555724195
225.2,2.90695603001041
225.21,2.92044253517566
225.22,2.93366131950389
225.23,2.9466088470456
225.24,2.95928181844133
225.25,2.97167711011561
225.26,2.98379193310739
225.27,2.99562372511668
225.28,3.00717016797806
225.29,3.01842912397851
225.3,3.02939881880822
225.31,3.04007770792793
225.32,3.05046448863304
225.33,3.06055804748932
225.34,3.07035764317599
225.35,3.07986276289867
225.36,3.089073123814
225.37,3.09798864091067
225.38,3.10660959376825
225.39,3.11493648334808
225.4,3.12297001887205
225.41,3.13071111289698
225.42,3.13816102133956
225.43,3.14532120724392
225.44,3.15219331227164
225.45,3.158779183853
225.46,3.1650809764845
225.47,3.17110103155989
225.48,3.1768418358035
225.49,3.18230607921644
225.5,3.18749670860113
225.51,3.19241683322829
225.52,3.1970696749575
225.53,3.2014586474132
225.54,3.20558736276211
225.55,3.20945956783317
225.56,3.21307909256772
225.57,3.21644993485191
225.58,3.21957623221288
225.59,3.22246222599988
225.6,3.22511221341491
225.61,3.22753062729189
225.62,3.22972198631922
225.63,3.23169087998954
225.64,3.23344194230667
225.65,3.23497987379512
225.66,3.23630943278752
225.67,3.2374354094612
225.68,3.23836262616876
225.69,3.23909592628046
225.7,3.23964016156642
225.71,3.24000018782496
225.72,3.24018087196576
225.73,3.24018708799229
225.74,3.24002365286251
225.75,3.23969537048319
225.76,3.23920702705513
225.77,3.23856342428754
225.78,3.23776923990528
225.79,3.23682912846826
225.8,3.23574769541348
225.81,3.2345295746908
225.82,3.23317922475136
225.83,3.23170107217454
225.84,3.23009946692788
225.85,3.22837879329181
225.86,3.22654323078992
225.87,3.22459691676989
225.88,3.22254390028495
225.89,3.22038821356287
225.9,3.21813375452586
225.91,3.21578433273438
225.92,3.21334368870951
225.93,3.21081548777161
225.94,3.20820328187708
225.95,3.20551054071592
225.96,3.20274065894258
225.97,3.19989692046128
225.98,3.19698252033787
225.99,3.19400057990907
226,3.19095412404337
226.01,3.18784607330736
226.02,3.18467926946828
226.03,3.18145649189163
226.04,3.17818039750748
226.05,3.17485356690185
226.06,3.17147851666645
226.07,3.16805766202692
226.08,3.16459333809856
226.09,3.16108780299027
226.1,3.15754323694596
226.11,3.15396173698675
226.12,3.15034532496075
226.13,3.14669595470584
226.14,3.14301549631206
226.15,3.13930574962719
226.16,3.13556844837442
226.17,3.1318052663802
226.18,3.12801779542806
226.19,3.12420756704261
226.2,3.12037605593495
226.21,3.11652467471324
226.22,3.11265477147706
226.23,3.10876763897826
226.24,3.10486451496471
226.25,3.10094658212375
226.26,3.09701497079191
226.27,3.09307076018311
226.28,3.08911497646152
226.29,3.08514860233734
226.3,3.08117257290087
226.31,3.0771877774955
226.32,3.07319506060692
226.33,3.0691952278533
226.34,3.06518904373519
226.35,3.06117723212086
226.36,3.05716048000612
226.37,3.0531394399128
226.38,3.04911472949837
226.39,3.04508692769079
226.4,3.04105658720376
226.41,3.03702422934039
226.42,3.03299034619708
226.43,3.02895539374635
226.44,3.02491980841147
226.45,3.02088400023395
226.46,3.01684835425121
226.47,3.01281322184327
226.48,3.00877893974637
226.49,3.00474582307479
226.5,3.00071416516285
226.51,2.99668423165329
226.52,2.99265627463087
226.53,2.98863052894298
226.54,2.98460721102489
226.55,2.98058651508209
226.56,2.97656862300451
226.57,2.972553703148
226.58,2.96854190869033
226.59,2.96453337375722
226.6,2.96052822230237
226.61,2.95652656825057
226.62,2.95252851278524
226.63,2.94853414060132
226.64,2.94454352787689
226.65,2.94055674387094
226.66,2.93657384696554
226.67,2.9325948813236
226.68,2.92861988450171
226.69,2.92464888984497
226.7,2.92068192144526
226.71,2.91671899578888
226.72,2.91276011327067
226.73,2.90880528063678
226.74,2.90485449451893
226.75,2.90090774641841
226.76,2.89696501715447
226.77,2.89302628377742
226.78,2.88909152382447
226.79,2.88516070831645
226.8,2.88123380416186
226.81,2.87731076639337
226.82,2.87339155725632
226.83,2.86947613228079
226.84,2.86556444435664
226.85,2.86165644038213
226.86,2.85775206488318
226.87,2.85385126398781
226.88,2.8499539801859
226.89,2.84606015421384
226.9,2.84216971905022
226.91,2.83828261394048
226.92,2.8343987742843
226.93,2.83051813455401
226.94,2.82664062580373
226.95,2.82276617777972
226.96,2.81889472295562
226.97,2.81502619180665
226.98,2.81116051451011
226.99,2.80729761498585
227,2.80343742463168
227.01,2.79957987209437
227.02,2.79572488616465
227.03,2.79187239594343
227.04,2.78802232503519
227.05,2.78417460417417
227.06,2.78032916260908
227.07,2.77648592991592
227.08,2.77264483637578
227.09,2.76880580673042
227.1,2.76496877284463
227.11,2.76113366616599
227.12,2.75730041829944
227.13,2.75346896170848
227.14,2.74963922633961
227.15,2.74581114604284
227.16,2.7419846555655
227.17,2.73815969005635
227.18,2.73433618568415
227.19,2.73051407743892
227.2,2.72669330296317
227.21,2.72287380141973
227.22,2.71905551253966
227.23,2.71523837720065
227.24,2.71142233600593
227.25,2.70760733148881
227.26,2.70379330802328
227.27,2.69998021072005
227.28,2.69616798593729
227.29,2.69235657915312
227.3,2.6885459376497
227.31,2.68473601148481
227.32,2.68092675095191
227.33,2.67711810752178
227.34,2.67331003362107
227.35,2.66950248287241
227.36,2.66569541037318
227.37,2.66188877230771
227.38,2.65808252609716
227.39,2.65427662971871
227.4,2.65047104209831
227.41,2.64666572446151
227.42,2.64286063872309
227.43,2.63905574799953
227.44,2.63525101556009
227.45,2.63144640507436
227.46,2.62764188365185
227.47,2.62383741844934
227.48,2.62003297771746
227.49,2.61622853079741
227.5,2.61242404858628
227.51,2.60861950279861
227.52,2.60481486604869
227.53,2.60101011222309
227.54,2.59720521631823
227.55,2.59340015443959
227.56,2.5895949018304
227.57,2.58578943713711
227.58,2.58198373935996
227.59,2.57817778840482
227.6,2.57437156518052
227.61,2.57056505141984
227.62,2.56675822902312
227.63,2.56295108210673
227.64,2.5591435952071
227.65,2.55533575377112
227.66,2.55152754414438
227.67,2.54771895351824
227.68,2.54390996993971
227.69,2.54010058238998
227.7,2.53629078066222
227.71,2.53248055538444
227.72,2.52866989800739
227.73,2.5248588008647
227.74,2.52104725703905
227.75,2.51723526038229
227.76,2.5134228055462
227.77,2.50960988794987
227.78,2.50579650376789
227.79,2.50198264967936
227.8,2.49816832338895
227.81,2.49435352321112
227.82,2.49053824815229
227.83,2.48672249790385
227.84,2.48290627279822
227.85,2.47908957371712
227.86,2.47527240236545
227.87,2.47145476100257
227.88,2.46763665250185
227.89,2.46381808033761
227.9,2.45999904864005
227.91,2.45617956212933
227.92,2.45235962599155
227.93,2.44853924601792
227.94,2.44471842854226
227.95,2.44089718042851
227.96,2.43707550900393
227.97,2.43325342214332
227.98,2.42943092821922
227.99,2.42560803606762
228,2.42178475498778
228.01,2.4179610947335
228.02,2.4141370663074
228.03,2.4103126800988
228.04,2.40648794733576
228.05,2.40266287968145
228.06,2.39883748922398
228.07,2.3950117884736
228.08,2.39118579036483
228.09,2.38735950819298
228.1,2.38353295565313
228.11,2.37970614681591
228.12,2.37587909611749
228.13,2.37205181825464
228.14,2.36822432827679
228.15,2.36439664167585
228.16,2.36056877420082
228.17,2.35674074190817
228.18,2.35291256115131
228.19,2.34908424867741
228.2,2.34525582169822
228.21,2.34142729730626
228.22,2.33759869303308
228.23,2.33377002666966
228.24,2.32994131625693
228.25,2.32611258012492
228.26,2.32228383742441
228.27,2.31845510668249
228.28,2.31462640699539
228.29,2.31079775768629
228.3,2.30696917829745
228.31,2.30314068858245
228.32,2.29931230870765
228.33,2.29548405879796
228.34,2.29165595922418
228.35,2.28782803056702
228.36,2.28400029358853
228.37,2.28017276922492
228.38,2.27634547862816
228.39,2.27251844308
228.4,2.26869168399402
228.41,2.26486522294993
228.42,2.26103908166842
228.43,2.25721328200416
228.44,2.25338784607278
228.45,2.24956279616544
228.46,2.2457381544463
228.47,2.24191394331765
228.48,2.23809018529358
228.49,2.23426690299391
228.5,2.23044411920601
228.51,2.22662185704108
228.52,2.22280013930655
228.53,2.21897898906795
228.54,2.21515842947938
228.55,2.21133848377827
228.56,2.20751917528231
228.57,2.20370052764547
228.58,2.19988256420527
228.59,2.19606530851979
228.6,2.19224878420979
228.61,2.18843301495384
228.62,2.18461802448346
228.63,2.18080383657811
228.64,2.17699047518022
228.65,2.17317796426834
228.66,2.1693663276769
228.67,2.16555558937314
228.68,2.16174577335382
228.69,2.15793690364058
228.7,2.15412900427544
228.71,2.1503220993162
228.72,2.14651621343762
228.73,2.14271137048897
228.74,2.13890759461711
228.75,2.13510491000492
228.76,2.13130334084224
228.77,2.12750291132202
228.78,2.12370364563653
228.79,2.11990556821992
228.8,2.11610870359373
228.81,2.11231307575821
228.82,2.10851870897167
228.83,2.10472562748719
228.84,2.10093385554958
228.85,2.09714341739244
228.86,2.09335433723515
228.87,2.08956663947172
228.88,2.08578034823128
228.89,2.0819954876862
228.9,2.07821208200615
228.91,2.07443015533655
228.92,2.07064973179582
228.93,2.06687083547278
228.94,2.06309349045705
228.95,2.05931772083428
228.96,2.05554355055731
228.97,2.05177100358628
228.98,2.04800010384038
228.99,2.04423087519547
229,2.04046334148129
229.01,2.036697526479
229.02,2.03293345428689
229.03,2.02917114852072
229.04,2.0254106328074
229.05,2.02165193078442
229.06,2.01789506603787
229.07,2.0141400621003
229.08,2.01038694244874
229.09,2.00663573061274
229.1,2.00288645024437
229.11,1.99913912449461
229.12,1.99539377666122
229.13,1.9916504299845
229.14,1.98790910764586
229.15,1.98416983276622
229.16,1.98043262840442
229.17,1.97669751757649
229.18,1.97296452323862
229.19,1.96923366823999
229.2,1.9655049753836
229.21,1.96177846740367
229.22,1.95805416696408
229.23,1.95433209665686
229.24,1.9506122790008
229.25,1.94689473653041
229.26,1.94317949166116
229.27,1.93946656665212
229.28,1.93575598373958
229.29,1.9320477650823
229.3,1.92834193276018
229.31,1.92463850877301
229.32,1.92093751503904
229.33,1.9172389737149
229.34,1.91354290657848
229.35,1.90984933525464
229.36,1.90615828139503
229.37,1.90246976657249
229.38,1.89878381228006
229.39,1.89510043993028
229.4,1.89141967085432
229.41,1.88774152639333
229.42,1.88406602769312
229.43,1.88039319583731
229.44,1.87672305184054
229.45,1.87305561663414
229.46,1.86939091106543
229.47,1.865728955897
229.48,1.86206977180597
229.49,1.8584133791873
229.5,1.85475979863071
229.51,1.85110905052948
229.52,1.8474611551811
229.53,1.84381613279029
229.54,1.84017400346803
229.55,1.83653478723066
229.56,1.83289850402979
229.57,1.82926517399149
229.58,1.82563481669809
229.59,1.82200745182559
229.6,1.81838309895698
229.61,1.81476177758178
229.62,1.81114350709548
229.63,1.80752830679889
229.64,1.8039161960053
229.65,1.80030719418878
229.66,1.7967013201686
229.67,1.79309859292714
229.68,1.78949903135766
229.69,1.78590265426398
229.7,1.78230948036053
229.71,1.77871952827213
229.72,1.77513281653391
229.73,1.77154936328345
229.74,1.76796918702361
229.75,1.76439230598439
229.76,1.76081873829778
229.77,1.75724850200031
229.78,1.75368161503264
229.79,1.75011809523925
229.8,1.74655796036795
229.81,1.74300122786927
229.82,1.73944791529925
229.83,1.73589804013733
229.84,1.73235161970175
229.85,1.7288086712074
229.86,1.72526921176522
229.87,1.72173325838163
229.88,1.71820082795779
229.89,1.71467193768397
229.9,1.71114660463104
229.91,1.70762484514115
229.92,1.70410667581276
229.93,1.70059211315132
229.94,1.69708117356941
229.95,1.69357387338689
229.96,1.69007022883118
229.97,1.6865702560207
229.98,1.6830739709253
229.99,1.67958138953425
230,1.67609252769444
230.01,1.67260740115961
230.02,1.66912602559041
230.03,1.66564841655454
230.04,1.66217458952678
230.05,1.65870455988911
230.06,1.65523834245713
230.07,1.65177595262776
230.08,1.64831740546433
230.09,1.64486271590903
230.1,1.64141189880337
230.11,1.6379649688879
230.12,1.6345219408019
230.13,1.63108282908296
230.14,1.62764764838148
230.15,1.62421641305058
230.16,1.62078913728415
230.17,1.61736583525472
230.18,1.613946521037
230.19,1.61053120860772
230.2,1.6071199118457
230.21,1.60371264453172
230.22,1.60030942039936
230.23,1.59691025310802
230.24,1.59351515611931
230.25,1.5901241428503
230.26,1.58673722662421
230.27,1.58335442067057
230.28,1.57997573812552
230.29,1.5766011920472
230.3,1.57323079538336
230.31,1.56986456099291
230.32,1.56650250164454
230.33,1.56314463001526
230.34,1.5597909586907
230.35,1.55644150012489
230.36,1.55309626660537
230.37,1.54975527048657
230.38,1.54641852395862
230.39,1.54308603911694
230.4,1.5397578279622
230.41,1.53643390236647
230.42,1.53311427411334
230.43,1.52979895493004
230.44,1.52648795642625
230.45,1.52318129011578
230.46,1.51987896741658
230.47,1.51658099984716
230.48,1.51328739863906
230.49,1.5099981749212
230.5,1.50671333977417
230.51,1.50343290418696
230.52,1.50015687905648
230.53,1.49688527508892
230.54,1.4936181030367
230.55,1.49035537350651
230.56,1.48709709701188
230.57,1.48384328397311
230.58,1.4805939447339
230.59,1.47734908959214
230.6,1.47410872866376
230.61,1.47087287201004
230.62,1.46764152960049
230.63,1.46441471131268
230.64,1.46119242703216
230.65,1.45797468656253
230.66,1.45476149946306
230.67,1.45155287528377
230.68,1.44834882348663
230.69,1.44514935344545
230.7,1.44195447428116
230.71,1.43876419516501
230.72,1.43557852521641
230.73,1.4323974734147
230.74,1.42922104864729
230.75,1.42604925970959
230.76,1.42288211559126
230.77,1.41971962481189
230.78,1.4165617959273
230.79,1.41340863741659
230.8,1.4102601576715
230.81,1.40711636500153
230.82,1.40397726766202
230.83,1.40084287376763
230.84,1.39771319136774
230.85,1.39458822842506
230.86,1.39146799281563
230.87,1.38835249235315
230.88,1.38524173479526
230.89,1.38213572773623
230.9,1.37903447871934
230.91,1.37593799520251
230.92,1.37284628455829
230.93,1.36975935409818
230.94,1.36667721104362
230.95,1.36359986250329
230.96,1.36052731551684
230.97,1.35745957703937
230.98,1.3543966539414
230.99,1.3513385530804
231,1.34828528116696
231.01,1.3452368448141
231.02,1.34219325057178
231.03,1.33915450490702
231.04,1.33612061420392
231.05,1.3330915848506
231.06,1.330067423042
231.07,1.32704813492251
231.08,1.32403372656082
231.09,1.32102420394413
231.1,1.31801957298761
231.11,1.31501983961153
231.12,1.31202500951781
231.13,1.30903508838314
231.14,1.30605008180419
231.15,1.30306999529755
231.16,1.3000948342998
231.17,1.29712460427945
231.18,1.29415931046766
231.19,1.29119895807579
231.2,1.28824355223764
231.21,1.28529309800845
231.22,1.28234760036492
231.23,1.27940706428985
231.24,1.27647149458503
231.25,1.27354089599565
231.26,1.27061527319957
231.27,1.26769463079742
231.28,1.26477897331263
231.29,1.26186830533578
231.3,1.25896263124263
231.31,1.25606195531611
231.32,1.25316628180201
231.33,1.25027561487167
231.34,1.24738995862195
231.35,1.24450931713324
231.36,1.24163369437696
231.37,1.23876309421408
231.38,1.23589752045894
231.39,1.23303697685276
231.4,1.23018146706366
231.41,1.22733099469569
231.42,1.2244855632792
231.43,1.22164517625899
231.44,1.21880983701375
231.45,1.21597954884935
231.46,1.21315431499881
231.47,1.21033413868514
231.48,1.20751902311041
231.49,1.20470897123779
231.5,1.20190398603797
231.51,1.19910407041149
231.52,1.19630922718861
231.53,1.19351945918123
231.54,1.19073476926457
231.55,1.18795515997763
231.56,1.1851806339065
231.57,1.18241119357039
231.58,1.17964684142164
231.59,1.17688757984604
231.6,1.17413341116497
231.61,1.171384337629
231.62,1.16864036142349
231.63,1.16590148466695
231.64,1.16316770941107
231.65,1.16043903764134
231.66,1.15771547146931
231.67,1.15499701266481
231.68,1.15228366303955
231.69,1.14957542434093
231.7,1.14687229825209
231.71,1.1441742863919
231.72,1.14148139046479
231.73,1.13879361192544
231.74,1.1361109522091
231.75,1.13343341270423
231.76,1.13076099473732
231.77,1.12809369957289
231.78,1.12543152847233
231.79,1.12277448257685
231.8,1.1201225629624
231.81,1.11747577065811
231.82,1.11483410663223
231.83,1.11219757179213
231.84,1.10956616711172
231.85,1.10693989342164
231.86,1.10431875142211
231.87,1.10170274180997
231.88,1.09909186522408
231.89,1.09648612224533
231.9,1.09388551343859
231.91,1.09129003931265
231.92,1.08869970026451
231.93,1.08611449666322
231.94,1.08353442882188
231.95,1.08095949702696
231.96,1.07838970152994
231.97,1.07582504246314
231.98,1.07326551993381
231.99,1.0707111339952
232,1.06816188467076
232.01,1.06561777197395
232.02,1.06307879577663
232.03,1.06054495593581
232.04,1.05801625225654
232.05,1.05549268450472
232.06,1.05297425244491
232.07,1.05046095570771
232.08,1.04795279390632
232.09,1.04544976660367
232.1,1.04295187331748
232.11,1.04045911356521
232.12,1.03797148674246
232.13,1.03548899222337
232.14,1.03301162933315
232.15,1.03053939734881
232.16,1.02807229559454
232.17,1.0256103232189
232.18,1.0231534793707
232.19,1.02070176315189
232.2,1.0182551736176
232.21,1.01581370988892
232.22,1.01337737090845
232.23,1.01094615560782
232.24,1.00852006288253
232.25,1.00609909158397
232.26,1.00368324060179
232.27,1.00127250870144
232.28,0.998866894609264
232.29,0.996466397023524
232.3,0.994071014600725
232.31,0.991680745981958
232.32,0.989295589752583
232.33,0.986915544448272
232.34,0.984540608571502
232.35,0.982170780588606
232.36,0.979806058926059
232.37,0.97744644196595
232.38,0.975091928052583
232.39,0.972742515524528
232.4,0.970398202721828
232.41,0.968058987864569
232.42,0.965724869170882
232.43,0.963395844840823
232.44,0.961071913106759
232.45,0.958753072069434
232.46,0.956439319834395
232.47,0.954130654472762
232.48,0.951827073979018
232.49,0.949528576369938
232.5,0.947235159608923
232.51,0.944946821625596
232.52,0.942663560382412
232.53,0.940385373740559
232.54,0.938112259545478
232.55,0.935844215615786
232.56,0.933581239780647
232.57,0.931323329810924
232.58,0.929070483440175
232.59,0.926822698382069
232.6,0.924579972362583
232.61,0.922342303074219
232.62,0.920109688148229
232.63,0.917882125208173
232.64,0.915659611875519
232.65,0.913442145773113
232.66,0.911229724455338
232.67,0.90902234547289
232.68,0.906820006293354
232.69,0.904622704422877
232.7,0.902430437322923
232.71,0.900243202447127
232.72,0.898060997231401
232.73,0.895883819067172
232.74,0.893711665344835
232.75,0.891544533625449
232.76,0.889382421245312
232.77,0.887225325601289
232.78,0.885073244014631
232.79,0.882926173801432
232.8,0.880784112304983
232.81,0.87864705683107
232.82,0.876515004675737
232.83,0.874387953109683
232.84,0.872265899390082
232.85,0.870148840808172
232.86,0.868036774616924
232.87,0.865929698043003
232.88,0.863827608334363
232.89,0.861730502792639
232.9,0.85963837862651
232.91,0.857551233069913
232.92,0.855469063301172
232.93,0.85339186652829
232.94,0.851319639949248
232.95,0.849252380741643
232.96,0.847190086062929
232.97,0.845132753072272
232.98,0.843080379000313
232.99,0.841032961128151
233,0.838990496643719
233.01,0.836952982805662
233.02,0.834920416881459
233.03,0.832892796138487
233.04,0.830870117711162
233.05,0.828852378813059
233.06,0.826839576663769
233.07,0.824831708425773
233.08,0.822828771281056
233.09,0.820830762413046
233.1,0.818837679220908
233.11,0.816849518902783
233.12,0.814866278759827
233.13,0.812887956199358
233.14,0.810914548559676
233.15,0.808946053176757
233.16,0.806982467308211
233.17,0.805023788346598
233.18,0.803070013600959
233.19,0.801121140357332
233.2,0.799177165951205
233.21,0.797238087841962
233.22,0.795303903481994
233.23,0.793374610274241
233.24,0.791450205773431
233.25,0.78953068750895
233.26,0.787616053037594
233.27,0.785706299931067
233.28,0.783801425815526
233.29,0.781901428326264
233.3,0.780006304982462
233.31,0.778116053457304
233.32,0.776230671412405
233.33,0.7743501565897
233.34,0.772474506684225
233.35,0.770603719468899
233.36,0.76873779279306
233.37,0.766876724473044
233.38,0.765020512396986
233.39,0.763169154495339
233.4,0.76132264871827
233.41,0.759480993094261
233.42,0.757644185685843
233.43,0.755812224582153
233.44,0.753985107712163
233.45,0.752162833151925
233.46,0.750345399001056
233.47,0.748532803967511
233.48,0.746725046284454
233.49,0.74492212435035
233.5,0.743124035936324
233.51,0.741330779489537
233.52,0.739542353383544
233.53,0.737758756478582
233.54,0.735979987180047
233.55,0.734206044122873
233.56,0.732436926002088
233.57,0.730672631582943
233.58,0.728913159548131
233.59,0.727158508570459
233.6,0.725408677498753
233.61,0.723663665187984
233.62,0.721923470524081
233.63,0.720188092420151
233.64,0.718457529972633
233.65,0.716731782242324
233.66,0.715010848344879
233.67,0.713294727463759
233.68,0.711583418835949
233.69,0.709876921746684
233.7,0.708175235475366
233.71,0.706478359408438
233.72,0.704786292961495
233.73,0.703099035595926
233.74,0.701416586823303
233.75,0.699738946211917
233.76,0.698066113391795
233.77,0.696398088025603
233.78,0.694734869832706
233.79,0.693076458583001
233.8,0.69142285409706
233.81,0.689774056234498
233.82,0.688130064907173
233.83,0.686490880079953
233.84,0.684856501758316
233.85,0.683226929999903
233.86,0.681602164910326
233.87,0.679982206643918
233.88,0.678367055402293
233.89,0.676756711435362
233.9,0.675151175039577
233.91,0.673550446561073
233.92,0.6719545263926
233.93,0.670363414972169
233.94,0.668777112788432
233.95,0.667195620384937
233.96,0.665618938367572
233.97,0.664047067376312
233.98,0.662480008031928
233.99,0.660917761051709
234,0.659360327209198
234.01,0.657807707326554
234.02,0.656259902264744
234.03,0.654716912965378
234.04,0.653178740401119
234.05,0.651645385573782
234.06,0.650116849552806
234.07,0.648593133441097
234.08,0.647074238377854
234.09,0.64556016555915
234.1,0.644050916226768
234.11,0.64254649166265
234.12,0.641046893194808
234.13,0.639552122196102
234.14,0.638062180082456
234.15,0.636577068290001
234.16,0.635096788316804
234.17,0.633621341677692
234.18,0.632150729917307
234.19,0.630684954631049
234.2,0.629224017402601
234.21,0.627767919880434
234.22,0.6263166637091
234.23,0.62487025054014
234.24,0.623428682075487
234.25,0.621991959945391
234.26,0.620560085870739
234.27,0.619133061545862
234.28,0.61771088854693
234.29,0.616293568578259
234.3,0.614881103254723
234.31,0.613473494063194
234.32,0.612070742609921
234.33,0.610672850346091
234.34,0.609279818616652
234.35,0.607891648846249
234.36,0.606508342214669
234.37,0.605129899842402
234.38,0.60375632287232
234.39,0.60238761206869
234.4,0.601023768240107
234.41,0.599664792113496
234.42,0.598310683903774
234.43,0.596961443947956
234.44,0.595617072296713
234.45,0.594277568749545
234.46,0.592942932776793
234.47,0.591613163720468
234.48,0.590288260602159
234.49,0.588968222055151
234.5,0.587653046406197
234.51,0.586342731691501
234.52,0.585037275554264
234.53,0.583736675009014
234.54,0.582440926879573
234.55,0.581150027456883
234.56,0.579863972490184
234.57,0.57858275706908
234.58,0.577306375918825
234.59,0.576034823110667
234.6,0.574768091963313
234.61,0.573506175157938
234.62,0.572249064752896
234.63,0.570996752035199
234.64,0.569749227261507
234.65,0.568506480126949
234.66,0.567268499379599
234.67,0.566035272766156
234.68,0.564806786889072
234.69,0.563583027665271
234.7,0.562363979847519
234.71,0.561149627088405
234.72,0.559939951238816
234.73,0.558734933701195
234.74,0.557534554350054
234.75,0.556338791748523
234.76,0.55514762252933
234.77,0.553961022179851
234.78,0.552778964824749
234.79,0.551601422879161
234.8,0.550428366851447
234.81,0.549259765270757
234.82,0.548095585397204
234.83,0.546935792398685
234.84,0.545780349427403
234.85,0.544629216857961
234.86,0.543482353866562
234.87,0.542339717098004
234.88,0.541201260922313
234.89,0.540066936473304
234.9,0.538936693084328
234.91,0.537810477512686
234.92,0.536688233727518
234.93,0.535569902401876
234.94,0.534455421141517
234.95,0.533344725227464
234.96,0.532237746517646
234.97,0.531134413444319
234.98,0.530034650147289
234.99,0.528938378552835
235,0.527845516507563
235.01,0.526755978141017
235.02,0.52566967239956
235.03,0.524586505369941
235.04,0.523506378849351
235.05,0.522429190199055
235.06,0.52135483157651
235.07,0.520283190190523
235.08,0.51921414953725
235.09,0.518147587678668
235.1,0.517083377374458
235.11,0.516021384444222
235.12,0.514961471270653
235.13,0.513903493807737
235.14,0.512847302164477
235.15,0.511792738807325
235.16,0.510739641052053
235.17,0.509687839894828
235.18,0.508637159370711
235.19,0.507587415820218
235.2,0.506538417669201
235.21,0.505489967602569
235.22,0.504441860012865
235.23,0.503393881356672
235.24,0.502345807726877
235.25,0.501297409553487
235.26,0.500248447686103
235.27,0.499198674121736
235.28,0.498147830076802
235.29,0.497095648166884
235.3,0.496041851860671
235.31,0.494986154211734
235.32,0.493928257735029
235.33,0.4928678537816
235.34,0.49180462366994
235.35,0.490738237271758
235.36,0.489668352253699
235.37,0.488594614776108
235.38,0.487516659156902
235.39,0.486434107141089
235.4,0.485346567672454
235.41,0.484253636827843
235.42,0.48315489736871
235.43,0.482049918712573
235.44,0.480938256646606
235.45,0.479819452549378
235.46,0.478693033589393
235.47,0.477558513040243
235.48,0.476415388868617
235.49,0.475263143995914
235.5,0.474101246400368
235.51,0.472929149948306
235.52,0.471746291297813
235.53,0.470552091830464
235.54,0.469345958675107
235.55,0.468127283181417
235.56,0.4668954391761
235.57,0.465649784954399
235.58,0.464389667807219
235.59,0.463114413984023
235.6,0.461823335288478
235.61,0.460515728940397
235.62,0.459190880887423
235.63,0.457848056064604
235.64,0.456486506088871
235.65,0.45510547459423
235.66,0.453704192614292
235.67,0.452281871059738
235.68,0.450837710866455
235.69,0.449370907320727
235.7,0.447880638758353
235.71,0.446366073055972
235.72,0.44482637032521
235.73,0.443260695758024
235.74,0.441668190441234
235.75,0.440047994270338
235.76,0.438399252507117
235.77,0.436721115948584
235.78,0.435012716961179
235.79,0.433273195201682
235.8,0.431501702080715
235.81,0.429697387722501
235.82,0.427859406367836
235.83,0.425986922607957
235.84,0.424079134395293
235.85,0.422135227628878
235.86,0.420154411728311
235.87,0.418135922393424
235.88,0.416079031199926
235.89,0.413983012095192
235.9,0.411847174408922
235.91,0.4096708717619
235.92,0.407453488389421
235.93,0.405194438807432
235.94,0.402893181690924
235.95,0.400549233929112
235.96,0.398162145265152
235.97,0.395731520588438
235.98,0.393257020413486
235.99,0.390738368091257
236,0.388175340537938
236.01,0.385567781190676
236.02,0.382915600661233
236.03,0.38021877987969
236.04,0.377477373229506
236.05,0.374691511749827
236.06,0.371861391845153
236.07,0.368987302420916
236.08,0.366069614871558
236.09,0.363108781513143
236.1,0.360105314032843
236.11,0.357059845154395
236.12,0.353973086689923
236.13,0.350845821764081
236.14,0.347678909183809
236.15,0.344473329505928
236.16,0.34123014235204
236.17,0.337950451080841
236.18,0.334635474027632
236.19,0.331286523726869
236.2,0.327904987665585
236.21,0.324492268994917
236.22,0.321049923335167
236.23,0.317579559321381
236.24,0.314082843491319
236.25,0.310561474318298
236.26,0.307017252036245
236.27,0.303452015361519
236.28,0.299867646739677
236.29,0.296266085265433
236.3,0.29264930717181
236.31,0.289019322064051
236.32,0.285378179262531
236.33,0.281727946616727
236.34,0.27807069970737
236.35,0.274408546629353
236.36,0.270743591452315
236.37,0.267077928158329
236.38,0.263413659880983
236.39,0.259752873936752
236.4,0.256097641642114
236.41,0.25245000979483
236.42,0.248812003279853
236.43,0.245185622750089
236.44,0.241572821946358
236.45,0.237975520711553
236.46,0.234395598365317
236.47,0.230834878292306
236.48,0.227295134831429
236.49,0.223778087576376
236.5,0.220285389474603
236.51,0.216818636725832
236.52,0.213379365678752
236.53,0.209969029975598
236.54,0.206589025779505
236.55,0.203240687382836
236.56,0.199925256795799
236.57,0.196643917292479
236.58,0.19339778695088
236.59,0.190187892161271
236.6,0.187015196787214
236.61,0.183880595917829
236.62,0.180784898091139
236.63,0.177728848876634
236.64,0.174713126457183
236.65,0.171738325142843
236.66,0.168804980239154
236.67,0.165913563716858
236.68,0.163064468489114
236.69,0.16025803286491
236.7,0.157494536350248
236.71,0.154774188119308
236.72,0.152097146438984
236.73,0.149463515786314
236.74,0.146873340497443
236.75,0.144326618251567
236.76,0.141823298879109
236.77,0.139363281627502
236.78,0.136946424519319
236.79,0.134572544418282
236.8,0.132241416394998
236.81,0.129952780218907
236.82,0.127706341373257
236.83,0.125501772077933
236.84,0.123338714601228
236.85,0.12121678341331
236.86,0.119135568003184
236.87,0.117094633156662
236.88,0.115093522113349
236.89,0.113131760235909
236.9,0.111208852996485
236.91,0.109324289945193
236.92,0.107477549053509
236.93,0.105668093052714
236.94,0.103895373874874
236.95,0.102158836960745
236.96,0.100457916377404
236.97,0.0987920396960119
236.98,0.0971606323823265
236.99,0.0955631126308893
237,0.0939988960235333
237.01,0.0924673991375061
237.02,0.0909680343533602
237.03,0.0895002149209612
237.04,0.0880633581819914
237.05,0.0866568804938614
237.06,0.0852801991535174
237.07,0.0839327397686268
237.08,0.0826139294829382
237.09,0.0813231962352834
237.1,0.0800599789907162
237.11,0.0788237204845559
237.12,0.0776138652905714
237.13,0.0764298697578746
237.14,0.0752711959399342
237.15,0.0741373088864317
237.16,0.0730276857578191
237.17,0.0719418105555941
237.18,0.0708791720890193
237.19,0.0698392700308077
237.2,0.0688216125124688
237.21,0.0678257137168709
237.22,0.0668510971999185
237.23,0.0658972962976961
237.24,0.0649638512600419
237.25,0.0640503105656705
237.26,0.0631562330765245
237.27,0.0622811852011652
237.28,0.0614247408134665
237.29,0.060586484211471
237.3,0.0597660075594613
237.31,0.0589629102436242
237.32,0.058176801629811
237.33,0.0574072990532196
237.34,0.056654026858517
237.35,0.0559166189029318
237.36,0.0551947168157191
237.37,0.0544879693291652
237.38,0.0537960336767125
237.39,0.0531185748709753
237.4,0.0524552650109648
237.41,0.0518057837487211
237.42,0.0511698183719005
237.43,0.050547063077644
237.44,0.0499372189808596
237.45,0.0493399944456559
237.46,0.0487551045028285
237.47,0.0481822707608872
237.48,0.0476212215265503
237.49,0.0470716914867439
237.5,0.0465334214126851
237.51,0.0460061583893364
237.52,0.0454896554904277
237.53,0.0449836716118583
237.54,0.044487971347109
237.55,0.0440023249686862
237.56,0.0435265081933304
237.57,0.0430603021731027
237.58,0.042603493185045
237.59,0.0421558726233083
237.6,0.0417172369887144
237.61,0.0412873876521119
237.62,0.0408661306116873
237.63,0.0404532765707679
237.64,0.04004864098027
237.65,0.0396520434434117
237.66,0.0392633079426244
237.67,0.038882262828331
237.68,0.0385087404624623
237.69,0.0381425771441525
237.7,0.0377836131854311
237.71,0.037431692896391
237.72,0.0370866639388958
237.73,0.0367483776809836
237.74,0.0364166890924877
237.75,0.0360914569921321
237.76,0.0357725429102597
237.77,0.0354598118233686
237.78,0.0351531319339852
237.79,0.0348523751520858
237.8,0.0345574155904074
237.81,0.0342681305590883
237.82,0.0339844002429311
237.83,0.0337061083075939
237.84,0.0334331403098427
237.85,0.0331653847324191
237.86,0.0329027326224563
237.87,0.0326450782041749
237.88,0.032392317420093
237.89,0.0321443488533642
237.9,0.0319010734065319
237.91,0.0316623947442541
237.92,0.0314282182730179
237.93,0.0311984516614055
237.94,0.03097300469902
237.95,0.0307517896342979
237.96,0.0305347203922844
237.97,0.0303217128488423
237.98,0.0301126848217856
237.99,0.0299075564561571
238,0.0297062493680746
238.01,0.0295086868348196
238.02,0.029314793944641
238.03,0.0291244974846473
238.04,0.0289377266714137
238.05,0.0287544112967242
238.06,0.028574483066604
238.07,0.0283978751898265
238.08,0.0282245226009454
238.09,0.0280543619651583
238.1,0.0278873307299363
238.11,0.0277233679738448
238.12,0.0275624141046806
238.13,0.0274044113179769
238.14,0.0272493027949333
238.15,0.0270970328196497
238.16,0.0269475470179669
238.17,0.0268007922138424
238.18,0.0266567169265453
238.19,0.0265152701520343
238.2,0.0263764022296951
238.21,0.0262400645751339
238.22,0.0261062097951367
238.23,0.0259747917302646
238.24,0.0258457648315877
238.25,0.0257190846917446
238.26,0.0255947078545692
238.27,0.0254725920747814
238.28,0.0253526958768804
238.29,0.0252349785598382
238.3,0.0251194003737443
238.31,0.025005922416257
238.32,0.024894507154076
238.33,0.0247851171667418
238.34,0.0246777160779776
238.35,0.0245722682786471
238.36,0.024468738902752
238.37,0.0243670942739237
238.38,0.024267301065689
238.39,0.0241693265857738
238.4,0.0240731389287793
238.41,0.0239787068529105
238.42,0.0238860000209724
238.43,0.0237949887869479
238.44,0.0237056437664169
238.45,0.0236179363647743
238.46,0.0235318385830644
238.47,0.0234473230879822
238.48,0.0233643634023437
238.49,0.0232829331451567
238.5,0.0232030066667781
238.51,0.0231245588502133
238.52,0.0230475650951556
238.53,0.02297200165178
238.54,0.0228978448409727
238.55,0.0228250716179091
238.56,0.0227536594145409
238.57,0.0226835861214404
238.58,0.0226148303571718
238.59,0.0225473709858813
238.6,0.0224811872358856
238.61,0.0224162588330726
238.62,0.0223525659158935
238.63,0.0222900891610906
238.64,0.0222288096968285
238.65,0.0221687088149313
238.66,0.0221097682945324
238.67,0.0220519702861808
238.68,0.0219952973414918
238.69,0.0219397325342053
238.7,0.0218852590291237
238.71,0.0218318604329792
238.72,0.0217795206846244
238.73,0.021728224045387
238.74,0.0216779553068018
238.75,0.0216286993170767
238.76,0.0215804413074927
238.77,0.0215331668136125
238.78,0.0214868616593245
238.79,0.0214415120952575
238.8,0.0213971045611038
238.81,0.0213536257160258
238.82,0.0213110625298488
238.83,0.0212694022317635
238.84,0.0212286323850685
238.85,0.0211887408536828
238.86,0.0211497155898795
238.87,0.0211115448585084
238.88,0.0210742171595667
238.89,0.0210377212394688
238.9,0.0210020461638611
238.91,0.0209671810792807
238.92,0.0209331154021201
238.93,0.0208998387590941
238.94,0.0208673409813452
238.95,0.0208356122493254
238.96,0.020804642762382
238.97,0.0207744229616104
238.98,0.0207449434853462
238.99,0.0207161951547541
239,0.0206881689981366
239.01,0.0206608563765237
239.02,0.020634248579604
239.03,0.0206083371638183
239.04,0.0205831138516883
239.05,0.0205585705271999
239.06,0.0205346992945423
239.07,0.0205114924502018
239.08,0.020488942316343
239.09,0.0204670414244744
239.1,0.0204457824526111
239.11,0.0204251582212419
239.12,0.0204051617851826
239.13,0.0203857862759336
239.14,0.0203670249224303
239.15,0.0203488711182059
239.16,0.0203313183863209
239.17,0.0203143603758401
239.18,0.0202979909953183
239.19,0.0202822041116801
239.2,0.0202669937607539
239.21,0.0202523541037383
239.22,0.0202382794172567
239.23,0.0202247641020754
239.24,0.0202118027259548
239.25,0.0201993898762585
239.26,0.0201875202822276
239.27,0.0201761887770461
239.28,0.0201653902950749
239.29,0.0201551199024552
239.3,0.0201453727791079
239.31,0.0201361441374093
239.32,0.0201274293132378
239.33,0.020119223733973
239.34,0.020111522916028
239.35,0.0201043225645
239.36,0.0200976183985822
239.37,0.0200914061892675
239.38,0.0200856818251221
239.39,0.0200804412778697
239.4,0.0200756806003614
239.41,0.0200713959712225
239.42,0.0200675836219742
239.43,0.0200642398352093
239.44,0.0200613609883
239.45,0.020058943532833
239.46,0.0200569839927981
239.47,0.0200554789807447
239.48,0.0200544251722529
239.49,0.0200538192959674
239.5,0.0200536581559867
239.51,0.0200539386211363
239.52,0.0200546576232523
239.53,0.0200558122074685
239.54,0.0200573994741585
239.55,0.0200594165250936
239.56,0.0200618605546066
239.57,0.0200647288159028
239.58,0.0200680186196465
239.59,0.0200717273811515
239.6,0.0200758525803349
239.61,0.0200803916791099
239.62,0.0200853422327731
239.63,0.0200907018516931
239.64,0.0200964682002175
239.65,0.0201026389913368
239.66,0.0201092119874385
239.67,0.0201161850098386
239.68,0.0201235559250112
239.69,0.0201313226474817
239.7,0.0201394831387019
239.71,0.0201480354191091
239.72,0.0201569775740892
239.73,0.0201663077077769
239.74,0.0201760239898859
239.75,0.0201861246409398
239.76,0.0201966079322722
239.77,0.0202074719753269
239.78,0.020218715198351
239.79,0.0202303359949065
239.8,0.0202423327957344
239.81,0.0202547040782466
239.82,0.0202674482985046
239.83,0.0202805639597273
239.84,0.0202940497003095
239.85,0.0203079041556592
239.86,0.0203221260050318
239.87,0.0203367139567793
239.88,0.020351666536878
239.89,0.0203669826399832
239.9,0.0203826610749297
239.91,0.0203987006896888
239.92,0.0204151003713689
239.93,0.0204318589700549
239.94,0.0204489754188427
239.95,0.0204664487302675
239.96,0.0204842779233032
239.97,0.020502462053663
239.98,0.020521000201705
239.99,0.0205398914190357
240,0.0205591348619554
240.01,0.0205787296928649
