T,R
0,0.000264649608167075
0.00999999999999091,0.000262755780815567
0.0199999999999818,0.000260875746167267
0.0299999999999727,0.00025900945939046
0.039999999999992,0.000257156874290887
0.0499999999999829,0.000255317943389412
0.0599999999999739,0.000253492615829928
0.0699999999999932,0.0002516808412435
0.0799999999999841,0.000249882568359339
0.089999999999975,0.000248097744297252
0.0999999999999943,0.000246326315096859
0.109999999999985,0.000244568225236655
0.119999999999976,0.000242823418098926
0.129999999999995,0.000241091836970756
0.139999999999986,0.000239373423848713
0.149999999999977,0.000237668119907553
0.159999999999997,0.000235975865559756
0.169999999999987,0.000234296599033793
0.179999999999978,0.000232630258993866
0.189999999999998,0.000230976783791407
0.199999999999989,0.000229336110760268
0.20999999999998,0.0002277081766664
0.219999999999999,0.000226092917760127
0.22999999999999,0.000224490266898295
0.239999999999981,0.000222900160119206
0.25,0.000221322531758147
0.259999999999991,0.000219757315638308
0.269999999999982,0.000218204445185122
0.279999999999973,0.000216663853178648
0.289999999999992,0.000215135470905463
0.299999999999983,0.000213619231214873
0.309999999999974,0.000212115065901288
0.319999999999993,0.000210622906492904
0.329999999999984,0.000209142684288227
0.339999999999975,0.000207674329866422
0.349999999999994,0.0002062177734135
0.359999999999985,0.000204772945886545
0.369999999999976,0.000203339777657853
0.379999999999995,0.000201918198989526
0.389999999999986,0.000200508140065474
0.399999999999977,0.000199109529823975
0.409999999999997,0.000197722297965892
0.419999999999987,0.000196346374553933
0.429999999999978,0.000194981689250009
0.439999999999998,0.000193628171710198
0.449999999999989,0.000192285751610576
0.45999999999998,0.000190954357478847
0.469999999999999,0.000189633919324507
0.47999999999999,0.000188324366776558
0.489999999999981,0.000187025629474919
0.5,0.000185737637147969
0.509999999999991,0.000184460319510239
0.519999999999982,0.00018319360579282
0.529999999999973,0.000181937426342771
0.539999999999992,0.000180691711257222
0.549999999999983,0.000179456390796796
0.559999999999974,0.000178231395404923
0.569999999999993,0.00017701665565214
0.579999999999984,0.000175812100827262
0.589999999999975,0.000174617662534307
0.599999999999994,0.000173433271771046
0.609999999999985,0.000172258859753165
0.619999999999976,0.000171094357929284
0.629999999999995,0.000169939697995985
0.639999999999986,0.000168794810556725
0.649999999999977,0.000167659628161182
0.659999999999997,0.000166534083082166
0.669999999999987,0.0001654181077852
0.679999999999978,0.000164311635001396
0.689999999999998,0.000163214597738708
0.699999999999989,0.000162126929059492
0.70999999999998,0.000161048562561811
0.719999999999999,0.00015997943212407
0.72999999999999,0.000158919471898843
0.739999999999981,0.000157868616360034
0.75,0.000156826800313359
0.759999999999991,0.000155793958376943
0.769999999999982,0.000154770025902796
0.779999999999973,0.000153754938743318
0.789999999999992,0.000152748632932538
0.799999999999983,0.000151751044856614
0.809999999999974,0.00015076211126214
0.819999999999993,0.000149781768399768
0.829999999999984,0.000148809953163366
0.839999999999975,0.000147846603527955
0.849999999999994,0.000146891657356225
0.859999999999985,0.00014594505284797
0.869999999999976,0.000145006728544017
0.879999999999995,0.000144076623364906
0.889999999999986,0.000143154676591088
0.899999999999977,0.000142240827799223
0.909999999999997,0.00014133501695481
0.919999999999987,0.000140437184387479
0.929999999999978,0.000139547270795147
0.939999999999998,0.000138665217586511
0.949999999999989,0.000137790966978577
0.95999999999998,0.000136924460534824
0.969999999999999,0.000136065640712695
0.97999999999999,0.00013521445039615
0.989999999999981,0.000134370832902248
1,0.000133534731987739
1.00999999999999,0.000132706089295268
1.01999999999998,0.000131884849058114
1.02999999999997,0.00013107095594619
1.03999999999999,0.000130264354435895
1.04999999999998,0.000129464989286331
1.05999999999997,0.000128672806352452
1.06999999999999,0.000127887753091672
1.07999999999998,0.000127109774722228
1.08999999999997,0.000126338817961946
1.09999999999999,0.000125574829936471
1.10999999999999,0.000124817758184194
1.11999999999998,0.000124067550858705
1.13,0.000123324156329231
1.13999999999999,0.000122587523446774
1.14999999999998,0.000121857601523981
1.16,0.000121134340323443
1.16999999999999,0.000120417689046054
1.17999999999998,0.000119707596709906
1.19,0.000119004014649106
1.19999999999999,0.000118306893642538
1.20999999999998,0.000117616184798667
1.22,0.000116931839550169
1.22999999999999,0.000116253810220505
1.23999999999998,0.000115582048750419
1.25,0.000114916507667609
1.25999999999999,0.00011425713983698
1.26999999999998,0.000113603898452666
1.27999999999997,0.000112956738107092
1.28999999999999,0.000112315613728841
1.29999999999998,0.000111680479445098
1.30999999999997,0.000111051290442618
1.31999999999999,0.000110428002346265
1.32999999999998,0.000109810571072509
1.33999999999997,0.000109198950933976
1.34999999999999,0.000108593099397352
1.35999999999999,0.000107992973238233
1.36999999999998,0.000107398529579252
1.38,0.000106809725886859
1.38999999999999,0.000106226519369159
1.39999999999998,0.000105648868049544
1.41,0.000105076730609903
1.41999999999999,0.000104510065815647
1.42999999999998,0.000103948832776647
1.44,0.000103392990947238
1.44999999999999,0.000102842500493681
1.45999999999998,0.000102297321573882
1.47,0.000101757414665244
1.47999999999999,0.000101222740684293
1.48999999999998,0.000100693260899621
1.5,0.000100168936931897
1.50999999999999,9.96497309384088e-05
1.51999999999998,9.91356052067423e-05
1.52999999999997,9.86265224268259e-05
1.53999999999999,9.81224456634641e-05
1.54999999999998,9.762333833674e-05
1.55999999999997,9.71291642220075e-05
1.56999999999999,9.66398857068828e-05
1.57999999999998,9.61554679516071e-05
1.58999999999997,9.56758755414048e-05
1.59999999999999,9.52010733809185e-05
1.60999999999999,9.47310267042823e-05
1.61999999999998,9.42657009689371e-05
1.63,9.38050609525173e-05
1.63999999999999,9.33490733240657e-05
1.64999999999998,9.28977044440554e-05
1.66,9.24509209840826e-05
1.66999999999999,9.200868992687e-05
1.67999999999998,9.15709786851732e-05
1.69,9.11377553618936e-05
1.69999999999999,9.0708987672163e-05
1.70999999999998,9.02846439443323e-05
1.72,8.98646928274614e-05
1.72999999999999,8.94491032913225e-05
1.73999999999998,8.90378442120523e-05
1.75,8.86308843596448e-05
1.75999999999999,8.82281940950211e-05
1.76999999999998,8.7829743491597e-05
1.77999999999997,8.74355029282257e-05
1.78999999999999,8.70454430891954e-05
1.79999999999998,8.66595349642338e-05
1.80999999999997,8.6277748795472e-05
1.81999999999999,8.59000562118529e-05
1.82999999999998,8.55264292050799e-05
1.83999999999997,8.51568397926867e-05
1.84999999999999,8.47912602816699e-05
1.85999999999999,8.44296632684914e-05
1.86999999999998,8.40720215293188e-05
1.88,8.37183075428858e-05
1.88999999999999,8.33684951061893e-05
1.89999999999998,8.30225578683487e-05
1.91,8.26804697588376e-05
1.91999999999999,8.23422049874864e-05
1.92999999999998,8.20077380444772e-05
1.94,8.16770432001773e-05
1.94999999999999,8.13500952370966e-05
1.95999999999998,8.10268696584742e-05
1.97,8.070734195002e-05
1.97999999999999,8.03914878672726e-05
1.98999999999998,8.00792834355935e-05
2,7.977070495017e-05
2.00999999999999,7.94657278971324e-05
2.01999999999998,7.9164329574482e-05
2.02999999999997,7.88664869708957e-05
2.03999999999999,7.85721773135557e-05
2.04999999999998,7.8281378087559e-05
2.05999999999997,7.79940670359124e-05
2.06999999999999,7.77102218300796e-05
2.07999999999998,7.74298201906853e-05
2.08999999999997,7.71528409152177e-05
2.09999999999999,7.68792626517133e-05
2.10999999999999,7.66090642953681e-05
2.11999999999998,7.63422249885332e-05
2.13,7.60787241207169e-05
2.13999999999999,7.58185403457534e-05
2.14999999999998,7.55616538037365e-05
2.16,7.53080447399616e-05
2.16999999999999,7.50576934322026e-05
2.17999999999998,7.48105803987866e-05
2.19,7.45666863985962e-05
2.19999999999999,7.43259924310719e-05
2.20999999999998,7.40884797362075e-05
2.22,7.38541294678405e-05
2.22999999999999,7.36229217883556e-05
2.23999999999998,7.33948396585181e-05
2.25,7.31698651265421e-05
2.25999999999999,7.29479804706485e-05
2.26999999999998,7.2729168199061e-05
2.27999999999997,7.25134110500092e-05
2.28999999999999,7.23006919917267e-05
2.29999999999998,7.20909942224541e-05
2.30999999999997,7.18842996402773e-05
2.31999999999999,7.16805914288713e-05
2.32999999999998,7.14798541668153e-05
2.33999999999997,7.12820717525472e-05
2.34999999999999,7.10872282998452e-05
2.35999999999999,7.08953081378295e-05
2.36999999999998,7.07062958109594e-05
2.38,7.05201760790344e-05
2.38999999999999,7.03369339171961e-05
2.39999999999998,7.01565526697747e-05
2.41,6.99790187586472e-05
2.41999999999999,6.98043177051883e-05
2.42999999999998,6.96324351959721e-05
2.44,6.94633571231669e-05
2.44999999999999,6.92970695845371e-05
2.45999999999998,6.91335588834402e-05
2.47,6.89728115288279e-05
2.47999999999999,6.88148136991766e-05
2.48999999999998,6.86595514896298e-05
2.5,6.85070126531683e-05
2.50999999999999,6.8357184395862e-05
2.51999999999998,6.82100541208974e-05
2.52999999999997,6.80656094285792e-05
2.53999999999999,6.79238381163294e-05
2.54999999999998,6.77847281786889e-05
2.55999999999997,6.76482678073152e-05
2.56999999999999,6.75144439068178e-05
2.57999999999998,6.73832453518045e-05
2.58999999999997,6.72546611556322e-05
2.59999999999999,6.71286801397431e-05
2.60999999999999,6.70052913122379e-05
2.61999999999998,6.6884483867874e-05
2.63,6.67662471880665e-05
2.63999999999999,6.6650570840889e-05
2.64999999999998,6.65374442616323e-05
2.66,6.6426855528665e-05
2.66999999999999,6.63187961182507e-05
2.67999999999998,6.62132562241622e-05
2.69,6.61102262198853e-05
2.69999999999999,6.600969665862e-05
2.70999999999998,6.59116582732788e-05
2.72,6.58161019764877e-05
2.72999999999999,6.57230188605864e-05
2.73999999999998,6.56324001976275e-05
2.75,6.55442374393768e-05
2.75999999999999,6.54585211667096e-05
2.76999999999998,6.53752432017201e-05
2.77999999999997,6.52943959310606e-05
2.78999999999999,6.52159714356786e-05
2.79999999999998,6.51399619712282e-05
2.80999999999997,6.50663599680686e-05
2.81999999999999,6.4995158031265e-05
2.82999999999998,6.49263489405893e-05
2.83999999999997,6.48599256505184e-05
2.84999999999999,6.47958812902352e-05
2.85999999999999,6.47342086437372e-05
2.86999999999998,6.46748977864766e-05
2.88,6.46179448100134e-05
2.88999999999999,6.45633433268869e-05
2.89999999999998,6.45110871119597e-05
2.91,6.44611701024177e-05
2.91999999999999,6.4413586397771e-05
2.92999999999998,6.43683302598526e-05
2.94,6.43253961128191e-05
2.94999999999999,6.4284778543151e-05
2.95999999999998,6.42464722996521e-05
2.97,6.42104718926906e-05
2.97999999999999,6.41767723846411e-05
2.98999999999998,6.41453691722771e-05
3,6.41162576187308e-05
3.00999999999999,6.40894332475039e-05
3.01999999999998,6.40648917424677e-05
3.02999999999997,6.40426289478629e-05
3.03999999999999,6.40226408682998e-05
3.04999999999998,6.40049236687584e-05
3.05999999999997,6.39894736745881e-05
3.06999999999999,6.39762871209128e-05
3.07999999999998,6.39653587978906e-05
3.08999999999997,6.39566868290168e-05
3.09999999999999,6.39502680664241e-05
3.10999999999999,6.39460995160184e-05
3.11999999999998,6.39441783374791e-05
3.13,6.39445018442589e-05
3.13999999999999,6.39470675035838e-05
3.14999999999998,6.39518729364532e-05
3.16,6.39589159176397e-05
3.16999999999999,6.39681943756893e-05
3.17999999999998,6.39797056183043e-05
3.19,6.39934478294781e-05
3.19999999999999,6.40094197304907e-05
3.20999999999998,6.40276197958656e-05
3.22,6.40480466500342e-05
3.22999999999999,6.40706990673362e-05
3.23999999999998,6.40955759720191e-05
3.25,6.4122676438239e-05
3.25999999999999,6.41519996900595e-05
3.26999999999998,6.41835451014528e-05
3.27999999999997,6.42173122152325e-05
3.28999999999999,6.42533008321635e-05
3.29999999999998,6.42915106224401e-05
3.30999999999997,6.43319415467442e-05
3.31999999999999,6.43745937133812e-05
3.32999999999998,6.44194673781446e-05
3.33999999999997,6.44665629441823e-05
3.34999999999999,6.45158809618616e-05
3.35999999999999,6.45674221286345e-05
3.36999999999998,6.46211872889037e-05
3.38,6.46771774338875e-05
3.38999999999999,6.47353937014852e-05
3.39999999999998,6.47958373761431e-05
3.41,6.48585101678282e-05
3.41999999999999,6.49234135346154e-05
3.42999999999998,6.49905491722679e-05
3.44,6.50599189708033e-05
3.44999999999999,6.51315249678648e-05
3.45999999999998,6.52053693486516e-05
3.47,6.52814544458481e-05
3.47999999999999,6.5359782739552e-05
3.48999999999998,6.54403568572056e-05
3.5,6.55231795735243e-05
3.50999999999999,6.56082538104252e-05
3.51999999999998,6.56955826369582e-05
3.52999999999997,6.57851696234945e-05
3.53999999999999,6.58770182345341e-05
3.54999999999998,6.5971131778134e-05
3.55999999999997,6.60675139516075e-05
3.56999999999999,6.61661686025107e-05
3.57999999999998,6.62670997286981e-05
3.58999999999997,6.63703114783819e-05
3.59999999999999,6.64758081501883e-05
3.60999999999999,6.65835941932134e-05
3.61999999999998,6.66936742070825e-05
3.63,6.6806052942006e-05
3.63999999999999,6.69207352988359e-05
3.64999999999998,6.70377265614307e-05
3.66,6.71570324982948e-05
3.66999999999999,6.72786579999123e-05
3.67999999999998,6.74026086248694e-05
3.69,6.75288900874187e-05
3.69999999999999,6.76575082577116e-05
3.70999999999998,6.77884691620337e-05
3.72,6.79217789830381e-05
3.72999999999999,6.80574440599776e-05
3.73999999999998,6.81954708889404e-05
3.75,6.83358661230833e-05
3.75999999999999,6.84786365728635e-05
3.76999999999998,6.86237892062755e-05
3.77999999999997,6.87713326353789e-05
3.78999999999999,6.89212731683921e-05
3.79999999999998,6.90736183269892e-05
3.80999999999997,6.92283758030113e-05
3.81999999999999,6.93855534546691e-05
3.82999999999998,6.95451593070538e-05
3.83999999999997,6.97072015526514e-05
3.84999999999999,6.98716885518536e-05
3.85999999999999,7.00386288334678e-05
3.86999999999998,7.02080310952322e-05
3.88,7.0379904204326e-05
3.88999999999999,7.05542571978801e-05
3.89999999999998,7.07310995721522e-05
3.91,7.09104406501822e-05
3.91999999999999,7.10922899088354e-05
3.92999999999998,7.12766570953912e-05
3.94,7.14635521317845e-05
3.94999999999999,7.16529851151949e-05
3.95999999999998,7.18449663186401e-05
3.97,7.20395061915651e-05
3.97999999999999,7.22366153604306e-05
3.98999999999998,7.24363046293068e-05
4,7.26385849804628e-05
4.00999999999999,7.28434675749544e-05
4.01999999999998,7.30509639910381e-05
4.02999999999997,7.32610859540625e-05
4.03999999999999,7.3473844938941e-05
4.04999999999998,7.36892528626192e-05
4.05999999999997,7.39073218267856e-05
4.06999999999999,7.41280641185708e-05
4.07999999999998,7.43514922112479e-05
4.08999999999997,7.45776187649371e-05
4.09999999999999,7.48064566273059e-05
4.10999999999999,7.50380188342687e-05
4.11999999999998,7.5272318610692e-05
4.13,7.55093693710941e-05
4.13999999999999,7.57491850338872e-05
4.14999999999998,7.59917811080223e-05
4.16,7.62371702300573e-05
4.16999999999999,7.64853666767683e-05
4.17999999999998,7.67363849254753e-05
4.19,7.69902396549853e-05
4.19999999999999,7.72469457465333e-05
4.20999999999998,7.75065182847308e-05
4.22,7.77689725585082e-05
4.22999999999999,7.80343240620559e-05
4.23999999999998,7.83025884957733e-05
4.25,7.85737817672102e-05
4.25999999999999,7.88479199920091e-05
4.26999999999998,7.91250194948532e-05
4.27999999999997,7.94050968401937e-05
4.28999999999999,7.96881714935864e-05
4.29999999999998,7.99742584807085e-05
4.30999999999997,8.02633750899424e-05
4.31999999999999,8.05555388325078e-05
4.32999999999998,8.08507674437032e-05
4.33999999999997,8.1149078884154e-05
4.34999999999999,8.14504913410542e-05
4.35999999999999,8.17550232294069e-05
4.36999999999998,8.20626931932734e-05
4.38,8.23735201070143e-05
4.38999999999999,8.26875230765303e-05
4.39999999999998,8.30047214405112e-05
4.41,8.33251347716767e-05
4.41999999999999,8.36487828780177e-05
4.42999999999998,8.39756873523216e-05
4.44,8.4305867660612e-05
4.44999999999999,8.46393441953692e-05
4.45999999999998,8.49761378007816e-05
4.47,8.5316269568661e-05
4.47999999999999,8.56597608398803e-05
4.48999999999998,8.60066332058195e-05
4.5,8.63569085098035e-05
4.50999999999999,8.67106088485394e-05
4.51999999999998,8.70677565735627e-05
4.52999999999997,8.74283742926739e-05
4.53999999999999,8.77924848713812e-05
4.54999999999998,8.81601114343363e-05
4.55999999999997,8.85312773667814e-05
4.56999999999999,8.89060082816387e-05
4.57999999999998,8.92843275828087e-05
4.58999999999997,8.96662589085379e-05
4.59999999999999,9.0051826828183e-05
4.60999999999999,9.04410561883906e-05
4.61999999999998,9.08339721148506e-05
4.63,9.12306000140394e-05
4.63999999999999,9.16309655749639e-05
4.64999999999998,9.20350947709148e-05
4.66,9.24430138612104e-05
4.66999999999999,9.28547493929395e-05
4.67999999999998,9.32703282027157e-05
4.69,9.36897774184206e-05
4.69999999999999,9.4113124460947e-05
4.70999999999998,9.45403994462581e-05
4.72,9.4971630739325e-05
4.72999999999999,9.5406845308435e-05
4.73999999999998,9.58460719607548e-05
4.75,9.62893398199694e-05
4.75999999999999,9.67366783285041e-05
4.76999999999998,9.71881172497572e-05
4.77999999999997,9.76436866703201e-05
4.78999999999999,9.81034170022057e-05
4.79999999999998,9.85673389850681e-05
4.80999999999997,9.9035483688436e-05
4.81999999999999,9.9507882513934e-05
4.82999999999998,9.99845671975042e-05
4.83999999999997,0.000100465569811639
4.84999999999999,0.00010095092408121
4.85999999999999,0.00010144066384149
4.86999999999998,0.000101934820825507
4.88,0.000102433428619677
4.88999999999999,0.000102936521169071
4.89999999999998,0.000103444132780008
4.91,0.000103956298122634
4.91999999999999,0.000104473052233501
4.92999999999998,0.000104994430518157
4.94,0.000105520468753729
4.94999999999999,0.000106051203091495
4.95999999999998,0.000106586670059482
4.97,0.000107126906565039
4.97999999999999,0.000107671949897421
4.98999999999998,0.000108221838031259
5,0.000108776609686713
5.00999999999999,0.000109336302712068
5.01999999999998,0.000109900956000863
5.02999999999997,0.000110470608845319
5.03999999999999,0.000111045300939053
5.04999999999998,0.00011162507237978
5.05999999999997,0.000112209963672032
5.06999999999999,0.000112800015729862
5.07999999999998,0.000113395269879549
5.08999999999997,0.000113995767862319
5.09999999999999,0.000114601551837046
5.10999999999999,0.000115212664382955
5.11999999999998,0.00011582914850235
5.13,0.000116451048508875
5.13999999999999,0.000117078414179879
5.14999999999998,0.000117711285702333
5.16,0.000118349708267156
5.16999999999999,0.000118993727545142
5.17999999999998,0.000119643389691387
5.19,0.000120298741349706
5.19999999999999,0.000120959829657041
5.20999999999998,0.00012162670224789
5.22,0.000122299407258723
5.22999999999999,0.000122977993332388
5.23999999999998,0.000123662509622547
5.25,0.000124353004918918
5.25999999999999,0.000125049529103739
5.26999999999998,0.00012575213339199
5.27999999999997,0.00012646086890977
5.28999999999999,0.000127175787305684
5.29999999999998,0.00012789694075486
5.30999999999997,0.000128624381962966
5.31999999999999,0.000129358164170222
5.32999999999998,0.000130098341155409
5.33999999999997,0.000130844967239894
5.34999999999999,0.000131598097291636
5.35999999999999,0.0001323577867292
5.36999999999998,0.000133124090010854
5.38,0.000133897064552813
5.38999999999999,0.000134676767409059
5.39999999999998,0.000135463256131019
5.41,0.000136256588831085
5.41999999999999,0.000137056824186251
5.42999999999998,0.000137864021441767
5.44,0.000138678240414775
5.44999999999999,0.000139499541497947
5.45999999999998,0.000140327985663137
5.47,0.000141163634465024
5.47999999999999,0.000142006553060423
5.48999999999998,0.000142856808582706
5.5,0.000143714460485706
5.50999999999999,0.000144579573296819
5.51999999999998,0.000145452212199642
5.52999999999997,0.000146332443039764
5.53999999999999,0.000147220332330573
5.54999999999998,0.000148115947259046
5.55999999999997,0.000149019355691569
5.56999999999999,0.00014993062617973
5.57999999999998,0.00015084982796611
5.58999999999997,0.000151777030990103
5.59999999999999,0.000152712308224164
5.60999999999999,0.000153655730360226
5.61999999999998,0.000154607369074322
5.63,0.000155567297363669
5.63999999999999,0.000156535588970282
5.64999999999998,0.000157512318387522
5.66,0.000158497560866624
5.66999999999999,0.000159491392423223
5.67999999999998,0.0001604938898439
5.69,0.000161505130692711
5.69999999999999,0.000162525193317711
5.70999999999998,0.000163554155835863
5.72,0.000164592093195734
5.72999999999999,0.000165639089687023
5.73999999999998,0.000166695226433987
5.75,0.000167760585338433
5.75999999999999,0.000168835249084696
5.76999999999998,0.000169919301144649
5.77999999999997,0.000171012825782684
5.78999999999999,0.000172115908060706
5.79999999999998,0.000173228633843111
5.80999999999997,0.000174351089801798
5.81999999999999,0.000175483363421149
5.82999999999998,0.000176625544590616
5.83999999999997,0.000177777722764758
5.84999999999999,0.000178939987130997
5.85999999999999,0.000180112428667151
5.86999999999998,0.000181295139205945
5.88,0.000182488211440664
5.88999999999999,0.00018369173893081
5.89999999999998,0.000184905816107797
5.91,0.000186130538280602
5.91999999999999,0.000187366001641424
5.92999999999998,0.000188612303271379
5.94,0.000189869541146149
5.94999999999999,0.000191137831896906
5.95999999999998,0.000192417265877399
5.97,0.000193707945502894
5.97999999999999,0.00019500997442415
5.98999999999998,0.000196323457438892
6,0.000197648500508069
6.00999999999999,0.000198985210772115
6.01999999999998,0.000200333696567232
6.02999999999997,0.000201694067441655
6.03999999999999,0.000203066418685973
6.04999999999998,0.000204450869027065
6.05999999999997,0.000205847531072251
6.06999999999999,0.000207256517449429
6.07999999999998,0.000208677941866879
6.08999999999997,0.000210111919119437
6.09999999999999,0.00021155856509465
6.10999999999999,0.000213017996778914
6.11999999999998,0.000214490332263663
6.13,0.000215975668316265
6.13999999999999,0.000217474132410056
6.14999999999998,0.000218985846405963
6.16,0.000220510929822407
6.16999999999999,0.000222049502975262
6.17999999999998,0.000223601686967923
6.19,0.000225167603681331
6.19999999999999,0.000226747375764003
6.20999999999998,0.000228341126622096
6.22,0.000229949026242017
6.22999999999999,0.000231571191080034
6.23999999999998,0.00023320774254208
6.25,0.000234858813826778
6.25999999999999,0.000236524539603847
6.26999999999998,0.000238205056040654
6.27999999999997,0.000239900500828721
6.28999999999999,0.000241611013210256
6.29999999999998,0.000243336734004655
6.30999999999997,0.000245077804093152
6.31999999999999,0.000246834367368551
6.32999999999998,0.000248606569684473
6.33999999999997,0.00025039455804744
6.34999999999999,0.00025219848112239
6.35999999999999,0.000254018489256266
6.36999999999998,0.000255854734501644
6.38,0.000257707358679829
6.38999999999999,0.000259576478370796
6.39999999999998,0.000261462268664363
6.41,0.000263364880047057
6.41999999999999,0.000265284463644977
6.42999999999998,0.000267221171178412
6.44,0.0002691751549164
6.44999999999999,0.000271146567631301
6.45999999999998,0.000273135588293907
6.47,0.000275142366942897
6.47999999999999,0.000277167058070209
6.48999999999998,0.00027920982164099
6.5,0.000281270818661876
6.50999999999999,0.000283350211180968
6.51999999999998,0.000285448184591668
6.52999999999997,0.000287564941146412
6.53999999999999,0.000289700627080821
6.54999999999998,0.000291855417753948
6.55999999999997,0.000294029490359246
6.56999999999999,0.000296223023924546
6.57999999999998,0.000298436199312041
6.58999999999997,0.000300669191970667
6.59999999999999,0.000302922189098633
6.60999999999999,0.000305195376400569
6.61999999999998,0.000307488940996169
6.63,0.000309803071750232
6.63999999999999,0.00031213795927264
6.64999999999998,0.000314493764866066
6.66,0.000316870656669454
6.66999999999999,0.000319268844678555
6.67999999999998,0.000321688517183206
6.69,0.000324129863420822
6.69999999999999,0.000326593073576372
6.70999999999998,0.000329078339611882
6.72,0.000331585867350791
6.72999999999999,0.000334115843593291
6.73999999999998,0.000336668464227578
6.75,0.00033924392625983
6.75999999999999,0.000341842427814184
6.76999999999998,0.00034446416813278
6.77999999999997,0.000347109398520257
6.78999999999999,0.00034977833640313
6.79999999999998,0.000352471173211072
6.80999999999997,0.000355188124564296
6.81999999999999,0.000357929408210885
6.82999999999998,0.000360695244026764
6.83999999999997,0.000363485847450331
6.84999999999999,0.000366301410904263
6.85999999999999,0.000369142175418042
6.86999999999998,0.000372008364079365
6.88,0.00037490020163701
6.88999999999999,0.000377817914500805
6.89999999999998,0.000380761730741684
6.91,0.000383731832935304
6.91999999999999,0.000386728454161003
6.92999999999998,0.000389751830336346
6.94,0.000392802187210756
6.94999999999999,0.000395879751442385
6.95999999999998,0.000398984750598166
6.97,0.000402117419029731
6.97999999999999,0.000405277998931593
6.98999999999998,0.00040846671365628
7,0.00041168379686357
7.00999999999999,0.00041492948332431
7.01999999999998,0.000418204008920476
7.02999999999997,0.000421507610645134
7.03999999999999,0.000424840555226304
7.04999999999998,0.000428203113903285
7.05999999999997,0.000431595507896517
7.06999999999999,0.000435017987214458
7.07999999999998,0.000438470803675324
7.08999999999997,0.000441954210907152
7.09999999999999,0.000445468464347773
7.10999999999999,0.00044901378357535
7.11999999999998,0.00045259040858063
7.13,0.000456198614175618
7.13999999999999,0.000459838654330492
7.14999999999998,0.000463510784122396
7.16,0.000467215259735403
7.16999999999999,0.000470952338460488
7.17999999999998,0.000474722247689225
7.19,0.000478525243614044
7.19999999999999,0.00048236159229795
7.20999999999998,0.000486231549665831
7.22,0.000490135372286302
7.22999999999999,0.000494073317371669
7.23999999999998,0.000498045642777999
7.25,0.00050205260799283
7.25999999999999,0.000506094471987373
7.26999999999998,0.000510171494510923
7.27999999999997,0.000514283936148405
7.28999999999999,0.000518432058140673
7.29999999999998,0.000522616122384465
7.30999999999997,0.000526836391432471
7.31999999999999,0.000531093101622454
7.32999999999998,0.000535386527122438
7.33999999999997,0.000539716930730557
7.34999999999999,0.000544084574049248
7.35999999999999,0.0005484897190565
7.36999999999998,0.000552932628105932
7.38,0.000557413561370289
7.38999999999999,0.000561932720967667
7.39999999999998,0.000566490400133183
7.41,0.000571086855411935
7.41999999999999,0.000575722343108641
7.42999999999998,0.000580397119287713
7.44,0.000585111439773221
7.44999999999999,0.000589865551003034
7.45999999999998,0.000594659655344177
7.47,0.000599494034658606
7.47999999999999,0.000604368936268946
7.48999999999998,0.000609284606628665
7.5,0.000614241291322033
7.50999999999999,0.00061923923506408
7.51999999999998,0.000624278667972253
7.52999999999997,0.000629359792629565
7.53999999999999,0.000634482866393232
7.54999999999998,0.000639648120850685
7.55999999999997,0.000644855785785119
7.56999999999999,0.000650106089175444
7.57999999999998,0.000655399235087006
7.58999999999997,0.000660735436390225
7.59999999999999,0.000666114919802486
7.60999999999999,0.000671537899077372
7.61999999999998,0.000677004585505225
7.63,0.000682515187913099
7.63999999999999,0.000688069865972369
7.64999999999998,0.000693668835481358
7.66,0.00069931229260905
7.66999999999999,0.000705000427177921
7.67999999999998,0.000710733425711317
7.69,0.000716511457983873
7.69999999999999,0.000722334648414483
7.70999999999998,0.000728203194606347
7.72,0.000734117257875704
7.72999999999999,0.000740076995069162
7.73999999999998,0.000746082558563798
7.75,0.00075213405793102
7.75999999999999,0.000758231607303746
7.76999999999998,0.000764375356444428
7.77999999999997,0.00077056542622079
7.78999999999999,0.000776801931742059
7.79999999999998,0.00078308498235889
7.80999999999997,0.000789414613584549
7.81999999999999,0.000795790933573702
7.82999999999998,0.000802214029472658
7.83999999999997,0.000808683973170785
7.84999999999999,0.000815200829473996
7.85999999999999,0.000821764644998262
7.86999999999998,0.000828375398547817
7.88,0.000835033152089481
7.88999999999999,0.000841737920628743
7.89999999999998,0.000848489708363827
7.91,0.00085528850841374
7.91999999999999,0.000862134302546313
7.92999999999998,0.000869027037568171
7.94,0.000875966678128991
7.94999999999999,0.000882953165764586
7.95999999999998,0.000889986428051175
7.97,0.00089706637893233
7.97999999999999,0.000904192918387084
7.98999999999998,0.000911365921720198
8,0.00091858525861329
8.00999999999999,0.000925850784573527
8.01999999999998,0.000933162336832311
8.02999999999997,0.000940519736445165
8.03999999999999,0.00094792278792355
8.04999999999998,0.000955371272129625
8.05999999999997,0.000962864953653683
8.06999999999999,0.000970403586406939
8.07999999999998,0.000977986901709893
8.08999999999997,0.000985614611973415
8.09999999999999,0.000993286410295393
8.10999999999999,0.00100100196406268
8.11999999999998,0.0010087609117076
8.13,0.00101656289030416
8.13999999999999,0.00102440750663975
8.14999999999998,0.00103229434536696
8.16,0.00104022296854561
8.16999999999999,0.00104819291352067
8.17999999999998,0.0010562036795565
8.19,0.0010642547633842
8.19999999999999,0.00107234562813541
8.20999999999998,0.00108047571141013
8.22,0.00108864442477412
8.22999999999999,0.00109685115325624
8.23999999999998,0.00110509524874568
8.25,0.00111337604284664
8.25999999999999,0.00112169283695033
8.26999999999998,0.00113004490322056
8.27999999999997,0.0011384314845133
8.28999999999999,0.00114685179385733
8.29999999999998,0.00115530500917992
8.30999999999997,0.00116379028100259
8.31999999999999,0.00117230672971136
8.32999999999998,0.00118085344205696
8.33999999999997,0.0011894294720903
8.34999999999999,0.00119803384062474
8.35999999999999,0.00120666553048551
8.36999999999998,0.00121532348977059
8.38,0.00122400663764569
8.38999999999999,0.00123271385439214
8.39999999999998,0.00124144398402451
8.41,0.00125019583373054
8.41999999999999,0.00125896817435434
8.42999999999998,0.00126775974807101
8.44,0.00127656924472793
8.44999999999999,0.0012853953210113
8.45999999999998,0.00129423659436455
8.47,0.0013030916424541
8.47999999999999,0.00131195900263511
8.48999999999998,0.00132083720471391
8.5,0.00132972470793106
8.50999999999999,0.00133861992670492
8.51999999999998,0.00134752124274266
8.52999999999997,0.00135642699642538
8.53999999999999,0.00136533548638089
8.54999999999998,0.00137424498777592
8.55999999999997,0.00138315375063239
8.56999999999999,0.00139205993457421
8.57999999999998,0.00140096167989198
8.58999999999997,0.0014098570850086
8.59999999999999,0.00141874420618571
8.60999999999999,0.00142762105742691
8.61999999999998,0.00143648565507195
8.63,0.00144533591149952
8.63999999999999,0.00145416972065384
8.64999999999998,0.00146298493434375
8.66,0.0014717793620504
8.66999999999999,0.00148055077073488
8.67999999999998,0.00148929694594714
8.69,0.00149801559654992
8.69999999999999,0.00150670435596469
8.70999999999998,0.00151536084326159
8.72,0.00152398263771366
8.72999999999999,0.00153256727884409
8.73999999999998,0.00154111231988979
8.75,0.00154961540642079
8.75999999999999,0.00155807389856041
8.76999999999998,0.00156648523087732
8.77999999999997,0.00157484680687221
8.78999999999999,0.00158315599958793
8.79999999999998,0.00159141015221961
8.80999999999997,0.00159960683140744
8.81999999999999,0.00160774327686001
8.82999999999998,0.0016158167823111
8.83999999999997,0.001623824645495
8.84999999999999,0.00163176414749584
8.85999999999999,0.00163963255400665
8.86999999999998,0.00164742708851234
8.88,0.00165514495773963
8.88999999999999,0.00166278338874024
8.89999999999998,0.00167033957752329
8.91,0.00167781070723714
8.91999999999999,0.00168519398994638
8.92999999999998,0.0016924867550974
8.94,0.00169968616219104
8.94999999999999,0.00170678944559128
8.95999999999998,0.00171379385205594
8.97,0.00172069679606467
8.97999999999999,0.0017274955647502
8.98999999999998,0.00173418752356964
9,0.00174077008257229
9.00999999999999,0.00174724064271995
9.01999999999998,0.00175359665782224
9.02999999999997,0.00175983566317807
9.03999999999999,0.00176595522213185
9.04999999999998,0.00177195293030379
9.05999999999997,0.00177782638922019
9.06999999999999,0.00178357332107066
9.07999999999998,0.00178919147568416
9.08999999999997,0.00179467865928067
9.09999999999999,0.00180003290469963
9.10999999999999,0.00180525213808198
9.11999999999998,0.00181033442229897
9.13,0.00181527790609132
9.13999999999999,0.00182008092193556
9.14999999999998,0.00182474187534944
9.16,0.00182925922775636
9.16999999999999,0.00183363158832996
9.17999999999998,0.00183785766890552
9.19,0.00184193626752665
9.19999999999999,0.0018458663726292
9.20999999999998,0.00184964708120578
9.22,0.00185327762701146
9.22999999999999,0.00185675726818202
9.23999999999998,0.00186008553367399
9.25,0.00186326204961603
9.25999999999999,0.00186628658826703
9.26999999999998,0.00186915910205846
9.27999999999997,0.00187187968829047
9.28999999999999,0.00187444859285284
9.29999999999998,0.00187686623691173
9.30999999999997,0.00187913322359081
9.31999999999999,0.00188125035043379
9.32999999999998,0.00188321856829382
9.33999999999997,0.00188503902757758
9.34999999999999,0.00188671306668433
9.35999999999999,0.0018882420477296
9.36999999999998,0.00188962771861
9.38,0.0018908719505121
9.38999999999999,0.00189197680867887
9.39999999999998,0.00189294442497656
9.41,0.00189377718641524
9.41999999999999,0.00189447771123397
9.42999999999998,0.00189504877296176
9.44,0.00189549330885013
9.44999999999999,0.00189581439089187
9.45999999999998,0.0018960153589751
9.47,0.00189609970493968
9.47999999999999,0.00189607110514774
9.48999999999998,0.00189593326721468
9.5,0.00189569022922601
9.50999999999999,0.00189534616108516
9.51999999999998,0.00189490539676386
9.52999999999997,0.00189437232654993
9.53999999999999,0.00189375147991685
9.54999999999998,0.00189304766035538
9.55999999999997,0.00189226575715035
9.56999999999999,0.00189141077443533
9.57999999999998,0.00189048766397838
9.58999999999997,0.00188950173011428
9.59999999999999,0.00188845830398953
9.60999999999999,0.0018873628223425
9.61999999999998,0.00188622071323596
9.63,0.00188503756187906
9.63999999999999,0.00188381904908533
9.64999999999998,0.00188257090514712
9.66,0.00188129888993097
9.66999999999999,0.00188000876794173
9.67999999999998,0.00187870643239624
9.69,0.00187739777557534
9.69999999999999,0.00187608871563126
9.70999999999998,0.00187478509210651
9.72,0.00187349285525432
9.72999999999999,0.00187221791484999
9.73999999999998,0.00187096616616748
9.75,0.00186974347318116
9.75999999999999,0.00186855566898587
9.76999999999998,0.00186740855349428
9.77999999999997,0.00186630787351555
9.78999999999999,0.00186525933130698
9.79999999999998,0.00186426862769535
9.80999999999997,0.00186334131046574
9.81999999999999,0.00186248288202904
9.82999999999998,0.00186169876086718
9.83999999999997,0.00186099437394681
9.84999999999999,0.00186037497840565
9.85999999999999,0.00185984573267643
9.86999999999998,0.00185941170591741
9.88,0.00185907791693413
9.88999999999999,0.00185884932988523
9.89999999999998,0.00185873068009992
9.91,0.00185872663717726
9.91999999999999,0.00185884175687619
9.92999999999998,0.00185908067711732
9.94,0.00185944768407307
9.94999999999999,0.00185994702907705
9.95999999999998,0.00186058284345309
9.97,0.00186135926208096
9.97999999999999,0.00186228026812388
9.98999999999998,0.00186334965757369
10,0.00186457115629812
10.01,0.00186594841453052
10.02,0.00186748509748223
10.03,0.00186918458983917
10.04,0.00187105024209436
10.05,0.00187308530459332
10.06,0.00187529306979995
10.07,0.00187767661517207
10.08,0.00188023894937054
10.09,0.00188298301167938
10.1,0.0018859117133466
10.11,0.00188902792100644
10.12,0.00189233435289593
10.13,0.00189583369943617
10.14,0.00189952859675302
10.15,0.00190342170382615
10.16,0.00190751553825647
10.17,0.0019118126076214
10.18,0.00191631538039417
10.19,0.00192102631509594
10.2,0.0019259478293273
10.21,0.00193108230658359
10.22,0.00193643211712783
10.23,0.00194199961647242
10.24,0.00194778715100885
10.25,0.00195379705653634
10.26,0.00196003166746233
10.27,0.00196649331969021
10.28,0.00197318432811089
10.29,0.00198010704217842
10.3,0.00198726381692833
10.31,0.00199465702169683
10.32,0.00200228903026847
10.33,0.00201016223502852
10.34,0.00201827907158872
10.35,0.00202664199582612
10.36,0.00203525348405099
10.37,0.00204411595126989
10.38,0.00205323196257436
10.39,0.00206260407380283
10.4,0.00207223487653365
10.41,0.00208212691701954
10.42,0.0020922828270676
10.43,0.00210270529004656
10.44,0.00211339700724905
10.45,0.00212436073235891
10.46,0.00213559928389811
10.47,0.00214711548182002
10.48,0.00215891220929237
10.49,0.00217099239803176
10.5,0.00218335873610713
10.51,0.00219601426165769
10.52,0.00220896194292827
10.53,0.00222220477186202
10.54,0.00223574574301245
10.55,0.00224958787644048
10.56,0.00226373423777385
10.57,0.00227818790306319
10.58,0.00229295195725286
10.59,0.00230802944182617
10.6,0.00232342349130025
10.61,0.00233913722128393
10.62,0.00235517375591483
10.63,0.00237153617647862
10.64,0.00238822760240678
10.65,0.00240525115386987
10.66,0.00242260993891638
10.67,0.00244030702481813
10.68,0.00245834543028429
10.69,0.00247672822683014
10.7,0.00249545843360928
10.71,0.00251453904291684
10.72,0.00253397298528036
10.73,0.00255376319284872
10.74,0.00257391254637355
10.75,0.00259442388432276
10.76,0.00261530001071046
10.77,0.00263654367859562
10.78,0.00265815758246078
10.79,0.00268014436637868
10.8,0.00270250662080397
10.81,0.00272524689059244
10.82,0.0027483676369471
10.83,0.00277187126303379
10.84,0.00279576010312724
10.85,0.00282003646146524
10.86,0.0028447025341343
10.87,0.00286976044651389
10.88,0.00289521225177871
10.89,0.00292105995696404
10.9,0.00294730551184985
10.91,0.00297395073324246
10.92,0.00300099738182113
10.93,0.00302844714173652
10.94,0.00305630169729736
10.95,0.00308456255648349
10.96,0.00311323118211931
10.97,0.00314230895668488
10.98,0.00317179723272342
10.99,0.00320169726312574
11,0.0032320102012198
11.01,0.00326273713790922
11.02,0.0032938790996216
11.03,0.00332543707728017
11.04,0.00335741194484461
11.05,0.00338980452392563
11.06,0.00342261557879161
11.07,0.00345584580343491
11.08,0.00348949582556707
11.09,0.00352356621214541
11.1,0.00355805747019431
11.11,0.00359297004428971
11.12,0.00362830432045701
11.13,0.00366406063487799
11.14,0.00370023926556293
11.15,0.00373684043360302
11.16,0.00377386431179995
11.17,0.00381131103675336
11.18,0.00384918068230151
11.19,0.00388747328203113
11.2,0.00392618882802727
11.21,0.00396532727049098
11.22,0.0040048885187873
11.23,0.00404487244392285
11.24,0.00408527887098185
11.25,0.00412610759933032
11.26,0.00416735839085094
11.27,0.00420903096837268
11.28,0.00425112502373735
11.29,0.00429364022283415
11.3,0.00433657620007697
11.31,0.00437993255877673
11.32,0.00442370887460734
11.33,0.00446790470172402
11.34,0.00451251956837993
11.35,0.00455755297686291
11.36,0.00460300440491836
11.37,0.00464887331508662
11.38,0.00469515914798735
11.39,0.0047418613210701
11.4,0.0047889792259475
11.41,0.00483651224967853
11.42,0.00488445975800927
11.43,0.00493282109594356
11.44,0.00498159557712919
11.45,0.0050307825218604
11.46,0.00508038122737786
11.47,0.00513039097266368
11.48,0.0051808110000243
11.49,0.00523164056435789
11.5,0.00528287889568741
11.51,0.00533452521209273
11.52,0.00538657874981275
11.53,0.00543903869811266
11.54,0.00549190424932925
11.55,0.00554517458641647
11.56,0.00559884883191677
11.57,0.00565292615357628
11.58,0.00570740568846126
11.59,0.00576228656226816
11.6,0.00581756788361678
11.61,0.00587324875541289
11.62,0.005929328267881
11.63,0.00598580549986357
11.64,0.00604267951617257
11.65,0.00609994937307254
11.66,0.00615761411571659
11.67,0.00621567277808108
11.68,0.00627412438411872
11.69,0.00633296794721075
11.7,0.00639220246989526
11.71,0.00645182694480034
11.72,0.00651184034749394
11.73,0.00657224163228563
11.74,0.00663302975966554
11.75,0.00669420367117278
11.76,0.0067557622974288
11.77,0.00681770456665415
11.78,0.00688002938417993
11.79,0.00694273564817938
11.8,0.00700582224562133
11.81,0.00706928803993354
11.82,0.00713313189386762
11.83,0.00719735265550949
11.84,0.00726194915957446
11.85,0.00732692022158541
11.86,0.00739226464569625
11.87,0.00745798122554839
11.88,0.00752406873864542
11.89,0.00759052595070751
11.9,0.00765735161563776
11.91,0.00772454446805483
11.92,0.00779210323031403
11.93,0.00786002661024872
11.94,0.00792831330083232
11.95,0.00799696198057132
11.96,0.00806597131289484
11.97,0.00813533994612448
11.98,0.00820506651154826
11.99,0.00827514961755818
12,0.00834558786727185
12.01,0.0084163798432661
12.02,0.0084875241114993
12.03,0.00855901922016752
12.04,0.008630863696993
12.05,0.00870305605725146
12.06,0.00877559479645968
12.07,0.00884847839208463
12.08,0.00892170530407193
12.09,0.00899527397633107
12.1,0.00906918283038357
12.11,0.00914343027045026
12.12,0.00921801468175405
12.13,0.00929293443018179
12.14,0.00936818786184904
12.15,0.00944377330369313
12.16,0.00951968906252938
12.17,0.00959593342502634
12.18,0.00967250465643629
12.19,0.00974940099880664
12.2,0.00982662067733516
12.21,0.00990416189421916
12.22,0.00998202283006618
12.23,0.0100602016448475
12.24,0.0101386964790833
12.25,0.0102175054468002
12.26,0.0102966266415031
12.27,0.0103760581341958
12.28,0.0104557979751992
12.29,0.0105358441956888
12.3,0.0106161947972299
12.31,0.010696847761228
12.32,0.0107778010459706
12.33,0.0108590525856492
12.34,0.010940600287158
12.35,0.0110224420390032
12.36,0.0111045757034205
12.37,0.0111869991182768
12.38,0.0112697100966842
12.39,0.0113527064236546
12.4,0.0114359858632981
12.41,0.0115195461527544
12.42,0.0116033850035192
12.43,0.011687500101217
12.44,0.0117718891236903
12.45,0.0118565497024936
12.46,0.011941479449549
12.47,0.0120266759520061
12.48,0.0121121367712986
12.49,0.0121978594461731
12.5,0.0122838414867655
12.51,0.0123700803773281
12.52,0.0124565735766302
12.53,0.0125433185173456
12.54,0.0126303126037931
12.55,0.0127175532150196
12.56,0.0128050377044025
12.57,0.0128927633978975
12.58,0.0129807275945909
12.59,0.0130689275619355
12.6,0.0131573605401397
12.61,0.0132460237466281
12.62,0.0133349143683471
12.63,0.0134240295641126
12.64,0.0135133664730713
12.65,0.0136029222125619
12.66,0.0136926938543002
12.67,0.013782678450444
12.68,0.0138728730255115
12.69,0.0139632745768858
12.7,0.0140538800960861
12.71,0.0141446865192991
12.72,0.014235690766306
12.73,0.0143268897301083
12.74,0.0144182802769529
12.75,0.0145098592395614
12.76,0.0146016234268955
12.77,0.0146935696244634
12.78,0.0147856945879947
12.79,0.0148779950459253
12.8,0.0149704677004172
12.81,0.0150631092292592
12.82,0.015155916278156
12.83,0.0152488854676391
12.84,0.0153420133910982
12.85,0.0154352966147758
12.86,0.0155287316856024
12.87,0.0156223151153644
12.88,0.0157160433906453
12.89,0.0158099129721126
12.9,0.0159039202937925
12.91,0.0159980617662158
12.92,0.0160923337742408
12.93,0.0161867326719276
12.94,0.0162812547894087
12.95,0.0163758964307614
12.96,0.0164706538751117
12.97,0.0165655233872307
12.98,0.0166605011907804
12.99,0.0167555834902148
13,0.0168507664649915
13.01,0.0169460462696939
13.02,0.0170414190345349
13.03,0.0171368808648512
13.04,0.0172324278413942
13.05,0.0173280560206626
13.06,0.0174237614349267
13.07,0.0175195400996349
13.08,0.0176153880186327
13.09,0.0177113011493061
13.1,0.0178072754365668
13.11,0.0179033068032267
13.12,0.0179993911502388
13.13,0.0180955243251424
13.14,0.0181917021903903
13.15,0.0182879205745178
13.16,0.0183841752820976
13.17,0.0184804620951024
13.18,0.0185767767964754
13.19,0.0186731151387435
13.2,0.0187694728305746
13.21,0.0188658455733251
13.22,0.0189622290474972
13.23,0.0190586189129134
13.24,0.0191550108088922
13.25,0.0192514003838203
13.26,0.0193477832506664
13.27,0.0194441549827612
13.28,0.0195405111492848
13.29,0.0196368473012253
13.3,0.0197331589716391
13.31,0.0198294416759145
13.32,0.019925690939777
13.33,0.0200219022531491
13.34,0.0201180710764958
13.35,0.0202141928659931
13.36,0.0203102630627081
13.37,0.0204062770929379
13.38,0.0205022303685458
13.39,0.0205981182537699
13.4,0.020693936126117
13.41,0.0207896793585682
13.42,0.0208853432986894
13.43,0.0209809232798985
13.44,0.0210764146217179
13.45,0.0211718126300267
13.46,0.0212671126186983
13.47,0.0213623098687188
13.48,0.0214573996460511
13.49,0.0215523772104473
13.5,0.0216472378101128
13.51,0.0217419766820082
13.52,0.0218365890521539
13.53,0.0219310702007981
13.54,0.0220254153311805
13.55,0.0221196196395358
13.56,0.0222136783279545
13.57,0.0223075865914547
13.58,0.0224013396184253
13.59,0.0224949325910716
13.6,0.022588360708566
13.61,0.0226816191393301
13.62,0.0227747030509687
13.63,0.0228676076109174
13.64,0.0229603279834182
13.65,0.0230528593300108
13.66,0.0231451968100219
13.67,0.0232373353966122
13.68,0.0233292702838743
13.69,0.0234209966106572
13.7,0.0235125094899988
13.71,0.0236038040292834
13.72,0.0236948753303802
13.73,0.0237857184897814
13.74,0.0238763288174308
13.75,0.023966701338241
13.76,0.0240568311600702
13.77,0.0241467134067416
13.78,0.0242363432039765
13.79,0.0243257156799256
13.8,0.0244148259656972
13.81,0.0245036692388068
13.82,0.0245922406229078
13.83,0.0246805352676053
13.84,0.0247685483299653
13.85,0.024856274973882
13.86,0.0249437103706792
13.87,0.0250308496985633
13.88,0.0251176879547319
13.89,0.0252042204128427
13.9,0.0252904422469651
13.91,0.0253763486366957
13.92,0.0254619347674514
13.93,0.0255471958307645
13.94,0.0256321270261347
13.95,0.025716723593813
13.96,0.0258009807290442
13.97,0.0258848936561322
13.98,0.0259684576076921
13.99,0.0260516678249869
14,0.0261345195582624
14.01,0.026217008067082
14.02,0.0262991286824271
14.03,0.0263808767893239
14.04,0.0264622476243451
14.05,0.0265432365163374
14.06,0.0266238388089401
14.07,0.026704049861134
14.08,0.0267838650477904
14.09,0.026863279760222
14.1,0.0269422893598103
14.11,0.0270208892672468
14.12,0.027099074932138
14.13,0.0271768418058355
14.14,0.0272541853574262
14.15,0.027331101074203
14.16,0.0274075844621328
14.17,0.0274836310435741
14.18,0.0275592361988687
14.19,0.0276343955681432
14.2,0.0277091047129046
14.21,0.0277833592124379
14.22,0.0278571546640874
14.23,0.0279304866835394
14.24,0.028003350905105
14.25,0.0280757430185347
14.26,0.0281476587704799
14.27,0.0282190938161577
14.28,0.0282900438857925
14.29,0.0283605047321148
14.3,0.028430472130782
14.31,0.0284999418808015
14.32,0.0285689098049525
14.33,0.0286373718174547
14.34,0.0287053238032617
14.35,0.0287727616481083
14.36,0.0288396812909934
14.37,0.0289060786989922
14.38,0.0289719498678001
14.39,0.0290372908222754
14.4,0.0291020976169845
14.41,0.0291663660915807
14.42,0.0292300924702322
14.43,0.0292932728668313
14.44,0.0293559034203483
14.45,0.0294179802971223
14.46,0.0294794996911296
14.47,0.0295404578242518
14.48,0.0296008509221857
14.49,0.0296606752058957
14.5,0.0297199270127982
14.51,0.0297786026665754
14.52,0.0298366985185545
14.53,0.029894210947888
14.54,0.029951136361735
14.55,0.030007471195441
14.56,0.0300632119901529
14.57,0.0301183554366481
14.58,0.0301728979523686
14.59,0.0302268361289785
14.6,0.0302801665925867
14.61,0.0303328860042187
14.62,0.0303849910602912
14.63,0.030436478493084
14.64,0.0304873450571197
14.65,0.0305375875185575
14.66,0.0305872027404574
14.67,0.0306361875952735
14.68,0.0306845389926609
14.69,0.0307322538798915
14.7,0.0307793292422707
14.71,0.0308257621035552
14.72,0.0308715494152276
14.73,0.0309166879421297
14.74,0.0309611749995435
14.75,0.0310050077024927
14.76,0.0310481831979669
14.77,0.0310906986648712
14.78,0.0311325513139736
14.79,0.0311737383878541
14.8,0.0312142571993678
14.81,0.0312541051819591
14.82,0.0312932796080643
14.83,0.031331777871485
14.84,0.0313695974007262
14.85,0.0314067356591173
14.86,0.0314431901449321
14.87,0.0314789583915104
14.88,0.0315140380802628
14.89,0.031548427223213
14.9,0.0315821232516049
14.91,0.0316151239165408
14.92,0.0316474270146125
14.93,0.0316790303885601
14.94,0.03170993192793
14.95,0.0317401295697327
14.96,0.0317696211817038
14.97,0.0317984043323511
14.98,0.031826477341002
14.99,0.0318538382564577
15,0.0318804851673684
15.01,0.0319064162022933
15.02,0.0319316295297623
15.03,0.0319561233583362
15.04,0.031979895838118
15.05,0.0320029448281417
15.06,0.0320252688742799
15.07,0.0320468662696911
15.08,0.0320677353380482
15.09,0.0320878744330616
15.1,0.0321072819380012
15.11,0.0321259562652184
15.12,0.032143895957172
15.13,0.0321611000075663
15.14,0.0321775667160131
15.15,0.0321932947299979
15.16,0.0322082827423717
15.17,0.0322225294920664
15.18,0.0322360337648101
15.19,0.032248794469612
15.2,0.0322608105760898
15.21,0.0322720809833167
15.22,0.0322826047083414
15.23,0.0322923808240507
15.24,0.0323014084602285
15.25,0.032309686804614
15.26,0.0323172142946609
15.27,0.0323239901569413
15.28,0.0323300137625945
15.29,0.0323352843020673
15.3,0.0323398009943886
15.31,0.0323435630860874
15.32,0.0323465698509708
15.33,0.0323488206836295
15.34,0.0323503148781121
15.35,0.0323510518135108
15.36,0.0323510309004064
15.37,0.0323502515808681
15.38,0.0323487133999541
15.39,0.032346416421767
15.4,0.0323433599593578
15.41,0.0323395436811064
15.42,0.0323349672964871
15.43,0.0323296305560688
15.44,0.0323235333624539
15.45,0.0323166759100076
15.46,0.0323090579267028
15.47,0.0323006794066031
15.48,0.0322915403923477
15.49,0.0322816409751503
15.5,0.032270981035546
15.51,0.032259560335093
15.52,0.0322473792849889
15.53,0.0322344380489291
15.54,0.0322207368278052
15.55,0.0322062758597042
15.56,0.0321910551174266
15.57,0.0321750746655845
15.58,0.0321583349570494
15.59,0.0321408362740598
15.6,0.0321225789263928
15.61,0.0321035632513639
15.62,0.0320837900861821
15.63,0.0320632599723939
15.64,0.0320419732645663
15.65,0.0320199305381459
15.66,0.0319971324077911
15.67,0.031973579527372
15.68,0.0319492731296909
15.69,0.0319242139215656
15.7,0.0318984026661963
15.71,0.0318718402856686
15.72,0.0318445277510506
15.73,0.0318164660823928
15.74,0.0317876556531612
15.75,0.0317580974882369
15.76,0.0317277928188248
15.77,0.031696742699942
15.78,0.0316649482213726
15.79,0.0316324105076678
15.8,0.0315991302754139
15.81,0.0315651085605041
15.82,0.0315303466745212
15.83,0.0314948457648729
15.84,0.0314586070034025
15.85,0.0314216315863885
15.86,0.0313839211841801
15.87,0.0313454773297079
15.88,0.0313063011549157
15.89,0.0312663940896116
15.9,0.0312257576001919
15.91,0.0311843931896413
15.92,0.031142302695428
15.93,0.0310994879944635
15.94,0.0310559505620138
15.95,0.0310116921528276
15.96,0.03096671456774
15.97,0.0309210196536727
15.98,0.0308746089131125
15.99,0.0308274836940478
16,0.0307796462444434
16.01,0.0307310984296598
16.02,0.0306818421460924
16.03,0.0306318793211722
16.04,0.0305812117013786
16.05,0.0305298408008168
16.0599999999999,0.0304777688473189
16.07,0.0304249977805633
16.08,0.0303715295610443
16.09,0.0303173661700698
16.1,0.0302625098089069
16.11,0.0302069631758474
16.12,0.0301507280243955
16.13,0.0300938065566438
16.14,0.0300362010081481
16.15,0.0299779136479276
16.16,0.0299189469021047
16.17,0.0298593037620879
16.1799999999999,0.0297989862829522
16.19,0.0297379969703986
16.2,0.0296763383724823
16.21,0.0296140130796106
16.22,0.0295510237245439
16.23,0.0294873721593609
16.24,0.0294230607475576
16.25,0.0293580924907951
16.26,0.0292924699944531
16.27,0.0292261958898365
16.28,0.0291592728341749
16.29,0.0290917035070901
16.3,0.0290234900880872
16.3099999999999,0.0289546355561824
16.32,0.0288851426068963
16.33,0.0288150139559334
16.34,0.0287442523391798
16.35,0.0286728605127041
16.36,0.0286008415965072
16.37,0.0285281988510221
16.38,0.0284549348453453
16.39,0.0283810525366819
16.4,0.0283065549126212
16.41,0.0282314449911366
16.42,0.028155725820586
16.4299999999999,0.0280794008890078
16.44,0.028002473226325
16.45,0.0279249459708157
16.46,0.027846822359708
16.47,0.0277681056661273
16.48,0.027688799199097
16.49,0.0276089060644989
16.5,0.0275284287847003
16.51,0.0274473711958006
16.52,0.0273657366014862
16.53,0.0272835283285312
16.54,0.0272007497267975
16.55,0.0271174041692346
16.5599999999999,0.0270334947557191
16.57,0.0269490248418651
16.58,0.026863997933012
16.59,0.0267784174337514
16.6,0.0266922867668198
16.61,0.0266056093730996
16.62,0.0265183887116164
16.63,0.0264306288229903
16.64,0.0263423330134986
16.65,0.026253504825117
16.66,0.0261641478696406
16.67,0.0260742657834085
16.6799999999999,0.0259838622273037
16.69,0.0258929409864827
16.7,0.0258015064283721
16.71,0.0257095619647626
16.72,0.0256171114491141
16.73,0.0255241587674455
16.74,0.0254307078383313
16.75,0.0253367626129035
16.76,0.0252423267394837
16.77,0.025147403749802
16.78,0.0250519979605204
16.79,0.0249561133366224
16.8,0.024859753865975
16.8099999999999,0.0247629235593288
16.82,0.0246656264503174
16.83,0.0245678659757806
16.84,0.0244696460794058
16.85,0.0243709709969098
16.86,0.0242718447261137
16.87,0.0241722712773499
16.88,0.0240722546734647
16.89,0.0239717989498174
16.9,0.0238709089671964
16.91,0.0237695885152097
16.92,0.0236678417069541
16.9299999999999,0.0235656727437572
16.94,0.0234630858487105
16.95,0.0233600852666718
16.96,0.0232566753821323
16.97,0.0231528613272198
16.98,0.0230486471036093
16.99,0.0229440372111466
17,0.0228390361881809
17.01,0.0227336486115634
17.02,0.0226278785960864
17.03,0.0225217304524694
17.04,0.022415208988697
17.05,0.0223083187589585
17.0599999999999,0.0222010643390336
17.07,0.0220934503262927
17.08,0.0219854799667295
17.09,0.0218771583679627
17.1,0.0217684899774879
17.11,0.0216594792214959
17.12,0.0215501305240528
17.13,0.0214404486993737
17.14,0.0213304388492227
17.15,0.0212201051472453
17.16,0.021109452215282
17.17,0.0209984846931261
17.1799999999999,0.0208872072385237
17.19,0.0207756259103673
17.2,0.0206637453486242
17.21,0.0205515703220227
17.22,0.0204391058859761
17.23,0.0203263571443396
17.24,0.0202133289857294
17.25,0.0201000254476135
17.26,0.0199864522030893
17.27,0.0198726142944258
17.28,0.0197585167870553
17.29,0.0196441647695736
17.3,0.0195295625499797
17.3099999999999,0.0194147149232335
17.32,0.0192996271541324
17.33,0.0191843041746156
17.34,0.0190687509160761
17.35,0.0189529723549311
17.36,0.0188369745767094
17.37,0.0187207620877503
17.38,0.0186043400201811
17.39,0.0184877135260196
17.4,0.0183708877771737
17.41,0.0182538683941819
17.42,0.0181366612234891
17.4299999999999,0.018019271424477
17.44,0.0179017045387143
17.45,0.0177839661607648
17.46,0.0176660614017747
17.47,0.0175479960241714
17.48,0.0174297756652807
17.49,0.0173114059708514
17.5,0.0171928921345024
17.51,0.0170742388961088
17.52,0.0169554521497372
17.53,0.0168365372920441
17.54,0.016717499710261
17.55,0.0165983450882631
17.5599999999999,0.0164790787965294
17.57,0.0163597062508886
17.58,0.0162402329012146
17.59,0.0161206647507296
17.6,0.0160010087600892
17.61,0.0158812701304725
17.62,0.0157614548579988
17.63,0.0156415690028891
17.64,0.0155216189051479
17.65,0.0154016107852889
17.66,0.0152815509282879
17.67,0.0151614457285726
17.6799999999999,0.015041301153354
17.69,0.0149211218326231
17.7,0.0148009147331266
17.71,0.0146806859184996
17.72,0.0145604414524842
17.73,0.014440186731015
17.74,0.0143199276071634
17.75,0.0141996700719478
17.76,0.0140794199225828
17.77,0.0139591832782517
17.78,0.0138389680720047
17.79,0.0137187799577737
17.8,0.0135986255120613
17.8099999999999,0.0134785119965685
17.82,0.0133584471874785
17.83,0.0132384380488669
17.84,0.013118492116161
17.85,0.012998614590857
17.86,0.0128788121458522
17.87,0.0127590921020976
17.88,0.0126394612207454
17.89,0.012519925053925
17.9,0.0124004904302809
17.91,0.01228116365799
17.92,0.0121619516257458
17.9299999999999,0.0120428629597412
17.94,0.0119239037619803
17.95,0.0118050811546922
17.96,0.0116864030702924
17.97,0.0115678776381132
17.98,0.0114495123765402
17.99,0.0113313153032263
18,0.0112132930139782
18.01,0.0110954534500684
18.02,0.0109778045939772
18.03,0.0108603541906961
18.04,0.0107431088800961
18.05,0.0106260766771469
18.0599999999999,0.0105092651142028
18.07,0.0103926821696127
18.08,0.010276336486271
18.09,0.010160235615726
18.1,0.0100443876150893
18.11,0.00992880128375699
18.12,0.00981348551834453
18.13,0.00969844895107535
18.14,0.00958370030149302
18.15,0.00946924838585672
18.16,0.00935510237016302
18.17,0.00924127081450444
18.1799999999999,0.0091277620936593
18.19,0.00901458525973161
18.2,0.00890174919499326
18.21,0.00878926285708158
18.22,0.00867713510619272
18.23,0.00856537548541966
18.24,0.00845399423095848
18.25,0.00834300072711772
18.26,0.00823240505690024
18.27,0.00812221771041217
18.28,0.00801244905137152
18.29,0.00790310935979533
18.3,0.00779420830854778
18.3099999999999,0.00768575669066518
18.32,0.00757776479741917
18.33,0.00747024240527747
18.34,0.00736320001341761
18.35,0.00725664814436929
18.36,0.00715059823302972
18.37,0.00704506079108796
18.38,0.00694004705165502
18.39,0.00683556958319337
18.4,0.00673163986290281
18.41,0.00662826996805326
18.42,0.00652547168062208
18.4299999999999,0.0064232575524749
18.44,0.00632163996092417
18.45,0.00622062980634258
18.46,0.00612023973996946
18.47,0.00602048189473703
18.48,0.00592136834083769
18.49,0.005822911267355
18.5,0.00572512290831315
18.51,0.00562801718943322
18.52,0.00553160695609153
18.53,0.00543590582296147
18.54,0.0053409277915041
18.55,0.00524668696190417
18.5599999999999,0.00515319606530599
18.57,0.0050604692655703
18.58,0.00496851985548725
18.59,0.0048773606217649
18.6,0.00478700490659759
18.61,0.00469746644484489
18.62,0.00460875837071395
18.63,0.00452089451039791
18.64,0.00443388928131584
18.65,0.0043477565729587
18.66,0.00426251049715029
18.67,0.00417816545010189
18.6799999999999,0.00409473515474977
18.69,0.00401223254848989
18.7,0.00393067147271779
18.71,0.00385006412025644
18.72,0.00377042332113825
18.73,0.00369176159452795
18.74,0.00361409147192998
18.75,0.00353742495729545
18.76,0.0034617745532082
18.77,0.00338715217356335
18.78,0.00331356942825768
18.79,0.00324103734730058
18.8,0.00316956720925356
18.8099999999999,0.0030991675880274
18.82,0.003029848128766
18.83,0.0029616175990038
18.84,0.00289448418332872
18.85,0.0028284554739013
18.86,0.00276353850674139
18.87,0.00269973976602072
18.88,0.00263706494549
18.89,0.00257551864787609
18.9,0.00251510532711134
18.91,0.00245582772520533
18.92,0.00239768826990631
18.9299999999999,0.00234068847670755
18.94,0.00228482852696769
18.95,0.00223010815496034
18.96,0.0021765258471457
18.97,0.00212407919784312
18.98,0.00207276494165207
18.99,0.00202257860543747
19,0.00197351495650845
19.01,0.00192556767550097
19.02,0.00187872943549893
19.03,0.00183299199294015
19.04,0.00178834618409282
19.05,0.00174478180856092
19.0599999999999,0.00170228783316298
19.07,0.00166085245397096
19.08,0.00162046271542376
19.09,0.00158110525688438
19.1,0.00154276573112915
19.11,0.00150542885025445
19.12,0.00146907940485832
19.13,0.00143370069066841
19.14,0.00139927579665896
19.15,0.00136578769400561
19.16,0.00133321804481911
19.17,0.00130154888796448
19.1799999999999,0.00127076160750043
19.19,0.00124083685004818
19.2,0.00121175615333246
19.21,0.00118349965595162
19.22,0.00115604781297242
19.23,0.00112938152576125
19.24,0.00110348067280617
19.25,0.00107832580529218
19.26,0.00105389752947041
19.27,0.00103017628338166
19.28,0.00100714279022965
19.29,0.000984777975834496
19.3,0.00096306298643147
19.3099999999999,0.000941979039164517
19.32,0.000921507826016693
19.33,0.000901631228687067
19.34,0.000882331377048941
19.35,0.000863590845557005
19.36,0.00084539248655686
19.37,0.000827719545544975
19.38,0.000810555681882894
19.39,0.000793884856361162
19.4,0.000777691536536696
19.41,0.000761960564882481
19.42,0.000746677091301275
19.4299999999999,0.000731826811537256
19.44,0.000717395740408788
19.45,0.000703370274775305
19.46,0.000689737299958574
19.47,0.000676484029894103
19.48,0.000663598073637554
19.49,0.000651067478466374
19.5,0.000638880623935107
19.51,0.000627026280245353
19.52,0.000615493615156859
19.53,0.000604272109137018
19.54,0.000593351619383239
19.55,0.000582722363210572
19.5599999999999,0.000572374850720107
19.57,0.000562299943857194
19.58,0.000552488823980544
19.59,0.000542932962734425
19.6,0.000533624142827746
19.61,0.00052455443481259
19.62,0.000515716189167982
19.63,0.000507102029806077
19.64,0.000498704844067836
19.65,0.000490517772582861
19.66,0.000482534203925173
19.67,0.000474747763315553
19.6799999999999,0.000467152304628226
19.69,0.000459741902322979
19.7,0.000452510840850502
19.71,0.000445453607273525
19.72,0.000438564894108927
19.73,0.000431839607749372
19.74,0.000425272797809883
19.75,0.000418859701029404
19.76,0.000412595762758334
19.77,0.000406476633643462
19.78,0.000400498048581748
19.79,0.000394655929528899
19.8,0.000388946338263994
19.8099999999999,0.000383365476660642
19.82,0.000377909691330739
19.83,0.000372575452367239
19.84,0.000367359406859401
19.85,0.000362258306895968
19.86,0.000357268996981262
19.87,0.000352388449399868
19.88,0.000347613766694797
19.89,0.000342942141363409
19.9,0.000338370864060629
19.91,0.000333897323700658
19.92,0.000329519094493029
19.9299999999999,0.000325233747898378
19.94,0.000321038967341412
19.95,0.000316932525734917
19.96,0.000312912311327678
19.97,0.000308976292282122
19.98,0.000305122483807654
19.99,0.00030134899140002
20,0.000297653994984112
20.01,0.000294035753923234
20.02,0.000290492578510103
20.03,0.000287022847190028
20.04,0.000283624997753604
20.05,0.000280297571845442
20.0599999999999,0.000277039123171747
20.07,0.000273848267275535
20.08,0.000270723674710086
20.09,0.000267664098239693
20.1,0.000264668345556589
20.11,0.000261735235938491
20.12,0.00025886365284485
20.13,0.000256052527672877
20.14,0.000253300850497116
20.15,0.000250607633184111
20.16,0.000247971935295712
20.17,0.00024539285476914
20.1799999999999,0.000242869526174342
20.19,0.000240401118393472
20.2,0.000237986832868136
20.21,0.000235625901657696
20.22,0.000233317605427561
20.23,0.000231061261090286
20.24,0.000228856187357996
20.25,0.000226701741941884
20.26,0.000224597315174956
20.27,0.000222542368449482
20.28,0.000220536331152556
20.29,0.000218578679985784
20.3,0.000216668916787538
20.3099999999999,0.000214806568672468
20.32,0.000212991185303895
20.33,0.000211222338240402
20.34,0.00020949962053365
20.35,0.000207822643886968
20.36,0.000206191035090473
20.37,0.00020460444463706
20.38,0.00020306253735445
20.39,0.000201564993618707
20.4,0.000200111577799012
20.41,0.000198702011455002
20.42,0.000197336042022037
20.4299999999999,0.000196013442879027
20.44,0.000194734013566223
20.45,0.000193497579650921
20.46,0.000192303971050524
20.47,0.000191153043391843
20.48,0.000190044671595533
20.49,0.000188978748066918
20.5,0.000187955185912316
20.51,0.000186973916281696
20.52,0.000186034888810294
20.53,0.000185138061687718
20.54,0.00018428340953899
20.55,0.000183470933417815
20.5599999999999,0.000182700645558892
20.57,0.000181972582308662
20.58,0.000181286876936368
20.59,0.000180643584915868
20.6,0.000180042819727771
20.61,0.000179484718001953
20.62,0.00017896941816022
20.63,0.000178497090511896
20.64,0.000178067936329923
20.65,0.000177682172619459
20.66,0.000177340037669511
20.67,0.000177041789474466
20.6799999999999,0.000176787711483599
20.69,0.000176578108052753
20.7,0.00017641330584099
20.71,0.000176293653152358
20.72,0.000176219521427273
20.73,0.00017619130472404
20.74,0.000176209419730627
20.75,0.000176274321676631
20.76,0.000176386510547746
20.77,0.000176546475438084
20.78,0.000176754748253552
20.79,0.000177011889137446
20.8,0.00017731841615073
20.8099999999999,0.000177674946767635
20.82,0.000178082100699093
20.83,0.000178540519246389
20.84,0.00017905086784982
20.85,0.000179613835667589
20.86,0.000180230134674949
20.87,0.000180900500640537
20.88,0.000181625693853886
20.89,0.000182406516528377
20.9,0.000183243778051547
20.91,0.000184138320047625
20.92,0.000185090975875107
20.9299999999999,0.000186102571576784
20.94,0.000187174000239408
20.95,0.000188306147904069
20.96,0.0001894999413981
20.97,0.000190756300321622
20.98,0.000192076160823357
20.99,0.000193460472750756
21,0.000194910192196935
21.01,0.00019642629342616
21.02,0.000198009758027559
21.03,0.000199661537476282
21.04,0.000201382593054243
21.05,0.000203173903472986
21.0599999999999,0.000205036431697812
21.07,0.000206971108275657
21.08,0.00020897887842743
21.09,0.000211060664429083
21.1,0.000213217367071132
21.11,0.000215449863105865
21.12,0.000217759012614883
21.13,0.000220145646534107
21.14,0.000222610529832599
21.15,0.000225154418110053
21.16,0.000227778023195355
21.17,0.000230482000441393
21.1799999999999,0.000233266925056564
21.19,0.000236133351013075
21.2,0.000239081757606576
21.21,0.000242112544898306
21.22,0.000245226042600845
21.23,0.000248422508731221
21.24,0.000251702114376166
21.25,0.000255064931448155
21.26,0.000258510949441435
21.27,0.000262040055148468
21.28,0.000265652028136461
21.29,0.000269346535728071
21.3,0.000273123135344254
21.3099999999999,0.000276981262277294
21.32,0.000280920236159695
21.33,0.000284939240392316
21.34,0.000289037325188176
21.35,0.000293213410497932
21.36,0.000297466300139408
21.37,0.000301794623300636
21.38,0.000306196872368671
21.39,0.000310671424738994
21.4,0.000315216500872439
21.41,0.000319830150774884
21.42,0.000324510283836639
21.4299999999999,0.000329254729078731
21.44,0.000334061087781548
21.45,0.000338926834578607
21.46,0.000343849328618985
21.47,0.000348825813306635
21.48,0.000353853329759183
21.49,0.000358928799258129
21.5,0.000364049097313686
21.51,0.000369210898569251
21.52,0.000374410758178079
21.53,0.000379645132699889
21.54,0.000384910433158538
21.55,0.000390202906185174
21.5599999999999,0.000395518733286249
21.57,0.000400854029094508
21.58,0.00040620481516311
21.59,0.000411567054088272
21.6,0.000416936655048746
21.61,0.000422309467000769
21.62,0.000427681310787305
21.63,0.000433047993178696
21.64,0.000438405275850248
21.65,0.000443748931639634
21.66,0.000449074747780951
21.67,0.000454378505463579
21.6799999999999,0.000459656013767977
21.69,0.000464903113240747
21.7,0.000470115689135787
21.71,0.000475289664771616
21.72,0.000480421019122199
21.73,0.000485505805821746
21.74,0.000490540149129171
21.75,0.000495520256992466
21.76,0.000500442430186718
21.77,0.000505303058882228
21.78,0.000510098643575934
21.79,0.00051482580293467
21.8,0.000519481231024492
21.8099999999999,0.000524061762327203
21.82,0.000528564361508882
21.83,0.000532986106253098
21.84,0.000537324216706997
21.85,0.000541576052356179
21.86,0.000545739092150085
21.87,0.000549810978364524
21.88,0.000553789498511238
21.89,0.000557672516893895
21.9,0.0005614581022619
21.91,0.000565144448335937
21.92,0.000568729864028473
21.9299999999999,0.000572212825103335
21.94,0.000575591941034097
21.95,0.000578865956108243
21.96,0.000582033762710534
21.97,0.000585094387854446
21.98,0.00058804696498742
21.99,0.000590890792971111
22,0.000593625288465444
22.01,0.000596249958947285
22.02,0.000598764469162009
22.03,0.000601168590108389
22.04,0.000603462197100495
22.05,0.000605645286771988
22.0599999999999,0.000607717960134805
22.07,0.000609680419561526
22.08,0.000611532971668594
22.09,0.000613276018607257
22.1,0.000614910041162498
22.11,0.000616435622138727
22.12,0.000617853423551705
22.13,0.000619164176741449
22.14,0.000620368697205434
22.15,0.000621467868257276
22.16,0.000622462645355394
22.17,0.000623354042350084
22.1799999999999,0.000624143134529329
22.19,0.000624831059874944
22.2,0.000625419002981512
22.21,0.000625908199695218
22.22,0.000626299930825583
22.23,0.000626595519356357
22.24,0.000626796326217955
22.25,0.000626903750050335
22.26,0.000626919219908817
22.27,0.000626844191571608
22.28,0.00062668015400854
22.29,0.000626428622994192
22.3,0.000626091126412335
22.3099999999999,0.000625669216884303
22.32,0.000625164470110881
22.33,0.000624578466691202
22.34,0.000623912801636506
22.35,0.00062316907871155
22.36,0.000622348907445342
22.37,0.000621453900918595
22.38,0.000620485685309206
22.39,0.000619445875923979
22.4,0.000618336089176041
22.41,0.00061715795870764
22.42,0.000615913102914627
22.4299999999999,0.000614603135793191
22.44,0.000613229665392266
22.45,0.000611794292219291
22.46,0.000610298608556214
22.47,0.000608744196322316
22.48,0.000607132626144112
22.49,0.00060546545275487
22.5,0.000603744221850973
22.51,0.000601970479813545
22.52,0.000600145741112469
22.53,0.00059827151149903
22.54,0.00059634928368762
22.55,0.000594380531459955
22.5599999999999,0.000592366712366651
22.57,0.000590309263502948
22.58,0.000588209604438191
22.59,0.000586069134525398
22.6,0.000583889238748675
22.61,0.000581671283240296
22.62,0.000579416608118084
22.63,0.00057712653760388
22.64,0.000574802382063532
22.65,0.000572445423673682
22.66,0.000570056926863651
22.67,0.000567638133591179
22.6799999999999,0.000565190266171103
22.69,0.000562714524818983
22.7,0.000560212090326324
22.71,0.000557684120602092
22.72,0.000555131751197107
22.73,0.000552556099520601
22.74,0.000549958263959777
22.75,0.000547339317213837
22.76,0.000544700312904154
22.77,0.000542042284643269
22.78,0.000539366243873514
22.79,0.000536673181536484
22.8,0.000533964067681163
22.8099999999999,0.000531239851455561
22.82,0.000528501461103953
22.83,0.000525749804061595
22.84,0.000522985773419207
22.85,0.000520210235836524
22.86,0.000517424040112203
22.87,0.000514628016507611
22.88,0.000511822977858087
22.89,0.000509009715131756
22.9,0.000506189001578561
22.91,0.000503361590533999
22.92,0.000500528217411526
22.9299999999999,0.000497689599451395
22.94,0.000494846435584421
22.95,0.000491999408283375
22.96,0.000489149180582897
22.97,0.000486296398588379
22.98,0.000483441693299984
22.99,0.000480585680065675
23,0.000477728955367127
23.01,0.000474872100837087
23.02,0.000472015680183176
23.03,0.000469160243742107
23.04,0.000466306326095268
23.05,0.000463454446650451
23.0599999999999,0.000460605106785506
23.07,0.000457758794127002
23.08,0.000454915983212597
23.09,0.000452077133061974
23.1,0.000449242690992692
23.11,0.000446413093049781
23.12,0.000443588756833101
23.13,0.000440770089085313
23.14,0.000437957483934605
23.15,0.000435151323429407
23.16,0.000432351977175643
23.17,0.000429559803136688
23.1799999999999,0.000426775147787655
23.19,0.000423998338655391
23.2,0.000421229699595291
23.21,0.000418469540935896
23.22,0.000415718161570185
23.23,0.000412975853701521
23.24,0.000410242897230817
23.25,0.00040751956050848
23.26,0.00040480610329704
23.27,0.000402102774376459
23.28,0.000399409812136933
23.29,0.000396727448372867
23.3,0.000394055904795294
23.3099999999999,0.000391395393523292
23.32,0.000388746114525379
23.33,0.000386108263687002
23.34,0.000383482026665666
23.35,0.000380867580747917
23.36,0.000378265102245819
23.37,0.0003756747513783
23.38,0.00037309668387634
23.39,0.000370531048407596
23.4,0.000367977986583842
23.41,0.000365437632099179
23.42,0.000362910113762028
23.4299999999999,0.000360395553457348
23.44,0.000357894066966892
23.45,0.000355405762152098
23.46,0.000352930736317415
23.47,0.000350469088614774
23.48,0.000348020909302777
23.49,0.000345586282968913
23.5,0.000343165289133334
23.51,0.000340758002270825
23.52,0.000338364490958825
23.53,0.000335984819177921
23.54,0.000333619046138729
23.55,0.000331267224276097
23.5599999999999,0.000328929401955404
23.57,0.000326605624682491
23.58,0.000324295932679599
23.59,0.000322000361938601
23.6,0.000319718946406894
23.61,0.000317451714719561
23.62,0.000315198691593727
23.63,0.00031295989870903
23.64,0.000310735354458375
23.65,0.00030852506619406
23.66,0.000306329046295214
23.67,0.000304147301710394
23.6799999999999,0.000301979835679414
23.69,0.00029982664825806
23.7,0.000297687735925682
23.71,0.000295563092861568
23.72,0.000293452710140031
23.73,0.000291356576075269
23.74,0.00028927467676931
23.75,0.000287206997468332
23.76,0.000285153518664143
23.77,0.000283114219611023
23.78,0.000281089077514712
23.79,0.000279078065772511
23.8,0.000277081153688935
23.8099999999999,0.000275098313157454
23.82,0.00027312951218854
23.83,0.000271174716918187
23.84,0.000269233890466462
23.85,0.000267306993539907
23.86,0.000265393987111004
23.87,0.000263494829490768
23.88,0.00026160947731547
23.89,0.000259737887075335
23.9,0.000257880013897932
23.91,0.000256035809969448
23.92,0.000254205227087156
23.9299999999999,0.000252388215936461
23.94,0.00025058472437488
23.95,0.000248794699719922
23.96,0.000247018089520054
23.97,0.000245254839604021
23.98,0.000243504894875966
23.99,0.000241768196212177
24,0.000240044685254817
24.01,0.000238334303836462
24.02,0.000236636991878559
24.03,0.000234952688342226
24.04,0.000233281333804333
24.05,0.000231622866158169
24.0599999999999,0.00022997722235553
24.07,0.000228344339267669
24.08,0.000226724153248635
24.09,0.000225116600380723
24.1,0.000223521616177302
24.11,0.000221939135839182
24.12,0.000220369094317337
24.13,0.000218811426349629
24.14,0.000217266058832372
24.15,0.000215732926237218
24.16,0.000214211960378711
24.17,0.000212703092054706
24.1799999999999,0.000211206252636137
24.19,0.000209721378819084
24.2,0.000208248398553671
24.21,0.000206787242538805
24.22,0.000205337841148398
24.23,0.000203900126040216
24.24,0.000202474026709975
24.25,0.000201059472997311
24.26,0.000199656394495798
24.27,0.000198264721146737
24.28,0.000196884382192626
24.29,0.000195515306543586
24.3,0.000194157422997626
24.3099999999999,0.000192810662495566
24.32,0.000191474955890358
24.33,0.000190150231375135
24.34,0.000188836418338253
24.35,0.00018753344686495
24.36,0.000186241248325858
24.37,0.000184959751752883
24.38,0.000183688887161967
24.39,0.000182428584416381
24.4,0.00018117877151765
24.41,0.000179939378954347
24.42,0.000178710336285595
24.4299999999999,0.000177491573038023
24.44,0.000176283023794207
24.45,0.000175084617479999
24.46,0.00017389628448496
24.47,0.000172717955670713
24.48,0.000171549562429675
24.49,0.000170391037946483
24.5,0.000169242312979081
24.51,0.000168103319475525
24.52,0.000166973989574446
24.53,0.000165854255439862
24.54,0.000164744049407418
24.55,0.00016364330421007
24.5599999999999,0.00016255195265663
24.57,0.000161469927736316
24.58,0.000160397164146763
24.59,0.000159333595346465
24.6,0.000158279155080381
24.61,0.00015723377755775
24.62,0.000156197397655768
24.63,0.000155169954377887
24.64,0.000154151381597889
24.65,0.000153141615578727
24.66,0.000152140592946091
24.67,0.000151148249124287
24.6799999999999,0.000150164518803436
24.69,0.000149189340149463
24.7,0.000148222650160085
24.71,0.000147264386075486
24.72,0.000146314487907292
24.73,0.000145372894112856
24.74,0.000144439542865362
24.75,0.000143514373320862
24.76,0.000142597324992065
24.77,0.000141688338213225
24.78,0.00014078735305199
24.79,0.000139894310158084
24.8,0.000139009150539194
24.8099999999999,0.000138131815565037
24.82,0.000137262246968778
24.83,0.000136400386828724
24.84,0.000135546177587044
24.85,0.000134699562044134
24.86,0.000133860483358628
24.87,0.000133028885163742
24.88,0.000132204711320244
24.89,0.000131387906071483
24.9,0.000130578414035567
24.91,0.000129776180191347
24.92,0.000128981150145027
24.9299999999999,0.000128193270110268
24.94,0.000127412485973497
24.95,0.000126638744309775
24.96,0.000125871992070062
24.97,0.000125112176581237
24.98,0.000124359245641823
24.99,0.000123613147311894
25,0.000122873830056882
25.01,0.000122141242728061
25.02,0.000121415334554573
25.03,0.000120696055158597
25.04,0.000119983354548972
25.05,0.000119277183080389
25.0599999999999,0.000118577491501282
25.07,0.000117884230938725
25.08,0.00011719735289844
25.09,0.000116516808964437
25.1,0.000115842551477924
25.11,0.000115174533039298
25.12,0.000114512706607018
25.13,0.000113857025512389
25.14,0.000113207443472244
25.15,0.00011256391457831
25.16,0.000111926393273386
25.17,0.000111294834384732
25.1799999999999,0.000110669193112861
25.19,0.000110049425031525
25.2,0.000109435485958105
25.21,0.000108827331761012
25.22,0.000108224919334897
25.23,0.000107628205658539
25.24,0.000107037148076001
25.25,0.00010645170429664
25.26,0.000105871832370798
25.27,0.000105297490146337
25.28,0.000104728636683277
25.29,0.000104165231066216
25.3,0.000103607232737132
25.3099999999999,0.000103054601495378
25.32,0.00010250729749768
25.33,0.000101965280785963
25.34,0.000101428512319516
25.35,0.000100896953312696
25.36,0.000100370565266074
25.37,9.98493100302397e-05
25.38,9.93331498058065e-05
25.39,9.88220466910059e-05
25.4,9.8315963445907e-05
25.41,9.78148634052297e-05
25.42,9.7318710057644e-05
25.4299999999999,9.68274672320586e-05
25.44,9.63410990976175e-05
25.45,9.58595698067648e-05
25.46,9.53828437598421e-05
25.47,9.4910886359207e-05
25.48,9.44436630009076e-05
25.49,9.39811394093025e-05
25.5,9.35232816370707e-05
25.51,9.30700559499139e-05
25.52,9.26214285765127e-05
25.53,9.21773666844812e-05
25.54,9.17378374913999e-05
25.55,9.1302808518568e-05
25.5599999999999,9.08722475892899e-05
25.57,9.04461228271586e-05
25.58,9.00244026543519e-05
25.59,8.96070559186509e-05
25.6,8.91940516112017e-05
25.61,8.87853590444305e-05
25.62,8.83809478448912e-05
25.63,8.79807879327491e-05
25.64,8.75848495202685e-05
25.65,8.71931031103035e-05
25.66,8.68055193505039e-05
25.67,8.64220691370884e-05
25.6799999999999,8.60427239223202e-05
25.69,8.56674552944525e-05
25.7,8.52962351163573e-05
25.71,8.49290355235146e-05
25.72,8.456582892202e-05
25.73,8.42065879920884e-05
25.74,8.3851285874566e-05
25.75,8.3499895687998e-05
25.76,8.3152390932536e-05
25.77,8.28087453733893e-05
25.78,8.24689330390895e-05
25.79,8.21329282197556e-05
25.8,8.18007054653583e-05
25.8099999999999,8.14722396580961e-05
25.82,8.1147505886961e-05
25.83,8.08264794571377e-05
25.84,8.05091359619536e-05
25.85,8.01954512487728e-05
25.86,7.988540141743e-05
25.87,7.95789628186492e-05
25.88,7.92761120502606e-05
25.89,7.89768259513476e-05
25.9,7.86810816198076e-05
25.91,7.83888563923887e-05
25.92,7.81001278486222e-05
25.9299999999999,7.78148738092373e-05
25.94,7.75330723345728e-05
25.95,7.72547017229975e-05
25.96,7.697974036243e-05
25.97,7.6708167046701e-05
25.98,7.64399607741989e-05
25.99,7.61751007481701e-05
26,7.59135663978059e-05
26.01,7.56553373764198e-05
26.02,7.54003935596258e-05
26.03,7.51487152780654e-05
26.04,7.49002830889733e-05
26.05,7.46550773142038e-05
26.0599999999999,7.44130787509699e-05
26.07,7.41742684147952e-05
26.08,7.39386275379201e-05
26.09,7.37061375676936e-05
26.1,7.34767801649785e-05
26.11,7.32505372025554e-05
26.12,7.30273907635152e-05
26.13,7.28073231978695e-05
26.14,7.25903175258223e-05
26.15,7.23763561249682e-05
26.16,7.21654219527596e-05
26.17,7.19574981740202e-05
26.1799999999999,7.17525681595682e-05
26.19,7.15506154848372e-05
26.2,7.13516239285043e-05
26.21,7.11555774711052e-05
26.22,7.09624602936609e-05
26.23,7.07722567763034e-05
26.24,7.05849515718195e-05
26.25,7.04005294330741e-05
26.26,7.02189753212555e-05
26.27,7.00402744075321e-05
26.28,6.98644120561243e-05
26.29,6.96913738229626e-05
26.3,6.9521145454346e-05
26.3099999999999,6.93537128855998e-05
26.32,6.91890622397331e-05
26.33,6.90271798261008e-05
26.34,6.88680523125368e-05
26.35,6.87116665012087e-05
26.36,6.85580091302512e-05
26.37,6.84070672740434e-05
26.38,6.82588281899344e-05
26.39,6.81132793170448e-05
26.4,6.79704082750689e-05
26.41,6.78302028630777e-05
26.42,6.76926510583209e-05
26.4299999999999,6.75577410150296e-05
26.44,6.74254611329259e-05
26.45,6.72958002986501e-05
26.46,6.71687469431024e-05
26.47,6.70442899560566e-05
26.48,6.69224184023459e-05
26.49,6.68031215208399e-05
26.5,6.66863887234276e-05
26.51,6.65722095939978e-05
26.52,6.64605738874197e-05
26.53,6.63514715285237e-05
26.54,6.62448926110819e-05
26.55,6.61408275907007e-05
26.5599999999999,6.60392668218754e-05
26.57,6.59402008896603e-05
26.58,6.58436205736138e-05
26.59,6.57495168191353e-05
26.6,6.56578807365331e-05
26.61,6.5568703600091e-05
26.62,6.54819768471316e-05
26.63,6.5397692077084e-05
26.64,6.53158410505488e-05
26.65,6.52364158555142e-05
26.66,6.51594086492418e-05
26.67,6.50848115778694e-05
26.6799999999999,6.50126170658542e-05
26.69,6.49428176970206e-05
26.7,6.48754062137507e-05
26.71,6.48103755161718e-05
26.72,6.47477186613471e-05
26.73,6.46874288624663e-05
26.74,6.46294994880327e-05
26.75,6.45739241746832e-05
26.76,6.45206969986907e-05
26.77,6.44698114844351e-05
26.78,6.44212616478565e-05
26.79,6.43750416591697e-05
26.8,6.43311458421678e-05
26.8099999999999,6.42895686735248e-05
26.82,6.4250304782099e-05
26.83,6.42133489482365e-05
26.84,6.41786961030734e-05
26.85,6.41463413278392e-05
26.86,6.41162798531607e-05
26.87,6.40885071034143e-05
26.88,6.40630192918933e-05
26.89,6.40398116256894e-05
26.9,6.40188799699488e-05
26.91,6.40002203396167e-05
26.92,6.39838288988873e-05
26.9299999999999,6.39697019606542e-05
26.94,6.39578359859614e-05
26.95,6.39482275834533e-05
26.96,6.39408735088251e-05
26.97,6.39357706642739e-05
26.98,6.39329160979483e-05
26.99,6.39323070033996e-05
27,6.39339413826954e-05
27.01,6.39378163535096e-05
27.02,6.39439295337275e-05
27.03,6.3952278738569e-05
27.04,6.39628619297811e-05
27.05,6.3975677215231e-05
27.0599999999999,6.39907228484983e-05
27.07,6.40079972284684e-05
27.08,6.40274988989244e-05
27.09,6.40492265481407e-05
27.1,6.40731790084753e-05
27.11,6.40993552559623e-05
27.12,6.41277550115077e-05
27.13,6.41583773605865e-05
27.14,6.41912215984991e-05
27.15,6.42262873219881e-05
27.16,6.42635742737235e-05
27.17,6.43030823420538e-05
27.1799999999999,6.43448115607568e-05
27.19,6.43887621087912e-05
27.2,6.44349343100469e-05
27.21,6.4483328633097e-05
27.22,6.45339456909487e-05
27.23,6.45867862407935e-05
27.24,6.46418516980643e-05
27.25,6.46991431531319e-05
27.26,6.47586615714321e-05
27.27,6.48204083384459e-05
27.28,6.48843849872544e-05
27.29,6.49505931984632e-05
27.3,6.50190348001269e-05
27.3099999999999,6.50897117676729e-05
27.32,6.51626262238264e-05
27.33,6.52377804385327e-05
27.34,6.53151768288841e-05
27.35,6.53948179590429e-05
27.36,6.54767068115652e-05
27.37,6.55608464401125e-05
27.38,6.56472396192205e-05
27.39,6.57358895389091e-05
27.4,6.58267995392194e-05
27.41,6.59199731102617e-05
27.42,6.60154138922645e-05
27.4299999999999,6.61131256756229e-05
27.44,6.62131124009481e-05
27.45,6.63153781591134e-05
27.46,6.64199271913065e-05
27.47,6.65267638890762e-05
27.48,6.6635892960898e-05
27.49,6.67473194269102e-05
27.5,6.6861047852172e-05
27.51,6.6977083265598e-05
27.52,6.70954308498072e-05
27.53,6.72160959412885e-05
27.54,6.73390840305657e-05
27.55,6.74644007623626e-05
27.5599999999999,6.75920519357681e-05
27.57,6.77220435044023e-05
27.58,6.78543815765783e-05
27.59,6.7989072415472e-05
27.6,6.81261227265851e-05
27.61,6.82655406029146e-05
27.62,6.84073315154807e-05
27.63,6.85515024200572e-05
27.64,6.86980604330841e-05
27.65,6.88470128319817e-05
27.66,6.89983670554657e-05
27.67,6.91521307038613e-05
27.6799999999999,6.93083115394174e-05
27.69,6.94669174866227e-05
27.7,6.96279566325156e-05
27.71,6.97914372270049e-05
27.72,6.99573676831812e-05
27.73,7.01257565776283e-05
27.74,7.02966126507438e-05
27.75,7.04699448070495e-05
27.76,7.06457637283324e-05
27.77,7.08240788859129e-05
27.78,7.10048986945895e-05
27.79,7.11882328287968e-05
27.8,7.13740911362281e-05
27.8099999999999,7.15624836383743e-05
27.82,7.17534205310628e-05
27.83,7.19469121849921e-05
27.84,7.21429691462769e-05
27.85,7.23416021369828e-05
27.86,7.2542822055662e-05
27.87,7.27466399778978e-05
27.88,7.29530671568395e-05
27.89,7.3162115023741e-05
27.9,7.33737951885001e-05
27.91,7.35881194401964e-05
27.92,7.38051023860117e-05
27.9299999999999,7.40247543332068e-05
27.94,7.42470876374703e-05
27.95,7.44721149123626e-05
27.96,7.46998489602358e-05
27.97,7.49303027729709e-05
27.98,7.51634895327148e-05
27.99,7.53994226126286e-05
28,7.56381155776237e-05
28.01,7.58795821851039e-05
28.02,7.61238363857059e-05
28.03,7.63708923240404e-05
28.04,7.66207643394333e-05
28.05,7.6873466966666e-05
28.0599999999999,7.71290149367163e-05
28.07,7.73874244202184e-05
28.08,7.76487119826594e-05
28.09,7.79128912687859e-05
28.1,7.81799779308136e-05
28.11,7.84499878297672e-05
28.12,7.87229370364955e-05
28.13,7.89988418326722e-05
28.14,7.92777187118036e-05
28.15,7.95595843802349e-05
28.16,7.98444557581569e-05
28.17,8.01323499806119e-05
28.1799999999999,8.04232843985007e-05
28.19,8.07172765795902e-05
28.2,8.10143443095133e-05
28.21,8.13145055927852e-05
28.22,8.16177786538051e-05
28.23,8.19241854905246e-05
28.24,8.22337432991356e-05
28.25,8.25464702643871e-05
28.26,8.28623856733546e-05
28.27,8.31815090498008e-05
28.28,8.35038601555286e-05
28.29,8.38294589917343e-05
28.3,8.41583258003601e-05
28.3099999999999,8.44904810654475e-05
28.32,8.48259455144915e-05
28.33,8.51647401197864e-05
28.34,8.55068860997902e-05
28.35,8.58524049204713e-05
28.36,8.6201318296656e-05
28.37,8.65536481933931e-05
28.38,8.69094174605083e-05
28.39,8.7268651225243e-05
28.4,8.76313699460197e-05
28.41,8.79975967355889e-05
28.42,8.83673549729566e-05
28.4299999999999,8.87406683050148e-05
28.44,8.91175606481745e-05
28.45,8.94980561899878e-05
28.46,8.98821793907917e-05
28.47,9.02699549853325e-05
28.48,9.06614079843897e-05
28.49,9.10565636764201e-05
28.5,9.14554476291802e-05
28.51,9.18580856913584e-05
28.52,9.22645039942064e-05
28.53,9.26747289531697e-05
28.54,9.3088789574821e-05
28.55,9.35067129625493e-05
28.5599999999999,9.39285251525982e-05
28.57,9.43542538632292e-05
28.58,9.47839271153004e-05
28.59,9.52175732342158e-05
28.6,9.56552208518522e-05
28.61,9.60968989084862e-05
28.62,9.65426366547435e-05
28.63,9.69924636535232e-05
28.64,9.74464097819348e-05
28.65,9.79045052332327e-05
28.66,9.83667805187501e-05
28.67,9.88332664698341e-05
28.6799999999999,9.93039942397794e-05
28.69,9.97789953057659e-05
28.7,0.00010025830919139
28.71,0.000100741962376566
28.72,0.000101229987588987
28.73,0.000101722417911157
28.74,0.000102219286778731
28.75,0.000102720627983021
28.76,0.000103226475673505
28.77,0.000103736864360329
28.78,0.000104251828916821
28.79,0.000104771404581994
28.8,0.000105295626963058
28.8099999999999,0.00010582453203792
28.82,0.000106358156157706
28.83,0.000106896536049244
28.84,0.0001074397088176
28.85,0.000107987713501216
28.86,0.000108540589435204
28.87,0.000109098373020236
28.88,0.000109661103048889
28.89,0.00011022881871482
28.9,0.000110801559615578
28.91,0.00011137936575542
28.92,0.00011196227754813
28.9299999999999,0.000112550335819826
28.94,0.000113143581811785
28.95,0.000113742057183238
28.96,0.000114345804014211
28.97,0.000114954864808324
28.98,0.000115569282495601
28.99,0.000116189100435299
29,0.000116814362418714
29.01,0.000117445117401461
29.02,0.000118081408267029
29.03,0.000118723279534295
29.04,0.00011937077712752
29.05,0.000120023947449488
29.0599999999999,0.000120682837385533
29.07,0.000121347494307553
29.08,0.000122017966078021
29.09,0.000122694301054021
29.1,0.000123376548091258
29.11,0.000124064756548064
29.12,0.000124758976289441
29.13,0.000125459258211677
29.14,0.000126165653064985
29.15,0.000126878212157408
29.16,0.000127596987465453
29.17,0.000128322031496238
29.1799999999999,0.000129053397291646
29.19,0.000129791138432497
29.2,0.000130535309042693
29.21,0.000131285963793404
29.22,0.000132043157907216
29.23,0.000132806947162286
29.24,0.000133577387896523
29.25,0.000134354537232312
29.26,0.000135138452607514
29.27,0.000135929192003492
29.28,0.000136726814059266
29.29,0.000137531377996184
29.3,0.000138342943622151
29.3099999999999,0.000139161571335856
29.32,0.00013998732213101
29.33,0.000140820257600549
29.34,0.000141660439940896
29.35,0.00014250793195617
29.36,0.000143362797062407
29.37,0.000144225101936299
29.38,0.00014509491155479
29.39,0.000145972290417013
29.4,0.000146857304867571
29.41,0.000147750021931239
29.42,0.000148650509319358
29.4299999999999,0.000149558835436236
29.44,0.000150475069385555
29.45,0.00015139928097675
29.46,0.000152331540704348
29.47,0.000153271919583214
29.48,0.000154220489711329
29.49,0.000155177323760155
29.5,0.000156142495136141
29.51,0.000157116077986994
29.52,0.000158098147207949
29.53,0.000159088778448037
29.54,0.000160088048116353
29.55,0.000161096033388327
29.5599999999999,0.000162112810638659
29.57,0.000163138458171311
29.58,0.000164173056090923
29.59,0.000165216684418862
29.6,0.000166269423943799
29.61,0.000167331356226552
29.62,0.000168402563604989
29.63,0.000169483129198869
29.64,0.000170573136914714
29.65,0.000171672671561402
29.66,0.000172781820311332
29.67,0.000173900668681359
29.6799999999999,0.000175029304033308
29.69,0.000176167814575127
29.7,0.000177316289367732
29.71,0.00017847481833191
29.72,0.000179643492255167
29.73,0.000180822404529601
29.74,0.000182011650759279
29.75,0.00018321132283281
29.76,0.000184421515884169
29.77,0.000185642326055502
29.78,0.000186873850510009
29.79,0.000188116187444836
29.8,0.00018936943610397
29.8099999999999,0.000190633693901561
29.82,0.000191909061604016
29.83,0.000193195642167543
29.84,0.000194493538425553
29.85,0.000195802854228726
29.86,0.000197123694452676
29.87,0.000198456165005688
29.88,0.000199800372836375
29.89,0.000201156415936782
29.9,0.000202524407315909
29.91,0.000203904455982571
29.92,0.000205296671442538
29.9299999999999,0.000206701164067286
29.94,0.000208118045090097
29.95,0.000209547426602117
29.96,0.000210989425213266
29.97,0.000212444167628081
29.98,0.000213911762271864
29.99,0.000215392327243911
30,0.000216885981830414
30.01,0.000218392846520298
30.02,0.000219913043021045
30.03,0.000221446694274524
30.04,0.000222993925823682
30.05,0.000224554864018715
30.0599999999999,0.00022612963508792
30.07,0.000227718367492976
30.08,0.000229321191064372
30.09,0.000230938237020375
30.1,0.000232569637985904
30.11,0.000234215528011414
30.12,0.000235876026241551
30.13,0.00023755127277702
30.14,0.000239241405797494
30.15,0.000240946562041842
30.16,0.000242666879359601
30.17,0.000244402496707445
30.1799999999999,0.000246153554145655
30.19,0.000247920192889436
30.2,0.000249702555675965
30.21,0.000251500785630258
30.22,0.000253315027271102
30.23,0.000255145426213872
30.24,0.000256992129167675
30.25,0.000258855283932384
30.26,0.000260735039395726
30.27,0.000262631557523431
30.28,0.000264545005843076
30.29,0.000266475528001985
30.3,0.000268423282165887
30.3099999999999,0.000270388428226114
30.32,0.000272371127833285
30.33,0.000274371544430913
30.34,0.000276389843289146
30.35,0.000278426174826908
30.36,0.000280480706382113
30.37,0.000282553610467519
30.38,0.000284645055776897
30.39,0.000286755212426057
30.4,0.000288884251952853
30.41,0.000291032347317177
30.42,0.000293199672894226
30.4299999999999,0.000295386390988767
30.44,0.00029759268459748
30.45,0.000299818730517316
30.46,0.000302064706795944
30.47,0.000304330792731712
30.48,0.000306617168873612
30.49,0.000308924026067815
30.5,0.000311251546546357
30.51,0.000313599914511949
30.52,0.000315969317272976
30.53,0.000318359943539918
30.54,0.000320771983425357
30.55,0.000323205636327445
30.5599999999999,0.000325661098875523
30.57,0.000328138563379097
30.58,0.000330638227682115
30.59,0.000333160291216888
30.6,0.000335704955004055
30.61,0.000338272419373924
30.62,0.000340862884890356
30.63,0.000343476559023843
30.64,0.000346113648188207
30.65,0.000348774360299865
30.66,0.000351458904777828
30.67,0.000354167491627149
30.6799999999999,0.000356900328683807
30.69,0.000359657631892945
30.7,0.000362439615871144
30.71,0.000365246496663725
30.72,0.000368078491744701
30.73,0.000370935820016732
30.74,0.000373818703571775
30.75,0.00037672736342837
30.76,0.000379662023011668
30.77,0.000382622907204147
30.78,0.000385610242339442
30.79,0.000388624256202347
30.8,0.000391665176631008
30.8099999999999,0.000394733234500838
30.82,0.000397828662017384
30.83,0.000400951692540515
30.84,0.00040410256086288
30.85,0.000407281503209859
30.86,0.000410488757083646
30.87,0.000413724552114267
30.88,0.000416989133332943
30.89,0.000420282741570647
30.9,0.000423605618994747
30.91,0.000426958009109002
30.92,0.000430340156753569
30.9299999999999,0.000433752305423192
30.94,0.000437194693285192
30.95,0.000440667573946479
30.96,0.000444171196035595
30.97,0.000447705809386702
30.98,0.000451271665039521
30.99,0.000454869015239451
31,0.000458498106599094
31.01,0.00046215918709658
31.02,0.000465852516562899
31.03,0.000469578350075198
31.04,0.000473336943752179
31.05,0.0004771285547541
31.0599999999999,0.000480953441282777
31.07,0.000484811847452522
31.08,0.000488704032225556
31.09,0.000492630259272617
31.1,0.00049659078809651
31.11,0.00050058587900972
31.12,0.000504615793134544
31.13,0.000508680792403
31.14,0.000512781110733887
31.15,0.00051691702233309
31.16,0.000521088789679786
31.17,0.00052529667397489
31.1799999999999,0.000529540936913639
31.19,0.00053382184068562
31.2,0.00053813964299028
31.21,0.000542494573467798
31.22,0.000546886912311604
31.23,0.000551316918921075
31.24,0.000555784852786413
31.25,0.000560290973488546
31.26,0.00056483554069915
31.27,0.000569418797625376
31.28,0.000574040976635933
31.29,0.000578702352676954
31.3,0.000583403179660986
31.3099999999999,0.000588143711082818
31.32,0.000592924200019506
31.33,0.000597744899130268
31.34,0.000602606025464844
31.35,0.000607507817535841
31.36,0.000612450537109241
31.37,0.000617434427341995
31.38,0.000622459730334798
31.39,0.000627526687132117
31.4,0.000632635537722195
31.41,0.000637786457580464
31.42,0.000642979697830214
31.4299999999999,0.000648215496079714
31.44,0.000653494078203441
31.45,0.000658815668227944
31.46,0.000664180488332028
31.47,0.000669588755368855
31.48,0.000675040611981101
31.49,0.000680536302167627
31.5,0.00068607602706313
31.51,0.000691659984570341
31.52,0.000697288369360026
31.53,0.000702961352987757
31.54,0.000708679105556795
31.55,0.000714441818077916
31.5599999999999,0.000720249664433936
31.57,0.000726102814514589
31.58,0.0007320014342164
31.59,0.000737945635913363
31.6,0.000743935594273361
31.61,0.000749971455260328
31.62,0.000756053359375788
31.63,0.000762181442254805
31.64,0.000768355801491967
31.65,0.000774576518246762
31.66,0.000780843728951991
31.67,0.000787157534238347
31.6799999999999,0.000793518028354485
31.69,0.000799925299167055
31.7,0.000806379337388983
31.71,0.000812880238330561
31.72,0.000819428060110541
31.73,0.00082602284610767
31.74,0.000832664631549361
31.75,0.000839353417219706
31.76,0.00084608917049514
31.77,0.000852871920223689
31.78,0.0008597016540181
31.79,0.000866578349865062
31.8,0.000873501976125202
31.8099999999999,0.000880472423523757
31.82,0.000887489647067834
31.83,0.000894553581772381
31.84,0.000901664141790771
31.85,0.000908821230174606
31.86,0.000916024711835971
31.87,0.000923274383538109
31.88,0.000930570132102801
31.89,0.000937911784650492
31.9,0.000945299151668341
31.91,0.000952732026601171
31.92,0.000960210166021216
31.9299999999999,0.000967733310276976
31.94,0.000975301201043347
31.95,0.000982913548271224
31.96,0.000990570040937419
31.97,0.000998270346501212
31.98,0.00100601414486307
31.99,0.00101380106230506
32,0.00102163070324496
32.01,0.00102950265679015
32.02,0.00103741648997414
32.03,0.00104537174842047
32.04,0.00105336798993738
32.05,0.00106140470318951
32.0599999999999,0.00106948137229472
32.07,0.00107759745897353
32.08,0.0010857524022776
32.09,0.00109394559050368
32.1,0.00110217631335729
32.11,0.00111044394265541
32.12,0.00111874777320653
32.13,0.00112708706535102
32.14,0.00113546108161554
32.15,0.00114386904495048
32.16,0.00115231012031856
32.17,0.00116078345811233
32.1799999999999,0.00116928819527173
32.19,0.00117782344298495
32.2,0.00118638826234957
32.21,0.00119498169556435
32.22,0.00120360273947679
32.23,0.00121225034799419
32.24,0.00122092347814933
32.25,0.00122962104265991
32.26,0.0012383418871858
32.27,0.0012470847627095
32.28,0.00125584849695745
32.29,0.00126463183823832
32.3,0.00127343348761663
32.3099999999999,0.00128225207293169
32.32,0.0012910862397185
32.33,0.00129993457470939
32.34,0.00130879563023855
32.35,0.00131766794429543
32.36,0.00132654998599922
32.37,0.00133544019896735
32.38,0.00134433698759482
32.39,0.00135323868358611
32.4,0.0013621436284974
32.41,0.00137105010849529
32.42,0.00137995637167216
32.4299999999999,0.00138886058866178
32.44,0.00139776087783212
32.45,0.00140665537956846
32.46,0.00141554216473137
32.47,0.00142441926329906
32.48,0.00143328464710021
32.49,0.00144213626491198
32.5,0.00145097202087957
32.51,0.00145978977605754
32.52,0.00146858736517062
32.53,0.00147736261988772
32.54,0.00148611326639512
32.55,0.00149483701723573
32.5599999999999,0.00150353154548699
32.57,0.00151219453260784
32.58,0.00152082359487888
32.59,0.00152941628973314
32.6,0.00153797015271995
32.61,0.00154648268715473
32.62,0.00155495143762131
32.63,0.00156337380888207
32.64,0.0015717472089656
32.65,0.00158006901119644
32.66,0.00158833661149113
32.67,0.00159654740195894
32.6799999999999,0.00160469865865573
32.69,0.00161278767361055
32.7,0.00162081171555075
32.71,0.00162876809280046
32.72,0.00163665410563914
32.73,0.00164446696417569
32.74,0.00165220390520714
32.75,0.00165986215685867
32.76,0.0016674389723221
32.77,0.00167493159932978
32.78,0.00168233725455499
32.79,0.00168965317330213
32.8,0.00169687659556607
32.8099999999999,0.00170400479374591
32.82,0.00171103504402746
32.83,0.00171796461728709
32.84,0.00172479081139722
32.85,0.00173151094289721
32.86,0.00173812242765794
32.87,0.00174462267626573
32.88,0.0017510090903848
32.89,0.00175727913579785
32.9,0.00176343031843184
32.91,0.00176946029833009
32.92,0.0017753667251829
32.9299999999999,0.00178114726797288
32.94,0.0017867996912893
32.95,0.00179232182807684
32.96,0.00179771159660165
32.97,0.00180296698353675
32.98,0.00180808605474638
32.99,0.00181306696514513
33,0.00181790796002362
33.01,0.00182260738658462
33.02,0.00182716368538494
33.03,0.00183157540016861
33.04,0.00183584118397181
33.05,0.00183995980212609
33.0599999999999,0.00184393024293825
33.07,0.0018477515244378
33.08,0.00185142280389074
33.09,0.00185494339108588
33.1,0.00185831273926232
33.11,0.00186153044139964
33.12,0.00186459625235881
33.13,0.00186751008351037
33.14,0.00187027200840127
33.15,0.00187288226856354
33.16,0.00187534116981513
33.17,0.00187764930816036
33.1799999999999,0.00187980742572247
33.19,0.00188181643850925
33.2,0.00188367744681078
33.21,0.00188539157015613
33.22,0.00188696030866819
33.23,0.00188838528707719
33.24,0.00188966831609737
33.25,0.00189081139819105
33.26,0.00189181656524415
33.27,0.00189268624381979
33.28,0.0018934229809407
33.29,0.00189402951876968
33.3,0.00189450878640677
33.3099999999999,0.00189486366234949
33.32,0.00189509752729244
33.33,0.00189521383712857
33.34,0.00189521623663907
33.35,0.00189510853291785
33.36,0.00189489439165159
33.37,0.00189457807951516
33.38,0.00189416387527877
33.39,0.00189365622496207
33.4,0.00189305970012419
33.41,0.00189237872966934
33.42,0.00189161829826292
33.4299999999999,0.00189078337612795
33.44,0.00188987906809494
33.45,0.00188891056257151
33.46,0.00188788292770847
33.47,0.00188680168572041
33.48,0.00188567232754278
33.49,0.00188450043815032
33.5,0.0018832916553632
33.51,0.00188205156679632
33.52,0.0018807860245391
33.53,0.00187950086478206
33.54,0.00187820197685191
33.55,0.00187689522241456
33.5599999999999,0.00187558630155951
33.57,0.00187428124757531
33.58,0.00187298597426499
33.59,0.00187170639187999
33.6,0.00187044838874564
33.61,0.00186921781307533
33.62,0.00186802051541258
33.63,0.00186686229281398
33.64,0.00186574889354239
33.65,0.0018646860489121
33.66,0.0018636794999185
33.67,0.00186273481869618
33.6799999999999,0.00186185755135213
33.69,0.00186105315841641
33.7,0.00186032699791054
33.71,0.00185968436706178
33.72,0.00185913045187475
33.73,0.00185867036553459
33.74,0.00185830916938589
33.75,0.00185805172526015
33.76,0.00185790281360451
33.77,0.00185786716576748
33.78,0.00185794951682506
33.79,0.00185815430566016
33.8,0.00185848593272555
33.8099999999999,0.00185894871267642
33.82,0.00185954689282778
33.83,0.00186028454243889
33.84,0.00186116564686363
33.85,0.00186219408771755
33.86,0.00186337364747832
33.87,0.00186470797561458
33.88,0.00186620061592554
33.89,0.00186785505320941
33.9,0.00186967475433433
33.91,0.0018716629455911
33.92,0.00187382281099601
33.9299999999999,0.00187615750615085
33.94,0.00187867019915276
33.95,0.00188136381353935
33.96,0.00188424126941284
33.97,0.00188730541529881
33.98,0.0018905589717995
33.99,0.00189400465426931
34,0.00189764508940047
34.01,0.00190148290684535
34.02,0.00190552070577235
34.03,0.00190976097680544
34.04,0.00191420620358985
34.05,0.00191885885661531
34.0599999999999,0.00192372136502754
34.07,0.00192879614469533
34.08,0.00193408556466815
34.09,0.00193959195521099
34.1,0.00194531767740517
34.11,0.00195126506221153
34.12,0.00195743645103201
34.13,0.00196383416569322
34.14,0.00197046053407967
34.15,0.00197731789170191
34.16,0.00198440858613135
34.17,0.00199173497506707
34.1799999999999,0.00199929943551157
34.19,0.00200710434923357
34.2,0.00201515213449117
34.21,0.00202344523474868
34.22,0.00203198610753589
34.23,0.00204077721112484
34.24,0.00204982107548397
34.25,0.00205912024843723
34.26,0.00206867727716614
34.27,0.00207849475430372
34.28,0.00208857531790762
34.29,0.00209892163340342
34.3,0.0021095364087279
34.3099999999999,0.0021204223843305
34.32,0.00213158234333137
34.33,0.00214301907329686
34.34,0.00215473536265011
34.35,0.00216673409576019
34.36,0.00217901816435437
34.37,0.00219159050529558
34.38,0.00220445408058775
34.39,0.00221761188572075
34.4,0.00223106693561104
34.41,0.00224482218034957
34.42,0.0022588806962332
34.4299999999999,0.00227324554064667
34.44,0.0022879197900588
34.45,0.00230290653614752
34.46,0.00231820887932075
34.47,0.00233382993254572
34.48,0.00234977279682641
34.49,0.00236604059717816
34.5,0.00238263645720023
34.51,0.00239956349333362
34.52,0.00241682475143242
34.53,0.00243442333991474
34.54,0.00245236232641633
34.55,0.00247064475493978
34.5599999999999,0.00248927363573279
34.57,0.00250825196630554
34.58,0.0025275827076591
34.59,0.00254726879373544
34.6,0.0025673131246599
34.61,0.0025877185517718
34.62,0.00260848788737491
34.63,0.0026296238930976
34.64,0.00265112928247235
34.65,0.0026730067169715
34.66,0.00269525880022536
34.67,0.00271788808558885
34.6799999999999,0.00274089705500045
34.69,0.00276428812679725
34.7,0.00278806365515712
34.71,0.00281222596388854
34.72,0.00283677726192305
34.73,0.00286171970101106
34.74,0.00288705537040788
34.75,0.00291278630806542
34.76,0.00293891443699608
34.77,0.00296544161727628
34.78,0.00299236962920478
34.79,0.00301970023762874
34.8,0.00304743505420091
34.8099999999999,0.00307557563557577
34.82,0.00310412345673557
34.83,0.00313307996745715
34.84,0.00316244651821819
34.85,0.00319222435202046
34.86,0.00322241465141692
34.87,0.00325301853767692
34.88,0.00328403709738871
34.89,0.0033154712949206
34.9,0.00334732204395552
34.91,0.00337959018679032
34.92,0.00341227649933782
34.9299999999999,0.00344538169063204
34.94,0.0034789064050711
34.95,0.00351285123195687
34.96,0.00354721668557355
34.97,0.0035820032219342
34.98,0.00361721125426461
34.99,0.00365284113394939
35,0.00368889314937511
35.01,0.00372536754079745
35.02,0.00376226450372609
35.03,0.00379958417720171
35.04,0.00383732665518375
35.05,0.00387549198532197
35.0599999999999,0.00391408017103141
35.07,0.00395309117360983
35.08,0.00399252491324618
35.09,0.00403238126949959
35.1,0.00407266008565138
35.11,0.0041133611684681
35.12,0.00415448428560546
35.13,0.0041960291694371
35.14,0.00423799552610107
35.15,0.00428038302845953
35.16,0.00432319131581732
35.17,0.00436641999675902
35.1799999999999,0.0044100686588944
35.19,0.0044541368613288
35.2,0.00449862413840646
35.21,0.00454353000113223
35.22,0.00458885393913641
35.23,0.00463459542146023
35.24,0.00468075389375699
35.25,0.00472732877935701
35.26,0.00477431949209525
35.27,0.00482172542630602
35.28,0.00486954594167416
35.29,0.00491778035872393
35.3,0.00496642802010808
35.3099999999999,0.00501548823440733
35.32,0.00506496030175955
35.33,0.00511484351937818
35.34,0.00516513714923942
35.35,0.00521584044894238
35.36,0.00526695265819159
35.37,0.00531847299463883
35.38,0.00537040067987524
35.39,0.00542273491777166
35.4,0.00547547489403943
35.41,0.0055286197715963
35.42,0.00558216872388173
35.4299999999999,0.00563612090462262
35.44,0.00569047545707208
35.45,0.00574523150383787
35.46,0.00580038815284521
35.47,0.00585594451775644
35.48,0.00591189969438164
35.49,0.00596825276837375
35.5,0.00602500280328847
35.51,0.00608214885574139
35.52,0.00613968998033302
35.53,0.00619762521625422
35.54,0.00625595359233062
35.55,0.00631467411622378
35.5599999999999,0.00637378579277844
35.57,0.00643328761780211
35.58,0.00649317857399829
35.59,0.00655345763331949
35.6,0.0066141237462567
35.61,0.00667517586312252
35.62,0.00673661292062394
35.63,0.00679843384329525
35.64,0.00686063754402568
35.65,0.00692322291404016
35.66,0.00698618884515918
35.67,0.00704953421263223
35.6799999999999,0.00711325787953305
35.69,0.00717735869570848
35.7,0.00724183549290303
35.71,0.00730668709790431
35.72,0.00737191232159758
35.73,0.0074375099617659
35.74,0.00750347880151731
35.75,0.00756981760748414
35.76,0.00763652513765534
35.77,0.00770360013399046
35.78,0.00777104132430429
35.79,0.00783884741965369
35.8,0.00790701711493891
35.8099999999999,0.0079755490944619
35.82,0.00804444202537286
35.83,0.00811369455939804
35.84,0.0081833053307204
35.85,0.00825327295787725
35.86,0.00832359604480693
35.87,0.00839427317810565
35.88,0.00846530292767591
35.89,0.00853668384723987
35.9,0.008608414472962
35.91,0.00868049332352369
35.92,0.00875291890028603
35.9299999999999,0.00882568968689662
35.94,0.00889880414821466
35.95,0.00897226073174032
35.96,0.00904605786643556
35.97,0.00912019396253342
35.98,0.00919466741137919
35.99,0.00926947657996226
36,0.00934461982210193
36.01,0.00942009546949752
36.02,0.00949590183374972
36.03,0.0095720372061757
36.04,0.00964849985909216
36.05,0.00972528804205662
36.0599999999999,0.0098023999843519
36.07,0.00987983389402799
36.08,0.00995758795826462
36.09,0.0100356603497066
36.1,0.0101140492101858
36.11,0.010192752663241
36.12,0.0102717688105407
36.13,0.0103510957313738
36.14,0.0104307314804872
36.15,0.0105106740931029
36.16,0.0105909215804774
36.17,0.010671471930832
36.1799999999999,0.0107523231077679
36.19,0.0108334730447288
36.2,0.0109149196604837
36.21,0.0109966608457627
36.22,0.0110786944665694
36.23,0.0111610183677066
36.24,0.0112436303816817
36.25,0.0113265282971102
36.26,0.011409709885608
36.27,0.0114931728941543
36.28,0.0115769150444294
36.29,0.0116609340319285
36.3,0.0117452275289768
36.3099999999999,0.011829793181729
36.32,0.0119146286108097
36.33,0.0119997314115092
36.34,0.0120850991538854
36.35,0.0121707293809543
36.36,0.0122566196100909
36.37,0.0123427673324326
36.38,0.0124291700117448
36.39,0.0125158250840818
36.4,0.0126027299610164
36.41,0.0126898820260721
36.42,0.0127772786355517
36.4299999999999,0.0128649171280499
36.44,0.0129527948183994
36.45,0.0130409089758327
36.46,0.0131292568514606
36.47,0.0132178356691404
36.48,0.013306642625357
36.49,0.0133956748891083
36.5,0.0134849296228885
36.51,0.0135744039358766
36.52,0.0136640949168012
36.53,0.0137539996288443
36.54,0.0138441151078888
36.55,0.0139344383624501
36.5599999999999,0.0140249663735092
36.57,0.0141156960944446
36.58,0.0142066244513201
36.59,0.0142977483424258
36.6,0.0143890646383299
36.61,0.0144805701818071
36.62,0.0145722617877724
36.63,0.0146641362581774
36.64,0.0147561903507834
36.65,0.0148484207978322
36.66,0.0149408243062351
36.67,0.0150333975553036
36.6799999999999,0.0151261371967177
36.69,0.0152190398652731
36.7,0.0153121021884818
36.71,0.0154053207241714
36.72,0.0154986920223023
36.73,0.0155922126064473
36.74,0.015685878973855
36.75,0.0157796875955072
36.76,0.0158736349092403
36.77,0.0159677173331725
36.78,0.0160619312596315
36.79,0.0161562730530133
36.8,0.0162507390514338
36.8099999999999,0.0163453255667687
36.82,0.0164400288875865
36.83,0.0165348452860157
36.84,0.0166297709910218
36.85,0.0167248022131873
36.86,0.0168199351375589
36.87,0.0169151659237235
36.88,0.0170104907058795
36.89,0.0171059056166249
36.9,0.017201406745249
36.91,0.0172969901488801
36.92,0.0173926518685233
36.9299999999999,0.0174883879212702
36.94,0.0175841943004411
36.95,0.0176800669757245
36.96,0.0177760019106373
36.97,0.0178719950222678
36.98,0.0179680422131228
36.99,0.0180641393635942
37,0.0181602823316935
37.01,0.0182564669532273
37.02,0.0183526890439023
37.03,0.0184489444028868
37.04,0.0185452287977193
37.05,0.018641537978991
37.0599999999999,0.0187378676762414
37.07,0.0188342135981521
37.08,0.0189305714327372
37.09,0.0190269368615408
37.1,0.019123305543686
37.11,0.0192196731022724
37.12,0.0193160351506219
37.13,0.0194123872832424
37.14,0.0195087250760776
37.15,0.019605044086755
37.16,0.0197013398652756
37.17,0.0197976079328782
37.1799999999999,0.0198938437942958
37.19,0.019990042939198
37.2,0.0200862008405853
37.21,0.0201823129550653
37.22,0.020278374723705
37.23,0.0203743815794746
37.24,0.0204703289282884
37.25,0.0205662121655944
37.26,0.0206620266720703
37.27,0.0207577678139137
37.28,0.0208534309431318
37.29,0.0209490114061397
37.3,0.0210445045440338
37.3099999999999,0.021139905661918
37.32,0.0212352100632623
37.33,0.0213304130395885
37.34,0.021425509870814
37.35,0.0215204958255904
37.36,0.0216153661712061
37.37,0.0217101161576734
37.38,0.0218047410202018
37.39,0.0218992359884778
37.4,0.0219935962829846
37.41,0.0220878171153627
37.42,0.022181893688771
37.4299999999999,0.0222758211993146
37.44,0.0223695948385666
37.45,0.0224632097844721
37.46,0.022556661210772
37.47,0.0226499442846542
37.48,0.0227430541671206
37.49,0.0228359860133579
37.5,0.0229287349731038
37.51,0.0230212962106944
37.52,0.0231136648634681
37.53,0.0232058360673304
37.54,0.0232978049581901
37.55,0.0233895666689151
37.5599999999999,0.0234811163297329
37.57,0.0235724490686314
37.58,0.0236635600192905
37.59,0.0237544443181055
37.6,0.0238450970832694
37.61,0.0239355134413494
37.62,0.0240256885191587
37.63,0.0241156174441819
37.64,0.0242052953450049
37.65,0.0242947173517423
37.66,0.0243838785898801
37.67,0.0244727741966164
37.6799999999999,0.02456139930829
37.69,0.0246497490642581
37.7,0.0247378186073955
37.71,0.0248256030845179
37.72,0.0249130976467999
37.73,0.0250002974533641
37.74,0.0250871976671417
37.75,0.0251737934539791
37.76,0.0252600799877027
37.77,0.0253460524487339
37.78,0.025431706024517
37.79,0.0255170359099472
37.8,0.0256020373105949
37.8099999999999,0.0256867054563176
37.82,0.0257710355585666
37.83,0.0258550228498098
37.84,0.025938662572591
37.85,0.0260219499799849
37.86,0.0261048803360519
37.87,0.0261874489162976
37.88,0.0262696509972447
37.89,0.0263514818785231
37.9,0.0264329368734161
37.91,0.0265140113052547
37.92,0.0265947005107667
37.9299999999999,0.026674999840515
37.94,0.0267549046593358
37.95,0.0268344103432433
37.96,0.0269135122655707
37.97,0.0269922058464391
37.98,0.0270704865082564
37.99,0.0271483496893639
38,0.0272257908444415
38.01,0.0273028054449156
38.02,0.0273793889793661
38.03,0.0274555369648826
38.04,0.0275312449304922
38.05,0.0276065084157948
38.0599999999999,0.0276813229852697
38.07,0.027755684223011
38.08,0.0278295877331566
38.09,0.0279030291403223
38.1,0.0279760040900412
38.11,0.0280485082497818
38.12,0.0281205373079027
38.13,0.0281920869753275
38.14,0.0282631529856245
38.15,0.0283337310954389
38.16,0.0284038170849248
38.17,0.0284734067581765
38.1799999999999,0.0285424959187274
38.19,0.0286110803906567
38.2,0.0286791560671749
38.21,0.0287467188425549
38.22,0.0288137646358485
38.23,0.0288802893912423
38.24,0.0289462890784167
38.25,0.0290117596929011
38.26,0.0290766972428073
38.27,0.0291410977799651
38.28,0.0292049573788002
38.29,0.0292682721391904
38.3,0.0293310381883086
38.3099999999999,0.0293932516809605
38.32,0.0294549087999231
38.33,0.0295160057683573
38.34,0.0295765388573096
38.35,0.0296365043206348
38.36,0.029695898463652
38.37,0.029754717622324
38.38,0.0298129581636501
38.39,0.0298706164860608
38.4,0.0299276890198121
38.41,0.02998417218564
38.42,0.0300400624787271
38.4299999999999,0.0300953564318436
38.44,0.0301500505980139
38.45,0.030204141563016
38.46,0.0302576259457226
38.47,0.0303105003984399
38.48,0.0303627616072457
38.49,0.0304144062122866
38.5,0.0304654309388526
38.51,0.0305158325998114
38.52,0.0305656079997782
38.53,0.0306147539763645
38.54,0.0306632674003852
38.55,0.030711145176068
38.5599999999999,0.0307583842412606
38.57,0.0308049815823671
38.58,0.0308509342187753
38.59,0.0308962391820846
38.6,0.0309408935514147
38.61,0.0309848944411349
38.62,0.0310282390011051
38.63,0.0310709244169138
38.64,0.0311129479101189
38.65,0.0311543067738162
38.66,0.0311949983690002
38.67,0.0312350199899351
38.6799999999999,0.0312743690200254
38.69,0.0313130428818075
38.7,0.031351039037294
38.71,0.0313883549883203
38.72,0.0314249882768894
38.73,0.0314609364477858
38.74,0.0314961969765618
38.75,0.0315307676042147
38.76,0.0315646460105753
38.77,0.0315978299140223
38.78,0.0316303170716461
38.79,0.0316621052794131
38.8,0.0316931923723297
38.8099999999999,0.0317235762007795
38.82,0.0317532544159429
38.83,0.0317822251015215
38.84,0.0318104862123366
38.85,0.0318380357381939
38.86,0.0318648717037809
38.87,0.031890992168567
38.88,0.0319163952267007
38.89,0.0319410790069082
38.9,0.0319650420848534
38.91,0.0319882824711344
38.92,0.0320107984429849
38.9299999999999,0.0320325883270889
38.94,0.032053650491538
38.95,0.0320739833461106
38.96,0.0320935853425535
38.97,0.0321124549748609
38.98,0.0321305909305801
38.99,0.032147991750198
39,0.0321646560581502
39.01,0.0321805825461007
39.02,0.0321957699525176
39.03,0.0322102170631187
39.04,0.0322239227113166
39.05,0.0322368857786641
39.0599999999999,0.0322491044905101
39.07,0.0322605778216956
39.08,0.0322713048826534
39.09,0.0322812846080847
39.1,0.0322905159653636
39.11,0.0322989979540494
39.12,0.0323067296054
39.13,0.0323137099818843
39.14,0.0323199382907762
39.15,0.0323254137184466
39.16,0.0323301354006458
39.17,0.0323341025645409
39.1799999999999,0.0323373144727417
39.19,0.0323397704232372
39.2,0.0323414697602559
39.21,0.0323424125983083
39.22,0.0323425980682718
39.23,0.032342025754519
39.24,0.0323406952992442
39.25,0.0323386064038989
39.26,0.0323357588306278
39.27,0.0323321520523985
39.28,0.0323277854758883
39.29,0.0323226592139596
39.3,0.0323167730939031
39.3099999999999,0.0323101269818875
39.32,0.0323027207825365
39.33,0.0322945544385057
39.34,0.032285627369026
39.35,0.0322759396723659
39.36,0.0322654913426901
39.37,0.0322542823235937
39.38,0.032242312573134
39.39,0.0322295820620684
39.4,0.0322160910932076
39.41,0.0322018406552449
39.42,0.0321868303881139
39.4299999999999,0.0321710605611021
39.44,0.0321545314831444
39.45,0.032137243502823
39.46,0.0321191972620313
39.47,0.0321003932877927
39.48,0.0320808320147346
39.49,0.032060514026284
39.5,0.0320394399527091
39.51,0.0320176104689048
39.52,0.0319950257927382
39.53,0.0319716868834213
39.54,0.0319475944752323
39.55,0.0319227493409237
39.5599999999999,0.0318971522917223
39.57,0.031870803966657
39.58,0.0318437048365455
39.59,0.031815855981726
39.6,0.0317872582499469
39.61,0.031757912516063
39.62,0.0317278196820346
39.63,0.0316969810201504
39.64,0.0316653975340902
39.65,0.0316330701956772
39.66,0.0316000001046773
39.67,0.0315661883963258
39.6799999999999,0.0315316362776632
39.69,0.0314963454278777
39.7,0.0314603169124973
39.71,0.0314235520943812
39.72,0.0313860523803905
39.73,0.0313478192213897
39.74,0.0313088539134336
39.75,0.0312691577522657
39.76,0.0312287324233643
39.77,0.031187579474063
39.78,0.0311457004883623
39.79,0.0311030970869298
39.8,0.0310597705821915
39.8099999999999,0.0310157223895945
39.82,0.0309709543596482
39.83,0.0309254681427746
39.84,0.030879265415353
39.85,0.0308323478797208
39.86,0.030784717418827
39.87,0.0307363758633003
39.88,0.0306873249593864
39.89,0.0306375665585665
39.9,0.0305871025424022
39.91,0.0305359348225356
39.92,0.0304840658798272
39.9299999999999,0.0304314978199355
39.94,0.0303782325804645
39.95,0.0303242723320259
39.96,0.0302696192878406
39.97,0.0302142757037396
39.98,0.0301582434423276
39.99,0.0301015248225459
40,0.0300441222446849
40.01,0.0299860380354337
40.02,0.029927274555152
40.03,0.0298678341978703
40.04,0.0298077186565437
40.05,0.0297469304746271
40.0599999999999,0.0296854721260107
40.07,0.0296233459887633
40.08,0.0295605544611914
40.09,0.0294970999618365
40.1,0.0294329853907552
40.11,0.0293682130800188
40.12,0.0293027855412964
40.13,0.0292367053524165
40.14,0.0291699751181422
40.15,0.0291025974701712
40.16,0.0290345755988329
40.17,0.0289659122679183
40.1799999999999,0.0288966101292916
40.19,0.0288266720425588
40.2,0.028756100904713
40.21,0.0286848996501327
40.22,0.0286130709946208
40.23,0.0285406177172649
40.24,0.0284675429770367
40.25,0.0283938497740919
40.26,0.0283195411385588
40.27,0.0282446201305385
40.28,0.0281690896152667
40.29,0.0280929521227539
40.3,0.0280162110684795
40.3099999999999,0.0279388695060864
40.32,0.0278609305078083
40.33,0.0277823971644713
40.34,0.0277032726217492
40.35,0.0276235603996205
40.36,0.0275432634749108
40.37,0.027462385073817
40.38,0.0273809284467229
40.39,0.0272988968681989
40.4,0.0272162936370022
40.41,0.0271331227318654
40.42,0.0270493873101071
40.4299999999999,0.0269650907932305
40.44,0.0268802366868814
40.45,0.0267948285303043
40.46,0.0267088698963389
40.47,0.0266223640003544
40.48,0.0265353144460714
40.49,0.0264477249557926
40.5,0.0263595991569996
40.51,0.0262709407040859
40.52,0.0261817532783574
40.53,0.0260920404134578
40.54,0.0260018051487852
40.55,0.0259110515763863
40.5599999999999,0.0258197833645754
40.57,0.0257280041980414
40.58,0.0256357177778503
40.59,0.0255429278214415
40.6,0.0254496383671549
40.61,0.0253558531639003
40.62,0.0252615759538914
40.63,0.025166810578528
40.64,0.0250715609004695
40.65,0.0249758308036346
40.66,0.0248796243551572
40.67,0.0247829459917312
40.6799999999999,0.0246857994160461
40.69,0.0245881886919793
40.7,0.0244901179129319
40.71,0.0243915912018254
40.72,0.024292612711103
40.73,0.0241931863020561
40.74,0.0240933162155983
40.75,0.0239930067054927
40.76,0.0238922619841609
40.77,0.0237910862887069
40.78,0.0236894838809172
40.79,0.0235874588163784
40.8,0.0234850148226075
40.8099999999999,0.0233821565196465
40.82,0.0232788881507543
40.83,0.0231752139737018
40.84,0.0230711382607682
40.85,0.0229666652987432
40.86,0.022861799671965
40.87,0.0227565456478031
40.88,0.0226509075556534
40.89,0.0225448897888842
40.9,0.0224384967594028
40.91,0.0223317328976561
40.92,0.0222246028384006
40.9299999999999,0.0221171114756082
40.94,0.0220092631575616
40.95,0.0219010625117436
40.96,0.0217925141965966
40.97,0.0216836229015239
40.98,0.0215743932804021
40.99,0.0214648301054193
41,0.0213549381475913
41.01,0.0212447222066644
41.02,0.0211341871120633
41.03,0.0210233371588219
41.04,0.0209121769363351
41.05,0.0208007114363814
41.0599999999999,0.0206889454101592
41.07,0.0205768836191665
41.08,0.0204645307616369
41.09,0.0203518913411809
41.1,0.0202389702424361
41.11,0.0201257721998854
41.12,0.0200123019513481
41.13,0.0198985642379821
41.14,0.0197845654841256
41.15,0.0196703101653676
41.16,0.0195558032260052
41.17,0.019441049805127
41.1799999999999,0.0193260550820188
41.19,0.0192108241832901
41.2,0.0190953622817445
41.21,0.0189796747024459
41.22,0.0188637667464351
41.23,0.0187476437510755
41.24,0.0186313109033715
41.25,0.0185147722992126
41.26,0.0183980338270646
41.27,0.0182811006877192
41.28,0.0181639780892458
41.29,0.0180466712469914
41.3,0.0179291856063564
41.3099999999999,0.0178115264027646
41.32,0.0176936988841646
41.33,0.0175757083531767
41.34,0.0174575601253222
41.35,0.0173392598528389
41.36,0.0172208134603411
41.37,0.0171022262499915
41.38,0.0169835038489718
41.39,0.0168646519375532
41.4,0.0167456764027625
41.41,0.0166265829704863
41.42,0.0165073774909223
41.4299999999999,0.0163880658638862
41.44,0.0162686533089688
41.45,0.0161491455382455
41.46,0.0160295485035069
41.47,0.0159098679800555
41.48,0.0157901095744654
41.49,0.0156702786512977
41.5,0.0155503810753249
41.51,0.0154304224986114
41.52,0.0153104085749857
41.53,0.0151903462734377
41.54,0.0150702409624869
41.55,0.0149500986165942
41.5599999999999,0.014829925246276
41.57,0.0147097277762409
41.58,0.0145895128117594
41.59,0.0144692865500673
41.6,0.0143490555793089
41.61,0.0142288263284282
41.62,0.0141086047585958
41.63,0.0139883978272159
41.64,0.0138682121763742
41.65,0.0137480544993195
41.66,0.0136279288966714
41.67,0.0135078424573456
41.6799999999999,0.0133878013824682
41.69,0.0132678117313433
41.7,0.0131478803910375
41.71,0.0130280142813765
41.72,0.0129082195886092
41.73,0.0127885029135255
41.74,0.0126688731513978
41.75,0.0125493369432283
41.76,0.0124299018816921
41.77,0.0123105750153835
41.78,0.0121913625494318
41.79,0.0120722724449779
41.8,0.0119533120621785
41.8099999999999,0.0118344873550464
41.82,0.0117158052386799
41.83,0.0115972727192258
41.84,0.011478896789108
41.85,0.0113606857704691
41.86,0.0112426462835089
41.87,0.0111247855908905
41.88,0.0110071121008817
41.89,0.0108896342800543
41.9,0.0107723598405375
41.91,0.0106552970760431
41.92,0.0105384534925917
41.9299999999999,0.0104218377381973
41.94,0.0103054582285435
41.95,0.0101893227220469
41.96,0.0100734381269925
41.97,0.00995781300101649
41.98,0.00984245523868644
41.99,0.00972737387151299
42,0.00961257713107108
42.01,0.00949807323851693
42.02,0.0093838708465946
42.03,0.00926997980523146
42.04,0.00915640895644603
42.05,0.00904316765439387
42.0599999999999,0.00893026518392594
42.07,0.00881771126455836
42.08,0.008705515358325
42.09,0.00859368591596698
42.1,0.00848223269079629
42.11,0.00837116498610402
42.12,0.00826049200588406
42.13,0.00815022307403331
42.14,0.00804036794872821
42.15,0.00793093756929028
42.16,0.00782194164294421
42.17,0.00771339082083176
42.1799999999999,0.00760529654864814
42.19,0.00749766976683255
42.2,0.00739052145893856
42.21,0.0072838620534904
42.22,0.00717770315842822
42.23,0.00707205553676377
42.24,0.00696692924179539
42.25,0.00686233542524821
42.26,0.00675828520454525
42.27,0.00665479011193596
42.28,0.00655186108495733
42.29,0.00644951053662913
42.3,0.00634775198351497
42.3099999999999,0.00624659761333123
42.32,0.00614605984500777
42.33,0.00604615094215429
42.34,0.00594688420337711
42.35,0.00584827188192092
42.36,0.00575032596347558
42.37,0.00565305936917257
42.38,0.00555648493414889
42.39,0.00546061559096229
42.4,0.00536546408795217
42.41,0.00527104401628509
42.42,0.00517736937417682
42.4299999999999,0.00508445385140769
42.44,0.00499231126373048
42.45,0.00490095587534948
42.46,0.00481040112764735
42.47,0.00472066041280252
42.48,0.00463174753268043
42.49,0.00454367561812167
42.5,0.00445645806181374
42.51,0.00437010873675022
42.52,0.00428464144228093
42.53,0.0042000698503925
42.54,0.00411640814377413
42.55,0.00403367030669576
42.5599999999999,0.00395186953342706
42.57,0.00387101926616369
42.58,0.00379113274550586
42.59,0.00371222194481218
42.6,0.00363429951045284
42.61,0.00355737754226716
42.62,0.00348146784361622
42.63,0.00340658211320929
42.64,0.00333273221136253
42.65,0.00325992939609657
42.66,0.00318818408401896
42.67,0.00311750685484009
42.6799999999999,0.00304790737073447
42.69,0.00297939396097376
42.7,0.00291197544897048
42.71,0.00284565946970167
42.72,0.00278045325680005
42.73,0.00271636336687331
42.74,0.00265339548776538
42.75,0.00259155492416638
42.76,0.00253084568606477
42.77,0.00247127123624679
42.78,0.00241283431221822
42.79,0.00235553616988866
42.8,0.00229937780976836
42.8099999999999,0.00224435891946607
42.82,0.00219047827794344
42.83,0.00213773388742216
42.84,0.00208612245810309
42.85,0.00203564002252769
42.86,0.0019862815249263
42.87,0.00193804089991011
42.88,0.0018909111849191
42.89,0.00184488438019133
42.9,0.0017999515395204
42.91,0.00175610277765624
42.92,0.00171332737478846
42.9299999999999,0.00167161352373945
42.94,0.00163094880542408
42.95,0.00159131989915824
42.96,0.00155271246933855
42.97,0.00151511208701703
42.98,0.00147850291024315
42.99,0.00144286880121314
43,0.0014081933006536
43.01,0.0013744587315257
43.02,0.00134164775337717
43.03,0.00130974202932971
43.04,0.00127872279620135
43.05,0.00124857173212624
43.0599999999999,0.00121926925290714
43.07,0.00119079622805184
43.08,0.00116313336630048
43.09,0.00113626065535889
43.1,0.0011101589581831
43.11,0.00108480847067957
43.12,0.00106018963660007
43.13,0.00103628303022832
43.14,0.0010130693699625
43.15,0.000990529470038553
43.16,0.000968644336832618
43.17,0.000947395311930618
43.1799999999999,0.000926763820486999
43.19,0.00090673169994694
43.2,0.000887281064372816
43.21,0.000868394315740281
43.22,0.000850054271768363
43.23,0.000832244073634716
43.24,0.000814947239595486
43.25,0.000798147749766614
43.26,0.000781829841666928
43.27,0.000765978270647755
43.28,0.000750578178858399
43.29,0.000735615003104913
43.3,0.000721074723613893
43.3099999999999,0.000706943676085686
43.32,0.000693208533354983
43.33,0.000679856466165927
43.34,0.000666874997760193
43.35,0.000654252008833144
43.36,0.000641975830650179
43.37,0.000630035132813658
43.38,0.000618418939820748
43.39,0.000607116686911735
43.4,0.000596118125006647
43.41,0.000585413349010686
43.42,0.000574992818685238
43.4299999999999,0.000564847295786731
43.44,0.000554967866917472
43.45,0.000545345937738691
43.46,0.000535973205678746
43.47,0.000526841664860214
43.48,0.000517943594308034
43.49,0.000509271537059805
43.5,0.000500818311402783
43.51,0.000492576990044596
43.52,0.00048454089752169
43.53,0.00047670361070265
43.54,0.000469058923546947
43.55,0.00046160085971739
43.5599999999999,0.000454323635222037
43.57,0.000447221672664981
43.58,0.000440289601356088
43.59,0.00043352222956195
43.6,0.000426914670136175
43.61,0.000420462089326742
43.62,0.000414159869421971
43.63,0.000408003568905539
43.64,0.000401988923241418
43.65,0.000396111804939093
43.66,0.000390368245280023
43.67,0.000384754412428068
43.6799999999999,0.00037926661480101
43.69,0.000373901293427655
43.7,0.000368655016058643
43.71,0.000363524536120513
43.72,0.00035850665626388
43.73,0.000353598316395284
43.74,0.000348796580684716
43.75,0.0003440986330571
43.76,0.000339501733631648
43.77,0.000335003251173682
43.78,0.000330600688279702
43.79,0.000326291642304377
43.8,0.000322073771409608
43.8099999999999,0.000317944838022372
43.82,0.000313902688845511
43.83,0.000309945252905834
43.84,0.000306070537427725
43.85,0.000302276623611166
43.86,0.000298561678913364
43.87,0.000294923925508336
43.88,0.000291361653425679
43.89,0.000287873217980056
43.9,0.00028445709022518
43.91,0.000281111741842459
43.92,0.000277835723449177
43.9299999999999,0.000274627646594184
43.94,0.000271486199670713
43.95,0.000268410098442547
43.96,0.000265398120241224
43.97,0.000262449090199628
43.98,0.000259561877116427
43.99,0.000256735400292975
44,0.000253968619372682
44.01,0.000251260542650284
44.02,0.000248610219797774
44.03,0.000246016727208021
44.04,0.000243479181136679
44.05,0.000240996741382046
44.0599999999999,0.000238568638387396
44.07,0.000236194083974231
44.08,0.000233872341294228
44.09,0.000231602704199538
44.1,0.000229384523924645
44.11,0.000227217151815978
44.12,0.00022509997680137
44.13,0.000223032415853866
44.14,0.000221013907656791
44.15,0.000219043917167404
44.16,0.00021712193436999
44.17,0.000215247469663256
44.1799999999999,0.000213420063519572
44.19,0.00021163928780558
44.2,0.000209904713162882
44.21,0.000208215938009417
44.22,0.000206572584848955
44.23,0.000204974349299423
44.24,0.000203420881737097
44.25,0.000201911877059371
44.26,0.000200447050928007
44.27,0.000199026144190502
44.28,0.000197648914036894
44.29,0.00019631513797304
44.3,0.000195024613745441
44.3099999999999,0.000193777132416499
44.32,0.000192572500966425
44.33,0.000191410566206519
44.34,0.000190291176280616
44.35,0.000189214203369614
44.36,0.000188179643533168
44.37,0.000187187376843252
44.38,0.000186237353109443
44.39,0.000185329543779518
44.4,0.000184463901408866
44.41,0.0001836404131398
44.42,0.000182859103283319
44.4299999999999,0.000182120000512987
44.44,0.000181423167628363
44.45,0.000180768758344306
44.46,0.000180156850278255
44.47,0.000179587582399778
44.48,0.000179061118967291
44.49,0.000178577566013567
44.5,0.000178137107696836
44.51,0.000177739957159704
44.52,0.000177386329674532
44.53,0.000177076479875678
44.54,0.000176810726052199
44.55,0.000176589336854477
44.5599999999999,0.000176412632335087
44.57,0.000176280956380853
44.58,0.000176194701209958
44.59,0.000176154263074182
44.6,0.000176160068944193
44.61,0.00017621257574074
44.62,0.000176312239385157
44.63,0.000176459516010578
44.64,0.000176654942837575
44.65,0.000176899056223486
44.66,0.000177192415437316
44.67,0.000177535616948418
44.6799999999999,0.000177929264954532
44.69,0.000178373992696086
44.7,0.000178870457382067
44.71,0.00017941934856709
44.72,0.0001800213821436
44.73,0.000180677289468021
44.74,0.000181387832040411
44.75,0.000182153793938469
44.76,0.000182975938687814
44.77,0.000183855107723145
44.78,0.000184792145014738
44.79,0.000185787916278981
44.8,0.000186843279072686
44.8099999999999,0.00018795911758326
44.82,0.000189136351532369
44.83,0.000190375906285428
44.84,0.000191678719060071
44.85,0.000193045719741369
44.86,0.000194477872498307
44.87,0.000195976142900252
44.88,0.00019754149231755
44.89,0.000199174882100931
44.9,0.000200877289811757
44.91,0.000202649687761383
44.92,0.000204493020651845
44.9299999999999,0.000206408248208423
44.94,0.000208396318438228
44.95,0.000210458160773649
44.96,0.000212594666433546
44.97,0.000214806735715428
44.98,0.000217095236898811
44.99,0.000219460990804095
45,0.000221904784915726
45.01,0.00022442738857697
45.02,0.00022702952309772
45.03,0.000229711829477318
45.04,0.00023247493126014
45.05,0.000235319387161238
45.0599999999999,0.000238245689667539
45.07,0.000241254251565922
45.08,0.000244345433080144
45.09,0.000247519511993492
45.1,0.000250776677093796
45.11,0.000254117032301433
45.12,0.00025754059471632
45.13,0.000261047282321512
45.14,0.000264636888362392
45.15,0.000268309120565953
45.16,0.000272063565013443
45.17,0.000275899690433873
45.1799999999999,0.000279816844859368
45.19,0.000283814242531524
45.2,0.00028789096554544
45.21,0.000292045985076287
45.22,0.000296278121746272
45.23,0.000300586043610985
45.24,0.00030496828051045
45.25,0.00030942327063004
45.26,0.000313949242326383
45.27,0.000318544292488724
45.28,0.000323206389511261
45.29,0.000327933378246876
45.3,0.000332722903320433
45.3099999999999,0.000337572474817366
45.32,0.000342479519679207
45.33,0.000347441278214202
45.34,0.000352454835212232
45.35,0.000357517149699411
45.36,0.000362625126758631
45.37,0.000367775465999683
45.38,0.000372964771798872
45.39,0.000378189571270304
45.4,0.000383446247214608
45.41,0.000388731091222927
45.42,0.000394040318347744
45.4299999999999,0.000399370034799582
45.44,0.000404716269297539
45.45,0.000410075032079357
45.46,0.000415442220292624
45.47,0.00042081369158222
45.48,0.000426185300727226
45.49,0.000431552833463039
45.5,0.000436912063281979
45.51,0.000442258780351239
45.52,0.000447588750788181
45.53,0.000452897756588398
45.54,0.000458181610430868
45.55,0.000463436148875625
45.5599999999999,0.000468657251230286
45.57,0.000473840817598463
45.58,0.000478982822291524
45.59,0.000484079301517935
45.6,0.000489126349426241
45.61,0.000494120145306714
45.62,0.000499056955427083
45.63,0.000503933150249704
45.64,0.00050874520131899
45.65,0.000513489693704112
45.66,0.000518163301485556
45.67,0.000522762835102938
45.6799999999999,0.000527285242558608
45.69,0.000531727565499777
45.7,0.000536086989851413
45.71,0.000540360852458385
45.72,0.000544546588557719
45.73,0.000548641777669628
45.74,0.000552644156899015
45.75,0.000556551590094607
45.76,0.000560362086047528
45.77,0.00056407380598582
45.78,0.000567685036517954
45.79,0.000571194207327201
45.8,0.000574599909745052
45.8099999999999,0.000577900850822849
45.82,0.00058109587112454
45.83,0.000584183972041606
45.84,0.00058716426626699
45.85,0.00059003598970206
45.86,0.000592798526936769
45.87,0.000595451376668265
45.88,0.000597994157171595
45.89,0.000600426615396261
45.9,0.000602748603932524
45.91,0.000604960078541776
45.92,0.000607061118752991
45.9299999999999,0.000609051903184143
45.94,0.000610932711094209
45.95,0.000612703922702253
45.96,0.000614366003948626
45.97,0.000615919488539379
45.98,0.000617365004667067
45.99,0.000618703299417272
46,0.00061993517486023
46.01,0.000621061482608512
46.02,0.000622083173799984
46.03,0.000623001229340222
46.04,0.000623816708634684
46.05,0.000624530728263514
46.0599999999999,0.000625144465343462
46.07,0.000625659144904372
46.08,0.000626076045916032
46.09,0.000626396480998761
46.1,0.000626621795792279
46.11,0.000626753378995905
46.12,0.000626792640983668
46.13,0.000626741042011855
46.14,0.000626600054815024
46.15,0.000626371200017019
46.16,0.000626055992321599
46.17,0.000625655998507126
46.1799999999999,0.000625172773251421
46.19,0.000624607894169259
46.2,0.000623962956333689
46.21,0.000623239546851597
46.22,0.000622439283078818
46.23,0.000621563773083827
46.24,0.000620614646615735
46.25,0.000619593520968028
46.26,0.000618502024538165
46.27,0.000617341785219469
46.28,0.000616114413224544
46.29,0.000614821525229969
46.3,0.000613464727631846
46.3099999999999,0.00061204562457453
46.32,0.000610565802780795
46.33,0.00060902684582816
46.34,0.000607430334920523
46.35,0.000605777829759762
46.36,0.00060407088376858
46.37,0.000602311038560059
46.38,0.000600499821685945
46.39,0.000598638738784257
46.4,0.00059672928225453
46.41,0.000594772926996212
46.42,0.000592771136015856
46.4299999999999,0.000590725346763013
46.44,0.000588636980940818
46.45,0.000586507454443753
46.46,0.000584338153381997
46.47,0.000582130447886321
46.48,0.000579885686414476
46.49,0.00057760520202588
46.5,0.000575290306045415
46.51,0.000572942282503002
46.52,0.000570562400256887
46.53,0.000568151903676829
46.54,0.000565712024476352
46.55,0.000563243967133609
46.5599999999999,0.000560748913625713
46.57,0.000558228029508345
46.58,0.00055568246158576
46.59,0.000553113331034323
46.6,0.000550521739559184
46.61,0.000547908765023091
46.62,0.000545275467097542
46.63,0.000542622882942093
46.64,0.000539952029852092
46.65,0.00053726390228225
46.66,0.000534559473635314
46.67,0.000531839700639687
46.6799999999999,0.000529105518887341
46.69,0.000526357841405705
46.7,0.000523597562534963
46.71,0.00052082555701358
46.72,0.000518042679457033
46.73,0.000515249765100409
46.74,0.000512447628904432
46.75,0.000509637066407666
46.76,0.000506818854569671
46.77,0.000503993750835224
46.78,0.000501162497440384
46.79,0.000498325815794291
46.8,0.000495484408728885
46.8099999999999,0.000492638961665869
46.82,0.000489790146371868
46.83,0.000486938613301788
46.84,0.000484084997409951
46.85,0.000481229916691419
46.86,0.000478373970808515
46.87,0.000475517745301083
46.88,0.000472661808782824
46.89,0.00046980671407
46.9,0.000466952998480579
46.91,0.000464101183595127
46.92,0.000461251775898407
46.9299999999999,0.00045840526923702
46.94,0.000455562143191523
46.95,0.000452722861429284
46.96,0.000449887874838114
46.97,0.000447057619219064
46.98,0.000444232518411983
46.99,0.000441412983392679
47,0.000438599412169889
47.01,0.000435792187695984
47.02,0.000432991678351396
47.03,0.000430198244902571
47.04,0.000427412233833455
47.05,0.000424633980140044
47.0599999999999,0.000421863815610737
47.07,0.000419102050952587
47.08,0.000416348989817174
47.09,0.000413604925557515
47.1,0.00041087013776442
47.11,0.000408144898037225
47.12,0.00040542946918007
47.13,0.000402724103477436
47.14,0.000400029042189618
47.15,0.000397344514818378
47.16,0.000394670745735417
47.17,0.00039200794847001
47.1799999999999,0.000389356327617158
47.19,0.000386716084035532
47.2,0.00038408740466175
47.21,0.000381470470419918
47.22,0.000378865454512528
47.23,0.000376272522270677
47.24,0.000373691831867474
47.25,0.000371123534637049
47.26,0.000368567774961268
47.27,0.000366024688572553
47.28,0.000363494399998307
47.29,0.000360977034949697
47.3,0.000358472709584931
47.3099999999999,0.000355981533759243
47.32,0.000353503610716843
47.33,0.000351039037349844
47.34,0.000348587905670604
47.35,0.000346150301600667
47.36,0.000343726305556746
47.37,0.000341315993196432
47.38,0.000338919435030944
47.39,0.000336536696079762
47.4,0.000334167836914011
47.41,0.000331812913546295
47.42,0.00032947197467874
47.4299999999999,0.000327145066220682
47.44,0.000324832230901729
47.45,0.000322533506446777
47.46,0.000320248926566061
47.47,0.000317978519078445
47.48,0.000315722309768014
47.49,0.000313480320620202
47.5,0.000311252569750684
47.51,0.000309039071818167
47.52,0.000306839835080894
47.53,0.000304654867939745
47.54,0.000302484174473918
47.55,0.000300327755535302
47.5599999999999,0.000298185609055833
47.57,0.000296057731511307
47.58,0.000293944114821703
47.59,0.000291844749002581
47.6,0.000289759621622153
47.61,0.000287688716698677
47.62,0.00028563201108204
47.63,0.000283589486299043
47.64,0.000281561118734051
47.65,0.000279546882422732
47.66,0.000277546750053886
47.67,0.000275560693586705
47.6799999999999,0.000273588680423
47.69,0.000271630677232896
47.7,0.000269686648984102
47.71,0.00026775655806159
47.72,0.000265840364914144
47.73,0.000263938029922317
47.74,0.000262049511336174
47.75,0.000260174766030558
47.76,0.000258313746259246
47.77,0.000256466403781829
47.78,0.000254632691234486
47.79,0.000252812558466442
47.8,0.000251005953926479
47.8099999999999,0.000249212826848818
47.82,0.000247433123796704
47.83,0.00024566678986556
47.84,0.000243913769626713
47.85,0.000242174006730911
47.86,0.000240447444365258
47.87,0.000238734024565617
47.88,0.000237033688749223
47.89,0.000235346377750805
47.9,0.000233672031781248
47.91,0.000232010583581695
47.92,0.00023036197354897
47.9299999999999,0.000228726138300359
47.94,0.000227103013687286
47.95,0.000225492534992699
47.96,0.000223894637952398
47.97,0.000222309256145439
47.98,0.000220736323169146
47.99,0.000219175772101369
48,0.00021762753658566
48.01,0.000216091552318362
48.02,0.000214567750837489
48.03,0.000213056065187149
48.04,0.000211556428409014
48.05,0.000210068770755589
48.0599999999999,0.000208593020372191
48.07,0.000207129110437107
48.08,0.000205676971417117
48.09,0.00020423653333096
48.1,0.000202807725517043
48.11,0.000201390477391066
48.12,0.00019998471781354
48.13,0.000198590375365564
48.14,0.000197207386486805
48.15,0.000195835677485832
48.16,0.000194475178058564
48.17,0.000193125817819402
48.1799999999999,0.000191787526287674
48.19,0.000190460232912048
48.2,0.00018914386705959
48.21,0.000187838358013031
48.22,0.00018654363605643
48.23,0.00018525963124911
48.24,0.000183986272712355
48.25,0.000182723490041055
48.26,0.000181471213562876
48.27,0.000180229374534524
48.28,0.000178997902404668
48.29,0.000177776727463626
48.3,0.000176565780204499
48.3099999999999,0.000175364991877715
48.32,0.000174174292807297
48.33,0.000172993613813749
48.34,0.000171822885821843
48.35,0.000170662040281919
48.36,0.000169511009755105
48.37,0.000168369725122433
48.38,0.000167238118148016
48.39,0.000166116120746561
48.4,0.000165003666146094
48.41,0.000163900688858023
48.42,0.000162807120731812
48.4299999999999,0.000161722895102577
48.44,0.000160647945544685
48.45,0.000159582206513246
48.46,0.000158525612814339
48.47,0.000157478098601908
48.48,0.000156439598751067
48.49,0.000155410048412989
48.5,0.00015438938231624
48.51,0.000153377535703817
48.52,0.000152374444601393
48.53,0.000151380044964986
48.54,0.000150394272994973
48.55,0.000149417067888482
48.5599999999999,0.000148448367156602
48.57,0.000147488107841042
48.58,0.000146536228094976
48.59,0.000145592666418037
48.6,0.000144657361389846
48.61,0.000143730252198299
48.62,0.000142811278353583
48.63,0.00014190037966413
48.64,0.000140997496276975
48.65,0.000140102568825527
48.66,0.000139215538131228
48.67,0.000138336345374614
48.6799999999999,0.00013746493209883
48.69,0.000136601240189869
48.7,0.000135745212497447
48.71,0.000134896791559677
48.72,0.000134055920372235
48.73,0.00013322254236344
48.74,0.000132396601321834
48.75,0.000131578041851786
48.76,0.000130766808422297
48.77,0.000129962845966953
48.78,0.000129166099837646
48.79,0.00012837651575893
48.8,0.000127594039988104
48.8099999999999,0.000126818618975797
48.82,0.00012605019958878
48.83,0.000125288729084265
48.84,0.000124534155096372
48.85,0.000123786425684779
48.86,0.000123045489230091
48.87,0.000122311294505023
48.88,0.000121583790663842
48.89,0.000120862927238994
48.9,0.000120148653961856
48.91,0.000119440921175119
48.92,0.000118739679524099
48.9299999999999,0.000118044880017461
48.94,0.000117356474037333
48.95,0.000116674413339078
48.96,0.000115998650088243
48.97,0.000115329136841943
48.98,0.000114665826455631
48.99,0.000114008672196801
49,0.000113357627708257
49.01,0.000112712647008072
49.02,0.000112073684489562
49.03,0.000111440694613327
49.04,0.000110813632595688
49.05,0.000110192453909475
49.0599999999999,0.000109577114371866
49.07,0.000108967570163854
49.08,0.000108363777829512
49.09,0.000107765694151775
49.1,0.000107173276202761
49.11,0.00010658648167492
49.12,0.000106005268483218
49.13,0.00010542959489069
49.14,0.000104859419506963
49.15,0.000104294701286785
49.16,0.000103735399821581
49.17,0.000103181474687821
49.1799999999999,0.000102632885908701
49.19,0.000102089593878725
49.2,0.000101551559341025
49.21,0.000101018743386559
49.22,0.000100491107258333
49.23,9.99686124147587e-05
49.24,9.94512210919356e-05
49.25,9.89388956441759e-05
49.26,9.84315987513031e-05
49.27,9.79292934166698e-05
49.28,9.74319429651752e-05
49.29,9.69395114393475e-05
49.3,9.64519627211182e-05
49.3099999999999,9.59692611425147e-05
49.32,9.54913713966481e-05
49.33,9.5018258503242e-05
49.34,9.45498878075748e-05
49.35,9.40862247903415e-05
49.36,9.3627235127908e-05
49.37,9.3172885263102e-05
49.38,9.27231417296937e-05
49.39,9.22779713669012e-05
49.4,9.18373413174364e-05
49.41,9.14012190255502e-05
49.42,9.09695722796123e-05
49.4299999999999,9.05423691828629e-05
49.44,9.0119578047692e-05
49.45,8.97011675271184e-05
49.46,8.92871065691055e-05
49.47,8.88773644148091e-05
49.48,8.84719105968243e-05
49.49,8.80707149506687e-05
49.5,8.76737476016755e-05
49.51,8.72809789401108e-05
49.52,8.68923796527423e-05
49.53,8.65079207098376e-05
49.54,8.61275733634577e-05
49.55,8.57513091457498e-05
49.5599999999999,8.5379099893217e-05
49.57,8.50109177173394e-05
49.58,8.46467349705973e-05
49.59,8.42865242993414e-05
49.6,8.39302586230372e-05
49.61,8.35779111326592e-05
49.62,8.32294552890671e-05
49.63,8.28848647311959e-05
49.64,8.2544113386806e-05
49.65,8.2207175543818e-05
49.66,8.18740256913382e-05
49.67,8.15446385752841e-05
49.6799999999999,8.12189891964683e-05
49.69,8.08970528086791e-05
49.7,8.05788050540446e-05
49.71,8.02642217684634e-05
49.72,7.9953278920752e-05
49.73,7.9645952807359e-05
49.74,7.93422199752204e-05
49.75,7.90420572202801e-05
49.76,7.87454415860016e-05
49.77,7.84523502470188e-05
49.78,7.81627606848109e-05
49.79,7.787665069712e-05
49.8,7.75939982635544e-05
49.8099999999999,7.73147815982684e-05
49.82,7.70389791481394e-05
49.83,7.67665695909518e-05
49.84,7.64975317676017e-05
49.85,7.62318449269116e-05
49.86,7.59694885539389e-05
49.87,7.57104423311422e-05
49.88,7.54546861847255e-05
49.89,7.52022002846375e-05
49.9,7.4952965044571e-05
49.91,7.47069611219633e-05
49.92,7.44641680135942e-05
49.9299999999999,7.42245672902174e-05
49.94,7.39881403998515e-05
49.95,7.37548688118204e-05
49.96,7.35247342275794e-05
49.97,7.32977185807203e-05
49.98,7.30738040369743e-05
49.99,7.28529729468264e-05
50,7.26352063745363e-05
50.01,7.24204880411989e-05
50.02,7.22088008954793e-05
50.03,7.20001281071842e-05
50.04,7.17944530672623e-05
50.05,7.1591759387804e-05
50.0599999999999,7.13920309020414e-05
50.07,7.11952513634364e-05
50.08,7.10014039487364e-05
50.09,7.08104738143107e-05
50.1,7.0622445538086e-05
50.11,7.04373039087259e-05
50.12,7.02550339256243e-05
50.13,7.00756207989098e-05
50.14,6.98990499494446e-05
50.15,6.97253065110561e-05
50.16,6.955437574768e-05
50.17,6.93862441308822e-05
50.1799999999999,6.92208978026904e-05
50.19,6.90583231069335e-05
50.2,6.88985065892449e-05
50.21,6.87414349970568e-05
50.22,6.85870952796038e-05
50.23,6.84354736998204e-05
50.24,6.82865574031932e-05
50.25,6.81403342422403e-05
50.26,6.79967918286805e-05
50.27,6.78559179655685e-05
50.28,6.77177006472947e-05
50.29,6.75821280595851e-05
50.3,6.74491885795014e-05
50.3099999999999,6.73188695694667e-05
50.32,6.71911602461032e-05
50.33,6.70660497133561e-05
50.34,6.69435270304566e-05
50.35,6.68235814433018e-05
50.36,6.67062023844565e-05
50.37,6.6591379473149e-05
50.38,6.64791025152743e-05
50.39,6.63693615033929e-05
50.4,6.62621466167312e-05
50.41,6.61574473709411e-05
50.42,6.60552537900996e-05
50.4299999999999,6.59555572768812e-05
50.44,6.58583486546955e-05
50.45,6.57636189277567e-05
50.46,6.56713592810801e-05
50.47,6.55815610804841e-05
50.48,6.54942158725914e-05
50.49,6.5409315384826e-05
50.5,6.53268515254155e-05
50.51,6.52468157829074e-05
50.52,6.51691968671829e-05
50.53,6.50939897755493e-05
50.54,6.50211869017811e-05
50.55,6.49507808065967e-05
50.5599999999999,6.48827642176588e-05
50.57,6.48171300295733e-05
50.58,6.47538713038917e-05
50.59,6.46929812691079e-05
50.6,6.46344533206601e-05
50.61,6.45782810209316e-05
50.62,6.45244576351429e-05
50.63,6.44729772422333e-05
50.64,6.44238339597747e-05
50.65,6.43770219862683e-05
50.66,6.43325356853826e-05
50.67,6.42903695859535e-05
50.6799999999999,6.4250518381984e-05
50.69,6.42129769326446e-05
50.7,6.41777402622735e-05
50.71,6.41448035603755e-05
50.72,6.4114160965488e-05
50.73,6.40858072918007e-05
50.74,6.40597391404786e-05
50.75,6.40359522177139e-05
50.76,6.40144423866332e-05
50.77,6.39952056672969e-05
50.78,6.39782382366993e-05
50.79,6.3963536428769e-05
50.8,6.39510967343684e-05
50.8099999999999,6.3940915801294e-05
50.82,6.39329902083154e-05
50.83,6.39273156673113e-05
50.84,6.39238901966331e-05
50.85,6.3922710987044e-05
50.86,6.39237753813005e-05
50.87,6.39270808741524e-05
50.88,6.39326251123424e-05
50.89,6.39404058946069e-05
50.9,6.39504211716753e-05
50.91,6.39626690462703e-05
50.92,6.39771477731078e-05
50.9299999999999,6.39938557689774e-05
50.94,6.40127915253114e-05
50.95,6.40339537223098e-05
50.96,6.40573411949196e-05
50.97,6.40829529263335e-05
50.98,6.41107880477931e-05
50.99,6.41408458383928e-05
51,6.41731257248822e-05
51.01,6.42076272814703e-05
51.02,6.42443502296279e-05
51.03,6.42832944378913e-05
51.04,6.43244599216657e-05
51.05,6.43678469925877e-05
51.0599999999999,6.44134558721047e-05
51.07,6.44612870175303e-05
51.08,6.45113410401637e-05
51.09,6.45636186980894e-05
51.1,6.46181208960135e-05
51.11,6.46748486851e-05
51.12,6.47338032628092e-05
51.13,6.47949859727336e-05
51.14,6.48583983044349e-05
51.15,6.49240418932815e-05
51.16,6.49919185367065e-05
51.17,6.50620304377051e-05
51.1799999999999,6.51343794826259e-05
51.19,6.52089679067361e-05
51.2,6.52857980919482e-05
51.21,6.53648725667229e-05
51.22,6.54461940059695e-05
51.23,6.55297652309451e-05
51.24,6.56155892091587e-05
51.25,6.57036690542701e-05
51.26,6.57940080259913e-05
51.27,6.5886609529988e-05
51.28,6.59814773141568e-05
51.29,6.60786160110196e-05
51.3,6.61780287849914e-05
51.3099999999999,6.62797197010775e-05
51.32,6.63836929766213e-05
51.33,6.64899529814689e-05
51.34,6.65985042381378e-05
51.35,6.67093514219822e-05
51.36,6.68224993613566e-05
51.37,6.69379530377861e-05
51.38,6.70557175861298e-05
51.39,6.71757982947479e-05
51.4,6.7298200835453e-05
51.41,6.74229313034013e-05
51.42,6.75499950408444e-05
51.4299999999999,6.76793980056357e-05
51.44,6.78111463147729e-05
51.45,6.79452462447454e-05
51.46,6.80817042318898e-05
51.47,6.82205268727387e-05
51.48,6.83617209243685e-05
51.49,6.85052933047553e-05
51.5,6.86512510931224e-05
51.51,6.87996015302919e-05
51.52,6.8950352387268e-05
51.53,6.9103511613295e-05
51.54,6.9259086553034e-05
51.55,6.94170851585369e-05
51.5599999999999,6.95775155506589e-05
51.57,6.97403860196186e-05
51.58,6.99057050255531e-05
51.59,7.00734811990826e-05
51.6,7.02437233418667e-05
51.61,7.04164404271602e-05
51.62,7.05916416003783e-05
51.63,7.07693361796513e-05
51.64,7.09495331584275e-05
51.65,7.11322419976872e-05
51.66,7.13174728502605e-05
51.67,7.1505235666672e-05
51.6799999999999,7.16955405672958e-05
51.69,7.18883978427003e-05
51.7,7.20838179539877e-05
51.71,7.2281811533144e-05
51.72,7.24823893833794e-05
51.73,7.2685562479469e-05
51.74,7.28913419681026e-05
51.75,7.30997391682245e-05
51.76,7.33107674474997e-05
51.77,7.35244384173179e-05
51.78,7.37407631939734e-05
51.79,7.39597539567625e-05
51.8,7.4181423072736e-05
51.8099999999999,7.44057830975306e-05
51.82,7.46328467762017e-05
51.83,7.48626270440497e-05
51.84,7.50951370274592e-05
51.85,7.5330390044727e-05
51.86,7.55683996068891e-05
51.87,7.58091794185605e-05
51.88,7.60527433787611e-05
51.89,7.62991078095878e-05
51.9,7.65482859856444e-05
51.91,7.68002921808566e-05
51.92,7.70551412304701e-05
51.9299999999999,7.73128481805202e-05
51.94,7.75734282890948e-05
51.95,7.78368970275899e-05
51.96,7.81032700819794e-05
51.97,7.8372563354072e-05
51.98,7.86447929627682e-05
51.99,7.89199752453304e-05
52,7.91981267586381e-05
52.01,7.9479264224914e-05
52.02,7.97634031860194e-05
52.03,8.0050561870889e-05
52.04,8.03407576468501e-05
52.05,8.06340081003499e-05
52.0599999999999,8.09303310379703e-05
52.07,8.12297444874454e-05
52.08,8.15322666986691e-05
52.09,8.18379161447208e-05
52.1,8.21467115228754e-05
52.11,8.24586717556131e-05
52.12,8.27738159916449e-05
52.13,8.30921636069208e-05
52.14,8.34137346119117e-05
52.15,8.37385500783779e-05
52.16,8.40666290707344e-05
52.17,8.4397991985091e-05
52.1799999999999,8.47326594583223e-05
52.19,8.50706523693891e-05
52.2,8.54119918406491e-05
52.21,8.57566992391865e-05
52.22,8.61047961781254e-05
52.23,8.64563045179421e-05
52.24,8.68112463677956e-05
52.25,8.71696440868383e-05
52.26,8.75315202855363e-05
52.27,8.78969001180517e-05
52.28,8.82658086150325e-05
52.29,8.86382669325547e-05
52.3,8.90142990067982e-05
52.3099999999999,8.93939290573104e-05
52.32,8.97771815892342e-05
52.33,9.01640813955262e-05
52.34,9.0554653559196e-05
52.35,9.09489234555265e-05
52.36,9.13469167542935e-05
52.37,9.17486594220056e-05
52.38,9.21541777241219e-05
52.39,9.25634982272805e-05
52.4,9.29766473040826e-05
52.41,9.33936521302666e-05
52.42,9.38145403901252e-05
52.4299999999999,9.42393398320389e-05
52.44,9.46680785129873e-05
52.45,9.51007848006346e-05
52.46,9.55374873754388e-05
52.47,9.59782152327398e-05
52.48,9.64229976848466e-05
52.49,9.68718643631473e-05
52.5,9.73248452201938e-05
52.51,9.77819705317997e-05
52.52,9.82432708991352e-05
52.53,9.87087754960724e-05
52.54,9.91785163519041e-05
52.55,9.96525252439782e-05
52.5599999999999,0.000100130833975982
52.57,0.000100613474677682
52.58,0.000101100479806664
52.59,0.000101591882150104
52.6,0.000102087714826507
52.61,0.000102588011287458
52.62,0.000103092805319382
52.63,0.000103602131045291
52.64,0.000104116022926537
52.65,0.00010463451604001
52.66,0.000105157655149759
52.67,0.00010568546914395
52.6799999999999,0.000106217994378669
52.69,0.000106755267601336
52.7,0.000107297325954038
52.71,0.000107844206976905
52.72,0.000108395948611454
52.73,0.000108952589203928
52.74,0.000109514167508667
52.75,0.000110080722691454
52.76,0.000110652294332862
52.77,0.000111228922431614
52.78,0.000111810647968287
52.79,0.000112397513613211
52.8,0.000112989559182158
52.8099999999999,0.000113586826525408
52.82,0.000114189357940321
52.83,0.000114797196175112
52.84,0.000115410384432661
52.85,0.000116028966374292
52.86,0.000116652986123551
52.87,0.00011728248827002
52.88,0.000117917517873089
52.89,0.000118558120465749
52.9,0.000119204342058384
52.91,0.00011985622672603
52.92,0.00012051381927786
52.9299999999999,0.000121177169617286
52.94,0.000121846325370352
52.95,0.00012252133463192
52.96,0.000123202245968505
52.97,0.000123889108421074
52.98,0.000124581971507839
52.99,0.000125280885227091
53,0.00012598590005999
53.01,0.00012669706697338
53.02,0.000127414437422596
53.03,0.000128138063354272
53.04,0.000128868002650189
53.05,0.000129604308405433
53.0599999999999,0.000130347031754748
53.07,0.00013109622714104
53.08,0.000131851949553869
53.09,0.000132614254533737
53.1,0.000133383198176357
53.11,0.000134158837136907
53.12,0.000134941228634326
53.13,0.000135730430455576
53.14,0.000136526500959908
53.15,0.000137329499083146
53.16,0.000138139484341948
53.17,0.000138956523811706
53.1799999999999,0.000139780676041934
53.19,0.000140612001872073
53.2,0.000141450564032144
53.21,0.0001422964259426
53.22,0.000143149651722547
53.23,0.000144010306197942
53.24,0.000144878454909859
53.25,0.000145754164122689
53.26,0.000146637499995081
53.27,0.00014752851874919
53.28,0.00014842729565971
53.29,0.000149333898822427
53.3,0.00015024839697315
53.3099999999999,0.000151170859490168
53.32,0.000152101356396713
53.33,0.000153039958363398
53.34,0.000153986736710702
53.35,0.000154941763411412
53.36,0.000155905111758946
53.37,0.000156876856294055
53.38,0.000157857070081287
53.39,0.000158845827936918
53.4,0.00015984320536428
53.41,0.000160849278557247
53.42,0.000161864124403717
53.4299999999999,0.000162887820489102
53.44,0.000163920445099816
53.45,0.000164962077226744
53.46,0.000166012805229657
53.47,0.000167072713739457
53.48,0.000168141881684886
53.49,0.000169220393616834
53.5,0.000170308335173799
53.51,0.000171405793106461
53.52,0.000172512855302249
53.53,0.000173629607366687
53.54,0.000174756124104612
53.55,0.000175892503833311
53.5599999999999,0.00017703883606484
53.57,0.000178195211130635
53.58,0.000179361720180103
53.59,0.000180538455179289
53.6,0.00018172550890948
53.61,0.000182922967483417
53.62,0.000184130926566004
53.63,0.000185349481117065
53.64,0.000186578725563313
53.65,0.000187818754927249
53.66,0.000189069664813699
53.67,0.000190331551396355
53.6799999999999,0.000191604524504476
53.69,0.00019288869689302
53.7,0.000194184159266644
53.71,0.000195491015052039
53.72,0.000196809368717511
53.73,0.000198139325772959
53.74,0.000199480995218451
53.75,0.000200834489063153
53.76,0.000202199913995132
53.77,0.000203577380830322
53.78,0.00020496700152993
53.79,0.000206368889200439
53.8,0.000207783154145049
53.8099999999999,0.000209209900996948
53.82,0.000210649250961018
53.83,0.000212101319372224
53.84,0.000213566222495305
53.85,0.000215044077524743
53.86,0.000216535001639633
53.87,0.000218039109832914
53.88,0.00021955652382402
53.89,0.000221087363752889
53.9,0.000222631750617829
53.91,0.00022418980627552
53.92,0.000225761657218059
53.9299999999999,0.000227347455628193
53.94,0.000228947313841141
53.95,0.000230561361996393
53.96,0.000232189731542525
53.97,0.000233832555237176
53.98,0.000235489967264461
53.99,0.000237162105192916
54,0.000238849104788574
54.01,0.000240551104381401
54.02,0.000242268243641892
54.03,0.000244000663581064
54.04,0.000245748506550461
54.05,0.000247511899892321
54.0599999999999,0.000249290995502709
54.07,0.000251085937712456
54.08,0.000252896871833012
54.09,0.000254723944315389
54.1,0.00025656730275013
54.11,0.000258427091544369
54.12,0.000260303459715048
54.13,0.000262196558921674
54.14,0.000264106540334818
54.15,0.000266033556180566
54.16,0.000267977759740527
54.17,0.000269939317688427
54.1799999999999,0.0002719184080788
54.19,0.000273915176588449
54.2,0.000275929786161808
54.21,0.000277962401278959
54.22,0.000280013187955605
54.23,0.000282082313744436
54.24,0.000284169947761401
54.25,0.000286276260616248
54.26,0.000288401424471252
54.27,0.00029054561302468
54.28,0.000292709001510787
54.29,0.000294891766699819
54.3,0.000297094072199116
54.3099999999999,0.000299316097711082
54.32,0.000301558025599521
54.33,0.000303820035810074
54.34,0.000306102309570993
54.35,0.000308405029393092
54.36,0.000310728375280578
54.37,0.000313072527561758
54.38,0.000315437674931001
54.39,0.000317824003649314
54.4,0.00032023170113926
54.41,0.000322660955984959
54.42,0.000325111963163022
54.4299999999999,0.000327584957206891
54.44,0.000330080110727206
54.45,0.000332597623761618
54.46,0.000335137698122928
54.47,0.000337700537399052
54.48,0.00034028634695297
54.49,0.000342895328322897
54.5,0.000345527691243076
54.51,0.000348183646392584
54.52,0.000350863405218696
54.53,0.000353567180857667
54.54,0.000356295188134735
54.55,0.000359047624413809
54.5599999999999,0.000361824691148913
54.57,0.000364626616877653
54.58,0.000367453617170019
54.59,0.000370305908761423
54.6,0.000373183709552654
54.61,0.000376087240144875
54.62,0.000379016729011295
54.63,0.000381972393825937
54.64,0.000384954458541224
54.65,0.000387963148399497
54.66,0.000390998689933008
54.67,0.000394061310963927
54.6799999999999,0.000397151270794814
54.69,0.000400268792793709
54.7,0.000403414109869464
54.71,0.000406587460148551
54.72,0.00040978908348171
54.73,0.000413019221443892
54.74,0.000416278103869005
54.75,0.000419565966974381
54.76,0.0004228830622741
54.77,0.000426229634401167
54.78,0.000429605929379792
54.79,0.000433012194625384
54.8,0.000436448670693743
54.8099999999999,0.000439915575157669
54.82,0.00044341317449877
54.83,0.000446941715766119
54.84,0.000450501446870887
54.85,0.00045409261658628
54.86,0.000457715474547479
54.87,0.00046137028000023
54.88,0.000465057281585151
54.89,0.000468776732181381
54.9,0.000472528886276254
54.91,0.000476313999337218
54.92,0.000480132327811828
54.9299999999999,0.000483984135621826
54.94,0.00048786968420976
54.95,0.000491789231201293
54.96,0.000495743038658139
54.97,0.000499731369768479
54.98,0.000503754488846894
54.99,0.000507812647702268
55,0.000511906071887051
55.01,0.000516035048046385
55.02,0.000520199836900594
55.03,0.000524400699576741
55.04,0.00052863789760863
55.05,0.0005329116929368
55.0599999999999,0.000537222313050491
55.07,0.000541570034237151
55.08,0.000545955116051239
55.09,0.000550377816907818
55.1,0.00055483839520137
55.11,0.000559337109305718
55.12,0.000563874206440108
55.13,0.000568449938321265
55.14,0.00057306456705275
55.15,0.000577718347901947
55.16,0.000582411535856273
55.17,0.000587144385623172
55.1799999999999,0.000591917145310599
55.19,0.000596730028912355
55.2,0.000601583308679723
55.21,0.000606477231803385
55.22,0.000611412044625953
55.23,0.000616387992641887
55.24,0.000621405320497665
55.25,0.000626464221974103
55.26,0.000631564941626706
55.27,0.000636707724475865
55.28,0.000641892802155939
55.29,0.000647120404642208
55.3,0.000652390760250879
55.3099999999999,0.00065770407277458
55.32,0.000663060524765766
55.33,0.000668460360266157
55.34,0.000673903791055002
55.35,0.000679391026388753
55.36,0.000684922273000976
55.37,0.000690497735102534
55.38,0.000696117532890023
55.39,0.000701781897943872
55.4,0.000707491018121208
55.41,0.000713245075592554
55.42,0.000719044249015178
55.4299999999999,0.000724888713533088
55.44,0.000730778586903044
55.45,0.000736714006708749
55.46,0.000742695155235779
55.47,0.000748722179130363
55.48,0.000754795220287123
55.49,0.000760914415849277
55.5,0.000767079884754407
55.51,0.00077329166701079
55.52,0.000779549914013714
55.53,0.00078585472436503
55.54,0.000792206189880313
55.55,0.000798604395588858
55.5599999999999,0.000805049368399735
55.57,0.000811541187003535
55.58,0.000818079910056514
55.59,0.000824665583254729
55.6,0.000831298244326109
55.61,0.000837977887747489
55.62,0.000844704512978868
55.63,0.000851478139111915
55.64,0.000858298758756802
55.65,0.000865166355234334
55.66,0.000872080877421046
55.67,0.000879042218414384
55.6799999999999,0.000886050356195707
55.69,0.000893105217339895
55.7,0.000900206717120564
55.71,0.000907354758113307
55.72,0.000914549121868563
55.73,0.000921789726631541
55.74,0.000929076421633121
55.75,0.000936409042597648
55.76,0.000943787411742966
55.77,0.000951211268415133
55.78,0.000958680394515738
55.79,0.000966194571619459
55.8,0.000973753547362385
55.8099999999999,0.000981357053851101
55.82,0.000989004772377187
55.83,0.000996696346233867
55.84,0.00100443146575862
55.85,0.00101220977055193
55.86,0.00102003087918112
55.87,0.00102789438876
55.88,0.00103579985618002
55.89,0.00104374683186242
55.9,0.00105173484339582
55.91,0.00105976339053051
55.92,0.00106783194823617
55.9299999999999,0.00107593996542743
55.94,0.00108408685851671
55.95,0.00109227202693397
55.96,0.00110049483927131
55.97,0.00110875463641668
55.98,0.00111705073101753
55.99,0.00112538240807599
56,0.00113374892371116
56.01,0.00114214950241411
56.02,0.00115058333931416
56.03,0.00115904959875752
56.04,0.0011675474137811
56.05,0.00117607588355002
56.0599999999999,0.00118463407673909
56.07,0.00119322102897566
56.08,0.00120183574201136
56.09,0.00121047718352713
56.1,0.00121914428586342
56.11,0.00122783594119032
56.12,0.00123655101316425
56.13,0.00124528832609627
56.14,0.00125404666724329
56.15,0.00126282478624992
56.16,0.00127162139812806
56.17,0.00128043517995824
56.1799999999999,0.00128926476466301
56.19,0.00129810874823592
56.2,0.00130696568667464
56.21,0.00131583409545254
56.22,0.00132471248081497
56.23,0.00133359927450453
56.24,0.00134249287126865
56.25,0.00135139162929628
56.26,0.00136029386518063
56.27,0.00136919785349493
56.28,0.00137810186743082
56.29,0.00138700410563996
56.3,0.00139590271573202
56.3099999999999,0.00140479581530472
56.32,0.00141368148022602
56.33,0.00142255774437108
56.34,0.00143142262303979
56.35,0.00144027407925945
56.36,0.00144911001752639
56.37,0.00145792831180281
56.38,0.00146672679443908
56.39,0.00147550325602524
56.4,0.00148425546989842
56.41,0.00149298117003357
56.42,0.00150167801479439
56.4299999999999,0.00151034364016023
56.44,0.00151897564183663
56.45,0.00152757157525789
56.46,0.00153612901485023
56.47,0.00154464555019441
56.48,0.00155311858564605
56.49,0.00156154555971089
56.5,0.00156992387777666
56.51,0.00157825091260462
56.52,0.00158652408040667
56.53,0.00159474095069317
56.54,0.00160289872611386
56.55,0.00161099473515601
56.5599999999999,0.00161902628942477
56.57,0.00162699068505143
56.58,0.00163488519384986
56.59,0.00164270700398161
56.6,0.00165045338200633
56.61,0.00165812154371816
56.62,0.00166570868990108
56.63,0.00167321203073557
56.64,0.00168062882348081
56.65,0.00168795624250541
56.66,0.00169519149154536
56.67,0.00170233181989374
56.6799999999999,0.00170937459664603
56.69,0.0017163170626733
56.7,0.00172315654470208
56.71,0.00172989039486094
56.72,0.00173651597976505
56.73,0.00174303073675492
56.74,0.00174943213454889
56.75,0.00175571766013523
56.76,0.00176188476999382
56.77,0.00176793106851499
56.78,0.00177385416532778
56.79,0.00177965173567413
56.8,0.00178532156044954
56.8099999999999,0.00179086140632584
56.82,0.00179626913032096
56.83,0.00180154269450822
56.84,0.00180668024764538
56.85,0.00181167988020161
56.86,0.00181653983470206
56.87,0.00182125845376901
56.88,0.00182583417875833
56.89,0.00183026557723025
56.9,0.00183455133048395
56.91,0.00183869021996561
56.92,0.00184268107874349
56.9299999999999,0.00184652296207678
56.94,0.00185021501645377
56.95,0.00185375652394476
56.96,0.00185714691680602
56.97,0.0018603857484379
56.98,0.00186347272490906
56.99,0.00186640771003923
57,0.00186919079590614
57.01,0.00187182215407738
57.02,0.00187430215747618
57.03,0.00187663135561756
57.04,0.00187881039574851
57.05,0.00188084019545849
57.0599999999999,0.00188272182608953
57.07,0.00188445654708268
57.08,0.00188604567743828
57.09,0.00188749082964496
57.1,0.00188879379267873
57.11,0.00188995652980008
57.12,0.00189098114649901
57.13,0.00189186995855398
57.14,0.00189262548589018
57.15,0.0018932504269893
57.16,0.00189374762311716
57.17,0.00189412010099631
57.1799999999999,0.00189437111758362
57.19,0.00189450409511317
57.2,0.0018945225997446
57.21,0.00189443034190345
57.22,0.00189423128799821
57.23,0.00189392954875794
57.24,0.00189352935435818
57.25,0.00189303496422249
57.26,0.00189245098951758
57.27,0.00189178211567137
57.28,0.00189103315405336
57.29,0.00189020893022675
57.3,0.0018893145461947
57.3099999999999,0.00188835516938828
57.32,0.00188733607975631
57.33,0.00188626261296577
57.34,0.00188514026724751
57.35,0.00188397461364273
57.36,0.00188277131231836
57.37,0.00188153601026036
57.38,0.00188027436576761
57.39,0.00187899225465615
57.4,0.00187769552961872
57.41,0.00187639008283369
57.42,0.00187508170786975
57.4299999999999,0.00187377634189021
57.44,0.00187247990365851
57.45,0.0018711982997597
57.46,0.00186993742570126
57.47,0.00186870315736079
57.48,0.00186750134271736
57.49,0.00186633779313622
57.5,0.00186521827492344
57.51,0.00186414854587976
57.52,0.0018631342749584
57.53,0.00186218105709336
57.54,0.00186129442260089
57.55,0.00186047983595523
57.5599999999999,0.00185974275768865
57.57,0.00185908844505091
57.58,0.00185852209992155
57.59,0.00185804882023971
57.6,0.00185767370672769
57.61,0.00185740172548001
57.62,0.00185723765179105
57.63,0.00185718618951019
57.64,0.00185725193172642
57.65,0.00185743960085042
57.66,0.00185775350122728
57.67,0.00185819792719792
57.6799999999999,0.00185877705310034
57.69,0.00185949502711927
57.7,0.0018603559246119
57.71,0.00186136355953767
57.72,0.00186252169662716
57.73,0.00186383398472923
57.74,0.00186530417573919
57.75,0.00186693569355847
57.76,0.00186873191101858
57.77,0.00187069611198355
57.78,0.00187283153841261
57.79,0.00187514143839692
57.8,0.00187762879724687
57.8099999999999,0.00188029658667539
57.82,0.0018831476970244
57.83,0.00188618505142461
57.84,0.00188941142288721
57.85,0.00189282950669749
57.86,0.00189644195762469
57.87,0.00190025138743764
57.88,0.00190426042186849
57.89,0.00190847154914492
57.9,0.00191288725056749
57.91,0.00191750997027087
57.92,0.00192234215024953
57.9299999999999,0.00192738619607358
57.94,0.00193264447230556
57.95,0.0019381193371999
57.96,0.0019438131358295
57.97,0.00194972820335403
57.98,0.0019558668712241
57.99,0.00196223146997922
58,0.00196882433146245
58.01,0.00197564778710076
58.02,0.00198270418897967
58.03,0.00198999590043321
58.04,0.00199752528998328
58.05,0.00200529473588805
58.0599999999999,0.00201330666084293
58.07,0.00202156350498194
58.08,0.00203006769962093
58.09,0.00203882171248482
58.1,0.0020478280601565
58.11,0.00205708927961686
58.12,0.00206660791201899
58.13,0.00207638655439595
58.14,0.00208642783606067
58.15,0.00209673441928971
58.16,0.00210730898517071
58.17,0.00211815427365271
58.1799999999999,0.00212927305775123
58.19,0.00214066813752535
58.2,0.00215234230568742
58.21,0.00216429845232441
58.22,0.00217653948320982
58.23,0.00218906830536071
58.24,0.00220188782952638
58.25,0.00221500105213849
58.26,0.00222841097332343
58.27,0.00224212060516345
58.28,0.00225613298615551
58.29,0.00227045118348069
58.3,0.00228507828072784
58.3099999999999,0.00230001734128858
58.32,0.00231527147278813
58.33,0.00233084379083426
58.34,0.00234673741481432
58.35,0.00236295543092038
58.36,0.00237950096864938
58.37,0.00239637714160851
58.38,0.00241358704668412
58.39,0.00243113373122241
58.4,0.00244902027760408
58.41,0.00246724973020006
58.42,0.00248582511709191
58.4299999999999,0.00250474944623399
58.44,0.00252402568674166
58.45,0.00254365678112371
58.46,0.00256364562225703
58.47,0.00258399506737579
58.48,0.00260470793816232
58.49,0.00262578700497692
58.5,0.00264723497545093
58.51,0.00266905451136703
58.52,0.0026912482141688
58.53,0.00271381862519614
58.54,0.00273676828905136
58.55,0.00276009961151849
58.5599999999999,0.00278381495834271
58.57,0.00280791663422584
58.58,0.0028324069441651
58.59,0.00285728804815411
58.6,0.00288256206627416
58.61,0.00290823103067311
58.62,0.00293429677994643
58.63,0.00296076120708236
58.64,0.00298762606425376
58.65,0.00301489306167293
58.66,0.00304256404783435
58.67,0.00307064051679012
58.6799999999999,0.00309912399460209
58.69,0.00312801590768343
58.7,0.00315731751361424
58.71,0.00318703011519399
58.72,0.00321715488463916
58.73,0.00324769296025999
58.74,0.00327864551370263
58.75,0.00331001348710837
58.76,0.00334179781661554
58.77,0.0033739993559573
58.78,0.00340661886560852
58.79,0.00343965708108873
58.8,0.00347311465326795
58.8099999999999,0.00350699217326605
58.82,0.00354129017430664
58.83,0.00357600910985697
58.84,0.00361114937569331
58.85,0.00364671133982017
58.86,0.00368269533570674
58.87,0.00371910159198088
58.88,0.00375593030887639
58.89,0.0037931816360308
58.9,0.00383085567567548
58.91,0.00386895248796452
58.92,0.00390747208863002
58.9299999999999,0.00394641443756473
58.94,0.00398577945212318
58.95,0.00402556702156396
58.96,0.00406577698970829
58.97,0.00410640916991001
58.98,0.00414746333872599
58.99,0.00418893923402148
59,0.00423083656406323
59.01,0.00427315500698923
59.02,0.00431589421194232
59.03,0.00435905380065034
59.04,0.00440263336931553
59.05,0.00444663247204101
59.0599999999999,0.00449105064726339
59.07,0.00453588741459074
59.08,0.00458114226741108
59.09,0.00462681466631602
59.1,0.00467290405822637
59.11,0.00471940987101856
59.12,0.0047663315115028
59.13,0.0048136683666195
59.14,0.0048614198069497
59.15,0.0049095851871876
59.16,0.00495816384647868
59.17,0.00500715509292172
59.1799999999999,0.00505655822690217
59.19,0.00510637254003043
59.2,0.0051565973058503
59.21,0.00520723177471807
59.22,0.00525827518628461
59.23,0.00530972677158503
59.24,0.00536158574584229
59.25,0.00541385131302786
59.26,0.00546652266515992
59.27,0.00551959898233538
59.28,0.00557307943449537
59.29,0.00562696317020823
59.3,0.00568124932721567
59.3099999999999,0.00573593704164229
59.32,0.00579102543425086
59.33,0.00584651360657142
59.34,0.00590240064720112
59.35,0.0059586856419746
59.36,0.00601536766094703
59.37,0.00607244576740192
59.38,0.00612991901445868
59.39,0.00618778643839456
59.4,0.0062460470677807
59.41,0.00630469992080403
59.42,0.0063637440026063
59.4299999999999,0.00642317831044888
59.44,0.00648300183145147
59.45,0.00654321354231208
59.46,0.00660381240732294
59.47,0.00666479735395123
59.48,0.00672616733231705
59.49,0.0067879212685137
59.5,0.00685005807682734
59.51,0.00691257665625571
59.52,0.00697547589008108
59.53,0.00703875465643465
59.54,0.00710241181742319
59.55,0.00716644622211734
59.5599999999999,0.00723085671385051
59.57,0.00729564211916967
59.58,0.00736080124919302
59.59,0.00742633290433466
59.6,0.00749223587220042
59.61,0.00755850892139459
59.62,0.00762515081439371
59.63,0.00769216029773373
59.64,0.00775953610439263
59.65,0.00782727694851466
59.66,0.00789538151726558
59.67,0.00796384850278745
59.6799999999999,0.00803267657368785
59.69,0.00810186438262338
59.7,0.0081714105645184
59.71,0.00824131373786971
59.72,0.00831157250554041
59.73,0.00838218545246546
59.74,0.00845315114604628
59.75,0.00852446816352507
59.76,0.00859613503667131
59.77,0.00866815028600007
59.78,0.00874051241776215
59.79,0.0088132199213598
59.8,0.00888627125906753
59.8099999999999,0.00895966488342917
59.82,0.00903339923035738
59.83,0.00910747271544682
59.84,0.00918188373588071
59.85,0.00925663065669364
59.86,0.00933171182908507
59.87,0.00940712559186433
59.88,0.00948287025825603
59.89,0.00955894412055534
59.9,0.00963534545705415
59.91,0.00971207252557318
59.92,0.00978912355402879
59.9299999999999,0.0098664967534285
59.94,0.00994419031330684
59.95,0.0100222024046247
59.96,0.0101005311794364
59.97,0.0101791747610858
59.98,0.0102581312540676
59.99,0.010337398740831
60,0.0104169752806339
60.01,0.0104968589079639
60.02,0.0105770476383841
60.03,0.0106575394628656
60.04,0.0107383323491262
60.05,0.0108194242413115
60.0599999999999,0.010900813059236
60.07,0.0109824966997209
60.08,0.0110644730350969
60.09,0.0111467399133434
60.1,0.0112292951580584
60.11,0.0113121365728993
60.12,0.0113952619306161
60.13,0.0114786689812764
60.14,0.0115623554498466
60.15,0.0116463190360044
60.16,0.011730557419431
60.17,0.0118150682476744
60.1799999999999,0.0118998491445685
60.19,0.011984897708446
60.2,0.0120702115116823
60.21,0.0121557881010421
60.22,0.0122416250030148
60.23,0.0123277197092975
60.24,0.0124140696885003
60.25,0.0125006723827342
60.26,0.0125875252074642
60.27,0.0126746255529373
60.28,0.012761970786663
60.29,0.0128495582418562
60.3,0.012937385227855
60.3099999999999,0.0130254490269451
60.32,0.0131137468942359
60.33,0.0132022760610928
60.34,0.0132910337336045
60.35,0.0133800170834941
60.36,0.0134692232585214
60.37,0.0135586493790884
60.38,0.013648292538145
60.39,0.0137381498065038
60.4,0.0138282182256397
60.41,0.0139184948053366
60.42,0.0140089765305711
60.4299999999999,0.0140996603588603
60.44,0.0141905432202027
60.45,0.0142816220224666
60.46,0.0143728936413308
60.47,0.0144643549244483
60.48,0.0145560026932454
60.49,0.0146478337416711
60.5,0.0147398448361586
60.51,0.0148320327250523
60.52,0.0149243941180306
60.53,0.0150169257007112
60.54,0.015109624132028
60.55,0.0152024860436853
60.5599999999999,0.0152955080411333
60.57,0.0153886867148813
60.58,0.0154820186109721
60.59,0.0155755002554938
60.6,0.0156691281478473
60.61,0.01576289876078
60.62,0.015856808541135
60.63,0.0159508539182347
60.64,0.0160450312821793
60.65,0.0161393370019233
60.66,0.016233767420362
60.67,0.0163283188543959
60.6799999999999,0.016422987595597
60.69,0.0165177699174494
60.7,0.0166126620567672
60.71,0.0167076602292283
60.72,0.0168027606251965
60.73,0.0168979594098097
60.74,0.0169932527241684
60.75,0.0170886366987166
60.76,0.0171841074188547
60.77,0.0172796609536133
60.78,0.0173752933479054
60.79,0.0174710006226639
60.8,0.017566778775889
60.8099999999999,0.0176626237940368
60.82,0.0177585316230277
60.83,0.0178544981925163
60.84,0.0179505194094153
60.85,0.0180465911580699
60.86,0.0181427093006779
60.87,0.0182388696805507
60.88,0.0183350681143225
60.89,0.0184313003987229
60.9,0.0185275623089451
60.91,0.0186238495988326
60.92,0.0187201580019011
60.9299999999999,0.0188164832421841
60.94,0.0189128210069247
60.95,0.0190091669695172
60.96,0.0191055167834624
60.97,0.0192018660825892
60.98,0.0192982104828789
60.99,0.0193945456025889
61,0.0194908670092111
61.01,0.019587170264833
61.02,0.0196834509137103
61.03,0.0197797044825378
61.04,0.0198759264807194
61.05,0.0199721124039355
61.0599999999999,0.0200682577334751
61.07,0.0201643579264667
61.08,0.0202604084278125
61.09,0.0203564046667698
61.1,0.0204523420572387
61.11,0.020548215998049
61.12,0.0206440218737705
61.13,0.020739755054067
61.14,0.0208354108942781
61.15,0.0209309847360141
61.16,0.0210264719072853
61.17,0.0211218677227925
61.1799999999999,0.0212171674845759
61.19,0.0213123665180065
61.2,0.021407460085883
61.21,0.0215024434594022
61.22,0.0215973118989565
61.23,0.021692060654491
61.24,0.0217866849658652
61.25,0.0218811800710431
61.26,0.0219755412100834
61.27,0.0220697635877055
61.28,0.0221638424127403
61.29,0.0222577728865869
61.3,0.0223515502036263
61.3099999999999,0.0224451695516355
61.32,0.0225386260897916
61.33,0.0226319149846234
61.34,0.0227250314092572
61.35,0.0228179705212103
61.36,0.0229107274722928
61.37,0.0230032974089519
61.38,0.0230956754726097
61.39,0.0231878568060291
61.4,0.0232798365398382
61.41,0.0233716098033487
61.42,0.0234631717226676
61.4299999999999,0.0235545174207773
61.44,0.0236456420178889
61.45,0.0237365406497198
61.46,0.0238272084970388
61.47,0.023917640649872
61.48,0.0240078322378316
61.49,0.0240977783920868
61.5,0.024187474245878
61.51,0.0242769149350345
61.52,0.024366095588757
61.53,0.0244550113434545
61.54,0.0245436573484356
61.55,0.0246320287515501
61.5599999999999,0.0247201207053277
61.57,0.0248079283674665
61.58,0.0248954469013181
61.59,0.0249826714258587
61.6,0.0250695970673081
61.61,0.0251562190299171
61.62,0.0252425324834056
61.63,0.0253285326026009
61.64,0.0254142145677459
61.65,0.0254995735648072
61.66,0.0255846048052011
61.67,0.0256693035158033
61.6799999999999,0.0257536648896587
61.69,0.0258376841483676
61.7,0.0259213565221642
61.71,0.0260046772503103
61.72,0.0260876415814838
61.73,0.026170244820368
61.74,0.0262524823353419
61.75,0.0263343493641599
61.76,0.0264158412253015
61.77,0.0264969532526487
61.78,0.026577680796121
61.79,0.0266580192223109
61.8,0.0267379638865902
61.8099999999999,0.0268175100988691
61.82,0.0268966533177126
61.83,0.0269753889603063
61.84,0.0270537124604614
61.85,0.0271316192690518
61.86,0.027209104854452
61.87,0.0272861646726464
61.88,0.0273627940739604
61.89,0.027438988645745
61.9,0.0275147438975281
61.91,0.02759005535373
61.92,0.0276649185538084
61.9299999999999,0.0277393290524031
61.94,0.027813282442257
61.95,0.027886774518768
61.96,0.0279598007964163
61.97,0.0280323569325651
61.98,0.0281044386063758
61.99,0.0281760415193172
62,0.0282471613956713
62.01,0.0283177939876416
62.02,0.0283879351866205
62.03,0.0284575807390389
62.04,0.0285267264865542
62.05,0.0285953682992503
62.0599999999999,0.0286635020763346
62.07,0.0287311237468354
62.08,0.0287982292702975
62.09,0.0288648142363399
62.1,0.0289308748179928
62.11,0.0289964070100342
62.12,0.0290614068224483
62.13,0.0291258702885194
62.14,0.0291897934649053
62.15,0.0292531724317086
62.16,0.0293160033871864
62.17,0.029378282433749
62.1799999999999,0.029440005732058
62.19,0.0295011694769797
62.2,0.0295617698899584
62.21,0.0296218032192533
62.22,0.0296812657401721
62.23,0.0297401539568837
62.24,0.0297984641733937
62.25,0.0298561927572342
62.26,0.0299133361417328
62.27,0.0299698907949743
62.28,0.0300258532204213
62.29,0.030081219957533
62.3,0.0301359874597437
62.3099999999999,0.0301901523413259
62.32,0.0302437112588265
62.33,0.0302966608731791
62.34,0.030348997880615
62.35,0.0304007190130667
62.36,0.0304518210385719
62.37,0.0305023006448287
62.38,0.0305521543681624
62.39,0.0306013792280076
62.4,0.0306499720680143
62.41,0.0306979297599956
62.42,0.0307452492037528
62.4299999999999,0.0307919273269012
62.44,0.0308379610846957
62.45,0.0308833478500958
62.46,0.0309280845537141
62.47,0.0309721682496613
62.48,0.0310155960821537
62.49,0.0310583652327093
62.5,0.0311004729205646
62.51,0.0311419164030942
62.52,0.0311826930485966
62.53,0.0312228003055909
62.54,0.0312622354945655
62.55,0.0313009960635119
62.5599999999999,0.0313390795052552
62.57,0.0313764833581383
62.58,0.0314132052067064
62.59,0.0314492426823926
62.6,0.0314845927836295
62.61,0.0315192534828187
62.62,0.0315532224787531
62.63,0.031586497473066
62.64,0.0316190762014884
62.65,0.0316509564336254
62.66,0.0316821359727326
62.67,0.0317126126081566
62.6799999999999,0.0317423841657689
62.69,0.0317714485702246
62.7,0.0317998037394936
62.71,0.0318274476216977
62.72,0.0318543781947495
62.73,0.0318805934659915
62.74,0.031906091499305
62.75,0.0319308712675239
62.76,0.0319549304626734
62.77,0.0319782673485423
62.78,0.0320008802364072
62.79,0.0320227674858441
62.8,0.03204392750554
62.8099999999999,0.0320643587541044
62.82,0.0320840596255165
62.83,0.0321030286004978
62.84,0.0321212643023452
62.85,0.0321387653410134
62.86,0.0321555303713196
62.87,0.0321715580931304
62.88,0.0321868469742939
62.89,0.0322013956130449
62.9,0.0322152028695498
62.91,0.0322282674901267
62.92,0.032240588245176
62.9299999999999,0.0322521639278649
62.94,0.0322629934403459
62.95,0.0322730756722258
62.96,0.0322824094717931
62.97,0.0322909937612082
62.98,0.0322988274908823
62.99,0.0323059102508733
63,0.0323122413712941
63.01,0.0323178198623181
63.02,0.0323226450287623
63.03,0.0323267162289476
63.04,0.0323300328230383
63.05,0.032332594257855
63.0599999999999,0.0323344000516953
63.07,0.0323354497582746
63.08,0.0323357429828747
63.09,0.0323352786086481
63.1,0.0323340561802618
63.11,0.0323320754153837
63.12,0.032329335869479
63.13,0.0323258371230814
63.14,0.0323215788386041
63.15,0.0323165606514945
63.16,0.0323107822228035
63.17,0.0323042432506929
63.1799999999999,0.032296943460179
63.19,0.0322888834848892
63.2,0.0322800630789062
63.21,0.0322704821605131
63.22,0.0322601408118546
63.23,0.032249039167492
63.24,0.0322371773395715
63.25,0.0322245555793277
63.26,0.0322111741681617
63.27,0.0321970334321586
63.28,0.0321821337480318
63.29,0.0321664747719935
63.3,0.0321500568324148
63.3099999999999,0.0321328804410202
63.32,0.0321149459399856
63.33,0.032096253698368
63.34,0.0320768040938796
63.35,0.0320565975357535
63.36,0.032035634476581
63.37,0.0320139153854579
63.38,0.0319914407575983
63.39,0.0319682114757707
63.4,0.0319442287151389
63.41,0.0319194928761232
63.42,0.0318940047746975
63.4299999999999,0.0318677652753589
63.44,0.0318407752944862
63.45,0.0318130358072588
63.46,0.03178454781964
63.47,0.0317553123937216
63.48,0.0317253306404883
63.49,0.0316946036530207
63.5,0.0316631315668358
63.51,0.0316309159759061
63.52,0.0315979579628402
63.53,0.0315642586351234
63.54,0.0315298191251174
63.55,0.0314946404865917
63.5599999999999,0.0314587239243725
63.57,0.0314220706324071
63.58,0.0313846818203753
63.59,0.0313465587207365
63.6,0.0313077030633827
63.61,0.0312681167076026
63.62,0.0312278007671252
63.63,0.0311867567838526
63.64,0.031144986344004
63.65,0.0311024910806454
63.66,0.0310592728179968
63.67,0.0310153332228534
63.6799999999999,0.0309706740853856
63.69,0.0309252972428339
63.7,0.0308792045795097
63.71,0.0308323973649989
63.72,0.0307848771338796
63.73,0.0307366460415969
63.74,0.0306877059192236
63.75,0.0306380586213295
63.76,0.0305877059933227
63.77,0.0305366496497186
63.78,0.0304848916155302
63.79,0.0304324337813418
63.8,0.030379278055319
63.8099999999999,0.0303254263632083
63.82,0.0302708814609687
63.83,0.0302156455457693
63.84,0.0301597205476138
63.85,0.0301031087065578
63.86,0.0300458123038039
63.87,0.0299878337358039
63.88,0.0299291756628146
63.89,0.029869840383108
63.9,0.0298098304100672
63.91,0.0297491483049418
63.92,0.0296877966768474
63.9299999999999,0.0296257770974242
63.94,0.0295630919972944
63.95,0.0294997441968592
63.96,0.0294357361866238
63.97,0.0293710704754632
63.98,0.0293057495709045
63.99,0.0292397758686404
64,0.0291731519867261
64.01,0.0291058804775828
64.02,0.0290379639089979
64.03,0.0289694048641253
64.04,0.0289002066440587
64.05,0.0288303722555168
64.0599999999999,0.0287599042040686
64.07,0.0286888053704812
64.08,0.0286170786735525
64.09,0.0285447270731912
64.1,0.0284717536365508
64.11,0.0283981613703536
64.12,0.0283239533584364
64.13,0.0282491327239746
64.14,0.028173702629482
64.15,0.0280976657873747
64.16,0.0280210249611361
64.17,0.0279437835927111
64.1799999999999,0.0278659448036741
64.19,0.0277875117357366
64.2,0.027708487550749
64.21,0.0276288749895835
64.22,0.0275486774101319
64.23,0.0274678979801112
64.24,0.0273865398677779
64.25,0.027304606255044
64.26,0.0272221003374757
64.27,0.0271390265141638
64.28,0.0270553875586764
64.29,0.0269711868669691
64.3,0.0268864278851442
64.3099999999999,0.0268011140900642
64.32,0.0267152489893515
64.33,0.026628836683247
64.34,0.0265418805154314
64.35,0.0264543841667047
64.36,0.0263663513583862
64.37,0.0262777858504579
64.38,0.0261886914259644
64.39,0.0260990702863405
64.4,0.0260089269745051
64.41,0.0259182651621398
64.42,0.0258270885364232
64.4299999999999,0.0257354008000305
64.44,0.0256432056625762
64.45,0.0255505064843694
64.46,0.0254573071670036
64.47,0.0253636114186425
64.48,0.0252694229575694
64.49,0.0251747455121839
64.5,0.0250795828801292
64.51,0.0249839404115309
64.52,0.0248878212103978
64.53,0.0247912292926566
64.54,0.0246941687078341
64.55,0.0245966435390573
64.5599999999999,0.0244986578848098
64.57,0.0244002155417291
64.58,0.0243013208385529
64.59,0.0242019779371543
64.6,0.0241021910277254
64.61,0.0240019643287786
64.62,0.0239013020310825
64.63,0.0238002075724572
64.64,0.0236986855997017
64.65,0.0235967403101329
64.66,0.0234943759166462
64.67,0.0233915966477159
64.6799999999999,0.0232884067608922
64.69,0.0231848106782495
64.7,0.0230808126082911
64.71,0.0229764168684466
64.72,0.0228716277942444
64.73,0.0227664497393133
64.74,0.0226608871169326
64.75,0.0225549447322539
64.76,0.0224486268223788
64.77,0.0223419378829354
64.78,0.0222348824342244
64.79,0.0221274650212187
64.8,0.0220196902009645
64.8099999999999,0.0219115624609156
64.82,0.021803086464085
64.83,0.0216942668358224
64.84,0.0215851082244209
64.85,0.0214756153011195
64.86,0.0213657927279182
64.87,0.0212556449865162
64.88,0.0211451769141385
64.89,0.021034393232519
64.9,0.0209232986824504
64.91,0.020811898023784
64.92,0.0207001960463249
64.9299999999999,0.0205881976176304
64.94,0.0204759075259627
64.95,0.0203633306199067
64.96,0.0202504717682789
64.97,0.020137335860129
64.98,0.0200239278335949
64.99,0.0199102527955464
65,0.0197963156490203
65.01,0.0196821214098782
65.02,0.0195676751193065
65.03,0.0194529818054527
65.04,0.0193380464400778
65.05,0.0192228741698757
65.0599999999999,0.0191074701009193
65.07,0.0189918393606151
65.08,0.0188759870853804
65.09,0.0187599184232367
65.1,0.0186436385703953
65.11,0.0185271527313943
65.12,0.0184104661312153
65.13,0.0182935840757036
65.14,0.0181765118929743
65.15,0.0180592548589411
65.16,0.0179418183109819
65.17,0.0178242076101935
65.1799999999999,0.0177064281812954
65.19,0.0175884854544017
65.2,0.0174703848605507
65.21,0.0173521318718712
65.22,0.0172337319859174
65.23,0.0171151907211496
65.24,0.016996513625076
65.25,0.0168777062712119
65.26,0.0167587742573026
65.27,0.0166397232063612
65.28,0.0165205588056089
65.29,0.0164012867303648
65.3,0.016281912689614
65.3099999999999,0.0161624424245191
65.32,0.0160428817045721
65.33,0.0159232363508445
65.34,0.0158035121964156
65.35,0.0156837151022478
65.36,0.0155638509652159
65.37,0.015443925713821
65.38,0.0153239453031268
65.39,0.0152039157230564
65.4,0.0150838429984845
65.41,0.0149637331851527
65.42,0.0148435923718231
65.4299999999999,0.0147234266878262
65.44,0.0146032422957419
65.45,0.0144830453861615
65.46,0.0143628421885622
65.47,0.0142426389681476
65.48,0.0141224420501948
65.49,0.0140022578077769
65.5,0.0138820926155776
65.51,0.0137619529069073
65.52,0.0136418451568521
65.53,0.0135217758830603
65.54,0.013401751646492
65.55,0.0132817790519622
65.5599999999999,0.0131618647490688
65.57,0.013042015432871
65.58,0.012922237835008
65.59,0.0128025387084681
65.6,0.0126829248931502
65.61,0.012563403258373
65.62,0.0124439807197397
65.63,0.0123246642490029
65.64,0.0122054609169681
65.65,0.0120863777722649
65.66,0.0119674219436289
65.67,0.011848600613039
65.6799999999999,0.0117299210242774
65.69,0.0116113905933617
65.7,0.0114930166462051
65.71,0.0113748066285846
65.72,0.0112567680520646
65.73,0.0111389084955321
65.74,0.011021235579202
65.75,0.0109037570207969
65.76,0.0107864805979915
65.77,0.0106694141586987
65.78,0.0105525655546564
65.79,0.0104359427467131
65.8,0.0103195537726663
65.8099999999999,0.0102034067234442
65.82,0.0100875097751796
65.83,0.00997187117511935
65.84,0.00985649922041366
65.85,0.00974140228838367
65.86,0.00962658895754544
65.87,0.00951206813643974
65.88,0.00939784846678331
65.89,0.00928393885842795
65.9,0.00917034832063643
65.91,0.00905708573636324
65.92,0.00894416040937513
65.9299999999999,0.00883158165158626
65.94,0.00871935889282671
65.95,0.00860750095691592
65.96,0.00849601742872121
65.97,0.00838491778442381
65.98,0.00827421150692994
65.99,0.00816390855175531
66,0.00805401891700673
66.01,0.00794455257184925
66.02,0.0078355198026093
66.03,0.0077269311571668
66.04,0.00761879730557301
66.05,0.00751112905302735
66.0599999999999,0.00740393653740217
66.07,0.0072972308596505
66.08,0.0071910229109949
66.09,0.0070853235709591
66.1,0.0069801438136427
66.11,0.006875494626583
66.12,0.00677138761752234
66.13,0.00666783472559887
66.14,0.00656484785047629
66.15,0.00646243875229898
66.16,0.00636061985662463
66.17,0.00625940350424498
66.1799999999999,0.00615880144888247
66.19,0.00605882606120052
66.2,0.0059594896755704
66.21,0.00586080470067393
66.22,0.00576278335821622
66.23,0.00566543922439339
66.24,0.00556878540135988
66.25,0.00547283534171208
66.26,0.00537760212140019
66.27,0.00528309967350297
66.28,0.0051893413675286
66.29,0.00509634015933825
66.3,0.00500410941452446
66.3099999999999,0.00491266278813581
66.32,0.00482201351661035
66.33,0.00473217491647124
66.34,0.00464316145038253
66.35,0.00455498691931759
66.36,0.00446766535748487
66.37,0.00438121066686881
66.38,0.00429563729477299
66.39,0.00421095846006325
66.4,0.00412718759689869
66.41,0.00404433799917359
66.42,0.00396242297714593
66.4299999999999,0.00388145512010109
66.44,0.0038014473174824
66.45,0.00372241306816851
66.46,0.00364436502382637
66.47,0.00356731576645905
66.48,0.00349127791033303
66.49,0.00341626397879184
66.5,0.00334228429391821
66.51,0.00326935008650119
66.52,0.00319747175276302
66.53,0.00312665966514727
66.54,0.00305692294957884
66.55,0.00298827082164037
66.5599999999999,0.00292071196696897
66.57,0.00285425438393475
66.58,0.00278890524948011
66.59,0.0027246714520675
66.6,0.00266155900192852
66.61,0.00259957278132194
66.62,0.00253871724586447
66.63,0.00247899589468425
66.64,0.00242041135137492
66.65,0.00236296521977062
66.66,0.00230665844641208
66.67,0.00225149096523907
66.6799999999999,0.00219746165418382
66.69,0.00214456865265042
66.7,0.00209280899591417
66.71,0.00204217876950269
66.72,0.00199267307130182
66.73,0.00194428598082956
66.74,0.00189701059997061
66.75,0.00185083913666852
66.76,0.00180576266046582
66.77,0.0017617714410885
66.78,0.00171885491352787
66.79,0.00167700140033612
66.8,0.00163619860583089
66.8099999999999,0.00159643334823788
66.82,0.00155769156508077
66.83,0.00151995859325392
66.84,0.00148321896712041
66.85,0.00144745652499712
66.86,0.00141265480706895
66.87,0.00137879652687107
66.88,0.00134586397286365
66.89,0.00131383912449795
66.9,0.00128270344761822
66.91,0.00125243812303403
66.92,0.00122302412870399
66.9299999999999,0.00119444215806249
66.94,0.00116667277187221
66.95,0.00113969644331904
66.96,0.0011134935820142
66.97,0.00108804458824382
66.98,0.00106332988632938
66.99,0.00103933003909623
67,0.00101602566342852
67.01,0.000993397531258727
67.02,0.000971426722155274
67.03,0.000950094483986234
67.04,0.000929382155174226
67.05,0.000909271623698242
67.0599999999999,0.00088974503906482
67.07,0.000870784576552416
67.08,0.00085237311056926
67.09,0.000834493812669999
67.1,0.000817130042968326
67.11,0.000800265670363569
67.12,0.000783885043667012
67.13,0.00076797279269173
67.14,0.000752513883918485
67.15,0.000737493893469631
67.16,0.000722898727375888
67.17,0.00070871449898365
67.1799999999999,0.000694927991329198
67.19,0.000681526331172165
67.2,0.000668496843801586
67.21,0.000655827448878236
67.22,0.000643506409982579
67.23,0.000631522315431779
67.24,0.000619864146941196
67.25,0.000608521291590135
67.26,0.000597483467639545
67.27,0.000586740721193805
67.28,0.000576283497374403
67.29,0.000566102556421702
67.3,0.000556188884708667
67.3099999999999,0.00054653389137361
67.32,0.00053712925575674
67.33,0.000527966868980377
67.34,0.000519038958644846
67.35,0.000510338007045534
67.36,0.000501856794868121
67.37,0.000493588387568849
67.38,0.000485526037271944
67.39,0.00047766326838779
67.4,0.000469993883987618
67.41,0.000462511878635676
67.42,0.000455211488185174
67.4299999999999,0.000448087099318641
67.44,0.000441133329516808
67.45,0.000434345001609786
67.46,0.000427717120449529
67.47,0.00042124488587645
67.48,0.000414923640244272
67.49,0.000408748897528758
67.5,0.000402716378060584
67.51,0.000396821905895175
67.52,0.000391061466480387
67.53,0.000385431228483145
67.54,0.000379927501716366
67.55,0.000374546705804468
67.5599999999999,0.000369285405540587
67.57,0.000364140289998877
67.58,0.000359108174325227
67.59,0.000354185989034907
67.6,0.000349370796531337
67.61,0.000344659761489233
67.62,0.000340050147392305
67.63,0.000335539323763296
67.64,0.00033112476302273
67.65,0.000326804023005111
67.66,0.000322574751924958
67.67,0.000318434704286538
67.6799999999999,0.000314381715419434
67.69,0.000310413687326932
67.7,0.00030652860873464
67.71,0.000302724582539407
67.72,0.000298999745191145
67.73,0.000295352319045926
67.74,0.000291780599158707
67.75,0.000288282948503546
67.76,0.000284857791600417
67.77,0.000281503616024473
67.78,0.000278218966059392
67.79,0.000275002444214767
67.8,0.000271852705399335
67.8099999999999,0.000268768469517628
67.82,0.000265748511661243
67.83,0.000262791634570458
67.84,0.000259896694961159
67.85,0.000257062602812681
67.86,0.000254288350434864
67.87,0.000251572918206655
67.88,0.000248915347502673
67.89,0.000246314718890575
67.9,0.000243770169810845
67.91,0.000241280854019885
67.92,0.000238845966843689
67.9299999999999,0.000236464737654326
67.94,0.000234136424494465
67.95,0.000231860316792659
67.96,0.000229635733413509
67.97,0.000227462018698936
67.98,0.000225338556913057
67.99,0.00022326477167317
68,0.000221240081190547
68.01,0.000219263939631046
68.02,0.000217335832435938
68.03,0.000215455329286758
68.04,0.000213621949097936
68.05,0.000211835263768227
68.0599999999999,0.000210094870432392
68.07,0.000208400327319966
68.08,0.00020675126968746
68.09,0.000205147339844529
68.1,0.000203588190934388
68.11,0.000202073546153925
68.12,0.000200603138551776
68.13,0.000199176682134108
68.14,0.000197793932329541
68.15,0.000196454650031875
68.16,0.000195158588364891
68.17,0.000193905558510364
68.1799999999999,0.000192695369569426
68.19,0.000191527851181649
68.2,0.000190402954706494
68.21,0.000189320527256677
68.22,0.000188280481787531
68.23,0.00018728275396262
68.24,0.00018632725162698
68.25,0.000185413939779061
68.26,0.000184542803095144
68.27,0.000183713836611673
68.28,0.000182927064108581
68.29,0.000182182529715446
68.3,0.000181480283539729
68.3099999999999,0.000180820400362768
68.32,0.000180202978607517
68.33,0.000179628151034052
68.34,0.000179096049998376
68.35,0.000178606836614472
68.36,0.00017816069316014
68.37,0.000177757826206533
68.38,0.000177398460882293
68.39,0.000177082845416319
68.4,0.000176811250284659
68.41,0.000176583986344584
68.42,0.000176401379908992
68.4299999999999,0.0001762637767436
68.44,0.000176171552789721
68.45,0.000176125092437677
68.46,0.000176124789765374
68.47,0.000176171095053703
68.48,0.000176264467983725
68.49,0.000176405393145687
68.5,0.000176594391003478
68.51,0.000176831990499416
68.52,0.000177118750685979
68.53,0.000177455255274982
68.54,0.00017784211898468
68.55,0.000178279976336291
68.5599999999999,0.000178769488616028
68.57,0.000179311343582
68.58,0.000179906238046961
68.59,0.000180554895971846
68.6,0.000181258077896476
68.61,0.000182016561604576
68.62,0.00018283114051306
68.63,0.000183702615480555
68.64,0.000184631832588909
68.65,0.0001856196491397
68.66,0.000186666941415318
68.67,0.000187774582413951
68.6799999999999,0.000188943488867492
68.69,0.000190174585126544
68.7,0.000191468811610497
68.71,0.000192827091455525
68.72,0.000194250382430316
68.73,0.000195739655922904
68.74,0.000197295887144707
68.75,0.000198920038781448
68.76,0.000200613064052557
68.77,0.000202375942085664
68.78,0.000204209638255161
68.79,0.000206115091596544
68.8,0.000208093250273559
68.8099999999999,0.00021014504517932
68.82,0.000212271385942828
68.83,0.000214473154568723
68.84,0.000216751224183749
68.85,0.000219106437968641
68.86,0.000221539579240487
68.87,0.000224051417102802
68.88,0.000226642681896752
68.89,0.00022931404900147
68.9,0.000232066117349454
68.91,0.000234899464049044
68.92,0.000237814594423281
68.9299999999999,0.000240811934040231
68.94,0.00024389184265932
68.95,0.000247054608744742
68.96,0.000250300435434775
68.97,0.000253629433082369
68.98,0.000257041627338792
68.99,0.000260536944789929
69,0.000264115206724929
69.01,0.000267776127004876
69.02,0.000271519309881236
69.03,0.000275344240908122
69.04,0.000279250284116729
69.05,0.000283236675176926
69.0599999999999,0.000287302517654972
69.07,0.000291446789690948
69.08,0.000295668337510051
69.09,0.000299965847540752
69.1,0.000304337865043579
69.11,0.000308782842601914
69.12,0.00031329903246181
69.13,0.000317884547725723
69.14,0.000322537371651269
69.15,0.000327255372598047
69.16,0.000332036214228788
69.17,0.000336877427704848
69.1799999999999,0.000341776457317115
69.19,0.000346730559226079
69.2,0.000351736841654002
69.21,0.000356792294783003
69.22,0.00036189383471878
69.23,0.000367038166264739
69.24,0.00037222189134564
69.25,0.000377441545083415
69.26,0.000382693545736793
69.27,0.000387974184347202
69.28,0.000393279690323723
69.29,0.000398606201328748
69.3,0.000403949770214801
69.3099999999999,0.000409306383632577
69.32,0.000414671962020644
69.33,0.00042004236673212
69.34,0.000425413458432595
69.35,0.000430781037745893
69.36,0.000436140879289661
69.37,0.000441488761433872
69.38,0.000446820449901814
69.39,0.000452131717454282
69.4,0.000457418372100983
69.41,0.000462676236978314
69.42,0.000467901177092583
69.4299999999999,0.00047308910522379
69.44,0.000478235994046479
69.45,0.000483337883202609
69.46,0.000488390846315637
69.47,0.000493391072118628
69.48,0.000498334824596236
69.49,0.000503218439965916
69.5,0.000508038372669707
69.51,0.000512791178053802
69.52,0.000517473528955428
69.53,0.000522082217461996
69.54,0.000526614162660173
69.55,0.000531066392214169
69.5599999999999,0.000535436096419894
69.57,0.00053972059020719
69.58,0.000543917269865514
69.59,0.000548023731362032
69.6,0.000552037689034116
69.61,0.000555956978692474
69.62,0.00055977960146581
69.63,0.000563503691321396
69.64,0.00056712751104703
69.65,0.000570649485493442
69.66,0.000574068173139295
69.67,0.000577382261803358
69.6799999999999,0.000580590599627744
69.69,0.000583692155341838
69.7,0.000586686006349857
69.71,0.000589571397276814
69.72,0.000592347687287627
69.73,0.000595014356346191
69.74,0.000597571017842672
69.75,0.000600017397639706
69.76,0.000602353328839239
69.77,0.000604578772327964
69.78,0.000606693787438293
69.79,0.000608698528070158
69.8,0.000610593262729319
69.8099999999999,0.000612378351957784
69.82,0.000614054249591479
69.83,0.000615621499417288
69.84,0.000617080730178783
69.85,0.000618432651379072
69.86,0.000619678052901197
69.87,0.000620817793030642
69.88,0.000621852792926082
69.89,0.000622784046137534
69.9,0.000623612605008975
69.91,0.000624339579962849
69.92,0.000624966130865112
69.9299999999999,0.00062549347269684
69.94,0.000625922879787892
69.95,0.000626255655917666
69.96,0.000626493150004139
69.97,0.000626636742484256
69.98,0.000626687852565068
69.99,0.000626647927443464
70,0.000626518448388742
70.01,0.000626300913088701
70.02,0.000625996841872252
70.03,0.000625607788375219
70.04,0.000625135310115909
70.05,0.00062458098156807
70.0599999999999,0.000623946396322913
70.07,0.000623233153852057
70.08,0.000622442860214225
70.09,0.000621577132381386
70.1,0.000620637590264587
70.11,0.000619625852611813
70.12,0.000618543543143019
70.13,0.000617392285945484
70.14,0.000616173696750665
70.15,0.000614889390396247
70.16,0.000613540979084205
70.17,0.000612130061870062
70.1799999999999,0.000610658232538953
70.19,0.000609127082698076
70.2,0.000607538184241543
70.21,0.000605893100847398
70.22,0.000604193391637056
70.23,0.00060244059443152
70.24,0.000600636235381763
70.25,0.000598781824378845
70.26,0.000596878855499427
70.27,0.00059492880482972
70.28,0.000592933139804762
70.29,0.000590893302620606
70.3,0.00058881071741705
70.3099999999999,0.000586686796341216
70.32,0.000584522932111698
70.33,0.000582320494577991
70.34,0.000580080835879243
70.35,0.000577805288212991
70.36,0.000575495163032411
70.37,0.000573151751360253
70.38,0.000570776325479392
70.39,0.000568370133528034
70.4,0.000565934402780635
70.41,0.000563470347515601
70.42,0.000560979152772071
70.4299999999999,0.000558461984832241
70.44,0.000555919990564318
70.45,0.000553354294787965
70.46,0.000550766000746147
70.47,0.000548156190616323
70.48,0.000545525925149201
70.49,0.000542876243610539
70.5,0.00054020816515609
70.51,0.000537522690650294
70.52,0.000534820795631201
70.53,0.000532103436121009
70.54,0.000529371550912724
70.55,0.000526626057644559
70.5599999999999,0.000523867851704658
70.57,0.000521097809481799
70.58,0.000518316788373283
70.59,0.000515525625098681
70.6,0.000512725137066116
70.61,0.000509916122641221
70.62,0.00050709936208296
70.63,0.000504275615170005
70.64,0.00050144562338182
70.65,0.00049861011208681
70.66,0.000495769788483345
70.67,0.000492925340238444
70.6799999999999,0.000490077438379451
70.69,0.000487226736784747
70.7,0.000484373872231273
70.71,0.000481519464752862
70.72,0.000478664117421588
70.73,0.000475808415420864
70.74,0.000472952929439295
70.75,0.000470098213387388
70.76,0.000467244807497999
70.77,0.000464393236535428
70.78,0.000461544008176953
70.79,0.000458697616184499
70.8,0.000455854541574898
70.8099999999999,0.000453015253064195
70.82,0.00045018020210974
70.83,0.000447349828328351
70.84,0.000444524556710889
70.85,0.000441704794327754
70.86,0.000438890942069615
70.87,0.000436083385397961
70.88,0.000433282497369302
70.89,0.000430488641548796
70.9,0.00042770216613591
70.91,0.000424923408839298
70.92,0.000422152695949885
70.9299999999999,0.000419390340339552
70.94,0.000416636646078944
70.95,0.000413891905708957
70.96,0.000411156401063836
70.97,0.000408430408208277
70.98,0.000405714190255466
70.99,0.000403008000566432
71,0.00040031208415971
71.01,0.000397626672427306
71.02,0.000394951988786565
71.03,0.000392288250764974
71.04,0.00038963566545917
71.05,0.000386994430338104
71.0599999999999,0.000384364733746538
71.07,0.00038174675721084
71.08,0.000379140673344499
71.09,0.000376546648464351
71.1,0.000373964844577547
71.11,0.000371395410583537
71.12,0.000368838490656082
71.13,0.000366294222171959
71.14,0.000363762734680693
71.15,0.000361244151664692
71.16,0.0003587385911473
71.17,0.000356246164616201
71.1799999999999,0.000353766977698807
71.19,0.000351301124045787
71.2,0.00034884869829275
71.21,0.000346409787508819
71.22,0.000343984472952656
71.23,0.000341572830480079
71.24,0.000339174930676201
71.25,0.000336790839116773
71.26,0.000334420616446256
71.27,0.000332064318562737
71.28,0.000329721996657882
71.29,0.000327393697485887
71.3,0.000325079463652631
71.3099999999999,0.000322779333583124
71.32,0.00032049334174452
71.33,0.000318221515463125
71.34,0.000315963881314033
71.35,0.000313720461743
71.36,0.000311491275214929
71.37,0.000309276336471216
71.38,0.000307075655448394
71.39,0.000304889240631678
71.4,0.000302717096575683
71.41,0.00030055922471863
71.42,0.000298415623282898
71.4299999999999,0.000296286287526772
71.44,0.000294171210275214
71.45,0.000292070381523141
71.46,0.000289983788715589
71.47,0.000287911416506174
71.48,0.000285853244550916
71.49,0.000283809253938672
71.5,0.000281779422077877
71.51,0.000279763724225072
71.52,0.000277762133587408
71.53,0.000275774618565627
71.54,0.000273801148212217
71.55,0.000271841689615694
71.5599999999999,0.000269896207564752
71.57,0.000267964665093724
71.58,0.000266047022953356
71.59,0.000264143240077306
71.6,0.000262253274805414
71.61,0.000260377083533545
71.62,0.000258514621247663
71.63,0.000256665841362921
71.64,0.000254830694281276
71.65,0.000253009131625397
71.66,0.000251201102872545
71.67,0.000249406556364602
71.6799999999999,0.000247625439378105
71.69,0.000245857695873861
71.7,0.000244103270924262
71.71,0.000242362108552223
71.72,0.000240634151465282
71.73,0.000238919341479914
71.74,0.000237217619193809
71.75,0.000235528924285764
71.76,0.000233853196271116
71.77,0.000232190373670392
71.78,0.000230540394343639
71.79,0.000228903195416711
71.8,0.000227278712592545
71.8099999999999,0.000225666882333181
71.82,0.000224067640102447
71.83,0.000222480920919268
71.84,0.000220906659406932
71.85,0.000219344788819641
71.86,0.000217795240317604
71.87,0.000216257948292625
71.88,0.000214732845249851
71.89,0.000213219863370999
71.9,0.000211718934551201
71.91,0.000210229989438922
71.92,0.00020875295826133
71.9299999999999,0.00020728777247268
71.94,0.000205834362556626
71.95,0.000204392658788721
71.96,0.000202962591265734
71.97,0.000201544091254682
71.98,0.000200137089187962
71.99,0.000198741514829098
72,0.000197357298457048
72.01,0.000195984370418077
72.02,0.000194622661162047
72.03,0.000193272096956003
72.04,0.000191932607792594
72.05,0.000190604123395151
72.0599999999999,0.000189286572748935
72.07,0.000187979884702678
72.08,0.000186683991677603
72.09,0.00018539882189024
72.1,0.000184124305042752
72.11,0.00018286037105083
72.12,0.000181606950023976
72.13,0.00018036397249803
72.14,0.00017913136894923
72.15,0.000177909070228304
72.16,0.00017669700747977
72.17,0.000175495111334678
72.1799999999999,0.000174303310232139
72.19,0.000173121536601754
72.2,0.000171949721514206
72.21,0.000170787796167603
72.22,0.000169635692075638
72.23,0.000168493341075566
72.24,0.000167360674761898
72.25,0.000166237625075834
72.26,0.000165124124138273
72.27,0.000164020105782382
72.28,0.000162925504138928
72.29,0.000161840252131713
72.3,0.000160764283900841
72.3099999999999,0.000159697534034572
72.32,0.000158639935161553
72.33,0.000157591421613488
72.34,0.000156551928894611
72.35,0.000155521392113748
72.36,0.000154499746663603
72.37,0.000153486927899621
72.38,0.00015248287174499
72.39,0.000151487514358533
72.4,0.000150500792123852
72.41,0.000149522641686902
72.42,0.000148553002112404
72.4299999999999,0.000147591810195818
72.44,0.000146639004039593
72.45,0.000145694522148196
72.46,0.000144758303430521
72.47,0.000143830286380988
72.48,0.000142910410768003
72.49,0.000141998616542738
72.5,0.000141094843985421
72.51,0.000140199033769749
72.52,0.000139311126181464
72.53,0.000138431062573389
72.54,0.000137558784640357
72.55,0.000136694234310369
72.5599999999999,0.000135837353864781
72.57,0.000134988086093569
72.58,0.000134146374045317
72.59,0.00013331216109458
72.6,0.000132485391024083
72.61,0.000131666007987101
72.62,0.000130853956726099
72.63,0.000130049182285867
72.64,0.000129251629971922
72.65,0.000128461245572536
72.66,0.000127677975279582
72.67,0.000126901765325332
72.6799999999999,0.000126132562333638
72.69,0.000125370313702044
72.7,0.000124614966997221
72.71,0.000123866470155902
72.72,0.000123124771618509
72.73,0.000122389820272241
72.74,0.000121661565157324
72.75,0.00012093995580814
72.76,0.000120224942149628
72.77,0.000119516474295092
72.78,0.000118814502521111
72.79,0.000118118978028644
72.8,0.000117429852145172
72.8099999999999,0.000116747076566268
72.82,0.000116070603354848
72.83,0.000115400385078559
72.84,0.00011473637467728
72.85,0.000114078525289737
72.86,0.000113426790522663
72.87,0.000112781124359986
72.88,0.000112141481163061
72.89,0.000111507815476173
72.9,0.00011088008233053
72.91,0.000110258237216897
72.92,0.000109642235920806
72.9299999999999,0.000109032034591913
72.94,0.000108427589743209
72.95,0.000107828858006463
72.96,0.000107235796606493
72.97,0.000106648363108197
72.98,0.000106066515382443
72.99,0.000105490211645322
73,0.0001049194104564
73.01,0.000104354071009713
73.02,0.000103794152482188
73.03,0.000103239614517245
73.04,0.000102690417117601
73.05,0.000102146520634503
73.0599999999999,0.000101607885753195
73.07,0.000101074473351739
73.08,0.000100546244868576
73.09,0.000100023161996113
73.1,9.95051867634839e-05
73.11,9.89922815351777e-05
73.12,9.84844089732278e-05
73.13,9.79815319628298e-05
73.14,9.74836139033053e-05
73.15,9.69906184395556e-05
73.16,9.65025095369216e-05
73.17,9.60192514792326e-05
73.1799999999999,9.55408089230033e-05
73.19,9.50671468647079e-05
73.2,9.45982304820368e-05
73.21,9.41340253331992e-05
73.22,9.36744972875443e-05
73.23,9.32196125237419e-05
73.24,9.27693375279395e-05
73.25,9.23236390919457e-05
73.26,9.18824843114001e-05
73.27,9.14458409255444e-05
73.28,9.10136765111063e-05
73.29,9.05859590765486e-05
73.3,9.01626569650524e-05
73.3099999999999,8.97437388203978e-05
73.32,8.93291735854307e-05
73.33,8.89189305005424e-05
73.34,8.85129791021241e-05
73.35,8.81112891025896e-05
73.36,8.77138304508127e-05
73.37,8.73205736688075e-05
73.38,8.69314894192776e-05
73.39,8.65465486481577e-05
73.4,8.6165722582819e-05
73.41,8.57889827302745e-05
73.42,8.54163008753846e-05
73.4299999999999,8.50476490790619e-05
73.44,8.46829996348367e-05
73.45,8.4322325164904e-05
73.46,8.396559854617e-05
73.47,8.36127929196313e-05
73.48,8.32638816926473e-05
73.49,8.29188385370968e-05
73.5,8.25776373875554e-05
73.51,8.22402524394624e-05
73.52,8.1906658230207e-05
73.53,8.1576829596027e-05
73.54,8.12507414281461e-05
73.55,8.0928368977081e-05
73.5599999999999,8.0609687748674e-05
73.57,8.02946735024464e-05
73.58,7.99833022499612e-05
73.59,7.96755502531683e-05
73.6,7.93713940227647e-05
73.61,7.90708103027963e-05
73.62,7.87737761012647e-05
73.63,7.84802686648183e-05
73.64,7.81902654806523e-05
73.65,7.79037442762468e-05
73.66,7.76206830177111e-05
73.67,7.73410599081267e-05
73.6799999999999,7.70648533858908e-05
73.69,7.67920421416642e-05
73.7,7.65226051079388e-05
73.71,7.62565214018609e-05
73.72,7.5993770393296e-05
73.73,7.57343316799656e-05
73.74,7.54781850858241e-05
73.75,7.52253106594499e-05
73.76,7.49756886724305e-05
73.77,7.47292996177472e-05
73.78,7.44861244632803e-05
73.79,7.42461440308051e-05
73.8,7.40093394638205e-05
73.8099999999999,7.37756921509616e-05
73.82,7.35451836968e-05
73.83,7.33177959203467e-05
73.84,7.30935108535426e-05
73.85,7.28723107397606e-05
73.86,7.26541780323072e-05
73.87,7.24390953929132e-05
73.88,7.22270458731104e-05
73.89,7.20180125386936e-05
73.9,7.18119786233178e-05
73.91,7.16089276318222e-05
73.92,7.14088432724253e-05
73.9299999999999,7.12117094553289e-05
73.94,7.10175102913225e-05
73.95,7.08262300903916e-05
73.96,7.06378533603165e-05
73.97,7.04523648052801e-05
73.98,7.0269749420979e-05
73.99,7.00899923606476e-05
74,6.99130788475239e-05
74.01,6.97389943755628e-05
74.02,6.95677246299902e-05
74.03,6.93992554859887e-05
74.04,6.92335730073825e-05
74.05,6.90706634453233e-05
74.0599999999999,6.89105132369751e-05
74.07,6.87531090041987e-05
74.08,6.85984376701594e-05
74.09,6.84464864719389e-05
74.1,6.82972423980594e-05
74.11,6.81506928324098e-05
74.12,6.80068253407467e-05
74.13,6.7865627669548e-05
74.14,6.77270877448625e-05
74.15,6.75911936711602e-05
74.16,6.74579337301831e-05
74.17,6.73272963797951e-05
74.1799999999999,6.71992702918202e-05
74.19,6.70738445976385e-05
74.2,6.69510080741244e-05
74.21,6.68307499038167e-05
74.22,6.67130594429258e-05
74.23,6.65979262203328e-05
74.24,6.6485339936582e-05
74.25,6.63752904628814e-05
74.26,6.6267767840098e-05
74.27,6.61627622777555e-05
74.28,6.60602641530305e-05
74.29,6.59602641990574e-05
74.3,6.58627530310761e-05
74.3099999999999,6.57677215281164e-05
74.32,6.56751607463337e-05
74.33,6.55850619063529e-05
74.34,6.54974163923411e-05
74.35,6.54122157510843e-05
74.36,6.53294516910642e-05
74.37,6.52491160815313e-05
74.38,6.51712009515818e-05
74.39,6.50956987534926e-05
74.4,6.50226017917349e-05
74.41,6.49519025228343e-05
74.42,6.48835936389234e-05
74.4299999999999,6.48176679906647e-05
74.44,6.47541185864687e-05
74.45,6.46929385917137e-05
74.46,6.46341213279622e-05
74.47,6.45776602721808e-05
74.48,6.45235490559593e-05
74.49,6.44717817130713e-05
74.5,6.44223522742964e-05
74.51,6.43752546936192e-05
74.52,6.43304832492027e-05
74.53,6.42880323733158e-05
74.54,6.42478966516894e-05
74.55,6.42100708228723e-05
74.5599999999999,6.41745497775877e-05
74.57,6.41413285580893e-05
74.58,6.41104023575177e-05
74.59,6.40817665192559e-05
74.6,6.4055416721926e-05
74.61,6.40313487083336e-05
74.62,6.4009558146614e-05
74.63,6.39900410037219e-05
74.64,6.39727933963843e-05
74.65,6.39578115905684e-05
74.66,6.39450920009496e-05
74.67,6.39346311903795e-05
74.6799999999999,6.3926425869354e-05
74.69,6.39204728954807e-05
74.7,6.39167692729477e-05
74.71,6.39153123452885e-05
74.72,6.39160995520982e-05
74.73,6.39191281827786e-05
74.74,6.39243958554372e-05
74.75,6.39319003352238e-05
74.76,6.39416395339259e-05
74.77,6.39536115095631e-05
74.78,6.39678144659832e-05
74.79,6.39842467524567e-05
74.8,6.4002906863272e-05
74.8099999999999,6.4023793437331e-05
74.82,6.40469054613694e-05
74.83,6.40722420622828e-05
74.84,6.40998021207801e-05
74.85,6.41295848881984e-05
74.86,6.41615897620781e-05
74.87,6.4195816285906e-05
74.88,6.4232264148858e-05
74.89,6.42709331855413e-05
74.9,6.43118233757375e-05
74.91,6.4354934844145e-05
74.92,6.44002678601218e-05
74.9299999999999,6.44478230760759e-05
74.94,6.44976013526631e-05
74.95,6.45496031268762e-05
74.96,6.46038292934424e-05
74.97,6.46602808951573e-05
74.98,6.47189591228191e-05
74.99,6.47798653151644e-05
75,6.48430009588019e-05
75.01,6.49083676881472e-05
75.02,6.49759672853573e-05
75.03,6.50458016802653e-05
75.04,6.51178730129301e-05
75.05,6.51921836097912e-05
75.0599999999999,6.52687357601297e-05
75.07,6.53475319982898e-05
75.08,6.5428575007343e-05
75.09,6.55118676190821e-05
75.1,6.55974128140114e-05
75.11,6.56852137213356e-05
75.12,6.57752736189541e-05
75.13,6.58675959334499e-05
75.14,6.59621842400817e-05
75.15,6.60590423959651e-05
75.16,6.61581745483287e-05
75.17,6.62595845048129e-05
75.1799999999999,6.63632764701255e-05
75.19,6.64692548009378e-05
75.2,6.65775240060092e-05
75.21,6.66880887463187e-05
75.22,6.68009538351913e-05
75.23,6.6916124238423e-05
75.24,6.70336050744127e-05
75.25,6.71534016142873e-05
75.26,6.72755196072236e-05
75.27,6.73999654088568e-05
75.28,6.75267440368837e-05
75.29,6.76558614282063e-05
75.3,6.77873236770213e-05
75.3099999999999,6.79211370350715e-05
75.32,6.80573079118985e-05
75.33,6.81958428750909e-05
75.34,6.8336748650541e-05
75.35,6.84800321226936e-05
75.36,6.86257003347957e-05
75.37,6.87737604891526e-05
75.38,6.89242199473767e-05
75.39,6.90770862306394e-05
75.4,6.92323670199234e-05
75.41,6.93900712527791e-05
75.42,6.95502071241032e-05
75.4299999999999,6.97127821367801e-05
75.44,6.9877804698437e-05
75.45,7.00452833839163e-05
75.46,7.02152269357248e-05
75.47,7.03876442644751e-05
75.48,7.05625444493264e-05
75.49,7.07399367384348e-05
75.5,7.09198305493923e-05
75.51,7.11022354696727e-05
75.52,7.12871612570751e-05
75.53,7.14746178401676e-05
75.54,7.16646153187318e-05
75.55,7.18571639642063e-05
75.5599999999999,7.2052275971226e-05
75.57,7.22499610390952e-05
75.58,7.24502297835189e-05
75.59,7.26530932544219e-05
75.6,7.28585626818642e-05
75.61,7.30666494766759e-05
75.62,7.32773652311019e-05
75.63,7.34907217194349e-05
75.64,7.37067308986547e-05
75.65,7.3925404909066e-05
75.66,7.41467560749365e-05
75.67,7.43707969051341e-05
75.6799999999999,7.45975400937656e-05
75.69,7.48269985208154e-05
75.7,7.50591856195075e-05
75.71,7.5294116766905e-05
75.72,7.55318037087849e-05
75.73,7.57722601845428e-05
75.74,7.60155001307119e-05
75.75,7.6261537681851e-05
75.76,7.65103871714393e-05
75.77,7.67620631327699e-05
75.78,7.70165802998434e-05
75.79,7.72739536082612e-05
75.8,7.75341981961191e-05
75.8099999999999,7.77973294049007e-05
75.82,7.80633627803725e-05
75.83,7.83323140734711e-05
75.84,7.8604199241206e-05
75.85,7.88790356730456e-05
75.86,7.91568406328691e-05
75.87,7.94376294802849e-05
75.88,7.97214191269708e-05
75.89,8.00082267039813e-05
75.9,8.02980695629183e-05
75.91,8.05909652771019e-05
75.92,8.08869316427418e-05
75.9299999999999,8.1185986680108e-05
75.94,8.14881486347037e-05
75.95,8.17934359784292e-05
75.96,8.21018674107634e-05
75.97,8.24134618599298e-05
75.98,8.27282384840617e-05
75.99,8.30462166723842e-05
76,8.33674178411408e-05
76.01,8.36918612980356e-05
76.02,8.40195666733785e-05
76.03,8.43505543974362e-05
76.04,8.46848451449696e-05
76.05,8.50224598366393e-05
76.0599999999999,8.53634196404115e-05
76.07,8.57077459729661e-05
76.08,8.60554605010947e-05
76.09,8.64065851431181e-05
76.1,8.67611420702867e-05
76.11,8.711915370818e-05
76.12,8.74806427381246e-05
76.13,8.78456320985924e-05
76.14,8.82141450799741e-05
76.15,8.8586208499301e-05
76.16,8.89618436231348e-05
76.17,8.93410745716923e-05
76.1799999999999,8.97239257396623e-05
76.19,9.0110421797942e-05
76.2,9.05005876953609e-05
76.21,9.08944486604277e-05
76.22,9.12920302030569e-05
76.23,9.16933581162956e-05
76.24,9.20984584780701e-05
76.25,9.25073576529102e-05
76.26,9.2920082293685e-05
76.27,9.33366593433364e-05
76.28,9.37571160366119e-05
76.29,9.41814812421143e-05
76.3,9.46097850442927e-05
76.3099999999999,9.50420533072353e-05
76.32,9.54783146337202e-05
76.33,9.59185979404095e-05
76.34,9.63629324600203e-05
76.35,9.68113477434738e-05
76.36,9.72638736620434e-05
76.37,9.77205404095263e-05
76.38,9.81813785043895e-05
76.39,9.86464187919285e-05
76.4,9.91156924464235e-05
76.41,9.95892309732953e-05
76.42,0.000100067066211262
76.4299999999999,0.000100549230334494
76.44,0.000101035758335485
76.45,0.000101526683061746
76.46,0.000102022036532559
76.47,0.000102521852460138
76.48,0.000103026164915545
76.49,0.000103535008331261
76.5,0.000104048417503725
76.51,0.000104566427595883
76.52,0.000105089074139744
76.53,0.000105616393038925
76.54,0.000106148420571206
76.55,0.000106685193391077
76.5599999999999,0.000107226748532289
76.57,0.000107773123410409
76.58,0.000108324355825357
76.59,0.00010888048598951
76.6,0.000109441551257551
76.61,0.000110007590512885
76.62,0.000110578643213198
76.63,0.000111154749220059
76.64,0.000111735948801685
76.65,0.0001123222826357
76.66,0.000112913791811894
76.67,0.000113510517834983
76.6799999999999,0.000114112502627371
76.69,0.000114719788531911
76.7,0.000115332418314651
76.71,0.000115950435167616
76.72,0.000116573882711558
76.73,0.000117202806446507
76.74,0.000117837256702426
76.75,0.000118477274206948
76.76,0.000119122904866597
76.77,0.000119774195081176
76.78,0.00012043119174855
76.79,0.000121093942269441
76.8,0.000121762494552219
76.8099999999999,0.000122436897017691
76.82,0.000123117198603895
76.83,0.00012380344877088
76.84,0.000124495697505514
76.85,0.000125193991680818
76.86,0.000125898383650602
76.87,0.000126608925416904
76.88,0.000127325668796109
76.89,0.000128048666125871
76.9,0.000128777970268753
76.91,0.000129513634615863
76.92,0.000130255713090494
76.9299999999999,0.000131004260151765
76.94,0.000131759330798258
76.95,0.000132520980571645
76.96,0.000133289265603793
76.97,0.000134064242577612
76.98,0.000134845968643231
76.99,0.00013563450155887
77,0.000136429899644754
77.01,0.000137232221786783
77.02,0.000138041527440202
77.03,0.000138857876633263
77.04,0.000139681329970896
77.05,0.000140511948638375
77.0599999999999,0.000141349794404982
77.07,0.000142194929842035
77.08,0.00014304742664409
77.09,0.00014390734363188
77.1,0.000144774745895381
77.11,0.000145649699238518
77.12,0.000146532270188453
77.13,0.000147422526004813
77.14,0.000148320534688955
77.15,0.000149226364993218
77.16,0.00015014008613469
77.17,0.000151061762307576
77.1799999999999,0.000151991467887526
77.19,0.000152929274038727
77.2,0.000153875252642132
77.21,0.000154829476300722
77.22,0.000155792018344725
77.23,0.000156762952836824
77.24,0.000157742354577428
77.25,0.000158730298696655
77.26,0.000159726855947686
77.27,0.000160732106418301
77.28,0.00016174612726472
77.29,0.000162768996331065
77.3,0.000163800792150807
77.3099999999999,0.000164841593948196
77.32,0.000165891481639714
77.33,0.000166950535835485
77.34,0.000168018838479992
77.35,0.000169096478283145
77.36,0.000170183535238919
77.37,0.000171280094051986
77.38,0.000172386240320062
77.39,0.000173502060547308
77.4,0.000174627642157733
77.41,0.000175763074007345
77.42,0.000176908449717814
77.4299999999999,0.000178063857811078
77.44,0.000179229390387284
77.45,0.000180405140660211
77.46,0.000181591202978598
77.47,0.000182787672847395
77.48,0.000183994644780581
77.49,0.000185212200857712
77.5,0.000186440446684185
77.51,0.000187679479530158
77.52,0.000188929397517984
77.53,0.000190190299622212
77.54,0.000191462285669581
77.55,0.000192745452750279
77.5599999999999,0.000194039903833709
77.57,0.000195345740842771
77.58,0.00019666306645837
77.59,0.000197991984166346
77.6,0.00019933259825745
77.61,0.000200685027279219
77.62,0.00020204937544833
77.63,0.000203425749580306
77.64,0.000204814259758724
77.65,0.000206215017094565
77.66,0.000207628133726214
77.67,0.00020905372804775
77.6799999999999,0.00021049191575304
77.69,0.000211942811173818
77.7,0.000213406531848934
77.71,0.000214883196457895
77.72,0.000216372924820838
77.73,0.000217875835960663
77.74,0.000219392050092182
77.75,0.000220921691357926
77.76,0.000222464883480818
77.77,0.000224021751265695
77.78,0.00022559242059931
77.79,0.000227177016124932
77.8,0.000228775660425439
77.8099999999999,0.000230388485081327
77.82,0.000232015619075286
77.83,0.00023365719236064
77.84,0.000235313335861402
77.85,0.000236984184230934
77.86,0.000238669888409386
77.87,0.000240370574402774
77.88,0.000242086380079797
77.89,0.000243817444560558
77.9,0.000245563908216568
77.91,0.000247325912670742
77.92,0.000249103612900495
77.9299999999999,0.000250897147316176
77.94,0.000252706662644658
77.95,0.000254532307025559
77.96,0.000256374229968616
77.97,0.000258232582353656
77.98,0.000260107514600952
77.99,0.000261999169715799
78,0.000263907707996805
78.01,0.000265833284271707
78.02,0.000267776054609641
78.03,0.000269736176321139
78.04,0.000271713807958128
78.05,0.000273709108574548
78.0599999999999,0.000275722237746514
78.07,0.000277753358539475
78.08,0.000279802634174723
78.09,0.000281870229090468
78.1,0.000283956308941805
78.11,0.000286061040600676
78.12,0.000288184604970916
78.13,0.000290327180528125
78.14,0.00029248893185462
78.15,0.00029467003399476
78.16,0.00029687066347938
78.17,0.000299090998325788
78.1799999999999,0.000301331218037773
78.19,0.000303591505894707
78.2,0.000305872044576878
78.21,0.000308173017678539
78.22,0.000310494611078121
78.23,0.000312837012174971
78.24,0.00031520040988943
78.25,0.000317584994662782
78.26,0.00031999094581784
78.27,0.000322418460469635
78.28,0.000324867733352488
78.29,0.000327338959155076
78.3,0.000329832333941398
78.3099999999999,0.00033234805515077
78.32,0.000334886321760931
78.33,0.000337447338025627
78.34,0.000340031303545739
78.35,0.000342638421755125
78.36,0.000345268897504767
78.37,0.000347922937062868
78.38,0.000350600748114787
78.39,0.000353302542536859
78.4,0.000356028541986024
78.41,0.000358778952723244
78.42,0.000361553989859762
78.4299999999999,0.000364353870070913
78.44,0.00036717881159613
78.45,0.000370029034238888
78.46,0.000372904757067595
78.47,0.000375806199616823
78.48,0.00037873358829034
78.49,0.000381687148356436
78.5,0.000384667106582249
78.51,0.000387673691233778
78.52,0.000390707132075885
78.53,0.000393767650700005
78.54,0.000396855475163184
78.55,0.000399970843142922
78.5599999999999,0.000403113988155397
78.57,0.000406285145033386
78.58,0.000409484549926201
78.59,0.000412712440299787
78.6,0.000415969056477625
78.61,0.000419254638492636
78.62,0.000422569427610527
78.63,0.000425913666829423
78.64,0.000429287600485321
78.65,0.000432691474252096
78.66,0.000436125535141494
78.67,0.000439590019671612
78.6799999999999,0.000443085182258084
78.69,0.000446611273324303
78.7,0.000450168543779582
78.71,0.00045375724576099
78.72,0.000457377632633295
78.73,0.000461029958988901
78.74,0.000464714461878314
78.75,0.00046843139953696
78.76,0.000472181032505413
78.77,0.000475963617340633
78.78,0.000479779411600915
78.79,0.000483628673845891
78.8,0.000487511663636533
78.8099999999999,0.000491428625339727
78.82,0.000495379812668302
78.83,0.000499365494646865
78.84,0.000503385931391662
78.85,0.000507441383751494
78.86,0.000511532113307642
78.87,0.000515658382374008
78.88,0.000519820443179356
78.89,0.000524018540679235
78.9,0.000528252947369924
78.91,0.000532523923405336
78.92,0.000536831729202383
78.9299999999999,0.000541176625440971
78.94,0.000545558864797001
78.95,0.000549978696180603
78.96,0.000554436386308342
78.97,0.000558932193326738
78.98,0.000563466375315411
78.99,0.000568039190287227
79,0.000572650884487681
79.01,0.000577301700951498
79.02,0.000581991903871038
79.03,0.000586721746289713
79.04,0.000591491480752756
79.05,0.000596301359307226
79.0599999999999,0.00060115161483402
79.07,0.000606042478265179
79.08,0.00061097420887121
79.09,0.000615947049722611
79.1,0.000620961242752809
79.11,0.000626017028758075
79.12,0.000631114624564783
79.13,0.00063625424793076
79.14,0.000641436145327482
79.15,0.00064666054501875
79.16,0.000651927673402899
79.17,0.000657237755012796
79.1799999999999,0.000662590985895625
79.19,0.000667987566623291
79.2,0.000673427725091397
79.21,0.000678911669638929
79.22,0.000684439605944983
79.23,0.00069001173702867
79.24,0.000695628232903415
79.25,0.00070128926876946
79.26,0.000706995043814918
79.27,0.000712745735862904
79.28,0.000718541517763007
79.29,0.000724382557234801
79.3,0.000730269016711365
79.3099999999999,0.00073620103836282
79.32,0.000742178769424664
79.33,0.000748202356997362
79.34,0.000754271936134571
79.35,0.00076038763515659
79.36,0.000766549575453427
79.37,0.000772757871288174
79.38,0.000779012614701618
79.39,0.000785313904835734
79.4,0.00079166183329719
79.41,0.00079805647984531
79.42,0.000804497915559422
79.4299999999999,0.000810986202607697
79.44,0.00081752139401602
79.45,0.000824103513125236
79.46,0.000830732597715453
79.47,0.000837408670211329
79.48,0.00084413173996515
79.49,0.000850901805359372
79.5,0.000857718853534994
79.51,0.000864582860120122
79.52,0.000871493760191951
79.53,0.000878451515460711
79.54,0.000885456060976111
79.55,0.000892507317595579
79.5599999999999,0.000899605192470907
79.57,0.000906749578726986
79.58,0.000913940353814184
79.59,0.000921177356023494
79.6,0.0009284604446882
79.61,0.000935789448773734
79.62,0.000943164180889789
79.63,0.00095058443692331
79.64,0.000958049995671707
79.65,0.000965560614901242
79.66,0.000973116014825701
79.67,0.000980715929985468
79.6799999999999,0.000988360062160722
79.69,0.000996048093468794
79.7,0.00100377968595086
79.71,0.00101155448115905
79.72,0.00101937209237735
79.73,0.00102723209393382
79.74,0.00103513407329471
79.75,0.00104307757963855
79.76,0.00105106213866545
79.77,0.0010590872521265
79.78,0.00106715239735311
79.79,0.00107525701886012
79.8,0.00108340052797117
79.8099999999999,0.00109158233211717
79.82,0.00109980180141425
79.83,0.0011080582785014
79.84,0.00111635107802659
79.85,0.00112467948613239
79.86,0.0011330427580204
79.87,0.00114144011899971
79.88,0.00114987076749752
79.89,0.0011583338695881
79.9,0.00116682856013846
79.91,0.00117535394228614
79.92,0.00118390908691692
79.9299999999999,0.00119249302657519
79.94,0.00120110476235169
79.95,0.00120974326666054
79.96,0.001218407474033
79.97,0.00122709628383237
79.98,0.00123580855971292
79.99,0.00124454312907932
80,0.00125329877859471
80.01,0.00126207426033015
80.02,0.00127086829012802
80.03,0.00127967954372265
80.04,0.00128850665771441
80.05,0.00129734822901784
80.0599999999999,0.00130620281430989
80.07,0.00131506895559817
80.08,0.00132394512843336
80.09,0.00133282976542489
80.1,0.00134172126393049
80.11,0.00135061797932151
80.12,0.00135951822449241
80.13,0.00136842026936977
80.14,0.00137732243039625
80.15,0.00138622287496216
80.16,0.00139511974849472
80.17,0.00140401116560921
80.1799999999999,0.00141289519851035
80.19,0.00142176987668237
80.2,0.00143063318657878
80.21,0.00143948321570467
80.22,0.00144831781553655
80.23,0.00145713486297733
80.24,0.00146593219970312
80.25,0.00147470762704782
80.26,0.00148345890594605
80.27,0.00149218375863918
80.28,0.0015008799052725
80.29,0.00150954496933778
80.3,0.00151817655705403
80.3099999999999,0.00152677223506902
80.32,0.00153532953047248
80.33,0.00154384593080902
80.34,0.00155231892292196
80.35,0.00156074618622637
80.36,0.00156912498259437
80.37,0.00157745269882494
80.38,0.00158572669073064
80.39,0.00159394428368304
80.4,0.0016021027731582
80.41,0.0016101994882797
80.42,0.00161823191442154
80.4299999999999,0.00162619720398858
80.44,0.00163409262301935
80.45,0.00164191542511832
80.46,0.00164966285308119
80.47,0.00165733216356818
80.48,0.0016649206029327
80.49,0.00167242538970161
80.5,0.00167984375303369
80.51,0.00168717292166197
80.52,0.0016944101256807
80.53,0.00170155268106079
80.54,0.00170859782364962
80.55,0.00171554281355649
80.5599999999999,0.00172238493359605
80.57,0.00172912148171968
80.58,0.00173574981161822
80.59,0.00174226753525068
80.6,0.00174867194022441
80.61,0.00175496048971065
80.62,0.00176113068729026
80.63,0.00176718008016023
80.64,0.00177310635347814
80.65,0.00177890727874176
80.66,0.0017845805340115
80.67,0.00179012393753404
80.6799999999999,0.00179553537821343
80.69,0.00180081281961213
80.7,0.00180595434819705
80.71,0.00181095809665307
80.72,0.00181582228211078
80.73,0.00182054522471175
80.74,0.0018251253422383
80.75,0.00182956116046386
80.76,0.00183385142583136
80.77,0.00183799484282479
80.78,0.00184199029450074
80.79,0.00184583678838601
80.8,0.00184953346111779
80.8099999999999,0.00185307961169157
80.82,0.00185647471114057
80.83,0.00185971829918131
80.84,0.00186281010110631
80.85,0.00186574999896151
80.86,0.00186853803650904
80.87,0.00187117435515135
80.88,0.00187365930681271
80.89,0.00187599344648108
80.9,0.00187817748200853
80.91,0.0018802123023536
80.92,0.00188209898215852
80.9299999999999,0.00188383858263877
80.94,0.00188543257678646
80.95,0.00188688254965201
80.96,0.00188819027000526
80.97,0.00188935768047124
80.98,0.00189038687640958
80.99,0.00189128020848199
81,0.00189204019735377
81.01,0.00189266956074879
81.02,0.00189317109411869
81.03,0.00189354781887939
81.04,0.00189380302892984
81.05,0.00189394016218958
81.0599999999999,0.0018939628480322
81.07,0.00189387457594872
81.08,0.00189367937400214
81.09,0.00189338133253389
81.1,0.00189298470008467
81.11,0.00189249383907004
81.12,0.00189191313269033
81.13,0.00189124732979359
81.14,0.0018905012399843
81.15,0.00188967981396767
81.16,0.00188878804074218
81.17,0.00188783105715397
81.1799999999999,0.00188681419429007
81.19,0.00188574285692775
81.2,0.00188462255968027
81.21,0.00188345863698508
81.22,0.00188225681273104
81.23,0.00188102280275582
81.24,0.00187976237898393
81.25,0.00187848133412177
81.26,0.00187718539168171
81.27,0.00187588049276326
81.28,0.00187457253572798
81.29,0.00187326743761533
81.3,0.00187197107218665
81.3099999999999,0.00187068931928773
81.32,0.00186942809142201
81.33,0.00186819325633083
81.34,0.00186699065174964
81.35,0.001865826142986
81.36,0.0018647054828625
81.37,0.00186363439015438
81.38,0.00186261852806453
81.39,0.00186166351046285
81.4,0.00186077493718152
81.41,0.00185995824192368
81.42,0.00185921880698753
81.4299999999999,0.00185856192228549
81.44,0.00185799285640811
81.45,0.00185751677119459
81.46,0.00185713865197361
81.47,0.00185686341013892
81.48,0.0018566958402257
81.49,0.00185664084145851
81.5,0.00185670296647031
81.51,0.00185688670002997
81.52,0.00185719641961081
81.53,0.00185763644192666
81.54,0.00185821120552424
81.55,0.00185892467933328
81.5599999999999,0.00185978085359145
81.57,0.00186078360371109
81.58,0.00186193675504395
81.59,0.00186324401978625
81.6,0.00186470893147993
81.61,0.00186633494460108
81.62,0.00186812540048523
81.63,0.00187008384747443
81.64,0.00187221342317185
81.65,0.00187451723392117
81.66,0.00187699832340518
81.67,0.00187965968877827
81.6799999999999,0.00188250441376411
81.69,0.00188553527720729
81.7,0.00188875508295729
81.71,0.00189216657473016
81.72,0.0018957723614991
81.73,0.00189957496114627
81.74,0.00190357690851614
81.75,0.00190778063127407
81.76,0.0019121887845862
81.77,0.00191680387686223
81.78,0.00192162830091118
81.79,0.00192666451130928
81.8,0.00193191479073475
81.8099999999999,0.00193738155824552
81.82,0.0019430672026281
81.83,0.00194897409194732
81.84,0.00195510447047754
81.85,0.00196146070689369
81.86,0.00196804512010381
81.87,0.00197486002185339
81.88,0.00198190770744994
81.89,0.00198919049047465
81.9,0.00199671067972514
81.91,0.00200447069351229
81.92,0.0020124730952751
81.9299999999999,0.00202072028468996
81.94,0.00202921479397227
81.95,0.00203795900628043
81.96,0.00204695533200835
81.97,0.0020562063766218
81.98,0.00206571469230461
81.99,0.00207548290897483
82,0.00208551366160886
82.01,0.00209580961388502
82.02,0.00210637347708423
82.03,0.00211720787595557
82.04,0.00212831559217145
82.05,0.00213969940326667
82.0599999999999,0.00215136211451011
82.07,0.00216330663137172
82.08,0.0021755358302075
82.09,0.00218805264581826
82.1,0.00220086005623544
82.11,0.00221396094669457
82.12,0.00222735836552844
82.13,0.00224105535515885
82.14,0.00225505498312104
82.15,0.00226936021716603
82.16,0.00228397416556708
82.17,0.00229889991644797
82.1799999999999,0.00231414056461734
82.19,0.00232969921398037
82.2,0.00234557897432897
82.21,0.00236178295992235
82.22,0.00237831428723574
82.23,0.0023951760424018
82.24,0.0024123713358391
82.25,0.00242990326276018
82.26,0.00244777490708603
82.27,0.00246598926862302
82.28,0.0024845493933332
82.29,0.00250345828384976
82.3,0.0025227189106153
82.3099999999999,0.00254233420281954
82.32,0.0025623070601546
82.33,0.00258264033945501
82.34,0.00260333685275454
82.35,0.00262439938908084
82.36,0.00264583066452811
82.37,0.00266763334873002
82.38,0.00268981005686369
82.39,0.00271236335339857
82.4,0.00273529573413659
82.41,0.00275860963246798
82.42,0.00278230741478542
82.4299999999999,0.00280639140797518
82.44,0.0028308638385786
82.45,0.00285572686691909
82.46,0.00288098257869147
82.47,0.00290663303744633
82.48,0.00293268018700516
82.49,0.00295912589525395
82.5,0.00298597195759161
82.51,0.00301322013215945
82.52,0.00304087207493347
82.53,0.00306892935321721
82.54,0.00309739346347052
82.55,0.00312626585394604
82.5599999999999,0.00315554788603317
82.57,0.00318524082530205
82.58,0.00321534586915444
82.59,0.0032458641679278
82.6,0.00327679680008066
82.61,0.00330814473961004
82.62,0.00333990890147134
82.63,0.00337209014888915
82.64,0.00340468928844593
82.65,0.00343770702620325
82.66,0.00347114401527783
82.67,0.00350500085301602
82.6799999999999,0.00353927808708134
82.69,0.00357397618018195
82.7,0.00360909554434741
82.71,0.00364463653881821
82.72,0.00368059948154779
82.73,0.00371698461472726
82.74,0.00375379213617178
82.75,0.00379102219542532
82.76,0.00382867490585929
82.77,0.00386675031819852
82.78,0.00390524844424555
82.79,0.00394416925277969
82.8,0.00398351267122588
82.8099999999999,0.0040232785872928
82.82,0.00406346685064874
82.83,0.00410407727441178
82.84,0.00414510962952808
82.85,0.00418656366128852
82.86,0.0042284390800629
82.87,0.00427073556559493
82.88,0.00431345276101596
82.89,0.00435659028864836
82.9,0.00440014774220884
82.91,0.00444412468987267
82.92,0.00448852066425796
82.9299999999999,0.00453333518390326
82.94,0.00457856774454917
82.95,0.0046242178197068
82.96,0.00467028484900079
82.97,0.00471676826041914
82.98,0.00476366746580853
82.99,0.00481098185631458
83,0.00485871079525466
83.01,0.00490685363196048
83.02,0.00495540970505283
83.03,0.00500437833414028
83.04,0.00505375881797961
83.05,0.00510355043996058
83.0599999999999,0.00515375247502212
83.07,0.00520436418182504
83.08,0.00525538480408651
83.09,0.00530681357175581
83.1,0.0053586497061898
83.11,0.00541089241614899
83.12,0.00546354089121897
83.13,0.00551659429713889
83.14,0.00557005180898685
83.15,0.0056239125819645
83.16,0.00567817575759221
83.17,0.00573284045940747
83.1799999999999,0.00578790580849664
83.19,0.0058433709110913
83.2,0.00589923486266174
83.21,0.005955496750473
83.22,0.00601215564789927
83.23,0.00606921061930587
83.24,0.00612666071779631
83.25,0.00618450497002105
83.26,0.00624274241212874
83.27,0.00630137206241184
83.28,0.00636039292855769
83.29,0.00641980400317118
83.3,0.00647960426893533
83.3099999999999,0.0065397927009531
83.32,0.00660036826163526
83.33,0.00666132990149532
83.34,0.00672267655139172
83.35,0.00678440714158368
83.36,0.00684652058679657
83.37,0.00690901579008065
83.38,0.0069718916391125
83.39,0.00703514701069156
83.4,0.00709878077137773
83.41,0.00716279177410606
83.42,0.00722717885862507
83.4299999999999,0.00729194084787676
83.44,0.00735707655706998
83.45,0.00742258478621847
83.46,0.00748846432193679
83.47,0.00755471393492365
83.48,0.00762133238307568
83.49,0.00768831841115665
83.5,0.00775567074895888
83.51,0.00782338811153936
83.52,0.00789146919810376
83.53,0.00795991269449516
83.54,0.00802871727083529
83.55,0.0080978815819171
83.5599999999999,0.00816740426543891
83.57,0.00823728394425109
83.58,0.00830751922557722
83.59,0.00837810870000286
83.6,0.00844905094158102
83.61,0.0085203445049658
83.62,0.00859198793102749
83.63,0.0086639797422088
83.64,0.00873631844344789
83.65,0.00880900252143019
83.66,0.00888203044390062
83.67,0.00895540066194655
83.6799999999999,0.00902911160745762
83.69,0.00910316169353971
83.7,0.00917754931445976
83.71,0.00925227284518113
83.72,0.00932733064107884
83.73,0.00940272103788404
83.74,0.00947844235138501
83.75,0.00955449287854647
83.76,0.00963087089453183
83.77,0.00970757465436476
83.78,0.00978460239234868
83.79,0.00986195232179088
83.8,0.00993962263477959
83.8099999999999,0.0100176115019512
83.82,0.0100959170722718
83.83,0.010174537472809
83.84,0.0102534708085336
83.85,0.0103327151620723
83.86,0.0104122685934541
83.87,0.010492129139928
83.88,0.0105722948157239
83.89,0.0106527636144559
83.9,0.0107335335037692
83.91,0.0108146024281243
83.92,0.0108959683085493
83.9299999999999,0.0109776290421278
83.94,0.0110595825046704
83.95,0.0111418265466591
83.96,0.0112243589923973
83.97,0.0113071776428349
83.98,0.011390280274241
83.99,0.0114736646384965
84,0.0115573284628863
84.01,0.0116412694484506
84.02,0.0117254852713517
84.03,0.0118099735822303
84.04,0.0118947320063189
84.05,0.0119797581445714
84.0599999999999,0.0120650495696696
84.07,0.0121506038290556
84.08,0.0122364184438812
84.09,0.0123224909088414
84.1,0.0124088187012243
84.11,0.0124953992610871
84.12,0.01258223000534
84.13,0.0126693083246198
84.14,0.0127566315828673
84.15,0.012844197121674
84.16,0.0129320022527759
84.17,0.0130200442600721
84.1799999999999,0.0131083204017756
84.19,0.0131968279091953
84.2,0.0132855639848943
84.21,0.0133745258039103
84.22,0.0134637105163097
84.23,0.0135531152435006
84.24,0.0136427370792779
84.25,0.0137325730925313
84.26,0.013822620331088
84.27,0.0139128758030392
84.28,0.0140033364939771
84.29,0.0140939993619029
84.3,0.0141848613371576
84.3099999999999,0.0142759193286141
84.32,0.014367170216843
84.33,0.0144586108482287
84.34,0.0145502380454266
84.35,0.0146420486036998
84.36,0.0147340392908919
84.37,0.0148262068571545
84.38,0.0149185480160131
84.39,0.0150110594543974
84.4,0.0151037378338672
84.41,0.015196579789036
84.42,0.0152895819275055
84.4299999999999,0.0153827408287019
84.44,0.0154760530468536
84.45,0.015569515108589
84.46,0.0156631235136099
84.47,0.015756874734702
84.48,0.0158507652224346
84.49,0.0159447914072176
84.5,0.0160389496787693
84.51,0.016133236406814
84.52,0.0162276479349878
84.53,0.0163221805809067
84.54,0.0164168306436805
84.55,0.016511594393849
84.5599999999999,0.0166064680712914
84.57,0.0167014478940459
84.58,0.0167965300551069
84.59,0.0168917107225415
84.6,0.0169869860422108
84.61,0.0170823521324749
84.62,0.0171778050877901
84.63,0.0172733409785286
84.64,0.0173689558508446
84.65,0.0174646457281166
84.66,0.0175604066183942
84.67,0.0176562344918911
84.6799999999999,0.0177521253011518
84.69,0.0178480749754169
84.7,0.017944079420763
84.71,0.0180401345202472
84.72,0.0181362361386618
84.73,0.0182323801443302
84.74,0.0183285623396174
84.75,0.0184247785233459
84.76,0.0185210244729681
84.77,0.0186172959447668
84.78,0.018713588674055
84.79,0.0188098983761794
84.8,0.0189062207499174
84.8099999999999,0.0190025514669328
84.82,0.0190988861816841
84.83,0.0191952205288091
84.84,0.0192915501233369
84.85,0.0193878705608963
84.86,0.0194841774251557
84.87,0.0195804663124861
84.88,0.0196767327458413
84.89,0.0197729722538123
84.9,0.019869180347875
84.91,0.0199653525226764
84.92,0.0200614842563204
84.9299999999999,0.0201575710099772
84.94,0.020253608226231
84.95,0.0203495913366026
84.96,0.0204455157551517
84.97,0.0205413768807175
84.98,0.0206371700971976
84.99,0.0207328907738299
85,0.0208285342711018
85.01,0.0209240959546715
85.02,0.021019571141401
85.03,0.0211149551503585
85.04,0.0212102432881764
85.05,0.0213054308493826
85.0599999999999,0.0214005131167308
85.07,0.0214954853644617
85.08,0.021590342864591
85.09,0.0216850808617551
85.1,0.0217796945976803
85.11,0.0218741793043725
85.12,0.0219685302044763
85.13,0.0220627425116278
85.14,0.0221568114364546
85.15,0.0222507321959766
85.16,0.022344499969868
85.17,0.0224381099437425
85.1799999999999,0.022531557296602
85.19,0.0226248372012288
85.2,0.0227179448245752
85.21,0.022810875328159
85.22,0.0229036238425627
85.23,0.0229961855262799
85.24,0.0230885555249122
85.25,0.0231807289769367
85.26,0.0232727010166629
85.27,0.0233644667745858
85.28,0.0234560213777379
85.29,0.0235473599818511
85.3,0.0236384777330645
85.3099999999999,0.0237293697380054
85.32,0.0238200311248017
85.33,0.0239104570214337
85.34,0.0240006425561802
85.35,0.0240905828580594
85.36,0.0241802730574221
85.37,0.024269708287093
85.38,0.0243588836805246
85.39,0.0244477943743088
85.4,0.0245364355080176
85.41,0.0246248022246465
85.42,0.0247128896710592
85.4299999999999,0.0248006929984319
85.44,0.0248882073400472
85.45,0.0249754278591011
85.46,0.0250623497223233
85.47,0.0251489680974557
85.48,0.0252352781580887
85.49,0.0253212750840698
85.5,0.025406954061907
85.51,0.0254923102948831
85.52,0.0255773389966773
85.53,0.0256620353703222
85.54,0.0257463946372689
85.55,0.0258304120282374
85.5599999999999,0.0259140827836556
85.57,0.0259974021540986
85.58,0.0260803654015688
85.59,0.0261629678126808
85.6,0.0262452046647887
85.61,0.0263270712558575
85.62,0.0264085628965359
85.63,0.0264896749106141
85.64,0.0265704026354827
85.65,0.0266507414225932
85.66,0.0267306866173108
85.67,0.0268102335988157
85.6799999999999,0.0268893777657963
85.69,0.0269681145256977
85.7,0.027046439301696
85.71,0.0271243475331249
85.72,0.0272018346758999
85.73,0.0272788962027921
85.74,0.0273555275900072
85.75,0.0274317243522454
85.76,0.0275074820139711
85.77,0.0275827961180792
85.78,0.0276576622263041
85.79,0.027732075919629
85.8,0.0278060327986947
85.8099999999999,0.0278795284873729
85.82,0.0279525586341577
85.83,0.0280251188975243
85.84,0.0280972049625619
85.85,0.028168812536292
85.86,0.0282399373480887
85.87,0.0283105751501033
85.88,0.0283807217176847
85.89,0.0284503728368901
85.9,0.0285195243265744
85.91,0.0285881720370605
85.92,0.0286563118372519
85.9299999999999,0.0287239396209105
85.94,0.0287910513070547
85.95,0.0288576428403542
85.96,0.0289237101915301
85.97,0.0289892493195699
85.98,0.0290542562623887
85.99,0.0291187270675316
86,0.0291826578072904
86.01,0.029246044581153
86.02,0.0293088835161546
86.03,0.0293711707672292
86.04,0.0294329025162896
86.05,0.0294940749704652
86.0599999999999,0.029554684372725
86.07,0.0296147269921748
86.08,0.0296741991274498
86.09,0.02973309710706
86.1,0.0297914172897338
86.11,0.0298491560647613
86.12,0.0299063098483553
86.13,0.0299628750894678
86.14,0.0300188482725805
86.15,0.0300742259114394
86.16,0.0301290045519127
86.17,0.0301831807723252
86.1799999999999,0.0302367511837941
86.19,0.0302897124305641
86.2,0.0303420611435271
86.21,0.0303937940466759
86.22,0.0304449078849254
86.23,0.0304953994304712
86.24,0.0305452654893521
86.25,0.0305945029017339
86.26,0.0306431085421951
86.27,0.0306910793200113
86.28,0.0307384121453022
86.29,0.030785103994735
86.3,0.0308311518887654
86.3099999999999,0.0308765528710644
86.32,0.0309213040205366
86.33,0.0309654024515573
86.34,0.031008845314212
86.35,0.0310516297945347
86.36,0.0310937531131413
86.37,0.0311352125276437
86.38,0.0311760053340434
86.39,0.0312161288640965
86.4,0.0312555804866427
86.41,0.0312943576078399
86.42,0.0313324576714
86.4299999999999,0.0313698781588242
86.44,0.0314066165789484
86.45,0.0314426704715209
86.46,0.0314780374429228
86.47,0.0315127151237608
86.48,0.0315467011830536
86.49,0.0315799933284393
86.5,0.0316125893063802
86.51,0.0316444869023687
86.52,0.0316756839255101
86.53,0.0317061781725207
86.54,0.0317359675821026
86.55,0.0317650500863436
86.5599999999999,0.031793423655921
86.57,0.0318210863002278
86.58,0.0318480360674982
86.59,0.0318742710449356
86.6,0.0318997893577572
86.61,0.0319245891456725
86.62,0.0319486686263037
86.63,0.0319720260405378
86.64,0.0319946596684193
86.65,0.032016567829252
86.66,0.0320377488817018
86.67,0.032058201223899
86.6799999999999,0.0320779232935401
86.69,0.0320969135939623
86.7,0.0321151706337909
86.71,0.0321326929712198
86.72,0.0321494792074279
86.73,0.0321655279841802
86.74,0.0321808379839566
86.75,0.0321954079300808
86.76,0.0322092365868489
86.77,0.0322223227042272
86.78,0.0322346651301524
86.79,0.032246262759435
86.8,0.0322571145109927
86.8099999999999,0.0322672193440956
86.82,0.0322765762584293
86.83,0.0322851842941594
86.84,0.0322930425319949
86.85,0.0323001500526622
86.86,0.0323065059446208
86.87,0.0323121094531212
86.88,0.032316959805127
86.89,0.0323210562664318
86.9,0.0323243981416171
86.91,0.032326984774009
86.92,0.0323288155456364
86.9299999999999,0.0323298898771878
86.94,0.0323302072823246
86.95,0.0323297672328639
86.96,0.0323285692710853
86.97,0.0323266129793377
86.98,0.0323238979792944
86.99,0.0323204239319548
87,0.0323161905376464
87.01,0.0323111975360264
87.02,0.0323054447536
87.03,0.0322989320237616
87.04,0.0322916591901399
87.05,0.0322836261606894
87.0599999999999,0.0322748328840268
87.07,0.0322652793495009
87.08,0.0322549655872631
87.09,0.0322438916683375
87.1,0.0322320576623015
87.11,0.0322194635696399
87.12,0.0322061096668813
87.13,0.0321919961629356
87.14,0.032177123304681
87.15,0.0321614913768632
87.16,0.0321451007019936
87.17,0.0321279516402486
87.1799999999999,0.0321100445893679
87.19,0.0320913798430006
87.2,0.0320719579162162
87.21,0.032051779316437
87.22,0.0320308445682874
87.23,0.0320091542307954
87.24,0.0319867088971554
87.25,0.0319635091944917
87.26,0.0319395557836224
87.27,0.0319148495003701
87.28,0.0318893911884721
87.29,0.0318631815306459
87.3,0.0318362213612093
87.3099999999999,0.0318085115519895
87.32,0.0317800530123459
87.33,0.0317508466891942
87.34,0.0317208935670284
87.35,0.0316901946823858
87.36,0.0316587512241173
87.37,0.0316265642227408
87.38,0.0315936348314663
87.39,0.031559964243465
87.4,0.0315255536920132
87.41,0.0314904044506351
87.42,0.0314545178332468
87.4299999999999,0.0314178951942994
87.44,0.0313805374757927
87.45,0.0313424460825425
87.46,0.0313036224957775
87.47,0.0312640681060945
87.48,0.0312237843272394
87.49,0.0311827725951498
87.5,0.0311410343670013
87.51,0.0310985715040014
87.52,0.03105538542316
87.53,0.0310114776784999
87.54,0.0309668498923005
87.55,0.0309215037159161
87.5599999999999,0.0308754408295806
87.57,0.0308286629506912
87.58,0.0307811725879912
87.59,0.0307329712042676
87.6,0.0306840607311179
87.61,0.0306344431487927
87.62,0.0305841204873162
87.63,0.0305330948276089
87.64,0.0304813681719634
87.65,0.0304289417553395
87.66,0.0303758181907129
87.67,0.0303219995722033
87.6799999999999,0.0302674880204076
87.69,0.030212285681631
87.7,0.0301563947271192
87.71,0.0300998172878323
87.72,0.0300425553884175
87.73,0.0299846113459727
87.74,0.029925987372612
87.75,0.0298666856940006
87.76,0.0298067085481146
87.77,0.029746058184001
87.78,0.0296847373474338
87.79,0.0296227490072675
87.8,0.0295600951256116
87.8099999999999,0.029496778202526
87.82,0.0294328007699546
87.83,0.0293681653917258
87.84,0.0293028746635511
87.85,0.0292369315859193
87.86,0.0291703387064114
87.87,0.0291030987360221
87.88,0.0290352144555221
87.89,0.0289666886822895
87.9,0.0288975242703101
87.91,0.0288277237637655
87.92,0.0287572894855893
87.9299999999999,0.0286862247065572
87.94,0.0286145322867191
87.95,0.0285422151106917
87.96,0.0284692760876559
87.97,0.0283957181513583
87.98,0.0283215440664648
87.99,0.0282467568595646
88,0.028171359534592
88.01,0.0280953550919476
88.02,0.0280187465539928
88.03,0.0279415369650497
88.04,0.0278637295574181
88.05,0.0277853277840473
88.0599999999999,0.0277063345737413
88.07,0.0276267531352406
88.08,0.0275465867058417
88.09,0.0274658385513941
88.1,0.0273845119663018
88.11,0.0273026105331049
88.12,0.0272201375660397
88.13,0.027137096439998
88.14,0.0270534906085512
88.15,0.0269693235575419
88.16,0.0268845988050846
88.17,0.0267993196996061
88.1799999999999,0.0267134892680174
88.19,0.0266271114069543
88.2,0.0265401896608403
88.21,0.0264527275976597
88.22,0.0263647288089583
88.23,0.0262761969098455
88.24,0.026187135074689
88.25,0.0260975467991397
88.26,0.0260074358953642
88.27,0.0259168059679323
88.28,0.0258256606363341
88.29,0.0257340035349799
88.3,0.0256418383132005
88.3099999999999,0.0255491697537816
88.32,0.0254560011089942
88.33,0.0253623361609035
88.34,0.0252681787745375
88.35,0.0251735328423748
88.36,0.0250784022843463
88.37,0.0249827911121455
88.38,0.0248867035034866
88.39,0.0247901433588206
88.4,0.024693114743689
88.41,0.0245956217541247
88.42,0.0244976685166518
88.4299999999999,0.0243992591882857
88.44,0.0243003973083717
88.45,0.0242010868070038
88.46,0.0241013321351822
88.47,0.0240011374191063
88.48,0.0239005068028445
88.49,0.0237994444483303
88.5,0.0236979545353649
88.51,0.0235960410427151
88.52,0.0234937082615164
88.53,0.0233909604117434
88.54,0.0232878017132169
88.55,0.0231842364010945
88.5599999999999,0.0230802687258702
88.57,0.0229759030801395
88.58,0.0228711442472601
88.59,0.0227659963445771
88.6,0.0226604637990549
88.61,0.0225545510644586
88.62,0.0224482626213507
88.63,0.0223416031871079
88.64,0.0222345773414074
88.65,0.0221271896352983
88.66,0.0220194447154872
88.67,0.0219113472610887
88.6799999999999,0.0218029018685979
88.69,0.0216941125606368
88.7,0.0215849843722783
88.71,0.0214755219629345
88.72,0.0213657300094527
88.73,0.0212556132061178
88.74,0.0211451758893011
88.75,0.0210344226262848
88.76,0.0209233582111947
88.77,0.0208119872894302
88.78,0.0207003145124618
88.79,0.0205883446093828
88.8,0.0204760830846883
88.8099999999999,0.0203635343053535
88.82,0.0202507031063913
88.83,0.020137594344968
88.84,0.0200242129003999
88.85,0.0199105642123978
88.86,0.0197966535803268
88.87,0.019682485828844
88.88,0.0195680661197741
88.89,0.0194533996557938
88.9,0.0193384916598797
88.91,0.0192233465662342
88.92,0.0191079700068388
88.9299999999999,0.018992367198939
88.94,0.0188765433854966
88.95,0.0187605038351921
88.96,0.0186442532428935
88.97,0.0185277961770773
88.98,0.0184111380671214
88.99,0.0182942839199555
89,0.018177238727247
89.01,0.0180600083630273
89.02,0.017942597730206
89.03,0.0178250119478183
89.04,0.0177072562203898
89.05,0.0175893362724294
89.0599999999999,0.0174712589767584
89.07,0.0173530292661419
89.08,0.017234652946091
89.09,0.0171161358988891
89.1,0.0169974830763771
89.11,0.0168787001003364
89.12,0.0167597930123881
89.13,0.0166407675858084
89.14,0.0165216295115609
89.15,0.0164023830849729
89.16,0.0162830345220153
89.17,0.0161635893193483
89.1799999999999,0.0160440529574919
89.19,0.0159244313844526
89.2,0.0158047306609571
89.21,0.0156849561501972
89.22,0.0155651135636977
89.23,0.0154452086300732
89.24,0.0153252486607017
89.25,0.0152052393230118
89.26,0.0150851866972787
89.27,0.014965097059623
89.28,0.014844976645236
89.29,0.0147248315083463
89.3,0.0146046682000299
89.3099999999999,0.0144844931521467
89.32,0.0143643128515286
89.33,0.0142441327119528
89.34,0.0141239586213987
89.35,0.0140037969408976
89.36,0.0138836536864694
89.37,0.0137635353674041
89.38,0.0136434479733273
89.39,0.0135233975906233
89.4,0.0134033905455342
89.41,0.013283435130145
89.42,0.013163537327618
89.4299999999999,0.0130437040584754
89.44,0.0129239423754506
89.45,0.0128042594843536
89.46,0.0126846626302062
89.47,0.0125651591976277
89.48,0.0124457555102464
89.49,0.0123264578548492
89.5,0.0122072737106015
89.51,0.0120882100021692
89.52,0.0119692731667281
89.53,0.0118504699489418
89.54,0.011731807118794
89.55,0.0116132913398598
89.5599999999999,0.0114949318771715
89.57,0.0113767350978695
89.58,0.011258708449662
89.59,0.0111408597322829
89.6,0.0110231979655624
89.61,0.0109057308223779
89.62,0.0107884666791786
89.63,0.0106714132833788
89.64,0.010554577833404
89.65,0.0104379691003889
89.66,0.0103215953081258
89.67,0.0102054635702118
89.6799999999999,0.0100895810418887
89.69,0.00997395548171567
89.7,0.00985859533528574
89.71,0.0097435092822618
89.72,0.00962870506616199
89.73,0.00951419196604143
89.74,0.00939998002785022
89.75,0.00928607827550789
89.76,0.00917249592194987
89.77,0.00905924179378791
89.78,0.00894632586759602
89.79,0.00883375710133784
89.8,0.00872154321924854
89.8099999999999,0.00860969369693783
89.82,0.00849821756836484
89.83,0.0083871245012621
89.84,0.00827642332234463
89.85,0.00816612371423389
89.86,0.00805623747412833
89.87,0.00794677428534218
89.88,0.00783774480503183
89.89,0.00772915953907538
89.9,0.00762102965163998
89.91,0.00751336612196804
89.92,0.00740617756142735
89.9299999999999,0.00729947521751682
89.94,0.0071932695224241
89.95,0.00708757199879103
89.96,0.00698239313298105
89.97,0.00687774383378923
89.98,0.0067736368733968
89.99,0.00667008351576238
90,0.00656709577129935
90.01,0.0064646853643149
90.02,0.00636286462290724
90.03,0.0062616459594659
90.04,0.00616104081568972
90.05,0.00606106150687565
90.0599999999999,0.00596172037573101
90.07,0.00586303007195715
90.08,0.00576500325129656
90.09,0.00566765280558636
90.1,0.00557099240650441
90.11,0.00547503541026415
90.12,0.00537979510996123
90.13,0.00528528515216614
90.14,0.00519151903612442
90.15,0.00509850926572563
90.16,0.00500626930159547
90.17,0.00491481225808383
90.1799999999999,0.00482415118317472
90.19,0.00473429955817802
90.2,0.004645272110436
90.21,0.00455708255653964
90.22,0.00446974570367318
90.23,0.00438327637626011
90.24,0.00429768864882839
90.25,0.00421299451817336
90.26,0.00412920806603767
90.27,0.00404634232148653
90.28,0.00396441013960163
90.29,0.00388342451226527
90.3,0.00380339895518208
90.3099999999999,0.00372434616563424
90.32,0.00364627897358533
90.33,0.00356921016617883
90.34,0.00349315203326682
90.35,0.00341811604997081
90.36,0.00334411419155785
90.37,0.00327115694002492
90.38,0.00319925510467498
90.39,0.00312841883153972
90.4,0.0030586576517182
90.41,0.0029899808667686
90.42,0.00292239689404032
90.4299999999999,0.00285591391107063
90.44,0.00279053929734982
90.45,0.00272627942949684
90.46,0.00266314057657675
90.47,0.0026011274962225
90.48,0.00254024469913392
90.49,0.00248049575572668
90.5,0.00242188313229435
90.51,0.00236440884681244
90.52,0.00230807363034682
90.53,0.00225287745768809
90.54,0.00219881936820285
90.55,0.00214589749826014
90.5599999999999,0.00209410893371009
90.57,0.0020434497816591
90.58,0.00199391513005306
90.59,0.00194549904937343
90.6,0.00189819481912763
90.61,0.00185199452866522
90.62,0.00180688940630658
90.63,0.00176286979308404
90.64,0.00171992498355155
90.65,0.00167804356794039
90.66,0.00163721314359188
90.67,0.0015974205061553
90.6799999999999,0.00155865171942517
90.69,0.00152089199471236
90.7,0.00148412603738274
90.71,0.00144833781099118
90.72,0.00141351059223947
90.73,0.00137962727694548
90.74,0.00134667021177968
90.75,0.00131462121846453
90.76,0.001283461876439
90.77,0.00125317341865165
90.78,0.00122373673668143
90.79,0.00119513257958879
90.8,0.00116734154152001
90.8099999999999,0.00114034408821335
90.82,0.00111412062537094
90.83,0.00108865155642665
90.84,0.00106391736035028
90.85,0.00103989853996813
90.86,0.00101657571074276
90.87,0.000993929735404631
90.88,0.0009719415849828
90.89,0.000950592428233828
90.9,0.000929863813678387
90.91,0.000909737475863022
90.92,0.000890195412836177
90.9299999999999,0.000871220100073891
90.94,0.000852794272682178
90.95,0.000834900936826914
90.96,0.000817523666678453
90.97,0.000800646340442913
90.98,0.000784253083592986
90.99,0.000768328650766322
91,0.000752858124489488
91.01,0.000737826815644405
91.02,0.000723220667438286
91.03,0.00070902596615498
91.04,0.000695229263347923
91.05,0.000681817671767617
91.0599999999999,0.000668778665449089
91.07,0.000656100037193411
91.08,0.000643770060608276
91.09,0.000631777382922604
91.1,0.000620110944919649
91.11,0.000608760146404238
91.12,0.000597714742117936
91.13,0.000586964718367196
91.14,0.000576500485458916
91.15,0.000566312785031293
91.16,0.000556392617325023
91.17,0.000546731284450918
91.1799999999999,0.000537320410002714
91.19,0.000528151935413879
91.2,0.000519218150629178
91.21,0.000510511539646273
91.22,0.000502024890101813
91.23,0.000493751218800161
91.24,0.000485683842744009
91.25,0.000477816312173356
91.26,0.000470142337767078
91.27,0.000462655921425643
91.28,0.000455351252375015
91.29,0.000448222754447629
91.3,0.000441265028572463
91.3099999999999,0.00043447286136988
91.32,0.000427841255030246
91.33,0.000421365394072232
91.34,0.000415040612690113
91.35,0.000408862436931452
91.36,0.000402826574806705
91.37,0.000396928860835803
91.38,0.000391165293089374
91.39,0.000385532039393975
91.4,0.000380025395066884
91.41,0.000374641791239384
91.42,0.000369377792118328
91.4299999999999,0.000364230080848584
91.44,0.000359195466796783
91.45,0.000354270869713459
91.46,0.000349453342033443
91.47,0.000344740042484131
91.48,0.000340128212588474
91.49,0.000335615200533467
91.5,0.000331198520474157
91.51,0.000326875710207479
91.52,0.0003226444233483
91.53,0.000318502408049885
91.54,0.000314447506298298
91.55,0.000310477632171114
91.5599999999999,0.000306590784447326
91.57,0.000302785031462072
91.58,0.000299058518486636
91.59,0.000295409460130364
91.6,0.00029183614179672
91.61,0.000288336941148377
91.62,0.000284910258470057
91.63,0.000281554566489028
91.64,0.000278268393221453
91.65,0.000275050402492532
91.66,0.000271899224071812
91.67,0.000268813570090545
91.6799999999999,0.000265792204897658
91.69,0.000262833960459067
91.7,0.000259937706640334
91.71,0.000257102355881157
91.72,0.00025432686931854
91.73,0.000251610241698001
91.74,0.000248951504055129
91.75,0.000246349736278143
91.76,0.000243804047493549
91.77,0.000241313588509386
91.78,0.000238877568636882
91.79,0.00023649518992602
91.8,0.00023416569857092
91.8099999999999,0.000231888372295105
91.82,0.000229662617978572
91.83,0.000227487759906737
91.84,0.000225363194663513
91.85,0.0002232883508725
91.86,0.000221262614301874
91.87,0.000219285449424675
91.88,0.000217356344808001
91.89,0.000215474797658148
91.9,0.000213640374905264
91.91,0.000211852666633707
91.92,0.000210111237851058
91.9299999999999,0.000208415699591
91.94,0.000206765671095497
91.95,0.000205160765361086
91.96,0.000203600653439403
91.97,0.000202085005611575
91.98,0.000200613516050184
91.99,0.000199186003826565
92,0.00019780217921515
92.01,0.000196461820644249
92.02,0.000195164729300191
92.03,0.000193910678991697
92.04,0.000192699506437195
92.05,0.000191531059853823
92.0599999999999,0.000190405200211458
92.07,0.000189321815911787
92.08,0.000188280809960693
92.09,0.000187282095896071
92.1,0.000186325607949073
92.11,0.000185411306281405
92.12,0.000184539178640069
92.13,0.000183709211158012
92.14,0.000182921416438077
92.15,0.000182175826503385
92.16,0.00018147251564659
92.17,0.00018081155077238
92.1799999999999,0.000180193028828841
92.19,0.000179617067455668
92.2,0.000179083823741639
92.21,0.000178593468658484
92.22,0.000178146190043846
92.23,0.000177742204711515
92.24,0.000177381737994794
92.25,0.000177065011311873
92.26,0.000176792312639345
92.27,0.000176563932885272
92.28,0.000176380183643343
92.29,0.000176241425305702
92.3,0.000176148009084965
92.3099999999999,0.000176100319807797
92.32,0.000176098765284815
92.33,0.000176143794913875
92.34,0.000176235877777667
92.35,0.000176375498409564
92.36,0.00017656317413981
92.37,0.000176799441518275
92.38,0.000177084844074509
92.39,0.000177419980308924
92.4,0.00017780546294528
92.41,0.000178241930243061
92.42,0.000178730020197088
92.4299999999999,0.00017927042153485
92.44,0.000179863839191072
92.45,0.000180511000722911
92.46,0.000181212655176616
92.47,0.000181969574829671
92.48,0.000182782556411666
92.49,0.000183652418597701
92.5,0.00018457999768106
92.51,0.00018556613372473
92.52,0.000186611711983996
92.53,0.000187717628234448
92.54,0.000188884797579905
92.55,0.000190114107399235
92.5599999999999,0.000191406503549478
92.57,0.000192762937725375
92.58,0.000194184370803091
92.59,0.000195671756331682
92.6,0.000197226046853146
92.61,0.000198848220910626
92.62,0.000200539250399325
92.63,0.000202300089374427
92.64,0.000204131704896213
92.65,0.000206035054494484
92.66,0.000208011081248103
92.67,0.000210060704493347
92.6799999999999,0.000212184846255648
92.69,0.000214384405102755
92.7,0.000216660230934242
92.71,0.00021901316076488
92.72,0.000221444007521936
92.73,0.000223953540336508
92.74,0.00022654245517754
92.75,0.000229211440462293
92.76,0.000231961122128749
92.77,0.000234792058618824
92.78,0.000237704745438831
92.79,0.00024069962506127
92.8,0.000243777064445049
92.8099999999999,0.000246937339163175
92.82,0.000250180659836178
92.83,0.000253507146014492
92.84,0.000256916823444939
92.85,0.000260409617208383
92.86,0.000263985357451129
92.87,0.000267643765261596
92.88,0.000271384441175305
92.89,0.000275206873201453
92.9,0.000279110427026605
92.91,0.00028309434164366
92.92,0.000287157736912883
92.9299999999999,0.00029129958091518
92.94,0.000295518705933093
92.95,0.000299813829294643
92.96,0.000304183522924401
92.97,0.000308626189432563
92.98,0.000313140091973928
92.99,0.000317723401044426
93,0.000322374075131965
93.01,0.000327089939211773
93.02,0.000331868696086744
93.03,0.000336707932875319
93.04,0.000341605028517664
93.05,0.000346557235909264
93.0599999999999,0.000351561725812173
93.07,0.0003566154808891
93.08,0.000361715345496973
93.09,0.000366858050065415
93.1,0.000372040271975731
93.11,0.00037725849749101
93.12,0.000382509134909091
93.13,0.000387788523226019
93.14,0.000393092875527928
93.15,0.000398418328931467
93.16,0.000403760939366777
93.17,0.000409116688153055
93.1799999999999,0.000414481498368972
93.19,0.000419851270522983
93.2,0.000425221822005279
93.21,0.000430588951375837
93.22,0.000435948452644368
93.23,0.000441296080301786
93.24,0.000446627600290203
93.25,0.000451938813979354
93.26,0.000457225512917708
93.27,0.000462483527123411
93.28,0.000467708720088414
93.29,0.000472897012448273
93.3,0.000478044374932762
93.3099999999999,0.000483146828276543
93.32,0.000488200485083259
93.33,0.000493201519759045
93.34,0.000498146159821196
93.35,0.000503030757573073
93.36,0.000507851757161403
93.37,0.000512605725670585
93.38,0.000517289327347213
93.39,0.000521899350282206
93.4,0.000526432698997303
93.41,0.000530886429130968
93.42,0.000535257711318611
93.4299999999999,0.000539543818328589
93.44,0.000543742210129555
93.45,0.000547850457324372
93.46,0.000551866242548807
93.47,0.000555787427007403
93.48,0.000559611998716421
93.49,0.00056333808404338
93.5,0.000566963963273493
93.51,0.000570488047790346
93.52,0.000573908874439921
93.53,0.000577225147739552
93.54,0.000580435698832125
93.55,0.000583539489535505
93.5599999999999,0.000586535634788259
93.57,0.000589423359556949
93.58,0.000592201991070601
93.59,0.000594871018194477
93.6,0.000597430044911667
93.61,0.00059987880387076
93.62,0.000602217137680879
93.63,0.000604444997291008
93.64,0.000606562432314937
93.65,0.00060856961822492
93.66,0.000610466815038837
93.67,0.000612254361772816
93.6799999999999,0.000613932699623833
93.69,0.000615502386153267
93.7,0.000616964041207123
93.71,0.000618318377515709
93.72,0.000619566190829751
93.73,0.000620708352642052
93.74,0.000621745759903751
93.75,0.000622679400621961
93.76,0.000623510328055262
93.77,0.000624239653634473
93.78,0.000624868533744676
93.79,0.000625398192842662
93.8,0.000625829897533783
93.8099999999999,0.000626164952253426
93.82,0.000626404705318648
93.83,0.000626550542378023
93.84,0.000626603873962392
93.85,0.000626566141759463
93.86,0.000626438824764281
93.87,0.000626223419506533
93.88,0.000625921447805544
93.89,0.000625534467206268
93.9,0.00062506404553733
93.91,0.000624511751309922
93.92,0.000623879172778933
93.9299999999999,0.000623167907961965
93.94,0.000622379563817155
93.95,0.000621515745044664
93.96,0.000620578081367517
93.97,0.000619568197655627
93.98,0.00061848771804162
93.99,0.000617338257139617
94,0.000616121435463967
94.01,0.000614838868052811
94.02,0.000613492160864592
94.03,0.000612082914709333
94.04,0.00061061273057892
94.05,0.000609083193165834
94.0599999999999,0.000607495880832948
94.07,0.000605852361425333
94.08,0.000604154188937987
94.09,0.000602402898071512
94.1,0.000600600012020128
94.11,0.000598747043369486
94.12,0.000596845483741088
94.13,0.000594896810906617
94.14,0.000592902493693933
94.15,0.000590863978966155
94.16,0.000588782692941296
94.17,0.000586660047067501
94.1799999999999,0.000584497432601092
94.19,0.00058229621850461
94.2,0.000580057754189594
94.21,0.00057778337352981
94.22,0.000575474388340615
94.23,0.00057313208828975
94.24,0.000570757746823764
94.25,0.000568352614342887
94.26,0.000565917921713032
94.27,0.000563454879321516
94.28,0.000560964676954145
94.29,0.000558448479097935
94.3,0.000555907430034869
94.3099999999999,0.000553342652847645
94.32,0.000550755255518094
94.33,0.000548146319023801
94.34,0.000545516905206362
94.35,0.000542868055030639
94.36,0.000540200788935989
94.37,0.000537516104338699
94.38,0.000534814979295667
94.39,0.000532098370357319
94.4,0.000529367217182817
94.41,0.00052662243572025
94.42,0.000523864922704488
94.4299999999999,0.000521095552633946
94.44,0.000518315181446304
94.45,0.000515524644897966
94.46,0.000512724767769066
94.47,0.000509916349019536
94.48,0.000507100171323064
94.49,0.000504276991965232
94.5,0.000501447556156208
94.51,0.0004986125878879
94.52,0.000495772790088468
94.53,0.000492928848508274
94.54,0.000490081431475824
94.55,0.000487231199894887
94.5599999999999,0.000484378788263442
94.57,0.000481524818823045
94.58,0.000478669896992548
94.59,0.000475814610681978
94.6,0.000472959531318556
94.61,0.000470105212186896
94.62,0.000467252191597262
94.63,0.00046440099171464
94.64,0.00046155212489055
94.65,0.000458706080050427
94.66,0.000455863334454311
94.67,0.000453024366702456
94.6799999999999,0.00045018962310493
94.69,0.000447359541825149
94.7,0.0004445345542097
94.71,0.000441715070382964
94.72,0.000438901489145741
94.73,0.00043609419493924
94.74,0.000433293559157716
94.75,0.000430499939260865
94.76,0.000427713696410399
94.77,0.00042493515995088
94.78,0.000422164652502324
94.79,0.000419402490230507
94.8,0.000416648988446973
94.8099999999999,0.000413904432421662
94.82,0.000411169102705926
94.83,0.000408443280029403
94.84,0.000405727229025215
94.85,0.000403021199151693
94.86,0.000400325432480352
94.87,0.000397640165831714
94.88,0.000394965619647087
94.89,0.000392302006115466
94.9,0.00038964953429084
94.91,0.00038700841083185
94.92,0.000384378818558682
94.9299999999999,0.000381760936836325
94.94,0.000379154947395253
94.95,0.000376561015836986
94.96,0.000373979297785341
94.97,0.000371409943525912
94.98,0.000368853103487785
94.99,0.000366308909701792
95,0.000363777490018622
95.01,0.000361258967905656
95.02,0.000358753466100283
95.03,0.000356261088956285
95.04,0.000353781937815425
95.05,0.000351316116297526
95.0599999999999,0.000348863724308757
95.07,0.000346424843194232
95.08,0.000343999553506522
95.09,0.000341587933914266
95.1,0.000339190055066347
95.11,0.000336805980117476
95.12,0.000334435767476383
95.13,0.000332079480568545
95.14,0.000329737167147747
95.15,0.000327408871468006
95.16,0.000325094634037561
95.17,0.00032279450133697
95.1799999999999,0.000320508501760855
95.19,0.000318236663584051
95.2,0.000315979012822141
95.21,0.000313735577988428
95.22,0.000311506372714963
95.23,0.000309291410405715
95.24,0.000307090702585647
95.25,0.000304904262608207
95.26,0.000302732090853366
95.27,0.000300574187397502
95.28,0.000298430550985115
95.29,0.000296301182152511
95.3,0.000294186069339531
95.3099999999999,0.000292085200972704
95.32,0.000289998564619616
95.33,0.000287926149484672
95.34,0.000285867933720796
95.35,0.000283823895665482
95.36,0.000281794013174241
95.37,0.000279778265479245
95.38,0.000277776621949157
95.39,0.000275789052236403
95.4,0.000273815525454873
95.41,0.000271856011258935
95.42,0.000269910471566469
95.4299999999999,0.000267978868190124
95.44,0.000266061163299706
95.45,0.00026415732000192
95.46,0.000262267292903249
95.47,0.000260391037320815
95.48,0.000258528507412473
95.49,0.000256679661794466
95.5,0.000254844448836371
95.51,0.000253022818323431
95.52,0.000251214718378236
95.53,0.000249420101562797
95.54,0.000247638912759391
95.55,0.000245871096540768
95.5599999999999,0.000244116596572744
95.57,0.000242375359088239
95.58,0.000240647327619798
95.59,0.00023893244200757
95.6,0.000237230642388766
95.61,0.00023554186955075
95.62,0.000233866065222319
95.63,0.000232203165732524
95.64,0.000230553108255704
95.65,0.000228915829503885
95.66,0.000227291269056212
95.67,0.000225679360540184
95.6799999999999,0.000224080038648369
95.69,0.000222493237283376
95.7,0.000220918892808657
95.71,0.000219356938142165
95.72,0.000217807306262474
95.73,0.000216269929990411
95.74,0.000214744741790683
95.75,0.000213231673734116
95.76,0.000211730657671636
95.77,0.000210241625211993
95.78,0.000208764507741062
95.79,0.000207299236473336
95.8,0.000205845741340689
95.8099999999999,0.00020440395274019
95.82,0.000202973801402271
95.83,0.000201555217566089
95.84,0.000200148131366046
95.85,0.000198752472351812
95.86,0.000197368170068607
95.87,0.000195995154459411
95.88,0.000194633355165232
95.89,0.000193282701797696
95.9,0.000191943123957002
95.91,0.000190614551257646
95.92,0.000189296913361974
95.9299999999999,0.000187990139990792
95.94,0.0001866941609503
95.95,0.000185408905871105
95.96,0.00018413430411218
95.97,0.000182870285929351
95.98,0.000181616781369873
95.99,0.000180373720619072
96,0.000179141033821638
96.01,0.000177918650685787
96.02,0.000176706502019725
96.03,0.000175504518409896
96.04,0.000174312630607775
96.05,0.000173130769644561
96.0599999999999,0.000171958867399422
96.07,0.000170796854949667
96.08,0.000169644664026151
96.09,0.000168502226620226
96.1,0.000167369474998832
96.11,0.000166246341719579
96.12,0.000165132757884917
96.13,0.00016402865690453
96.14,0.000162933972058151
96.15,0.000161848636714577
96.16,0.000160772584532434
96.17,0.000159705749470301
96.1799999999999,0.000158648065809107
96.19,0.000157599468145409
96.2,0.000156559891396937
96.21,0.000155529270828782
96.22,0.00015450754205748
96.23,0.000153494641061218
96.24,0.000152490503492115
96.25,0.000151495064183223
96.26,0.000150508260840633
96.27,0.000149530030381406
96.28,0.00014856031003825
96.29,0.000147599037363188
96.3,0.000146646150255774
96.3099999999999,0.00014570158794679
96.32,0.000144765288624089
96.33,0.000143837191376164
96.34,0.000142917235665405
96.35,0.000142005361334276
96.36,0.000141101508611482
96.37,0.000140205618071238
96.38,0.00013931763072735
96.39,0.000138437488001799
96.4,0.000137565131713958
96.41,0.000136700504097778
96.42,0.000135843547807788
96.4299999999999,0.000134994204606385
96.44,0.000134152416408431
96.45,0.000133318127592008
96.46,0.000132491281815116
96.47,0.000131671823070457
96.48,0.000130859695683725
96.49,0.000130054844633622
96.5,0.00012925721665623
96.51,0.000128466756502891
96.52,0.000127683410277289
96.53,0.000126907124481939
96.54,0.000126137846021529
96.55,0.000125375522206244
96.5599999999999,0.000124620100425228
96.57,0.000123871528876563
96.58,0.000123129756053361
96.59,0.000122394730832053
96.6,0.000121666402497768
96.61,0.000120944720746807
96.62,0.000120229634604605
96.63,0.000119521094088803
96.64,0.000118819050219114
96.65,0.000118123453919797
96.66,0.000117434256470308
96.67,0.00011675140950327
96.6799999999999,0.000116074865235259
96.69,0.000115404576491849
96.7,0.000114740495780283
96.71,0.000114082576284262
96.72,0.000113430771554529
96.73,0.000112785035508396
96.74,0.000112145322429224
96.75,0.000111511587176734
96.76,0.000110883784788314
96.77,0.000110261870644037
96.78,0.000109645800551306
96.79,0.000109035530690632
96.8,0.000108431017615741
96.8099999999999,0.000107832218181014
96.82,0.000107239089038808
96.83,0.000106651588100073
96.84,0.000106069673269635
96.85,0.000105493302804029
96.86,0.000104922435310177
96.87,0.000104357029744034
96.88,0.000103797045332938
96.89,0.000103242441656671
96.9,0.000102693178733007
96.91,0.000102149216865869
96.92,0.000101610516696359
96.9299999999999,0.000101077039201096
96.94,0.000100548745690549
96.95,0.000100025598077663
96.96,9.95075582766663e-05
96.97,9.89945886251276e-05
96.98,9.84866518188743e-05
96.99,9.79837108889156e-05
97,9.74857292003903e-05
97.01,9.69926703797664e-05
97.02,9.65044982423417e-05
97.03,9.60211772258781e-05
97.04,9.55426719606044e-05
97.05,9.50689473963048e-05
97.0599999999999,9.45999688006585e-05
97.07,9.41357017575773e-05
97.08,9.36761120683161e-05
97.09,9.32211659159399e-05
97.1,9.27708298290487e-05
97.11,9.23250706068166e-05
97.12,9.18838553514643e-05
97.13,9.14471514663019e-05
97.14,9.10149266670116e-05
97.15,9.0587149202996e-05
97.16,9.01637872367294e-05
97.17,8.97448093862396e-05
97.1799999999999,8.93301845644386e-05
97.19,8.891988197734e-05
97.2,8.85138711222881e-05
97.21,8.81121217861634e-05
97.22,8.77146040436097e-05
97.23,8.73212883172321e-05
97.24,8.6932145357767e-05
97.25,8.65471460270768e-05
97.26,8.61662615559232e-05
97.27,8.57894634566399e-05
97.28,8.54167235214897e-05
97.29,8.50480138210214e-05
97.3,8.46833067024262e-05
97.3099999999999,8.43225747878954e-05
97.32,8.3965790858537e-05
97.33,8.36129280673322e-05
97.34,8.32639598776911e-05
97.35,8.29188599731017e-05
97.36,8.25776023012526e-05
97.37,8.22401610722487e-05
97.38,8.1906510756847e-05
97.39,8.15766260846825e-05
97.4,8.1250482042496e-05
97.41,8.09280539167424e-05
97.42,8.06093171820563e-05
97.4299999999999,8.02942475896698e-05
97.44,7.99828211427638e-05
97.45,7.96750140934239e-05
97.46,7.93708029408904e-05
97.47,7.9070164429823e-05
97.48,7.87730755485662e-05
97.49,7.84795135644537e-05
97.5,7.81894560584942e-05
97.51,7.79028806759217e-05
97.52,7.76197653812833e-05
97.53,7.7340088376359e-05
97.54,7.70638280985363e-05
97.55,7.67909632191843e-05
97.5599999999999,7.65214726420285e-05
97.57,7.62553355015241e-05
97.58,7.59925312402089e-05
97.59,7.5733039484805e-05
97.6,7.54768400207021e-05
97.61,7.52239129072301e-05
97.62,7.49742384284476e-05
97.63,7.47277970916292e-05
97.64,7.44845696257451e-05
97.65,7.42445369799427e-05
97.66,7.40076803220271e-05
97.67,7.37739810925944e-05
97.6799999999999,7.35434208740941e-05
97.69,7.33159814816464e-05
97.7,7.30916449505957e-05
97.71,7.28703935282754e-05
97.72,7.26522096725394e-05
97.73,7.24370760502924e-05
97.74,7.22249755360097e-05
97.75,7.20158912361826e-05
97.76,7.1809806575633e-05
97.77,7.16067049503212e-05
97.78,7.14065700640706e-05
97.79,7.12093858222929e-05
97.8,7.10151363305734e-05
97.8099999999999,7.08238058932579e-05
97.82,7.06353790120369e-05
97.83,7.04498403845364e-05
97.84,7.0267174902897e-05
97.85,7.0087367652364e-05
97.86,6.99104041600634e-05
97.87,6.97362699766288e-05
97.88,6.95649506337391e-05
97.89,6.9396432013115e-05
97.9,6.92307001862509e-05
97.91,6.90677414131585e-05
97.92,6.89075421411104e-05
97.9299999999999,6.8750089003383e-05
97.94,6.8595368817999e-05
97.95,6.84433685864746e-05
97.96,6.82940754925573e-05
97.97,6.81474772603107e-05
97.98,6.80035612344794e-05
97.99,6.78623151537872e-05
98,6.77237269494294e-05
98.01,6.75877847315312e-05
98.02,6.74544767880141e-05
98.03,6.73237915834632e-05
98.04,6.7195717757993e-05
98.05,6.70702441261145e-05
98.0599999999999,6.69473596756018e-05
98.07,6.682705366569e-05
98.08,6.67093155853885e-05
98.09,6.6594134810141e-05
98.1,6.64815010339609e-05
98.11,6.63714041208877e-05
98.12,6.62638341039528e-05
98.13,6.61587811841514e-05
98.14,6.60562357294117e-05
98.15,6.59561882735648e-05
98.16,6.58586295153138e-05
98.17,6.5763550317204e-05
98.1799999999999,6.56709421804881e-05
98.19,6.55807961951631e-05
98.2,6.54931036281093e-05
98.21,6.54078560405147e-05
98.22,6.53250451574503e-05
98.23,6.52446628670589e-05
98.24,6.51667012197374e-05
98.25,6.50911524273263e-05
98.26,6.5018008862295e-05
98.27,6.4947263056928e-05
98.28,6.48789077223792e-05
98.29,6.48129358352117e-05
98.3,6.47493403192662e-05
98.3099999999999,6.46881143500226e-05
98.32,6.46292512599167e-05
98.33,6.45727445375795e-05
98.34,6.45185878270736e-05
98.35,6.44667749271322e-05
98.36,6.44172997903979e-05
98.37,6.43701565226598e-05
98.38,6.43253393820919e-05
98.39,6.42828429649082e-05
98.4,6.42426619091906e-05
98.41,6.42047908237304e-05
98.42,6.41692245982255e-05
98.4299999999999,6.41359582738509e-05
98.44,6.41049870426192e-05
98.45,6.40763062467408e-05
98.46,6.40499113779843e-05
98.47,6.40257980770362e-05
98.48,6.40039621328624e-05
98.49,6.39843994820673e-05
98.5,6.39671067657897e-05
98.51,6.39520799117382e-05
98.52,6.39393153073737e-05
98.53,6.39288095193361e-05
98.54,6.39205592629699e-05
98.55,6.3914561401856e-05
98.5599999999999,6.39108129473432e-05
98.57,6.39093110580794e-05
98.58,6.39100530395432e-05
98.59,6.39130363435754e-05
98.6,6.39182585679102e-05
98.61,6.39257180524527e-05
98.62,6.39354123537206e-05
98.63,6.39473395219631e-05
98.64,6.39614977823469e-05
98.65,6.39778855080992e-05
98.66,6.39965012202206e-05
98.67,6.40173435871969e-05
98.6799999999999,6.4040411424712e-05
98.69,6.40657036953599e-05
98.7,6.40932195083569e-05
98.71,6.41229581192544e-05
98.72,6.41549189307534e-05
98.73,6.41891014895846e-05
98.74,6.42255054886198e-05
98.75,6.42641307659621e-05
98.76,6.43049773046193e-05
98.77,6.43480452322167e-05
98.78,6.43933348207098e-05
98.79,6.44408464860971e-05
98.8,6.44905807881325e-05
98.8099999999999,6.45425384300384e-05
98.82,6.45967202582181e-05
98.83,6.46531280699147e-05
98.84,6.47117625268511e-05
98.85,6.47726249403712e-05
98.86,6.48357167909875e-05
98.87,6.49010397069214e-05
98.88,6.49685954640547e-05
98.89,6.50383859858806e-05
98.9,6.51104133434563e-05
98.91,6.5184679755354e-05
98.92,6.52611875876132e-05
98.9299999999999,6.5339939353692e-05
98.94,6.54209383535965e-05
98.95,6.55041870153708e-05
98.96,6.55896883288831e-05
98.97,6.56774454470593e-05
98.98,6.57674616746647e-05
98.99,6.58597404684461e-05
99,6.59542854372682e-05
99.01,6.60511003422524e-05
99.02,6.61501890969161e-05
99.03,6.62515557673105e-05
99.04,6.63552045721595e-05
99.05,6.64611397706053e-05
99.0599999999999,6.6569365955374e-05
99.07,6.66798877971087e-05
99.08,6.67927101178654e-05
99.09,6.6907837892257e-05
99.1,6.70252762475575e-05
99.11,6.7145030463806e-05
99.12,6.72671059739169e-05
99.13,6.73915083637836e-05
99.14,6.75182433723847e-05
99.15,6.76473168918908e-05
99.16,6.77787358909787e-05
99.17,6.79125059966895e-05
99.1799999999999,6.80486336253817e-05
99.19,6.81871253540953e-05
99.2,6.83279879201739e-05
99.21,6.84712282216388e-05
99.22,6.86168533175567e-05
99.23,6.87648704284064e-05
99.24,6.89152869364537e-05
99.25,6.90681103861178e-05
99.26,6.92233484921483e-05
99.27,6.93810101299719e-05
99.28,6.95411026593025e-05
99.29,6.97036343322121e-05
99.3,6.98686135695567e-05
99.3099999999999,7.00360489615231e-05
99.32,7.02059492681765e-05
99.33,7.03783234200031e-05
99.34,7.05531805184628e-05
99.35,7.07305298365326e-05
99.36,7.09103808192506e-05
99.37,7.10927430842682e-05
99.38,7.12776264223931e-05
99.39,7.1465040960235e-05
99.4,7.16549969181797e-05
99.41,7.18475044919414e-05
99.42,7.20425741902202e-05
99.4299999999999,7.22402166992774e-05
99.44,7.24404428835444e-05
99.45,7.26432637862256e-05
99.46,7.28486906299123e-05
99.47,7.30567348171867e-05
99.48,7.32674079312261e-05
99.49,7.34807217364167e-05
99.5,7.36966881789569e-05
99.51,7.39153193874655e-05
99.52,7.41366289966249e-05
99.53,7.43606286271019e-05
99.54,7.45873310253699e-05
99.55,7.48167491342449e-05
99.5599999999999,7.50488960884736e-05
99.57,7.52837852155734e-05
99.58,7.55214300366654e-05
99.59,7.5761844267321e-05
99.6,7.60050418183964e-05
99.61,7.6251036796867e-05
99.62,7.6499843506674e-05
99.63,7.67514764495575e-05
99.64,7.70059511638461e-05
99.65,7.72632830262646e-05
99.66,7.75234864911592e-05
99.67,7.77865769651693e-05
99.6799999999999,7.80525700658227e-05
99.69,7.83214816226998e-05
99.7,7.85933276785885e-05
99.71,7.88681244906562e-05
99.72,7.91458885316067e-05
99.73,7.94266364908375e-05
99.74,7.97103852756113e-05
99.75,7.99971520122113e-05
99.76,8.02869540471055e-05
99.77,8.05798095855165e-05
99.78,8.08757360069388e-05
99.79,8.11747513505703e-05
99.8,8.14768738935926e-05
99.8099999999999,8.17821221423489e-05
99.82,8.20905148336207e-05
99.83,8.2402070935896e-05
99.84,8.27168096506548e-05
99.85,8.30347504136391e-05
99.86,8.33559128961225e-05
99.87,8.36803170061962e-05
99.88,8.40079828900365e-05
99.89,8.43389314389142e-05
99.9,8.4673183601863e-05
99.91,8.50107598338104e-05
99.92,8.53516813114906e-05
99.9299999999999,8.56959694616331e-05
99.94,8.60436459624415e-05
99.95,8.63947327450614e-05
99.96,8.67492519950694e-05
99.97,8.71072261539428e-05
99.98,8.74686779205305e-05
99.99,8.78336302525411e-05
100,8.82021063680112e-05
100.01,8.85741297467842e-05
100.02,8.89497268112132e-05
100.03,8.93289198878997e-05
100.04,8.97117333264548e-05
100.05,9.00981918323837e-05
100.06,9.04883203939041e-05
100.07,9.08821442839081e-05
100.08,9.12796890619129e-05
100.09,9.1680980576034e-05
100.1,9.20860449649385e-05
100.11,9.24949086597971e-05
100.12,9.29075983862583e-05
100.13,9.33241411663985e-05
100.14,9.37445649946245e-05
100.15,9.41688979693964e-05
100.16,9.4597167428743e-05
100.17,9.50294016889413e-05
100.18,9.54656293799766e-05
100.19,9.59058794477757e-05
100.2,9.63501811564271e-05
100.21,9.67985640904267e-05
100.22,9.72510581569013e-05
100.23,9.77076935878307e-05
100.24,9.81685009422941e-05
100.25,9.86335111086907e-05
100.26,9.9102755306972e-05
100.27,9.95762654646005e-05
100.28,0.000100054073278639
100.29,0.000100536210958868
100.3,0.000101022711098594
100.31,0.000101513606635875
100.32,0.000102008930855835
100.33,0.000102508717392948
100.34,0.000103013000233367
100.35,0.000103521813717212
100.36,0.000104035192540869
100.37,0.00010455317175931
100.38,0.000105075786788384
100.39,0.00010560307447406
100.4,0.000106135073046874
100.41,0.000106671817203538
100.42,0.000107213344038472
100.43,0.000107759691036466
100.44,0.000108310896075635
100.45,0.000108866997430368
100.46,0.000109428033774304
100.47,0.000109994044183279
100.48,0.000110565068138278
100.49,0.000111141145528406
100.5,0.00011172231665384
100.51,0.000112308622228786
100.52,0.000112900105512791
100.53,0.000113496807544868
100.54,0.000114098769803364
100.55,0.000114706034860812
100.56,0.000115318645732908
100.57,0.000115936645881988
100.58,0.000116560079220489
100.59,0.00011718899011444
100.6,0.000117823423386923
100.61,0.000118463424321536
100.62,0.000119109038665888
100.63,0.000119760312635055
100.64,0.000120417293246071
100.65,0.000121080029507027
100.66,0.000121748567690403
100.67,0.000122422956046101
100.68,0.000123103243319969
100.69,0.000123789478757689
100.7,0.000124481712108633
100.71,0.000125179993629773
100.72,0.000125884374089544
100.73,0.000126594904771715
100.74,0.000127311637479288
100.75,0.000128034624538366
100.76,0.000128763918802031
100.77,0.00012949957379848
100.78,0.000130241643471873
100.79,0.000130990182205635
100.8,0.000131745245014487
100.81,0.000132506887460775
100.82,0.000133275165658401
100.83,0.000134050136276731
100.84,0.000134831856544542
100.85,0.000135620384253935
100.86,0.000136415777764248
100.87,0.000137218096006004
100.88,0.000138027398484818
100.89,0.000138843745325912
100.9,0.000139667203938259
100.91,0.000140497831054169
100.92,0.000141335688884793
100.93,0.000142180840267455
100.94,0.00014303334867074
100.95,0.000143893278199557
100.96,0.000144760693600253
100.97,0.000145635660265675
100.98,0.000146518244240246
100.99,0.000147408512225069
101,0.000148306531582996
101.01,0.000149212370343713
101.02,0.000150126099245963
101.03,0.000151047789473027
101.04,0.00015197750907561
101.05,0.00015291532908956
101.06,0.000153861321267243
101.07,0.000154815558083509
101.08,0.000155778112741632
101.09,0.000156749059179305
101.1,0.000157728472074586
101.11,0.000158716426851847
101.12,0.000159712999687765
101.13,0.000160718267517263
101.14,0.000161732308039482
101.15,0.000162755198469934
101.16,0.000163787018542308
101.17,0.000164827848340532
101.18,0.000165877768550585
101.19,0.000166936860639685
101.2,0.000168005206861685
101.21,0.000169082890262528
101.22,0.000170169994685644
101.23,0.000171266604777355
101.24,0.000172372805992324
101.25,0.000173488685860902
101.26,0.000174614332110445
101.27,0.000175749831919858
101.28,0.000176895274250521
101.29,0.000178050748921259
101.3,0.000179216346614709
101.31,0.000180392158883693
101.32,0.000181578278157588
101.33,0.000182774797748667
101.34,0.000183981811858514
101.35,0.000185199416784492
101.36,0.000186427713825605
101.37,0.000187666796392682
101.38,0.000188916762886949
101.39,0.000190177712689993
101.4,0.000191449746172726
101.41,0.000192732964704345
101.42,0.000194027470661291
101.43,0.000195333367436208
101.44,0.000196650759446915
101.45,0.000197979752145331
101.46,0.000199320449780589
101.47,0.00020067296081109
101.48,0.000202037393923825
101.49,0.000203413858567479
101.5,0.000204802465247034
101.51,0.000206203325531772
101.52,0.000207616552063282
101.53,0.00020904225856345
101.54,0.000210480559842463
101.55,0.000211931571806805
101.56,0.00021339540909067
101.57,0.000214872188363635
101.58,0.000216362029914092
101.59,0.000217865053478437
101.6,0.000219381379852036
101.61,0.000220911130893175
101.62,0.00022245442952708
101.63,0.000224011399749865
101.64,0.000225582167713936
101.65,0.000227166864711346
101.66,0.000228765615255101
101.67,0.000230378548491074
101.68,0.000232005794758825
101.69,0.00023364748560104
101.7,0.00023530375377292
101.71,0.000236974733251665
101.72,0.000238660559245873
101.73,0.000240361377658446
101.74,0.000242077325039565
101.75,0.000243808541398271
101.76,0.000245555169545106
101.77,0.000247317353951525
101.78,0.00024909524078353
101.79,0.000250888968345986
101.8,0.000252698668837122
101.81,0.000254524500040643
101.82,0.000256366609685686
101.83,0.000258225146642584
101.84,0.000260100260922933
101.85,0.000261992103959253
101.86,0.000263900828299041
101.87,0.00026582658727233
101.88,0.000267769535555963
101.89,0.000269729828977286
101.9,0.000271707624514151
101.91,0.000273703093242584
101.92,0.000275716399317817
101.93,0.000277747701056222
101.94,0.000279797163661044
101.95,0.000281864953816997
101.96,0.000283951239690335
101.97,0.000286056194608686
101.98,0.000288179989782707
101.99,0.000290322797751015
102,0.000292484793442961
102.01,0.000294666153344993
102.02,0.000296867055500652
102.03,0.000299087664257776
102.04,0.000301328164315529
102.05,0.000303588737105044
102.06,0.000305869563996267
102.07,0.00030817082765719
102.08,0.000310492712027399
102.09,0.000312835400670721
102.1,0.000315199080824188
102.11,0.000317583940084232
102.12,0.000319990167319829
102.13,0.000322417952672447
102.14,0.000324867490658132
102.15,0.000327338996073077
102.16,0.00032983265268945
102.17,0.000332348659145978
102.18,0.000334887215655114
102.19,0.000337448524003051
102.2,0.00034003278754966
102.21,0.000342640213816368
102.22,0.000345271009586559
102.23,0.000347925382614482
102.24,0.000350603543092051
102.25,0.000353305702830144
102.26,0.000356032075258613
102.27,0.000358782870867729
102.28,0.000361558291531809
102.29,0.000364358562564362
102.3,0.000367183901116728
102.31,0.00037003452571817
102.32,0.000372910656275886
102.33,0.00037581251407495
102.34,0.000378740318411753
102.35,0.000381694293855012
102.36,0.000384674665844355
102.37,0.000387681660587995
102.38,0.000390715505622935
102.39,0.000393776429814988
102.4,0.000396864668141597
102.41,0.000399980460376006
102.42,0.000403124035268118
102.43,0.000406295628966168
102.44,0.000409495479117657
102.45,0.000412723824869285
102.46,0.000415980906867057
102.47,0.000419266955802547
102.48,0.000422582219398456
102.49,0.000425926941823338
102.5,0.00042930136799914
102.51,0.000432705744204811
102.52,0.000436140318076309
102.53,0.000439605328397841
102.54,0.000443101016480175
102.55,0.000446627639284635
102.56,0.000450185446915092
102.57,0.000453774690584898
102.58,0.000457395622616799
102.59,0.000461048496443065
102.6,0.000464733556890176
102.61,0.000468451061850499
102.62,0.000472201267992212
102.63,0.000475984431649846
102.64,0.000479800810142698
102.65,0.000483650661774828
102.66,0.000487534242449247
102.67,0.000491451797018279
102.68,0.000495403594269534
102.69,0.000499389893976021
102.7,0.000503410956683801
102.71,0.000507467043712125
102.72,0.000511558417153366
102.73,0.000515685323075922
102.74,0.00051984801579675
102.75,0.000524046765774884
102.76,0.000528281833984571
102.77,0.000532553481823108
102.78,0.000536861971110849
102.79,0.000541207564091199
102.8,0.000545590487183069
102.81,0.000550011016130695
102.82,0.000554469412068187
102.83,0.000558965933702093
102.84,0.000563500839739872
102.85,0.000568074388889823
102.86,0.000572686828806525
102.87,0.000577338385542739
102.88,0.000582029334161398
102.89,0.000586759927433331
102.9,0.000591530417624237
102.91,0.000596341056494684
102.92,0.000601192095300103
102.93,0.000606083749238965
102.94,0.000611016257985091
102.95,0.000615989879783004
102.96,0.000621004856040693
102.97,0.000626061427014058
102.98,0.000631159831806827
102.99,0.000636300308370726
103,0.000641483017934521
103.01,0.00064670823022606
103.02,0.000651976171125352
103.03,0.000657287063966448
103.04,0.000662641130127667
103.05,0.000668038589031595
103.06,0.000673479631176304
103.07,0.000678964418109236
103.08,0.000684493191306341
103.09,0.000690066150954658
103.1,0.000695683494319269
103.11,0.000701345415743205
103.12,0.000707052106647633
103.13,0.000712803696730171
103.14,0.000718600358098276
103.15,0.000724442276164233
103.16,0.000730329613896731
103.17,0.000736262529739779
103.18,0.000742241168946037
103.19,0.000748265636050753
103.2,0.000754336091798863
103.21,0.000760452666793385
103.22,0.000766615486134087
103.23,0.000772824669417373
103.24,0.00077908029043007
103.25,0.000785382447514045
103.26,0.00079173124601921
103.27,0.000798126771868824
103.28,0.000804569104367205
103.29,0.000811058301728128
103.3,0.000817594350458732
103.31,0.000824177338183068
103.32,0.000830807300667747
103.33,0.000837484265345001
103.34,0.000844208251312901
103.35,0.000850979200838815
103.36,0.000857797097167462
103.37,0.000864661938890485
103.38,0.000871573691659442
103.39,0.000878532310865857
103.4,0.000885537727432916
103.41,0.000892589793104511
103.42,0.000899688461954009
103.43,0.000906833630724797
103.44,0.000914025184128455
103.45,0.000921262994844601
103.46,0.000928546865528506
103.47,0.000935876618738871
103.48,0.000943252085960829
103.49,0.000950673062921194
103.5,0.000958139328363094
103.51,0.00096565064309739
103.52,0.000973206725491591
103.53,0.00098080730770602
103.54,0.000988452090226322
103.55,0.000996140753546756
103.56,0.00100387295771895
103.57,0.00101164833724951
103.58,0.00101946650060007
103.59,0.00102732704544359
103.6,0.00103522954147914
103.61,0.00104317353500182
103.62,0.00105115854840024
103.63,0.00105918408295892
103.64,0.00106724961254393
103.65,0.00107535458519588
103.66,0.00108349842406209
103.67,0.00109168052610607
103.68,0.00109990026156927
103.69,0.00110815697290689
103.7,0.0011164499757857
103.71,0.00112477855738081
103.72,0.00113314197621937
103.73,0.00114153946169189
103.74,0.00114997020387561
103.75,0.001158433358066
103.76,0.00116692806540445
103.77,0.00117545342667718
103.78,0.00118400850985657
103.79,0.00119259234952275
103.8,0.00120120393324339
103.81,0.00120984222595939
103.82,0.00121850615651193
103.83,0.00122719461505767
103.84,0.00123590645462408
103.85,0.00124464049610068
103.86,0.00125339555614097
103.87,0.00126217036225905
103.88,0.00127096362427256
103.89,0.00127977401370416
103.9,0.00128860016329078
103.91,0.00129744068868524
103.92,0.00130629418869655
103.93,0.00131515916750554
103.94,0.00132403411654915
103.95,0.00133291748920851
103.96,0.00134180770054685
103.97,0.00135070309400641
103.98,0.00135960198498096
103.99,0.00136850267303777
104,0.0013774034003168
104.01,0.00138630236649423
104.02,0.00139519772831994
104.03,0.0014040875707029
104.04,0.00141296996208211
104.05,0.001421842923322
104.06,0.00143070442450744
104.07,0.00143955238879757
104.08,0.00144838469908072
104.09,0.00145719943477777
104.1,0.00146599430554466
104.11,0.00147476710529907
104.12,0.00148351558939976
104.13,0.00149223747489494
104.14,0.00150093046150224
104.15,0.00150959226907218
104.16,0.00151822048229771
104.17,0.0015268126939009
104.18,0.00153536646407492
104.19,0.00154387932106113
104.2,0.00155234874134229
104.21,0.00156077216488829
104.22,0.00156914703170892
104.23,0.00157747073451297
104.24,0.00158574063467141
104.25,0.00159395406263242
104.26,0.00160210840892521
104.27,0.00161020097458627
104.28,0.00161822900552086
104.29,0.00162618975216704
104.3,0.00163408044263853
104.31,0.00164189828359742
104.32,0.001649640741113
104.33,0.00165730494040777
104.34,0.00166488808680463
104.35,0.00167238739936411
104.36,0.00167980009453976
104.37,0.0016871234070492
104.38,0.00169435471986263
104.39,0.00170149120921765
104.4,0.00170853014711364
104.41,0.00171546882051471
104.42,0.00172230453382191
104.43,0.00172903463906164
104.44,0.00173565654679153
104.45,0.00174216761487773
104.46,0.00174856526743894
104.47,0.00175484696268865
104.48,0.00176101019571606
104.49,0.00176705261725958
104.5,0.00177297189436793
104.51,0.00177876564163053
104.52,0.00178443159153759
104.53,0.00178996753767343
104.54,0.00179537133822412
104.55,0.00180064113124889
104.56,0.00180577494840834
104.57,0.0018107708864258
104.58,0.00181562717936152
104.59,0.0018203421568721
104.6,0.00182491424865372
104.61,0.00182934206497226
104.62,0.00183362423270232
104.63,0.00183775952522735
104.64,0.00184174683978661
104.65,0.0018455851995618
104.66,0.00184927375885688
104.67,0.00185281181074239
104.68,0.00185619878336461
104.69,0.00185943425175162
104.7,0.00186251794054724
104.71,0.00186544972872127
104.72,0.00186822964840181
104.73,0.00187085788437586
104.74,0.00187333480741719
104.75,0.00187566095239311
104.76,0.00187783703035424
104.77,0.00187986390383069
104.78,0.0018817426114578
104.79,0.00188347441652941
104.8,0.00188506075395255
104.81,0.00188650325247329
104.82,0.00188780359418241
104.83,0.00188896372834287
104.84,0.00188998585534017
104.85,0.00189087232696073
104.86,0.00189162569156923
104.87,0.0018922484704437
104.88,0.00189274359139819
104.89,0.0018931141383576
104.9,0.0018933633604971
104.91,0.00189349468853089
104.92,0.00189351153048918
104.93,0.00189341773292587
104.94,0.00189321722670456
104.95,0.00189291411915445
104.96,0.00189251264554115
104.97,0.00189201702205475
104.98,0.00189143190204552
104.99,0.00189076198902778
105,0.00189001213968522
105.01,0.00188918723919836
105.02,0.00188829218617079
105.03,0.00188733228191638
105.04,0.00188631282950959
105.05,0.00188523924569847
105.06,0.00188411688980253
105.07,0.0018829512324242
105.08,0.00188174797414135
105.09,0.00188051280977628
105.1,0.00187925149961159
105.11,0.00187796979447465
105.12,0.00187667354194887
105.13,0.00187536864033719
105.14,0.00187406100576248
105.15,0.00187275657906732
105.16,0.00187146111947148
105.17,0.00187018060262753
105.18,0.00186892093400216
105.19,0.0018676879906708
105.2,0.00186648762106611
105.21,0.00186532563395765
105.22,0.0018642077958504
105.23,0.00186313981763384
105.24,0.00186212734723378
105.25,0.00186117599268188
105.26,0.00186029137503391
105.27,0.00185947892016529
105.28,0.00185874401715108
105.29,0.00185809197183236
105.3,0.00185752800902152
105.31,0.00185705723717682
105.32,0.00185668466529711
105.33,0.00185641521743223
105.34,0.00185625378697374
105.35,0.00185620504265129
105.36,0.00185627357704925
105.37,0.00185646390520096
105.38,0.00185678056490999
105.39,0.00185722779525457
105.4,0.00185780979218968
105.41,0.00185853065819358
105.42,0.00185939445090354
105.43,0.00186040503137002
105.44,0.00186156618428001
105.45,0.00186288159548477
105.46,0.00186435487935725
105.47,0.00186598949637312
105.48,0.00186778881854457
105.49,0.00186975614410136
105.5,0.00187189479071665
105.51,0.0018742078314751
105.52,0.00187669830845656
105.53,0.00187936919907993
105.54,0.00188222347649412
105.55,0.0018852639412191
105.56,0.0018884933628319
105.57,0.0018919144479525
105.58,0.00189552993936671
105.59,0.00189934242117854
105.6,0.00190335446826377
105.61,0.00190756861362878
105.62,0.00191198733047459
105.63,0.00191661307211762
105.64,0.00192144826092009
105.65,0.00192649528742091
105.66,0.00193175651641921
105.67,0.00193723429159545
105.68,0.0019429309400464
105.69,0.00194884877482521
105.7,0.00195499013106209
105.71,0.00196135739130589
105.72,0.00196795286201255
105.73,0.00197477889437356
105.74,0.00198183784894588
105.75,0.00198913204793597
105.76,0.00199666390712044
105.77,0.00200443584160843
105.78,0.0020124502955099
105.79,0.00202070953818932
105.8,0.00202921606465761
105.81,0.0020379723385152
105.82,0.00204698083684507
105.83,0.0020562441319875
105.84,0.00206576479459967
105.85,0.00207554540913972
105.86,0.00208558861800022
105.87,0.00209589706967675
105.88,0.0021064734376931
105.89,0.0021173204900538
105.9,0.00212844101562991
105.91,0.00213983780726684
105.92,0.00215151358544912
105.93,0.00216347127434572
105.94,0.00217571376908042
105.95,0.00218824399938647
105.96,0.00220106485585881
105.97,0.00221417933054664
105.98,0.00222759042876348
105.99,0.00224130117930849
106,0.00225531460903013
106.01,0.00226963376280094
106.02,0.00228426174131334
106.03,0.00229920164987729
106.04,0.00231445659829419
106.05,0.00233002961366495
106.06,0.00234592385637829
106.07,0.00236214244707385
106.08,0.00237868850936976
106.09,0.00239556510196896
106.1,0.00241277532365125
106.11,0.00243032226874403
106.12,0.00244820900677412
106.13,0.00246643858095915
106.14,0.00248501400393426
106.15,0.00250393828329201
106.16,0.00252321439034567
106.17,0.00254284526427482
106.18,0.00256283378654778
106.19,0.00258318282564511
106.2,0.00260389519785262
106.21,0.00262497367302399
106.22,0.00264642096945723
106.23,0.00266823975269576
106.24,0.00269043263229717
106.25,0.00271300215700695
106.26,0.00273595082287034
106.27,0.00275928108781534
106.28,0.00278299530136017
106.29,0.00280709575914506
106.3,0.00283158468424111
106.31,0.00285646428933811
106.32,0.00288173664863954
106.33,0.0029074037762625
106.34,0.00293346761191838
106.35,0.00295993005093133
106.36,0.00298679291381818
106.37,0.00301405790371041
106.38,0.00304172666144901
106.39,0.00306980075294218
106.4,0.00309828174403405
106.41,0.00312717102093531
106.42,0.00315646992630677
106.43,0.00318617972274014
106.44,0.00321630163613177
106.45,0.00324683681233373
106.46,0.00327778629947744
106.47,0.00330915108735791
106.48,0.00334093210425045
106.49,0.00337313019975775
106.5,0.00340574615792227
106.51,0.00343878069923677
106.52,0.00347223448233968
106.53,0.00350610809315403
106.54,0.00354040205646939
106.55,0.00357511685492813
106.56,0.00361025289758651
106.57,0.00364581053566393
106.58,0.00368179006911267
106.59,0.0037181917559658
106.6,0.00375501578839505
106.61,0.00379226231375846
106.62,0.00382993143409829
106.63,0.00386802320538322
106.64,0.00390653763761136
106.65,0.00394547469922586
106.66,0.00398483431423563
106.67,0.00402461637103227
106.68,0.00406482071909111
106.69,0.00410544716810817
106.7,0.00414649548871201
106.71,0.004187965425014
106.72,0.00422985668585589
106.73,0.00427216894546253
106.74,0.00431490184631408
106.75,0.00435805500704238
106.76,0.00440162801678392
106.77,0.0044456204386396
106.78,0.00449003181108776
106.79,0.0045348616493976
106.8,0.00458010944701495
106.81,0.00462577467645529
106.82,0.00467185679129568
106.83,0.00471835522766395
106.84,0.00476526940522574
106.85,0.00481259868162188
106.86,0.00486034242049312
106.87,0.00490849997595704
106.88,0.00495707067402681
106.89,0.00500605384979806
106.9,0.00505544880241202
106.91,0.00510525481745999
106.92,0.00515547117069727
106.93,0.00520609710679279
106.94,0.00525713187490268
106.95,0.00530857470786635
106.96,0.00536042482562737
106.97,0.005412681409324
106.98,0.00546534366248595
106.99,0.00551841076507378
107,0.00557188188621783
107.01,0.00562575618475197
107.02,0.00568003277796492
107.03,0.00573471080906268
107.04,0.00578978939954096
107.05,0.00584526765961677
107.06,0.00590114468958439
107.07,0.0059574195540791
107.08,0.00601409133479303
107.09,0.00607115909699163
107.1,0.00612862189359373
107.11,0.00618647876734884
107.12,0.00624472873401806
107.13,0.00630337081481754
107.14,0.00636240401874537
107.15,0.00642182734196617
107.16,0.00648163977004363
107.17,0.00654184026676819
107.18,0.00660242779413647
107.19,0.0066634013037841
107.2,0.00672475973408883
107.21,0.00678650201224173
107.22,0.00684862704550626
107.23,0.00691113373538576
107.24,0.00697402097374303
107.25,0.00703728763830376
107.26,0.00710093259477105
107.27,0.00716495469052973
107.28,0.00722935276360572
107.29,0.00729412564218406
107.3,0.00735927213952666
107.31,0.00742479105588341
107.32,0.00749068117424781
107.33,0.0075569412653777
107.34,0.00762357008923751
107.35,0.00769056639014457
107.36,0.00775792889832516
107.37,0.00782565632614344
107.38,0.00789374737156218
107.39,0.00796220072128433
107.4,0.0080310150449582
107.41,0.00810018899687329
107.42,0.00816972121367088
107.43,0.00823961031562006
107.44,0.0083098549096981
107.45,0.00838045358507864
107.46,0.00845140491428375
107.47,0.0085227074532433
107.48,0.00859435974098299
107.49,0.00866636029874328
107.5,0.00873870763050979
107.51,0.0088114002225701
107.52,0.00888443654310834
107.53,0.00895781504196107
107.54,0.00903153415105384
107.55,0.00910559228352155
107.56,0.00917998783368618
107.57,0.00925471917522098
107.58,0.0093297846596519
107.59,0.00940518262392839
107.6,0.00948091138282958
107.61,0.00955696923082577
107.62,0.00963335444204174
107.63,0.0097100652703552
107.64,0.00978709994771565
107.65,0.00986445668518149
107.66,0.00994213367231177
107.67,0.0100201290781016
107.68,0.0100984410589533
107.69,0.0101770677367317
107.7,0.0102560072162718
107.71,0.0103352575804
107.72,0.0104148168897447
107.73,0.0104946831759695
107.74,0.0105748544559847
107.75,0.0106553287206716
107.76,0.0107361039375653
107.77,0.0108171780506354
107.78,0.0108985489837935
107.79,0.010980214633416
107.8,0.0110621728724129
107.81,0.0111444215499279
107.82,0.01122695849073
107.83,0.0113097814925478
107.84,0.0113928883298574
107.85,0.0114762767526574
107.86,0.011559944484917
107.87,0.0116438892250035
107.88,0.0117281086502025
107.89,0.011812600411169
107.9,0.0118973621285889
107.91,0.0119823913994935
107.92,0.012067685794825
107.93,0.0121532428634388
107.94,0.0122390601305333
107.95,0.0123251350874912
107.96,0.0124114652030509
107.97,0.0124980479197302
107.98,0.0125848806546856
107.99,0.0126719608006341
108,0.0127592857202561
108.01,0.0128468527512473
108.02,0.0129346592047316
108.03,0.0130227023651633
108.04,0.0131109794881534
108.05,0.0131994878046156
108.06,0.013288224517935
108.07,0.0133771868041288
108.08,0.0134663718119259
108.09,0.0135557766623642
108.1,0.0136453984488529
108.11,0.0137352342376455
108.12,0.0138252810670144
108.13,0.0139155359473665
108.14,0.0140059958617121
108.15,0.0140966577807629
108.16,0.0141875186270015
108.17,0.014278575303039
108.18,0.0143698246839552
108.19,0.0144612636172576
108.2,0.0145528889323459
108.21,0.0146446974274704
108.22,0.0147366858678
108.23,0.0148288509954739
108.24,0.0149211895257883
108.25,0.0150136981457553
108.26,0.0151063735093965
108.27,0.0151992122531252
108.28,0.0152922109824568
108.29,0.0153853662757129
108.3,0.015478674684012
108.31,0.0155721327399612
108.32,0.0156657369416252
108.33,0.0157594837600318
108.34,0.0158533696411642
108.35,0.015947391004407
108.36,0.0160415442483739
108.37,0.016135825751651
108.38,0.0162302318514131
108.39,0.0163247588659952
108.4,0.0164194030881639
108.41,0.0165141607852156
108.42,0.0166090281999644
108.43,0.016704001549822
108.44,0.016799077026183
108.45,0.0168942507959375
108.46,0.0169895190010804
108.47,0.0170848777588138
108.48,0.0171803231665488
108.49,0.01727585129328
108.5,0.0173714581829146
108.51,0.017467139856494
108.52,0.0175628923111095
108.53,0.0176587115200283
108.54,0.0177545934521861
108.55,0.0178505340303384
108.56,0.0179465291610661
108.57,0.0180425747296458
108.58,0.0181386665991359
108.59,0.018234800610583
108.6,0.0183309725833493
108.61,0.018427178314949
108.62,0.0185234135815402
108.63,0.0186196741380348
108.64,0.0187159557182931
108.65,0.0188122540404882
108.66,0.0189085648129663
108.67,0.0190048837037994
108.68,0.0191012063702276
108.69,0.0191975284503707
108.7,0.0192938455634891
108.71,0.0193901533030888
108.72,0.0194864472425065
108.73,0.0195827229474933
108.74,0.0196789759598555
108.75,0.0197752018030767
108.76,0.0198713959825254
108.77,0.0199675540143445
108.78,0.0200636713776074
108.79,0.0201597435226193
108.8,0.0202557658943843
108.81,0.0203517339223164
108.82,0.020447643020538
108.83,0.0205434885887063
108.84,0.0206392660187525
108.85,0.0207349706780197
108.86,0.0208305979240621
108.87,0.0209261431008986
108.88,0.0210216015393282
108.89,0.021116968557248
108.9,0.0212122394707517
108.91,0.0213074095834522
108.92,0.0214024741730848
108.93,0.021497428514211
108.94,0.0215922678708445
108.95,0.0216869874968153
108.96,0.0217815826361395
108.97,0.0218760485089706
108.98,0.0219703803444187
108.99,0.0220645733571273
109,0.0221586227520273
109.01,0.0222525237255598
109.02,0.0223462714660113
109.03,0.0224398611605921
109.04,0.0225332879974445
109.05,0.022626547137142
109.06,0.0227196337435093
109.07,0.0228125429746214
109.08,0.022905269983189
109.09,0.022997809916938
109.1,0.0230901579346807
109.11,0.023182309176303
109.12,0.0232742587773329
109.13,0.0233660018740932
109.14,0.0234575336005268
109.15,0.023548849088622
109.16,0.023639943472092
109.17,0.0237308118990379
109.18,0.0238214494914023
109.19,0.0239118513821086
109.2,0.024002012704946
109.21,0.0240919285950435
109.22,0.0241815941893395
109.23,0.0242710045833151
109.24,0.0243601548954206
109.25,0.0244490402776154
109.26,0.0245376558619291
109.27,0.0246259967820561
109.28,0.0247140581736689
109.29,0.0248018351747309
109.3,0.0248893230144026
109.31,0.0249765168057875
109.32,0.0250634117113889
109.33,0.0251500029012263
109.34,0.0252362855520181
109.35,0.0253222548476713
109.36,0.0254079059824033
109.37,0.0254932341613482
109.38,0.0255782345910179
109.39,0.0256629024907127
109.4,0.0257472330896287
109.41,0.0258312216273635
109.42,0.0259148633544211
109.43,0.0259981534818626
109.44,0.0260810872778908
109.45,0.0261636600284591
109.46,0.0262458670171789
109.47,0.0263277035388121
109.48,0.0264091648996318
109.49,0.0264902464201661
109.5,0.0265709434535375
109.51,0.0266512513343989
109.52,0.0267311654236529
109.53,0.0268106810962917
109.54,0.0268897937418089
109.55,0.0269684987646121
109.56,0.0270467916038348
109.57,0.0271246677142499
109.58,0.0272021225411569
109.59,0.0272791515618697
109.6,0.0273557502720424
109.61,0.0274319141861663
109.62,0.0275076388380716
109.63,0.0275829197423658
109.64,0.027657752480163
109.65,0.0277321326417341
109.66,0.0278060558333903
109.67,0.0278795176818456
109.68,0.027952513834627
109.69,0.0280250399464228
109.7,0.0280970916622381
109.71,0.0281686647171957
109.72,0.0282397548370961
109.73,0.0283103577694175
109.74,0.0283804692836622
109.75,0.0284500851716999
109.76,0.028519201248112
109.77,0.028587813374956
109.78,0.0286559174529471
109.79,0.0287235093459075
109.8,0.0287905849732362
109.81,0.0288571402801288
109.82,0.0289231712379957
109.83,0.0289886738448841
109.84,0.0290536441258957
109.85,0.0291180781254661
109.86,0.0291819719175411
109.87,0.0292453216147271
109.88,0.029308123351929
109.89,0.0293703732928689
109.9,0.0294320676304877
109.91,0.0294932025873464
109.92,0.029553774416027
109.93,0.0296137793237234
109.94,0.0296732136015673
109.95,0.029732073612188
109.96,0.029790355713003
109.97,0.0298480562910065
109.98,0.0299051717630366
109.99,0.0299616985760448
110,0.0300176332073627
110.01,0.030072972180589
110.02,0.0301277120340107
110.03,0.0301818493365954
110.04,0.030235380693143
110.05,0.0302883027405859
110.06,0.0303406121482785
110.07,0.0303923056182872
110.08,0.0304433798856817
110.09,0.0304938317867649
110.1,0.0305436581042647
110.11,0.0305928556770428
110.12,0.0306414213871078
110.13,0.0306893521524259
110.14,0.030736644927292
110.15,0.0307832967027005
110.16,0.0308293045067165
110.17,0.0308746652587596
110.18,0.0309193761303863
110.19,0.0309634342437001
110.2,0.0310068367564283
110.21,0.0310495808624545
110.22,0.031091663792041
110.23,0.0311330828120512
110.24,0.0311738352128344
110.25,0.0312139182170504
110.26,0.0312533292626592
110.27,0.0312920657479626
110.28,0.0313301251068003
110.29,0.0313675048086557
110.3,0.031404202358762
110.31,0.0314402152982081
110.32,0.0314755412040437
110.33,0.031510177821916
110.34,0.0315441227564491
110.35,0.0315773736992406
110.36,0.0316099283932025
110.37,0.0316417846202594
110.38,0.0316729402015837
110.39,0.0317033929978324
110.4,0.0317331409093828
110.41,0.0317621818985687
110.42,0.0317905139494067
110.43,0.0318181350784284
110.44,0.0318450433520597
110.45,0.031871236878214
110.46,0.0318967138065603
110.47,0.0319214723287893
110.48,0.0319455106788802
110.49,0.0319688270020727
110.5,0.0319914194642351
110.51,0.0320132865199424
110.52,0.0320344265300731
110.53,0.0320548378935577
110.54,0.03207451904735
110.55,0.0320934684663996
110.56,0.0321116846636237
110.57,0.0321291661819899
110.58,0.0321459115756268
110.59,0.0321619194892758
110.6,0.0321771885816136
110.61,0.0321917175484095
110.62,0.0322055051224588
110.63,0.0322185500735144
110.64,0.0322308512082203
110.65,0.0322424073700436
110.66,0.032253217861963
110.67,0.0322632814038696
110.68,0.0322725969957601
110.69,0.0322811636879913
110.7,0.0322889805746158
110.71,0.0322960467936853
110.72,0.0323023615275549
110.73,0.0323079240031857
110.74,0.0323127333697325
110.75,0.0323167889524112
110.76,0.0323200901247905
110.77,0.0323226362718558
110.78,0.0323244268218706
110.79,0.0323254612465322
110.8,0.0323257390611271
110.81,0.0323252598246862
110.82,0.0323240227877907
110.83,0.0323220273606625
110.84,0.0323192733983071
110.85,0.0323157605387312
110.86,0.032311488452528
110.87,0.0323064568424083
110.88,0.032300665442732
110.89,0.0322941140190392
110.9,0.0322868024463003
110.91,0.0322787308620245
110.92,0.0322698989572099
110.93,0.0322603066704626
110.94,0.0322499539758462
110.95,0.0322388408827649
110.96,0.0322269674358465
110.97,0.0322143337148251
110.98,0.0322009398344247
110.99,0.0321867868334347
111,0.0321718745492848
111.01,0.0321562032607864
111.02,0.0321397733544443
111.03,0.0321225852670146
111.04,0.0321046394862002
111.05,0.0320859365513453
111.06,0.0320664770541298
111.07,0.0320462608977284
111.08,0.0320252885734469
111.09,0.0320035610333088
111.1,0.0319810789150105
111.11,0.0319578428913655
111.12,0.031933853669922
111.13,0.0319091119925812
111.14,0.0318836186352159
111.15,0.0318573742531952
111.16,0.0318303793529477
111.17,0.0318026349976995
111.18,0.0317741420246074
111.19,0.031744901294114
111.2,0.0317149136891022
111.21,0.031684180114049
111.22,0.0316527014941803
111.23,0.0316204788047187
111.24,0.0315875146153828
111.25,0.0315538091055551
111.26,0.0315193634757635
111.27,0.0314841789684695
111.28,0.0314482568685868
111.29,0.0314115985040008
111.3,0.031374205246087
111.31,0.0313360785102302
111.32,0.0312972197004754
111.33,0.0312576303220718
111.34,0.0312173119325916
111.35,0.0311762661177246
111.36,0.0311344945084473
111.37,0.0310919987814719
111.38,0.0310487806596982
111.39,0.0310048419126638
111.4,0.0309601836706954
111.41,0.0309148069410208
111.42,0.0308687141524579
111.43,0.0308219070278282
111.44,0.0307743873095597
111.45,0.0307261567585991
111.46,0.0306772171533217
111.47,0.0306275702884434
111.48,0.0305772180544796
111.49,0.0305261629669785
111.5,0.0304744065082557
111.51,0.0304219506270433
111.52,0.0303687972954834
111.53,0.0303149485087077
111.54,0.030260406284417
111.55,0.0302051726624611
111.56,0.0301492497044177
111.57,0.0300926409395298
111.58,0.030035348170106
111.59,0.0299773734856386
111.6,0.029918719257096
111.61,0.0298593878957449
111.62,0.0297993818531485
111.63,0.0297387036211676
111.64,0.0296773553667995
111.65,0.0296153397960557
111.66,0.029552659502187
111.67,0.0294893170892632
111.68,0.0294253151978178
111.69,0.0293606565048474
111.7,0.0292953437060912
111.71,0.0292293774616493
111.72,0.0291627615722323
111.73,0.0290954986238312
111.74,0.0290275912189455
111.75,0.0289590419765837
111.76,0.0288898535322636
111.77,0.028820028607756
111.78,0.0287495706080542
111.79,0.0286784818521261
111.8,0.0286067651357956
111.81,0.0285344232792743
111.82,0.0284614591271639
111.83,0.0283878755484536
111.84,0.0283136757305074
111.85,0.0282388639835352
111.86,0.0281634425359395
111.87,0.0280874145602513
111.88,0.0280107832704738
111.89,0.0279335519220828
111.9,0.0278557238120259
111.91,0.0277773018905922
111.92,0.0276982885087642
111.93,0.0276186876377137
111.94,0.0275385025586629
111.95,0.0274577365793617
111.96,0.0273763930340848
111.97,0.0272944752836334
111.98,0.0272119862984395
111.99,0.0271289288345084
112,0.0270453067055713
112.01,0.0269611232332642
112.02,0.026876381753886
112.03,0.0267910856183985
112.04,0.0267052381924262
112.05,0.0266188431629881
112.06,0.0265319042083482
112.07,0.0264444245610491
112.08,0.0263564077299726
112.09,0.0262678572455209
112.1,0.0261787766596153
112.11,0.026089169545698
112.12,0.0259990402439725
112.13,0.0259083927305928
112.14,0.02581723037354
112.15,0.0257255570015479
112.16,0.0256333764784802
112.17,0.0255406927033303
112.18,0.0254475096102211
112.19,0.0253538308292082
112.2,0.0252596603087189
112.21,0.0251650021585221
112.22,0.0250698603881084
112.23,0.0249742390368964
112.24,0.024878142174235
112.25,0.0247815738994003
112.26,0.0246845366741737
112.27,0.0245870347826204
112.28,0.0244890725632216
112.29,0.024390653958533
112.3,0.0242917829191357
112.31,0.0241924634036348
112.32,0.0240926993786625
112.33,0.0239924954603625
112.34,0.0238918554629473
112.35,0.0237907833787941
112.36,0.0236892832998581
112.37,0.0235873593334499
112.38,0.0234850156022377
112.39,0.0233822562442471
112.4,0.0232790872044455
112.41,0.023175512121589
112.42,0.0230715354223375
112.43,0.0229671616514524
112.44,0.0228623954007795
112.45,0.0227572410936278
112.46,0.0226517028825877
112.47,0.0225457856966915
112.48,0.022439494178131
112.49,0.0223328330027348
112.5,0.0222258068799641
112.51,0.0221184188911521
112.52,0.0220106734510573
112.53,0.0219025754723101
112.54,0.0217941293434368
112.55,0.0216853394437786
112.56,0.0215762101684773
112.57,0.0214667462738081
112.58,0.0213569519650062
112.59,0.0212468316554164
112.6,0.0211363897562631
112.61,0.0210256306766519
112.62,0.0209145601419791
112.63,0.0208031842489172
112.64,0.0206915067891554
112.65,0.0205795327512647
112.66,0.0204672671782866
112.67,0.0203547151677336
112.68,0.0202418821202274
112.69,0.0201287732205744
112.7,0.0200153937433564
112.71,0.0199017490600616
112.72,0.0197878446018591
112.73,0.0196736850405443
112.74,0.0195592719264745
112.75,0.0194446123490151
112.76,0.0193297111307218
112.77,0.0192145730702834
112.78,0.0190992029425217
112.79,0.0189836061322378
112.8,0.018867787757511
112.81,0.0187517523867099
112.82,0.0186355049135168
112.83,0.0185190502281216
112.84,0.0184023932172247
112.85,0.0182855412748602
112.86,0.0181684988671947
112.87,0.0180512714393498
112.88,0.0179338645846025
112.89,0.0178162840097269
112.9,0.0176985355313812
112.91,0.0175806249542913
112.92,0.0174625581986973
112.93,0.0173443412624449
112.94,0.0172259775505022
112.95,0.0171074731639906
112.96,0.016988833854114
112.97,0.0168700650506164
112.98,0.016751171907802
112.99,0.0166321590232878
113,0.0165130319151127
113.01,0.0163937956681146
113.02,0.016274455317487
113.03,0.0161550184018842
113.04,0.0160354905004511
113.05,0.0159158768090931
113.06,0.0157961831413351
113.07,0.015676415742965
113.08,0.0155565825812887
113.09,0.015436689232573
113.1,0.0153167423513692
113.11,0.0151967487215772
113.12,0.0150767131590861
113.13,0.0149566415420214
113.14,0.0148365409444698
113.15,0.0147164177167758
113.16,0.0145962779001316
113.17,0.0144761237701972
113.18,0.0143559626441315
113.19,0.0142357998638669
113.2,0.0141156406640334
113.21,0.0139954922916312
113.22,0.0138753623532879
113.23,0.0137552562071684
113.24,0.0136351803840193
113.25,0.0135151434237637
113.26,0.0133951527133721
113.27,0.0132752157007093
113.28,0.0131553402292421
113.29,0.0130355301010308
113.3,0.0129157940774104
113.31,0.0127961392907147
113.32,0.012676571875152
113.33,0.012557095234299
113.34,0.0124377165643758
113.35,0.0123184413997081
113.36,0.0121992776958319
113.37,0.0120802339140746
113.38,0.0119613155127389
113.39,0.0118425293870625
113.4,0.0117238851237882
113.41,0.011605390698103
113.42,0.0114870540162739
113.43,0.0113688835732564
113.44,0.0112508843358018
113.45,0.0111330656678344
113.46,0.0110154355493184
113.47,0.0108980013793796
113.48,0.0107807687705643
113.49,0.0106637458965929
113.5,0.0105469398840875
113.51,0.0104303588452989
113.52,0.0103140111521311
113.53,0.0101979038865324
113.54,0.0100820447380351
113.55,0.00996644370846523
113.56,0.00985110996699714
113.57,0.00973605249535206
113.58,0.00962127987508223
113.59,0.00950680119524161
113.6,0.00939262612376791
113.61,0.0092787623272007
113.62,0.00916521760395664
113.63,0.00905200080382532
113.64,0.00893912049516312
113.65,0.00882658522831586
113.66,0.00871440316712136
113.67,0.00860258424919304
113.68,0.00849113932194385
113.69,0.00838007753297208
113.7,0.00826940933118281
113.71,0.00815914568520767
113.72,0.00804929746240617
113.73,0.00793987488194541
113.74,0.00783088688539653
113.75,0.0077223446840067
113.76,0.00761425821275328
113.77,0.00750663639251981
113.78,0.00739948935735368
113.79,0.00729282727518866
113.8,0.00718666196793992
113.81,0.00708100326631833
113.82,0.00697586234304453
113.83,0.0068712526581211
113.84,0.00676718558581868
113.85,0.00666367355866906
113.86,0.00656072868192815
113.87,0.00645836389290951
113.88,0.00635659065875668
113.89,0.00625542028983706
113.9,0.00615486483881322
113.91,0.00605493565015168
113.92,0.00595564412088877
113.93,0.00585700305988222
113.94,0.00575902580019679
113.95,0.00566172485078161
113.96,0.00556511400258599
113.97,0.00546920690136561
113.98,0.00537401708492123
113.99,0.00527955808724116
114,0.0051858440042982
114.01,0.00509288685323153
114.02,0.0050007002414534
114.03,0.00490929750134999
114.04,0.00481869210595262
114.05,0.00472889723409107
114.06,0.00463992738893854
114.07,0.00455179623030128
114.08,0.00446451783668259
114.09,0.00437810642044611
114.1,0.00429257635972197
114.11,0.00420794048500186
114.12,0.00412421288253927
114.13,0.0040414069167689
114.14,0.00395953544010777
114.15,0.00387861158522045
114.16,0.00379864825858733
114.17,0.00371965812851438
114.18,0.00364165382633823
114.19,0.00356464808384754
114.2,0.00348865326127858
114.21,0.00341368123808059
114.22,0.00333974394940768
114.23,0.00326685266153051
114.24,0.00319501686802525
114.25,0.00312424705100596
114.26,0.00305455269441622
114.27,0.00298594282420058
114.28,0.00291842596904151
114.29,0.00285201005057614
114.3,0.00278670258957484
114.31,0.00272251008335806
114.32,0.00265943848050932
114.33,0.0025974932362971
114.34,0.00253667813411111
114.35,0.00247699704429419
114.36,0.0024184524936114
114.37,0.0023610460510494
114.38,0.00230477874768987
114.39,0.00224965026659797
114.4,0.00219565972228418
114.41,0.00214280512152463
114.42,0.00209108341243262
114.43,0.00204049079666123
114.44,0.00199102222411096
114.45,0.00194267176556343
114.46,0.0018954324930006
114.47,0.00184929664862413
114.48,0.00180425531707727
114.49,0.00176029876281963
114.5,0.00171741633664353
114.51,0.00167559639418519
114.52,0.00163482667975807
114.53,0.00159509391184537
114.54,0.00155638408656444
114.55,0.00151868250332619
114.56,0.00148197366678139
114.57,0.00144624155125695
114.58,0.00141146950414868
114.59,0.00137764026460144
114.6,0.00134473620806497
114.61,0.00131273916529454
114.62,0.00128163065501609
114.63,0.00125139193933003
114.64,0.00122200393722565
114.65,0.0011934473745109
114.66,0.00116570281795308
114.67,0.00113875074423175
114.68,0.00111257154616094
114.69,0.00108714562363423
114.7,0.00106245342975761
114.71,0.00103847545709954
114.72,0.00101519237820788
114.73,0.000992585031766234
114.74,0.000970634360328286
114.75,0.00094932166635007
114.76,0.000928628473065646
114.77,0.000908536470957695
114.78,0.000889027828616656
114.79,0.000870084957761219
114.8,0.000851690544162988
114.81,0.00083382777197163
114.82,0.00081648009998429
114.83,0.000799631372692591
114.84,0.000783265914688142
114.85,0.000767368354390809
114.86,0.000751923752812151
114.87,0.000736917652616023
114.88,0.00072233588087094
114.89,0.000708164727269663
114.9,0.000694390940580412
114.91,0.000681001542672283
114.92,0.000667984021631674
114.93,0.00065532627555227
114.94,0.00064301651575789
114.95,0.000631043380791457
114.96,0.000619395881800816
114.97,0.000608063373745953
114.98,0.000597035596900434
114.99,0.000586302644970571
115,0.000575854901931492
115.01,0.00056568314174166
115.02,0.000555778445662256
115.03,0.000546132121313113
115.04,0.000536735868991554
115.05,0.000527581650516782
115.06,0.000518661691579795
115.07,0.000509968493617674
115.08,0.000501494821356485
115.09,0.000493233712546858
115.1,0.00048517849390486
115.11,0.000477322677207335
115.12,0.000469660032247337
115.13,0.000462184594533831
115.14,0.000454890590776953
115.15,0.000447772477951389
115.16,0.000440824845430998
115.17,0.000434042487673106
115.18,0.000427420411034499
115.19,0.000420953795815221
115.2,0.000414638044496241
115.21,0.000408468650568726
115.22,0.000402441288104499
115.23,0.000396551865497125
115.24,0.000390796366144241
115.25,0.000385170945665281
115.26,0.000379671906791072
115.27,0.000374295689757153
115.28,0.000369038863991044
115.29,0.000363898128012682
115.3,0.000358870306135382
115.31,0.000353952335085792
115.32,0.000349141264514362
115.33,0.000344434261798209
115.34,0.000339828592738948
115.35,0.000335321618066853
115.36,0.000330910803117868
115.37,0.000326593731098016
115.38,0.000322368042364373
115.39,0.000318231474012657
115.4,0.000314181887173776
115.41,0.00031021719918877
115.42,0.00030633540930568
115.43,0.000302534597428894
115.44,0.000298812915722422
115.45,0.000295168592349465
115.46,0.000291599922533782
115.47,0.000288105263531674
115.48,0.00028468303742055
115.49,0.000281331724093571
115.5,0.000278049879975446
115.51,0.000274836122634381
115.52,0.00027168909515367
115.53,0.000268607503086552
115.54,0.000265590107258878
115.55,0.000262635777380592
115.56,0.000259743352487784
115.57,0.000256911745425392
115.58,0.000254139912935008
115.59,0.000251426870291541
115.6,0.000248771663005673
115.61,0.000246173373381521
115.62,0.00024363112466111
115.63,0.000241144074850511
115.64,0.000238711414414322
115.65,0.000236332368342608
115.66,0.00023400619049563
115.67,0.00023173216339735
115.68,0.000229509645845897
115.69,0.000227337967838107
115.7,0.000225216505505514
115.71,0.000223144660217549
115.72,0.000221121894214784
115.73,0.000219147685866305
115.74,0.000217221516637767
115.75,0.000215342906345358
115.76,0.000213511397638614
115.77,0.000211726551124758
115.78,0.000209987957606001
115.79,0.00020829522612083
115.8,0.000206647985967172
115.81,0.00020504586957135
115.82,0.000203488542503913
115.83,0.00020197568342334
115.84,0.000200506984682313
115.85,0.000199082174459599
115.86,0.00019770106227434
115.87,0.000196363376888385
115.88,0.000195068903834653
115.89,0.00019381744734493
115.9,0.000192608845808539
115.91,0.000191442952208294
115.92,0.000190319629384413
115.93,0.00018923876563362
115.94,0.000188200268863107
115.95,0.000187204058995762
115.96,0.000186250083840139
115.97,0.000185338306973741
115.98,0.000184468710685824
115.99,0.000183641289271772
116,0.0001828560465356
116.01,0.000182113019422391
116.02,0.000181412254751486
116.03,0.000180753815524995
116.04,0.000180137834989347
116.05,0.000179564429212945
116.06,0.000179033725044828
116.07,0.000178545881750684
116.08,0.000178101085048503
116.09,0.00017769958713209
116.1,0.000177341609137847
116.11,0.000177027418864273
116.12,0.000176757311088942
116.13,0.000176531557487336
116.14,0.000176350436567709
116.15,0.000176214317971194
116.16,0.000176123559708055
116.17,0.000176078539686141
116.18,0.000176079706661855
116.19,0.000176127483773314
116.2,0.000176222325104103
116.21,0.000176364713284663
116.22,0.000176555161273484
116.23,0.00017679422818548
116.24,0.000177082468789226
116.25,0.000177420476831872
116.26,0.000177808873807928
116.27,0.000178248275590043
116.28,0.000178739332086963
116.29,0.00017928274190294
116.3,0.000179879215159305
116.31,0.000180529486632605
116.32,0.000181234279787751
116.33,0.000181994382086954
116.34,0.000182810588773637
116.35,0.000183683716754191
116.36,0.000184614602321999
116.37,0.000185604098772225
116.38,0.000186653085053014
116.39,0.000187762457755938
116.4,0.000188933115609513
116.41,0.000190165972966017
116.42,0.000191461972304102
116.43,0.000192822063326007
116.44,0.000194247183992295
116.45,0.000195738298657993
116.46,0.000197296378243503
116.47,0.000198922395341297
116.48,0.000200617304201224
116.49,0.000202382083018842
116.5,0.000204217700497821
116.51,0.000206125111049464
116.52,0.000208105237965689
116.53,0.000210159025573655
116.54,0.000212287391821586
116.55,0.00021449121436665
116.56,0.000216771344005006
116.57,0.000219128625783774
116.58,0.000221563864338345
116.59,0.000224077803851556
116.6,0.000226671165599326
116.61,0.000229344627666898
116.62,0.00023209881496124
116.63,0.000234934264615054
116.64,0.000237851491039958
116.65,0.000240850932251597
116.66,0.000243932950242794
116.67,0.000247097812940594
116.68,0.000250345733665034
116.69,0.00025367683068334
116.7,0.000257091121121594
116.71,0.00026058851753956
116.72,0.000264168839003977
116.73,0.000267831794499103
116.74,0.00027157698343681
116.75,0.00027540387919135
116.76,0.000279311840365842
116.77,0.000283300109612768
116.78,0.000287367786407913
116.79,0.000291513843402415
116.8,0.000295737122412267
116.81,0.000300036316990642
116.82,0.000304409981415121
116.83,0.000308856533627162
116.84,0.000313374230150079
116.85,0.000317961184387347
116.86,0.000322615392444447
116.87,0.000327334663642208
116.88,0.000332116670897501
116.89,0.000336958989228712
116.9,0.000341858998151302
116.91,0.000346813949719705
116.92,0.000351820998122891
116.93,0.000356877120789948
116.94,0.000361979173101313
116.95,0.00036712391925545
116.96,0.000372307964242856
116.97,0.000377527802345587
116.98,0.000382779870017915
116.99,0.000388060455626399
117,0.000393365757489045
117.01,0.000398691917519254
117.02,0.000404034974953248
117.03,0.000409390893807795
117.04,0.000414755621188647
117.05,0.000420125031815103
117.06,0.000425494949824634
117.07,0.000430861196695303
117.08,0.000436219568445076
117.09,0.000441565842349648
117.1,0.000446895795416628
117.11,0.000452205212276416
117.12,0.000457489896862772
117.13,0.000462745673166607
117.14,0.000467968397270506
117.15,0.000473153971180456
117.16,0.000478298355103446
117.17,0.000483397577939838
117.18,0.000488447730963594
117.19,0.000493444995300783
117.2,0.000498385649340523
117.21,0.000503266069302585
117.22,0.000508082719594842
117.23,0.000512832127670585
117.24,0.000517510994711229
117.25,0.000522116116214001
117.26,0.000526644396818428
117.27,0.000531092887415344
117.28,0.000535458763022526
117.29,0.000539739315311787
117.3,0.000543931999492533
117.31,0.00054803440241008
117.32,0.000552044209826797
117.33,0.000555959298619857
117.34,0.000559777675164464
117.35,0.00056349745263048
117.36,0.000567116927394165
117.37,0.000570634529434752
117.38,0.000574048800113873
117.39,0.000577358455060132
117.4,0.00058056234382944
117.41,0.000583659413476397
117.42,0.00058664878473784
117.43,0.00058952970248105
117.44,0.000592301511788483
117.45,0.000594963706986764
117.46,0.000597515903069017
117.47,0.000599957821545298
117.48,0.000602289308321005
117.49,0.000604510324130836
117.5,0.000606620928468037
117.51,0.00060862129121715
117.52,0.000610511687719813
117.53,0.000612292478412578
117.54,0.000613964119015864
117.55,0.000615527159938285
117.56,0.000616982229484472
117.57,0.000618330035767206
117.58,0.000619571366185635
117.59,0.000620707081367349
117.6,0.000621738111822119
117.61,0.000622665450782585
117.62,0.000623490154829807
117.63,0.000624213339329025
117.64,0.000624836172317659
117.65,0.000625359871957514
117.66,0.000625785701517573
117.67,0.000626114968235581
117.68,0.000626349019102428
117.69,0.000626489240667882
117.7,0.000626537046974185
117.71,0.000626493885616961
117.72,0.000626361242696278
117.73,0.000626140616620351
117.74,0.000625833532672731
117.75,0.000625441541286045
117.76,0.000624966204221407
117.77,0.000624409099256297
117.78,0.000623771814685104
117.79,0.000623055947973459
117.8,0.000622263102550328
117.81,0.000621394903199745
117.82,0.000620452962194572
117.83,0.000619438897801142
117.84,0.000618354338580566
117.85,0.000617200902358863
117.86,0.00061598020640719
117.87,0.000614693869394154
117.88,0.000613343500076644
117.89,0.000611930700047375
117.9,0.000610457066486135
117.91,0.000608924184995131
117.92,0.000607333629023712
117.93,0.000605686963401594
117.94,0.00060398573919874
117.95,0.000602231491053244
117.96,0.000600425744833748
117.97,0.000598570012996434
117.98,0.000596665786407232
117.99,0.000594714544094573
118,0.000592717750738675
118.01,0.000590676849633484
118.02,0.000588593267779456
118.03,0.000586468414014414
118.04,0.000584303677255972
118.05,0.000582100427409614
118.06,0.00057986001624185
118.07,0.000577583772028472
118.08,0.0005752730025481
118.09,0.000572929005299888
118.1,0.0005705530473283
118.11,0.000568146376870655
118.12,0.000565710222554553
118.13,0.000563245791953793
118.14,0.000560754269825934
118.15,0.000558236821403351
118.16,0.000555694598216014
118.17,0.000553128722668614
118.18,0.000550540299336237
118.19,0.000547930403928206
118.2,0.000545300095882946
118.21,0.000542650411743047
118.22,0.000539982370446016
118.23,0.00053729697253199
118.24,0.000534595191076091
118.25,0.000531877981899083
118.26,0.000529146287299764
118.27,0.000526401023099839
118.28,0.000523643088326798
118.29,0.000520873353649428
118.3,0.000518092674954951
118.31,0.000515301888429816
118.32,0.000512501809514614
118.33,0.000509693234321803
118.34,0.000506876937525119
118.35,0.000504053674932392
118.36,0.000501224200516323
118.37,0.000498389234058637
118.38,0.000495549484034368
118.39,0.000492705637004385
118.4,0.000489858363164047
118.41,0.000487008318887742
118.42,0.000484156140367062
118.43,0.000481302440250671
118.44,0.0004784478208807
118.45,0.000475592864314945
118.46,0.000472738146161664
118.47,0.00046988421777732
118.48,0.000467031616102253
118.49,0.000464180865472306
118.5,0.000461332477048411
118.51,0.000458486945616311
118.52,0.000455644752408414
118.53,0.000452806355345865
118.54,0.00044997221041432
118.55,0.000447142756039715
118.56,0.000444318417284394
118.57,0.000441499602156645
118.58,0.000438686710090511
118.59,0.000435880126145538
118.6,0.000433080222744213
118.61,0.000430287362172658
118.62,0.000427501892411405
118.63,0.000424724150391007
118.64,0.000421954461608837
118.65,0.000419193140477881
118.66,0.000416440490317987
118.67,0.000413696803751565
118.68,0.000410962362947831
118.69,0.000408237441170434
118.7,0.000405522300962997
118.71,0.000402817195220913
118.72,0.000400122367770874
118.73,0.000397438049566114
118.74,0.000394764464177811
118.75,0.000392101827442241
118.76,0.000389450345428031
118.77,0.000386810215991316
118.78,0.000384181628511235
118.79,0.000381564763905281
118.8,0.000378959795282857
118.81,0.000376366889392693
118.82,0.000373786205714252
118.83,0.000371217895171433
118.84,0.000368662102524355
118.85,0.000366118965332836
118.86,0.000363588609032665
118.87,0.000361071159424057
118.88,0.000358566733352327
118.89,0.000356075441364479
118.9,0.000353597386388527
118.91,0.000351132665943459
118.92,0.000348681372236087
118.93,0.000346243591252147
118.94,0.000343819404042611
118.95,0.000341408888584131
118.96,0.000339012114481471
118.97,0.000336629147727697
118.98,0.000334260049658426
118.99,0.00033190487329851
119,0.000329563670181823
119.01,0.000327236487357644
119.02,0.00032492336701474
119.03,0.000322624347139027
119.04,0.000320339461659303
119.05,0.000318068740618817
119.06,0.000315812210300868
119.07,0.000313569893383223
119.08,0.000311341803887253
119.09,0.000309127957694389
119.1,0.000306928365459961
119.11,0.000304743034189666
119.12,0.000302571969096488
119.13,0.000300415172659506
119.14,0.000298272642436313
119.15,0.000296144374112156
119.16,0.000294030360574739
119.17,0.00029193059009279
119.18,0.000289845050899867
119.19,0.000287773727903329
119.2,0.000285716603679536
119.21,0.000283673655930259
119.22,0.000281644860961164
119.23,0.000279630194187342
119.24,0.000277629627891362
119.25,0.000275643132355774
119.26,0.000273670677024542
119.27,0.000271712227790154
119.28,0.000269767749301195
119.29,0.000267837204465594
119.3,0.000265920554443913
119.31,0.000264017758864924
119.32,0.000262128775921178
119.33,0.000260253562379385
119.34,0.000258392073188882
119.35,0.000256544259005323
119.36,0.000254710073026035
119.37,0.000252889465647351
119.38,0.00025108238595243
119.39,0.000249288781918516
119.4,0.000247508600269543
119.41,0.000245741786535642
119.42,0.000243988285224067
119.43,0.000242248039990617
119.44,0.000240520994406942
119.45,0.000238807090106948
119.46,0.000237106268394115
119.47,0.000235418469899369
119.48,0.000233743632577655
119.49,0.000232081694646001
119.5,0.000230432594438612
119.51,0.00022879626902673
119.52,0.000227172654683337
119.53,0.000225561686331141
119.54,0.000223963299254783
119.55,0.000222377427767356
119.56,0.000220804005610433
119.57,0.000219242967266284
119.58,0.000217694246647348
119.59,0.000216157776310157
119.6,0.000214633489119163
119.61,0.000213121317749597
119.62,0.000211621192337059
119.63,0.000210133045540448
119.64,0.000208656808865154
119.65,0.00020719241362672
119.66,0.000205739789929838
119.67,0.000204298866360642
119.68,0.000202869573771991
119.69,0.000201451841652989
119.7,0.000200045599184644
119.71,0.000198650778567827
119.72,0.000197267309489564
119.73,0.000195895121346131
119.74,0.000194534144211748
119.75,0.000193184307913963
119.76,0.000191845540239908
119.77,0.000190517771921002
119.78,0.000189200932660207
119.79,0.000187894952218379
119.8,0.000186599760175869
119.81,0.000185315286200971
119.82,0.00018404146028581
119.83,0.000182778212399246
119.84,0.000181525472623944
119.85,0.000180283171062647
119.86,0.000179051238086183
119.87,0.000177829604180263
119.88,0.000176618200000185
119.89,0.00017541695628727
119.9,0.000174225802891191
119.91,0.000173044671219596
119.92,0.000171873492318421
119.93,0.000170712197392196
119.94,0.000169560718074534
119.95,0.000168418987066522
119.96,0.000167286936005841
119.97,0.000166164497321231
119.98,0.000165051603741711
119.99,0.000163948188007803
120,0.000162854182808739
120.01,0.000161769521882931
120.02,0.0001606941389549
120.03,0.000159627968059098
120.04,0.000158570943432697
120.05,0.000157522999615776
120.06,0.000156484071621082
120.07,0.000155454094725319
120.08,0.000154433004547694
120.09,0.000153420736501091
120.1,0.000152417226560539
120.11,0.000151422411306159
120.12,0.000150436227442891
120.13,0.000149458611991285
120.14,0.000148489501908227
120.15,0.000147528834762107
120.16,0.000146576548432623
120.17,0.000145632581028105
120.18,0.000144696870949296
120.19,0.000143769359798669
120.2,0.000142849985777968
120.21,0.000141938688623654
120.22,0.000141035408606172
120.23,0.000140140086390454
120.24,0.000139252663042319
120.25,0.000138373079505239
120.26,0.000137501276722826
120.27,0.000136637197318352
120.28,0.000135780783691368
120.29,0.000134931978623393
120.3,0.000134090725281019
120.31,0.000133256967219
120.32,0.000132430647961037
120.33,0.000131611711891555
120.34,0.000130800103707955
120.35,0.00012999576843403
120.36,0.00012919865148042
120.37,0.000128408698646631
120.38,0.000127625855956342
120.39,0.000126850069508972
120.4,0.000126081286450872
120.41,0.000125319454016605
120.42,0.000124564519818203
120.43,0.000123816431845795
120.44,0.000123075138468266
120.45,0.000122340588642975
120.46,0.000121612731519554
120.47,0.000120891516610913
120.48,0.000120176893872134
120.49,0.000119468813649838
120.5,0.000118767226683403
120.51,0.000118072083893006
120.52,0.000117383335723384
120.53,0.000116700934483798
120.54,0.00011602483222758
120.55,0.00011535498136534
120.56,0.000114691334663475
120.57,0.000114033845242705
120.58,0.000113382467350008
120.59,0.000112737155094664
120.6,0.00011209786259013
120.61,0.000111464544638263
120.62,0.000110837156429349
120.63,0.000110215653543272
120.64,0.000109599991826576
120.65,0.000108990126253817
120.66,0.000108386014079431
120.67,0.00010778761215053
120.68,0.000107194877662375
120.69,0.000106607768156443
120.7,0.00010602624151845
120.71,0.000105450256101197
120.72,0.000104879770563204
120.73,0.000104314743785039
120.74,0.000103755135063292
120.75,0.00010320090403706
120.76,0.00010265201068651
120.77,0.000102108415334219
120.78,0.000101570078990586
120.79,0.000101036962522464
120.8,0.000100509027328636
120.81,9.99862351525628e-05
120.82,9.94685480816719e-05
120.83,9.89559285466153e-05
120.84,9.8448338999254e-05
120.85,9.79457422315228e-05
120.86,9.74481018942051e-05
120.87,9.6955381677981e-05
120.88,9.64675455999304e-05
120.89,9.59845580021002e-05
120.9,9.55063835500749e-05
120.91,9.5032987231547e-05
120.92,9.45643342531887e-05
120.93,9.41003900274861e-05
120.94,9.36411206166786e-05
120.95,9.31864922349459e-05
120.96,9.27364714054162e-05
120.97,9.22910249584099e-05
120.98,9.18501200296846e-05
120.99,9.14137240586919e-05
121,9.09818048141576e-05
121.01,9.05543304664052e-05
121.02,9.01312692894222e-05
121.03,8.97125899416254e-05
121.04,8.92982613791242e-05
121.05,8.88882528541177e-05
121.06,8.84825339132898e-05
121.07,8.80810743962149e-05
121.08,8.76838444210015e-05
121.09,8.72908141814603e-05
121.1,8.69019544982036e-05
121.11,8.65172363351177e-05
121.12,8.61366309369404e-05
121.13,8.57601098274479e-05
121.14,8.53876448076311e-05
121.15,8.50192079538736e-05
121.16,8.465477161613e-05
121.17,8.42943084056589e-05
121.18,8.39377912182049e-05
121.19,8.3585193212671e-05
121.2,8.32364878134657e-05
121.21,8.28916487092668e-05
121.22,8.25506498511871e-05
121.23,8.22134654509408e-05
121.24,8.18800699790191e-05
121.25,8.15504383686204e-05
121.26,8.12245455684635e-05
121.27,8.09023668075894e-05
121.28,8.05838776108299e-05
121.29,8.02690537572228e-05
121.3,7.99578712784217e-05
121.31,7.96503064571028e-05
121.32,7.93463358253812e-05
121.33,7.9045936136198e-05
121.34,7.87490844115563e-05
121.35,7.84557579274555e-05
121.36,7.8165934191827e-05
121.37,7.78795909533348e-05
121.38,7.75967061997524e-05
121.39,7.73172581563307e-05
121.4,7.70412252841683e-05
121.41,7.67685862711129e-05
121.42,7.64993200412264e-05
121.43,7.62334057572487e-05
121.44,7.59708228058764e-05
121.45,7.57115508013378e-05
121.46,7.54555695837619e-05
121.47,7.52028592175387e-05
121.48,7.49533999896809e-05
121.49,7.47071724081919e-05
121.5,7.44641572004194e-05
121.51,7.42243356176212e-05
121.52,7.39876886627078e-05
121.53,7.37541977310832e-05
121.54,7.35238444436812e-05
121.55,7.32966106360145e-05
121.56,7.30724783566906e-05
121.57,7.28514298659338e-05
121.58,7.26334476340948e-05
121.59,7.24185143401726e-05
121.6,7.22066129429386e-05
121.61,7.19977266332508e-05
121.62,7.17918386345567e-05
121.63,7.15889324657797e-05
121.64,7.13889918492645e-05
121.65,7.11920007093951e-05
121.66,7.09979431712136e-05
121.67,7.08068035590392e-05
121.68,7.06185663950857e-05
121.69,7.04332163980843e-05
121.7,7.02507386087422e-05
121.71,7.00711180978869e-05
121.72,6.9894340157383e-05
121.73,6.97203902942933e-05
121.74,6.95492542069938e-05
121.75,6.93809177838643e-05
121.76,6.92153671019885e-05
121.77,6.90525884258491e-05
121.78,6.88925682060245e-05
121.79,6.87352931491774e-05
121.8,6.85807503020571e-05
121.81,6.84289265206136e-05
121.82,6.82798090185467e-05
121.83,6.81333851926081e-05
121.84,6.79896426214633e-05
121.85,6.78485690645493e-05
121.86,6.77101524609362e-05
121.87,6.75743809281813e-05
121.88,6.7441242761191e-05
121.89,6.73107265953311e-05
121.9,6.71828210821009e-05
121.91,6.7057515001068e-05
121.92,6.69347973707645e-05
121.93,6.68146573841007e-05
121.94,6.66970844073522e-05
121.95,6.65820679791397e-05
121.96,6.64695978094161e-05
121.97,6.635966377845e-05
121.98,6.6252255949745e-05
121.99,6.61473646818766e-05
122,6.60449802773143e-05
122.01,6.5945093302472e-05
122.02,6.58476944906608e-05
122.03,6.57527747411515e-05
122.04,6.56603251182371e-05
122.05,6.55703368502949e-05
122.06,6.54828013288484e-05
122.07,6.5397710107632e-05
122.08,6.53150550938146e-05
122.09,6.52348282412117e-05
122.1,6.51570214664286e-05
122.11,6.50816269881985e-05
122.12,6.50086371850693e-05
122.13,6.49380445945558e-05
122.14,6.48698419122911e-05
122.15,6.48040219911769e-05
122.16,6.47405778405352e-05
122.17,6.4679502625259e-05
122.18,6.46207896649629e-05
122.19,6.45644324331361e-05
122.2,6.45104251707651e-05
122.21,6.44587613790186e-05
122.22,6.44094349504515e-05
122.23,6.43624400145461e-05
122.24,6.4317770854745e-05
122.25,6.42754219077665e-05
122.26,6.42353877629215e-05
122.27,6.41976631614301e-05
122.28,6.41622429957373e-05
122.29,6.41291223088302e-05
122.3,6.40982962935535e-05
122.31,6.40697603995958e-05
122.32,6.40435105849737e-05
122.33,6.4019542149502e-05
122.34,6.39978509192496e-05
122.35,6.3978432870438e-05
122.36,6.39612841289035e-05
122.37,6.39464009695588e-05
122.38,6.39337798158547e-05
122.39,6.3923417239242e-05
122.4,6.39153099586333e-05
122.41,6.39094548398649e-05
122.42,6.39058488951582e-05
122.43,6.39044895480276e-05
122.44,6.39053742200306e-05
122.45,6.39085001898481e-05
122.46,6.3913865085745e-05
122.47,6.3921466682906e-05
122.48,6.39313029030228e-05
122.49,6.39433718138798e-05
122.5,6.3957671628941e-05
122.51,6.39742007069365e-05
122.52,6.39929575514491e-05
122.53,6.40139408105007e-05
122.54,6.40371492761387e-05
122.55,6.4062582478671e-05
122.56,6.40902392367012e-05
122.57,6.41201187302648e-05
122.58,6.41522203712988e-05
122.59,6.4186543717937e-05
122.6,6.42230884742581e-05
122.61,6.42618544900342e-05
122.62,6.43028417604792e-05
122.63,6.43460504259973e-05
122.64,6.43914807719309e-05
122.65,6.44391332283092e-05
122.66,6.44890084839599e-05
122.67,6.45411077870213e-05
122.68,6.45954316193666e-05
122.69,6.46519810324564e-05
122.7,6.47107572253134e-05
122.71,6.47717615444312e-05
122.72,6.48349954836852e-05
122.73,6.4900460684243e-05
122.74,6.49681589344734e-05
122.75,6.50380921698583e-05
122.76,6.51102624729023e-05
122.77,6.51846720730427e-05
122.78,6.52613235683243e-05
122.79,6.53402195889533e-05
122.8,6.54213626576166e-05
122.81,6.55047556210883e-05
122.82,6.55904014753682e-05
122.83,6.56783033657012e-05
122.84,6.57684645865916e-05
122.85,6.58608885818206e-05
122.86,6.59555789444604e-05
122.87,6.60525394168937e-05
122.88,6.6151773890828e-05
122.89,6.62532864073128e-05
122.9,6.63570818666344e-05
122.91,6.64631642692903e-05
122.92,6.65715380321973e-05
122.93,6.66822078365874e-05
122.94,6.67951785164126e-05
122.95,6.6910455058475e-05
122.96,6.70280426025511e-05
122.97,6.71479464415193e-05
122.98,6.72701720214868e-05
122.99,6.73947249419138e-05
123,6.75216109557441e-05
123.01,6.76508359695292e-05
123.02,6.77824060435552e-05
123.03,6.79163278865473e-05
123.04,6.80526087805535e-05
123.05,6.81912544011302e-05
123.06,6.83322715078143e-05
123.07,6.84756670210787e-05
123.08,6.86214480226883e-05
123.09,6.87696217560462e-05
123.1,6.89201956265464e-05
123.11,6.90731772019202e-05
123.12,6.92285742125918e-05
123.13,6.93863945520254e-05
123.14,6.9546646277076e-05
123.15,6.97093376083399e-05
123.16,6.98744769305052e-05
123.17,7.00420738430543e-05
123.18,7.02121366722004e-05
123.19,7.03846741108865e-05
123.2,7.05596952720567e-05
123.21,7.07372094397999e-05
123.22,7.0917226069878e-05
123.23,7.10997547902558e-05
123.24,7.12848054016241e-05
123.25,7.14723878779342e-05
123.26,7.16625123669218e-05
123.27,7.18551891906359e-05
123.28,7.20504288459668e-05
123.29,7.22482420051739e-05
123.3,7.24486397872582e-05
123.31,7.26516339622084e-05
123.32,7.28572350984034e-05
123.33,7.30654546317153e-05
123.34,7.3276304180535e-05
123.35,7.34897955464563e-05
123.36,7.37059407149531e-05
123.37,7.39247518560681e-05
123.38,7.41462413250901e-05
123.39,7.43704216632371e-05
123.4,7.45973055983379e-05
123.41,7.48269060455143e-05
123.42,7.50592361078626e-05
123.43,7.52943090771371e-05
123.44,7.55321400108201e-05
123.45,7.57727421989315e-05
123.46,7.60161290848404e-05
123.47,7.62623148336581e-05
123.48,7.65113138112635e-05
123.49,7.67631405852709e-05
123.5,7.70178099260129e-05
123.51,7.72753368075088e-05
123.52,7.75357364084393e-05
123.53,7.77990241131212e-05
123.54,7.80652155124809e-05
123.55,7.83343264050286e-05
123.56,7.86063727978337e-05
123.57,7.88813712361431e-05
123.58,7.91593395410064e-05
123.59,7.94402932440621e-05
123.6,7.9724249288084e-05
123.61,8.00112248365665e-05
123.62,8.03012372749574e-05
123.63,8.05943042118752e-05
123.64,8.08904434803338e-05
123.65,8.11896731389662e-05
123.66,8.14920114732478e-05
123.67,8.17974769967201e-05
123.68,8.21060884522155e-05
123.69,8.24178648130739e-05
123.7,8.27328252843768e-05
123.71,8.30509900443531e-05
123.72,8.33723786981508e-05
123.73,8.36970108794358e-05
123.74,8.40249067901866e-05
123.75,8.435608687474e-05
123.76,8.46905718211586e-05
123.77,8.50283825626074e-05
123.78,8.53695402787286e-05
123.79,8.57140663970162e-05
123.8,8.60619825941915e-05
123.81,8.6413310797579e-05
123.82,8.6768073186474e-05
123.83,8.7126292193529e-05
123.84,8.74879908798968e-05
123.85,8.78531948078055e-05
123.86,8.82219251023767e-05
123.87,8.85942053470507e-05
123.88,8.89700593944001e-05
123.89,8.93495113677823e-05
123.9,8.97325856629913e-05
123.91,9.01193069499079e-05
123.92,9.05097001741514e-05
123.93,9.09037905587324e-05
123.94,9.13016036056947e-05
123.95,9.17031650977802e-05
123.96,9.21085011000708e-05
123.97,9.25176379616414e-05
123.98,9.29306023172133e-05
123.99,9.33474214503842e-05
124,9.37681282861358e-05
124.01,9.41927460175613e-05
124.02,9.462130267771e-05
124.03,9.50538266108142e-05
124.04,9.54903464744767e-05
124.05,9.59308912418591e-05
124.06,9.63754902038717e-05
124.07,9.68241729713517e-05
124.08,9.72769694772657e-05
124.09,9.7733909978888e-05
124.1,9.81950250599935e-05
124.11,9.86603456330346e-05
124.12,9.91299029413456e-05
124.13,9.96037285613193e-05
124.14,0.000100081854405234
124.15,0.000100564314085098
124.16,0.000101051139203622
124.17,0.000101542362742636
124.18,0.000102038018031693
124.19,0.000102538138750355
124.2,0.000103042758930519
124.21,0.000103551912958708
124.22,0.000104065635578374
124.23,0.00010458396189221
124.24,0.000105106927364436
124.25,0.000105634567823126
124.26,0.000106166919462494
124.27,0.000106704018845206
124.28,0.000107245902904678
124.29,0.000107792608947385
124.3,0.000108344180391274
124.31,0.000108900651978303
124.32,0.000109462062166123
124.33,0.000110028450156252
124.34,0.000110599855566828
124.35,0.000111176318436095
124.36,0.000111757879225853
124.37,0.000112344578824961
124.38,0.000112936458552787
124.39,0.000113533560162692
124.4,0.000114135925845498
124.41,0.000114743598232961
124.42,0.000115356620609666
124.43,0.000115975036468939
124.44,0.000116598889727483
124.45,0.000117228224834377
124.46,0.0001178630866986
124.47,0.000118503520692572
124.48,0.000119149572655689
124.49,0.000119801288897838
124.5,0.000120458716202953
124.51,0.000121121901832532
124.52,0.000121790893529174
124.53,0.000122465739520107
124.54,0.000123146488600308
124.55,0.000123833190034632
124.56,0.000124525893457119
124.57,0.000125224649079954
124.58,0.000125929507618585
124.59,0.000126640520295277
124.6,0.000127357738842683
124.61,0.0001280812155074
124.62,0.000128811003053555
124.63,0.000129547154766363
124.64,0.000130289724455696
124.65,0.000131038766459649
124.66,0.000131794336614029
124.67,0.000132556493917831
124.68,0.000133325292030648
124.69,0.000134100787902651
124.7,0.000134883039080195
124.71,0.000135672103711676
124.72,0.000136468040553422
124.73,0.000137270908975577
124.74,0.000138080768967962
124.75,0.000138897681145985
124.76,0.000139721706185332
124.77,0.000140552905605419
124.78,0.000141391342278701
124.79,0.000142237079264188
124.8,0.000143090180263377
124.81,0.000143950709625569
124.82,0.000144818732353156
124.83,0.000145694314106971
124.84,0.000146577521211574
124.85,0.000147468420660573
124.86,0.000148367077756009
124.87,0.000149273561406705
124.88,0.000150187940887752
124.89,0.000151110285618643
124.9,0.000152040665682738
124.91,0.000152979151831151
124.92,0.000153925815486629
124.93,0.000154880728747446
124.94,0.000155843964391261
124.95,0.000156815596072024
124.96,0.000157795701169833
124.97,0.000158784353063134
124.98,0.000159781627801333
124.99,0.00016078760220349
125,0.000161802353866364
125.01,0.000162825961172393
125.02,0.000163858503297713
125.03,0.000164900062451191
125.04,0.00016595072052351
125.05,0.000167010557528619
125.06,0.000168079655966501
125.07,0.000169158099114373
125.08,0.000170245971026724
125.09,0.000171343356535291
125.1,0.000172450341249068
125.11,0.000173567018609892
125.12,0.000174693472401657
125.13,0.000175829791049571
125.14,0.000176976064021228
125.15,0.000178132381615819
125.16,0.00017929883496413
125.17,0.000180475516028544
125.18,0.000181662515643416
125.19,0.00018285992489286
125.2,0.000184067839946338
125.21,0.000185286355560221
125.22,0.000186515567282267
125.23,0.000187755571451624
125.24,0.000189006465198808
125.25,0.000190268346445739
125.26,0.000191541326877064
125.27,0.00019282550192659
125.28,0.000194120971636793
125.29,0.000195427838670074
125.3,0.00019674620659529
125.31,0.000198076179887759
125.32,0.000199417863929232
125.33,0.000200771369415206
125.34,0.000202136814033133
125.35,0.000203514299509078
125.36,0.000204903936497115
125.37,0.000206305836683162
125.38,0.000207720112784949
125.39,0.000209146878552028
125.4,0.000210586248765771
125.41,0.000212038341064319
125.42,0.000213503272106201
125.43,0.000214981159526823
125.44,0.000216472122492097
125.45,0.000217976281218723
125.46,0.00021949375697416
125.47,0.000221024672076631
125.48,0.000222569149804192
125.49,0.000224127314154914
125.5,0.00022569929083963
125.51,0.000227285206326501
125.52,0.000228885188130381
125.53,0.000230499364812819
125.54,0.000232127865982058
125.55,0.000233770822293035
125.56,0.000235428375042964
125.57,0.000237100659120808
125.58,0.00023878780537984
125.59,0.000240489950299288
125.6,0.000242207231526552
125.61,0.000243939787877172
125.62,0.000245687759334881
125.63,0.000247451287939002
125.64,0.000249230532768582
125.65,0.000251025628288113
125.66,0.000252836720861963
125.67,0.000254663958154935
125.68,0.000256507489132279
125.69,0.000258367464059653
125.7,0.000260244034503181
125.71,0.000262137350793746
125.72,0.00026404756512806
125.73,0.000265974834496588
125.74,0.000267919315103715
125.75,0.000269881164412073
125.76,0.000271860541142499
125.77,0.000273857605274044
125.78,0.000275872518043974
125.79,0.000277905448520694
125.8,0.000279956557664176
125.81,0.000282026010742157
125.82,0.000284113974753394
125.83,0.000286220618007779
125.84,0.000288346110126298
125.85,0.000290490622041053
125.86,0.000292654331596478
125.87,0.000294837422144225
125.88,0.000297040062301022
125.89,0.000299262429997196
125.9,0.000301504704606948
125.91,0.000303767066948353
125.92,0.000306049699283364
125.93,0.000308352785317822
125.94,0.000310676511307757
125.95,0.000313021063638221
125.96,0.000315386630249918
125.97,0.000317773400770856
125.98,0.000320181566283684
125.99,0.000322611319325639
126,0.000325062853888624
126.01,0.000327536365400808
126.02,0.000330032050691653
126.03,0.00033255010815834
126.04,0.000335090737601812
126.05,0.000337654140276915
126.06,0.000340240518892413
126.07,0.000342850077610932
126.08,0.000345483022049043
126.09,0.000348139561095222
126.1,0.000350819903620961
126.11,0.000353524259216947
126.12,0.000356252839722857
126.13,0.000359005858482254
126.14,0.000361783530345223
126.15,0.000364586071671001
126.16,0.000367413700330601
126.17,0.000370266634368186
126.18,0.000373145093495786
126.19,0.000376049300878754
126.2,0.000378979480043744
126.21,0.000381935855990339
126.22,0.000384918655190929
126.23,0.000387928105590596
126.24,0.000390964436606908
126.25,0.000394027876952915
126.26,0.000397118653893282
126.27,0.00040023700402273
126.28,0.000403383161575101
126.29,0.000406557362121117
126.3,0.000409759842561008
126.31,0.000412990841117157
126.32,0.000416250597326659
126.33,0.000419539351278099
126.34,0.000422857339583046
126.35,0.000426204808481235
126.36,0.000429582001852196
126.37,0.000432989164746074
126.38,0.000436426543370376
126.39,0.000439894385076812
126.4,0.000443392938348114
126.41,0.000446922452784859
126.42,0.000450483172091486
126.43,0.000454075351210471
126.44,0.000457699242280614
126.45,0.000461355098218389
126.46,0.000465043172868932
126.47,0.000468763720986493
126.48,0.000472516998214899
126.49,0.000476303261067907
126.5,0.000480122757698999
126.51,0.000483975747813546
126.52,0.000487862490751213
126.53,0.000491783244640952
126.54,0.00049573826818062
126.55,0.000499727820606797
126.56,0.000503752161664628
126.57,0.000507811551577547
126.58,0.000511906242293427
126.59,0.000516036492499863
126.6,0.000520202565881067
126.61,0.00052440472221793
126.62,0.000528643221365827
126.63,0.000532918323211006
126.64,0.000537230287627086
126.65,0.000541579374431545
126.66,0.000545965836563912
126.67,0.00055038992653887
126.68,0.00055485190801369
126.69,0.000559352037905039
126.7,0.000563890572576649
126.71,0.000568467767780848
126.72,0.0005730838786002
126.73,0.000577739159389162
126.74,0.000582433858464657
126.75,0.000587168214255562
126.76,0.000591942486219723
126.77,0.000596756922378644
126.78,0.000601611769376156
126.79,0.000606507272400841
126.8,0.000611443675108459
126.81,0.000616421219544398
126.82,0.000621440143432302
126.83,0.000626500660554083
126.84,0.000631603020132642
126.85,0.000636747453366914
126.86,0.000641934188994424
126.87,0.000647163453188789
126.88,0.000652435469456946
126.89,0.000657750458536507
126.9,0.000663108638293101
126.91,0.00066851019295421
126.92,0.000673955346962435
126.93,0.00067944430629728
126.94,0.000684977271685422
126.95,0.000690554439910516
126.96,0.000696176003681486
126.97,0.000701842151500966
126.98,0.000707553067533744
126.99,0.000713308904054726
127,0.000719109839135852
127.01,0.000724956044881265
127.02,0.000730847681632221
127.03,0.000736784904105134
127.04,0.000742767861227083
127.05,0.00074879669597131
127.06,0.000754871545192762
127.07,0.000760992513881332
127.08,0.000767159716809842
127.09,0.000773373279099205
127.1,0.000779633305176453
127.11,0.00078593989174909
127.12,0.000792293127599703
127.13,0.000798693093380225
127.14,0.000805139861406367
127.15,0.000811633478376993
127.16,0.00081817397535966
127.17,0.000824761407369131
127.18,0.000831395802417957
127.19,0.00083807717784738
127.2,0.000844805540040448
127.21,0.000851580884134757
127.22,0.000858403187153864
127.23,0.00086527241814277
127.24,0.000872188537689663
127.25,0.000879151490797887
127.26,0.000886161209460025
127.27,0.000893217612350516
127.28,0.000900320604518231
127.29,0.000907470069732145
127.3,0.000914665885602097
127.31,0.000921907913978113
127.32,0.000929196000451218
127.33,0.00093652997518212
127.34,0.000943909652577326
127.35,0.000951334830001567
127.36,0.000958805236287933
127.37,0.000966320657178498
127.38,0.00097388083106637
127.39,0.000981485477490879
127.4,0.000989134296719084
127.41,0.00099682696932729
127.42,0.00100456314753021
127.43,0.00101234243542645
127.44,0.00102016446575322
127.45,0.00102802882751147
127.46,0.00103593508663075
127.47,0.00104388278546943
127.48,0.00105187144231483
127.49,0.00105990054907206
127.5,0.00106796957169983
127.51,0.00107607795427794
127.52,0.0010842251128404
127.53,0.0010924104367082
127.54,0.00110063328798047
127.55,0.00110889300102576
127.56,0.00111718890997106
127.57,0.00112552030490616
127.58,0.00113388642967382
127.59,0.00114228651252327
127.6,0.00115071975286007
127.61,0.0011591853208253
127.62,0.0011676823568753
127.63,0.00117620992331357
127.64,0.00118476710372373
127.65,0.00119335294427299
127.66,0.00120196644998722
127.67,0.00121060659232607
127.68,0.00121927230865417
127.69,0.00122796250053636
127.7,0.00123667591465791
127.71,0.00124541142971053
127.72,0.00125416781943694
127.73,0.00126294381750608
127.74,0.00127173811677052
127.75,0.00128054936852437
127.76,0.00128937620330966
127.77,0.00129821729635301
127.78,0.00130707114442283
127.79,0.00131593626064831
127.8,0.00132481111911978
127.81,0.00133369415460661
127.82,0.00134258378399464
127.83,0.00135147838272347
127.84,0.00136037626431869
127.85,0.00136927571640528
127.86,0.00137817498808165
127.87,0.00138707228979672
127.88,0.00139596571480462
127.89,0.00140485340143018
127.9,0.00141373342768705
127.91,0.0014226038208843
127.92,0.00143146256455781
127.93,0.00144030760674003
127.94,0.00144913688434943
127.95,0.00145794823720431
127.96,0.00146673948320176
127.97,0.00147550839669513
127.98,0.00148425270823319
127.99,0.00149297019892179
128,0.00150165859555307
128.01,0.00151031548964125
128.02,0.00151893848957223
128.03,0.00152752516808757
128.04,0.00153607306270534
128.05,0.00154457975063801
128.06,0.00155304269397391
128.07,0.00156145934231884
128.08,0.00156982712220872
128.09,0.00157814343130015
128.1,0.00158640564290565
128.11,0.00159461111680307
128.12,0.00160275716426088
128.13,0.00161084108048051
128.14,0.00161886013640901
128.15,0.00162681157953404
128.16,0.0016346927388348
128.17,0.00164250089872573
128.18,0.00165023322693024
128.19,0.00165788693668145
128.2,0.00166545922997308
128.21,0.00167294729891322
128.22,0.00168034846803792
128.23,0.00168766009535165
128.24,0.00169487930938166
128.25,0.00170200336171451
128.26,0.00170902951458352
128.27,0.00171595504316184
128.28,0.00172277730496701
128.29,0.00172949374566318
128.3,0.0017361016566148
128.31,0.00174259843963977
128.32,0.00174898152939562
128.33,0.00175524839625208
128.34,0.00176139658162736
128.35,0.00176742374436174
128.36,0.00177332744830016
128.37,0.00177910536972656
128.38,0.00178475524062096
128.39,0.00179027485192053
128.4,0.00179566209299513
128.41,0.00180091512118566
128.42,0.00180603189488583
128.43,0.00181101056711356
128.44,0.00181584938461614
128.45,0.00182054669951684
128.46,0.0018251009973624
128.47,0.00182951083064876
128.48,0.00183377488393218
128.49,0.00183789196237936
128.5,0.00184186098121295
128.51,0.00184568093185312
128.52,0.00184935101861302
128.53,0.00185287054978498
128.54,0.00185623897361399
128.55,0.00185945588056267
128.56,0.00186252100373977
128.57,0.0018654342393506
128.58,0.0018681956371458
128.59,0.00187080540884217
128.6,0.001873263935138
128.61,0.00187557177336157
128.62,0.00187772964743179
128.63,0.0018797384656081
128.64,0.00188159932130438
128.65,0.00188331345538357
128.66,0.00188488222688165
128.67,0.00188630731959162
128.68,0.00188759055617766
128.69,0.0018887339561782
128.7,0.00188973965020156
128.71,0.00189060984546904
128.72,0.00189134718461574
128.73,0.0018919544016961
128.74,0.00189243442472284
128.75,0.00189279028285867
128.76,0.0018930250979621
128.77,0.00189314239770706
128.78,0.0018931457990254
128.79,0.00189303910198653
128.8,0.00189282618453678
128.81,0.00189251101978639
128.82,0.00189209796097469
128.83,0.00189159143438324
128.84,0.00189099602983414
128.85,0.00189031638606299
128.86,0.00188955723409948
128.87,0.00188872364367532
128.88,0.00188782073616574
128.89,0.00188685376861382
128.9,0.00188582789193831
128.91,0.00188474829126241
128.92,0.00188362059920397
128.93,0.00188245037181165
128.94,0.00188124324470915
128.95,0.00188000488947661
128.96,0.00187874103641071
128.97,0.0018774575185255
128.98,0.00187616019507908
128.99,0.00187485496717893
129,0.00187354770228924
129.01,0.00187224427221614
129.02,0.00187095063033774
129.03,0.00186967269451491
129.04,0.00186841634339871
129.05,0.00186718741231665
129.06,0.00186599174801927
129.07,0.00186483513360856
129.08,0.00186372333646851
129.09,0.00186266211966367
129.1,0.00186165709434618
129.11,0.00186071383841758
129.12,0.00185983788451435
129.13,0.00185903476173262
129.14,0.00185830981030119
129.15,0.00185766832506484
129.16,0.00185711551601572
129.17,0.00185665652641405
129.18,0.00185629635923856
129.19,0.00185603992483776
129.2,0.00185589203243419
129.21,0.00185585746468567
129.22,0.00185594078311052
129.23,0.00185614646764693
129.24,0.00185647888442511
129.25,0.001856942458909
129.26,0.00185754129490011
129.27,0.00185827945031877
129.28,0.00185916086455366
129.29,0.00186018957391515
129.3,0.00186136928096652
129.31,0.00186270365958676
129.32,0.0018641962818746
129.33,0.00186585067206197
129.34,0.0018676702056343
129.35,0.00186965817174864
129.36,0.00187181776714836
129.37,0.00187415214683734
129.38,0.00187666434686817
129.39,0.00187935730505361
129.4,0.00188223388555197
129.41,0.00188529698408492
129.42,0.00188854942690878
129.43,0.00189199388416653
129.44,0.00189563301899301
129.45,0.00189946943098084
129.46,0.00190350565923883
129.47,0.00190774422289343
129.48,0.00191218758859898
129.49,0.00191683820315457
129.5,0.00192169853654013
129.51,0.00192677095813486
129.52,0.00193205784712513
129.53,0.00193756156543521
129.54,0.00194328443167391
129.55,0.00194922879544785
129.56,0.00195539698852045
129.57,0.00196179134254194
129.58,0.00196841416595354
129.59,0.00197526780099468
129.6,0.00198235459126276
129.61,0.00198967689310493
129.62,0.00199723706818684
129.63,0.00200503750643076
129.64,0.00201308062189273
129.65,0.00202136885387864
129.66,0.00202990463594484
129.67,0.00203869044052598
129.68,0.00204772879397168
129.69,0.00205702224552824
129.7,0.00206657334727887
129.71,0.00207638466884926
129.72,0.00208645886697163
129.73,0.00209679861430792
129.74,0.00210740660359356
129.75,0.00211828552764218
129.76,0.00212943817790117
129.77,0.00214086736086694
129.78,0.00215257591807853
129.79,0.00216456664817058
129.8,0.00217684248082282
129.81,0.00218940634764666
129.82,0.00220226121569888
129.83,0.00221541000677359
129.84,0.0022288557321871
129.85,0.00224260143367497
129.86,0.00225665016786761
129.87,0.00227100497397637
129.88,0.00228566890494825
129.89,0.00230064507631137
129.9,0.00231593659707781
129.91,0.00233154657280123
129.92,0.00234747807452517
129.93,0.00236373424110168
129.94,0.00238031818881173
129.95,0.00239723303139016
129.96,0.00241448181437755
129.97,0.00243206764515842
129.98,0.00244999359226031
129.99,0.00246826270721786
130,0.00248687799090761
130.01,0.00250584243833514
130.02,0.00252515901971651
130.03,0.00254483066665035
130.04,0.0025648602705915
130.05,0.00258525068140944
130.06,0.00260600471007024
130.07,0.00262712511805782
130.08,0.00264861461879342
130.09,0.00267047588128189
130.1,0.00269271150518677
130.11,0.00271532403521535
130.12,0.00273831595310077
130.13,0.00276168971060425
130.14,0.00278544765312733
130.15,0.0028095920697071
130.16,0.00283412517705691
130.17,0.00285904915865371
130.18,0.00288436610121599
130.19,0.00291007800372431
130.2,0.00293618679680539
130.21,0.00296269436231525
130.22,0.00298960252085454
130.23,0.00301691296352454
130.24,0.00304462732306126
130.25,0.0030727471510957
130.26,0.00310127401087809
130.27,0.00313020927866429
130.28,0.0031595542891198
130.29,0.00318931029711928
130.3,0.00321947851186328
130.31,0.00325006008216678
130.32,0.00328105604588157
130.33,0.00331246738626198
130.34,0.00334429501645638
130.35,0.00337653977980037
130.36,0.00340920245055223
130.37,0.00344228373936978
130.38,0.0034757842992493
130.39,0.00350970470544206
130.4,0.00354404547371481
130.41,0.00357880708221784
130.42,0.00361398993773003
130.43,0.00364959438611304
130.44,0.00368562072308322
130.45,0.00372206919462339
130.46,0.00375893999189507
130.47,0.00379623325778957
130.48,0.00383394908667271
130.49,0.00387208752644144
130.5,0.00391064858065427
130.51,0.00394963220951444
130.52,0.00398903834234506
130.53,0.0040288668592532
130.54,0.00406911760680411
130.55,0.00410979039129975
130.56,0.00415088497961029
130.57,0.00419240111563658
130.58,0.00423433850780106
130.59,0.00427669682502185
130.6,0.00431947569415515
130.61,0.00436267473373011
130.62,0.00440629352542909
130.63,0.00445033162835641
130.64,0.00449478858367463
130.65,0.00453966389728031
130.66,0.0045849570578724
130.67,0.00463066753685296
130.68,0.00467679479292797
130.69,0.00472333825969493
130.7,0.00477029735927704
130.71,0.00481767147645029
130.72,0.00486545992591522
130.73,0.00491366208174463
130.74,0.00496227726904066
130.75,0.0050113048017471
130.76,0.00506074399826624
130.77,0.00511059413138831
130.78,0.0051608544710541
130.79,0.00521152427282665
130.8,0.00526260277592594
130.81,0.00531408921243142
130.82,0.00536598280119514
130.83,0.00541828274345789
130.84,0.00547098820687123
130.85,0.00552409838385896
130.86,0.00557761244227706
130.87,0.00563152953981438
130.88,0.00568584881663965
130.89,0.00574056937490449
130.9,0.0057956903492078
130.91,0.00585121084680647
130.92,0.00590712996455374
130.93,0.00596344678533921
130.94,0.00602016036702319
130.95,0.00607726977927931
130.96,0.00613477407259368
130.97,0.00619267228704865
130.98,0.00625096345003722
130.99,0.00630964656844073
131,0.006368720653745
131.01,0.00642818470100302
131.02,0.0064880376947455
131.03,0.00654827860631579
131.04,0.00660890638408748
131.05,0.00666991998348061
131.06,0.00673131834177046
131.07,0.00679310038499393
131.08,0.00685526502573864
131.09,0.00691781115441915
131.1,0.00698073766499353
131.11,0.00704404343336347
131.12,0.00710772732317608
131.13,0.00717178818456497
131.14,0.00723622484896411
131.15,0.00730103614369915
131.16,0.00736622087965512
131.17,0.00743177785447334
131.18,0.00749770585205915
131.19,0.0075640036407123
131.2,0.00763066997788041
131.21,0.00769770360597678
131.22,0.00776510325333221
131.23,0.00783286763337949
131.24,0.00790099544095146
131.25,0.00796948536190824
131.26,0.00803833606493079
131.27,0.00810754620352314
131.28,0.00817711441462072
131.29,0.00824703931127163
131.3,0.00831731950169402
131.31,0.00838795357332554
131.32,0.00845894009683958
131.33,0.00853027762573395
131.34,0.00860196469492287
131.35,0.00867399982360022
131.36,0.0087463815124781
131.37,0.00881910824422525
131.38,0.00889217848408208
131.39,0.00896559068586345
131.4,0.0090393432755242
131.41,0.00911343466405523
131.42,0.0091878632437642
131.43,0.00926262738771861
131.44,0.00933772544661606
131.45,0.00941315575607662
131.46,0.0094889166303958
131.47,0.00956500636394796
131.48,0.00964142323000582
131.49,0.00971816546936482
131.5,0.00979523131733603
131.51,0.00987261898184225
131.52,0.0099503266488949
131.53,0.0100283524831959
131.54,0.0101066946438878
131.55,0.0101853512466657
131.56,0.0102643203930719
131.57,0.0103436001624821
131.58,0.0104231886118575
131.59,0.0105030837736027
131.6,0.0105832836597842
131.61,0.0106637862585069
131.62,0.0107445895346142
131.63,0.0108256914294939
131.64,0.0109070898623115
131.65,0.0109887827266538
131.66,0.011070767892751
131.67,0.0111530432066474
131.68,0.0112356064900055
131.69,0.0113184555363713
131.7,0.0114015881185652
131.71,0.0114850019828133
131.72,0.0115686948499019
131.73,0.0116526644150068
131.74,0.0117369083608273
131.75,0.0118214243293763
131.76,0.0119062099417988
131.77,0.0119912627941186
131.78,0.0120765804566562
131.79,0.0121621604737722
131.8,0.0122480003639745
131.81,0.0123340976196083
131.82,0.0124204497067432
131.83,0.0125070540650423
131.84,0.0125939081091995
131.85,0.0126810092269966
131.86,0.0127683547780834
131.87,0.0128559420960976
131.88,0.0129437684877478
131.89,0.0130318312331609
131.9,0.0131201275870316
131.91,0.0132086547741314
131.92,0.0132974099930048
131.93,0.0133863904147856
131.94,0.0134755931830808
131.95,0.0135650154242768
131.96,0.0136546542263847
131.97,0.0137445066522113
131.98,0.0138345697382152
131.99,0.013924840493463
132,0.014015315901957
132.01,0.0141059929203485
132.02,0.0141968684751198
132.03,0.0142879394668116
132.04,0.0143792027685584
132.05,0.0144706552265459
132.06,0.0145622936620782
132.07,0.014654114865246
132.08,0.0147461156002319
132.09,0.0148382926038094
132.1,0.0149306425853196
132.11,0.0150231622356872
132.12,0.0151158482099448
132.13,0.015208697136934
132.14,0.0153017056197969
132.15,0.0153948702347761
132.16,0.0154881875358693
132.17,0.0155816540503263
132.18,0.015675266272014
132.19,0.0157690206718699
132.2,0.0158629136943495
132.21,0.0159569417574668
132.22,0.0160511012528366
132.23,0.0161453885503249
132.24,0.016239799991209
132.25,0.0163343318872956
132.26,0.01642898052666
132.27,0.0165237421714236
132.28,0.0166186130578099
132.29,0.0167135893962012
132.3,0.0168086673960082
132.31,0.0169038432198944
132.32,0.0169991129999142
132.33,0.0170944728509485
132.34,0.0171899188633555
132.35,0.0172854471030908
132.36,0.017381053611825
132.37,0.0174767344250993
132.38,0.0175724855344757
132.39,0.017668302910532
132.4,0.0177641825035066
132.41,0.0178601202405863
132.42,0.0179561120260629
132.43,0.0180521537414922
132.44,0.0181482412574937
132.45,0.0182443704071011
132.46,0.018340537006202
132.47,0.0184367368495012
132.48,0.0185329657101067
132.49,0.0186292193397067
132.5,0.0187254934696057
132.51,0.018821783831218
132.52,0.0189180861043586
132.53,0.0190143959609004
132.54,0.0191107090528005
132.55,0.019207021012318
132.56,0.0193033274522309
132.57,0.019399623970538
132.58,0.0194959061712879
132.59,0.019592169598463
132.6,0.019688409795432
132.61,0.0197846222881076
132.62,0.0198808025852264
132.63,0.0199769461786225
132.64,0.0200730485466875
132.65,0.0201691051581152
132.66,0.0202651114513683
132.67,0.0203610628557422
132.68,0.0204569547853345
132.69,0.0205527826393386
132.7,0.0206485418023418
132.71,0.0207442276446193
132.72,0.0208398355184358
132.73,0.0209353607679639
132.74,0.0210307987217205
132.75,0.0211261446949612
132.76,0.0212213939900093
132.77,0.0213165418965469
132.78,0.0214115836919043
132.79,0.0215065146811506
132.8,0.0216013301234701
132.81,0.0216960252572328
132.82,0.021790595323856
132.83,0.0218850355552917
132.84,0.0219793411743973
132.85,0.02207350739531
132.86,0.0221675294273134
132.87,0.0222614024733001
132.88,0.0223551217211883
132.89,0.0224486823556006
132.9,0.0225420795545305
132.91,0.022635308489729
132.92,0.0227283643270905
132.93,0.0228212422263541
132.94,0.0229139373369248
132.95,0.0230064448120117
132.96,0.0230987597968536
132.97,0.0231908774326101
132.98,0.0232827928567388
132.99,0.0233745012033708
133,0.0234659976036905
133.01,0.0235572772089788
133.02,0.0236483351417119
133.03,0.0237391665275315
133.04,0.0238297664945322
133.05,0.0239201301704076
133.06,0.024010252682865
133.07,0.0241001291600392
133.08,0.0241897547401164
133.09,0.0242791245592552
133.1,0.0243682337465366
133.11,0.024457077439123
133.12,0.0245456507771153
133.13,0.0246339489039914
133.14,0.0247219669670467
133.15,0.0248097001156151
133.16,0.0248971434989568
133.17,0.0249842922817205
133.18,0.0250711416293437
133.19,0.0251576867130739
133.2,0.0252439227103995
133.21,0.0253298448054763
133.22,0.0254154481895564
133.23,0.0255007280621533
133.24,0.0255856796300162
133.25,0.0256702981082059
133.26,0.0257545787208158
133.27,0.0258385167011997
133.28,0.0259221072924018
133.29,0.026005345747586
133.3,0.0260882273328258
133.31,0.0261707473338108
133.32,0.0262529010315846
133.33,0.0263346837262384
133.34,0.0264160907304242
133.35,0.0264971173698027
133.36,0.0265777589834879
133.37,0.0266580109244965
133.38,0.026737868554662
133.39,0.026817327255061
133.4,0.0268963824238886
133.41,0.0269750294727975
133.42,0.0270532638293857
133.43,0.027131080937633
133.44,0.0272084762583344
133.45,0.0272854452672289
133.46,0.027361983442686
133.47,0.027438086306468
133.48,0.0275137493879248
133.49,0.0275889682349798
133.5,0.0276637384145443
133.51,0.0277380555129274
133.52,0.0278119151362474
133.53,0.0278853129097424
133.54,0.0279582444799466
133.55,0.0280307055151334
133.56,0.0281026917044562
133.57,0.0281741987588913
133.58,0.0282452224116499
133.59,0.0283157584185854
133.6,0.0283858025581909
133.61,0.0284553506266492
133.62,0.0285243984529825
133.63,0.0285929418867043
133.64,0.0286609768018779
133.65,0.0287284990975178
133.66,0.0287955046979904
133.67,0.028861989553415
133.68,0.0289279496233806
133.69,0.0289933809006418
133.7,0.0290582794213554
133.71,0.0291226412377954
133.72,0.0291864624293742
133.73,0.0292497391030104
133.74,0.0293124673934944
133.75,0.0293746434638578
133.76,0.0294362634875128
133.77,0.0294973236795298
133.78,0.0295578202942239
133.79,0.0296177496066628
133.8,0.0296771079214084
133.81,0.0297358915728536
133.82,0.0297940969255562
133.83,0.0298517203745774
133.84,0.0299087583387547
133.85,0.0299652072746556
133.86,0.0300210636717653
133.87,0.0300763240489452
133.88,0.0301309849570395
133.89,0.0301850429792018
133.9,0.0302384947312195
133.91,0.0302913368618392
133.92,0.0303435660305865
133.93,0.0303951789556782
133.94,0.0304461723875722
133.95,0.0304965431056616
133.96,0.0305462879233678
133.97,0.0305954036884361
133.98,0.0306438872832314
133.99,0.0306917356250319
134,0.0307389456199921
134.01,0.0307855142684584
134.02,0.0308314385926669
134.03,0.0308767156442815
134.04,0.0309213425103322
134.05,0.0309653163134557
134.06,0.0310086342121359
134.07,0.0310512934009438
134.08,0.0310932910874718
134.09,0.0311346245483575
134.1,0.0311752910856763
134.11,0.0312152880370011
134.12,0.0312546127767309
134.13,0.0312932627163048
134.14,0.0313312353044188
134.15,0.0313685280271397
134.16,0.0314051384023716
134.17,0.0314410639947035
134.18,0.0314763024032017
134.19,0.03151085126516
134.2,0.0315447082563102
134.21,0.0315778710910309
134.22,0.031610337522558
134.23,0.0316421053383323
134.24,0.0316731723167638
134.25,0.0317035363559131
134.26,0.0317331953590897
134.27,0.0317621472685672
134.28,0.0317903900657425
134.29,0.031817921771295
134.3,0.031844740445346
134.31,0.0318708441876177
134.32,0.0318962310733446
134.33,0.0319208992971035
134.34,0.0319448470788737
134.35,0.0319680726675165
134.36,0.0319905743509844
134.37,0.0320123504564133
134.38,0.0320333993502136
134.39,0.0320537194381628
134.4,0.0320733091665353
134.41,0.0320921670206318
134.42,0.0321102915244928
134.43,0.0321276812425477
134.44,0.0321443347790836
134.45,0.03216025077834
134.46,0.0321754279246016
134.47,0.0321898649422922
134.48,0.032203560597794
134.49,0.0322165137004746
134.5,0.0322287230933372
134.51,0.0322401876631699
134.52,0.0322509063374766
134.53,0.0322608780845755
134.54,0.0322701019136991
134.55,0.0322785768750929
134.56,0.0322863020574485
134.57,0.0322932764790326
134.58,0.032299499370737
134.59,0.0323049699333507
134.6,0.0323096874073304
134.61,0.0323136510728014
134.62,0.0323168602495572
134.63,0.0323193142970597
134.64,0.0323210126144392
134.65,0.032321954580178
134.66,0.0323221396781891
134.67,0.0323215674314796
134.68,0.0323202373866039
134.69,0.0323181491284255
134.7,0.0323153022800472
134.71,0.0323116965027404
134.72,0.0323073314958749
134.73,0.0323022070476327
134.74,0.0322963229753166
134.75,0.0322896790648759
134.76,0.0322822751824775
134.77,0.0322741112338934
134.78,0.032265187164528
134.79,0.0322555029594451
134.8,0.0322450586433952
134.81,0.032233854283417
134.82,0.0322218899936343
134.83,0.0322091659124919
134.84,0.0321956822253487
134.85,0.0321814391575782
134.86,0.0321664369746063
134.87,0.032150675981948
134.88,0.0321341565252446
134.89,0.0321168789903008
134.9,0.0320988436346705
134.91,0.0320800508731066
134.92,0.0320605012650913
134.93,0.0320401953207302
134.94,0.0320191335861566
134.95,0.0319973166433506
134.96,0.0319747451099585
134.97,0.0319514196391124
134.98,0.0319273409192491
134.99,0.0319025096132604
135,0.0318769265102225
135.01,0.0318505923969436
135.02,0.0318235080935076
135.03,0.0317956744535085
135.04,0.0317670923638249
135.05,0.0317377627443957
135.06,0.0317076865479951
135.07,0.031676864925613
135.08,0.0316452991619664
135.09,0.0316129901429455
135.1,0.0315799390107887
135.11,0.0315461469466593
135.12,0.031511615170788
135.13,0.0314763449426158
135.14,0.031440337560938
135.15,0.0314035943640464
135.16,0.031366116533437
135.17,0.0313279055075661
135.18,0.0312889627639049
135.19,0.0312492897663494
135.2,0.0312088880150656
135.21,0.0311677590464369
135.22,0.0311259044330091
135.23,0.0310833257834366
135.24,0.0310400246621771
135.25,0.0309960021646689
135.26,0.0309512603225207
135.27,0.0309058008076528
135.28,0.0308596253180406
135.29,0.0308127355771553
135.3,0.0307651333334053
135.31,0.0307168203595765
135.32,0.0306677984522745
135.33,0.0306180698122127
135.34,0.0305676365281422
135.35,0.0305165002777787
135.36,0.0304646630449671
135.37,0.0304121268461184
135.38,0.0303588937302361
135.39,0.0303049657789406
135.4,0.030250345106495
135.41,0.0301950338598302
135.42,0.0301390345444995
135.43,0.0300823492482042
135.44,0.0300249802300805
135.45,0.0299669298140764
135.46,0.0299082003622565
135.47,0.0298487942750912
135.48,0.029788713991746
135.49,0.0297279619903722
135.5,0.0296665405654773
135.51,0.0296044516328173
135.52,0.0295416980568075
135.53,0.0294782823124538
135.54,0.0294142068920093
135.55,0.0293494743038551
135.56,0.0292840870713821
135.57,0.0292180477859228
135.58,0.0291513592659515
135.59,0.0290840239616962
135.6,0.0290160445032845
135.61,0.0289474235386068
135.62,0.0288781637327048
135.63,0.0288082677671649
135.64,0.028737738454819
135.65,0.0286665797228404
135.66,0.0285947937964448
135.67,0.0285223836466495
135.68,0.0284493522912674
135.69,0.0283757027963436
135.7,0.0283014382775889
135.71,0.0282265618863822
135.72,0.0281510757405957
135.73,0.0280749835676048
135.74,0.0279982885104166
135.75,0.027920993741722
135.76,0.0278431024636562
135.77,0.0277646179075568
135.78,0.0276855433337225
135.79,0.0276058809886963
135.8,0.0275256345106949
135.81,0.0274448071191689
135.82,0.0273634019731099
135.83,0.027281422229983
135.84,0.0271988710437762
135.85,0.0271157515630464
135.86,0.0270320683134799
135.87,0.026947824214675
135.88,0.026863022455449
135.89,0.026777666449211
135.9,0.0266917596329816
135.91,0.026605305467393
135.92,0.0265183080779653
135.93,0.0264307710054213
135.94,0.0263426977428576
135.95,0.026254091985656
135.96,0.0261649574651328
135.97,0.0260752979485382
135.98,0.0259851168751973
135.99,0.0258944179677493
136,0.0258032051646426
136.01,0.0257114822837492
136.02,0.0256192531706276
136.03,0.0255265216985229
136.04,0.0254332911054983
136.05,0.0253395648681675
136.06,0.0252453471599286
136.07,0.025150641761842
136.08,0.0250554524645247
136.09,0.0249597830681522
136.1,0.024863637666288
136.11,0.0247670204175238
136.12,0.0246699349962328
136.13,0.0245723853480606
136.14,0.0244743754378733
136.15,0.024375909249758
136.16,0.0242769910874958
136.17,0.0241776255693713
136.18,0.0240778164740815
136.19,0.0239775680092917
136.2,0.0238768844152198
136.21,0.0237757699646382
136.22,0.0236742289133783
136.23,0.0235722654337848
136.24,0.0234698839679023
136.25,0.0233670888850699
136.26,0.0232638845840962
136.27,0.0231602754932582
136.28,0.023056265878391
136.29,0.0229518590221915
136.3,0.0228470599545841
136.31,0.0227418730118449
136.32,0.0226363025403059
136.33,0.0225303528963511
136.34,0.022424028440506
136.35,0.022317333447397
136.36,0.0222102723464602
136.37,0.0221028495186741
136.38,0.0219950693536138
136.39,0.0218869362494503
136.4,0.0217784546129506
136.41,0.0216696306525062
136.42,0.0215604681073155
136.43,0.0214509716357182
136.44,0.0213411459651055
136.45,0.0212309958560996
136.46,0.0211205261025572
136.47,0.0210097420177311
136.48,0.0208986483500797
136.49,0.0207872500225993
136.5,0.0206755520497102
136.51,0.020563559486672
136.52,0.0204512774295832
136.53,0.0203387095877008
136.54,0.0202258609803535
136.55,0.0201127367090343
136.56,0.0199993415918829
136.57,0.019885680442535
136.58,0.0197717575878726
136.59,0.019657577815093
136.6,0.0195431458736363
136.61,0.0194284664171922
136.62,0.0193135440804094
136.63,0.0191983858946862
136.64,0.0190829963769802
136.65,0.0189673804102693
136.66,0.018851543231057
136.67,0.0187354901260009
136.68,0.0186192269937101
136.69,0.0185027591666972
136.7,0.0183860921642707
136.71,0.0182692316243105
136.72,0.018152183250169
136.73,0.0180349504011577
136.74,0.0179175392883013
136.75,0.0177999554142472
136.76,0.0176822041263682
136.77,0.0175642907748778
136.78,0.0174462200664453
136.79,0.0173279974937981
136.8,0.0172096282979426
136.81,0.0170911176816894
136.82,0.0169724708346524
136.83,0.016853695193378
136.84,0.0167347953258513
136.85,0.0166157768304489
136.86,0.0164966453763969
136.87,0.0163774066819263
136.88,0.0162580673175748
136.89,0.0161386328357792
136.9,0.0160191092396096
136.91,0.015899502591755
136.92,0.0157798189720424
136.93,0.015660063281454
136.94,0.0155402419315522
136.95,0.0154203608249344
136.96,0.0153004258715895
136.97,0.0151804423171636
136.98,0.015060416171711
136.99,0.0149403531673589
137,0.0148202590131862
137.01,0.0147001408105281
137.02,0.0145800041829155
137.03,0.0144598551776711
137.04,0.0143396999468604
137.05,0.0142195458606003
137.06,0.0140993992395978
137.07,0.0139792666697235
137.08,0.0138591549382373
137.09,0.0137390699562262
137.1,0.0136190185181778
137.11,0.0134990074668538
137.12,0.0133790435574199
137.13,0.0132591322711692
137.14,0.0131392800237491
137.15,0.0130194934220291
137.16,0.0128997787882965
137.17,0.0127801430910535
137.18,0.0126605929249168
137.19,0.0125411346603878
137.2,0.0124217748572687
137.21,0.0123025216193281
137.22,0.0121833825581119
137.23,0.012064364527077
137.24,0.0119454750115603
137.25,0.0118267216271426
137.26,0.0117081121105809
137.27,0.011589654310631
137.28,0.0114713557893701
137.29,0.0113532223011714
137.3,0.0112352618776235
137.31,0.0111174817157865
137.32,0.0109998888375218
137.33,0.0108824903048725
137.34,0.010765293122156
137.35,0.0106483053763359
137.36,0.0105315361088871
137.37,0.0104149925954523
137.38,0.0102986830747669
137.39,0.0101826171115915
137.4,0.0100668031962275
137.41,0.00995125046719525
137.42,0.00983596655334427
137.43,0.00972095987760857
137.44,0.00960623955985792
137.45,0.00949181384650994
137.46,0.00937768989350187
137.47,0.00926387636450051
137.48,0.00915038127577644
137.49,0.00903721482984354
137.5,0.00892438505038564
137.51,0.00881190065318641
137.52,0.0086997719568022
137.53,0.00858800960008381
137.54,0.00847662313908798
137.55,0.00836562285575858
137.56,0.00825501855022712
137.57,0.0081448209251974
137.58,0.00803503982097432
137.59,0.0079256837723972
137.6,0.0078167629443364
137.61,0.00770828717908271
137.62,0.00760026637312489
137.63,0.00749271006993921
137.64,0.00738563002242672
137.65,0.00727903731456888
137.66,0.0071729428838287
137.67,0.0070673585285668
137.68,0.00696229609453602
137.69,0.00685776753309051
137.7,0.00675378310419135
137.71,0.00665035505185084
137.72,0.0065474948969762
137.73,0.00644521377630188
137.74,0.00634352331402598
137.75,0.00624243571369794
137.76,0.00614196365892039
137.77,0.00604211917308581
137.78,0.00594291514676979
137.79,0.00584436455944256
137.8,0.00574648048602892
137.81,0.00564927517159535
137.82,0.00555276184253168
137.83,0.00545695363121466
137.84,0.00536186358394619
137.85,0.00526750496799219
137.86,0.00517389120760621
137.87,0.00508103615432655
137.88,0.00498895342089657
137.89,0.00489765660089079
137.9,0.00480715917467709
137.91,0.00471747504728401
137.92,0.00462861768446111
137.93,0.00454060063187525
137.94,0.00445343760454949
137.95,0.00436714257968335
137.96,0.00428172933746777
137.97,0.00419721171635762
137.98,0.00411360346140663
137.99,0.00403091848760724
138,0.00394917031500084
138.01,0.0038683711019092
138.02,0.00378853427739743
138.03,0.00370967257695822
138.04,0.00363179849123274
138.05,0.00355492442195304
138.06,0.00347906238315631
138.07,0.00340422418229603
138.08,0.00333042150688745
138.09,0.00325766500154964
138.1,0.00318596548032747
138.11,0.00311533341246365
138.12,0.00304577764385118
138.13,0.00297730769960815
138.14,0.00290993214598142
138.15,0.00284365827787722
138.16,0.00277849366546482
138.17,0.0027144447816094
138.18,0.00265151711302371
138.19,0.00258971603328072
138.2,0.00252904560489075
138.21,0.0024695091071598
138.22,0.00241110944671973
138.23,0.00235384789869566
138.24,0.00229772528993007
138.25,0.00224274168971049
138.26,0.00218889547829187
138.27,0.00213618480236998
138.28,0.00208460663241302
138.29,0.00203415666741816
138.3,0.00198482999493617
138.31,0.00193662058737871
138.32,0.0018895213663578
138.33,0.00184352438212228
138.34,0.00179862072208875
138.35,0.00175480052093654
138.36,0.00171205290155696
138.37,0.00167036635136588
138.38,0.00162972830633074
138.39,0.00159012521055668
138.4,0.00155154342851959
138.41,0.00151396781631979
138.42,0.00147738268325217
138.43,0.00144177247459476
138.44,0.00140711998952964
138.45,0.00137340792281794
138.46,0.00134061907101586
138.47,0.0013087347268415
138.48,0.00127773652614265
138.49,0.00124760596467256
138.5,0.00121832337719382
138.51,0.00118986991007435
138.52,0.00116222612542515
138.53,0.00113537195513986
138.54,0.00110928857117457
138.55,0.0010839559741807
138.56,0.00105935431780955
138.57,0.00103546488935493
138.58,0.00101226783167049
138.59,0.000989743848204685
138.6,0.000967874432921246
138.61,0.000946640677432328
138.62,0.000926024119280846
138.63,0.000906006533313522
138.64,0.000886570131714638
138.65,0.000867697329097404
138.66,0.00084937084255404
138.67,0.000831573886970801
138.68,0.000814289967896634
138.69,0.000797503005024749
138.7,0.000781197363770262
138.71,0.000765357720596193
138.72,0.000749969249996748
138.73,0.000735017570360405
138.74,0.000720488460246691
138.75,0.000706368335533638
138.76,0.000692643944599391
138.77,0.000679302314147797
138.78,0.00066633096750018
138.79,0.000653717802409112
138.8,0.000641451199804281
138.81,0.000629519860187513
138.82,0.000617912847001074
138.83,0.000606619487575252
138.84,0.000595629603551896
138.85,0.000584933313482183
138.86,0.000574521072310814
138.87,0.000564383674512045
138.88,0.000554512206997093
138.89,0.000544898065984673
138.9,0.000535532957850251
138.91,0.000526408871168276
138.92,0.000517518072411921
138.93,0.000508853096685361
138.94,0.000500406814045845
138.95,0.000492172304810498
138.96,0.00048414291666317
138.97,0.00047631214355335
138.98,0.000468673786658212
138.99,0.000461221850118126
139,0.000453950627533162
139.01,0.000446854542042889
139.02,0.000439928246545529
139.03,0.000433166590884481
139.04,0.00042656461353357
139.05,0.000420117532298283
139.06,0.000413820722156853
139.07,0.000407669736427758
139.08,0.000401660282826983
139.09,0.000395788247706654
139.1,0.000390049636339474
139.11,0.0003844406101823
139.12,0.000378957537383384
139.13,0.000373596864861582
139.14,0.000368355191940542
139.15,0.000363229186328679
139.16,0.000358215687962227
139.17,0.000353311632904831
139.18,0.000348514120371621
139.19,0.000343820307602733
139.2,0.000339227473079897
139.21,0.000334733009053995
139.22,0.000330334393892892
139.23,0.000326029204153097
139.24,0.000321815119329092
139.25,0.000317689901931398
139.26,0.000313651397601243
139.27,0.000309697536164802
139.28,0.000305826326269919
139.29,0.00030203585048211
139.3,0.000298324266473523
139.31,0.000294689821110714
139.32,0.000291130808684345
139.33,0.000287645595747294
139.34,0.000284232618296033
139.35,0.000280890367972637
139.36,0.000277617395268197
139.37,0.000274412319615259
139.38,0.000271273817934435
139.39,0.000268200611374797
139.4,0.000265191475132243
139.41,0.000262245227293128
139.42,0.000259360739653265
139.43,0.000256536926150455
139.44,0.000253772777828112
139.45,0.000251067287654467
139.46,0.000248419502333215
139.47,0.000245828506628154
139.48,0.000243293436657269
139.49,0.000240813453764448
139.5,0.000238387751172211
139.51,0.000236015556856424
139.52,0.000233696142666786
139.53,0.000231428814490998
139.54,0.000229212890902582
139.55,0.000227047725801662
139.56,0.000224932706320906
139.57,0.000222867266207357
139.58,0.000220850836121227
139.59,0.000218882882666629
139.6,0.000216962896637056
139.61,0.000215090408699758
139.62,0.000213264953533614
139.63,0.000211486094308774
139.64,0.000209753415236626
139.65,0.000208066531757645
139.66,0.000206425072463875
139.67,0.000204828683302542
139.68,0.000203277030983946
139.69,0.00020176981373477
139.7,0.000200306753808603
139.71,0.00019888757382937
139.72,0.000197512022931079
139.73,0.000196179873378948
139.74,0.000194890932754908
139.75,0.00019364500255296
139.76,0.000192441912193145
139.77,0.00019128150941765
139.78,0.000190163664948215
139.79,0.000189088264227594
139.8,0.00018805520989066
139.81,0.000187064423222552
139.82,0.000186115846347931
139.83,0.000185209448047878
139.84,0.000184345201524591
139.85,0.000183523103183375
139.86,0.000182743167337575
139.87,0.000182005456182424
139.88,0.00018131002907542
139.89,0.000180656964187147
139.9,0.000180046365367861
139.91,0.000179478360222293
139.92,0.000178953103646154
139.93,0.000178470763845237
139.94,0.000178031535157757
139.95,0.000177635634879259
139.96,0.000177283274011623
139.97,0.000176974709377313
139.98,0.000176710218039963
139.99,0.000176490094115238
140,0.000176314655309904
140.01,0.000176184245243685
140.02,0.000176099220916651
140.03,0.000176059964187745
140.04,0.000176066878650636
140.05,0.000176120467749135
140.06,0.00017622119269021
140.07,0.000176369551925703
140.08,0.000176566082116147
140.09,0.000176811319614926
140.1,0.000177105786032228
140.11,0.000177450108375587
140.12,0.000177844906383018
140.13,0.000178290824502175
140.14,0.00017878847686415
140.15,0.000179338550911914
140.16,0.000179941744131922
140.17,0.000180598768869342
140.18,0.000181310390948929
140.19,0.000182077435395611
140.2,0.000182900675483167
140.21,0.000183780941815262
140.22,0.000184719091291682
140.23,0.000185715932646171
140.24,0.000186772372155654
140.25,0.000187889318705039
140.26,0.000189067697670181
140.27,0.000190308423414816
140.28,0.000191612389187834
140.29,0.00019298055421623
140.3,0.000194413861253214
140.31,0.000195913282285514
140.32,0.000197479782269686
140.33,0.000199114325778881
140.34,0.000200817884407964
140.35,0.000202591417756349
140.36,0.000204435899556695
140.37,0.000206352296369932
140.38,0.000208341546147969
140.39,0.000210404547513027
140.4,0.000212542230720459
140.41,0.000214755488660371
140.42,0.000217045163557905
140.43,0.00021941208242049
140.44,0.000221857045714137
140.45,0.000224380811125464
140.46,0.000226984079285486
140.47,0.000229667522634411
140.48,0.000232431758373044
140.49,0.00023527733868621
140.5,0.000238204741939694
140.51,0.0002412144045932
140.52,0.000244306684520312
140.53,0.00024748184118651
140.54,0.000250740063207651
140.55,0.000254081457609371
140.56,0.000257506033728071
140.57,0.000261013692562982
140.58,0.000264604242332786
140.59,0.000268277378592042
140.6,0.000272032685062618
140.61,0.000275869629634478
140.62,0.000279787551889251
140.63,0.000283785664677256
140.64,0.000287863064694869
140.65,0.000292018704943538
140.66,0.000296251393650141
140.67,0.00030055980046088
140.68,0.00030494249518412
140.69,0.000309397849721712
140.7,0.000313924101429617
140.71,0.000318519358216758
140.72,0.000323181608758411
140.73,0.000327908636285326
140.74,0.000332698089795326
140.75,0.000337547530138638
140.76,0.000342454340380388
140.77,0.000347415736389625
140.78,0.000352428805128948
140.79,0.000357490597006414
140.8,0.000362597913134308
140.81,0.000367747458458517
140.82,0.000372935835470827
140.83,0.000378159580876554
140.84,0.000383415062245803
140.85,0.000388698575287418
140.86,0.000394006335539978
140.87,0.000399334456008336
140.88,0.000404678981162306
140.89,0.000410035890004103
140.9,0.000415401088249012
140.91,0.000420770447939923
140.92,0.000426139815786498
140.93,0.000431504977694379
140.94,0.000436861716832217
140.95,0.000442205811931378
140.96,0.000447533027084831
140.97,0.000452839148244645
140.98,0.000458119985714592
140.99,0.000463371372147192
141,0.000468589179176685
141.01,0.000473769326319463
141.02,0.000478907795860193
141.03,0.00048400062183121
141.04,0.000489043909860263
141.05,0.000494033856393563
141.06,0.000498966732433801
141.07,0.00050383890452262
141.08,0.000508646847943691
141.09,0.000513387133933082
141.1,0.000518056450907931
141.11,0.000522651614522069
141.12,0.000527169552850419
141.13,0.000531607330755551
141.14,0.000535962156612397
141.15,0.000540231338194314
141.16,0.00054441233985741
141.17,0.000548502779005558
141.18,0.000552500362142518
141.19,0.000556402960026739
141.2,0.000560208590277606
141.21,0.000563915410591144
141.22,0.000567521722978188
141.23,0.000571025977201621
141.24,0.000574426735349063
141.25,0.000577722726047896
141.26,0.00058091281959433
141.27,0.000583995982957414
141.28,0.000586971349148974
141.29,0.000589838179071683
141.3,0.000592595836099669
141.31,0.000595243830139641
141.32,0.000597781788763525
141.33,0.000600209451637969
141.34,0.00060252668207778
141.35,0.000604733455415393
141.36,0.000606829837096636
141.37,0.000608816015341108
141.38,0.00061069227426274
141.39,0.000612458984384194
141.4,0.000614116618811869
141.41,0.000615665736135856
141.42,0.000617106972456586
141.43,0.000618441050269754
141.44,0.000619668766408036
141.45,0.000620790993383078
141.46,0.000621808669517852
141.47,0.000622722798293002
141.48,0.000623534437369623
141.49,0.00062424470619428
141.5,0.000624854775823636
141.51,0.000625365877141319
141.52,0.000625779276985767
141.53,0.000626096289156072
141.54,0.00062631827125202
141.55,0.000626446613784413
141.56,0.000626482740872827
141.57,0.000626428101598987
141.58,0.000626284174734502
141.59,0.000626052462571555
141.6,0.000625734499089565
141.61,0.000625331824187036
141.62,0.000624846000802969
141.63,0.000624278618382513
141.64,0.000623631266533095
141.65,0.000622905548105988
141.66,0.000622103068858861
141.67,0.000621225444103195
141.68,0.00062027429220342
141.69,0.000619251238055437
141.7,0.000618157897885383
141.71,0.00061699588993315
141.72,0.000615766841602178
141.73,0.000614472361659748
141.74,0.000613114057598312
141.75,0.000611693534967736
141.76,0.000610212385283389
141.77,0.000608672191669138
141.78,0.000607074530084674
141.79,0.000605420960231383
141.8,0.000603713029150041
141.81,0.000601952278691305
141.82,0.000600140229457601
141.83,0.000598278387051534
141.84,0.000596368247538752
141.85,0.000594411288256506
141.86,0.000592408968148286
141.87,0.00059036272926337
141.88,0.000588273995060344
141.89,0.000586144169657005
141.9,0.000583974639681188
141.91,0.000581766773048893
141.92,0.000579521913977737
141.93,0.000577241390096854
141.94,0.000574926515777338
141.95,0.000572578576401016
141.96,0.000570198839922945
141.97,0.000567788552753325
141.98,0.000565348941121186
141.99,0.000562881209632494
142,0.000560386544526181
142.01,0.000557866107801855
142.02,0.000555321040732761
142.03,0.000552752462997472
142.04,0.000550161472198473
142.05,0.000547549143750754
142.06,0.000544916538190153
142.07,0.000542264695892866
142.08,0.000539594632193626
142.09,0.000536907341499103
142.1,0.000534203794029131
142.11,0.000531484943831664
142.12,0.000528751723125526
142.13,0.000526005047794731
142.14,0.000523245808573215
142.15,0.000520474877951689
142.16,0.000517693111852387
142.17,0.000514901343919582
142.18,0.000512100389754628
142.19,0.000509291041833019
142.2,0.000506474077668941
142.21,0.000503650255015758
142.22,0.000500820312716958
142.23,0.000497984971507414
142.24,0.000495144933371855
142.25,0.000492300882220712
142.26,0.000489453483977124
142.27,0.000486603394135436
142.28,0.000483751244153602
142.29,0.000480897650634919
142.3,0.00047804321407877
142.31,0.000475188518681386
142.32,0.000472334132966755
142.33,0.000469480609805959
142.34,0.000466628486722752
142.35,0.00046377828208583
142.36,0.000460930503066538
142.37,0.000458085640696614
142.38,0.000455244171087575
142.39,0.000452406560708045
142.4,0.000449573257138688
142.41,0.000446744695769267
142.42,0.000443921298732498
142.43,0.000441103478120809
142.44,0.000438291630422979
142.45,0.000435486140858799
142.46,0.000432687382805497
142.47,0.000429895706850814
142.48,0.000427111464450192
142.49,0.000424334991044143
142.5,0.000421566610412273
142.51,0.000418806635928671
142.52,0.000416055371733493
142.53,0.000413313108336309
142.54,0.000410580127066661
142.55,0.000407856699151093
142.56,0.000405143083416429
142.57,0.000402439529990247
142.58,0.000399746280621291
142.59,0.000397063566843572
142.6,0.000394391611053111
142.61,0.000391730631140608
142.62,0.000389080831292837
142.63,0.00038644240934461
142.64,0.000383815555205347
142.65,0.00038120044878799
142.66,0.00037859725880582
142.67,0.000376006152822161
142.68,0.000373427288260754
142.69,0.000370860815220181
142.7,0.00036830687453393
142.71,0.000365765601072111
142.72,0.00036323712353327
142.73,0.00036072156323895
142.74,0.0003582190351104
142.75,0.000355729654077039
142.76,0.000353253521486135
142.77,0.00035079073580733
142.78,0.000348341390134475
142.79,0.00034590556949835
142.8,0.000343483350245952
142.81,0.000341074810429161
142.82,0.00033868002003177
142.83,0.000336299043994262
142.84,0.000333931941209936
142.85,0.000331578766472058
142.86,0.000329239570179967
142.87,0.000326914397906826
142.88,0.000324603290902643
142.89,0.00032230628761885
142.9,0.000320023420675322
142.91,0.00031775471947058
142.92,0.000315500209693826
142.93,0.000313259912410088
142.94,0.000311033843810517
142.95,0.000308822019331108
142.96,0.000306624449949201
142.97,0.000304441143418834
142.98,0.000302272102530682
142.99,0.000300117327853068
143,0.000297976817750101
143.01,0.000295850567088706
143.02,0.000293738567909973
143.03,0.000291640809377177
143.04,0.000289557278222202
143.05,0.000287487958605866
143.06,0.000285432832286039
143.07,0.000283391878371127
143.08,0.00028136507283383
143.09,0.000279352390912994
143.1,0.000277353805202219
143.11,0.00027536928630366
143.12,0.000273398801748987
143.13,0.000271442317320892
143.14,0.000269499797966468
143.15,0.000267571206328002
143.16,0.000265656503350441
143.17,0.000263755647679222
143.18,0.000261868597057016
143.19,0.000259995307591232
143.2,0.000258135733901
143.21,0.000256289829034616
143.22,0.000254457543778631
143.23,0.000252638829185729
143.24,0.000250833634516965
143.25,0.000249041907911041
143.26,0.000247263596455093
143.27,0.000245498644855323
143.28,0.000243746996828615
143.29,0.000242008596886944
143.3,0.00024028338774059
143.31,0.000238571311252459
143.32,0.000236872308498089
143.33,0.000235186317743892
143.34,0.00023351327867483
143.35,0.000231853129989174
143.36,0.000230205809454619
143.37,0.000228571254225944
143.38,0.000226949400661733
143.39,0.000225340183294406
143.4,0.000223743538121311
143.41,0.000222159399880524
143.42,0.000220587702869072
143.43,0.000219028380987858
143.44,0.000217481366802452
143.45,0.000215946592388654
143.46,0.000214423990872324
143.47,0.000212913494370052
143.48,0.000211415034716181
143.49,0.000209928543499785
143.5,0.000208453950792825
143.51,0.000206991187743449
143.52,0.000205540185208596
143.53,0.000204100873673295
143.54,0.000202673183480399
143.55,0.000201257044786791
143.56,0.000199852387150106
143.57,0.000198459140819739
143.58,0.000197077235704146
143.59,0.000195706601694208
143.6,0.00019434716869208
143.61,0.000192998865868725
143.62,0.000191661622270418
143.63,0.000190335368215966
143.64,0.000189020033472877
143.65,0.000187715547888321
143.66,0.000186421841412774
143.67,0.000185138843195029
143.68,0.000183866482031763
143.69,0.000182604688662268
143.7,0.000181353393062722
143.71,0.000180112525329325
143.72,0.000178882015694941
143.73,0.000177661794495183
143.74,0.000176451792190414
143.75,0.000175251939547338
143.76,0.000174062167474029
143.77,0.000172882407092279
143.78,0.000171712589753829
143.79,0.000170552647063101
143.8,0.000169402510895598
143.81,0.000168262113386248
143.82,0.000167131386974344
143.83,0.00016601026441113
143.84,0.000164898678776109
143.85,0.000163796562508818
143.86,0.000162703846542104
143.87,0.000161620465812464
143.88,0.000160546353915212
143.89,0.000159481444697369
143.9,0.000158425672262964
143.91,0.000157378971143594
143.92,0.000156341276575029
143.93,0.000155312523295798
143.94,0.000154292646679802
143.95,0.000153281582415646
143.96,0.000152279266514143
143.97,0.000151285635516136
143.98,0.00015030062703602
143.99,0.000149324177827495
144,0.000148356225540319
144.01,0.000147396708229511
144.02,0.000146445564366016
144.03,0.000145502732402078
144.04,0.000144568149029643
144.05,0.000143641755020638
144.06,0.000142723490008763
144.07,0.000141813294004833
144.08,0.0001409111074015
144.09,0.000140016870978037
144.1,0.00013913052480551
144.11,0.000138252009164304
144.12,0.000137381266474872
144.13,0.00013651823856992
144.14,0.000135662867612477
144.15,0.000134815096095609
144.16,0.00013397486684214
144.17,0.000133142125297237
144.18,0.00013231681544552
144.19,0.000131498881433466
144.2,0.000130688268401817
144.21,0.000129884921990403
144.22,0.000129088787439818
144.23,0.000128299807462618
144.24,0.000127517930205877
144.25,0.000126743102168115
144.26,0.000125975270208453
144.27,0.000125214381561915
144.28,0.000124460383981538
144.29,0.00012371322535527
144.3,0.000122972854022317
144.31,0.000122239218686528
144.32,0.000121512268416418
144.33,0.000120791953513073
144.34,0.00012007822352883
144.35,0.00011937102878699
144.36,0.000118670320007233
144.37,0.00011797604829281
144.38,0.000117288164999814
144.39,0.000116606622006989
144.4,0.000115931371553618
144.41,0.000115262366242974
144.42,0.000114599559058497
144.43,0.000113942903025445
144.44,0.000113292351809305
144.45,0.000112647859528615
144.46,0.000112009380579995
144.47,0.000111376869729391
144.48,0.00011075028204969
144.49,0.000110129573004872
144.5,0.000109514698476332
144.51,0.000108905614682541
144.52,0.000108302278208767
144.53,0.000107704645885671
144.54,0.000107112674904163
144.55,0.000106526323017583
144.56,0.000105945548238863
144.57,0.000105370308944348
144.58,0.000104800563873776
144.59,0.000104236272122249
144.6,0.000103677392382424
144.61,0.000103123884832653
144.62,0.000102575709566414
144.63,0.000102032827031671
144.64,0.000101495198030867
144.65,0.00010096278372093
144.66,0.000100435545122239
144.67,9.99134438083244e-05
144.68,9.93964421713683e-05
144.69,9.8884502654675e-05
144.7,9.83775880448165e-05
144.71,9.78756614716448e-05
144.72,9.73786863524313e-05
144.73,9.68866259004903e-05
144.74,9.63994445515287e-05
144.75,9.59171067213256e-05
144.76,9.54395771612149e-05
144.77,9.49668209580835e-05
144.78,9.44988035343702e-05
144.79,9.40354900157184e-05
144.8,9.35768463282733e-05
144.81,9.31228390274043e-05
144.82,9.26734347344705e-05
144.83,9.22286003942643e-05
144.84,9.17883032750222e-05
144.85,9.13525108172395e-05
144.86,9.0921190186593e-05
144.87,9.04943099718292e-05
144.88,9.00718386110904e-05
144.89,8.96537448550738e-05
144.9,8.92399977670312e-05
144.91,8.88305667227694e-05
144.92,8.84254204271342e-05
144.93,8.80245289512596e-05
144.94,8.76278627437531e-05
144.95,8.72353922849889e-05
144.96,8.68470883570039e-05
144.97,8.6462922043496e-05
144.98,8.60828647298215e-05
144.99,8.57068877302193e-05
145,8.53349622279841e-05
145.01,8.49670609982832e-05
145.02,8.46031564973267e-05
145.03,8.42432214725004e-05
145.04,8.38872289623654e-05
145.05,8.35351522966584e-05
145.06,8.31869650962892e-05
145.07,8.28426395952783e-05
145.08,8.25021506360498e-05
145.09,8.21654726710106e-05
145.1,8.1832580286841e-05
145.11,8.15034483467011e-05
145.12,8.11780519902196e-05
145.13,8.08563666335011e-05
145.14,8.0538367278987e-05
145.15,8.02240293146477e-05
145.16,7.99133294100335e-05
145.17,7.96062439241481e-05
145.18,7.93027494800367e-05
145.19,7.9002822964793e-05
145.2,7.87064415295492e-05
145.21,7.84135825190037e-05
145.22,7.81242223602684e-05
145.23,7.78383396591936e-05
145.24,7.75559124900181e-05
145.25,7.72769191805357e-05
145.26,7.70013383121014e-05
145.27,7.67291487196303e-05
145.28,7.64603294915975e-05
145.29,7.61948588284916e-05
145.3,7.59327161172436e-05
145.31,7.56738815156928e-05
145.32,7.5418334929634e-05
145.33,7.51660565035827e-05
145.34,7.49170266207807e-05
145.35,7.46712259031939e-05
145.36,7.44286349429383e-05
145.37,7.41892338754476e-05
145.38,7.39530046859634e-05
145.39,7.37199288518867e-05
145.4,7.34899880826688e-05
145.41,7.32631643198109e-05
145.42,7.30394397368643e-05
145.43,7.28187967394289e-05
145.44,7.26012179651584e-05
145.45,7.23866855138274e-05
145.46,7.21751817566422e-05
145.47,7.19666906779469e-05
145.48,7.17611957021688e-05
145.49,7.15586804764341e-05
145.5,7.13591288705612e-05
145.51,7.1162524977065e-05
145.52,7.0968853111156e-05
145.53,7.077809781074e-05
145.54,7.05902418765914e-05
145.55,7.04052702120729e-05
145.56,7.02231686226995e-05
145.57,7.00439223023342e-05
145.58,6.98675166522198e-05
145.59,6.96939372809823e-05
145.6,6.95231700046296e-05
145.61,6.93552008465548e-05
145.62,6.91900160375309e-05
145.63,6.90276003144242e-05
145.64,6.88679410370022e-05
145.65,6.87110251122396e-05
145.66,6.85568394513055e-05
145.67,6.84053711631621e-05
145.68,6.82566075545641e-05
145.69,6.81105361300617e-05
145.7,6.7967144591996e-05
145.71,6.78264207070922e-05
145.72,6.76883510923088e-05
145.73,6.75529249580801e-05
145.74,6.74201306775097e-05
145.75,6.72899568133389e-05
145.76,6.71623921179504e-05
145.77,6.70374255333669e-05
145.78,6.69150461912513e-05
145.79,6.6795243412907e-05
145.8,6.66780062018942e-05
145.81,6.65633231847938e-05
145.82,6.64511850317721e-05
145.83,6.63415816876473e-05
145.84,6.62345032778671e-05
145.85,6.61299401085074e-05
145.86,6.6027882666275e-05
145.87,6.59283216185039e-05
145.88,6.58312478131575e-05
145.89,6.57366517471641e-05
145.9,6.56445242835584e-05
145.91,6.55548570513984e-05
145.92,6.54676414758152e-05
145.93,6.53828691450663e-05
145.94,6.53005318096428e-05
145.95,6.52206213813703e-05
145.96,6.51431299325155e-05
145.97,6.50680496948905e-05
145.98,6.49953730589562e-05
145.99,6.49250925729288e-05
146,6.48572012884898e-05
146.01,6.47916919290004e-05
146.02,6.47285574912106e-05
146.03,6.4667791179042e-05
146.04,6.46093863529164e-05
146.05,6.45533365289939e-05
146.06,6.44996353784095e-05
146.07,6.44482767265125e-05
146.08,6.43992545521022e-05
146.09,6.43525629866667e-05
146.1,6.4308196413002e-05
146.11,6.42661497744675e-05
146.12,6.42264173160658e-05
146.13,6.41889938225947e-05
146.14,6.41538742327148e-05
146.15,6.41210536383992e-05
146.16,6.40905272843828e-05
146.17,6.40622905676123e-05
146.18,6.40363390366953e-05
146.19,6.40126683913506e-05
146.2,6.39912744818566e-05
146.21,6.39721532182048e-05
146.22,6.3955300694344e-05
146.23,6.39407132699743e-05
146.24,6.39283873766002e-05
146.25,6.39183195920197e-05
146.26,6.39105066397103e-05
146.27,6.39049453882151e-05
146.28,6.3901632850529e-05
146.29,6.39005661834846e-05
146.3,6.39017426871385e-05
146.31,6.3905159804157e-05
146.32,6.3910816076768e-05
146.33,6.39187089031866e-05
146.34,6.39288360646201e-05
146.35,6.39411956648353e-05
146.36,6.39557859564305e-05
146.37,6.39726053406058e-05
146.38,6.39916523669332e-05
146.39,6.40129257331273e-05
146.4,6.40364242848158e-05
146.41,6.40621470153095e-05
146.42,6.40900930937973e-05
146.43,6.41202619971904e-05
146.44,6.4152653036777e-05
146.45,6.41872658118731e-05
146.46,6.42241000700782e-05
146.47,6.42631557071208e-05
146.48,6.43044327667032e-05
146.49,6.43479314403453e-05
146.5,6.43936520672311e-05
146.51,6.44415951340523e-05
146.52,6.44917612748536e-05
146.53,6.45441511886343e-05
146.54,6.45987657393122e-05
146.55,6.46556060659243e-05
146.56,6.4714673375248e-05
146.57,6.47759690191572e-05
146.58,6.48394944944067e-05
146.59,6.49052514424138e-05
146.6,6.49732416490419e-05
146.61,6.50434670443812e-05
146.62,6.5115929702534e-05
146.63,6.5190631841396e-05
146.64,6.52675767946358e-05
146.65,6.5346766707957e-05
146.66,6.54282040675102e-05
146.67,6.55118917305022e-05
146.68,6.55978327021114e-05
146.69,6.5686030135449e-05
146.7,6.57764873315252e-05
146.71,6.58692077392102e-05
146.72,6.59641949551985e-05
146.73,6.60614527239721e-05
146.74,6.61609849377619e-05
146.75,6.62627956365142e-05
146.76,6.63668890078515e-05
146.77,6.64732704412783e-05
146.78,6.65819445086541e-05
146.79,6.66929153373836e-05
146.8,6.68061878006197e-05
146.81,6.69217669266276e-05
146.82,6.70396578990075e-05
146.83,6.71598660569255e-05
146.84,6.72823968953364e-05
146.85,6.74072560652117e-05
146.86,6.75344493737629e-05
146.87,6.76639827846718e-05
146.88,6.77958624183139e-05
146.89,6.79300945519851e-05
146.9,6.80666859156627e-05
146.91,6.82056433780277e-05
146.92,6.83469733751124e-05
146.93,6.84906828531334e-05
146.94,6.86367789195009e-05
146.95,6.87852688431597e-05
146.96,6.89361600549205e-05
146.97,6.90894601477968e-05
146.98,6.92451768773407e-05
146.99,6.94033181619751e-05
147,6.95638920833345e-05
147.01,6.97269068865962e-05
147.02,6.98923709808177e-05
147.03,7.00602931762368e-05
147.04,7.02306829522152e-05
147.05,7.04035486048523e-05
147.06,7.05788992587242e-05
147.07,7.07567442085691e-05
147.08,7.09370929197896e-05
147.09,7.11199550289461e-05
147.1,7.13053403442543e-05
147.11,7.14932588460783e-05
147.12,7.16837206874332e-05
147.13,7.18767361944773e-05
147.14,7.20723158670097e-05
147.15,7.22704703789672e-05
147.16,7.24712106688546e-05
147.17,7.2674549698276e-05
147.18,7.28804973037045e-05
147.19,7.30890649631346e-05
147.2,7.33002643395971e-05
147.21,7.35141072819473e-05
147.22,7.3730605825658e-05
147.23,7.39497721936142e-05
147.24,7.41716187969e-05
147.25,7.43961582355986e-05
147.26,7.46234032995806e-05
147.27,7.48533669692969e-05
147.28,7.50860624165719e-05
147.29,7.53215030053957e-05
147.3,7.55597033694577e-05
147.31,7.5800676720051e-05
147.32,7.60444369202316e-05
147.33,7.62909981771408e-05
147.34,7.65403748993133e-05
147.35,7.67925816976526e-05
147.36,7.7047633386398e-05
147.37,7.73055449841061e-05
147.38,7.75663317146175e-05
147.39,7.78300090080311e-05
147.4,7.80965925016766e-05
147.41,7.83660980410874e-05
147.42,7.86385416809731e-05
147.43,7.89139402615936e-05
147.44,7.91923101820325e-05
147.45,7.94736679416994e-05
147.46,7.97580304875799e-05
147.47,8.00454149843557e-05
147.48,8.03358388155048e-05
147.49,8.06293195843941e-05
147.5,8.09258751153869e-05
147.51,8.12255234549355e-05
147.52,8.15282828726814e-05
147.53,8.18341718625536e-05
147.54,8.21432091438671e-05
147.55,8.24554136624218e-05
147.56,8.27708059416245e-05
147.57,8.30894060142225e-05
147.58,8.34112324428006e-05
147.59,8.37363052164752e-05
147.6,8.40646445657649e-05
147.61,8.43962709639845e-05
147.62,8.47312051286584e-05
147.63,8.50694680229138e-05
147.64,8.54110808568848e-05
147.65,8.57560650891138e-05
147.66,8.61044424279528e-05
147.67,8.64562348329654e-05
147.68,8.68114645163299e-05
147.69,8.71701539442333e-05
147.7,8.75323265337797e-05
147.71,8.78980080985362e-05
147.72,8.82672195455621e-05
147.73,8.86399845407682e-05
147.74,8.90163270238876e-05
147.75,8.93962712103062e-05
147.76,8.97798415928717e-05
147.77,9.01670629437129e-05
147.78,9.05579603160572e-05
147.79,9.09525590460482e-05
147.8,9.13508847545626e-05
147.81,9.17529633490303e-05
147.82,9.21588210252426e-05
147.83,9.25684842691831e-05
147.84,9.29819798588362e-05
147.85,9.33993365726319e-05
147.86,9.38205808062608e-05
147.87,9.42457401273406e-05
147.88,9.46748425864001e-05
147.89,9.51079165413929e-05
147.9,9.55449906597157e-05
147.91,9.59860939202274e-05
147.92,9.64312556152672e-05
147.93,9.68805053526754e-05
147.94,9.73338730578026e-05
147.95,9.77913889755427e-05
147.96,9.82530836723415e-05
147.97,9.87189880382181e-05
147.98,9.91891332887855e-05
147.99,9.96635525541137e-05
148,0.000100142277851332
148.01,0.000100625340551334
148.02,0.000101112773316034
148.03,0.000101604609152217
148.04,0.000102100881413858
148.05,0.00010260162380443
148.06,0.000103106870379225
148.07,0.00010361665554765
148.08,0.000104131014075563
148.09,0.000104649981087569
148.1,0.000105173592069346
148.11,0.000105701882869938
148.12,0.000106234889704092
148.13,0.00010677265122292
148.14,0.000107315208766017
148.15,0.000107862595597058
148.16,0.000108414849752689
148.17,0.00010897200967208
148.18,0.000109534114200057
148.19,0.000110101202590218
148.2,0.00011067331450809
148.21,0.00011125049003424
148.22,0.000111832769667414
148.23,0.000112420194327669
148.24,0.00011301280535949
148.25,0.000113610644534944
148.26,0.000114213754056793
148.27,0.000114822176561634
148.28,0.00011543595681259
148.29,0.000116055137149382
148.3,0.000116679761582963
148.31,0.000117309874593307
148.32,0.000117945521115469
148.33,0.000118586746542917
148.34,0.000119233596730829
148.35,0.000119886117999403
148.36,0.000120544357137156
148.37,0.000121208361404249
148.38,0.000121878178535787
148.39,0.000122553856745127
148.4,0.000123235444727186
148.41,0.000123922991661754
148.42,0.000124616550039279
148.43,0.000125316169508775
148.44,0.000126021899785672
148.45,0.000126733792210592
148.46,0.00012745189863949
148.47,0.000128176271447415
148.48,0.000128906963532262
148.49,0.000129644028318515
148.5,0.000130387519761023
148.51,0.000131137492348736
148.52,0.000131894001108462
148.53,0.000132657101608624
148.54,0.00013342684996301
148.55,0.000134203302834529
148.56,0.000134986520257911
148.57,0.000135776563552485
148.58,0.000136573487768589
148.59,0.000137377352323541
148.6,0.000138188217249525
148.61,0.000139006143199145
148.62,0.000139831191451026
148.63,0.000140663423915375
148.64,0.000141502903139554
148.65,0.000142349692313658
148.66,0.000143203855276091
148.67,0.000144065456519136
148.68,0.000144934559955046
148.69,0.000145811231505197
148.7,0.000146695538027792
148.71,0.000147587546560147
148.72,0.000148487324810103
148.73,0.000149394941161176
148.74,0.000150310464677677
148.75,0.000151233965109892
148.76,0.000152165512899204
148.77,0.00015310517918324
148.78,0.000154053035801016
148.79,0.000155009155298085
148.8,0.000155973608537099
148.81,0.000156946470966321
148.82,0.000157927817177048
148.83,0.00015891772242651
148.84,0.000159916262689638
148.85,0.000160923514663668
148.86,0.000161939555772714
148.87,0.000162964464172391
148.88,0.000163998318754385
148.89,0.000165041199151057
148.9,0.000166093185740028
148.91,0.000167154362251644
148.92,0.000168224817650522
148.93,0.00016930462992731
148.94,0.000170393883512082
148.95,0.000171492663714113
148.96,0.000172601056731581
148.97,0.000173719149661295
148.98,0.000174847030508425
148.99,0.000175984788196202
149,0.000177132512575675
149.01,0.00017829029290925
149.02,0.000179458220520914
149.03,0.000180636388698295
149.04,0.000181824890834808
149.05,0.000183023821272041
149.06,0.000184233275308201
149.07,0.000185453349206516
149.08,0.000186684140203721
149.09,0.000187925746518463
149.1,0.00018917826735975
149.11,0.000190441789174179
149.12,0.000191716419515681
149.13,0.000193002260232832
149.14,0.00019429941307522
149.15,0.000195607980668127
149.16,0.000196928066513922
149.17,0.000198259774993458
149.18,0.000199603211367469
149.19,0.00020095848177794
149.2,0.000202325695753918
149.21,0.000203704970191731
149.22,0.00020509640956031
149.23,0.000206500125350773
149.24,0.000207916230183684
149.25,0.000209344837824162
149.26,0.000210786063196895
149.27,0.000212240022401209
149.28,0.000213706836084823
149.29,0.000215186625026805
149.3,0.000216679507636756
149.31,0.000218185605926323
149.32,0.000219705043295787
149.33,0.000221237944556901
149.34,0.000222784435955634
149.35,0.000224344645194975
149.36,0.000225918679945313
149.37,0.000227506674908273
149.38,0.000229108762234245
149.39,0.000230725071661407
149.4,0.00023235573402228
149.41,0.000234000881243736
149.42,0.000235660646346996
149.43,0.000237335157155217
149.44,0.000239024551492956
149.45,0.000240728965159154
149.46,0.000242448534736377
149.47,0.000244183397837599
149.48,0.000245933693106205
149.49,0.000247699562002186
149.5,0.000249481171443383
149.51,0.000251278650296281
149.52,0.000253092144591323
149.53,0.000254921801664026
149.54,0.000256767770154981
149.55,0.00025863020000986
149.56,0.000260509243981057
149.57,0.000262405061430644
149.58,0.000264317802743156
149.59,0.000266247624111298
149.6,0.000268194683118315
149.61,0.000270159138737948
149.62,0.0002721411513345
149.63,0.000274140881124486
149.64,0.000276158487975489
149.65,0.000278194138201354
149.66,0.00028024799709256
149.67,0.000282320231277737
149.68,0.000284411008723684
149.69,0.000286520498735313
149.7,0.000288648869308087
149.71,0.000290796289631923
149.72,0.000292962934707826
149.73,0.000295148978418476
149.74,0.000297354595921502
149.75,0.000299579963649567
149.76,0.00030182525931031
149.77,0.000304090671672332
149.78,0.000306376385323452
149.79,0.000308682578484408
149.8,0.000311009436158695
149.81,0.000313357144801978
149.82,0.000315725892322029
149.83,0.000318115868078813
149.84,0.000320527273732756
149.85,0.000322960301749088
149.86,0.000325415144065743
149.87,0.000327891997637522
149.88,0.000330391061008688
149.89,0.000332912534312974
149.9,0.000335456619273588
149.91,0.000338023510734509
149.92,0.00034061340757581
149.93,0.000343226520658252
149.94,0.000345863056070018
149.95,0.000348523221333239
149.96,0.000351207225403934
149.97,0.000353915278672022
149.98,0.000356647590966374
149.99,0.000359404371031644
150,0.000362185836155172
150.01,0.000364992201674864
150.02,0.000367823684300087
150.03,0.000370680502111658
150.04,0.000373562874561855
150.05,0.000376471024362379
150.06,0.000379405190587281
150.07,0.00038236558798092
150.08,0.000385352443529661
150.09,0.000388365985756287
150.1,0.000391406444720032
150.11,0.000394474052016511
150.12,0.000397569040777824
150.13,0.000400691633078872
150.14,0.000403842070092868
150.15,0.00040702058896844
150.16,0.000410227427435213
150.17,0.000413462824642115
150.18,0.000416727021157397
150.19,0.000420020258968558
150.2,0.000423342767391736
150.21,0.000426694791438791
150.22,0.000430076579437508
150.23,0.000433488376777894
150.24,0.000436930430094497
150.25,0.00044040298726652
150.26,0.00044390629741774
150.27,0.000447440604192697
150.28,0.000451006154827093
150.29,0.000454603205442447
150.3,0.000458232008600019
150.31,0.000461892817985516
150.32,0.000465585888409014
150.33,0.000469311475805076
150.34,0.000473069830885011
150.35,0.000476861198460326
150.36,0.000480685845598407
150.37,0.000484544030327242
150.38,0.000488436011608794
150.39,0.000492362049339022
150.4,0.000496322404347884
150.41,0.000500317334419714
150.42,0.0005043470707782
150.43,0.000508411893580263
150.44,0.000512512063498863
150.45,0.000516647841827791
150.46,0.000520819490481571
150.47,0.000525027271995485
150.48,0.000529271449525598
150.49,0.00053355225071414
150.5,0.000537869951101363
150.51,0.000542224811808585
150.52,0.000546617092124887
150.53,0.000551047051401183
150.54,0.000555514949050222
150.55,0.000560021020943994
150.56,0.000564565535609812
150.57,0.000569148749383423
150.58,0.000573770918019347
150.59,0.000578432296991617
150.6,0.000583133140718233
150.61,0.000587873673131225
150.62,0.000592654161416281
150.63,0.00059747485517674
150.64,0.000602336003281428
150.65,0.000607237853864655
150.66,0.000612180651223465
150.67,0.000617164596092428
150.68,0.000622189953084029
150.69,0.000627256959939722
150.7,0.000632365852957077
150.71,0.000637516866989659
150.72,0.000642710229738869
150.73,0.00064794612416085
150.74,0.000653224800793112
150.75,0.000658546480247585
150.76,0.000663911380890249
150.77,0.000669319718841165
150.78,0.000674771699601024
150.79,0.000680267486501564
150.8,0.000685807308737956
150.81,0.000691391364515095
150.82,0.000697019848949698
150.83,0.000702692954070486
150.84,0.00070841085743063
150.85,0.000714173694753552
150.86,0.000719981663504488
150.87,0.00072583492863394
150.88,0.000731733649576576
150.89,0.000737677980082217
150.9,0.0007436680680468
150.91,0.000749704043721727
150.92,0.000755786034976764
150.93,0.000761914173606026
150.94,0.000768088577681084
150.95,0.000774309357876753
150.96,0.000780576617257997
150.97,0.000786890451067006
150.98,0.000793250930597798
150.99,0.000799658138439259
151,0.000806112143017355
151.01,0.000812613002309743
151.02,0.00081916076485308
151.03,0.000825755469495966
151.04,0.0008323971413194
151.05,0.000839085784223729
151.06,0.000845821411936674
151.07,0.000852604018257244
151.08,0.000859433585480173
151.09,0.000866310084111378
151.1,0.000873233472583648
151.11,0.000880203682760712
151.12,0.000887220639364617
151.13,0.000894284265609315
151.14,0.000901394463175851
151.15,0.000908551119420734
151.16,0.000915754107039397
151.17,0.000923003283729657
151.18,0.000930298469649305
151.19,0.000937639497082855
151.2,0.000945026173625401
151.21,0.000952458288349431
151.22,0.000959935612889264
151.23,0.000967457901057892
151.24,0.000975024884395734
151.25,0.000982636265448551
151.26,0.000990291747549582
151.27,0.000997991005568077
151.28,0.00100573369405564
151.29,0.0010135194468258
151.3,0.00102134787653352
151.31,0.00102921855912854
151.32,0.00103713105526727
151.33,0.00104508491416496
151.34,0.00105307965381791
151.35,0.00106111476810299
151.36,0.00106918972630307
151.37,0.00107730397263291
151.38,0.00108545689802262
151.39,0.00109364790274811
151.4,0.00110187634886725
151.41,0.00111014156910927
151.42,0.00111844286783395
151.43,0.00112677952050009
151.44,0.00113515077253679
151.45,0.00114355583804815
151.46,0.00115199390331351
151.47,0.00116046412234136
151.48,0.00116896561750105
151.49,0.0011774974789859
151.5,0.00118605876427677
151.51,0.00119464850649387
151.52,0.00120326570055329
151.53,0.00121190930125532
151.54,0.00122057823319572
151.55,0.00122927138606524
151.56,0.00123798761414372
151.57,0.00124672573579409
151.58,0.00125548451246251
151.59,0.00126426269524591
151.6,0.00127305898851313
151.61,0.00128187205720452
151.62,0.00129070052714039
151.63,0.00129954298447355
151.64,0.00130839797541805
151.65,0.00131726400598596
151.66,0.00132613953974011
151.67,0.00133502299892282
151.68,0.00134391276340765
151.69,0.00135280717015413
151.7,0.00136170451266299
151.71,0.00137060311210372
151.72,0.00137950120579895
151.73,0.00138839694433194
151.74,0.00139728846811341
151.75,0.0014061738752263
151.76,0.00141505122112229
151.77,0.00142391851831868
151.78,0.00143277388501705
151.79,0.00144161519952667
151.8,0.00145044036829528
151.81,0.00145924726261933
151.82,0.00146803371415346
151.83,0.00147679751490289
151.84,0.00148553641704945
151.85,0.00149424813281072
151.86,0.00150293033536377
151.87,0.00151158065790353
151.88,0.00152019669391558
151.89,0.00152877599716702
151.9,0.00153731608169724
151.91,0.00154581454496318
151.92,0.00155426887112055
151.93,0.0015626764413301
151.94,0.00157103465453525
151.95,0.00157934087636175
151.96,0.00158759243951277
151.97,0.00159578664416422
151.98,0.00160392114336725
151.99,0.0016119930427471
152,0.00161999961385802
152.01,0.00162793811600316
152.02,0.00163580579014575
152.03,0.00164359986005355
152.04,0.00165131761113295
152.05,0.00165895643791193
152.06,0.00166651344658164
152.07,0.00167398586276793
152.08,0.0016813709095587
152.09,0.00168866580921958
152.1,0.00169586778490986
152.11,0.0017029742223454
152.12,0.00170998240854734
152.13,0.0017168895647803
152.14,0.00172369299058828
152.15,0.00173039000316171
152.16,0.0017369779395649
152.17,0.00174345415896358
152.18,0.00174981638673305
152.19,0.00175606195418678
152.2,0.00176218839032184
152.21,0.00176819327465378
152.22,0.00177407423823298
152.23,0.00177982903307249
152.24,0.00178545549755278
152.25,0.00179095142803262
152.26,0.00179631474656352
152.27,0.00180154345306192
152.28,0.00180663562948177
152.29,0.00181158945936292
152.3,0.00181640319892846
152.31,0.00182107520501335
152.32,0.00182560393469119
152.33,0.00182998794881516
152.34,0.00183422595515033
152.35,0.00183831680471918
152.36,0.00184225938528177
152.37,0.00184605274828388
152.38,0.00184969607595499
152.39,0.00185318868597654
152.4,0.00185653012410553
152.41,0.0018597199873732
152.42,0.0018627580471403
152.43,0.00186564424155295
152.44,0.00186837867293317
152.45,0.0018709615723434
152.46,0.00187339329345393
152.47,0.0018756744765265
152.48,0.00187780589150664
152.49,0.00187978849078297
152.5,0.00188162341371952
152.51,0.00188331177254145
152.52,0.00188485508648624
152.53,0.00188625504064794
152.54,0.0018875134825971
152.55,0.00188863245516261
152.56,0.00188961412004613
152.57,0.00189046068873456
152.58,0.00189117485312939
152.59,0.00189175938045509
152.6,0.00189221723440664
152.61,0.00189255157742884
152.62,0.00189276543205752
152.63,0.00189286231539056
152.64,0.00189284594350829
152.65,0.0018927201543326
152.66,0.00189248897175263
152.67,0.00189215649285553
152.68,0.00189172668654062
152.69,0.0018912042223304
152.7,0.00189059371700495
152.71,0.00188989994807272
152.72,0.00188912785220702
152.73,0.00188828212968534
152.74,0.00188736783094121
152.75,0.00188639021815627
152.76,0.00188535456454773
152.77,0.00188426625871744
152.78,0.00188313082777871
152.79,0.00188195380845417
152.8,0.00188074084849869
152.81,0.00187949767136331
152.82,0.00187823002231617
152.83,0.00187694375252839
152.84,0.00187564475885899
152.85,0.00187433898196807
152.86,0.00187303225723342
152.87,0.00187173035182277
152.88,0.00187043927091714
152.89,0.00186916490658973
152.9,0.00186791313227505
152.91,0.00186668985410715
152.92,0.00186550086985522
152.93,0.00186435195875825
152.94,0.00186324884720247
152.95,0.00186219729216612
152.96,0.00186120296858736
152.97,0.00186027142127967
152.98,0.00185940815582273
152.99,0.00185861861356797
153,0.00185790823032745
153.01,0.00185728224604596
153.02,0.00185674584607964
153.03,0.00185630411531083
153.04,0.00185596210236371
153.05,0.00185572469826097
153.06,0.00185559667350518
153.07,0.00185558269305742
153.08,0.00185568736604967
153.09,0.00185591528722152
153.1,0.0018562707478094
153.11,0.00185675799260903
153.12,0.00185738114308174
153.13,0.00185814445489182
153.14,0.00185905180262074
153.15,0.00186010702071186
153.16,0.00186131384189358
153.17,0.00186267596346069
153.18,0.00186419699942859
153.19,0.00186588036161618
153.2,0.00186772940570084
153.21,0.00186974739695216
153.22,0.00187193763601815
153.23,0.00187430316737222
153.24,0.00187684700638138
153.25,0.00187957208183872
153.26,0.00188248132830163
153.27,0.00188557762441055
153.28,0.00188886366933362
153.29,0.00189234214972278
153.3,0.00189601569118268
153.31,0.00189988699235353
153.32,0.00190395856327451
153.33,0.00190823291399068
153.34,0.00191271252088708
153.35,0.00191739982541477
153.36,0.00192229723758045
153.37,0.00192740714569867
153.38,0.00193273191492988
153.39,0.00193827389287431
153.4,0.00194403540624203
153.41,0.00195001877544264
153.42,0.00195622631463662
153.43,0.00196266034623709
153.44,0.00196932324526486
153.45,0.00197621734403214
153.46,0.00198334501345846
153.47,0.00199070859018453
153.48,0.00199831044315212
153.49,0.00200615298996666
153.5,0.00201423865140429
153.51,0.00202256981147042
153.52,0.00203114894022839
153.53,0.00203997850945515
153.54,0.00204906103051631
153.55,0.00205839904926865
153.56,0.00206799513007218
153.57,0.00207785187960942
153.58,0.00208797192457194
153.59,0.00209835794850546
153.6,0.00210901267035894
153.61,0.00211993882282042
153.62,0.00213113914310618
153.63,0.00214261645974765
153.64,0.00215437361664779
153.65,0.00216641344651798
153.66,0.00217873885333288
153.67,0.00219135276839927
153.68,0.00220425815038619
153.69,0.00221745795537547
153.7,0.00223095519916773
153.71,0.00224475291655392
153.72,0.0022588541669787
153.73,0.00227326196858819
153.74,0.0022879794280446
153.75,0.00230300964576755
153.76,0.00231835573395485
153.77,0.00233402075158102
153.78,0.00235000783523646
153.79,0.00236632009988403
153.8,0.00238296065695179
153.81,0.00239993258240477
153.82,0.00241723898097835
153.83,0.0024348829331528
153.84,0.00245286750142632
153.85,0.00247119571236792
153.86,0.0024898705916385
153.87,0.00250889513128147
153.88,0.00252827229016109
153.89,0.00254800498139607
153.9,0.00256809609694927
153.91,0.00258854848161126
153.92,0.00260936493666447
153.93,0.00263054821788353
153.94,0.00265210102623363
153.95,0.00267402600943508
153.96,0.00269632576555528
153.97,0.0027190028432922
153.98,0.00274205971110143
153.99,0.002765498779371
154,0.00278932240344669
154.01,0.00281353287805644
154.02,0.00283813240608003
154.03,0.00286312312538353
154.04,0.00288850711332599
154.05,0.00291428639376712
154.06,0.00294046287509285
154.07,0.00296703840207095
154.08,0.00299401475422371
154.09,0.0030213936732867
154.1,0.00304917676332545
154.11,0.00307736557097886
154.12,0.00310596157165615
154.13,0.00313496620905795
154.14,0.00316438078931585
154.15,0.00319420656255491
154.16,0.00322444470506434
154.17,0.0032550963635666
154.18,0.00328616255539819
154.19,0.00331764424317247
154.2,0.00334954231652443
154.21,0.00338185764591802
154.22,0.00341459097454866
154.23,0.00344774299759119
154.24,0.00348131434324451
154.25,0.0035153056125419
154.26,0.00354971730764227
154.27,0.00358454987857403
154.28,0.00361980371802926
154.29,0.00365547917829759
154.3,0.00369157654322134
154.31,0.00372809604320036
154.32,0.00376503785883531
154.33,0.00380240213035776
154.34,0.00384018894475419
154.35,0.00387839834019391
154.36,0.00391703031250648
154.37,0.00395608481935822
154.38,0.00399556177667735
154.39,0.00403546105873809
154.4,0.00407578250424393
154.41,0.00411652591154211
154.42,0.00415769104379424
154.43,0.00419927763637008
154.44,0.00424128539085378
154.45,0.00428371397238914
154.46,0.00432656301212773
154.47,0.00436983212381529
154.48,0.0044135208897177
154.49,0.00445762886504714
154.5,0.00450215557833592
154.51,0.00454710053848839
154.52,0.00459246323101044
154.53,0.00463824311988139
154.54,0.0046844396470786
154.55,0.00473105223970926
154.56,0.00477808030649293
154.57,0.0048255232353932
154.58,0.00487338037149737
154.59,0.0049216510773264
154.6,0.0049703346875882
154.61,0.00501943051885037
154.62,0.00506893783270986
154.63,0.00511885592168895
154.64,0.00516918404509741
154.65,0.0052199214460818
154.66,0.00527106738965828
154.67,0.00532262110052168
154.68,0.00537458179149036
154.69,0.00542694867112494
154.7,0.0054797209179866
154.71,0.00553289769470908
154.72,0.00558647817884601
154.73,0.0056404615257491
154.74,0.0056948468743977
154.75,0.00574963333045773
154.76,0.00580482001850132
154.77,0.00586040603964609
154.78,0.00591639048299924
154.79,0.00597277243663552
154.8,0.0060295509663627
154.81,0.00608672513060447
154.82,0.00614429397762284
154.83,0.00620225654321803
154.84,0.00626061185376807
154.85,0.00631935892665063
154.86,0.00637849676863825
154.87,0.00643802437002269
154.88,0.00649794070176314
154.89,0.0065582447397377
154.9,0.0066189354421397
154.91,0.00668001175523311
154.92,0.00674147260695837
154.93,0.00680331692153406
154.94,0.00686554360814039
154.95,0.0069281515637265
154.96,0.00699113967524202
154.97,0.00705450681620502
154.98,0.00711825184712494
154.99,0.0071823736167831
155,0.00724687096043486
155.01,0.00731174269844972
155.02,0.00737698764204964
155.03,0.00744260458804834
155.04,0.00750859232016771
155.05,0.00757494959969023
155.06,0.00764167518343725
155.07,0.00770876781142034
155.08,0.00777622620885274
155.09,0.00784404908503943
155.1,0.00791223513417842
155.11,0.00798078303652835
155.12,0.00804969145624645
155.13,0.00811895904215648
155.14,0.00818858442957262
155.15,0.00825856623487811
155.16,0.00832890305944515
155.17,0.00839959348836088
155.18,0.00847063608936088
155.19,0.00854202941404353
155.2,0.00861377199715378
155.21,0.00868586235611736
155.22,0.00875829898898551
155.23,0.00883108037388763
155.24,0.00890420497551898
155.25,0.00897767123819902
155.26,0.00905147758758865
155.27,0.00912562243022865
155.28,0.00920010415352248
155.29,0.00927492112566183
155.3,0.00935007169507528
155.31,0.00942555419028695
155.32,0.00950136692331942
155.33,0.00957750818340501
155.34,0.00965397623887637
155.35,0.00973076933829974
155.36,0.00980788570951124
155.37,0.00988532355883638
155.38,0.00996308107204177
155.39,0.0100411564133102
155.4,0.010119547725178
155.41,0.0101982531278342
155.42,0.0102772707147778
155.43,0.0103565985629225
155.44,0.0104362347241271
155.45,0.0105161772271345
155.46,0.0105964240786731
155.47,0.0106769732648764
155.48,0.0107578227434335
155.49,0.010838970450227
155.5,0.0109204142971903
155.51,0.0110021521773849
155.52,0.0110841819617778
155.53,0.0111665014897476
155.54,0.0112491085802901
155.55,0.0113320010283552
155.56,0.0114151765967122
155.57,0.011498633027692
155.58,0.0115823680421202
155.59,0.0116663793328875
155.6,0.011750664567348
155.61,0.0118352213911577
155.62,0.0119200474257736
155.63,0.012005140260582
155.64,0.0120904974621868
155.65,0.0121761165712885
155.66,0.0122619951005388
155.67,0.0123481305310992
155.68,0.0124345203260495
155.69,0.0125211619179959
155.7,0.0126080527123363
155.71,0.0126951900884978
155.72,0.0127825714217089
155.73,0.0128701940299668
155.74,0.012958055215933
155.75,0.013046152255635
155.76,0.0131344823983939
155.77,0.013223042859716
155.78,0.0133118308352302
155.79,0.0134008434919253
155.8,0.0134900779686516
155.81,0.0135795313766824
155.82,0.0136692008125537
155.83,0.0137590833386346
155.84,0.0138491759847361
155.85,0.01393947575803
155.86,0.0140299796388805
155.87,0.014120684574779
155.88,0.0142115874838835
155.89,0.0143026852663299
155.9,0.0143939747901403
155.91,0.0144854528955619
155.92,0.0145771163970553
155.93,0.0146689620865351
155.94,0.0147609867194411
155.95,0.0148531870271884
155.96,0.0149455597135911
155.97,0.0150381014558367
155.98,0.0151308089193617
155.99,0.0152236787218333
156,0.0153167074618084
156.01,0.0154098917111212
156.02,0.0155032280149331
156.03,0.0155967129005573
156.04,0.0156903428600094
156.05,0.015784114360976
156.06,0.0158780238460885
156.07,0.0159720677322
156.08,0.0160662424024089
156.09,0.016160544218266
156.1,0.0162549695186729
156.11,0.0163495146138232
156.12,0.0164441757878086
156.13,0.0165389493024864
156.14,0.0166338313949672
156.15,0.0167288182708136
156.16,0.0168239061129192
156.17,0.0169190910787582
156.18,0.0170143693008742
156.19,0.0171097369062954
156.2,0.0172051899720036
156.21,0.0173007245602265
156.22,0.0173963367091924
156.23,0.0174920224332861
156.24,0.0175877777330894
156.25,0.0176835985840159
156.26,0.0177794809299315
156.27,0.0178754206974292
156.28,0.0179714137910896
156.29,0.0180674560920019
156.3,0.0181635434444884
156.31,0.0182596716921606
156.32,0.0183558366485965
156.33,0.0184520341055624
156.34,0.01854825983317
156.35,0.0186445095800956
156.36,0.0187407790736473
156.37,0.0188370640199355
156.38,0.018933360104077
156.39,0.0190296629903355
156.4,0.0191259683295117
156.41,0.0192222717798478
156.42,0.0193185689370997
156.43,0.0194148553960803
156.44,0.0195111267337872
156.45,0.0196073785097366
156.46,0.0197036062705382
156.47,0.0197998055426056
156.48,0.0198959718356811
156.49,0.0199921006445269
156.5,0.0200881874483986
156.51,0.0201842276962854
156.52,0.0202802167991655
156.53,0.0203761502062139
156.54,0.0204720233271264
156.55,0.0205678315562107
156.56,0.0206635702726365
156.57,0.0207592348406831
156.58,0.0208548206265229
156.59,0.0209503229765786
156.6,0.0210457372081412
156.61,0.0211410586349977
156.62,0.0212362825582565
156.63,0.0213314042666544
156.64,0.0214264190368665
156.65,0.0215213221730289
156.66,0.021616108926378
156.67,0.0217107745413639
156.68,0.0218053142599621
156.69,0.0218997233151305
156.7,0.0219939969312143
156.71,0.0220881303235485
156.72,0.0221821186815049
156.73,0.0222759572132311
156.74,0.022369641108973
156.75,0.0224631655518136
156.76,0.0225565257180363
156.77,0.0226497167774913
156.78,0.0227427338938707
156.79,0.0228355722250029
156.8,0.0229282269237251
156.81,0.023020693137739
156.82,0.0231129660101289
156.83,0.0232050406797292
156.84,0.023296912281487
156.85,0.0233885759663457
156.86,0.0234800268773399
156.87,0.023571260134824
156.88,0.0236622708698824
156.89,0.0237530542127136
156.9,0.023843605293068
156.91,0.0239339192406865
156.92,0.0240239911870081
156.93,0.0241138162630457
156.94,0.0242033896011874
156.95,0.0242927063358637
156.96,0.0243817616037359
156.97,0.0244705505441368
156.98,0.0245590682988867
156.99,0.0246473099912648
157,0.0247352707813584
157.01,0.0248229458200757
157.02,0.0249103302627124
157.03,0.0249974192693642
157.04,0.025084208005339
157.05,0.0251706916415693
157.06,0.0252568653621898
157.07,0.025342724355
157.08,0.0254282638079656
157.09,0.0255134789209596
157.1,0.0255983649018523
157.11,0.0256829169669393
157.12,0.0257671303413741
157.13,0.0258510002610477
157.14,0.0259345219922332
157.15,0.0260176907793626
157.16,0.0261005018909405
157.17,0.026182950606981
157.18,0.0262650322194681
157.19,0.0263467420328126
157.2,0.0264280753643155
157.21,0.0265090275323946
157.22,0.0265895938760829
157.23,0.0266697697571381
157.24,0.0267495505453526
157.25,0.0268289316252184
157.26,0.026907908396357
157.27,0.0269864762739519
157.28,0.0270646306870457
157.29,0.0271423670636094
157.3,0.0272196808769141
157.31,0.0272965676052975
157.32,0.0273730227443451
157.33,0.027449041807297
157.34,0.0275246203254504
157.35,0.0275997538485645
157.36,0.0276744379565024
157.37,0.0277486682405013
157.38,0.0278224403060733
157.39,0.0278957497839839
157.4,0.027968592325896
157.41,0.0280409636047971
157.42,0.0281128593154278
157.43,0.0281842751736776
157.44,0.0282552069125475
157.45,0.0283256502975508
157.46,0.0283956011135072
157.47,0.0284650551689614
157.48,0.0285340082966015
157.49,0.0286024563536748
157.5,0.0286703952224091
157.51,0.028737820773204
157.52,0.0288047289345668
157.53,0.0288711156718689
157.54,0.0289369769628074
157.55,0.0290023088110555
157.56,0.0290671072466221
157.57,0.0291313683262085
157.58,0.0291950881335696
157.59,0.0292582627645642
157.6,0.0293208883604205
157.61,0.0293829610884928
157.62,0.0294444771413582
157.63,0.0295054327400658
157.64,0.029565824134476
157.65,0.0296256476035989
157.66,0.029684899455933
157.67,0.0297435760512911
157.68,0.0298016737504383
157.69,0.0298591889541124
157.7,0.0299161180957362
157.71,0.0299724576403603
157.72,0.0300282040850259
157.73,0.0300833539591281
157.74,0.0301379038230404
157.75,0.0301918502197757
157.76,0.0302451898027047
157.77,0.0302979192268851
157.78,0.0303500351805625
157.79,0.0304015343854784
157.8,0.0304524135971779
157.81,0.030502669605317
157.82,0.0305522992217533
157.83,0.0306012992279142
157.84,0.0306496665552521
157.85,0.0306973981199689
157.86,0.03074449087221
157.87,0.0307909417962776
157.88,0.0308367479108422
157.89,0.0308819062691559
157.9,0.0309264139659057
157.91,0.0309702681432746
157.92,0.0310134659498909
157.93,0.0310560045834326
157.94,0.0310978812777388
157.95,0.0311390933030523
157.96,0.0311796379662598
157.97,0.0312195126111332
157.98,0.0312587146331376
157.99,0.0312972414722914
158,0.0313350905728583
158.01,0.0313722594345796
158.02,0.0314087455960656
158.03,0.0314445466350791
158.04,0.0314796601688197
158.05,0.0315140838542077
158.06,0.0315478153130436
158.07,0.0315808522295012
158.08,0.0316131924171453
158.09,0.0316448336733135
158.1,0.031675773833864
158.11,0.0317060107733221
158.12,0.0317355424050271
158.13,0.0317643666812778
158.14,0.031792481561614
158.15,0.0318198849765067
158.16,0.0318465750497233
158.17,0.0318725498723348
158.18,0.0318978075727854
158.19,0.0319223463169146
158.2,0.0319461643079808
158.21,0.0319692597866837
158.22,0.0319916310316917
158.23,0.0320132765395775
158.24,0.0320341945738828
158.25,0.0320543835475946
158.26,0.0320738419140944
158.27,0.0320925681673346
158.28,0.0321105608420153
158.29,0.0321278185137594
158.3,0.0321443397992898
158.31,0.032160123408275
158.32,0.0321751680371392
158.33,0.0321894724220197
158.34,0.0322030353556578
158.35,0.0322158556739691
158.36,0.0322279322562812
158.37,0.0322392640255727
158.38,0.0322498499487104
158.39,0.032259688841027
158.4,0.0322687795936762
158.41,0.0322771214127549
158.42,0.0322847133844011
158.43,0.032291554632606
158.44,0.0322976443190712
158.45,0.0323029816430672
158.46,0.0323075658412913
158.47,0.0323113961586456
158.48,0.0323144717987321
158.49,0.0323167921666642
158.5,0.0323183566285426
158.51,0.0323191645848174
158.52,0.0323192154700195
158.53,0.0323185087524923
158.54,0.0323170439341234
158.55,0.032314820550076
158.56,0.0323118390222873
158.57,0.0323080985548585
158.58,0.03230359887297
158.59,0.03229833976337
158.6,0.0322923210591931
158.61,0.032285542640434
158.62,0.0322780044344201
158.63,0.0322697064162851
158.64,0.0322606482675583
158.65,0.0322508300589011
158.66,0.0322402519551371
158.67,0.0322289140595214
158.68,0.0322168165172529
158.69,0.0322039595155191
158.7,0.0321903432835415
158.71,0.0321759680926209
158.72,0.0321608339230533
158.73,0.0321449408014569
158.74,0.0321282893308865
158.75,0.0321108798455104
158.76,0.0320927127087344
158.77,0.0320737883125587
158.78,0.0320541070769342
158.79,0.0320336694491197
158.8,0.0320124759512024
158.81,0.0319905273121733
158.82,0.0319678239696025
158.83,0.0319443665275424
158.84,0.0319201556222148
158.85,0.0318951919218783
158.86,0.0318694761266968
158.87,0.0318430093869396
158.88,0.0318157930794897
158.89,0.0317878277064145
158.9,0.0317591142619109
158.91,0.0317296537870099
158.92,0.0316994473695766
158.93,0.0316684961179736
158.94,0.0316368009079541
158.95,0.0316043631036102
158.96,0.0315711839344995
158.97,0.03153726467289
158.98,0.0315026066337593
158.99,0.0314672111747961
159,0.0314310784881589
159.01,0.0313942101046792
159.02,0.0313566075474641
159.03,0.0313182721140272
159.04,0.0312792051249401
159.05,0.0312394079238323
159.06,0.0311988819163093
159.07,0.0311576285327875
159.08,0.0311156491656129
159.09,0.0310729452637472
159.1,0.0310295183003545
159.11,0.0309853697728029
159.12,0.0309405014764133
159.13,0.0308949167370532
159.14,0.0308486163257233
159.15,0.0308016021259203
159.16,0.0307538760713399
159.17,0.0307054401458767
159.18,0.0306562963836239
159.19,0.0306064462143489
159.2,0.0305558919004048
159.21,0.0305046356108069
159.22,0.0304526794656191
159.23,0.0304000256253865
159.24,0.0303466762911367
159.25,0.0302926327627662
159.26,0.030237896640419
159.27,0.0301824706082367
159.28,0.0301263567517383
159.29,0.0300695571728065
159.3,0.0300120739896882
159.31,0.0299539094617248
159.32,0.0298950662664785
159.33,0.0298355463318086
159.34,0.0297753519356187
159.35,0.0297144853805937
159.36,0.0296529489942016
159.37,0.0295907451286912
159.38,0.0295278775520496
159.39,0.0294643482366462
159.4,0.0294001597036825
159.41,0.0293353146243632
159.42,0.0292698157130056
159.43,0.0292036657270393
159.44,0.0291368670913543
159.45,0.0290694223541685
159.46,0.0290013345619679
159.47,0.0289326065331351
159.48,0.0288632411195554
159.49,0.0287932412066186
159.5,0.0287226095608796
159.51,0.0286513478534896
159.52,0.0285794596517463
159.53,0.0285069477799034
159.54,0.0284338150783145
159.55,0.0283600644034337
159.56,0.0282856986278145
159.57,0.0282107210419656
159.58,0.02813513456036
159.59,0.0280589420706017
159.6,0.027982146589962
159.61,0.0279047511586067
159.62,0.0278267588395926
159.63,0.0277481730954752
159.64,0.0276689977901567
159.65,0.0275892356903659
159.66,0.0275088901214123
159.67,0.027427964446425
159.68,0.0273464620663519
159.69,0.0272643864199619
159.7,0.0271817405959341
159.71,0.0270985282598761
159.72,0.0270147529233194
159.73,0.0269304181189218
159.74,0.0268455274123976
159.75,0.0267600844025149
159.76,0.0266740917178521
159.77,0.0265875525000441
159.78,0.0265004707899557
159.79,0.0264128500699828
159.8,0.026324693834878
159.81,0.0262360055917504
159.82,0.0261467888600674
159.83,0.0260570470305743
159.84,0.0259667837021305
159.85,0.0258760024192489
159.86,0.0257847067310239
159.87,0.0256929001973064
159.88,0.0256005863887059
159.89,0.0255077696987556
159.9,0.0254144555982404
159.91,0.0253206467351245
159.92,0.0252263470988361
159.93,0.0251315607215185
159.94,0.0250362916780323
159.95,0.024940544085952
159.96,0.0248443213774938
159.97,0.0247476276710704
159.98,0.0246504673231231
159.99,0.024552844476759
160,0.0244547633058216
160.01,0.0243562280148923
160.02,0.0242572427205721
160.03,0.0241578096553076
160.04,0.0240579340704917
160.05,0.0239576200261312
160.06,0.0238568715897218
160.07,0.0237556928362505
160.08,0.0236540878481927
160.09,0.0235520609001721
160.1,0.023449616308418
160.11,0.0233467580576424
160.12,0.0232434903206796
160.13,0.0231398172829379
160.14,0.0230357431423989
160.15,0.022931272109617
160.16,0.0228264096416636
160.17,0.0227211599149598
160.18,0.0226155272438976
160.19,0.0225095161834412
160.2,0.022403131328884
160.21,0.0222963773266746
160.22,0.0221892588838894
160.23,0.0220817807058603
160.24,0.0219739475570929
160.25,0.0218657642432048
160.26,0.0217572356109276
160.27,0.0216483648890073
160.28,0.0215391569497166
160.29,0.0214296167249743
160.3,0.0213197488081376
160.31,0.0212095577941026
160.32,0.0210990481132907
160.33,0.0209882237762105
160.34,0.0208770895901638
160.35,0.0207656500165779
160.36,0.0206539095045129
160.37,0.020541872490658
160.38,0.0204295453654552
160.39,0.020316932785869
160.4,0.0202040391307178
160.41,0.02009086931163
160.42,0.0199774282777134
160.43,0.0198637213731968
160.44,0.0197497552050852
160.45,0.0196355342728311
160.46,0.0195210640300909
160.47,0.0194063500034579
160.48,0.0192913977924623
160.49,0.0191762105698191
160.5,0.0190607935194039
160.51,0.0189451525784639
160.52,0.0188292929302649
160.53,0.0187132197634672
160.54,0.0185969379892889
160.55,0.0184804512023105
160.56,0.0183637651790776
160.57,0.0182468847894174
160.58,0.018129814874385
160.59,0.0180125602462653
160.6,0.0178951271008211
160.61,0.0177775209449044
160.62,0.017659746607354
160.63,0.0175418094350765
160.64,0.0174237151468606
160.65,0.0173054710718133
160.66,0.0171870823344436
160.67,0.0170685550368932
160.68,0.0169498953944972
160.69,0.0168311079183424
160.7,0.0167121984236772
160.71,0.0165931732534162
160.72,0.0164740383218579
160.73,0.0163547989515732
160.74,0.0162354586198251
160.75,0.0161160237634906
160.76,0.0159964995913165
160.77,0.015876891243861
160.78,0.0157572057810907
160.79,0.0156374485760613
160.8,0.0155176248712499
160.81,0.0153977402831197
160.82,0.0152778012480227
160.83,0.015157815772331
160.84,0.0150377891438173
160.85,0.0149177278853584
160.86,0.014797638634166
160.87,0.0146775266012265
160.88,0.0145573985768986
160.89,0.014437261253576
160.9,0.0143171211955533
160.91,0.0141969841397758
160.92,0.01407685482556
160.93,0.0139567402507221
160.94,0.0138366464363082
160.95,0.0137165793698682
160.96,0.01359654585735
160.97,0.0134765519067541
160.98,0.0133566036960345
160.99,0.0132367078501338
161,0.0131168725842421
161.01,0.0129971041724082
161.02,0.0128774097505803
161.03,0.0127577964101916
161.04,0.0126382713343101
161.05,0.0125188420120901
161.06,0.0123995159594651
161.07,0.0122802984380682
161.08,0.0121611967911271
161.09,0.0120422180794682
161.1,0.0119233690605839
161.11,0.0118046561075569
161.12,0.0116860859862557
161.13,0.0115676652500375
161.14,0.0114494018245055
161.15,0.0113313041580371
161.16,0.0112133789654139
161.17,0.0110956338627222
161.18,0.0109780781202283
161.19,0.0108607199498865
161.2,0.0107435678163245
161.21,0.0106266302040717
161.22,0.0105099133444878
161.23,0.0103934265757188
161.24,0.0102771782389828
161.25,0.0101611754377309
161.26,0.010045424548577
161.27,0.0099299337925837
161.28,0.00981471047100169
161.29,0.00969976338579085
161.3,0.00958510049191469
161.31,0.00947072961637327
161.32,0.00935666170222112
161.33,0.00924290658059962
161.34,0.00912947402932143
161.35,0.00901637315556249
161.36,0.00890361402412261
161.37,0.00879120721871553
161.38,0.00867916015032343
161.39,0.00856748152706945
161.4,0.00845618065289757
161.41,0.00834526609933675
161.42,0.0082347462877508
161.43,0.00812462948294966
161.44,0.00801492737175128
161.45,0.00790565056256166
161.46,0.00779680879480866
161.47,0.00768841422814475
161.48,0.0075804790187509
161.49,0.00747301527974035
161.5,0.00736603267457162
161.51,0.00725954187331864
161.52,0.00715355492868317
161.53,0.00704808066976855
161.54,0.00694312826214225
161.55,0.00683870774237644
161.56,0.00673483087098359
161.57,0.00663150893131711
161.58,0.00652875192786278
161.59,0.00642657406701006
161.6,0.00632499064059443
161.61,0.00622401539241986
161.62,0.00612366037285747
161.63,0.00602394088267464
161.64,0.00592486726320624
161.65,0.00582644865286659
161.66,0.00572869671575307
161.67,0.00563162486862987
161.68,0.0055352433281103
161.69,0.00543956643117583
161.7,0.00534460974453989
161.71,0.00525038701728563
161.72,0.00515691218010374
161.73,0.00506420080684611
161.74,0.00497226589337148
161.75,0.00488111961612337
161.76,0.0047907758988115
161.77,0.00470124723467978
161.78,0.00461254618076408
161.79,0.00452468642517514
161.8,0.0044376821781507
161.81,0.0043515466656292
161.82,0.00426629569520809
161.83,0.00418194381306007
161.84,0.00409850481880143
161.85,0.00401599173940037
161.86,0.00393441897677062
161.87,0.00385379784168091
161.88,0.00377414123249357
161.89,0.0036954616153516
161.9,0.00361777155674725
161.91,0.00354108278428994
161.92,0.00346540796475852
161.93,0.00339075888658811
161.94,0.003317147020732
161.95,0.00324458323041199
161.96,0.00317307868917382
161.97,0.00310264255196506
161.98,0.00303328475536625
161.99,0.00296501418760736
162,0.00289783891961589
162.01,0.00283176685189415
162.02,0.0027668048682558
162.03,0.00270295949043533
162.04,0.00264023640985986
162.05,0.00257864034685093
162.06,0.00251817570778393
162.07,0.0024588454181049
162.08,0.00240065202717317
162.09,0.00234359710364663
162.1,0.00228768095825386
162.11,0.00223290344911407
162.12,0.00217926315974993
162.13,0.00212675778319637
162.14,0.00207538405476655
162.15,0.00202513778619716
162.16,0.00197601369071341
162.17,0.00192800555673086
162.18,0.00188110620969957
162.19,0.00183530740285239
162.2,0.00179060017085905
162.21,0.00174697444166357
162.22,0.00170441926922437
162.23,0.00166292290365472
162.24,0.001622472631315
162.25,0.00158305502646176
162.26,0.0015446558845295
162.27,0.00150726017654045
162.28,0.0014708523667795
162.29,0.00143541612258263
162.3,0.00140093461594245
162.31,0.00136739061580536
162.32,0.00133476625324495
162.33,0.00130304331010042
162.34,0.00127220321729671
162.35,0.00124222705655809
162.36,0.0012130957030614
162.37,0.00118478983831477
162.38,0.00115728996789736
162.39,0.00113057654367814
162.4,0.00110462998091467
162.41,0.00107943071462158
162.42,0.00105495917681309
162.43,0.00103119596470983
162.44,0.00100812183500566
162.45,0.00098571755559247
162.46,0.000963964273877488
162.47,0.00094284334107965
162.48,0.000922336229072349
162.49,0.000902424870442546
162.5,0.000883091462605241
162.51,0.00086431843139088
162.52,0.000846088712117258
162.53,0.00082838556347182
162.54,0.000811192493025597
162.55,0.000794493589087331
162.56,0.0007782732801139
162.57,0.000762516235484815
162.58,0.000747207743430201
162.59,0.000732333430255571
162.6,0.000717879185428786
162.61,0.000703831479566352
162.62,0.000690177129776404
162.63,0.000676903273082124
162.64,0.000663997543213334
162.65,0.000651447936840842
162.66,0.00063924279581438
162.67,0.000627370905488383
162.68,0.00061582140660338
162.69,0.000604583739151453
162.7,0.000593647784443457
162.71,0.000583003735839095
162.72,0.000572642033437738
162.73,0.000562553547401486
162.74,0.000552729430334482
162.75,0.000543161092900787
162.76,0.000533840278591143
162.77,0.000524759002187968
162.78,0.000515909636101465
162.79,0.000507284825641807
162.8,0.000498877449099314
162.81,0.000490680637544332
162.82,0.00048268770669271
162.83,0.000474892300053144
162.84,0.000467288256100809
162.85,0.000459869638032095
162.86,0.00045263071033434
162.87,0.000445565939062056
162.88,0.000438670026768131
162.89,0.000431937838190916
162.9,0.000425364417686993
162.91,0.000418945014232686
162.92,0.000412675060376456
162.93,0.000406550129820003
162.94,0.000400565971139387
162.95,0.00039471849691419
162.96,0.000389003759146618
162.97,0.000383417957339805
162.98,0.000377957440084505
162.99,0.000372618692287533
163,0.000367398314729691
163.01,0.000362293035430448
163.02,0.000357299722152538
163.03,0.000352415339787859
163.04,0.000347636961007045
163.05,0.00034296176883414
163.06,0.000338387101437391
163.07,0.000333910335660275
163.08,0.000329528963689407
163.09,0.000325240583830985
163.1,0.000321042907126996
163.11,0.00031693369710878
163.12,0.000312910815209124
163.13,0.000308972209909643
163.14,0.000305115906852884
163.15,0.000301340003591977
163.16,0.000297642671064052
163.17,0.000294022161721006
163.18,0.00029047678230052
163.19,0.000287004905777853
163.2,0.000283604974020089
163.21,0.000280275521695166
163.22,0.000277015093079341
163.23,0.000273822304714026
163.24,0.00027069582512353
163.25,0.000267634422401232
163.26,0.000264636875267557
163.27,0.000261702010850824
163.28,0.000258828710019735
163.29,0.000256015904848082
163.3,0.000253262577362778
163.31,0.000250567737314231
163.32,0.000247930439865877
163.33,0.000245349777921229
163.34,0.00024282488728506
163.35,0.000240354929647317
163.36,0.000237939101679045
163.37,0.000235576630228194
163.38,0.000233266805330462
163.39,0.000231008942356809
163.4,0.000228802358421364
163.41,0.00022664641317605
163.42,0.000224540498146394
163.43,0.00022248405600254
163.44,0.000220476522998934
163.45,0.000218517373072087
163.46,0.000216606104741737
163.47,0.000214742241611367
163.48,0.000212925328627037
163.49,0.000211154932046164
163.5,0.000209430638756653
163.51,0.000207752064766064
163.52,0.000206118858118429
163.53,0.000204530662653642
163.54,0.000202987150574052
163.55,0.000201488012159387
163.56,0.000200032984267638
163.57,0.000198621790034825
163.58,0.000197254181208449
163.59,0.000195929927443063
163.6,0.000194648830956026
163.61,0.000193410711978895
163.62,0.00019221539475204
163.63,0.000191062728810598
163.64,0.000189952585085954
163.65,0.000188884873841013
163.66,0.000187859497402708
163.67,0.000186876387453997
163.68,0.000185935495137684
163.69,0.000185036771602496
163.7,0.000184180197116246
163.71,0.000183365773979099
163.72,0.000182593516861882
163.73,0.000181863472143217
163.74,0.000181175740513082
163.75,0.000180530387278186
163.76,0.000179927520375826
163.77,0.00017936726929264
163.78,0.000178849779423435
163.79,0.000178375223148726
163.8,0.000177943793967841
163.81,0.000177555706832046
163.82,0.000177211198921637
163.83,0.00017691052986163
163.84,0.000176653981928732
163.85,0.000176441860276317
163.86,0.000176274493138873
163.87,0.000176152227977218
163.88,0.000176075440107529
163.89,0.000176044526662758
163.9,0.000176059908357619
163.91,0.000176122033777856
163.92,0.000176231376015141
163.93,0.000176388428888896
163.94,0.00017659371323215
163.95,0.000176847774533227
163.96,0.000177151177955163
163.97,0.000177504521211036
163.98,0.000177908424926826
163.99,0.000178363535406106
164,0.00017887050930242
164.01,0.000179430035276159
164.02,0.000180042832410131
164.03,0.000180709639832106
164.04,0.000181431216115397
164.05,0.000182208328539455
164.06,0.000183041788392629
164.07,0.000183932421002135
164.08,0.000184881073577677
164.09,0.000185888591189966
164.1,0.000186955857961512
164.11,0.000188083776402779
164.12,0.000189273264229101
164.13,0.000190525244951179
164.14,0.000191840638628194
164.15,0.000193220404497265
164.16,0.000194665502174951
164.17,0.000196176883970426
164.18,0.000197755514284019
164.19,0.000199402366631413
164.2,0.000201118412246486
164.21,0.000202904604479971
164.22,0.000204761911824896
164.23,0.000206691291339075
164.24,0.000208693681258937
164.25,0.000210769991473849
164.26,0.000212921141608738
164.27,0.00021514802330852
164.28,0.00021745147089568
164.29,0.000219832304372454
164.3,0.000222291321433649
164.31,0.00022482927411612
164.32,0.00022744684698289
164.33,0.000230144704802859
164.34,0.000232923452066891
164.35,0.000235783630383014
164.36,0.000238725710011313
164.37,0.00024175011148667
164.38,0.000244857178617472
164.39,0.00024804715918557
164.4,0.000251320227505318
164.41,0.000254676476072837
164.42,0.000258115899334914
164.43,0.000261638372762071
164.44,0.000265243688367724
164.45,0.000268931520516177
164.46,0.000272701431654156
164.47,0.00027655286909089
164.48,0.000280485147391406
164.49,0.000284497454388047
164.5,0.00028858886556438
164.51,0.000292758309952384
164.52,0.000297004570235607
164.53,0.000301326291380219
164.54,0.000305722016849292
164.55,0.000310190093641587
164.56,0.000314728733670902
164.57,0.000319336019051731
164.58,0.000324009909981649
164.59,0.000328748164114412
164.6,0.000333548403662227
164.61,0.000338408165763967
164.62,0.000343324805902342
164.63,0.00034829551475587
164.64,0.000353317355656597
164.65,0.000358387355595604
164.66,0.00036350229249304
164.67,0.000368658849442483
164.68,0.000373853607253504
164.69,0.000379083073267632
164.7,0.000384343592713498
164.71,0.000389631447857193
164.72,0.000394942856645875
164.73,0.000400273923237269
164.74,0.000405620681943443
164.75,0.000410979089946773
164.76,0.000416345051836769
164.77,0.000421714431571189
164.78,0.000427083062557539
164.79,0.000432446719556122
164.8,0.000437801187458497
164.81,0.000443142253553005
164.82,0.000448465682147184
164.83,0.000453767257637295
164.84,0.000459042785661172
164.85,0.000464288104863646
164.86,0.000469499095168083
164.87,0.000474671687742651
164.88,0.000479801874383874
164.89,0.000484885700579417
164.9,0.000489919288877173
164.91,0.00049489885357687
164.92,0.000499820681343502
164.93,0.000504681159282885
164.94,0.000509476784414621
164.95,0.00051420414978902
164.96,0.000518859969596446
164.97,0.000523441084694204
164.98,0.000527944439391835
164.99,0.000532367120988545
165,0.000536706357344125
165.01,0.000540959475984063
165.02,0.000545123966167363
165.03,0.000549197461955521
165.04,0.000553177704986208
165.05,0.000557062603828399
165.06,0.000560850211308196
165.07,0.000564538691029157
165.08,0.000568126376313142
165.09,0.000571611740921746
165.1,0.000574993373762136
165.11,0.000578270029490914
165.12,0.000581440598018995
165.13,0.000584504067910715
165.14,0.000587459597701716
165.15,0.000590306467953573
165.16,0.00059304406928848
165.17,0.000595671936645159
165.18,0.000598189723737185
165.19,0.000600597184660456
165.2,0.000602894208095707
165.21,0.000605080790406599
165.22,0.000607157013388476
165.23,0.00060912308313145
165.24,0.000610979299034269
165.25,0.000612726050339659
165.26,0.00061436382308122
165.27,0.000615893189538469
165.28,0.000617314807390664
165.29,0.000618629413930388
165.3,0.00061983782350402
165.31,0.000620940913613343
165.32,0.000621939637798549
165.33,0.000622835010531643
165.34,0.000623628101001883
165.35,0.000624320037326719
165.36,0.000624911996884008
165.37,0.000625405222480541
165.38,0.000625800989101875
165.39,0.000626100616689987
165.4,0.000626305467234822
165.41,0.000626416937613446
165.42,0.000626436456884743
165.43,0.000626365484127647
165.44,0.000626205504184155
165.45,0.000625958023983381
165.46,0.000625624575495324
165.47,0.000625206710872955
165.48,0.000624705990996641
165.49,0.000624123997252579
165.5,0.000623462330571166
165.51,0.000622722589766862
165.52,0.000621906385966291
165.53,0.000621015338687559
165.54,0.00062005106696334
165.55,0.000619015192096953
165.56,0.000617909335236358
165.57,0.000616735112918798
165.58,0.000615494137259926
165.59,0.000614188032060989
165.6,0.000612818397581785
165.61,0.000611386831212055
165.62,0.000609894932198954
165.63,0.000608344281386759
165.64,0.000606736451084887
165.65,0.000605073001548912
165.66,0.000603355479850733
165.67,0.000601585418454343
165.68,0.000599764338949396
165.69,0.000597893748020208
165.7,0.00059597513153267
165.71,0.000594009961843679
165.72,0.000591999696575227
165.73,0.000589945770374257
165.74,0.000587849602730668
165.75,0.000585712603086509
165.76,0.000583536152656359
165.77,0.000581321616717247
165.78,0.000579070339103304
165.79,0.000576783645137116
165.8,0.000574462838755175
165.81,0.000572109203495463
165.82,0.000569724000453354
165.83,0.000567308468665782
165.84,0.000564863835391693
165.85,0.000562391301510927
165.86,0.000559892044260204
165.87,0.000557367222641798
165.88,0.000554817979261717
165.89,0.000552245430074997
165.9,0.000549650672162186
165.91,0.000547034777835682
165.92,0.000544398799830623
165.93,0.000541743769641288
165.94,0.000539070697763408
165.95,0.000536380577256703
165.96,0.00053367437470307
165.97,0.000530953037217435
165.98,0.000528217500201991
165.99,0.000525468673758819
166,0.000522707447805421
166.01,0.000519934692827589
166.02,0.000517151256402782
166.03,0.000514357971149969
166.04,0.000511555648647897
166.05,0.000508745076214667
166.06,0.000505927024316402
166.07,0.000503102243492703
166.08,0.000500271468241514
166.09,0.000497435425110246
166.1,0.000494594811672253
166.11,0.000491750312119437
166.12,0.000488902585968118
166.13,0.000486052283927759
166.14,0.000483200037110233
166.15,0.000480346458127458
166.16,0.000477492144326158
166.17,0.000474637675903104
166.18,0.000471783619495015
166.19,0.000468930524084952
166.2,0.000466078923250657
166.21,0.000463229335651248
166.22,0.000460382264949693
166.23,0.000457538200052744
166.24,0.000454697614936793
166.25,0.00045186096901416
166.26,0.000449028708054348
166.27,0.000446201265805954
166.28,0.000443379066464476
166.29,0.000440562517673367
166.3,0.000437752015351655
166.31,0.000434947936103695
166.32,0.000432150649797281
166.33,0.000429360510973909
166.34,0.000426577869717776
166.35,0.000423803055519908
166.36,0.000421036386815007
166.37,0.000418278179283852
166.38,0.000415528737580114
166.39,0.00041278834662398
166.4,0.000410057285483789
166.41,0.000407335828337213
166.42,0.000404624230566128
166.43,0.000401922739572183
166.44,0.00039923159902327
166.45,0.000396551035818722
166.46,0.000393881268117949
166.47,0.00039122251109413
166.48,0.000388574970345725
166.49,0.000385938836505404
166.5,0.000383314297208134
166.51,0.000380701541422714
166.52,0.000378100734099413
166.53,0.000375512037350613
166.54,0.000372935608476602
166.55,0.000370371598362353
166.56,0.000367820144193012
166.57,0.00036528137744929
166.58,0.000362755431898823
166.59,0.000360242429358399
166.6,0.000357742479739621
166.61,0.000355255688562397
166.62,0.000352782167224421
166.63,0.000350322008075052
166.64,0.000347875298964003
166.65,0.000345442123107728
166.66,0.000343022569584363
166.67,0.000340616706690258
166.68,0.000338224601912359
166.69,0.000335846319215338
166.7,0.000333481922766925
166.71,0.000331131462330387
166.72,0.00032879498559575
166.73,0.000326472540144257
166.74,0.000324164170420534
166.75,0.000321869908478487
166.76,0.000319589784799438
166.77,0.000317323830732413
166.78,0.000315072073444011
166.79,0.000312834529694746
166.8,0.000310611214753263
166.81,0.000308402145403714
166.82,0.00030620733329535
166.83,0.000304026781750325
166.84,0.000301860492541907
166.85,0.000299708469997606
166.86,0.000297570712340814
166.87,0.000295447211095763
166.88,0.00029333795638023
166.89,0.000291242940458623
166.9,0.000289162149263649
166.91,0.000287095564014722
166.92,0.000285043164216186
166.93,0.000283004933534975
166.94,0.000280980847673362
166.95,0.000278970878854649
166.96,0.000276974997955999
166.97,0.000274993178549408
166.98,0.000273025386926394
166.99,0.000271071587331555
167,0.000269131742301032
167.01,0.000267205817543322
167.02,0.000265293774914676
167.03,0.000263395570433247
167.04,0.000261511160247732
167.05,0.000259640501323426
167.06,0.000257783551346677
167.07,0.00025594026012205
167.08,0.000254110578304784
167.09,0.000252294455789883
167.1,0.000250491845261357
167.11,0.000248702691548267
167.12,0.000246926940348484
167.13,0.000245164535891606
167.14,0.000243415427568649
167.15,0.000241679555669388
167.16,0.000239956861848379
167.17,0.000238247286587642
167.18,0.000236550773808573
167.19,0.000234867262834285
167.2,0.000233196691352515
167.21,0.000231538996956732
167.22,0.000229894117799497
167.23,0.000228261991712397
167.24,0.000226642554266089
167.25,0.000225035741170649
167.26,0.000223441487619204
167.27,0.000221859727758838
167.28,0.000220290394998984
167.29,0.000218733423265397
167.3,0.000217188745617523
167.31,0.000215656294726062
167.32,0.000214136002932425
167.33,0.000212627802294486
167.34,0.000211131624536732
167.35,0.00020964740117385
167.36,0.000208175063523339
167.37,0.000206714542558338
167.38,0.000205265768607677
167.39,0.00020382867270666
167.4,0.000202403185464083
167.41,0.000200989237423344
167.42,0.000199586758602122
167.43,0.000198195676114698
167.44,0.000196815921006957
167.45,0.000195447422628755
167.46,0.000194090110186372
167.47,0.000192743912951219
167.48,0.000191408763347579
167.49,0.000190084589646037
167.5,0.000188771321775647
167.51,0.000187468889815896
167.52,0.000186177224028619
167.53,0.000184896251092252
167.54,0.000183625902298836
167.55,0.00018236610748607
167.56,0.000181116796506021
167.57,0.000179877899292886
167.58,0.000178649346995285
167.59,0.000177431069769406
167.6,0.000176222998173064
167.61,0.000175025063077226
167.62,0.000173837195583397
167.63,0.000172659326636859
167.64,0.000171491387764125
167.65,0.000170333310778647
167.66,0.000169185027691356
167.67,0.000168046470801553
167.68,0.000166917571199078
167.69,0.000165798261156613
167.7,0.000164688473764438
167.71,0.000163588141871042
167.72,0.000162497198560529
167.73,0.000161415577328752
167.74,0.000160343212414595
167.75,0.000159280037525407
167.76,0.000158225986998119
167.77,0.000157180995481436
167.78,0.000156144997945501
167.79,0.000155117929668564
167.8,0.000154099726291042
167.81,0.000153090323800772
167.82,0.000152089658540946
167.83,0.000151097667222904
167.84,0.000150114286263476
167.85,0.000149139451828871
167.86,0.000148173101960703
167.87,0.000147215174320696
167.88,0.000146265606876022
167.89,0.000145324337900521
167.9,0.000144391307459742
167.91,0.000143466454166817
167.92,0.000142549717616879
167.93,0.000141641037827754
167.94,0.000140740355215661
167.95,0.00013984761045559
167.96,0.000138962744634852
167.97,0.000138085699413117
167.98,0.00013721641677699
167.99,0.000136354839131368
168,0.000135500909139824
168.01,0.000134654568191668
168.02,0.00013381576038646
168.03,0.000132984429283785
168.04,0.000132160518785515
168.05,0.000131343973133716
168.06,0.000130534736991702
168.07,0.000129732755308198
168.08,0.00012893797333765
168.09,0.000128150336699337
168.1,0.000127369791348454
168.11,0.000126596283574467
168.12,0.00012582976266976
168.13,0.000125070175207205
168.14,0.000124317469021304
168.15,0.000123571592581281
168.16,0.000122832494821684
168.17,0.000122100124740899
168.18,0.000121374428980948
168.19,0.00012065535876153
168.2,0.000119942864017752
168.21,0.000119236895026439
168.22,0.000118537402402166
168.23,0.000117844337410139
168.24,0.000117157651977083
168.25,0.000116477297575309
168.26,0.000115803226400572
168.27,0.000115135391012456
168.28,0.000114473744333707
168.29,0.000113818239993272
168.3,0.000113168831854225
168.31,0.000112525473919498
168.32,0.000111888120731897
168.33,0.000111256727223042
168.34,0.000110631248714763
168.35,0.000110011640183142
168.36,0.000109397857744291
168.37,0.000108789857774286
168.38,0.00010818759690974
168.39,0.000107591032141986
168.4,0.000107000120808679
168.41,0.000106414820492828
168.42,0.000105835089270908
168.43,0.000105260885507268
168.44,0.000104692167907867
168.45,0.000104128895518308
168.46,0.000103571027819587
168.47,0.000103018524781429
168.48,0.00010247134635388
168.49,0.000101929452988658
168.5,0.000101392805477009
168.51,0.000100861364948352
168.52,0.000100335092868912
168.53,9.98139510912335e-05
168.54,9.92979019036294e-05
168.55,9.87869077120503e-05
168.56,9.82809313549047e-05
168.57,9.77799360061659e-05
168.58,9.72838851743323e-05
168.59,9.6792742701415e-05
168.6,9.63064726395106e-05
168.61,9.58250390627338e-05
168.62,9.53484069842823e-05
168.63,9.4876541466249e-05
168.64,9.44094078841162e-05
168.65,9.39469719248126e-05
168.66,9.34891995847705e-05
168.67,9.30360571953443e-05
168.68,9.25875114808293e-05
168.69,9.21435293075942e-05
168.7,9.17040779168788e-05
168.71,9.12691248535153e-05
168.72,9.08386379642163e-05
168.73,9.04125853958626e-05
168.74,8.99909356028545e-05
168.75,8.95736573729596e-05
168.76,8.91607197246437e-05
168.77,8.87520919983498e-05
168.78,8.83477438275926e-05
168.79,8.79476451373382e-05
168.8,8.75517661423833e-05
168.81,8.71600773291884e-05
168.82,8.67725493849499e-05
168.83,8.63891534260653e-05
168.84,8.6009860789047e-05
168.85,8.56346430890165e-05
168.86,8.5263472217901e-05
168.87,8.48963203426072e-05
168.88,8.45331599070009e-05
168.89,8.41739636520245e-05
168.9,8.3818704546629e-05
168.91,8.34673558454573e-05
168.92,8.31198910699395e-05
168.93,8.27762840065309e-05
168.94,8.2436508704961e-05
168.95,8.21005394830459e-05
168.96,8.17683509732821e-05
168.97,8.14399179687483e-05
168.98,8.11152155614406e-05
168.99,8.07942190985901e-05
169,8.0476904180928e-05
169.01,8.01632466609699e-05
169.02,7.98532226412906e-05
169.03,7.95468084728011e-05
169.04,7.92439807530248e-05
169.05,7.8944716436067e-05
169.06,7.86489926216843e-05
169.07,7.83567866042508e-05
169.08,7.80680759692695e-05
169.09,7.77828385422667e-05
169.1,7.75010523871603e-05
169.11,7.72226958046358e-05
169.12,7.6947747330508e-05
169.13,7.66761857340976e-05
169.14,7.6407990030449e-05
169.15,7.61431395223015e-05
169.16,7.58816136267153e-05
169.17,7.56233920395724e-05
169.18,7.53684546830917e-05
169.19,7.51167817042524e-05
169.2,7.48683534732022e-05
169.21,7.46231505816799e-05
169.22,7.43811538414316e-05
169.23,7.41423442826258e-05
169.24,7.39067032714123e-05
169.25,7.36742122634825e-05
169.26,7.34448529121445e-05
169.27,7.32186071234317e-05
169.28,7.2995457015822e-05
169.29,7.27753849187448e-05
169.3,7.25583733710871e-05
169.31,7.23444051196989e-05
169.32,7.21334631179046e-05
169.33,7.1925530576109e-05
169.34,7.17205910254182e-05
169.35,7.1518627923204e-05
169.36,7.13196250577117e-05
169.37,7.11235664188374e-05
169.38,7.09304361967643e-05
169.39,7.07402187805928e-05
169.4,7.05528987569727e-05
169.41,7.03684609087343e-05
169.42,7.01868902135208e-05
169.43,7.00081720181947e-05
169.44,6.98322916496975e-05
169.45,6.96592346434101e-05
169.46,6.94889867666335e-05
169.47,6.93215339772203e-05
169.48,6.91568624223241e-05
169.49,6.89949584371537e-05
169.5,6.88358085437181e-05
169.51,6.86793994495804e-05
169.52,6.85257181027234e-05
169.53,6.83747516996401e-05
169.54,6.82264874165019e-05
169.55,6.80809127107136e-05
169.56,6.79380152212013e-05
169.57,6.77977827672706e-05
169.58,6.76602033474564e-05
169.59,6.75252651383811e-05
169.6,6.73929564936079e-05
169.61,6.72632659424984e-05
169.62,6.71361825532641e-05
169.63,6.70116950493605e-05
169.64,6.68897924527541e-05
169.65,6.6770464014556e-05
169.66,6.66536991586188e-05
169.67,6.65394874804945e-05
169.68,6.64278187463912e-05
169.69,6.6318682892133e-05
169.7,6.62120700221135e-05
169.71,6.61079704082561e-05
169.72,6.60063744889704e-05
169.73,6.59072729441857e-05
169.74,6.58106567630163e-05
169.75,6.5716516709058e-05
169.76,6.56248438984094e-05
169.77,6.55356296104748e-05
169.78,6.54488652870013e-05
169.79,6.53645425311166e-05
169.8,6.52826531063656e-05
169.81,6.52031889357479e-05
169.82,6.51261421007565e-05
169.83,6.50515048404128e-05
169.84,6.49792695503052e-05
169.85,6.4909429418996e-05
169.86,6.48419771419871e-05
169.87,6.47769053635185e-05
169.88,6.47142071645628e-05
169.89,6.46538757840212e-05
169.9,6.45959046179993e-05
169.91,6.45402872190837e-05
169.92,6.44870172956177e-05
169.93,6.44360887109777e-05
169.94,6.43874954828504e-05
169.95,6.43412317825071e-05
169.96,6.42972919646222e-05
169.97,6.42556710298414e-05
169.98,6.4216363259369e-05
169.99,6.41793634679377e-05
170,6.4144666623611e-05
170.01,6.41122678471937e-05
170.02,6.40821624116408e-05
170.03,6.40543457414673e-05
170.04,6.40288134121574e-05
170.05,6.40055611495742e-05
170.06,6.39845848293689e-05
170.07,6.39658804763907e-05
170.08,6.39494443106621e-05
170.09,6.39352726870922e-05
170.1,6.39233620369281e-05
170.11,6.39137089830721e-05
170.12,6.39063102953215e-05
170.13,6.39011628898033e-05
170.14,6.38982638284088e-05
170.15,6.38976103182291e-05
170.16,6.38991997109892e-05
170.17,6.39030295024829e-05
170.18,6.3909097332008e-05
170.19,6.39174009818006e-05
170.2,6.39279389034825e-05
170.21,6.39407089175347e-05
170.22,6.39557092060051e-05
170.23,6.39729381592334e-05
170.24,6.39923943114046e-05
170.25,6.40140763401273e-05
170.26,6.40379830660116e-05
170.27,6.40641134522473e-05
170.28,6.40924666041817e-05
170.29,6.41230417688977e-05
170.3,6.41558383347919e-05
170.31,6.41908564989909e-05
170.32,6.42280975648968e-05
170.33,6.42675600628503e-05
170.34,6.43092441176795e-05
170.35,6.4353150009472e-05
170.36,6.43992781737827e-05
170.37,6.44476292018438e-05
170.38,6.44982038407721e-05
170.39,6.45510029937776e-05
170.4,6.46060277203723e-05
170.41,6.46632792365781e-05
170.42,6.47227589151359e-05
170.43,6.47844660373552e-05
170.44,6.48484025090892e-05
170.45,6.49145708589303e-05
170.46,6.49829728898051e-05
170.47,6.50536105491691e-05
170.48,6.51264859290067e-05
170.49,6.52016012658296e-05
170.5,6.52789589406796e-05
170.51,6.53585614791263e-05
170.52,6.54404115512685e-05
170.53,6.55245125297871e-05
170.54,6.56108682508299e-05
170.55,6.56994810364519e-05
170.56,6.57903542294898e-05
170.57,6.58834913227604e-05
170.58,6.59788959590639e-05
170.59,6.60765719311818e-05
170.6,6.61765231818779e-05
170.61,6.62787538038962e-05
170.62,6.63832680399639e-05
170.63,6.64900702965867e-05
170.64,6.65991663210166e-05
170.65,6.67105600153497e-05
170.66,6.68242562859677e-05
170.67,6.69402601929787e-05
170.68,6.70585769502186e-05
170.69,6.7179211925248e-05
170.7,6.73021706393564e-05
170.71,6.74274587675592e-05
170.72,6.7555082138599e-05
170.73,6.76850467349457e-05
170.74,6.78173592281316e-05
170.75,6.79520258629471e-05
170.76,6.80890529119547e-05
170.77,6.82284470175175e-05
170.78,6.83702149782694e-05
170.79,6.85143637491156e-05
170.8,6.86609004412326e-05
170.81,6.88098323220687e-05
170.82,6.89611668153409e-05
170.83,6.91149115010399e-05
170.84,6.92710745488447e-05
170.85,6.94296645600562e-05
170.86,6.959068895838e-05
170.87,6.97541560238123e-05
170.88,6.99200741969393e-05
170.89,7.00884520789374e-05
170.9,7.02592984315736e-05
170.91,7.04326221772054e-05
170.92,7.06084323987806e-05
170.93,7.07867383398386e-05
170.94,7.09675494199753e-05
170.95,7.11508778339736e-05
170.96,7.1336731586518e-05
170.97,7.15251207013695e-05
170.98,7.17160553709854e-05
170.99,7.19095459565147e-05
171,7.21056029878048e-05
171.01,7.23042371633972e-05
171.02,7.25054593505285e-05
171.03,7.27092805851303e-05
171.04,7.29157120718294e-05
171.05,7.31247674590128e-05
171.06,7.33364579800421e-05
171.07,7.35507945176017e-05
171.08,7.3767789089312e-05
171.09,7.39874538882349e-05
171.1,7.42098012828759e-05
171.11,7.44348438171785e-05
171.12,7.46625942105329e-05
171.13,7.48930653577699e-05
171.14,7.51262703291628e-05
171.15,7.53622223704271e-05
171.16,7.56009349027207e-05
171.17,7.58424243281843e-05
171.18,7.60867062229412e-05
171.19,7.63337919726738e-05
171.2,7.65836959526092e-05
171.21,7.68364327258584e-05
171.22,7.70920170434184e-05
171.23,7.7350463844173e-05
171.24,7.76117882548875e-05
171.25,7.78760055902171e-05
171.26,7.81431313527012e-05
171.27,7.8413181232765e-05
171.28,7.86861711087191e-05
171.29,7.89621189544439e-05
171.3,7.92410461704776e-05
171.31,7.95229646942578e-05
171.32,7.98078914744748e-05
171.33,8.0095843663598e-05
171.34,8.03868386178696e-05
171.35,8.0680893897308e-05
171.36,8.09780272657007e-05
171.37,8.12782566906146e-05
171.38,8.15816003433895e-05
171.39,8.18880765991391e-05
171.4,8.2197704036752e-05
171.41,8.25105017889851e-05
171.42,8.28264971049724e-05
171.43,8.31457031922801e-05
171.44,8.34681397788334e-05
171.45,8.37938268131532e-05
171.46,8.41227844643495e-05
171.47,8.44550331221225e-05
171.48,8.4790593396765e-05
171.49,8.51294861191546e-05
171.5,8.54717323407649e-05
171.51,8.58173533336585e-05
171.52,8.61663705904882e-05
171.53,8.65188058244974e-05
171.54,8.68746904915914e-05
171.55,8.72340421990844e-05
171.56,8.75968821538201e-05
171.57,8.79632334083307e-05
171.58,8.83331192578722e-05
171.59,8.87065632404171e-05
171.6,8.90835891366581e-05
171.61,8.94642209699993e-05
171.62,8.98484830065699e-05
171.63,9.02363997552146e-05
171.64,9.06279959674966e-05
171.65,9.10232966376971e-05
171.66,9.14223331380113e-05
171.67,9.18251308469175e-05
171.68,9.22317127381278e-05
171.69,9.26421051768613e-05
171.7,9.30563347906342e-05
171.71,9.34744284692501e-05
171.72,9.38964133648028e-05
171.73,9.43223168916783e-05
171.74,9.47521667265455e-05
171.75,9.51859908083703e-05
171.76,9.56238173384064e-05
171.77,9.60656747801972e-05
171.78,9.65115986448026e-05
171.79,9.69616248489681e-05
171.8,9.74157758046517e-05
171.81,9.78740820486304e-05
171.82,9.83365744407268e-05
171.83,9.88032841638248e-05
171.84,9.92742427238588e-05
171.85,9.97494819498195e-05
171.86,0.000100229033993743
171.87,0.000100712931330726
171.88,0.000101201205924712
171.89,0.000101693890271189
171.9,0.000102191018510485
171.91,0.000102692624296562
171.92,0.000103198741599726
171.93,0.00010370940470663
171.94,0.000104224648220266
171.95,0.000104744507059979
171.96,0.000105269016461457
171.97,0.000105798211976732
171.98,0.00010633213389042
171.99,0.000106870820709954
172,0.000107414305884861
172.01,0.000107962626777695
172.02,0.000108515821099537
172.03,0.00010907392690999
172.04,0.000109636982617179
172.05,0.000110205026977754
172.06,0.00011077809909689
172.07,0.000111356238428278
172.08,0.000111939493949511
172.09,0.000112527908908254
172.1,0.000113121518570476
172.11,0.000113720364820744
172.12,0.000114324489953195
172.13,0.000114933936671527
172.14,0.000115548748089
172.15,0.000116168967728435
172.16,0.000116794639522219
172.17,0.000117425807812299
172.18,0.000118062520800136
172.19,0.000118704824257033
172.2,0.000119352762140787
172.21,0.000120006380790741
172.22,0.000120665726976887
172.23,0.000121330847899874
172.24,0.000122001791190991
172.25,0.000122678604912192
172.26,0.000123361337556078
172.27,0.000124050038045902
172.28,0.000124744762138111
172.29,0.00012544555986239
172.3,0.000126152479009183
172.31,0.000126865570841782
172.32,0.000127584887090285
172.33,0.000128310479951615
172.34,0.000129042402089505
172.35,0.00012978070663451
172.36,0.000130525447183983
172.37,0.000131276677802107
172.38,0.000132034462444352
172.39,0.000132798855330771
172.4,0.000133569909086319
172.41,0.000134347680488375
172.42,0.000135132226830555
172.43,0.000135923605922711
172.44,0.000136721876090916
172.45,0.000137527096177491
172.46,0.000138339325540987
172.47,0.00013915862405619
172.48,0.000139985064953894
172.49,0.000140818706717482
172.5,0.000141659607776208
172.51,0.000142507831147008
172.52,0.000143363440425825
172.53,0.000144226499787602
172.54,0.000145097073986286
172.55,0.000145975228354827
172.56,0.000146861028805182
172.57,0.000147754541828298
172.58,0.000148655843624737
172.59,0.000149564999259839
172.6,0.000150482075383759
172.61,0.000151407141522088
172.62,0.000152340267821201
172.63,0.000153281525048241
172.64,0.00015423098459112
172.65,0.000155188718458518
172.66,0.000156154799279889
172.67,0.000157129300305455
172.68,0.000158112307259771
172.69,0.000159103891349318
172.7,0.000160104126756437
172.71,0.000161113090525059
172.72,0.000162130860410103
172.73,0.000163157514877476
172.74,0.000164193133104054
172.75,0.000165237794977713
172.76,0.000166291585900887
172.77,0.000167354587396805
172.78,0.000168426880237518
172.79,0.000169508547810417
172.8,0.000170599674259448
172.81,0.000171700344485116
172.82,0.000172810644144461
172.83,0.000173930659651096
172.84,0.000175060482240845
172.85,0.000176200202017647
172.86,0.000177349905483494
172.87,0.000178509682794838
172.88,0.000179679624914982
172.89,0.000180859823614091
172.9,0.00018205037146919
172.91,0.000183251361864166
172.92,0.000184462892806435
172.93,0.000185685064560176
172.94,0.000186917969070799
172.95,0.000188161703884628
172.96,0.00018941636742114
172.97,0.000190682058972964
172.98,0.000191958878705895
172.99,0.000193246927658858
173,0.000194546309672115
173.01,0.000195857133657599
173.02,0.00019717949937878
173.03,0.000198513512122614
173.04,0.000199859278103321
173.05,0.000201216904462375
173.06,0.00020258649926852
173.07,0.000203968171517734
173.08,0.000205362032410114
173.09,0.00020676820513078
173.1,0.000208186794236817
173.11,0.000209617913610996
173.12,0.000211061678148586
173.13,0.000212518203757325
173.14,0.000213987607357429
173.15,0.000215470006881587
173.16,0.000216965521274966
173.17,0.000218474279164023
173.18,0.000219996397032577
173.19,0.0002215319973621
173.2,0.000223081203939382
173.21,0.000224644141617614
173.22,0.000226220936316399
173.23,0.000227811715021758
173.24,0.000229416605786096
173.25,0.000231035746602575
173.26,0.000232669265036701
173.27,0.000234317291734254
173.28,0.000235979959981656
173.29,0.000237657404198353
173.3,0.000239349759936811
173.31,0.000241057163882526
173.32,0.000242779753853988
173.33,0.000244517678112897
173.34,0.000246271076912714
173.35,0.000248040089188628
173.36,0.000249824858542078
173.37,0.000251625529794443
173.38,0.000253442248987003
173.39,0.000255275163380948
173.4,0.000257124421457375
173.41,0.000258990176802234
173.42,0.000260872582254364
173.43,0.00026277178796174
173.44,0.000264687947956653
173.45,0.000266621217538445
173.46,0.000268571753273474
173.47,0.000270539712995117
173.48,0.000272525255803786
173.49,0.000274528546443608
173.5,0.000276549752251845
173.51,0.000278589031893694
173.52,0.000280646550582403
173.53,0.000282722474872266
173.54,0.000284816972658629
173.55,0.000286930213177884
173.56,0.000289062367007485
173.57,0.0002912136082952
173.58,0.000293384116969871
173.59,0.000295574063361242
173.6,0.000297783624250472
173.61,0.000300012977819816
173.62,0.000302262303652703
173.63,0.000304531782733685
173.64,0.000306821597448447
173.65,0.000309131931987677
173.66,0.000311462975390902
173.67,0.000313814912664084
173.68,0.000316187932515293
173.69,0.000318582225152619
173.7,0.000320997982289954
173.71,0.000323435397152621
173.72,0.000325894664483082
173.73,0.000328375980546641
173.74,0.000330879543137078
173.75,0.000333405550617378
173.76,0.000335954201146341
173.77,0.00033852569894093
173.78,0.000341120247591102
173.79,0.000343738052203871
173.8,0.000346379319407186
173.81,0.000349044257353819
173.82,0.000351733075725179
173.83,0.000354445985735274
173.84,0.000357183200134528
173.85,0.000359944930591617
173.86,0.000362731389902614
173.87,0.000365542797855775
173.88,0.000368379372741871
173.89,0.00037124133433948
173.9,0.000374128903915788
173.91,0.000377042304227385
173.92,0.000379981759521071
173.93,0.000382947495534667
173.94,0.000385939739497749
173.95,0.000388958714412954
173.96,0.000392004648332431
173.97,0.000395077775632875
173.98,0.000398178328499902
173.99,0.000401306540508211
174,0.000404462646617696
174.01,0.000407646883169388
174.02,0.000410859487881476
174.03,0.000414100699845325
174.04,0.000417370759521475
174.05,0.000420669898568848
174.06,0.000423998360963431
174.07,0.00042735639330864
174.08,0.000430744240089263
174.09,0.000434162146992703
174.1,0.000437610360898493
174.11,0.000441089129867679
174.12,0.000444598703132413
174.13,0.000448139331085342
174.14,0.000451711265269097
174.15,0.000455314741124934
174.16,0.000458950018960094
174.17,0.000462617354207675
174.18,0.000466317000951996
174.19,0.000470049214173673
174.2,0.000473814249730312
174.21,0.000477612364336982
174.22,0.000481443815546806
174.23,0.000485308861731538
174.24,0.000489207761897074
174.25,0.000493140754171178
174.26,0.000497108109853693
174.27,0.000501110087574627
174.28,0.000505146946319214
174.29,0.000509218945388332
174.3,0.000513326344358927
174.31,0.000517469403044457
174.32,0.000521648381455218
174.33,0.000525863532236372
174.34,0.000530115118507432
174.35,0.000534403400068249
174.36,0.000538728636134012
174.37,0.000543091085774338
174.38,0.000547491007866018
174.39,0.000551928661045885
174.4,0.000556404303663664
174.41,0.000560918181345205
174.42,0.000565470554605227
174.43,0.000570061680596496
174.44,0.000574691813870192
174.45,0.000579361208187651
174.46,0.000584070116459061
174.47,0.000588818790682286
174.48,0.000593607481881692
174.49,0.000598436417088885
174.5,0.000603305846473045
174.51,0.00060821601965992
174.52,0.000613167178620824
174.53,0.000618159563486956
174.54,0.000623193412458581
174.55,0.000628268961714204
174.56,0.000633386445319771
174.57,0.000638546077177173
174.58,0.000643748083858906
174.59,0.000648992695975747
174.6,0.000654280134174727
174.61,0.000659610616032576
174.62,0.000664984355938347
174.63,0.000670401564975743
174.64,0.000675862450805594
174.65,0.000681367208072703
174.66,0.000686916032929976
174.67,0.000692509125202576
174.68,0.000698146675197317
174.69,0.000703828868900065
174.7,0.000709555887841829
174.71,0.000715327908964542
174.72,0.000721145104486992
174.73,0.000727007625118892
174.74,0.000732915619195653
174.75,0.000738869252621281
174.76,0.00074486867219169
174.77,0.000750914018658077
174.78,0.000757005426557937
174.79,0.000763143024046085
174.8,0.000769326932725677
174.81,0.000775557245958017
174.82,0.000781834036703164
174.83,0.000788157417546217
174.84,0.000794527469263569
174.85,0.000800944263268204
174.86,0.000807407861313662
174.87,0.000813918315198365
174.88,0.000820475664170692
174.89,0.000827079939555556
174.9,0.000833731161257914
174.91,0.000840429337688012
174.92,0.000847174465732219
174.93,0.000853966530451583
174.94,0.00086080552246807
174.95,0.000867691448122855
174.96,0.000874624239395245
174.97,0.00088160384492524
174.98,0.000888630202149828
174.99,0.000895703237139575
175,0.000902822864435616
175.01,0.00090998892591974
175.02,0.000917201294703773
175.03,0.000924459834673108
175.04,0.000931764379781504
175.05,0.000939114745532778
175.06,0.000946510722335495
175.07,0.000953952085693562
175.08,0.0009614385903043
175.09,0.000968969968384107
175.1,0.000976545929914212
175.11,0.000984166240561401
175.12,0.000991830572020315
175.13,0.000999538585537994
175.14,0.0010072899329282
175.15,0.00101508424727061
175.16,0.00102292112687661
175.17,0.00103080016655041
175.18,0.00103872093759779
175.19,0.0010466829895085
175.2,0.00105468585099095
175.21,0.00106272894388288
175.22,0.00107081175896601
175.23,0.00107893373453685
175.24,0.00108709427677227
175.25,0.0010952927630731
175.26,0.00110352855491422
175.27,0.00111180096819609
175.28,0.00112010929373991
175.29,0.001128452791675
175.3,0.00113683069116861
175.31,0.0011452422532429
175.32,0.00115368663086006
175.33,0.0011621629751264
175.34,0.00117067040709581
175.35,0.0011792080163787
175.36,0.00118777483659531
175.37,0.00119636990093149
175.38,0.00120499219805388
175.39,0.00121364068317228
175.4,0.00122231427682766
175.41,0.00123101182056898
175.42,0.0012397321740029
175.43,0.00124847413893189
175.44,0.00125723647838565
175.45,0.00126601791590333
175.46,0.00127481717724214
175.47,0.00128363289809577
175.48,0.00129246369271079
175.49,0.00130130813597075
175.5,0.00131016476264263
175.51,0.00131903210801174
175.52,0.00132790862076453
175.53,0.00133679272502583
175.54,0.00134568280681312
175.55,0.00135457721257089
175.56,0.00136347422606233
175.57,0.00137237211496925
175.58,0.00138126909867032
175.59,0.00139016335308896
175.6,0.00139905301153112
175.61,0.00140793617631308
175.62,0.00141681089442071
175.63,0.00142567517236929
175.64,0.00143452697432738
175.65,0.00144336422083062
175.66,0.00145218486514319
175.67,0.00146098674508438
175.68,0.001469767669303
175.69,0.00147852541576386
175.7,0.001487257723598
175.71,0.00149596233289095
175.72,0.00150463690746467
175.73,0.00151327907816
175.74,0.00152188644577586
175.75,0.00153045657570968
175.76,0.00153898700062283
175.77,0.00154747522592315
175.78,0.00155591871087418
175.79,0.00156431488622664
175.8,0.00157266114971636
175.81,0.00158095486646642
175.82,0.00158919345012739
175.83,0.00159737424252532
175.84,0.00160549451813582
175.85,0.00161355155616456
175.86,0.00162154261211841
175.87,0.00162946493180803
175.88,0.00163731597136526
175.89,0.00164509286050862
175.9,0.00165279283794965
175.91,0.00166041313563557
175.92,0.00166795098058912
175.93,0.00167540364439651
175.94,0.00168276841097704
175.95,0.00169004249672807
175.96,0.00169722316085854
175.97,0.00170430767265029
175.98,0.00171129331372245
175.99,0.00171817737586808
176,0.00172495717256062
176.01,0.00173163003505732
176.02,0.00173819331541423
176.03,0.00174464438908721
176.04,0.00175098072716122
176.05,0.00175719996330637
176.06,0.00176329951698636
176.07,0.00176927695871509
176.08,0.00177512990754014
176.09,0.00178085603431998
176.1,0.00178645334620863
176.11,0.0017919197109607
176.12,0.00179725300660586
176.13,0.00180245127020755
176.14,0.00180751262839495
176.15,0.00181243529354808
176.16,0.00181721750290202
176.17,0.00182185768311852
176.18,0.00182635432952614
176.19,0.00183070604289162
176.2,0.00183491152285605
176.21,0.00183896958614932
176.22,0.00184287917069527
176.23,0.00184663933147015
176.24,0.00185024927622852
176.25,0.00185370846214262
176.26,0.00185701632855271
176.27,0.00186017252499973
176.28,0.00186317685689037
176.29,0.0018660293038791
176.3,0.00186873000446692
176.31,0.00187127926855844
176.32,0.00187367758747087
176.33,0.0018759255820676
176.34,0.00187802393603062
176.35,0.00187997370295912
176.36,0.00188177604473994
176.37,0.00188343230841455
176.38,0.00188494389439049
176.39,0.00188631250485252
176.4,0.001887540012523
176.41,0.00188862846098325
176.42,0.00188958007457665
176.43,0.00189039725914817
176.44,0.00189108262503242
176.45,0.00189163896891954
176.46,0.00189206928174125
176.47,0.00189237665019732
176.48,0.00189256444121133
176.49,0.00189263618532015
176.5,0.00189259557764273
176.51,0.00189244633353818
176.52,0.00189219251786059
176.53,0.00189183829740524
176.54,0.00189138797403738
176.55,0.00189084595096015
176.56,0.00189021685145572
176.57,0.00188950541225585
176.58,0.00188871650150854
176.59,0.00188785511789699
176.6,0.0018869263940359
176.61,0.00188593558365192
176.62,0.001884887961899
176.63,0.00188378895375022
176.64,0.00188264410300643
176.65,0.00188145902228549
176.66,0.00188023926773758
176.67,0.00187899058467006
176.68,0.00187771873548436
176.69,0.00187642952643167
176.7,0.00187512883905669
176.71,0.00187382254145123
176.72,0.00187251654080479
176.73,0.00187121674397372
176.74,0.00186992903321783
176.75,0.00186865933219628
176.76,0.00186741353347915
176.77,0.0018661974973896
176.78,0.00186501703631827
176.79,0.00186387794573589
176.8,0.00186278596019739
176.81,0.00186174677785621
176.82,0.00186076606271459
176.83,0.00185984935598318
176.84,0.00185900214158865
176.85,0.00185822985445167
176.86,0.0018575378815343
176.87,0.00185693144698769
176.88,0.00185641570720283
176.89,0.0018559957498943
176.9,0.00185567658912267
176.91,0.00185546307228603
176.92,0.00185535996001917
176.93,0.00185537194388976
176.94,0.00185550363470676
176.95,0.00185575945401708
176.96,0.00185614373644656
176.97,0.00185666075922713
176.98,0.00185731471939884
176.99,0.00185810961097049
177,0.0018590493519115
177.01,0.00186013780390167
177.02,0.0018613787418925
177.03,0.0018627757606402
177.04,0.00186433238178284
177.05,0.00186605206617106
177.06,0.00186793821110404
177.07,0.00186999404305747
177.08,0.00187222272728736
177.09,0.00187462736243337
177.1,0.00187721099408408
177.11,0.00187997653003778
177.12,0.00188292682158689
177.13,0.00188606467946292
177.14,0.00188939292161333
177.15,0.00189291419502028
177.16,0.00189663113460654
177.17,0.00190054632932086
177.18,0.00190466233614864
177.19,0.00190898165318395
177.2,0.00191350674886964
177.21,0.00191824005796862
177.22,0.00192318397947985
177.23,0.00192834089664746
177.24,0.0019337131684421
177.25,0.00193930313922521
177.26,0.0019451131613551
177.27,0.00195114555617313
177.28,0.00195740265096383
177.29,0.00196388677430539
177.3,0.00197060025144966
177.31,0.00197754542752154
177.32,0.0019847246576484
177.33,0.00199214031397616
177.34,0.0019997947283616
177.35,0.00200769031965549
177.36,0.00201582950797482
177.37,0.00202421474040295
177.38,0.00203284844133452
177.39,0.00204173311646034
177.4,0.00205087128876821
177.41,0.00206026551378448
177.42,0.00206991834123974
177.43,0.00207983239356466
177.44,0.00209001032499328
177.45,0.0021004548260355
177.46,0.00211116856730505
177.47,0.00212215430089814
177.48,0.0021334148198846
177.49,0.00214495294806189
177.5,0.00215677148901001
177.51,0.00216887331316022
177.52,0.00218126134073331
177.53,0.00219393851341276
177.54,0.00220690776666311
177.55,0.00222017207779889
177.56,0.00223373447307981
177.57,0.00224759799418467
177.58,0.0022617656733603
177.59,0.00227624056508404
177.6,0.00229102577268584
177.61,0.00230612440225103
177.62,0.00232153954051628
177.63,0.00233727427184477
177.64,0.00235333172916843
177.65,0.00236971502944225
177.66,0.00238642727101994
177.67,0.00240347153207975
177.68,0.00242085091508664
177.69,0.0024385684968261
177.7,0.00245662733225087
177.71,0.00247503044735878
177.72,0.0024937808617738
177.73,0.00251288156247066
177.74,0.00253233550114117
177.75,0.00255214558170756
177.76,0.00257231469050035
177.77,0.00259284566464077
177.78,0.00261374129514247
177.79,0.00263500432025839
177.8,0.00265663743097768
177.81,0.00267864326033627
177.82,0.00270102438679283
177.83,0.00272378336059306
177.84,0.00274692262840469
177.85,0.00277044458563626
177.86,0.00279435156285078
177.87,0.00281864587084804
177.88,0.00284332969266106
177.89,0.0028684051596391
177.9,0.00289387432912492
177.91,0.00291973917119873
177.92,0.00294600158471283
177.93,0.00297266338238451
177.94,0.00299972635165925
177.95,0.00302719219522259
177.96,0.00305506253697711
177.97,0.00308333891776179
177.98,0.00311202282783199
177.99,0.00314111565322083
178,0.00317061867389197
178.01,0.00320053311036271
178.02,0.00323086015098613
178.03,0.00326160086887692
178.04,0.00329275627878889
178.05,0.00332432737767036
178.06,0.00335631506811817
178.07,0.00338872016262408
178.08,0.00342154339784877
178.09,0.00345478547314129
178.1,0.00348844698900338
178.11,0.00352252849033666
178.12,0.0035570304695303
178.13,0.00359195339484626
178.14,0.00362729762396894
178.15,0.00366306351145469
178.16,0.0036992513440183
178.17,0.00373586134275929
178.18,0.00377289367726246
178.19,0.00381034846589102
178.2,0.00384822578142694
178.21,0.00388652565277859
178.22,0.00392524804403089
178.23,0.00396439294837543
178.24,0.00400396025793536
178.25,0.00404394982543978
178.26,0.00408436149319689
178.27,0.00412519504492452
178.28,0.00416645022100563
178.29,0.00420812676781812
178.3,0.00425022437513199
178.31,0.00429274268632015
178.32,0.00433568135257006
178.33,0.00437903998297244
178.34,0.00442281814006853
178.35,0.00446701538623865
178.36,0.00451163125378744
178.37,0.0045566652327066
178.38,0.00460211681028698
178.39,0.00464798545162643
178.4,0.00469427058068796
178.41,0.00474097162214252
178.42,0.00478808798310142
178.43,0.00483561902631306
178.44,0.00488356410294352
178.45,0.00493192259025316
178.46,0.00498069379337847
178.47,0.00502987701531484
178.48,0.00507947154888728
178.49,0.00512947667110931
178.5,0.00517989163000163
178.51,0.0052307156623573
178.52,0.00528194806894606
178.53,0.00533358804774492
178.54,0.00538563481277274
178.55,0.00543808755798666
178.56,0.00549094546156127
178.57,0.00554420769586871
178.58,0.00559787341628385
178.59,0.00565194178262606
178.6,0.00570641192160569
178.61,0.00576128295358529
178.62,0.00581655399532709
178.63,0.00587222415423421
178.64,0.00592829251495555
178.65,0.00598475815510842
178.66,0.00604162014162097
178.67,0.00609887753172065
178.68,0.00615652937128696
178.69,0.00621457469566969
178.7,0.00627301252182422
178.71,0.00633184186402235
178.72,0.00639106172307897
178.73,0.00645067108883472
178.74,0.00651066894007463
178.75,0.0065710542450345
178.76,0.00663182596118317
178.77,0.00669298303531032
178.78,0.00675452439243106
178.79,0.00681644895470066
178.8,0.00687875563190421
178.81,0.00694144332060821
178.82,0.00700451090016979
178.83,0.00706795724041524
178.84,0.00713178119876649
178.85,0.00719598161857203
178.86,0.00726055733248661
178.87,0.00732550715858033
178.88,0.00739082990065863
178.89,0.00745652434964802
178.9,0.00752258928713165
178.91,0.00758902348031912
178.92,0.00765582568085348
178.93,0.00772299462849233
178.94,0.00779052904102478
178.95,0.00785842762275628
178.96,0.00792668907044398
178.97,0.00799531206224146
178.98,0.00806429525966073
178.99,0.00813363730365693
179,0.00820333682591753
179.01,0.00827339243906015
179.02,0.00834380273891709
179.03,0.00841456631125096
179.04,0.00848568171833311
179.05,0.00855714750687626
179.06,0.00862896220691216
179.07,0.00870112433140484
179.08,0.0087736323758385
179.09,0.00884648481774674
179.1,0.00891968011690277
179.11,0.00899321671408403
179.12,0.00906709302757246
179.13,0.00914130746217967
179.14,0.00921585840153325
179.15,0.00929074420980852
179.16,0.0093659632319304
179.17,0.00944151379250468
179.18,0.00951739419602888
179.19,0.00959360272663721
179.2,0.00967013764937376
179.21,0.00974699720899406
179.22,0.00982417962746428
179.23,0.0099016831065633
179.24,0.00997950582664433
179.25,0.0100576459457789
179.26,0.01013610160153
179.27,0.0102148709090234
179.28,0.01029395196121
179.29,0.0103733428286488
179.3,0.0104530415593046
179.31,0.0105330461783177
179.32,0.0106133546877652
179.33,0.0106939650664751
179.34,0.0107748752697982
179.35,0.0108560832293917
179.36,0.0109375868560797
179.37,0.0110193840338221
179.38,0.0111014726223377
179.39,0.0111838504575359
179.4,0.011266515350745
179.41,0.011349465088969
179.42,0.0114326974397196
179.43,0.0115162101378374
179.44,0.0116000008959583
179.45,0.0116840674014168
179.46,0.0117684073160627
179.47,0.0118530182783328
179.48,0.0119378979027449
179.49,0.0120230437728541
179.5,0.0121084534486139
179.51,0.0121941244639047
179.52,0.012280054326376
179.53,0.0123662405203488
179.54,0.0124526805015372
179.55,0.0125393716982073
179.56,0.0126263115128556
179.57,0.0127134973211839
179.58,0.0128009264720112
179.59,0.0128885962932206
179.6,0.0129765040776171
179.61,0.0130646470938809
179.62,0.0131530225834659
179.63,0.0132416277604811
179.64,0.0133304598160161
179.65,0.0134195159210319
179.66,0.0135087932035921
179.67,0.0135982887712746
179.68,0.0136879997043702
179.69,0.0137779230558044
179.7,0.0138680558525718
179.71,0.0139583950991287
179.72,0.0140489377639736
179.73,0.0141396807917457
179.74,0.0142306210996581
179.75,0.0143217555774479
179.76,0.0144130810881198
179.77,0.0145045944725813
179.78,0.0145962925359154
179.79,0.0146881720590628
179.8,0.0147802297954935
179.81,0.0148724624711702
179.82,0.0149648667851551
179.83,0.0150574394222577
179.84,0.0151501770213834
179.85,0.0152430762014318
179.86,0.015336133554178
179.87,0.0154293456442742
179.88,0.0155227090092579
179.89,0.0156162201817594
179.9,0.0157098756389911
179.91,0.0158036718418045
179.92,0.0158976052252661
179.93,0.0159916721982673
179.94,0.0160858691435877
179.95,0.0161801924225765
179.96,0.016274638365373
179.97,0.016369203277566
179.98,0.0164638834395221
179.99,0.0165586751060355
180,0.0166535745064102
180.01,0.0167485778455347
180.02,0.0168436813020054
180.03,0.0169388810292332
180.04,0.0170341731556829
180.05,0.0171295537847771
180.06,0.0172250189949774
180.07,0.0173205648618726
180.08,0.0174161874178187
180.09,0.0175118826661355
180.1,0.0176076465929627
180.11,0.0177034751608585
180.12,0.0177993643089393
180.13,0.0178953099530253
180.14,0.0179913080222262
180.15,0.0180873543754097
180.16,0.01818344486465
180.17,0.0182795753221386
180.18,0.0183757415586329
180.19,0.018471939363666
180.2,0.0185681645037437
180.21,0.018664412713595
180.22,0.0187606797253198
180.23,0.0188569612427939
180.24,0.0189532529492941
180.25,0.0190495505076855
180.26,0.0191458495606038
180.27,0.0192421457410554
180.28,0.0193384346697449
180.29,0.0194347119230449
180.3,0.0195309730705908
180.31,0.0196272136636069
180.32,0.0197234292351499
180.33,0.0198196153003472
180.34,0.0199157673891116
180.35,0.0200118809964094
180.36,0.0201079515801148
180.37,0.0202039745976399
180.38,0.0202999454913558
180.39,0.0203958596889357
180.4,0.0204917126037
180.41,0.0205874995984775
180.42,0.0206832160636053
180.43,0.0207788573685196
180.44,0.0208744188633551
180.45,0.0209698958843039
180.46,0.0210652837538776
180.47,0.0211605777828887
180.48,0.0212557732984473
180.49,0.021350865571654
180.5,0.0214458498790298
180.51,0.0215407214856606
180.52,0.021635475645522
180.53,0.0217301076018025
180.54,0.0218246126033148
180.55,0.0219189859167533
180.56,0.0220132227350163
180.57,0.0221073182719432
180.58,0.0222012677336643
180.59,0.0222950663190106
180.6,0.0223887092199234
180.61,0.022482191621864
180.62,0.0225755086709028
180.63,0.0226686555516227
180.64,0.0227616274289945
180.65,0.0228544194602882
180.66,0.0229470267975001
180.67,0.023039444587715
180.68,0.0231316679734685
180.69,0.0232236921058252
180.7,0.0233155121272151
180.71,0.0234071231647383
180.72,0.0234985203505925
180.73,0.0235896988148105
180.74,0.0236806536856533
180.75,0.0237713800900082
180.76,0.0238618731596414
180.77,0.0239521280506778
180.78,0.0240421398746044
180.79,0.0241319037628578
180.8,0.0242214148483258
180.81,0.0243106682657898
180.82,0.0243996591523742
180.83,0.024488382647989
180.84,0.0245768338853112
180.85,0.0246650080126334
180.86,0.0247529001806504
180.87,0.0248405055425821
180.88,0.0249278192563584
180.89,0.0250148364850452
180.9,0.0251015523972733
180.91,0.0251879621653195
180.92,0.0252740609674683
180.93,0.0253598439929105
180.94,0.0254453064358337
180.95,0.0255304434979976
180.96,0.0256152503891524
180.97,0.0256997223274591
180.98,0.0257838545413507
180.99,0.0258676422875544
181,0.0259510808030234
181.01,0.0260341653472411
181.02,0.0261168911906911
181.03,0.0261992536153065
181.04,0.0262812479149194
181.05,0.0263628693957105
181.06,0.0264441133735838
181.07,0.0265249751805374
181.08,0.026605450162796
181.09,0.0266855336796974
181.1,0.0267652211050794
181.11,0.0268445078277237
181.12,0.0269233892517984
181.13,0.0270018607955717
181.14,0.0270799178715959
181.15,0.0271575559437532
181.16,0.0272347704784226
181.17,0.0273115569590759
181.18,0.0273879108866924
181.19,0.0274638277801721
181.2,0.0275393031767519
181.21,0.0276143326321586
181.22,0.0276889117212537
181.23,0.0277630360389167
181.24,0.0278367011997701
181.25,0.0279099028388317
181.26,0.0279826366119267
181.27,0.0280548981961015
181.28,0.0281266832900373
181.29,0.0281979876138305
181.3,0.0282688069107839
181.31,0.0283391369469544
181.32,0.0284089735115709
181.33,0.0284783124175481
181.34,0.0285471495018994
181.35,0.0286154806261497
181.36,0.0286833016713232
181.37,0.0287506085226274
181.38,0.0288173971300424
181.39,0.0288836634522525
181.4,0.0289494034738395
181.41,0.0290146132056575
181.42,0.0290792886852058
181.43,0.0291434259770041
181.44,0.0292070211593109
181.45,0.029270070344291
181.46,0.0293325696840969
181.47,0.0293945153509149
181.48,0.0294559035452754
181.49,0.0295167304963948
181.5,0.0295769924625208
181.51,0.0296366857312741
181.52,0.0296958066177882
181.53,0.0297543514702645
181.54,0.0298123166662792
181.55,0.0298696986139943
181.56,0.0299264937526115
181.57,0.0299826985527147
181.58,0.030038309516609
181.59,0.0300933231709744
181.6,0.0301477360640781
181.61,0.0302015448053644
181.62,0.0302547460235502
181.63,0.0303073363802874
181.64,0.0303593125704761
181.65,0.0304106713225788
181.66,0.0304614093989348
181.67,0.0305115235872525
181.68,0.0305610106678963
181.69,0.0306098675324809
181.7,0.030658091073832
181.71,0.0307056782191811
181.72,0.0307526259304237
181.73,0.0307989312043773
181.74,0.030844591073038
181.75,0.0308896026030752
181.76,0.0309339628700887
181.77,0.0309776690266738
181.78,0.0310207182444943
181.79,0.0310631077312147
181.8,0.0311048347307328
181.81,0.0311458965234106
181.82,0.0311862904263082
181.83,0.0312260137934151
181.84,0.0312650640091149
181.85,0.0313034385042461
181.86,0.0313411347446227
181.87,0.0313781502331849
181.88,0.0314144825108322
181.89,0.0314501291566471
181.9,0.0314850877881213
181.91,0.0315193560613804
181.92,0.0315529316256311
181.93,0.0315858122185992
181.94,0.0316179956170889
181.95,0.0316494796251828
181.96,0.0316802620856419
181.97,0.0317103408800736
181.98,0.0317397139291009
181.99,0.0317683791925298
182,0.0317963346292178
182.01,0.0318235782660835
182.02,0.0318501081918656
182.03,0.0318759225151474
182.04,0.0319010193833451
182.05,0.031925396982814
182.06,0.0319490535389529
182.07,0.0319719873163104
182.08,0.0319941966224234
182.09,0.032015679803707
182.1,0.0320364352407692
182.11,0.032056461356973
182.12,0.0320757566155023
182.13,0.0320943195194756
182.14,0.0321121486120589
182.15,0.0321292424765785
182.16,0.0321455997339274
182.17,0.0321612190430229
182.18,0.0321760991112588
182.19,0.0321902386826043
182.2,0.0322036365416159
182.21,0.0322162915135425
182.22,0.0322282024644313
182.23,0.0322393683012338
182.24,0.0322497879719112
182.25,0.0322594603460071
182.26,0.0322683845136347
182.27,0.0322765595320891
182.28,0.0322839844982726
182.29,0.0322906585487204
182.3,0.0322965808596101
182.31,0.0323017506467702
182.32,0.0323061671656896
182.33,0.0323098296772734
182.34,0.0323127375098132
182.35,0.0323148900456893
182.36,0.0323162866916972
182.37,0.0323169268934423
182.38,0.0323168101353016
182.39,0.0323159359403877
182.4,0.0323143038705106
182.41,0.0323119135503853
182.42,0.03230876467934
182.43,0.0323048569015777
182.44,0.0323001899452181
182.45,0.0322947635783614
182.46,0.0322885776091279
182.47,0.0322816318856985
182.48,0.0322739262963542
182.49,0.032265460769517
182.5,0.0322562352366986
182.51,0.0322462497227476
182.52,0.0322355042735856
182.53,0.0322239989732867
182.54,0.0322117339456371
182.55,0.0321987093541436
182.56,0.0321849254020416
182.57,0.0321703823323028
182.58,0.0321550802999851
182.59,0.0321390195820562
182.6,0.0321222005806541
182.61,0.0321046236676004
182.62,0.0320862892508405
182.63,0.0320671977742615
182.64,0.0320473497175115
182.65,0.0320267455958181
182.66,0.0320053859693873
182.67,0.0319832714560875
182.68,0.0319604026594477
182.69,0.0319367802408856
182.7,0.0319124048971962
182.71,0.0318872773604086
182.72,0.0318613983976414
182.73,0.0318347688109591
182.74,0.0318073894372279
182.75,0.0317792614248487
182.76,0.0317503855749907
182.77,0.0317207628377459
182.78,0.0316903942262627
182.79,0.0316592807921753
182.8,0.0316274236256756
182.81,0.0315948238555868
182.82,0.031561482649435
182.83,0.0315274011839245
182.84,0.0314925805510693
182.85,0.0314570221198132
182.86,0.031420727191049
182.87,0.0313836971020818
182.88,0.0313459332265648
182.89,0.0313074369744373
182.9,0.0312682097918615
182.91,0.0312282531611602
182.92,0.031187568346968
182.93,0.0311461566642872
182.94,0.0311040198706038
182.95,0.031061159520313
182.96,0.0310175771952
182.97,0.0309732745039524
182.98,0.0309282530816722
182.99,0.0308825145893887
183,0.0308360607135699
183.01,0.0307888935608224
183.02,0.0307410148899895
183.03,0.0306924264540731
183.04,0.0306431301442591
183.05,0.0305931278898679
183.06,0.0305424216587753
183.07,0.0304910134578304
183.08,0.0304389053012166
183.09,0.030386099275737
183.1,0.0303325975071743
183.11,0.0302784021541612
183.12,0.030223515415241
183.13,0.0301679395292162
183.14,0.0301116767755003
183.15,0.0300547287659459
183.16,0.0299970979348709
183.17,0.0299387866687767
183.18,0.0298797972622423
183.19,0.0298201320367392
183.2,0.0297597933406301
183.21,0.0296987835475026
183.22,0.0296371050596599
183.23,0.0295747603061189
183.24,0.029511751742471
183.25,0.0294480818511685
183.26,0.0293837531415258
183.27,0.0293187684476199
183.28,0.0292531303074408
183.29,0.0291868413133551
183.3,0.0291199041431511
183.31,0.0290523215068739
183.32,0.0289840961468232
183.33,0.028915230847665
183.34,0.0288457284154634
183.35,0.0287755916893266
183.36,0.0287048235426627
183.37,0.0286334268813216
183.38,0.0285614046435917
183.39,0.0284887593390249
183.4,0.0284154940001362
183.41,0.0283416116626739
183.42,0.0282671152988842
183.43,0.0281920079049782
183.44,0.0281162925011334
183.45,0.0280399721293227
183.46,0.0279630498577685
183.47,0.0278855287785532
183.48,0.02780741200726
183.49,0.0277287026833987
183.5,0.0276494039704025
183.51,0.0275695193101788
183.52,0.0274890519031464
183.53,0.0274080049822011
183.54,0.0273263818601074
183.55,0.0272441858783028
183.56,0.0271614204068993
183.57,0.0270780888341912
183.58,0.026994194588544
183.59,0.0269097411265794
183.6,0.0268247319312149
183.61,0.0267391705138845
183.62,0.0266530604145405
183.63,0.0265664050737265
183.64,0.0264792076622273
183.65,0.0263914720116906
183.66,0.0263032016991866
183.67,0.0262144003236378
183.68,0.0261250715058177
183.69,0.0260352188883532
183.7,0.0259448461113154
183.71,0.0258539568603245
183.72,0.0257625548460068
183.73,0.0256706437936616
183.74,0.0255782274500477
183.75,0.0254853095833803
183.76,0.025391894036475
183.77,0.0252979848628505
183.78,0.0252035857796814
183.79,0.0251087006810954
183.8,0.0250133334861648
183.81,0.024917488138908
183.82,0.0248211686082868
183.83,0.0247243789189928
183.84,0.024627123094849
183.85,0.0245294051746869
183.86,0.0244312292337145
183.87,0.0243325993726265
183.88,0.0242335197176009
183.89,0.0241339943600689
183.9,0.0240340270811326
183.91,0.0239336222694995
183.92,0.0238327840927789
183.93,0.023731516738777
183.94,0.0236298244154997
183.95,0.0235277113511493
183.96,0.0234251816530568
183.97,0.0233222395454236
183.98,0.0232188893497578
183.99,0.0231151353427812
184,0.023010981818704
184.01,0.0229064330892273
184.02,0.0228014935248581
184.03,0.0226961679052383
184.04,0.0225904603934738
184.05,0.0224843754328009
184.06,0.0223779174893516
184.07,0.0222710910521505
184.08,0.0221639006331168
184.09,0.022056350955681
184.1,0.0219484467036798
184.11,0.0218401924251078
184.12,0.0217315927943913
184.13,0.0216226525158773
184.14,0.0215133761937588
184.15,0.0214037680700455
184.16,0.021293833110212
184.17,0.021183576011344
184.18,0.0210730014874311
184.19,0.0209621142693687
184.2,0.0208509188496592
184.21,0.0207394200403095
184.22,0.0206276225906829
184.23,0.0205155312414767
184.24,0.020403150744742
184.25,0.0202904862059093
184.26,0.0201775426569802
184.27,0.0200643248150516
184.28,0.0199508376112544
184.29,0.0198370860013432
184.3,0.0197230750167219
184.31,0.0196088098929253
184.32,0.0194942955836231
184.33,0.0193795371974986
184.34,0.0192645398734524
184.35,0.0191493087806019
184.36,0.0190338486719877
184.37,0.0189181648443869
184.38,0.0188022625067012
184.39,0.0186861468451806
184.4,0.0185698230663099
184.41,0.0184532963076448
184.42,0.0183365717411068
184.43,0.0182196546546309
184.44,0.0181025502993809
184.45,0.0179852639431462
184.46,0.0178678009154729
184.47,0.0177501667698009
184.48,0.0176323667777487
184.49,0.0175144063517368
184.5,0.0173962909301424
184.51,0.0172780261970601
184.52,0.0171596177025935
184.53,0.0170410709934786
184.54,0.0169223916998879
184.55,0.0168035854261642
184.56,0.0166846576839005
184.57,0.0165656142404717
184.58,0.0164464608015647
184.59,0.0163272031006907
184.6,0.0162078465671692
184.61,0.0160883969814609
184.62,0.0159688600953228
184.63,0.0158492416402879
184.64,0.015729547453579
184.65,0.0156097834658592
184.66,0.0154899554348322
184.67,0.015370069224854
184.68,0.0152501307239126
184.69,0.0151301464861766
184.7,0.0150101223399718
184.71,0.0148900644001527
184.72,0.0147699788391099
184.73,0.0146498718695694
184.74,0.0145297497480931
184.75,0.0144096187805233
184.76,0.0142894853143779
184.77,0.0141693557038958
184.78,0.0140492357447383
184.79,0.0139291320464896
184.8,0.0138090509592274
184.81,0.0136889988560636
184.82,0.0135689820958853
184.83,0.0134490070644299
184.84,0.0133290801934183
184.85,0.0132092079207176
184.86,0.0130893975396421
184.87,0.0129696555109341
184.88,0.0128499886316674
184.89,0.0127304038357506
184.9,0.0126109082585067
184.91,0.0124915089075337
184.92,0.0123722129429981
184.93,0.0122530270856277
184.94,0.0121339582845622
184.95,0.0120150137791353
184.96,0.0118962006848397
184.97,0.0117775257744074
184.98,0.0116589962526705
184.99,0.0115406191978638
185,0.0114224020159946
185.01,0.0113043526119811
185.02,0.0111864781547574
185.03,0.0110687861849548
185.04,0.0109512848960239
185.05,0.0108339822830268
185.06,0.0107168862720814
185.07,0.0106000049848259
185.08,0.0104833458292102
185.09,0.0103669172370349
185.1,0.0102507273873729
185.11,0.0101347841468684
185.12,0.0100190950489388
185.13,0.00990366839632564
185.14,0.00978851220338335
185.15,0.00967363531811413
185.16,0.00955904631007644
185.17,0.00944475368490656
185.18,0.00933076674507375
185.19,0.00921709466183857
185.2,0.00910374671396542
185.21,0.00899073167539565
185.22,0.00887805888827143
185.23,0.00876573782247072
185.24,0.00865377710049504
185.25,0.00854218595094535
185.26,0.00843097357801855
185.27,0.00832014984581972
185.28,0.00820972413677132
185.29,0.0080997059811147
185.3,0.00799010648272247
185.31,0.00788093575480375
185.32,0.00777220436876712
185.33,0.00766392289501661
185.34,0.0075561023326492
185.35,0.00744875380628565
185.36,0.00734188674047561
185.37,0.00723551234802481
185.38,0.00712964132677147
185.39,0.00702428408409739
185.4,0.00691945132139443
185.41,0.00681515375644966
185.42,0.00671140476321881
185.43,0.00660821540131578
185.44,0.00650559776167348
185.45,0.00640356423178838
185.46,0.00630212739676014
185.47,0.00620129994635816
185.48,0.00610109305269631
185.49,0.00600151971444789
185.5,0.00590259238161429
185.51,0.00580432294748809
185.52,0.00570672394901861
185.53,0.00560980786707867
185.54,0.00551358822633069
185.55,0.00541807786253688
185.56,0.00532329064384393
185.57,0.00522924068955363
185.58,0.005135941937299
185.59,0.00504340761244915
185.6,0.0049516520338128
185.61,0.00486068804672365
185.62,0.00477052875236113
185.63,0.00468118755294857
185.64,0.00459267802290143
185.65,0.00450501325274087
185.66,0.00441820772093709
185.67,0.0043322754506831
185.68,0.00424723045548928
185.69,0.00416308678004033
185.7,0.00407985883076229
185.71,0.00399755899609184
185.72,0.00391620078459879
185.73,0.00383579715491746
185.74,0.00375636050415815
185.75,0.00367790325001497
185.76,0.00360043806367835
185.77,0.00352397693719568
185.78,0.00344853205137635
185.79,0.00337411576822515
185.8,0.0033007399571846
185.81,0.00322841459904545
185.82,0.0031571505943804
185.83,0.00308695789753237
185.84,0.00301784521314031
185.85,0.0029498215036772
185.86,0.00288289480273543
185.87,0.0028170726470818
185.88,0.00275236196396663
185.89,0.00268876895913096
185.9,0.002626299383527
185.91,0.00256495770765441
185.92,0.00250474795226726
185.93,0.00244567341385612
185.94,0.00238773587515332
185.95,0.00233093695903291
185.96,0.00227527690934506
185.97,0.0022207550486188
185.98,0.0021673700039774
185.99,0.00211511907605459
186,0.00206399890162542
186.01,0.00201400501501376
186.02,0.00196513192528672
186.03,0.00191737326874297
186.04,0.00187072161978387
186.05,0.00182516861882769
186.06,0.0017807049614311
186.07,0.00173732045825686
186.08,0.00169500386177134
186.09,0.00165374327985462
186.1,0.00161352586429156
186.11,0.00157433776462339
186.12,0.00153616499623492
186.13,0.00149899213871374
186.14,0.00146280340004123
186.15,0.00142758274255361
186.16,0.00139331280540865
186.17,0.00135997642436304
186.18,0.00132755570219611
186.19,0.00129603193781375
186.2,0.00126538714040598
186.21,0.00123560187782582
186.22,0.00120665693991507
186.23,0.00117853341132132
186.24,0.00115121128681985
186.25,0.00112467119405607
186.26,0.00109889364542544
186.27,0.00107385894372768
186.28,0.00104954762254921
186.29,0.00102594031729724
186.3,0.00100301780354031
186.31,0.000980760921623847
186.32,0.000959150889994796
186.33,0.000938169047126198
186.34,0.000917796999530312
186.35,0.000898016711645612
186.36,0.000878810389037886
186.37,0.00086016064150682
186.38,0.000842050421007875
186.39,0.000824463002257874
186.4,0.000807382138255322
186.41,0.00079079189553004
186.42,0.000774676731270358
186.43,0.0007590215957023
186.44,0.000743811681804423
186.45,0.000729032723859058
186.46,0.000714670847182575
186.47,0.000700712474454212
186.48,0.000687144544946212
186.49,0.000673954369644243
186.5,0.000661129587764058
186.51,0.000648658309035331
186.52,0.000636529000790591
186.53,0.000624730456689144
186.54,0.000613251904726875
186.55,0.000602082905258196
186.56,0.000591213339259491
186.57,0.000580633475347989
186.58,0.000570333894061446
186.59,0.000560305490307526
186.6,0.0005505394942002
186.61,0.000541027431789999
186.62,0.000531761125594997
186.63,0.000522732692939388
186.64,0.000513934519947863
186.65,0.000505359267208569
186.66,0.000496999860272016
186.67,0.000488849475444502
186.68,0.000480901547182298
186.69,0.000473149732046859
186.7,0.000465587919227312
186.71,0.000458210219194308
186.72,0.00045101095803829
186.73,0.00044398465866845
186.74,0.000437126040664882
186.75,0.000430430030852923
186.76,0.000423891735575407
186.77,0.000417506420744361
186.78,0.000411269525275749
186.79,0.000405176716081881
186.8,0.000399223756656815
186.81,0.000393406577723819
186.82,0.00038772126467211
186.83,0.000382164069314283
186.84,0.000376731349587254
186.85,0.000371419605075861
186.86,0.000366225479924338
186.87,0.000361145747483363
186.88,0.000356177277683922
186.89,0.00035131706261915
186.9,0.000346562228448903
186.91,0.000341909985089202
186.92,0.000337357643920021
186.93,0.000332902614316978
186.94,0.000328542455195635
186.95,0.000324274782888121
186.96,0.000320097290137292
186.97,0.000316007765790468
186.98,0.000312004105669512
186.99,0.000308084277758661
187,0.000304246313199173
187.01,0.000300488324581555
187.02,0.000296808508947867
187.03,0.00029320513296113
187.04,0.000289676515450439
187.05,0.000286221044316937
187.06,0.000282837184299058
187.07,0.000279523469426107
187.08,0.000276278464603811
187.09,0.000273100800496244
187.1,0.000269989171593162
187.11,0.000266942339751314
187.12,0.000263959089251947
187.13,0.000261038263334445
187.14,0.00025817875477612
187.15,0.000255379510118283
187.16,0.000252639505298723
187.17,0.000249957762106558
187.18,0.000247333343770276
187.19,0.000244765363375332
187.2,0.00024225295346533
187.21,0.000239795286808115
187.22,0.000237391568505433
187.23,0.0002350410692627
187.24,0.000232743056676838
187.25,0.000230496836497461
187.26,0.000228301744829313
187.27,0.00022615716384897
187.28,0.000224062498568917
187.29,0.000222017169053352
187.3,0.000220020627632859
187.31,0.000218072354110227
187.32,0.000216171856777947
187.33,0.000214318658942216
187.34,0.000212512308931256
187.35,0.000210752376854617
187.36,0.000209038468620989
187.37,0.000207370191568642
187.38,0.000205747178566713
187.39,0.000204169080657995
187.4,0.00020263559957409
187.41,0.000201146432508796
187.42,0.000199701293177317
187.43,0.000198299919425892
187.44,0.000196942079829372
187.45,0.000195627566550704
187.46,0.000194356175482228
187.47,0.000193127729228269
187.48,0.00019194206697402
187.49,0.000190799035851338
187.5,0.000189698515964332
187.51,0.000188640399144272
187.52,0.000187624594198915
187.53,0.000186651027409011
187.54,0.000185719640782951
187.55,0.000184830392166133
187.56,0.000183983255183674
187.57,0.000183178242905947
187.58,0.000182415443126759
187.59,0.000181694877101603
187.6,0.000181016622952547
187.61,0.000180380782342433
187.62,0.000179787453832936
187.63,0.000179236781359408
187.64,0.000178728930100617
187.65,0.000178264084494818
187.66,0.000177842432899153
187.67,0.000177464157775322
187.68,0.000177129508999394
187.69,0.00017683873499742
187.7,0.000176592101862881
187.71,0.000176389983804862
187.72,0.000176232689380131
187.73,0.000176120571042227
187.74,0.000176054012529212
187.75,0.000176033417817239
187.76,0.000176059212331859
187.77,0.000176131858343502
187.78,0.000176251839881093
187.79,0.000176419667684099
187.8,0.000176635830945831
187.81,0.000176900896771335
187.82,0.000177215438964264
187.83,0.000177580054579842
187.84,0.000177995366710604
187.85,0.000178462023201347
187.86,0.000178980693276096
187.87,0.000179552071723643
187.88,0.00018017687749451
187.89,0.000180855849455542
187.9,0.000181589755718873
187.91,0.000182379386638764
187.92,0.000183225556609233
187.93,0.000184129080530135
187.94,0.000185090796155282
187.95,0.000186111582854864
187.96,0.000187192329431401
187.97,0.000188333941044499
187.98,0.000189537305442504
187.99,0.000190803362460602
188,0.000192133051991551
188.01,0.000193527321231863
188.02,0.000194987121566552
188.03,0.000196513421231881
188.04,0.00019810719165968
188.05,0.000199769394227979
188.06,0.000201500997598192
188.07,0.000203302975586221
188.08,0.000205176295863108
188.09,0.000207121878358609
188.1,0.000209140676444885
188.11,0.000211233616152503
188.12,0.00021340159722269
188.13,0.00021564547296477
188.14,0.000217966105727941
188.15,0.000220364316355756
188.16,0.00022284087457646
188.17,0.000225396512036798
188.18,0.000228031931096857
188.19,0.000230747780927328
188.2,0.000233544630533307
188.21,0.000236423016885326
188.22,0.000239383409314956
188.23,0.000242426205306717
188.24,0.000245551712227802
188.25,0.000248760181246017
188.26,0.00025205177336571
188.27,0.000255426551272109
188.28,0.000258884474424368
188.29,0.000262425413424746
188.3,0.000266049128504351
188.31,0.000269755270069706
188.32,0.000273543367813815
188.33,0.000277412836579972
188.34,0.000281362977702716
188.35,0.000285392949707129
188.36,0.000289501786626929
188.37,0.000293688396525055
188.38,0.000297951537448417
188.39,0.000302289830611212
188.4,0.000306701761557445
188.41,0.000311185657137984
188.42,0.000315739700547603
188.43,0.00032036195327726
188.44,0.00032505029531684
188.45,0.000329802467102097
188.46,0.000334616109043624
188.47,0.000339488666036605
188.48,0.000344417452776921
188.49,0.000349399689294769
188.5,0.000354432412776758
188.51,0.000359512537519953
188.52,0.000364636887090782
188.53,0.000369802122318436
188.54,0.00037500479165862
188.55,0.000380241376879564
188.56,0.000385508214774756
188.57,0.000390801545944108
188.58,0.00039611755090263
188.59,0.000401452304361691
188.6,0.000406801800389864
188.61,0.000412162011677376
188.62,0.000417528835383085
188.63,0.000422898111626185
188.64,0.000428265675195486
188.65,0.000433627331139969
188.66,0.000438978859342622
188.67,0.000444316037334213
188.68,0.000449634645805116
188.69,0.000454930479279055
188.7,0.000460199348904207
188.71,0.000465437093648845
188.72,0.000470639594095569
188.73,0.000475802787535464
188.74,0.000480922679040288
188.75,0.000485995329777972
188.76,0.00049101687983473
188.77,0.000495983549049317
188.78,0.000500891663554332
188.79,0.000505737637506088
188.8,0.000510517969171481
188.81,0.000515229300241341
188.82,0.000519868374489789
188.83,0.000524432034787617
188.84,0.000528917280878242
188.85,0.000533321230353813
188.86,0.000537641105831329
188.87,0.000541874301762633
188.88,0.000546018339470431
188.89,0.000550070844259888
188.9,0.000554029624705707
188.91,0.000557892620650979
188.92,0.000561657882168311
188.93,0.000565323639450049
188.94,0.000568888258011684
188.95,0.000572350212057287
188.96,0.000575708153861653
188.97,0.000578960869494155
188.98,0.000582107243379788
188.99,0.000585146334998815
189,0.000588077329235001
189.01,0.000590899512417028
189.02,0.000593612322168422
189.03,0.000596215318487537
189.04,0.000598708166813405
189.05,0.000601090660316774
189.06,0.000603362708595983
189.07,0.000605524320799434
189.08,0.000607575618363473
189.09,0.000609516829766516
189.1,0.000611348271433508
189.11,0.000613070357089679
189.12,0.00061468359659109
189.13,0.000616188579365594
189.14,0.000617585976820359
189.15,0.000618876542268747
189.16,0.0006200611026301
189.17,0.00062114055575838
189.18,0.000622115865395884
189.19,0.000622988059864812
189.2,0.000623758227911988
189.21,0.000624427512194991
189.22,0.000624997107815055
189.23,0.000625468257660892
189.24,0.00062584224917098
189.25,0.000626120410974462
189.26,0.000626304112777096
189.27,0.00062639475388565
189.28,0.000626393766217676
189.29,0.000626302623525176
189.3,0.000626122811869951
189.31,0.000625855844197258
189.32,0.000625503264499874
189.33,0.00062506662586538
189.34,0.000624547499426727
189.35,0.000623947468976304
189.36,0.000623268128293648
189.37,0.000622511078175619
189.38,0.000621677933219586
189.39,0.000620770310589035
189.4,0.000619789824581996
189.41,0.000618738099134346
189.42,0.000617616761416285
189.43,0.000616427428198797
189.44,0.000615171716678167
189.45,0.000613851240095858
189.46,0.000612467602916231
189.47,0.00061102240241237
189.48,0.000609517229258393
189.49,0.000607953659027983
189.5,0.000606333256724592
189.51,0.000604657590295133
189.52,0.00060292819913532
189.53,0.000601146613497126
189.54,0.000599314353288067
189.55,0.000597432919416059
189.56,0.000595503797257546
189.57,0.000593528457582451
189.58,0.000591508352477691
189.59,0.000589444914994836
189.6,0.000587339561288301
189.61,0.000585193688186504
189.62,0.000583008670600761
189.63,0.000580785868816156
189.64,0.000578526629717861
189.65,0.000576232271204934
189.66,0.000573904093691146
189.67,0.000571543373481063
189.68,0.000569151369584364
189.69,0.000566729318442489
189.7,0.000564278440936804
189.71,0.000561799930555574
189.72,0.00055929496104094
189.73,0.000556764690519507
189.74,0.000554210251379215
189.75,0.000551632755971611
189.76,0.000549033294772895
189.77,0.000546412937222141
189.78,0.000543772731543736
189.79,0.000541113705327399
189.8,0.000538436865208653
189.81,0.000535743195404781
189.82,0.00053303366129804
189.83,0.000530309211285955
189.84,0.000527570768975598
189.85,0.000524819239550102
189.86,0.000522055507711698
189.87,0.000519280439092949
189.88,0.000516494879432404
189.89,0.000513699652043124
189.9,0.000510895563328453
189.91,0.000508083399130051
189.92,0.000505263928455176
189.93,0.000502437902675819
189.94,0.00049960605151679
189.95,0.000496769087843732
189.96,0.000493927710925298
189.97,0.000491082598504521
189.98,0.000488234412771369
189.99,0.000485383796326059
190,0.000482531373659088
190.01,0.000479677755442723
190.02,0.000476823534216769
190.03,0.000473969286298266
190.04,0.000471115571112712
190.05,0.000468262931955963
190.06,0.000465411902012203
190.07,0.000462563001697344
190.08,0.000459716731585573
190.09,0.000456873580661427
190.1,0.000454034011030131
190.11,0.000451198483782515
190.12,0.000448367441230137
190.13,0.00044554131555951
190.14,0.000442720526703665
190.15,0.000439905477974183
190.16,0.000437096561506866
190.17,0.000434294150254773
190.18,0.000431498611291982
190.19,0.00042871029678709
190.2,0.000425929550531197
190.21,0.000423156705572908
190.22,0.000420392080428367
190.23,0.000417635984548224
190.24,0.000414888716907858
190.25,0.000412150566713633
190.26,0.000409421813458139
190.27,0.000406702719611135
190.28,0.000403993538051922
190.29,0.000401294517577035
190.3,0.000398605893994635
190.31,0.000395927897243752
190.32,0.000393260748944086
190.33,0.000390604657653512
190.34,0.000387959825426943
190.35,0.00038532644577092
190.36,0.000382704704009239
190.37,0.00038009477821742
190.38,0.000377496838723916
190.39,0.000374911046606225
190.4,0.000372337553716251
190.41,0.000369776508285417
190.42,0.000367228049868712
190.43,0.000364692311264097
190.44,0.000362169418858607
190.45,0.000359659491820864
190.46,0.000357162643176767
190.47,0.000354678979948727
190.48,0.000352208603618324
190.49,0.000349751609269039
190.5,0.000347308086673093
190.51,0.000344878119667988
190.52,0.000342461784939
190.53,0.0003400591564703
190.54,0.000337670302234922
190.55,0.000335295284959904
190.56,0.000332934161215806
190.57,0.000330586984843109
190.58,0.000328253804357004
190.59,0.000325934663848557
190.6,0.000323629602994389
190.61,0.000321338656999343
190.62,0.000319061857617496
190.63,0.000316799232519174
190.64,0.000314550805656341
190.65,0.000312316596630159
190.66,0.000310096620540769
190.67,0.000307890891127221
190.68,0.000305699417973232
190.69,0.000303522207489089
190.7,0.000301359261802461
190.71,0.000299210579298066
190.72,0.00029707615761442
190.73,0.000294955990544036
190.74,0.000292850069122633
190.75,0.000290758381213628
190.76,0.00028868091205589
190.77,0.000286617645026172
190.78,0.00028456856081097
190.79,0.000282533637814109
190.8,0.000280512851429848
190.81,0.000278506175142618
190.82,0.00027651358099519
190.83,0.000274535038718035
190.84,0.000272570516170795
190.85,0.000270619977640909
190.86,0.000268683386600153
190.87,0.000266760705478527
190.88,0.000264851894499503
190.89,0.00026295691228534
190.9,0.00026107571489287
190.91,0.000259208257797691
190.92,0.000257354495136865
190.93,0.00025551437948117
190.94,0.000253687862121749
190.95,0.00025187489293854
190.96,0.000250075419785428
190.97,0.000248289390798176
190.98,0.000246516752523142
190.99,0.000244757450531095
191,0.000243011429486081
191.01,0.000241278631071938
191.02,0.000239558997091308
191.03,0.000237852469812585
191.04,0.000236158989837273
191.05,0.000234478497012211
191.06,0.000232810930343273
191.07,0.00023115622540301
191.08,0.000229514320817548
191.09,0.000227885153141491
191.1,0.000226268658300755
191.11,0.000224664771636229
191.12,0.00022307342841752
191.13,0.000221494563523548
191.14,0.000219928110743667
191.15,0.000218374003840448
191.16,0.000216832176266181
191.17,0.000215302561210693
191.18,0.000213785087724179
191.19,0.000212279689131293
191.2,0.000210786297214011
191.21,0.000209304843248621
191.22,0.000207835258264294
191.23,0.000206377473256958
191.24,0.000204931419289015
191.25,0.000203497026763726
191.26,0.000202074226221011
191.27,0.000200662948144857
191.28,0.000199263122997565
191.29,0.000197874678053314
191.3,0.000196497543358497
191.31,0.000195131649015261
191.32,0.000193776924419994
191.33,0.000192433298895507
191.34,0.000191100702034679
191.35,0.000189779064696556
191.36,0.000188468315739421
191.37,0.000187168384921034
191.38,0.000185879202114093
191.39,0.000184600697331787
191.4,0.00018333280019297
191.41,0.000182075440761289
191.42,0.000180828549595669
191.43,0.000179592057237612
191.44,0.00017836589444733
191.45,0.000177149992024512
191.46,0.000175944277771683
191.47,0.000174748684201904
191.48,0.000173563142270131
191.49,0.000172387583104043
191.5,0.000171221938014628
191.51,0.000170066138446906
191.52,0.000168920115847781
191.53,0.000167783802209017
191.54,0.000166657129597768
191.55,0.000165540030303401
191.56,0.000164432436847124
191.57,0.000163334282767447
191.58,0.000162245502576441
191.59,0.000161166029228867
191.6,0.000160095796893872
191.61,0.000159034740125429
191.62,0.000157982793879427
191.63,0.000156939891382129
191.64,0.000155905966534441
191.65,0.000154880955833556
191.66,0.000153864794816024
191.67,0.000152857419307132
191.68,0.000151858765424019
191.69,0.000150868770085888
191.7,0.000149887370160347
191.71,0.000148914502690042
191.72,0.0001479501052042
191.73,0.00014699411557437
191.74,0.00014604647201999
191.75,0.000145107113492086
191.76,0.000144175978900317
191.77,0.000143253007605837
191.78,0.000142338139401643
191.79,0.000141431314476723
191.8,0.000140532473402265
191.81,0.000139641555773609
191.82,0.000138758503409723
191.83,0.000137883257807962
191.84,0.00013701576083637
191.85,0.000136155954736243
191.86,0.000135303782074759
191.87,0.000134459185553669
191.88,0.000133622108657287
191.89,0.000132792495076727
191.9,0.000131970288878647
191.91,0.000131155434507141
191.92,0.000130347876785614
191.93,0.00012954756090993
191.94,0.000128754432460512
191.95,0.000127968437412376
191.96,0.000127189522121212
191.97,0.000126417633330877
191.98,0.00012565271817524
191.99,0.000124894724180048
192,0.000124143598839437
192.01,0.000123399290549962
192.02,0.000122661747974008
192.03,0.000121930920117343
192.04,0.000121206756371536
192.05,0.000120489206514863
192.06,0.000119778220612035
192.07,0.000119073748811773
192.08,0.000118375742205691
192.09,0.000117684152023844
192.1,0.000116998929871662
192.11,0.000116320027729835
192.12,0.000115647397954204
192.13,0.000114980993178766
192.14,0.000114320766453162
192.15,0.000113666671274919
192.16,0.000113018661461453
192.17,0.000112376691199143
192.18,0.000111740715042855
192.19,0.000111110687915492
192.2,0.000110486565021314
192.21,0.000109868302042658
192.22,0.000109255854990356
192.23,0.000108649180234736
192.24,0.00010804823450894
192.25,0.000107452974908259
192.26,0.000106863358803798
192.27,0.00010627934376668
192.28,0.000105700888063698
192.29,0.000105127950162274
192.3,0.000104560488878142
192.31,0.000103998463374036
192.32,0.000103441833158344
192.33,0.000102890558168066
192.34,0.000102344598618199
192.35,0.000101803915028386
192.36,0.000101268468296502
192.37,0.000100738219661985
192.38,0.000100213130704619
192.39,9.96931633433612e-05
192.4,9.91782798351406e-05
192.41,9.86684425551535e-05
192.42,9.8163614387799e-05
192.43,9.76637586404435e-05
192.44,9.71688388585161e-05
192.45,9.66788189129991e-05
192.46,9.61936629989014e-05
192.47,9.57133356337175e-05
192.48,9.52378016558869e-05
192.49,9.47670261112005e-05
192.5,9.43009744548786e-05
192.51,9.38396125001529e-05
192.52,9.33829063277966e-05
192.53,9.29308223285727e-05
192.54,9.24833272015213e-05
192.55,9.20403879522433e-05
192.56,9.16019718911977e-05
192.57,9.11680466883995e-05
192.58,9.07385802679412e-05
192.59,9.03135408344871e-05
192.6,8.98928969137317e-05
192.61,8.94766173292759e-05
192.62,8.90646712010105e-05
192.63,8.86570279434757e-05
192.64,8.82536572642445e-05
192.65,8.78545290563819e-05
192.66,8.74596135938904e-05
192.67,8.70688814714616e-05
192.68,8.6682303528475e-05
192.69,8.62998508862058e-05
192.7,8.59214949460243e-05
192.71,8.55472073876175e-05
192.72,8.51769601671988e-05
192.73,8.48107255078337e-05
192.74,8.44484759124993e-05
192.75,8.40901841575067e-05
192.76,8.3735823285533e-05
192.77,8.33853666066235e-05
192.78,8.30387876963924e-05
192.79,8.26960603942237e-05
192.8,8.23571588014694e-05
192.81,8.20220574135913e-05
192.82,8.16907308635494e-05
192.83,8.13631540080193e-05
192.84,8.10393020079375e-05
192.85,8.07191502809272e-05
192.86,8.04026744996966e-05
192.87,8.00898505904448e-05
192.88,7.9780654731251e-05
192.89,7.94750632812836e-05
192.9,7.91730529199074e-05
192.91,7.88746005858796e-05
192.92,7.85796834384792e-05
192.93,7.8288278879768e-05
192.94,7.80003645529456e-05
192.95,7.77159183406897e-05
192.96,7.74349183635114e-05
192.97,7.7157342978103e-05
192.98,7.68831707747422e-05
192.99,7.66123805677548e-05
193,7.63449514182237e-05
193.01,7.60808626100235e-05
193.02,7.58200936548428e-05
193.03,7.55626242905278e-05
193.04,7.53084344794265e-05
193.05,7.50575044067309e-05
193.06,7.48098144788272e-05
193.07,7.45653453216306e-05
193.08,7.43240779609167e-05
193.09,7.40859935769831e-05
193.1,7.38510733342698e-05
193.11,7.36192987589133e-05
193.12,7.3390651592463e-05
193.13,7.31651137904088e-05
193.14,7.29426675207215e-05
193.15,7.27232951623874e-05
193.16,7.25069793039432e-05
193.17,7.22937027420121e-05
193.18,7.2083448691271e-05
193.19,7.18762002684779e-05
193.2,7.16719408891267e-05
193.21,7.14706541915013e-05
193.22,7.12723240171658e-05
193.23,7.10769344096133e-05
193.24,7.08844696129192e-05
193.25,7.0694914070384e-05
193.26,7.05082524231871e-05
193.27,7.03244695149558e-05
193.28,7.01435503918918e-05
193.29,6.99654802717942e-05
193.3,6.97902445759596e-05
193.31,6.96178289170422e-05
193.32,6.94482190977079e-05
193.33,6.92814011092978e-05
193.34,6.91173611304876e-05
193.35,6.89560855259478e-05
193.36,6.87975608450024e-05
193.37,6.86417740817378e-05
193.38,6.84887121378016e-05
193.39,6.83383620555906e-05
193.4,6.81907111483278e-05
193.41,6.80457469113001e-05
193.42,6.79034570207067e-05
193.43,6.77638293325057e-05
193.44,6.76268518812649e-05
193.45,6.74925128790046e-05
193.46,6.736080074984e-05
193.47,6.72317044021685e-05
193.48,6.71052123700115e-05
193.49,6.69813136006014e-05
193.5,6.68599972169255e-05
193.51,6.67412525167678e-05
193.52,6.66250689717457e-05
193.53,6.65114362263492e-05
193.54,6.64003440969788e-05
193.55,6.62917825709837e-05
193.56,6.6185741808856e-05
193.57,6.60822121386792e-05
193.58,6.59811840528245e-05
193.59,6.5882648213324e-05
193.6,6.57865954483986e-05
193.61,6.56930167514983e-05
193.62,6.56019032803442e-05
193.63,6.55132463559659e-05
193.64,6.54270374617438e-05
193.65,6.53432682424494e-05
193.66,6.5261930503285e-05
193.67,6.51830164329278e-05
193.68,6.51065182214265e-05
193.69,6.50324280378037e-05
193.7,6.49607383511552e-05
193.71,6.48914417892324e-05
193.72,6.48245311376056e-05
193.73,6.47599993388278e-05
193.74,6.46978394915999e-05
193.75,6.46380448499323e-05
193.76,6.4580608822311e-05
193.77,6.45255249708606e-05
193.78,6.44727873897633e-05
193.79,6.44223899830362e-05
193.8,6.43743266267322e-05
193.81,6.43285915376091e-05
193.82,6.42851790864764e-05
193.83,6.42440837975479e-05
193.84,6.42053003477925e-05
193.85,6.4168823566286e-05
193.86,6.41346484335622e-05
193.87,6.41027700809646e-05
193.88,6.40731837899975e-05
193.89,6.40458853412118e-05
193.9,6.4020870290653e-05
193.91,6.39981342715764e-05
193.92,6.39776732002133e-05
193.93,6.39594831435488e-05
193.94,6.39435603188296e-05
193.95,6.39299010930706e-05
193.96,6.39185019825635e-05
193.97,6.39093596523834e-05
193.98,6.39024709158972e-05
193.99,6.38978327342703e-05
194,6.38954423793921e-05
194.01,6.38952970725637e-05
194.02,6.38973941852255e-05
194.03,6.39017312821805e-05
194.04,6.39083060752056e-05
194.05,6.3917116422625e-05
194.06,6.39281603288844e-05
194.07,6.3941435944125e-05
194.08,6.39569415637575e-05
194.09,6.3974675628036e-05
194.1,6.39946367216321e-05
194.11,6.40168239975621e-05
194.12,6.40412361891886e-05
194.13,6.4067872264965e-05
194.14,6.4096731424528e-05
194.15,6.41278130137069e-05
194.16,6.41611165242556e-05
194.17,6.41966415935847e-05
194.18,6.42343880044939e-05
194.19,6.42743556849034e-05
194.2,6.43165447075875e-05
194.21,6.43609552899054e-05
194.22,6.44075882796459e-05
194.23,6.44564439733901e-05
194.24,6.45075229980011e-05
194.25,6.45608261906066e-05
194.26,6.46163545357121e-05
194.27,6.46741091651006e-05
194.28,6.47340913577316e-05
194.29,6.479630253964e-05
194.3,6.48607442838359e-05
194.31,6.49274183102023e-05
194.32,6.49963264853962e-05
194.33,6.50674713696506e-05
194.34,6.51408547802844e-05
194.35,6.52164790076753e-05
194.36,6.5294346529074e-05
194.37,6.53744599697276e-05
194.38,6.54568221028344e-05
194.39,6.55414358494937e-05
194.4,6.56283042786584e-05
194.41,6.5717430607087e-05
194.42,6.58088181992955e-05
194.43,6.59024705675098e-05
194.44,6.59983913716158e-05
194.45,6.60965844191143e-05
194.46,6.6197053665071e-05
194.47,6.62998032480475e-05
194.48,6.64048392184809e-05
194.49,6.65121646598603e-05
194.5,6.66217841886841e-05
194.51,6.67337025740143e-05
194.52,6.68479247375929e-05
194.53,6.69644557539594e-05
194.54,6.7083300850567e-05
194.55,6.72044654078996e-05
194.56,6.73279549595858e-05
194.57,6.745377519252e-05
194.58,6.75819319469754e-05
194.59,6.77124312167219e-05
194.6,6.78452791491425e-05
194.61,6.79804820453504e-05
194.62,6.81180466325677e-05
194.63,6.82579816255254e-05
194.64,6.84002921394768e-05
194.65,6.85449851912079e-05
194.66,6.86920679590702e-05
194.67,6.88415477833239e-05
194.68,6.89934321664832e-05
194.69,6.91477287736562e-05
194.7,6.93044454328938e-05
194.71,6.94635901355303e-05
194.72,6.96251710365277e-05
194.73,6.97891964548205e-05
194.74,6.99556748736557e-05
194.75,7.01246149409423e-05
194.76,7.0296025469591e-05
194.77,7.04699158390349e-05
194.78,7.06462965671073e-05
194.79,7.08251757811546e-05
194.8,7.1006563037855e-05
194.81,7.11904680664316e-05
194.82,7.13769007691842e-05
194.83,7.15658712220112e-05
194.84,7.17573896749361e-05
194.85,7.19514665526332e-05
194.86,7.21481124549544e-05
194.87,7.23473381574507e-05
194.88,7.25491546119041e-05
194.89,7.27535729468493e-05
194.9,7.29606044681004e-05
194.91,7.31702606592765e-05
194.92,7.33825539157364e-05
194.93,7.35974973879491e-05
194.94,7.3815101799873e-05
194.95,7.40353794522769e-05
194.96,7.4258342833636e-05
194.97,7.44840046208863e-05
194.98,7.47123776801771e-05
194.99,7.49434750676186e-05
195,7.51773100300418e-05
195.01,7.5413896005745e-05
195.02,7.56532466252482e-05
195.03,7.58953757120442e-05
195.04,7.61402972833518e-05
195.05,7.63880255508686e-05
195.06,7.6638574921518e-05
195.07,7.68919612583416e-05
195.08,7.71482005228106e-05
195.09,7.74073062689699e-05
195.1,7.76692938233833e-05
195.11,7.79341787210509e-05
195.12,7.82019767064477e-05
195.13,7.84727037345781e-05
195.14,7.87463759720152e-05
195.15,7.90230097979478e-05
195.16,7.93026218052253e-05
195.17,7.95852288014034e-05
195.18,7.98708478097908e-05
195.19,8.01594960704882e-05
195.2,8.0451191041443e-05
195.21,8.07459503994885e-05
195.22,8.10437932764299e-05
195.23,8.13447382698654e-05
195.24,8.16488027798987e-05
195.25,8.19560054726823e-05
195.26,8.22663652458887e-05
195.27,8.25799012299868e-05
195.28,8.28966327895164e-05
195.29,8.32165795243625e-05
195.3,8.3539761271032e-05
195.31,8.3866198103921e-05
195.32,8.41959103365998e-05
195.33,8.45289185230807e-05
195.34,8.48652434590942e-05
195.35,8.52049061833633e-05
195.36,8.55479279788805e-05
195.37,8.58943321239326e-05
195.38,8.62441404397623e-05
195.39,8.65973740753669e-05
195.4,8.69540554256316e-05
195.41,8.73142071448015e-05
195.42,8.7677852148025e-05
195.43,8.80450136128994e-05
195.44,8.84157149810063e-05
195.45,8.87899799594676e-05
195.46,8.91678325224806e-05
195.47,8.95492969128639e-05
195.48,8.99343976436031e-05
195.49,9.03231594993857e-05
195.5,9.07156075381574e-05
195.51,9.11117670926577e-05
195.52,9.15116670971566e-05
195.53,9.19153326539684e-05
195.54,9.2322788896127e-05
195.55,9.27340624696158e-05
195.56,9.31491803170567e-05
195.57,9.35681696797034e-05
195.58,9.39910580994094e-05
195.59,9.44178734206096e-05
195.6,9.48486437922978e-05
195.61,9.5283397670008e-05
195.62,9.57221638177826e-05
195.63,9.61649713101655e-05
195.64,9.66118495341707e-05
195.65,9.70628281912629e-05
195.66,9.7517937299336e-05
195.67,9.7977211036872e-05
195.68,9.84406783908836e-05
195.69,9.89083696965096e-05
195.7,9.93803164574767e-05
195.71,9.98565505180293e-05
195.72,0.000100337104065346
195.73,0.000100822009631956
195.74,0.000101311300098143
195.75,0.000101805008694372
195.76,0.000102303169003698
195.77,0.000102805814964175
195.78,0.000103312980871278
195.79,0.00010382470138031
195.8,0.000104341011508822
195.81,0.000104861946639016
195.82,0.000105387543550423
195.83,0.000105917837753718
195.84,0.000106452865682563
195.85,0.000106992664249531
195.86,0.000107537270747282
195.87,0.000108086722851074
195.88,0.000108641058621295
195.89,0.000109200316505968
195.9,0.00010976453534327
195.91,0.000110333754364046
195.92,0.000110908013194333
195.93,0.000111487351857872
195.94,0.000112071810778615
195.95,0.000112661430783262
195.96,0.000113256253103762
195.97,0.000113856327155907
195.98,0.000114461690061939
195.99,0.000115072384755539
196,0.000115688454658376
196.01,0.00011630994365819
196.02,0.000116936896113162
196.03,0.000117569356856282
196.04,0.000118207371199714
196.05,0.000118850984939169
196.06,0.000119500244358257
196.07,0.000120155196232874
196.08,0.000120815886912839
196.09,0.000121482363462332
196.1,0.000122154674932383
196.11,0.00012283286996534
196.12,0.000123516997704313
196.13,0.000124207107797043
196.14,0.000124903250399734
196.15,0.0001256054761809
196.16,0.000126313836325209
196.17,0.000127028382537329
196.18,0.000127749167045775
196.19,0.000128476242606739
196.2,0.000129209660000474
196.21,0.000129949474400053
196.22,0.000130695740169206
196.23,0.000131448512023048
196.24,0.000132207845206645
196.25,0.000132973795498233
196.26,0.000133746419212392
196.27,0.000134525773203244
196.28,0.000135311914867646
196.29,0.000136104902148381
196.3,0.000136904793537359
196.31,0.000137711650621478
196.32,0.000138525536786177
196.33,0.000139346509798435
196.34,0.000140174631254851
196.35,0.000141009963420811
196.36,0.000141852569238934
196.37,0.000142702512337486
196.38,0.000143559857038838
196.39,0.000144424668367889
196.4,0.000145297011042835
196.41,0.000146176951458342
196.42,0.000147064556994735
196.43,0.000147959895380659
196.44,0.000148863035067302
196.45,0.000149774045235758
196.46,0.000150692995804335
196.47,0.000151619957435898
196.48,0.000152555001545202
196.49,0.000153498190703773
196.5,0.000154449602685531
196.51,0.000155409310229156
196.52,0.000156377386619665
196.53,0.000157353905792695
196.54,0.00015833894233507
196.55,0.000159332571485378
196.56,0.000160334869134509
196.57,0.000161345912093439
196.58,0.000162365778358194
196.59,0.000163394545485921
196.6,0.000164432292203216
196.61,0.000165479097925056
196.62,0.000166535042757464
196.63,0.000167600207500222
196.64,0.00016867468220841
196.65,0.000169758554071575
196.66,0.000170851904393833
196.67,0.00017195482007957
196.68,0.000173067389225534
196.69,0.000174189701153849
196.7,0.000175321846445082
196.71,0.000176463907674256
196.72,0.00017761597988274
196.73,0.000178778156381359
196.74,0.000179950530582643
196.75,0.000181133196895515
196.76,0.000182326247586912
196.77,0.000183529755859906
196.78,0.00018474382802484
196.79,0.000185968558096491
196.8,0.0001872040406589
196.81,0.000188450370865336
196.82,0.000189707649727151
196.83,0.000190975981830287
196.84,0.000192255460845252
196.85,0.000193546186720908
196.86,0.00019484826021485
196.87,0.00019616178289338
196.88,0.000197486873960379
196.89,0.000198823641298594
196.9,0.000200172187168811
196.91,0.000201532621004777
196.92,0.000202905053478698
196.93,0.000204289596501246
196.94,0.000205686364195457
196.95,0.000207095470665416
196.96,0.000208517031655901
196.97,0.000209951164214498
196.98,0.000211397986643844
196.99,0.000212857612499008
197,0.000214330132450709
197.01,0.000215815680157503
197.02,0.000217314372815991
197.03,0.000218826328283396
197.04,0.000220351665077563
197.05,0.000221890509044262
197.06,0.000223442987999453
197.07,0.000225009219379114
197.08,0.000226589327130285
197.09,0.000228183436124289
197.1,0.00022979167215673
197.11,0.000231414187485099
197.12,0.000233051112998781
197.13,0.000234702575984856
197.14,0.000236368712283859
197.15,0.00023804965924267
197.16,0.000239745555714517
197.17,0.000241456547436412
197.18,0.000243182774652072
197.19,0.000244924381385649
197.2,0.000246681513505804
197.21,0.00024845431847657
197.22,0.000250242938586848
197.23,0.00025204747729885
197.24,0.000253868105272417
197.25,0.000255704967492029
197.26,0.000257558209680071
197.27,0.000259427978296842
197.28,0.000261314424015826
197.29,0.000263217701489846
197.3,0.000265137956753106
197.31,0.000267075341044946
197.32,0.000269030006515896
197.33,0.000271002106227634
197.34,0.000272991829095633
197.35,0.000274999350509861
197.36,0.000277024818156473
197.37,0.000279068399873789
197.38,0.000281130265445665
197.39,0.000283210586601448
197.4,0.000285309530730946
197.41,0.000287427273706225
197.42,0.000289563992990271
197.43,0.000291719866690904
197.44,0.000293895074733542
197.45,0.000296089798062992
197.46,0.000298304136179794
197.47,0.000300538314685563
197.48,0.000302792510985115
197.49,0.00030506690346617
197.5,0.000307361671499426
197.51,0.000309676995438508
197.52,0.000312013061223719
197.53,0.000314370072857475
197.54,0.000316748202716035
197.55,0.000319147638377245
197.56,0.000321568568678103
197.57,0.000324011183714847
197.58,0.000326475674842894
197.59,0.000328962257455285
197.6,0.000331471161327869
197.61,0.000334002561672984
197.62,0.000336556663005785
197.63,0.000339133671771652
197.64,0.000341733796346135
197.65,0.000344357247034968
197.66,0.000347004207466819
197.67,0.000349674877942207
197.68,0.000352369484587637
197.69,0.000355088238778061
197.7,0.000357831353277614
197.71,0.000360599042239563
197.72,0.000363391521206316
197.73,0.000366208999559249
197.74,0.000369051696161536
197.75,0.000371919831343052
197.76,0.000374813624920891
197.77,0.000377733297998589
197.78,0.000380679072966124
197.79,0.000383651173499916
197.8,0.0003866498448196
197.81,0.000389675304864097
197.82,0.000392727782833205
197.83,0.000395807510224018
197.84,0.000398914720031202
197.85,0.000402049646746991
197.86,0.000405212525570451
197.87,0.000408403588040885
197.88,0.000411623076082131
197.89,0.00041487122935616
197.9,0.000418148288953317
197.91,0.000421454497392313
197.92,0.000424790098620229
197.93,0.000428155331837922
197.94,0.000431550430297765
197.95,0.00043497564946096
197.96,0.0004384312363501
197.97,0.000441917439197146
197.98,0.000445434507443448
197.99,0.000448982691739659
198,0.000452562236960326
198.01,0.000456173390934024
198.02,0.000459816411280834
198.03,0.000463491551654431
198.04,0.0004671990667679
198.05,0.000470939212393754
198.06,0.000474712245363851
198.07,0.000478518411794887
198.08,0.000482357969748852
198.09,0.00048623118104154
198.1,0.000490138304548567
198.11,0.000494079600028357
198.12,0.000498055328122042
198.13,0.000502065750353604
198.14,0.000506111102036502
198.15,0.000510191655034348
198.16,0.000514307672530332
198.17,0.000518459415719784
198.18,0.000522647146374726
198.19,0.00052687112684378
198.2,0.000531131617948833
198.21,0.000535428851039668
198.22,0.00053976310275454
198.23,0.000544134631512457
198.24,0.000548543695372445
198.25,0.000552990551974319
198.26,0.00055747545847919
198.27,0.000561998670848742
198.28,0.000566560439305941
198.29,0.00057116102154401
198.3,0.000575800671049198
198.31,0.000580479640359972
198.32,0.000585198180997048
198.33,0.000589956543393171
198.34,0.000594754975339787
198.35,0.00059959371615642
198.36,0.000604473016087312
198.37,0.000609393118631209
198.38,0.000614354265571923
198.39,0.000619356696890894
198.4,0.000624400650679909
198.41,0.000629486359689055
198.42,0.000634614043695917
198.43,0.000639783940316291
198.44,0.000644996275889484
198.45,0.00065025127394246
198.46,0.000655549155072255
198.47,0.000660890136828547
198.48,0.000666274430391436
198.49,0.000671702236662627
198.5,0.000677173767429023
198.51,0.000682689224294236
198.52,0.000688248804850609
198.53,0.000693852702538462
198.54,0.000699501106505356
198.55,0.000705194198032109
198.56,0.000710932148870485
198.57,0.000716715137800989
198.58,0.000722543333060871
198.59,0.000728416897552085
198.6,0.000734335988679664
198.61,0.000740300758190125
198.62,0.000746311343315295
198.63,0.000752367867507119
198.64,0.000758470471156561
198.65,0.000764619276665519
198.66,0.000770814399231868
198.67,0.000777055946642515
198.68,0.000783344019066495
198.69,0.000789678697742365
198.7,0.00079606005059044
198.71,0.000802488160237579
198.72,0.000808963088610635
198.73,0.000815484888162438
198.74,0.000822053601614406
198.75,0.000828669261699535
198.76,0.000835331886426814
198.77,0.00084204148249539
198.78,0.000848798053237557
198.79,0.00085560158678607
198.8,0.000862452059701204
198.81,0.000869349436695169
198.82,0.000876293670356918
198.83,0.000883284692063944
198.84,0.000890322421100026
198.85,0.000897406775305329
198.86,0.000904537652308373
198.87,0.000911714935705654
198.88,0.000918938494754084
198.89,0.000926208184063041
198.9,0.00093352381131487
198.91,0.00094088517768075
198.92,0.000948292101172704
198.93,0.000955744362389167
198.94,0.00096324172398109
198.95,0.000970783930237408
198.96,0.000978370706670095
198.97,0.000986001734487228
198.98,0.000993676686633836
198.99,0.00100139523521372
199,0.00100915701754482
199.01,0.00101696164882318
199.02,0.00102480872163119
199.03,0.0010326978054458
199.04,0.00104062848518814
199.05,0.00104860029803809
199.06,0.00105661273523046
199.07,0.00106466528178277
199.08,0.00107275739897354
199.09,0.00108088852396092
199.1,0.0010890580694012
199.11,0.00109726539214063
199.12,0.00110550984666507
199.13,0.00111379077287807
199.14,0.00112210747211353
199.15,0.00113045921795406
199.16,0.00113884525576865
199.17,0.00114726480225026
199.18,0.00115571696913696
199.19,0.00116420088919327
199.2,0.00117271568195639
199.21,0.00118126040980936
199.22,0.001189834098193
199.23,0.0011984357400981
199.24,0.00120706432508517
199.25,0.00121571875316963
199.26,0.00122439790580674
199.27,0.00123310062532614
199.28,0.00124182571421087
199.29,0.0012505720524265
199.3,0.00125933847524095
199.31,0.001268123693234
199.32,0.00127692644402616
199.33,0.0012857454369684
199.34,0.00129457910308865
199.35,0.00130342613462304
199.36,0.00131228508603037
199.37,0.00132115444208589
199.38,0.00133003254080727
199.39,0.00133891782944285
199.4,0.00134780865508358
199.41,0.00135670334375512
199.42,0.00136560018933491
199.43,0.00137449740877973
199.44,0.0013833931917894
199.45,0.00139228575419244
199.46,0.00140117323685304
199.47,0.00141005372237517
199.48,0.00141892527213229
199.49,0.00142778587721758
199.5,0.00143663352571701
199.51,0.00144546615702696
199.52,0.00145428166185989
199.53,0.00146307784298617
199.54,0.0014718525252675
199.55,0.00148060346935817
199.56,0.00148932840955386
199.57,0.00149802505159553
199.58,0.00150669102962373
199.59,0.00151532395066256
199.6,0.00152392140731992
199.61,0.00153248102269713
199.62,0.00154100027360797
199.63,0.00154947664295895
199.64,0.00155790758758677
199.65,0.00156629061462211
199.66,0.00157462308700578
199.67,0.00158290237588849
199.68,0.00159112582072706
199.69,0.00159929083739961
199.7,0.00160739468858812
199.71,0.00161543464903642
199.72,0.00162340796754046
199.73,0.0016313120103552
199.74,0.00163914399503678
199.75,0.0016469011204798
199.76,0.00165458058491404
199.77,0.00166217972008449
199.78,0.00166969577216499
199.79,0.00167712590080848
199.8,0.0016844673026745
199.81,0.00169171726849266
199.82,0.00169887312584721
199.83,0.00170593208156439
199.84,0.00171289141425265
199.85,0.00171974841908581
199.86,0.00172650048081993
199.87,0.0017331449314014
199.88,0.00173967915816036
199.89,0.00174610058200451
199.9,0.00175240668120634
199.91,0.00175859499220461
199.92,0.00176466305691269
199.93,0.00177060848445414
199.94,0.00177642893757175
199.95,0.00178212220219089
199.96,0.00178768606525334
199.97,0.0017931183960855
199.98,0.00179841714310485
199.99,0.00180358034910935
200,0.00180860616702518
200.01,0.00181349279476071
200.02,0.00181823854378303
200.03,0.00182284182564653
200.04,0.00182730116501893
200.05,0.00183161518973261
200.06,0.00183578264207651
200.07,0.00183980238495061
200.08,0.00184367341332881
200.09,0.00184739487560321
200.1,0.00185096602081076
200.11,0.00185438625261963
200.12,0.00185765512091884
200.13,0.00186077230740781
200.14,0.00186373765983986
200.15,0.00186655119052525
200.16,0.00186921307088232
200.17,0.00187172363259697
200.18,0.00187408331544105
200.19,0.00187629281465427
200.2,0.00187835297226196
200.21,0.0018802648110515
200.22,0.0018820294925122
200.23,0.00188364836158816
200.24,0.00188512299684291
200.25,0.00188645514352941
200.26,0.00188764673992173
200.27,0.00188869978216587
200.28,0.00188961661282647
200.29,0.00189039971723963
200.3,0.00189105177375792
200.31,0.00189157559034431
200.32,0.00189197408817542
200.33,0.00189225053574639
200.34,0.00189240832369059
200.35,0.0018924510306407
200.36,0.00189238223136468
200.37,0.00189220583036901
200.38,0.00189192590920781
200.39,0.00189154669080346
200.4,0.00189107252663419
200.41,0.00189050777004952
200.42,0.00188985715309617
200.43,0.00188912546982175
200.44,0.00188831765809027
200.45,0.00188743866080238
200.46,0.00188649359147999
200.47,0.0018854877641265
200.48,0.00188442655771892
200.49,0.00188331545393757
200.5,0.00188215979896827
200.51,0.00188096530407419
200.52,0.00187973765743103
200.53,0.00187848261617084
200.54,0.00187720593345628
200.55,0.00187591334935688
200.56,0.00187461077951706
200.57,0.00187330410902409
200.58,0.00187199924240072
200.59,0.00187070207543144
200.6,0.00186941852200041
200.61,0.00186815449037549
200.62,0.00186691587107952
200.63,0.00186570852366416
200.64,0.00186453823374981
200.65,0.00186341080130186
200.66,0.0018623319535065
200.67,0.00186130735722154
200.68,0.00186034265624814
200.69,0.00185944341779158
200.7,0.00185861508750598
200.71,0.00185786304470334
200.72,0.00185719257337579
200.73,0.00185660906600752
200.74,0.00185611758219542
200.75,0.00185572315135525
200.76,0.00185543069821775
200.77,0.00185524509737101
200.78,0.00185517121186378
200.79,0.00185521360602099
200.8,0.00185537680219407
200.81,0.0018556652020799
200.82,0.00185608325687919
200.83,0.00185663519027505
200.84,0.00185732506915544
200.85,0.00185815688092307
200.86,0.00185913451170552
200.87,0.00186026190253738
200.88,0.00186154265663751
200.89,0.00186298034526584
200.9,0.00186457842562623
200.91,0.00186634040162469
200.92,0.00186826971656494
200.93,0.00187036951303085
200.94,0.00187264294024249
200.95,0.00187509305998492
200.96,0.00187772298719306
200.97,0.00188053562281777
200.98,0.00188353382580835
200.99,0.00188672039638983
201,0.00189009805239479
201.01,0.00189366940450314
201.02,0.0018974370655023
201.03,0.00190140355947347
201.04,0.00190557134970839
201.05,0.00190994302024536
201.06,0.0019145210847247
201.07,0.00191930794937192
201.08,0.0019243060606842
201.09,0.00192951772032691
201.1,0.00193494534724575
201.11,0.00194059132146832
201.12,0.0019464579944696
201.13,0.00195254760786011
201.14,0.0019588625156435
201.15,0.00196540502062929
201.16,0.00197217745685867
201.17,0.00197918219286073
201.18,0.00198642154598014
201.19,0.00199389787238845
201.2,0.00200161356414813
201.21,0.00200957103124957
201.22,0.00201777270801556
201.23,0.00202622106659083
201.24,0.00203491849587711
201.25,0.00204386753547711
201.26,0.00205307071717161
201.27,0.00206253059638041
201.28,0.00207224972571346
201.29,0.00208223073549178
201.3,0.00209247627395935
201.31,0.00210298902346407
201.32,0.00211377170275903
201.33,0.00212482707053808
201.34,0.00213615792472049
201.35,0.00214776707766989
201.36,0.00215965734185216
201.37,0.00217183163282225
201.38,0.0021842928770297
201.39,0.00219704401683262
201.4,0.00221008794684786
201.41,0.00222342769800736
201.42,0.00223706628854981
201.43,0.00225100675880652
201.44,0.0022652521261198
201.45,0.00227980548212321
201.46,0.00229466991779385
201.47,0.00230984854093488
201.48,0.00232534441821117
201.49,0.00234116068299299
201.5,0.00235730045947435
201.51,0.00237376687543022
201.52,0.0023905629866498
201.53,0.00240769189740769
201.54,0.00242515670483205
201.55,0.00244296048231604
201.56,0.00246110626606363
201.57,0.00247959707726403
201.58,0.00249843592172976
201.59,0.00251762576999615
201.6,0.00253716956863951
201.61,0.00255707023187884
201.62,0.00257733062608724
201.63,0.00259795358151526
201.64,0.00261894187865331
201.65,0.00264029824209079
201.66,0.00266202535851416
201.67,0.00268412585375862
201.68,0.00270660229499802
201.69,0.00272945718766761
201.7,0.00275269297119212
201.71,0.00277631201633405
201.72,0.00280031662891773
201.73,0.00282470912613061
201.74,0.00284949165526861
201.75,0.00287466632554093
201.76,0.00290023517147854
201.77,0.00292620017358782
201.78,0.00295256321145977
201.79,0.00297932609237054
201.8,0.00300649054276359
201.81,0.00303405828543079
201.82,0.00306203090591743
201.83,0.00309040991067625
201.84,0.0031191967381826
201.85,0.0031483927787068
201.86,0.00317799933477807
201.87,0.00320801761808964
201.88,0.00323844877251413
201.89,0.00326929387950352
201.9,0.00330055394859008
201.91,0.00333222989795736
201.92,0.00336432257849113
201.93,0.00339683279658632
201.94,0.00342976132673301
201.95,0.00346310880850231
201.96,0.00349687584374085
201.97,0.00353106297840661
201.98,0.00356567072880516
201.99,0.00360069952153064
202,0.00363614974173262
202.01,0.00367202167397969
202.02,0.00370831557491794
202.03,0.00374503164636633
202.04,0.00378217004524106
202.05,0.00381973090281695
202.06,0.00385771426609709
202.07,0.00389612015035808
202.08,0.00393494855277148
202.09,0.00397419940972978
202.1,0.0040138726289166
202.11,0.00405396805996004
202.12,0.00409448550668741
202.13,0.00413542476188842
202.14,0.00417678557085137
202.15,0.00421856763414023
202.16,0.00426077062691677
202.17,0.00430339418689889
202.18,0.00434643796845665
202.19,0.00438990158998853
202.2,0.00443378463118925
202.21,0.0044780866529936
202.22,0.00452280715501179
202.23,0.00456794566738771
202.24,0.00461350168293805
202.25,0.00465947459161043
202.26,0.00470586380900235
202.27,0.0047526687158551
202.28,0.00479988870364756
202.29,0.00484752320365446
202.3,0.00489557154006925
202.31,0.00494403306198546
202.32,0.00499290708872433
202.33,0.00504219295220517
202.34,0.0050918899712588
202.35,0.00514199740125176
202.36,0.00519251446961222
202.37,0.00524344043533532
202.38,0.00529477452086114
202.39,0.00534651597209752
202.4,0.00539866397595165
202.41,0.00545121772007344
202.42,0.00550417639244127
202.43,0.0055575391648913
202.44,0.00561130519569144
202.45,0.00566547363322661
202.46,0.00572004359855843
202.47,0.00577501422263302
202.48,0.00583038461922155
202.49,0.00588615388062605
202.5,0.00594232109013903
202.51,0.00599888532415422
202.52,0.00605584564515571
202.53,0.00611320111119081
202.54,0.00617095076134609
202.55,0.00622909362651733
202.56,0.00628762872739193
202.57,0.00634655507417363
202.58,0.00640587166647126
202.59,0.00646557749305463
202.6,0.00652567152295132
202.61,0.00658615272367799
202.62,0.00664702004819883
202.63,0.00670827243570854
202.64,0.00676990881307621
202.65,0.00683192809698999
202.66,0.00689432919101272
202.67,0.00695711098844429
202.68,0.00702027236767766
202.69,0.00708381219540751
202.7,0.00714772932568398
202.71,0.00721202260253109
202.72,0.00727669085440249
202.73,0.00734173289801357
202.74,0.00740714753727847
202.75,0.00747293355856002
202.76,0.0075390897392716
202.77,0.00760561484218222
202.78,0.00767250761613363
202.79,0.00773976678964804
202.8,0.00780739108187358
202.81,0.00787537919653653
202.82,0.00794372982155025
202.83,0.00801244162935884
202.84,0.00808151327676574
202.85,0.00815094340467811
202.86,0.00822073063786321
202.87,0.008290873588011
202.88,0.00836137084904295
202.89,0.00843222099748346
202.9,0.00850342259411738
202.91,0.00857497418176862
202.92,0.00864687428656656
202.93,0.00871912141814945
202.94,0.0087917140682952
202.95,0.0088646507067173
202.96,0.00893792978554103
202.97,0.00901154974215829
202.98,0.00908550899307248
202.99,0.00915980593565614
203,0.00923443894899974
203.01,0.00930940639177523
203.02,0.00938470660274052
203.03,0.00946033790081027
203.04,0.0095362985846062
203.05,0.00961258694092242
203.06,0.00968920122623076
203.07,0.00976613967979068
203.08,0.00984340052037842
203.09,0.0099209819453988
203.1,0.0099988821277842
203.11,0.0100770992236588
203.12,0.0101556313657319
203.13,0.0102344766647981
203.14,0.0103136332063035
203.15,0.0103930990484289
203.16,0.0104728722350241
203.17,0.0105529507827523
203.18,0.0106333326844155
203.19,0.0107140159185008
203.2,0.0107949984398507
203.21,0.0108762781695832
203.22,0.0109578530103382
203.23,0.0110397208410396
203.24,0.0111218795120859
203.25,0.0112043268527438
203.26,0.0112870606685753
203.27,0.011370078739294
203.28,0.0114533788195766
203.29,0.0115369586569269
203.3,0.0116208159545576
203.31,0.0117049483968906
203.32,0.0117893536446115
203.33,0.0118740293307711
203.34,0.0119589730382235
203.35,0.0120441823568013
203.36,0.0121296548372343
203.37,0.0122153880030905
203.38,0.0123013793565397
203.39,0.0123876263835552
203.4,0.012474126524023
203.41,0.0125608771989258
203.42,0.0126478758024605
203.43,0.0127351197084346
203.44,0.0128226062651618
203.45,0.0129103327866429
203.46,0.0129982965644111
203.47,0.0130864948636939
203.48,0.0131749249168284
203.49,0.0132635839334329
203.5,0.0133524690980455
203.51,0.0134415775663941
203.52,0.0135309064669789
203.53,0.0136204528960396
203.54,0.0137102139264305
203.55,0.0138001866030122
203.56,0.0138903679418831
203.57,0.0139807549309629
203.58,0.0140713445553095
203.59,0.0141621337455859
203.6,0.0142531194123819
203.61,0.014344298440962
203.62,0.0144356676896496
203.63,0.0145272239771333
203.64,0.0146189641104685
203.65,0.0147108848636401
203.66,0.0148029829831062
203.67,0.0148952551890249
203.68,0.014987698186084
203.69,0.0150803086362263
203.7,0.0151730831804212
203.71,0.015266018432903
203.72,0.0153591109792549
203.73,0.0154523573704307
203.74,0.0155457541416446
203.75,0.0156392977964021
203.76,0.0157329848108415
203.77,0.0158268116417755
203.78,0.0159207747347135
203.79,0.0160148704821816
203.8,0.0161090952622233
203.81,0.0162034454276611
203.82,0.0162979173016218
203.83,0.0163925071798818
203.84,0.0164872113426607
203.85,0.0165820260406614
203.86,0.0166769474997251
203.87,0.0167719719209592
203.88,0.0168670954796134
203.89,0.0169623143053035
203.9,0.0170576245333558
203.91,0.0171530222623056
203.92,0.0172485035658145
203.93,0.0173440644927472
203.94,0.0174397010672466
203.95,0.0175354093139335
203.96,0.0176311852129207
203.97,0.0177270247148881
203.98,0.0178229237545696
203.99,0.0179188782436856
204,0.0180148840711085
204.01,0.0181109371101318
204.02,0.0182070332192227
204.03,0.0183031682151046
204.04,0.0183993379020349
204.05,0.0184955380630434
204.06,0.0185917644601465
204.07,0.0186880128345721
204.08,0.0187842789078288
204.09,0.0188805583798995
204.1,0.0189768469310966
204.11,0.0190731402218316
204.12,0.0191694338928313
204.13,0.0192657235653593
204.14,0.0193620048500776
204.15,0.0194582733333393
204.16,0.0195545245788486
204.17,0.0196507541355038
204.18,0.0197469575343369
204.19,0.0198431302887626
204.2,0.0199392679001204
204.21,0.020035365862505
204.22,0.0201314196331555
204.23,0.0202274246622152
204.24,0.0203233763842026
204.25,0.0204192702183159
204.26,0.0205151015687304
204.27,0.0206108658349242
204.28,0.0207065583883753
204.29,0.0208021745912108
204.3,0.0208977097924102
204.31,0.0209931593276809
204.32,0.0210885185197763
204.33,0.0211837826788081
204.34,0.0212789471098656
204.35,0.0213740071015331
204.36,0.021468957926413
204.37,0.0215637948493932
204.38,0.0216585131245924
204.39,0.0217531079956899
204.4,0.0218475746962582
204.41,0.0219419084569918
204.42,0.0220361045112681
204.43,0.0221301580558531
204.44,0.0222240642918014
204.45,0.0223178184123593
204.46,0.0224114156033323
204.47,0.0225048510434553
204.48,0.0225981199047623
204.49,0.0226912173746832
204.5,0.0227841386046111
204.51,0.0228768787516104
204.52,0.0229694329686007
204.53,0.0230617964041764
204.54,0.0231539642030057
204.55,0.0232459315062306
204.56,0.023337693454435
204.57,0.0234292451837217
204.58,0.0235205818266068
204.59,0.0236116985148665
204.6,0.0237025903788492
204.61,0.0237932525478805
204.62,0.0238836801506672
204.63,0.0239738683180429
204.64,0.0240638121844634
204.65,0.0241535068766365
204.66,0.0242429475263043
204.67,0.0243321292668194
204.68,0.0244210472335625
204.69,0.0245096965643574
204.7,0.0245980723998914
204.71,0.0246861699007789
204.72,0.0247739842078148
204.73,0.0248615104752188
204.74,0.0249487438622876
204.75,0.0250356795336621
204.76,0.0251223126597651
204.77,0.0252086384172412
204.78,0.0252946519896343
204.79,0.0253803485674074
204.8,0.0254657233484711
204.81,0.025550771538816
204.82,0.0256354883528622
204.83,0.0257198690138973
204.84,0.0258039087545175
204.85,0.0258876028159671
204.86,0.0259709464430031
204.87,0.0260539349023129
204.88,0.026136563466728
204.89,0.0262188274203957
204.9,0.0263007220592087
204.91,0.0263822426912337
204.92,0.0264633846371402
204.93,0.0265441432338278
204.94,0.0266245138294407
204.95,0.026704491784418
204.96,0.0267840724750148
204.97,0.0268632512923506
204.98,0.0269420236428455
204.99,0.0270203849486538
205,0.0270983306481853
205.01,0.0271758561970969
205.02,0.0272529570670359
205.03,0.0273296287475804
205.04,0.0274058667462387
205.05,0.0274816665888865
205.06,0.0275570238202015
205.07,0.0276319340041025
205.08,0.0277063927098955
205.09,0.0277803955357834
205.1,0.0278539381092604
205.11,0.0279270160714519
205.12,0.027999625084358
205.13,0.0280717608312612
205.14,0.0281434190171305
205.15,0.0282145953676195
205.16,0.02828528561671
205.17,0.0283554855438821
205.18,0.0284251909422881
205.19,0.0284943976284325
205.2,0.0285631014425585
205.21,0.0286312982490311
205.22,0.0286989839367218
205.23,0.0287661544222538
205.24,0.0288328056460059
205.25,0.0288989335719206
205.26,0.0289645341915991
205.27,0.0290296035231855
205.28,0.0290941376117577
205.29,0.0291581325297185
205.3,0.0292215843755727
205.31,0.0292844892540491
205.32,0.0293468433332856
205.33,0.0294086427954911
205.34,0.0294698838517101
205.35,0.0295305627421886
205.36,0.0295906757367415
205.37,0.0296502191351165
205.38,0.0297091892630983
205.39,0.0297675824239583
205.4,0.0298253950373901
205.41,0.0298826235181601
205.42,0.0299392643117076
205.43,0.0299953138944507
205.44,0.0300507687740908
205.45,0.0301056254899205
205.46,0.0301598806118506
205.47,0.0302135307272866
205.48,0.0302665724799117
205.49,0.0303190025360851
205.5,0.0303708175949799
205.51,0.0304220143888704
205.52,0.0304725896834213
205.53,0.0305225402779769
205.54,0.0305718630069614
205.55,0.0306205547509213
205.56,0.0306686124056436
205.57,0.0307160329100037
205.58,0.0307628132382511
205.59,0.0308089504003128
205.6,0.0308544414420958
205.61,0.0308992834457904
205.62,0.0309434735242802
205.63,0.0309870087688618
205.64,0.0310298864038197
205.65,0.0310721036498799
205.66,0.0311136577643113
205.67,0.0311545460411591
205.68,0.0311947658114787
205.69,0.0312343144435678
205.7,0.0312731893345106
205.71,0.0313113878386459
205.72,0.0313489074809877
205.73,0.0313857457677051
205.74,0.0314219002416268
205.75,0.0314573684823798
205.76,0.0314921481065249
205.77,0.0315262367676935
205.78,0.0315596321609029
205.79,0.0315923320546776
205.8,0.0316243341949325
205.81,0.0316556363910808
205.82,0.0316862364910888
205.83,0.031716132381656
205.84,0.0317453219883966
205.85,0.0317738032760196
205.86,0.0318015742536492
205.87,0.0318286330110378
205.88,0.0318549776075823
205.89,0.0318806061728231
205.9,0.0319055168771373
205.91,0.0319297079319633
205.92,0.0319531775900272
205.93,0.0319759241455679
205.94,0.0319979459345628
205.95,0.0320192411690833
205.96,0.0320398083092837
205.97,0.0320596458187706
205.98,0.0320787521748935
205.99,0.0320971258945262
206,0.0321147655341208
206.01,0.0321316696897608
206.02,0.0321478369972142
206.03,0.03216326604658
206.04,0.0321779555062037
206.05,0.032191904165549
206.06,0.0322051107971889
206.07,0.0322175742108997
206.08,0.0322292932535703
206.09,0.0322402668091122
206.1,0.0322504937983688
206.11,0.0322599732436816
206.12,0.0322687043340494
206.13,0.0322766859954355
206.14,0.0322839173318176
206.15,0.0322903974881813
206.16,0.0322961256506695
206.17,0.0323011010467329
206.18,0.0323053229452797
206.19,0.0323087906568259
206.2,0.0323115036782251
206.21,0.0323134613349766
206.22,0.0323146630793718
206.23,0.0323151084100899
206.24,0.0323147968705733
206.25,0.0323137280493005
206.26,0.0323119015800592
206.27,0.0323093171422197
206.28,0.0323059739684214
206.29,0.0323018718029345
206.3,0.032297010539743
206.31,0.0322913899430901
206.32,0.0322850098120317
206.33,0.0322778699800799
206.34,0.0322699703148458
206.35,0.0322613107176832
206.36,0.0322518911497559
206.37,0.0322417116132043
206.38,0.0322307720879606
206.39,0.0322190726161354
206.4,0.0322066132729528
206.41,0.0321933941664543
206.42,0.032179415437203
206.43,0.0321646772579873
206.44,0.0321491799139176
206.45,0.0321329243203767
206.46,0.0321159104896857
206.47,0.0320981388671989
206.48,0.0320796099513296
206.49,0.0320603242946888
206.5,0.0320402825052227
206.51,0.0320194849778353
206.52,0.0319979320312315
206.53,0.0319756245910058
206.54,0.0319525633494206
206.55,0.031928749037705
206.56,0.0319041824258012
206.57,0.0318788643221097
206.58,0.0318527950826515
206.59,0.0318259755003248
206.6,0.0317984065149392
206.61,0.0317700889326185
206.62,0.0317410235743652
206.63,0.0317112112744231
206.64,0.0316806528786407
206.65,0.0316493504789522
206.66,0.0316173044605624
206.67,0.0315845158988365
206.68,0.031550985909443
206.69,0.0315167156425653
206.7,0.0314817062829004
206.71,0.0314459595281953
206.72,0.0314094767523693
206.73,0.0313722591585852
206.74,0.0313343081805007
206.75,0.0312956252957974
206.76,0.0312562120261815
206.77,0.0312160697171886
206.78,0.0311751994664455
206.79,0.0311336031689635
206.8,0.0310912824120243
206.81,0.0310482388171764
206.82,0.0310044740402345
206.83,0.0309599897712797
206.84,0.0309147871127893
206.85,0.0308688680870851
206.86,0.0308222344094312
206.87,0.0307748878164859
206.88,0.0307268300716266
206.89,0.0306780629649514
206.9,0.030628588518624
206.91,0.0305784086308746
206.92,0.0305275251340673
206.93,0.0304759399731724
206.94,0.0304236551239987
206.95,0.0303706725931914
206.96,0.0303169946283406
206.97,0.0302626237996376
206.98,0.0302075619702398
206.99,0.0301518113773312
207,0.0300953742984
207.01,0.0300382530512399
207.02,0.0299804499939498
207.03,0.0299219668439935
207.04,0.029862806333792
207.05,0.029802970863861
207.06,0.0297424628587703
207.07,0.0296812847756502
207.08,0.0296194391041929
207.09,0.0295569279756048
207.1,0.0294937535689638
207.11,0.02942991867662
207.12,0.0293654257972927
207.13,0.0293002774519313
207.14,0.029234476183717
207.15,0.0291680245580624
207.16,0.0291009255914827
207.17,0.0290331817103736
207.18,0.0289647955955811
207.19,0.0288957699613013
207.2,0.0288261075488536
207.21,0.0287558111266819
207.22,0.0286848838675073
207.23,0.0286133289618556
207.24,0.0285411490593688
207.25,0.0284683471545757
207.26,0.028394926279153
207.27,0.0283208895019245
207.28,0.0282462399288611
207.29,0.0281709798287045
207.3,0.028095112752708
207.31,0.0280186418203502
207.32,0.0279415701637828
207.33,0.0278639009422966
207.34,0.0277856373423215
207.35,0.0277067822105639
207.36,0.0276273384245786
207.37,0.027547309449371
207.38,0.0274666984648828
207.39,0.0273855086683869
207.4,0.0273037432744871
207.41,0.027221405515118
207.42,0.0271384994134886
207.43,0.027055027893319
207.44,0.0269709943161661
207.45,0.0268864020833633
207.46,0.0268012546214872
207.47,0.0267155553823579
207.48,0.0266293079627935
207.49,0.0265425164496993
207.5,0.0264551840782873
207.51,0.026367314490076
207.52,0.0262789113593034
207.53,0.0261899783929278
207.54,0.0261005193306271
207.55,0.0260105376181147
207.56,0.0259200366125198
207.57,0.025829020403272
207.58,0.0257374927512071
207.59,0.0256454574408025
207.6,0.0255529182801766
207.61,0.0254598791010884
207.62,0.0253663432534294
207.63,0.0252723144720964
207.64,0.0251777967865211
207.65,0.0250827940161051
207.66,0.0249873099952014
207.67,0.0248913485731142
207.68,0.0247949136140987
207.69,0.0246980096472113
207.7,0.024600640407107
207.71,0.0245028098058978
207.72,0.0244045218660551
207.73,0.0243057806328597
207.74,0.0242065901744035
207.75,0.0241069546234152
207.76,0.0240068787942019
207.77,0.0239063664853022
207.78,0.0238054219444926
207.79,0.0237040494498921
207.8,0.0236022533099612
207.81,0.0235000378635047
207.82,0.0233974073296468
207.83,0.0232943656582233
207.84,0.0231909174459932
207.85,0.0230870670449475
207.86,0.0229828188268687
207.87,0.0228781771833329
207.88,0.0227731460577322
207.89,0.0226677297007811
207.9,0.0225619326236336
207.91,0.0224557591569635
207.92,0.0223492136380355
207.93,0.0222423004115131
207.94,0.0221350245094474
207.95,0.0220273900346992
207.96,0.0219194014624569
207.97,0.021811063285693
207.98,0.0217023800151632
207.99,0.0215933565947554
208,0.0214839984356595
208.01,0.0213743097823986
208.02,0.021264295454696
208.03,0.0211539603130969
208.04,0.0210433092589684
208.05,0.0209323469170495
208.06,0.0208210782136475
208.07,0.0207095081883414
208.08,0.0205976418212194
208.09,0.0204854841252733
208.1,0.0203730400051777
208.11,0.0202603120829511
208.12,0.0201473063866823
208.13,0.0200340276273262
208.14,0.0199204805055336
208.15,0.0198066697116513
208.16,0.0196926005506136
208.17,0.0195782786068914
208.18,0.0194637082044757
208.19,0.0193488942877807
208.2,0.0192338418193295
208.21,0.0191185557797532
208.22,0.0190030421542058
208.23,0.0188873061110591
208.24,0.0187713528015915
208.25,0.0186551876183874
208.26,0.018538815983079
208.27,0.0184222430209134
208.28,0.0183054743796967
208.29,0.0181885155762852
208.3,0.0180713721711783
208.31,0.0179540489981925
208.32,0.0178365501516499
208.33,0.0177188816082512
208.34,0.0176010485167721
208.35,0.0174830560040199
208.36,0.0173649099550818
208.37,0.0172466157607877
208.38,0.017128178523448
208.39,0.0170096035919226
208.4,0.0168908963266476
208.41,0.0167720639466511
208.42,0.0166531113763549
208.43,0.0165340444331947
208.44,0.0164148689988094
208.45,0.0162955908556524
208.46,0.0161762155077456
208.47,0.0160567491254315
208.48,0.0159371976734362
208.49,0.0158175671594852
208.5,0.015697862775532
208.51,0.0155780900088399
208.52,0.0154582550215706
208.53,0.0153383635929717
208.54,0.0152184215015187
208.55,0.0150984350230528
208.56,0.0149784098835319
208.57,0.014858351952721
208.58,0.0147382671497389
208.59,0.0146181616092634
208.6,0.0144980424315802
208.61,0.0143779155204086
208.62,0.0142577873060249
208.63,0.0141376643029296
208.64,0.0140175531155418
208.65,0.0138974603994896
208.66,0.0137773928966347
208.67,0.0136573567359454
208.68,0.0135373578784438
208.69,0.0134174031899913
208.7,0.0132974991472267
208.71,0.0131776518914571
208.72,0.013057867680857
208.73,0.0129381529229475
208.74,0.0128185139007152
208.75,0.0126989583632437
208.76,0.0125794928871505
208.77,0.0124601241139207
208.78,0.0123408589411227
208.79,0.0122217059090237
208.8,0.0121026719271359
208.81,0.0119837646030409
208.82,0.0118649915368269
208.83,0.0117463591538047
208.84,0.0116278755879744
208.85,0.0115095484676433
208.86,0.0113913849385125
208.87,0.0112733907839861
208.88,0.0111555738699291
208.89,0.0110379412288563
208.9,0.010920500286799
208.91,0.0108032587807618
208.92,0.0106862236434847
208.93,0.0105694021449921
208.94,0.0104528033257186
208.95,0.0103364366434344
208.96,0.0102203103371889
208.97,0.0101044332555019
208.98,0.00998881424405079
208.99,0.00987346284358864
209,0.0097583873348579
209.01,0.00964359360142832
209.02,0.00952909077677182
209.03,0.00941488683937969
209.04,0.00930099037856924
209.05,0.00918740903938019
209.06,0.00907415104658593
209.07,0.00896122809475127
209.08,0.00884864842042824
209.09,0.00873642169120577
209.1,0.00862455793602534
209.11,0.00851306732930118
209.12,0.00840196033696774
209.13,0.0082912450630726
209.14,0.00818093172324987
209.15,0.00807103028074264
209.16,0.00796155016630112
209.17,0.0078525009942359
209.18,0.00774389243214365
209.19,0.0076357351504867
209.2,0.00752803976688212
209.21,0.00742081638637912
209.22,0.00731407637141402
209.23,0.0072078316431032
209.24,0.00710209345157175
209.25,0.00699687330893436
209.26,0.00689218247312515
209.27,0.00678803314618485
209.28,0.00668443686344991
209.29,0.00658140372334801
209.3,0.00647894576420619
209.31,0.00637707435050487
209.32,0.00627580089295394
209.33,0.00617513673549171
209.34,0.0060750945829394
209.35,0.00597568785324375
209.36,0.00587692916681283
209.37,0.00577883244446675
209.38,0.00568141156394494
209.39,0.00558467992506204
209.4,0.00548864957242818
209.41,0.0053933344351241
209.42,0.00529874616674222
209.43,0.00520489702215337
209.44,0.00511179962100992
209.45,0.00501946845348946
209.46,0.00492791602262919
209.47,0.00483715720504603
209.48,0.00474720733584069
209.49,0.00465808111575221
209.5,0.00456979113117264
209.51,0.00448235253813368
209.52,0.00439577865691098
209.53,0.00431008150896879
209.54,0.00422527442596977
209.55,0.0041413711362328
209.56,0.00405838439098643
209.57,0.00397632737964029
209.58,0.00389521462756999
209.59,0.00381505940814732
209.6,0.0037358750579204
209.61,0.00365767505372201
209.62,0.00358047269481036
209.63,0.00350427797816179
209.64,0.00342910329876856
209.65,0.00335495986188416
209.66,0.00328185849776847
209.67,0.00320980954793445
209.68,0.00313882369446231
209.69,0.00306891072134729
209.7,0.0030000800159749
209.71,0.00293234015479994
209.72,0.00286569980144672
209.73,0.00280016594109279
209.74,0.00273574542588412
209.75,0.00267244452696473
209.76,0.00261026801993067
209.77,0.00254922065433177
209.78,0.0024893059951627
209.79,0.00243052679531268
209.8,0.00237288518554976
209.81,0.0023163819694439
209.82,0.00226101750686351
209.83,0.00220679102041293
209.84,0.00215370054783004
209.85,0.00210174339284704
209.86,0.00205091588380241
209.87,0.00200121330273812
209.88,0.00195262987983277
209.89,0.00190515903847199
209.9,0.00185879303529492
209.91,0.00181352324762781
209.92,0.00176934025327302
209.93,0.00172623351111252
209.94,0.00168419170237289
209.95,0.0016432026199842
209.96,0.00160325314644484
209.97,0.00156432957427469
209.98,0.00152641724463646
209.99,0.00148950085030308
210,0.00145356454080053
210.01,0.00141859169569004
210.02,0.00138456528016986
210.03,0.00135146777849791
210.04,0.00131928112825827
210.05,0.00128798695275129
210.06,0.00125756652279382
210.07,0.00122800080284246
210.08,0.00119927058631461
210.09,0.00117135646522259
210.1,0.00114423891159733
210.11,0.00111789835380552
210.12,0.00109231520207625
210.13,0.00106746991257424
210.14,0.00104334295026261
210.15,0.00101991498976951
210.16,0.000997166845601572
210.17,0.000975079396319841
210.18,0.000953633905682785
210.19,0.000932811835173956
210.2,0.000912594805664945
210.21,0.000892964906561317
210.22,0.000873904477637617
210.23,0.000855396126972424
210.24,0.000837422964797105
210.25,0.000819968403210861
210.26,0.000803016167901473
210.27,0.000786550528520475
210.28,0.000770556068822705
210.29,0.000755017698973107
210.3,0.000739920893756795
210.31,0.000725251439679636
210.32,0.000710995461779638
210.33,0.000697139619360006
210.34,0.000683670899851342
210.35,0.000670576653877188
210.36,0.000657844699304651
210.37,0.000645463204608412
210.38,0.00063342071125737
210.39,0.000621706179291932
210.4,0.000610308901846215
210.41,0.000599218518429456
210.42,0.00058842507130212
210.43,0.000577918881747188
210.44,0.000567690586478208
210.45,0.000557731200454473
210.46,0.000548032016872934
210.47,0.000538584594758337
210.48,0.000529380821270293
210.49,0.000520412851476731
210.5,0.000511673225095135
210.51,0.000503154653529348
210.52,0.000494850152054511
210.53,0.000486752947782845
210.54,0.00047885653841356
210.55,0.000471154667805292
210.56,0.000463641279958171
210.57,0.000456310520327181
210.58,0.000449156762589216
210.59,0.000442174576468356
210.6,0.000435358769188581
210.61,0.000428704278637995
210.62,0.000422206238103877
210.63,0.000415859984859635
210.64,0.000409660991937011
210.65,0.00040360490144972
210.66,0.000397687581235031
210.67,0.000391905028401575
210.68,0.00038625337228707
210.69,0.000380728896389945
210.7,0.000375327975313527
210.71,0.000370047169400629
210.72,0.000364883143839348
210.73,0.000359832697002644
210.74,0.000354892738562843
210.75,0.000350060277949858
210.76,0.000345332438341631
210.77,0.000340706506162845
210.78,0.000336179801815062
210.79,0.000331749764587845
210.8,0.000327413949075073
210.81,0.000323170005620829
210.82,0.000319015655605
210.83,0.000314948716034212
210.84,0.000310967097932737
210.85,0.00030706878292694
210.86,0.000303251833922073
210.87,0.000299514389483781
210.88,0.000295854660201422
210.89,0.000292270923580822
210.9,0.000288761522663918
210.91,0.000285324886020583
210.92,0.000281959475947106
210.93,0.000278663820897827
210.94,0.000275436503543486
210.95,0.000272276194542313
210.96,0.000269181606171376
210.97,0.000266151478673802
210.98,0.000263184612852449
210.99,0.000260279867126688
211,0.000257436175048646
211.01,0.000254652469340974
211.02,0.000251927742957067
211.03,0.000249261029912977
211.04,0.000246651413277173
211.05,0.000244098003665568
211.06,0.000241599950551312
211.07,0.000239156437895927
211.08,0.00023676669106202
211.09,0.000234429965950871
211.1,0.00023214554088965
211.11,0.000229912726252223
211.12,0.000227730868556788
211.13,0.000225599374056038
211.14,0.000223517629240002
211.15,0.000221485063946883
211.16,0.000219501132835031
211.17,0.000217565343985926
211.18,0.000215677201840758
211.19,0.000213836240267982
211.2,0.000212042018253325
211.21,0.00021029411547505
211.22,0.000208592132634275
211.23,0.000206935692015325
211.24,0.000205324434229305
211.25,0.000203758017998688
211.26,0.000202236142062063
211.27,0.000200758503885355
211.28,0.000199324817751583
211.29,0.000197934817913018
211.3,0.000196588258832446
211.31,0.000195284994699267
211.32,0.000194024795135821
211.33,0.000192807486773016
211.34,0.000191632915985041
211.35,0.000190500941313924
211.36,0.000189411425882948
211.37,0.000188364274786939
211.38,0.000187359400477931
211.39,0.000186396732089273
211.4,0.00018547624569745
211.41,0.000184597932265211
211.42,0.000183761775204695
211.43,0.000182967791666834
211.44,0.000182216018611392
211.45,0.000181506503080062
211.46,0.000180839320209261
211.47,0.000180214563615589
211.48,0.000179632344845905
211.49,0.000179092796278242
211.5,0.000178596090511911
211.51,0.000178142394023356
211.52,0.00017773190356944
211.53,0.00017736483675989
211.54,0.000177041449163639
211.55,0.000176762044440647
211.56,0.000176526903512519
211.57,0.000176336352239101
211.58,0.000176190742737016
211.59,0.000176090418000965
211.6,0.000176035754514494
211.61,0.000176027178300875
211.62,0.000176065124492274
211.63,0.000176150051793955
211.64,0.000176282422540726
211.65,0.000176462740914995
211.66,0.000176691530343512
211.67,0.000176969334548445
211.68,0.000177296727199482
211.69,0.000177674371787697
211.7,0.000178102871254524
211.71,0.000178582887962959
211.72,0.000179115112433035
211.73,0.000179700245534262
211.74,0.000180338987684402
211.75,0.000181032105928254
211.76,0.000181780373605613
211.77,0.000182584577030658
211.78,0.000183445513883476
211.79,0.000184364018626277
211.8,0.000185340937012048
211.81,0.00018637714020283
211.82,0.000187473522210226
211.83,0.000188630984036356
211.84,0.000189850449395479
211.85,0.000191132843873084
211.86,0.000192479103279243
211.87,0.000193890194419148
211.88,0.000195367088475173
211.89,0.000196910735505417
211.9,0.00019852208999804
211.91,0.000200202137113346
211.92,0.000201951849817375
211.93,0.000203772179061561
211.94,0.000205664073991789
211.95,0.00020762848886154
211.96,0.000209666360495162
211.97,0.000211778590162603
211.98,0.000213966069300339
211.99,0.000216229678180165
212,0.000218570267365041
212.01,0.000220988620053292
212.02,0.000223485506034697
212.03,0.000226061667437349
212.04,0.000228717796274859
212.05,0.000231454505018335
212.06,0.000234272365567091
212.07,0.000237171894474659
212.08,0.000240153536174667
212.09,0.000243217663635226
212.1,0.000246364575668047
212.11,0.00024959448986547
212.12,0.000252907538385415
212.13,0.000256303763472951
212.14,0.000259783111173215
212.15,0.00026334541601269
212.16,0.000266990416813028
212.17,0.000270717737079633
212.18,0.000274526880469498
212.19,0.000278417230269476
212.2,0.000282388041513245
212.21,0.000286438450611794
212.22,0.000290567455767234
212.23,0.000294773910530102
212.24,0.000299056542575147
212.25,0.000303413947146869
212.26,0.000307844553509141
212.27,0.000312346656899565
212.28,0.000316918429018574
212.29,0.000321557862417484
212.3,0.000326262809573576
212.31,0.000331031014038173
212.32,0.000335860029243823
212.33,0.000340747271132376
212.34,0.000345690056676437
212.35,0.000350685528082415
212.36,0.000355730685751858
212.37,0.000360822434148984
212.38,0.000365957548683699
212.39,0.000371132651902286
212.4,0.000376344277067926
212.41,0.000381588874426772
212.42,0.000386862744444541
212.43,0.000392162110072279
212.44,0.000397483148132242
212.45,0.000402821903905375
212.46,0.000408174362393677
212.47,0.000413536496568437
212.48,0.00041890417352708
212.49,0.000424273228811062
212.5,0.000429639496576991
212.51,0.000434998770413673
212.52,0.000440346822167649
212.53,0.00044567942391181
212.54,0.00045099235121395
212.55,0.000456281391374741
212.56,0.000461542362698103
212.57,0.000466771137828978
212.58,0.000471963609749479
212.59,0.000477115734554321
212.6,0.00048222352274786
212.61,0.000487283068345361
212.62,0.00049229054496863
212.63,0.000497242173602352
212.64,0.000502134303050612
212.65,0.000506963377711841
212.66,0.000511725931387274
212.67,0.000516418615976502
212.68,0.000521038212199753
212.69,0.000525581610469976
212.7,0.000530045820676311
212.71,0.000534428009757188
212.72,0.000538725463413822
212.73,0.00054293555393359
212.74,0.00054705585669752
212.75,0.000551084069486012
212.76,0.000555017993164584
212.77,0.000558855615282764
212.78,0.00056259505876098
212.79,0.000566234549160333
212.8,0.000569772485616125
212.81,0.000573207413654959
212.82,0.000576537998191723
212.83,0.000579763045045378
212.84,0.000582881517263459
212.85,0.000585892491481712
212.86,0.000588795149142315
212.87,0.00059158884340351
212.88,0.000594273041058668
212.89,0.000596847334533813
212.9,0.000599311442229139
212.91,0.00060166518125915
212.92,0.000603908458903415
212.93,0.00060604131252911
212.94,0.000608063898046682
212.95,0.000609976460840977
212.96,0.000611779345940917
212.97,0.000613473003021407
212.98,0.0006150579742505
212.99,0.000616534875681171
213,0.000617904385091045
213.01,0.000619167278777731
213.02,0.000620324398682051
213.03,0.000621376649110317
213.04,0.000622324999403923
213.05,0.000623170520296239
213.06,0.000623914313042116
213.07,0.000624557537772875
213.08,0.000625101394333224
213.09,0.000625547146805359
213.1,0.000625896089778263
213.11,0.000626149559357461
213.12,0.000626308925558358
213.13,0.000626375606108745
213.14,0.00062635104618326
213.15,0.000626236708864058
213.16,0.000626034095923382
213.17,0.000625744737984927
213.18,0.000625370175998613
213.19,0.000624911969563424
213.2,0.000624371685673957
213.21,0.000623750911515607
213.22,0.000623051242072642
213.23,0.000622274291076598
213.24,0.00062142166354069
213.25,0.000620494973115425
213.26,0.000619495853255466
213.27,0.000618425920702487
213.28,0.000617286797099473
213.29,0.000616080103754966
213.3,0.000614807455828511
213.31,0.000613470463021668
213.32,0.00061207072974478
213.33,0.000610609849644996
213.34,0.000609089405290791
213.35,0.000607510978443499
213.36,0.000605876137044308
213.37,0.000604186431642223
213.38,0.000602443404648138
213.39,0.000600648585543016
213.4,0.00059880348566724
213.41,0.000596909602148903
213.42,0.000594968416372665
213.43,0.000592981390530079
213.44,0.000590949969993073
213.45,0.000588875591092419
213.46,0.00058675966164516
213.47,0.000584603573433873
213.48,0.00058240870365181
213.49,0.000580176405401613
213.5,0.00057790801291818
213.51,0.000575604842683381
213.52,0.000573268189439457
213.53,0.000570899326443868
213.54,0.00056849950654557
213.55,0.000566069961151895
213.56,0.000563611899259537
213.57,0.000561126511496601
213.58,0.000558614973870968
213.59,0.000556078433097774
213.6,0.000553518017483248
213.61,0.0005509348299975
213.62,0.000548329956417024
213.63,0.000545704459270577
213.64,0.000543059384773726
213.65,0.000540395753816916
213.66,0.000537714566832584
213.67,0.0005350168058674
213.68,0.000532303432597249
213.69,0.000529575386684577
213.7,0.000526833587835658
213.71,0.000524078934422229
213.72,0.000521312305839247
213.73,0.000518534560887925
213.74,0.000515746540387253
213.75,0.000512949063388612
213.76,0.000510142929950958
213.77,0.000507328924707624
213.78,0.000504507811766876
213.79,0.000501680336360449
213.8,0.000498847225524848
213.81,0.000496009187866548
213.82,0.000493166915117977
213.83,0.000490321080670896
213.84,0.000487472338808928
213.85,0.000484621328276508
213.86,0.000481768669864045
213.87,0.000478914969968664
213.88,0.000476060818745097
213.89,0.000473206788075374
213.9,0.000470353435048465
213.91,0.000467501303582234
213.92,0.000464650920437982
213.93,0.000461802798336742
213.94,0.000458957434172118
213.95,0.000456115306908023
213.96,0.000453276885647825
213.97,0.000450442623472048
213.98,0.00044761296013488
213.99,0.000444788321346663
214,0.000441969118862932
214.01,0.000439155751664054
214.02,0.000436348615106043
214.03,0.000433548083342618
214.04,0.000430754522343857
214.05,0.000427968282492968
214.06,0.000425189696633315
214.07,0.000422419095194111
214.08,0.000419656793130273
214.09,0.00041690309964449
214.1,0.000414158310052531
214.11,0.000411422708313739
214.12,0.000408696568998289
214.13,0.00040598015423971
214.14,0.000403273719117816
214.15,0.000400577508146915
214.16,0.000397891756444195
214.17,0.000395216689958443
214.18,0.000392552525687697
214.19,0.000389899471922529
214.2,0.000387257728184539
214.21,0.000384627485966094
214.22,0.000382008928677577
214.23,0.000379402231877077
214.24,0.00037680756151809
214.25,0.000374225076767143
214.26,0.000371654930195334
214.27,0.000369097266574369
214.28,0.000366552224190399
214.29,0.000364019934745967
214.3,0.000361500522629137
214.31,0.000358994106208501
214.32,0.000356500796987288
214.33,0.000354020699007479
214.34,0.000351553912550356
214.35,0.00034910053125389
214.36,0.000346660643000694
214.37,0.000344234329308741
214.38,0.000341821667418443
214.39,0.00033942272897921
214.4,0.000337037580598781
214.41,0.000334666283370354
214.42,0.000332308894302714
214.43,0.00032996546558164
214.44,0.00032763604493901
214.45,0.000325320673906472
214.46,0.000323019391060145
214.47,0.00032073223089583
214.48,0.000318459223545486
214.49,0.000316200396007795
214.5,0.000313955771237311
214.51,0.000311725368051064
214.52,0.00030950920212584
214.53,0.000307307285821878
214.54,0.000305119625913659
214.55,0.000302946226976322
214.56,0.000300787091835003
214.57,0.000298642219426852
214.58,0.000296511605782677
214.59,0.000294395243603439
214.6,0.000292293123141168
214.61,0.000290205232309573
214.62,0.000288131556348461
214.63,0.000286072078114774
214.64,0.000284026775888629
214.65,0.000281995626882133
214.66,0.000279978607015707
214.67,0.000277975689334495
214.68,0.000275986844800477
214.69,0.000274012042665018
214.7,0.000272051250130532
214.71,0.000270104432518522
214.72,0.000268171553540599
214.73,0.000266252575314357
214.74,0.000264347455013916
214.75,0.000262456150424044
214.76,0.000260578618685155
214.77,0.000258714814506025
214.78,0.000256864691104603
214.79,0.00025502820149313
214.8,0.000253205296545123
214.81,0.000251395925677535
214.82,0.000249600037475547
214.83,0.000247817579485375
214.84,0.000246048496656871
214.85,0.000244292734173571
214.86,0.000242550236525077
214.87,0.000240820946969298
214.88,0.000239104807936765
214.89,0.000237401758584532
214.9,0.000235711739210441
214.91,0.000234034689515277
214.92,0.000232370547922651
214.93,0.000230719252095682
214.94,0.000229080739812993
214.95,0.00022745494741589
214.96,0.000225841810660327
214.97,0.000224241264909929
214.98,0.000222653245034082
214.99,0.000221077685443803
215,0.000219514519505307
215.01,0.000217963681065559
215.02,0.00021642510331848
215.03,0.000214898719167847
215.04,0.000213384461271759
215.05,0.000211882261250626
215.06,0.000210392048022123
215.07,0.000208913754592997
215.08,0.000207447311964352
215.09,0.000205992650921467
215.1,0.000204549702064306
215.11,0.000203118395410433
215.12,0.000201698660716013
215.13,0.000200290428299739
215.14,0.000198893628037825
215.15,0.000197508189725285
215.16,0.000196134043103
215.17,0.000194771118100818
215.18,0.000193419344507948
215.19,0.000192078652078805
215.2,0.000190748970702985
215.21,0.000189430230366884
215.22,0.000188122361181857
215.23,0.00018682529054007
215.24,0.000185538949325108
215.25,0.00018426326759291
215.26,0.000182998175320822
215.27,0.000181743602603731
215.28,0.000180499479502703
215.29,0.000179265735024768
215.3,0.000178042300083852
215.31,0.000176829105027945
215.32,0.000175626080343309
215.33,0.000174433156667398
215.34,0.000173250265485594
215.35,0.000172077339178165
215.36,0.000170914308511432
215.37,0.000169761105366162
215.38,0.000168617661919996
215.39,0.000167483910665852
215.4,0.000166359783976846
215.41,0.00016524521143103
215.42,0.000164140127728848
215.43,0.000163044465903746
215.44,0.000161958159249244
215.45,0.000160881141327261
215.46,0.000159813345976407
215.47,0.000158754708152063
215.48,0.000157705162100783
215.49,0.000156664642681944
215.5,0.00015563308515122
215.51,0.000154610425117076
215.52,0.000153596598551308
215.53,0.00015259153995873
215.54,0.000151595185537753
215.55,0.000150607472410871
215.56,0.000149628337417743
215.57,0.000148657717706928
215.58,0.00014769555073939
215.59,0.000146741775188163
215.6,0.000145796330270886
215.61,0.000144859154118195
215.62,0.00014393018599241
215.63,0.000143009365567327
215.64,0.000142096632937189
215.65,0.000141191928060168
215.66,0.00014029518964321
215.67,0.000139406359791798
215.68,0.000138525379718082
215.69,0.000137652190994085
215.7,0.000136786735553496
215.71,0.000135928955689898
215.72,0.000135078793789154
215.73,0.000134236192971714
215.74,0.000133401096575911
215.75,0.000132573448300807
215.76,0.00013175319220731
215.77,0.000130940272719275
215.78,0.000130134635279498
215.79,0.000129336225064866
215.8,0.000128544987651671
215.81,0.000127760869138114
215.82,0.00012698381602338
215.83,0.000126213775210885
215.84,0.000125450693893386
215.85,0.000124694519717839
215.86,0.000123945200848358
215.87,0.000123202685793484
215.88,0.000122466923475833
215.89,0.000121737863234972
215.9,0.000121015454830261
215.91,0.000120299646386546
215.92,0.000119590387851735
215.93,0.000118887630502348
215.94,0.000118191325145354
215.95,0.000117501422927895
215.96,0.000116817875334432
215.97,0.000116140634183904
215.98,0.000115469652857646
215.99,0.000114804884125721
216,0.000114146280921764
216.01,0.00011349379688702
216.02,0.000112847386067951
216.03,0.000112207002911672
216.04,0.000111572601399519
216.05,0.000110944137052192
216.06,0.000110321565344645
216.07,0.000109704842133085
216.08,0.000109093923655182
216.09,0.000108488766244402
216.1,0.000107889325963088
216.11,0.000107295560405728
216.12,0.000106707427003461
216.13,0.000106124883512118
216.14,0.00010554788800823
216.15,0.000104976399372379
216.16,0.000104410376728074
216.17,0.000103849779055823
216.18,0.000103294565951926
216.19,0.000102744697359985
216.2,0.000102200133570246
216.21,0.000101660835288799
216.22,0.000101126763498373
216.23,0.000100597879536686
216.24,0.000100074145099192
216.25,9.95555222287612e-05
216.26,9.90419732790561e-05
216.27,9.85334605632069e-05
216.28,9.80299472739139e-05
216.29,9.75313967215878e-05
216.3,9.70377725413576e-05
216.31,9.65490386911634e-05
216.32,9.60651593901596e-05
216.33,9.5586099113252e-05
216.34,9.51118227993098e-05
216.35,9.46422956266674e-05
216.36,9.41774830780323e-05
216.37,9.37173509379384e-05
216.38,9.32618655958137e-05
216.39,9.28109936179213e-05
216.4,9.23647017231523e-05
216.41,9.19229570618956e-05
216.42,9.14857271069781e-05
216.43,9.10529796536754e-05
216.44,9.0624682726216e-05
216.45,9.0200803716634e-05
216.46,8.9781311876167e-05
216.47,8.93661761431189e-05
216.48,8.89553657653937e-05
216.49,8.85488503005044e-05
216.5,8.81465996155594e-05
216.51,8.77485833235452e-05
216.52,8.73547715572981e-05
216.53,8.69651353267702e-05
216.54,8.65796455879612e-05
216.55,8.61982735938814e-05
216.56,8.58209908945603e-05
216.57,8.54477693370339e-05
216.58,8.50785801470303e-05
216.59,8.47133961813286e-05
216.6,8.43521900664597e-05
216.61,8.39949347135294e-05
216.62,8.36416033206027e-05
216.63,8.32921693726918e-05
216.64,8.29466061955895e-05
216.65,8.26048873190516e-05
216.66,8.22669873732012e-05
216.67,8.19328808420606e-05
216.68,8.16025424839712e-05
216.69,8.12759473315822e-05
216.7,8.09530706918582e-05
216.71,8.06338873718488e-05
216.72,8.03183734575575e-05
216.73,8.00065050410409e-05
216.74,7.96982584077057e-05
216.75,7.93936101075444e-05
216.76,7.90925369551418e-05
216.77,7.87950156039998e-05
216.78,7.85010226164961e-05
216.79,7.82105361516181e-05
216.8,7.79235339662136e-05
216.81,7.76399940736002e-05
216.82,7.73598947435551e-05
216.83,7.70832145023219e-05
216.84,7.6809932132609e-05
216.85,7.65400266042699e-05
216.86,7.62734753442706e-05
216.87,7.60102589847218e-05
216.88,7.57503571777439e-05
216.89,7.54937498207398e-05
216.9,7.52404170563943e-05
216.91,7.49903392726735e-05
216.92,7.47434971028237e-05
216.93,7.4499871425377e-05
216.94,7.42594413310986e-05
216.95,7.40221884783693e-05
216.96,7.37880948178904e-05
216.97,7.35571419701116e-05
216.98,7.33293117844814e-05
216.99,7.3104586339452e-05
217,7.28829479424716e-05
217.01,7.26643791299898e-05
217.02,7.24488620296453e-05
217.03,7.22363790207282e-05
217.04,7.20269138351922e-05
217.05,7.18204497952222e-05
217.06,7.16169704429566e-05
217.07,7.14164595404807e-05
217.08,7.12189010698311e-05
217.09,7.10242792329947e-05
217.1,7.08325782437096e-05
217.11,7.06437814042437e-05
217.12,7.0457874390497e-05
217.13,7.02748421519421e-05
217.14,7.00946698486164e-05
217.15,6.99173428511218e-05
217.16,6.97428467406237e-05
217.17,6.95711673088509e-05
217.18,6.94022905580989e-05
217.19,6.92362010562005e-05
217.2,6.90728858067381e-05
217.21,6.89123315176049e-05
217.22,6.87545248666458e-05
217.23,6.85994527310043e-05
217.24,6.84471021871259e-05
217.25,6.82974605107529e-05
217.26,6.81505151769282e-05
217.27,6.80062524763515e-05
217.28,6.78646598297314e-05
217.29,6.77257260835902e-05
217.3,6.75894393526459e-05
217.31,6.74557879415885e-05
217.32,6.73247603450752e-05
217.33,6.71963452477334e-05
217.34,6.70705315241602e-05
217.35,6.69473082389224e-05
217.36,6.68266646465553e-05
217.37,6.67085893512902e-05
217.38,6.65930720229957e-05
217.39,6.64801027578274e-05
217.4,6.63696714919471e-05
217.41,6.62617683468826e-05
217.42,6.61563836295269e-05
217.43,6.60535078321407e-05
217.44,6.59531316323488e-05
217.45,6.58552458931426e-05
217.46,6.57598416628794e-05
217.47,6.56669075255941e-05
217.48,6.55764357063181e-05
217.49,6.54884182228908e-05
217.5,6.54028466571878e-05
217.51,6.53197127642997e-05
217.52,6.5239008472531e-05
217.53,6.51607258834004e-05
217.54,6.50848572716409e-05
217.55,6.50113950851991e-05
217.56,6.4940331945237e-05
217.57,6.4871658737689e-05
217.58,6.48053693840002e-05
217.59,6.4741457084015e-05
217.6,6.46799150227767e-05
217.61,6.46207365510555e-05
217.62,6.45639151853501e-05
217.63,6.45094446078853e-05
217.64,6.44573186666134e-05
217.65,6.44075313752141e-05
217.66,6.43600768989608e-05
217.67,6.43149482706507e-05
217.68,6.42721408414174e-05
217.69,6.42316492123217e-05
217.7,6.41934681455302e-05
217.71,6.41575925643147e-05
217.72,6.41240175530522e-05
217.73,6.40927383572252e-05
217.74,6.40637503834216e-05
217.75,6.40370491993343e-05
217.76,6.40126303682918e-05
217.77,6.39904885235676e-05
217.78,6.3970620574395e-05
217.79,6.395302264618e-05
217.8,6.39376910201646e-05
217.81,6.39246221334269e-05
217.82,6.39138125788809e-05
217.83,6.39052591052767e-05
217.84,6.38989586172004e-05
217.85,6.38949081750743e-05
217.86,6.38931047326317e-05
217.87,6.3893544856623e-05
217.88,6.3896226707085e-05
217.89,6.39011479052713e-05
217.9,6.39083062247107e-05
217.91,6.3917699591207e-05
217.92,6.39293260828398e-05
217.93,6.39431839299632e-05
217.94,6.39592715152071e-05
217.95,6.39775873734766e-05
217.96,6.39981301919518e-05
217.97,6.40208983308076e-05
217.98,6.40458908510287e-05
217.99,6.40731070355972e-05
218,6.41025461433171e-05
218.01,6.41342075831873e-05
218.02,6.41680909144012e-05
218.03,6.42041958463468e-05
218.04,6.42425222386069e-05
218.05,6.42830701009593e-05
218.06,6.43258395933756e-05
218.07,6.43708309584801e-05
218.08,6.44180442659976e-05
218.09,6.44674804099713e-05
218.1,6.45191401259122e-05
218.11,6.45730242980816e-05
218.12,6.46291339594897e-05
218.13,6.46874702918976e-05
218.14,6.47480346258159e-05
218.15,6.48108284405053e-05
218.16,6.48758533639762e-05
218.17,6.49431111729895e-05
218.18,6.5012603753093e-05
218.19,6.50843331747704e-05
218.2,6.51583016789251e-05
218.21,6.52345116337192e-05
218.22,6.5312965555864e-05
218.23,6.53936661106203e-05
218.24,6.54766161117971e-05
218.25,6.55618185217536e-05
218.26,6.56492764513981e-05
218.27,6.57389931601877e-05
218.28,6.58309720921209e-05
218.29,6.59252173523462e-05
218.3,6.60217322706447e-05
218.31,6.61205207311215e-05
218.32,6.62215867681844e-05
218.33,6.63249345665416e-05
218.34,6.64305684612023e-05
218.35,6.65384929374767e-05
218.36,6.66487126309763e-05
218.37,6.6761232327612e-05
218.38,6.68760569635974e-05
218.39,6.69931921754112e-05
218.4,6.71126434261149e-05
218.41,6.72344157415844e-05
218.42,6.73585147174049e-05
218.43,6.74849461027206e-05
218.44,6.76137158002392e-05
218.45,6.77448298662289e-05
218.46,6.78782945105193e-05
218.47,6.80141160965015e-05
218.48,6.81523011411285e-05
218.49,6.82928563149122e-05
218.5,6.84357899007363e-05
218.51,6.85811079864205e-05
218.52,6.87288177818852e-05
218.53,6.8878926681014e-05
218.54,6.90314422412714e-05
218.55,6.91863721841036e-05
218.56,6.93437243953346e-05
218.57,6.95035069255708e-05
218.58,6.96657279905972e-05
218.59,6.9830395971778e-05
218.6,6.99975194164563e-05
218.61,7.01671070383542e-05
218.62,7.03391678805672e-05
218.63,7.05137115647342e-05
218.64,7.06907468540892e-05
218.65,7.08702831766137e-05
218.66,7.10523301324217e-05
218.67,7.12368974942952e-05
218.68,7.14239952082152e-05
218.69,7.16136333939031e-05
218.7,7.18058223453512e-05
218.71,7.20005725313587e-05
218.72,7.21978945960669e-05
218.73,7.23977993594953e-05
218.74,7.26002978180716e-05
218.75,7.28054017622774e-05
218.76,7.30131230021841e-05
218.77,7.32234725090466e-05
218.78,7.34364620705819e-05
218.79,7.36521036602598e-05
218.8,7.38704094380768e-05
218.81,7.40913917513249e-05
218.82,7.43150631353718e-05
218.83,7.45414363144294e-05
218.84,7.47705242023278e-05
218.85,7.50023399032891e-05
218.86,7.52368967127011e-05
218.87,7.54742081178859e-05
218.88,7.57142887731592e-05
218.89,7.59571524150761e-05
218.9,7.6202812812006e-05
218.91,7.64512843087329e-05
218.92,7.67025814525795e-05
218.93,7.69567189944133e-05
218.94,7.72137118896668e-05
218.95,7.74735752993438e-05
218.96,7.77363245910325e-05
218.97,7.80019753399172e-05
218.98,7.8270543329792e-05
218.99,7.85420445540658e-05
219,7.88164952167841e-05
219.01,7.90939127559923e-05
219.02,7.93743132112977e-05
219.03,7.96577134107463e-05
219.04,7.99441304740126e-05
219.05,8.02335817415822e-05
219.06,8.05260847759375e-05
219.07,8.08216573627586e-05
219.08,8.11203175121094e-05
219.09,8.142208345963e-05
219.1,8.17269736677288e-05
219.11,8.2035006826776e-05
219.12,8.23462018562885e-05
219.13,8.26605781219247e-05
219.14,8.29781562015527e-05
219.15,8.3298954816642e-05
219.16,8.36229938972926e-05
219.17,8.39502936156222e-05
219.18,8.42808743872001e-05
219.19,8.46147568724996e-05
219.2,8.49519619783315e-05
219.21,8.5292510859287e-05
219.22,8.56364249191792e-05
219.23,8.59837258124857e-05
219.24,8.63344354457823e-05
219.25,8.66885759791954e-05
219.26,8.7046170569568e-05
219.27,8.740724273075e-05
219.28,8.77718145262917e-05
219.29,8.81399092565241e-05
219.3,8.85115504918229e-05
219.31,8.88867620743738e-05
219.32,8.92655681199593e-05
219.33,8.9647993019724e-05
219.34,9.00340614419504e-05
219.35,9.04237983338333e-05
219.36,9.08172289232553e-05
219.37,9.12143787205524e-05
219.38,9.16152735203004e-05
219.39,9.20199405145224e-05
219.4,9.24284060541436e-05
219.41,9.28406963115441e-05
219.42,9.32568383217489e-05
219.43,9.36768594193945e-05
219.44,9.41007872407308e-05
219.45,9.45286497255985e-05
219.46,9.49604751194195e-05
219.47,9.53962919751844e-05
219.48,9.58361291554423e-05
219.49,9.62800158342785e-05
219.5,9.6727981499317e-05
219.51,9.7180055953698e-05
219.52,9.76362693180678e-05
219.53,9.80966539972834e-05
219.54,9.85612403770912e-05
219.55,9.90300589263252e-05
219.56,9.9503141192081e-05
219.57,9.99805190592494e-05
219.58,0.000100462224752833
219.59,0.000100948290840273
219.6,0.000101438750233777
219.61,0.000101933636192648
219.62,0.000102432982325595
219.63,0.000102936822593083
219.64,0.000103445191309641
219.65,0.000103958123146194
219.66,0.000104475653132389
219.67,0.000104997820382712
219.68,0.000105524659398255
219.69,0.00010605620551003
219.7,0.00010659249544105
219.71,0.000107133566302452
219.72,0.000107679455596397
219.73,0.000108230201218983
219.74,0.000108785841463136
219.75,0.000109346415021536
219.76,0.000109911960989511
219.77,0.000110482518867945
219.78,0.000111058128566187
219.79,0.000111638830404952
219.8,0.000112224665119235
219.81,0.000112815675267452
219.82,0.000113411901777114
219.83,0.000114013386466014
219.84,0.000114620171836654
219.85,0.000115232300826469
219.86,0.000115849816810936
219.87,0.000116472763606668
219.88,0.000117101185474539
219.89,0.000117735127122777
219.9,0.000118374633710072
219.91,0.000119019750848682
219.92,0.000119670524607542
219.93,0.000120327001515358
219.94,0.00012098922856373
219.95,0.000121657259146161
219.96,0.000122331137850414
219.97,0.000123010912759637
219.98,0.000123696633064522
219.99,0.000124388348457936
220,0.000125086109138831
220.01,0.000125789965816101
220.02,0.000126499969712469
220.03,0.000127216172568361
220.04,0.000127938626645789
220.05,0.000128667384732233
220.06,0.0001294025001445
220.07,0.000130144026732631
220.08,0.000130892018883762
220.09,0.000131646535279146
220.1,0.000132407629180388
220.11,0.000133175356726537
220.12,0.000133949774763779
220.13,0.000134730940718932
220.14,0.00013551891260423
220.15,0.000136313749022139
220.16,0.000137115509170151
220.17,0.000137924252845601
220.18,0.000138740040450447
220.19,0.000139562932996104
220.2,0.00014039299188552
220.21,0.000141230279106577
220.22,0.000142074857769354
220.23,0.000142926791330475
220.24,0.000143786143876308
220.25,0.00014465298012765
220.26,0.000145527365444369
220.27,0.000146409365830067
220.28,0.000147299047936737
220.29,0.000148196479069423
220.3,0.000149101727190886
220.31,0.000150014860926235
220.32,0.000150935952392629
220.33,0.000151865070392425
220.34,0.000152802285331461
220.35,0.000153747668767089
220.36,0.00015470129296341
220.37,0.000155663230896725
220.38,0.000156633556261034
220.39,0.000157612343473486
220.4,0.000158599667679858
220.41,0.000159595604760023
220.42,0.000160600231333429
220.43,0.000161613626041185
220.44,0.000162635870387089
220.45,0.000163667041119186
220.46,0.00016470721841056
220.47,0.00016575648326224
220.48,0.000166814917511623
220.49,0.000167882603840861
220.5,0.000168959625785306
220.51,0.000170046067741902
220.52,0.00017114201479035
220.53,0.000172247548308857
220.54,0.000173362757983265
220.55,0.000174487731241073
220.56,0.00017562255635615
220.57,0.000176767322454391
220.58,0.000177922119519318
220.59,0.000179087038397705
220.6,0.000180262170805196
220.61,0.000181447609331932
220.62,0.00018264344648037
220.63,0.000183849776854128
220.64,0.000185066695761638
220.65,0.000186294299213464
220.66,0.000187532684108147
220.67,0.000188781948237149
220.68,0.000190042190289753
220.69,0.000191313509858043
220.7,0.000192596007441805
220.71,0.000193889788633343
220.72,0.000195194957928524
220.73,0.000196511617355811
220.74,0.000197839872366636
220.75,0.000199179829513143
220.76,0.000200531596462599
220.77,0.000201895282011848
220.78,0.000203270996070562
220.79,0.000204658847359033
220.8,0.000206058949218495
220.81,0.000207471414754827
220.82,0.000208896358226937
220.83,0.000210333895058331
220.84,0.000211784141848713
220.85,0.000213247216385588
220.86,0.000214723232095497
220.87,0.000216212303003384
220.88,0.000217714553642656
220.89,0.000219230104501063
220.9,0.000220759077022814
220.91,0.000222301593603712
220.92,0.000223857777586301
220.93,0.000225427753254962
220.94,0.000227011656184356
220.95,0.000228609609447525
220.96,0.000230221740920981
220.97,0.000231848180546654
220.98,0.000233489059434857
220.99,0.000235144509873307
221,0.000236814665336239
221.01,0.000238499665558122
221.02,0.000240199657140429
221.03,0.000241914772038904
221.04,0.000243645151278003
221.05,0.000245390937479477
221.06,0.00024715227489233
221.07,0.000248929309422874
221.08,0.000250722188664683
221.09,0.000252531037726636
221.1,0.00025435600962569
221.11,0.000256197258050736
221.12,0.000258054932640636
221.13,0.000259929184264023
221.14,0.000261820165019262
221.15,0.000263728028234455
221.16,0.000265652924622823
221.17,0.000267595011319779
221.18,0.000269554445155279
221.19,0.000271531383850051
221.2,0.000273525986313147
221.21,0.000275538412641961
221.22,0.000277568824801804
221.23,0.000279617406011195
221.24,0.000281684309853314
221.25,0.000283769703640135
221.26,0.000285873756079763
221.27,0.000287996637276453
221.28,0.000290138518730603
221.29,0.00029229957572569
221.3,0.000294479996391732
221.31,0.000296679949441267
221.32,0.000298899613933782
221.33,0.00030113917048979
221.34,0.000303398801290842
221.35,0.000305678690079525
221.36,0.00030797901676353
221.37,0.00031029995461005
221.38,0.000312641699289381
221.39,0.00031500443831889
221.4,0.000317388360572992
221.41,0.000319793656283148
221.42,0.000322220517037881
221.43,0.000324669135475669
221.44,0.000327139705523376
221.45,0.000329632423060626
221.46,0.000332147485008326
221.47,0.000334685089636603
221.48,0.000337245436564816
221.49,0.0003398287267615
221.5,0.0003424351750258
221.51,0.000345064991617498
221.52,0.000347718376816376
221.53,0.000350395539910676
221.54,0.000353096691774197
221.55,0.000355822044866313
221.56,0.000358571813231909
221.57,0.000361346211876177
221.58,0.000364145457956544
221.59,0.000366969770379843
221.6,0.000369819369417
221.61,0.000372694476915218
221.62,0.00037559531629791
221.63,0.000378522112564795
221.64,0.000381475071350636
221.65,0.000384454425077016
221.66,0.000387460403956323
221.67,0.000390493236089307
221.68,0.000393553150899217
221.69,0.000396640379131902
221.7,0.000399755152855742
221.71,0.000402897706732816
221.72,0.000406068274909287
221.73,0.000409267093512617
221.74,0.000412494400050175
221.75,0.000415750433363129
221.76,0.000419035433626376
221.77,0.000422349642348559
221.78,0.000425693303985803
221.79,0.000429066662659396
221.8,0.000432469963653996
221.81,0.000435903454068788
221.82,0.000439367382356321
221.83,0.00044286199832243
221.84,0.000446387553126256
221.85,0.000449944286817254
221.86,0.000453532444068051
221.87,0.000457152286741704
221.88,0.000460804068462231
221.89,0.000464488043977379
221.9,0.000468204469158648
221.91,0.000471953601001286
221.92,0.000475735689672641
221.93,0.000479550972811217
221.94,0.000483399723014328
221.95,0.000487282198282799
221.96,0.000491198657464705
221.97,0.000495149360255371
221.98,0.000499134567197394
221.99,0.000503154538137168
222,0.000507209505475059
222.01,0.000511299747656068
222.02,0.000515425525300499
222.03,0.000519587099608782
222.04,0.000523784732361478
222.05,0.000528018685919299
222.06,0.000532289223223015
222.07,0.000536596577890925
222.08,0.000540941018062875
222.09,0.000545322807263414
222.1,0.00054974220472008
222.11,0.0005541994697029
222.12,0.000558694861524282
222.13,0.000563228614683007
222.14,0.000567800995314413
222.15,0.00057241226049732
222.16,0.000577062665183836
222.17,0.000581752463967596
222.18,0.000586481911083658
222.19,0.000591251227673038
222.2,0.000596060679903893
222.21,0.000600910516255729
222.22,0.000605800984102102
222.23,0.000610732329980936
222.24,0.000615704797185339
222.25,0.000620718585323944
222.26,0.000625773956684659
222.27,0.000630871147193619
222.28,0.000636010391245753
222.29,0.000641191921704781
222.3,0.000646415963664856
222.31,0.000651682698616272
222.32,0.000656992374431719
222.33,0.000662345209303427
222.34,0.000667741419080554
222.35,0.000673181217269185
222.36,0.000678664804473244
222.37,0.000684192342724829
222.38,0.000689764057611037
222.39,0.000695380144011686
222.4,0.000701040793590789
222.41,0.000706746194796552
222.42,0.000712496517752773
222.43,0.000718291898675201
222.44,0.000724132529133206
222.45,0.000730018569646526
222.46,0.000735950175041102
222.47,0.000741927494276674
222.48,0.000747950670274434
222.49,0.000754019827937398
222.5,0.000760135090010034
222.51,0.00076629658277407
222.52,0.000772504418617164
222.53,0.000778758702343718
222.54,0.000785059530959856
222.55,0.000791406993458454
222.56,0.000797801154136111
222.57,0.000804242087520564
222.58,0.000810729855840388
222.59,0.000817264509688375
222.6,0.000823846089966733
222.61,0.000830474627635153
222.62,0.000837150141420127
222.63,0.000843872623032261
222.64,0.000850642079114447
222.65,0.000857458494375012
222.66,0.000864321841717424
222.67,0.000871232081949673
222.68,0.000878189163493444
222.69,0.000885193012880675
222.7,0.000892243537727553
222.71,0.000899340653053393
222.72,0.000906484249519543
222.73,0.000913674203158599
222.74,0.000920910375033775
222.75,0.000928192610898676
222.76,0.000935520724384592
222.77,0.000942894525181215
222.78,0.000950313812202939
222.79,0.000957778361174795
222.8,0.00096528793002671
222.81,0.000972842258504305
222.82,0.000980441067780111
222.83,0.000988084037832217
222.84,0.000995770858502131
222.85,0.00100350118941101
222.86,0.00101127466859355
222.87,0.00101909091286078
222.88,0.00102694951736835
222.89,0.00103485005021883
222.9,0.00104279204150139
222.91,0.00105077502646157
222.92,0.00105879850421041
222.93,0.00106686194927402
222.94,0.00107496481111275
222.95,0.00108310651363996
222.96,0.00109128644394873
222.97,0.00109950396329466
222.98,0.00110775841958293
222.99,0.00111604912489587
223,0.00112437536265125
223.01,0.00113273638707643
223.02,0.00114113142268265
223.03,0.00114955965819847
223.04,0.00115802025714917
223.05,0.00116651235153987
223.06,0.00117503504021959
223.07,0.00118358738947058
223.08,0.00119216843246872
223.09,0.00120077716892607
223.1,0.00120941256790036
223.11,0.00121807355860552
223.12,0.00122675903712703
223.13,0.00123546786385855
223.14,0.00124419886296957
223.15,0.00125295082187317
223.16,0.00126172249101352
223.17,0.00127051258342214
223.18,0.0012793197727816
223.19,0.00128814269437813
223.2,0.00129697994411343
223.21,0.00130583007797452
223.22,0.00131469161150365
223.23,0.00132356303097582
223.24,0.00133244277501203
223.25,0.00134132923290346
223.26,0.00135022075737412
223.27,0.00135911565867546
223.28,0.00136801220409503
223.29,0.00137690861746513
223.3,0.00138580317346886
223.31,0.00139469398742886
223.32,0.00140357916101026
223.33,0.00141245676214857
223.34,0.00142132481613339
223.35,0.001430181305317
223.36,0.00143902419379171
223.37,0.00144785153506504
223.38,0.0014566611215316
223.39,0.00146545079659328
223.4,0.00147421836466912
223.41,0.00148296159125049
223.42,0.00149167820295627
223.43,0.00150036588467715
223.44,0.00150902228161865
223.45,0.00151764500548497
223.46,0.00152623162645283
223.47,0.0015347796758794
223.48,0.00154328664634355
223.49,0.00155174999168676
223.5,0.00156016729427108
223.51,0.00156853595534194
223.52,0.00157685330905704
223.53,0.00158511670576741
223.54,0.00159332346469041
223.55,0.00160147087440854
223.56,0.00160955619336793
223.57,0.00161757700087885
223.58,0.00162553041375686
223.59,0.00163341369789526
223.6,0.00164122410928163
223.61,0.00164895889522779
223.62,0.00165661530781743
223.63,0.00166419059579108
223.64,0.0016716819906958
223.65,0.0016790867316583
223.66,0.00168640205980737
223.67,0.00169362522061173
223.68,0.00170075348390875
223.69,0.00170778410414182
223.7,0.00171471435530015
223.71,0.00172154152414102
223.72,0.00172826291222409
223.73,0.0017348759588392
223.74,0.00174137812001914
223.75,0.00174776674947895
223.76,0.00175403930618104
223.77,0.00176019328767639
223.78,0.00176622624448606
223.79,0.00177213602104358
223.8,0.00177792018839405
223.81,0.001783576503783
223.82,0.00178910279198657
223.83,0.00179449694940737
223.84,0.00179975698416916
223.85,0.00180488097851308
223.86,0.00180986706822422
223.87,0.00181471349900089
223.88,0.00181941861245467
223.89,0.00182398085115988
223.9,0.00182839877146362
223.91,0.00183267102675375
223.92,0.00183679638896725
223.93,0.00184077374836984
223.94,0.00184460211797386
223.95,0.00184828069813505
223.96,0.00185180880363381
223.97,0.00185518584400007
223.98,0.00185841140187206
223.99,0.00186148521071548
224,0.00186440715966291
224.01,0.00186717729820622
224.02,0.0018697958414946
224.03,0.0018722631748322
224.04,0.00187457985863501
224.05,0.00187674663328919
224.06,0.00187876430161577
224.07,0.00188063390505699
224.08,0.00188235674595795
224.09,0.00188393426680711
224.1,0.00188536810284823
224.11,0.00188666004900909
224.12,0.00188781184303367
224.13,0.00188882578651224
224.14,0.00188970423206298
224.15,0.00189044972808843
224.16,0.00189106502148958
224.17,0.00189155282186783
224.18,0.00189191616299626
224.19,0.00189215838349766
224.2,0.00189228292868566
224.21,0.00189229343472422
224.22,0.00189219366547012
224.23,0.00189198723491972
224.24,0.00189167844460371
224.25,0.00189127157133409
224.26,0.00189077106423405
224.27,0.00189018154404558
224.28,0.00188950749543049
224.29,0.00188875369250994
224.3,0.00188792516850213
224.31,0.00188702699756674
224.32,0.00188606435268969
224.33,0.0018850423682418
224.34,0.00188396647883555
224.35,0.00188284213945707
224.36,0.00188167489183144
224.37,0.00188047037232838
224.38,0.00187923428900373
224.39,0.00187797241122
224.4,0.00187669057766007
224.41,0.00187539466339107
224.42,0.00187409035452993
224.43,0.00187278366083463
224.44,0.0018714805051088
224.45,0.00187018682030022
224.46,0.00186890846128413
224.47,0.0018676512746832
224.48,0.00186642115267019
224.49,0.001865223915845
224.5,0.00186406534615854
224.51,0.00186295132228588
224.52,0.00186188749082781
224.53,0.00186087950055944
224.54,0.00185993293166427
224.55,0.00185905335680756
224.56,0.00185824628435759
224.57,0.00185751705765657
224.58,0.00185687097037093
224.59,0.00185631322143836
224.6,0.00185584899589569
224.61,0.00185548327470073
224.62,0.00185522096489735
224.63,0.00185506685851558
224.64,0.00185502571882731
224.65,0.00185510223968239
224.66,0.00185530085162859
224.67,0.00185562592856285
224.68,0.00185608171979512
224.69,0.00185667262074096
224.7,0.00185740261906839
224.71,0.00185827566975005
224.72,0.00185929562018275
224.73,0.00186046627667626
224.74,0.00186179140564573
224.75,0.00186327450634737
224.76,0.00186491903827658
224.77,0.00186672835457415
224.78,0.00186870595568704
224.79,0.0018708550073443
224.8,0.00187317863669642
224.81,0.00187567990753437
224.82,0.00187836178259688
224.83,0.00188122711361536
224.84,0.00188427872673587
224.85,0.00188751934588013
224.86,0.00189095161636597
224.87,0.00189457834697367
224.88,0.00189840213810574
224.89,0.00190242555226311
224.9,0.00190665113852759
224.91,0.00191108130530831
224.92,0.00191571855596201
224.93,0.00192056532443247
224.94,0.00192562400438761
224.95,0.00193089694704561
224.96,0.00193638651572553
224.97,0.00194209504299807
224.98,0.00194802486644404
224.99,0.00195417830768792
225,0.00196055767733193
225.01,0.00196716529047695
225.02,0.00197400350265814
225.03,0.00198107464408487
225.04,0.00198838107308025
225.05,0.00199592515807129
225.06,0.00200370926331805
225.07,0.00201173581211305
225.08,0.00202000724257751
225.09,0.00202852599795097
225.1,0.00203729455059943
225.11,0.00204631542545954
225.12,0.0020555911727632
225.13,0.00206512431127766
225.14,0.00207491745311235
225.15,0.00208497323404412
225.16,0.00209529432172462
225.17,0.00210588336132012
225.18,0.00211674309301949
225.19,0.00212787627273421
225.2,0.00213928569145747
225.21,0.00215097417725577
225.22,0.00216294459553687
225.23,0.00217519985064817
225.24,0.00218774287708445
225.25,0.00220057656083185
225.26,0.00221370391868815
225.27,0.00222712796422959
225.28,0.00224085172474974
225.29,0.00225487817392583
225.3,0.00226921040205196
225.31,0.00228385148132612
225.32,0.0022988044964906
225.33,0.00231407253912979
225.34,0.00232965871820152
225.35,0.00234556614805845
225.36,0.00236179794016193
225.37,0.00237835719328894
225.38,0.00239524702891553
225.39,0.00241247055618929
225.4,0.00243003084761423
225.41,0.00244793093340862
225.42,0.00246617388027385
225.43,0.00248476270928636
225.44,0.00250370041097948
225.45,0.00252298994343424
225.46,0.00254263423446678
225.47,0.00256263617158118
225.48,0.00258299862174284
225.49,0.00260372440982783
225.5,0.00262481629837223
225.51,0.00264627701074962
225.52,0.0026681092075805
225.53,0.00269031549774784
225.54,0.00271289843734372
225.55,0.00273586051683713
225.56,0.00275920416397522
225.57,0.00278293173657416
225.58,0.00280704552013858
225.59,0.00283154772580255
225.6,0.00285644056669378
225.61,0.00288172612082282
225.62,0.00290740639164224
225.63,0.00293348331562241
225.64,0.00295995880231024
225.65,0.0029868346657796
225.66,0.00301411262255868
225.67,0.00304179432688538
225.68,0.00306988133730404
225.69,0.00309837512800539
225.7,0.00312727710908605
225.71,0.00315658859642474
225.72,0.00318631087686899
225.73,0.00321644522313463
225.74,0.00324699271006188
225.75,0.0032779543881474
225.76,0.00330933125072264
225.77,0.00334112426960103
225.78,0.00337333428409043
225.79,0.00340596209403916
225.8,0.0034390084278991
225.81,0.00347247387373112
225.82,0.00350635904235221
225.83,0.0035406644439496
225.84,0.00357539051995193
225.85,0.00361053774788396
225.86,0.00364610643334957
225.87,0.00368209686106291
225.88,0.0037185092593181
225.89,0.00375534385818767
225.9,0.00379260080689027
225.91,0.00383028021300349
225.92,0.00386838213664023
225.93,0.0039069065837295
225.94,0.00394585354535492
225.95,0.00398522296244436
225.96,0.004025014661066
225.97,0.00406522849645965
225.98,0.00410586425408334
225.99,0.00414692172195791
226,0.00418840064481695
226.01,0.00423030071059269
226.02,0.00427262159784966
226.03,0.00431536298717169
226.04,0.00435852450650702
226.05,0.00440210577768682
226.06,0.0044461063036129
226.07,0.00449052563710717
226.08,0.00453536329104808
226.09,0.00458061874369166
226.1,0.00462629144487825
226.11,0.00467238081632188
226.12,0.00471888626402759
226.13,0.00476580729507702
226.14,0.00481314326906935
226.15,0.00486089358342602
226.16,0.0049090575884494
226.17,0.00495763455478843
226.18,0.00500662383773095
226.19,0.00505602473675934
226.2,0.00510583653598325
226.21,0.00515605850220245
226.22,0.00520668988388473
226.23,0.00525772991381606
226.24,0.00530917784080533
226.25,0.00536103287578497
226.26,0.00541329422245605
226.27,0.00546596107514331
226.28,0.0055190326039034
226.29,0.00557250798493741
226.3,0.00562638637927131
226.31,0.00568066692509158
226.32,0.00573534872984812
226.33,0.00579043091837893
226.34,0.00584591259052884
226.35,0.00590179284944782
226.36,0.00595807078453753
226.37,0.00601474546507157
226.38,0.00607181595568649
226.39,0.00612928130011069
226.4,0.0061871405424412
226.41,0.00624539271465618
226.42,0.00630403683823511
226.43,0.00636307190647514
226.44,0.00642249691682385
226.45,0.00648231085345233
226.46,0.00654251268728217
226.47,0.0066031013790912
226.48,0.00666407587691482
226.49,0.00672543511717886
226.5,0.00678717802485634
226.51,0.00684930351338773
226.52,0.00691181048442242
226.53,0.00697469782786502
226.54,0.0070379644218787
226.55,0.00710160912665726
226.56,0.00716563079328165
226.57,0.00723002826142256
226.58,0.00729480035661253
226.59,0.00735994589028461
226.6,0.00742546366097808
226.61,0.00749135245406419
226.62,0.00755761104098605
226.63,0.00762423817922969
226.64,0.00769123261229797
226.65,0.00775859306956644
226.66,0.00782631826603437
226.67,0.00789440689846119
226.68,0.00796285764968883
226.69,0.00803166918957905
226.7,0.00810084017111671
226.71,0.00817036923145276
226.72,0.00824025499107292
226.73,0.0083104960550627
226.74,0.00838109101173369
226.75,0.00845203843270742
226.76,0.00852333687466147
226.77,0.00859498487704567
226.78,0.00866698096065746
226.79,0.0087393236298591
226.8,0.00881201137124015
226.81,0.00888504264865503
226.82,0.00895841591388019
226.83,0.00903212959806688
226.84,0.00910618211366536
226.85,0.00918057185107893
226.86,0.00925529718115685
226.87,0.0093303564579825
226.88,0.009405748013948
226.89,0.00948147016127382
226.9,0.00955752120037251
226.91,0.00963389940074009
226.92,0.00971060301495489
226.93,0.00978763027480087
226.94,0.00986497939446656
226.95,0.00994264856801319
226.96,0.0100206359644492
226.97,0.0100989397337082
226.98,0.0101775580044385
226.99,0.0102564888626361
227,0.0103357303981295
227.01,0.0104152806685053
227.02,0.0104951377082463
227.03,0.0105752995284693
227.04,0.0106557641297609
227.05,0.0107365294745909
227.06,0.0108175935063059
227.07,0.0108989541452588
227.08,0.0109806092880802
227.09,0.0110625567967977
227.1,0.0111447945196536
227.11,0.0112273202780509
227.12,0.0113101318671035
227.13,0.0113932270564021
227.14,0.0114766036135779
227.15,0.0115602592606053
227.16,0.0116441916948311
227.17,0.0117283985927671
227.18,0.0118128776062293
227.19,0.0118976263527409
227.2,0.0119826424312018
227.21,0.0120679234167583
227.22,0.0121534668564278
227.23,0.012239270271138
227.24,0.0123253311523939
227.25,0.0124116469667388
227.26,0.0124982151552827
227.27,0.012585033131053
227.28,0.0126720982798135
227.29,0.0127594079697783
227.3,0.0128469595393356
227.31,0.0129347502925964
227.32,0.0130227775109953
227.33,0.0131110384489755
227.34,0.0131995303388379
227.35,0.0132882503860903
227.36,0.0133771957640001
227.37,0.0134663636218663
227.38,0.0135557510822269
227.39,0.0136453552361707
227.4,0.0137351731458101
227.41,0.0138252018531393
227.42,0.0139154383691528
227.43,0.0140058796771117
227.44,0.0140965227351574
227.45,0.0141873644755907
227.46,0.0142784017969825
227.47,0.0143696315728042
227.48,0.0144610506486568
227.49,0.0145526558421947
227.5,0.0146444439593666
227.51,0.0147364117687562
227.52,0.014828556004491
227.53,0.0149208733792445
227.54,0.0150133605786275
227.55,0.0151060142612027
227.56,0.0151988310631891
227.57,0.0152918075883201
227.58,0.0153849404151152
227.59,0.0154782260955786
227.6,0.0155716611549799
227.61,0.0156652420949521
227.62,0.0157589654051372
227.63,0.0158528275263843
227.64,0.015946824882809
227.65,0.0160409538728994
227.66,0.0161352108696168
227.67,0.0162295922062739
227.68,0.0163240941840941
227.69,0.0164187131035638
227.7,0.0165134452263322
227.71,0.0166082867872919
227.72,0.0167032339945547
227.73,0.0167982830679295
227.74,0.0168934301740502
227.75,0.0169886714435934
227.76,0.0170840029940343
227.77,0.0171794209187215
227.78,0.0172749212870483
227.79,0.0173705001482862
227.8,0.0174661535236032
227.81,0.0175618774124164
227.82,0.0176576677911285
227.83,0.0177535206132248
227.84,0.0178494318124766
227.85,0.0179453973107506
227.86,0.0180414129906012
227.87,0.0181374747201314
227.88,0.0182335783462198
227.89,0.0183297196947587
227.9,0.0184258945395215
227.91,0.0185220986267016
227.92,0.0186183277262151
227.93,0.0187145775618163
227.94,0.0188108438339927
227.95,0.0189071222199544
227.96,0.0190034084675633
227.97,0.0190996982273219
227.98,0.0191959871167751
227.99,0.0192922707583666
228,0.0193885447575694
228.01,0.0194848047030983
228.02,0.0195810461234215
228.03,0.0196772645878378
228.04,0.0197734556271879
228.05,0.0198696147555601
228.06,0.0199657374705795
228.07,0.0200618192474994
228.08,0.020157855529378
228.09,0.0202538417714291
228.1,0.0203497734005909
228.11,0.020445645827459
228.12,0.020541454446478
228.13,0.020637194660423
228.14,0.0207328618544327
228.15,0.0208284513705725
228.16,0.0209239585529928
228.17,0.0210193787326124
228.18,0.0211147072274395
228.19,0.0212099393489565
228.2,0.0213050704070268
228.21,0.0214000956779168
228.22,0.0214950104366762
228.23,0.0215898099479388
228.24,0.021684489466304
228.25,0.0217790442358999
228.26,0.0218734694816302
228.27,0.0219677604337789
228.28,0.0220619123080974
228.29,0.0221559203118033
228.3,0.022249779643936
228.31,0.0223434854957084
228.32,0.0224370330572184
228.33,0.0225304175042566
228.34,0.0226236340076153
228.35,0.0227166777325914
228.36,0.0228095438387116
228.37,0.0229022274801024
228.38,0.0229947238157577
228.39,0.0230870279939815
228.4,0.0231791351546362
228.41,0.0232710404379147
228.42,0.0233627389810883
228.43,0.0234542259189182
228.44,0.0235454963872411
228.45,0.0236365455215262
228.46,0.0237273684503051
228.47,0.0238179603043818
228.48,0.0239083162144271
228.49,0.023998431311411
228.5,0.0240883007262102
228.51,0.0241779195880615
228.52,0.0242672830325686
228.53,0.024356386195215
228.54,0.0244452242137887
228.55,0.0245337922288057
228.56,0.0246220853838932
228.57,0.0247100988215324
228.58,0.0247978276950832
228.59,0.0248852671594911
228.6,0.0249724123744447
228.61,0.0250592585047933
228.62,0.025145800720962
228.63,0.0252320341993717
228.64,0.0253179541305384
228.65,0.0254035557116717
228.66,0.025488834135855
228.67,0.0255737846105285
228.68,0.0256584023515941
228.69,0.0257426825838579
228.7,0.0258266205414666
228.71,0.0259102114683475
228.72,0.0259934506326904
228.73,0.0260763332940501
228.74,0.0261588547299256
228.75,0.0262410102302474
228.76,0.026322795097243
228.77,0.0264042046458938
228.78,0.0264852342043921
228.79,0.0265658791039512
228.8,0.0266461346857738
228.81,0.0267259963276582
228.82,0.0268054594105997
228.83,0.026884519330469
228.84,0.0269631714984338
228.85,0.0270414113413804
228.86,0.0271192343023354
228.87,0.0271966358274475
228.88,0.0272736113970004
228.89,0.0273501565040333
228.9,0.0274262666577733
228.91,0.0275019373853598
228.92,0.0275771642322483
228.93,0.0276519427626109
228.94,0.027726268569848
228.95,0.0278001372763388
228.96,0.0278735444954854
228.97,0.0279464858755441
228.98,0.0280189570862033
228.99,0.0280909538190244
229,0.0281624717878878
229.01,0.0282335067294336
229.02,0.0283040543840113
229.03,0.0283741105383131
229.04,0.0284436709995512
229.05,0.0285127315957917
229.06,0.0285812881795462
229.07,0.0286493366281885
229.08,0.0287168728443658
229.09,0.0287838927357781
229.1,0.0288503922020638
229.11,0.028916367251843
229.12,0.0289818138812117
229.13,0.029046728112071
229.14,0.0291111059924545
229.15,0.0291749435968564
229.16,0.0292382370265596
229.17,0.0293009824158639
229.18,0.0293631759280169
229.19,0.0294248137426173
229.2,0.0294858920736424
229.21,0.0295464071637904
229.22,0.0296063552848254
229.23,0.0296657327379209
229.24,0.0297245358540035
229.25,0.0297827610219707
229.26,0.0298404046480112
229.27,0.0298974631449448
229.28,0.0299539329741095
229.29,0.0300098106293358
229.3,0.0300650926373471
229.31,0.0301197755581578
229.32,0.0301738559854756
229.33,0.0302273304654359
229.34,0.0302801956535743
229.35,0.0303324482575039
229.36,0.0303840849912453
229.37,0.0304351026021706
229.38,0.0304854978712778
229.39,0.0305352676134628
229.4,0.0305844086777925
229.41,0.0306329178482573
229.42,0.030680792064848
229.43,0.0307280282792574
229.44,0.0307746234614557
229.45,0.0308205746146238
229.46,0.030865878775302
229.47,0.0309105330135372
229.48,0.0309545344330309
229.49,0.030997880322104
229.5,0.0310405677863852
229.51,0.0310825940493794
229.52,0.0311239563746049
229.53,0.0311646520629246
229.54,0.031204678452851
229.55,0.0312440329208525
229.56,0.0312827128868567
229.57,0.0313207158551718
229.58,0.0313580392935051
229.59,0.0313946807411849
229.6,0.0314306377780778
229.61,0.0314659080249532
229.62,0.0315004891438476
229.63,0.0315343788384301
229.64,0.0315675747725804
229.65,0.0316000744576823
229.66,0.0316318758720951
229.67,0.0316629768397551
229.68,0.031693375221806
229.69,0.0317230689166324
229.7,0.0317520558598904
229.71,0.0317803340245396
229.72,0.0318079014208752
229.73,0.0318347559439257
229.74,0.0318608957519015
229.75,0.0318863189498088
229.76,0.0319110236762207
229.77,0.0319350081046569
229.78,0.031958270443485
229.79,0.031980808935822
229.8,0.0320026218594352
229.81,0.0320237079273933
229.82,0.0320440654812442
229.83,0.032063692854559
229.84,0.032082588541329
229.85,0.0321007510792294
229.86,0.0321181790500158
229.87,0.0321348710799202
229.88,0.0321508258400472
229.89,0.0321660420574127
229.9,0.03218051850435
229.91,0.0321942539825033
229.92,0.0322072473497845
229.93,0.0322194975113726
229.94,0.0322310034201321
229.95,0.032241764077031
229.96,0.0322517785315585
229.97,0.0322610456491756
229.98,0.0322695635527863
229.99,0.0322773319777983
230,0.0322843500008149
230.01,0.0322906167275663
230.02,0.0322961312921805
230.03,0.0323008928564537
230.04,0.0323049006091215
230.05,0.0323081537651293
230.06,0.0323106522873393
230.07,0.0323123951355423
230.08,0.0323133816612164
230.09,0.0323136112829446
230.1,0.0323130834545485
230.11,0.0323117976650096
230.12,0.0323097534383921
230.13,0.0323069503337638
230.14,0.0323033887584561
230.15,0.0322990684162947
230.16,0.0322939888316848
230.17,0.0322881498728207
230.18,0.0322815514631564
230.19,0.0322741935824031
230.2,0.0322660762675255
230.21,0.0322571996137389
230.22,0.0322475633417774
230.23,0.0322371670281648
230.24,0.0322260111611155
230.25,0.0322140958325174
230.26,0.0322014211601858
230.27,0.0321879872864625
230.28,0.0321737943768144
230.29,0.0321588424107729
230.3,0.0321431316255209
230.31,0.0321266622250326
230.32,0.0321094343986397
230.33,0.0320914483438047
230.34,0.032072704264219
230.35,0.0320532029074516
230.36,0.0320329460284493
230.37,0.0320119332636836
230.38,0.0319901652231047
230.39,0.0319676425627142
230.4,0.0319443659845647
230.41,0.0319203363227013
230.42,0.0318955544413184
230.43,0.0318700211533625
230.44,0.0318437373756649
230.45,0.0318167040739717
230.46,0.0317889222629436
230.47,0.0317603921248375
230.48,0.0317311147482479
230.49,0.0317010913011589
230.5,0.0316703227869287
230.51,0.0316388102388672
230.52,0.0316065547189845
230.53,0.0315735570231828
230.54,0.0315398183892592
230.55,0.031505339923339
230.56,0.0314701227568703
230.57,0.0314341680466232
230.58,0.0313974771519598
230.59,0.0313600519644612
230.6,0.0313218934511885
230.61,0.0312830030173927
230.62,0.031243382107818
230.63,0.0312030322067007
230.64,0.0311619550630472
230.65,0.0311201524877724
230.66,0.0310776259871075
230.67,0.0310343772933231
230.68,0.0309904081866607
230.69,0.0309457204953311
230.7,0.030900315127608
230.71,0.0308541938529375
230.72,0.0308073587014719
230.73,0.0307598114464321
230.74,0.0307115538862795
230.75,0.0306625878447138
230.76,0.0306129149003703
230.77,0.0305625370141712
230.78,0.0305114560512226
230.79,0.0304596738874464
230.8,0.0304071924196376
230.81,0.0303540137076406
230.82,0.0303001407631276
230.83,0.0302455751244
230.84,0.0301903189693274
230.85,0.0301343745157321
230.86,0.0300777440213894
230.87,0.0300204298128036
230.88,0.0299624342927035
230.89,0.0299037598129717
230.9,0.0298444088076846
230.91,0.0297843837524344
230.92,0.0297236871643293
230.93,0.0296623210179937
230.94,0.0296002874406471
230.95,0.029537589263258
230.96,0.029474228964205
230.97,0.029410209044318
230.98,0.0293455320268777
230.99,0.029280200339237
231,0.0292142165343171
231.01,0.029147583209128
231.02,0.0290803029474612
231.03,0.0290123783528805
231.04,0.0289438120487224
231.05,0.0288746076139946
231.06,0.0288047674609183
231.07,0.0287342943708443
231.08,0.0286631912222941
231.09,0.0285914609293853
231.1,0.0285191064432154
231.11,0.0284461307631572
231.12,0.0283725369041285
231.13,0.028298327924886
231.14,0.0282235069199924
231.15,0.0281480770198149
231.16,0.0280720413905261
231.17,0.027995402117566
231.18,0.0279181628906616
231.19,0.0278403268343152
231.2,0.0277618970842541
231.21,0.0276828767971329
231.22,0.0276032691505342
231.23,0.0275230772098849
231.24,0.0274423042226341
231.25,0.0273609534225726
231.26,0.0272790280468116
231.27,0.0271965313512959
231.28,0.0271134666108046
231.29,0.0270298376395045
231.3,0.0269456477744101
231.31,0.0268609003148239
231.32,0.026775598723683
231.33,0.0266897464926322
231.34,0.0266033471420236
231.35,0.026516404483001
231.36,0.0264289221997194
231.37,0.0263409038423496
231.38,0.0262523531157616
231.39,0.0261632737596979
231.4,0.0260736695487734
231.41,0.0259835437955411
231.42,0.0258928998768252
231.43,0.0258017418916865
231.44,0.0257100735853957
231.45,0.0256178987229963
231.46,0.0255252210893038
231.47,0.0254320442567784
231.48,0.0253383716259079
231.49,0.0252442072305308
231.5,0.0251495548271455
231.51,0.0250544181823098
231.52,0.0249588010726408
231.53,0.024862707561519
231.54,0.0247661424357629
231.55,0.0246691090714342
231.56,0.0245716114810863
231.57,0.024473653705227
231.58,0.0243752398123206
231.59,0.0242763739514553
231.6,0.0241770607059301
231.61,0.0240773040322326
231.62,0.0239771081857816
231.63,0.0238764774568989
231.64,0.0237754161708118
231.65,0.0236739286828224
231.66,0.0235720178358822
231.67,0.0234696887127028
231.68,0.023366945559374
231.69,0.0232637926364228
231.7,0.0231602342188149
231.71,0.023056274595955
231.72,0.0229519179343264
231.73,0.0228471685848881
231.74,0.0227420308719494
231.75,0.0226365091182181
231.76,0.0225306076587275
231.77,0.0224243308408351
231.78,0.0223176837676334
231.79,0.0222106708186897
231.8,0.0221032963444739
231.81,0.0219955648990115
231.82,0.0218874810624035
231.83,0.021779049440829
231.84,0.0216702748441531
231.85,0.0215611619934286
231.86,0.0214517155389116
231.87,0.0213419402370294
231.88,0.021231840874343
231.89,0.0211214222675499
231.9,0.021010688928961
231.91,0.0208996453858287
231.92,0.0207882966250029
231.93,0.0206766474243048
231.94,0.0205647025751899
231.95,0.0204524667310828
231.96,0.0203399444504892
231.97,0.0202271406339121
231.98,0.0201140600353421
231.99,0.0200007074127855
232,0.0198870877745357
232.01,0.0197732065799092
232.02,0.0196590684037308
232.03,0.0195446782223195
232.04,0.0194300410373851
232.05,0.0193151620482377
232.06,0.0192000471606084
232.07,0.0190847012013904
232.08,0.0189691294875534
232.09,0.0188533373842848
232.1,0.0187373302255431
232.11,0.0186211126024013
232.12,0.0185046902880821
232.13,0.0183880686482027
232.14,0.0182712530758198
232.15,0.018154248977687
232.16,0.0180370600011352
232.17,0.0179196921766064
232.18,0.0178021506483134
232.19,0.0176844405487609
232.2,0.0175665669987488
232.21,0.0174485359141025
232.22,0.0173303522571542
232.23,0.0172120212350016
232.24,0.0170935481192837
232.25,0.0169749381895784
232.26,0.0168561990113655
232.27,0.0167373359411476
232.28,0.0166183544806524
232.29,0.016499260582442
232.3,0.0163800602713954
232.31,0.0162607590557648
232.32,0.0161413628283309
232.33,0.0160218777323194
232.34,0.0159023097916438
232.35,0.0157826641921382
232.36,0.0156629460776148
232.37,0.0155431615358685
232.38,0.0154233161608901
232.39,0.0153034157071975
232.4,0.0151834661306141
232.41,0.0150634729027075
232.42,0.0149434416770819
232.43,0.0148233785901573
232.44,0.0147032916665305
232.45,0.0145831862527532
232.46,0.0144630688164459
232.47,0.014342945904218
232.48,0.0142228238237814
232.49,0.0141027093888094
232.5,0.0139826093495052
232.51,0.0138625305398821
232.52,0.0137424775241285
232.53,0.0136224573344003
232.54,0.0135024764493676
232.55,0.0133825411850006
232.56,0.0132626579119425
232.57,0.0131428329403756
232.58,0.013023072555089
232.59,0.0129033830446548
232.6,0.0127837719915255
232.61,0.0126642468175051
232.62,0.0125448138995247
232.63,0.0124254802740345
232.64,0.0123062532282611
232.65,0.0121871403247271
232.66,0.0120681489089834
232.67,0.0119492865662665
232.68,0.0118305595128691
232.69,0.0117119755253982
232.7,0.0115935419367759
232.71,0.0114752655973776
232.72,0.0113571531721465
232.73,0.0112392118766577
232.74,0.0111214487503499
232.75,0.0110038725722455
232.76,0.010886490213788
232.77,0.0107693092703219
232.78,0.0106523385183528
232.79,0.0105355867297077
232.8,0.0104190621268159
232.81,0.0103027731848942
232.82,0.0101867267969516
232.83,0.0100709320399024
232.84,0.00995539732784625
232.85,0.0098401301310028
232.86,0.00972513840617733
232.87,0.00961043036117033
232.88,0.00949601432570382
232.89,0.00938189962398465
232.9,0.00926809427696008
232.91,0.00915460685486242
232.92,0.00904144772753571
232.93,0.00892862611485939
232.94,0.00881615145790399
232.95,0.00870403347801989
232.96,0.00859228190120379
232.97,0.00848090684821711
232.98,0.00836991758348992
232.99,0.0082593228684861
233,0.00814913251418716
233.01,0.0080393559401737
233.02,0.00793000251810824
233.03,0.00782108154621213
233.04,0.00771260436499918
233.05,0.00760458136697305
233.06,0.00749702299518555
233.07,0.00738994120242297
233.08,0.0072833473483162
233.09,0.00717725319078774
233.1,0.00707166876123624
233.11,0.00696660616570191
233.12,0.00686207664646033
233.13,0.00675809006251444
233.14,0.00665465773303243
233.15,0.00655179087437933
233.16,0.00644950146754302
233.17,0.00634780051732209
233.18,0.00624670066189687
233.19,0.00614621538081459
233.2,0.00604635714543485
233.21,0.00594713895541299
233.22,0.00584857415015939
233.23,0.00575067649859397
233.24,0.00565345740023927
233.25,0.00555692975133769
233.26,0.00546110655143641
233.27,0.00536600062953145
233.28,0.00527162467903882
233.29,0.00517799156088805
233.3,0.00508511580893122
233.31,0.0049930104896876
233.32,0.00490168937232127
233.33,0.00481116654643438
233.34,0.00472145611593066
233.35,0.00463257199460638
233.36,0.00454452757687246
233.37,0.00445733717371551
233.38,0.00437101437367858
233.39,0.00428557254222125
233.4,0.00420102548754356
233.41,0.00411738653435611
233.42,0.00403466897210859
233.43,0.00395288610615521
233.44,0.00387205114158937
233.45,0.00379217717229472
233.46,0.00371327720527636
233.47,0.00363536381694041
233.48,0.00355844977985189
233.49,0.00348254749921152
233.5,0.00340766779628079
233.51,0.00333382262322038
233.52,0.00326102305292054
233.53,0.00318927930124133
233.54,0.00311860183361113
233.55,0.00304900024885945
233.56,0.00298048331175755
233.57,0.00291305992761882
233.58,0.00284673782617238
233.59,0.00278152401890365
233.6,0.00271742546322863
233.61,0.00265444766994138
233.62,0.00259259566346424
233.63,0.00253187407544893
233.64,0.00247228588483756
233.65,0.00241383384905257
233.66,0.00235651994873432
233.67,0.00230034442028333
233.68,0.00224530746423404
233.69,0.00219140810913012
233.7,0.0021386439228032
233.71,0.00208701213352885
233.72,0.00203650877278816
233.73,0.00198712864648064
233.74,0.0019388659151007
233.75,0.00189171362554995
233.76,0.00184566379779397
233.77,0.00180070754810501
233.78,0.00175683510302041
233.79,0.00171403576189415
233.8,0.00167229775999874
233.81,0.00163160882565263
233.82,0.00159195567057097
233.83,0.00155332396428296
233.84,0.00151569937564803
233.85,0.0014790662251045
233.86,0.0014434080753085
233.87,0.00140870898823013
233.88,0.00137495122146327
233.89,0.00134211685101612
233.9,0.00131018852209025
233.91,0.00127914712818647
233.92,0.00124897375101332
233.93,0.00121965000978598
233.94,0.00119115598153367
233.95,0.00116347218474043
233.96,0.00113657954819384
233.97,0.00111045811452424
233.98,0.00108508870498579
233.99,0.00106045153566053
234,0.00103652724631343
234.01,0.00101329650827425
234.02,0.000990739986801803
234.03,0.000968838929780913
234.04,0.000947574292012667
234.05,0.000926927857390971
234.06,0.000906881261851517
234.07,0.000887416623618791
234.08,0.000868516490965144
234.09,0.000850163528343734
234.1,0.000832341037439314
234.11,0.000815032416006242
234.12,0.000798221605537893
234.13,0.000781892928609613
234.14,0.000766030997788614
234.15,0.000750621007597101
234.16,0.000735648394738332
234.17,0.00072109907713533
234.18,0.000706959393159737
234.19,0.000693216045548527
234.2,0.00067985615098918
234.21,0.000666867234342326
234.22,0.000654237192389404
234.23,0.000641954296448264
234.24,0.000630007246295063
234.25,0.000618385003501363
234.26,0.000607077020214784
234.27,0.000596073075221585
234.28,0.000585363159491427
234.29,0.00057493779227203
234.3,0.000564787743157375
234.31,0.000554903984675994
234.32,0.000545278003163875
234.33,0.000535901466974055
234.34,0.0005267662874262
234.35,0.000517864824837891
234.36,0.000509189567822265
234.37,0.000500733303944405
234.38,0.000492489190063611
234.39,0.000484450444096505
234.4,0.000476610656216463
234.41,0.000468963697844123
234.42,0.000461503447031258
234.43,0.00045422417897878
234.44,0.00044712031863625
234.45,0.000440186501283342
234.46,0.000433417588363615
234.47,0.00042680857673718
234.48,0.000420354657834731
234.49,0.000414051227974875
234.5,0.000407893844486842
234.51,0.000401878205975168
234.52,0.000396000175880851
234.53,0.000390255791677474
234.54,0.000384641208740342
234.55,0.000379152728247071
234.56,0.000373786794700659
234.57,0.000368540007956933
234.58,0.000363409054643291
234.59,0.000358390753700532
234.6,0.000353482060855847
234.61,0.00034868003905256
234.62,0.000343981845745156
234.63,0.000339384747637275
234.64,0.000334886155463182
234.65,0.000330483532185527
234.66,0.000326174449521612
234.67,0.000321956575120867
234.68,0.000317827674701332
234.69,0.000313785578671682
234.7,0.000309828204087372
234.71,0.0003059535452627
234.72,0.000302159734714645
234.73,0.000298444902625124
234.74,0.000294807274847667
234.75,0.000291245143825979
234.76,0.000287756893699582
234.77,0.000284340955752441
234.78,0.000280995813591376
234.79,0.000277720014746191
234.8,0.00027451217432039
234.81,0.000271370972945853
234.82,0.000268295117431092
234.83,0.000265283374500006
234.84,0.000262334561571936
234.85,0.000259447576947573
234.86,0.000256621320516041
234.87,0.000253854750648526
234.88,0.000251146866751951
234.89,0.000248496731948497
234.9,0.000245903428956613
234.91,0.000243366077591085
234.92,0.000240883836561439
234.93,0.000238455907614481
234.94,0.000236081528400613
234.95,0.000233759956583223
234.96,0.000231490485330314
234.97,0.00022927244069385
234.98,0.000227105195177491
234.99,0.000224988123380739
235,0.000222920635217818
235.01,0.000220902165311453
235.02,0.000218932199032637
235.03,0.000217010222107826
235.04,0.000215135745929444
235.05,0.000213308306977948
235.06,0.000211527474090827
235.07,0.000209792842025793
235.08,0.00020810401109093
235.09,0.000206460608790005
235.1,0.000204862284242878
235.11,0.000203308722261332
235.12,0.00020179960625471
235.13,0.000200334645782529
235.14,0.000198913568518881
235.15,0.000197536136488088
235.16,0.000196202118117201
235.17,0.000194911297996343
235.18,0.000193663481206718
235.19,0.000192458498610042
235.2,0.000191296206836867
235.21,0.000190176463573575
235.22,0.000189099151606213
235.23,0.000188064172560366
235.24,0.000187071464339528
235.25,0.000186120962048962
235.26,0.000185212627244865
235.27,0.000184346440355705
235.28,0.000183522408203292
235.29,0.000182740553293272
235.3,0.000182000915203009
235.31,0.00018130355517459
235.32,0.000180648552861287
235.33,0.000180036004623696
235.34,0.000179466029952337
235.35,0.0001789387661143
235.36,0.000178454389432451
235.37,0.000178013091097825
235.38,0.000177615078893222
235.39,0.000177260587603637
235.4,0.000176949863357812
235.41,0.000176683188447325
235.42,0.00017646086403711
235.43,0.000176283213787687
235.44,0.000176150584087826
235.45,0.000176063346389397
235.46,0.000176021895367809
235.47,0.000176026638006027
235.48,0.000176078012000395
235.49,0.000176176477277751
235.5,0.000176322518344196
235.51,0.000176516658444667
235.52,0.000176759427743745
235.53,0.000177051387892067
235.54,0.000177393137935239
235.55,0.000177785306197256
235.56,0.000178228540748589
235.57,0.000178723524194409
235.58,0.000179270883517793
235.59,0.000179871350148333
235.6,0.000180525651482402
235.61,0.000181234534074924
235.62,0.000181998764804356
235.63,0.000182819127810237
235.64,0.000183696425712831
235.65,0.00018463151935878
235.66,0.000185625301047228
235.67,0.000186678651445608
235.68,0.000187792495716398
235.69,0.00018896766392972
235.7,0.000190205094790703
235.71,0.000191505727408881
235.72,0.000192870501807036
235.73,0.000194300377651138
235.74,0.000195796308175875
235.75,0.000197359257115826
235.76,0.000198990193368869
235.77,0.00020069008956996
235.78,0.000202459919237038
235.79,0.000204300656856495
235.8,0.00020621323057092
235.81,0.000208198584550805
235.82,0.00021025765881338
235.83,0.000212391369294393
235.84,0.00021460057276438
235.85,0.000216886145128773
235.86,0.000219248920219921
235.87,0.000221689693327011
235.88,0.000224209211625341
235.89,0.000226808200490498
235.9,0.000229487334432268
235.91,0.000232247215762191
235.92,0.000235088397810549
235.93,0.000238011385884684
235.94,0.000241016614517981
235.95,0.000244104413429645
235.96,0.000247275070613555
235.97,0.000250528781408007
235.98,0.000253865651353252
235.99,0.00025728568504582
236,0.000260788800170044
236.01,0.000264374807449438
236.02,0.000268043408903024
236.03,0.000271794193216926
236.04,0.000275626631294781
236.05,0.000279540070416077
236.06,0.000283533741530936
236.07,0.000287606734110099
236.08,0.000291758002137009
236.09,0.000295986364895023
236.1,0.0003002905325945
236.11,0.000304669029311205
236.12,0.000309120243271669
236.13,0.000313642439549773
236.14,0.000318233752992269
236.15,0.000322892121233107
236.16,0.000327615345227059
236.17,0.000332401141083616
236.18,0.000337247034258545
236.19,0.000342150389454265
236.2,0.000347108438344693
236.21,0.000352118367473433
236.22,0.000357177113306817
236.23,0.00036228150995299
236.24,0.000367428282038755
236.25,0.000372614083963524
236.26,0.000377835391455423
236.27,0.00038308860188127
236.28,0.00038837002966735
236.29,0.000393675872884602
236.3,0.000399002254656499
236.31,0.000404345227820532
236.32,0.000409700759316972
236.33,0.000415064768158129
236.34,0.000420433141862542
236.35,0.000425801694520343
236.36,0.00043116622900157
236.37,0.000436522548139014
236.38,0.000441866415774863
236.39,0.000447193607608058
236.4,0.000452499913197143
236.41,0.00045778113654855
236.42,0.000463033109147723
236.43,0.00046825169521491
236.44,0.000473432812251996
236.45,0.000478572431145663
236.46,0.00048366658775892
236.47,0.000488711392650302
236.48,0.000493703031306432
236.49,0.000498637769572244
236.5,0.000503511983614021
236.51,0.000508322138798455
236.52,0.000513064798549575
236.53,0.000517736658788898
236.54,0.000522334521279876
236.55,0.000526855303870831
236.56,0.000531296071198755
236.57,0.000535654009411534
236.58,0.000539926435922064
236.59,0.000544110826848163
236.6,0.000548204766078231
236.61,0.000552205951412504
236.62,0.000556112267237067
236.63,0.000559921719960982
236.64,0.00056363245678517
236.65,0.000567242775633982
236.66,0.00057075110848425
236.67,0.000574156025622676
236.68,0.00057745625555479
236.69,0.000580650643819168
236.7,0.000583738161222487
236.71,0.000586717940870958
236.72,0.000589589226187362
236.73,0.000592351382344086
236.74,0.000595003915927401
236.75,0.000597546445344834
236.76,0.000599978706106576
236.77,0.00060230055698414
236.78,0.000604511961311151
236.79,0.000606612989112988
236.8,0.00060860382323997
236.81,0.000610484738314985
236.82,0.000612256103387335
236.83,0.000613918387806181
236.84,0.000615472143621643
236.85,0.000616918006363806
236.86,0.000618256695153835
236.87,0.000619489003909438
236.88,0.000620615798947132
236.89,0.000621638015589802
236.9,0.00062255665358575
236.91,0.000623372773396961
236.92,0.00062408749234201
236.93,0.000624701981312309
236.94,0.000625217460496243
236.95,0.000625635194933314
236.96,0.00062595649868069
236.97,0.000626182726553532
236.98,0.000626315265335522
236.99,0.000626355537265965
237,0.000626304994569495
237.01,0.000626165115987778
237.02,0.000625937406052181
237.03,0.00062562338970313
237.04,0.000625224607620812
237.05,0.000624742624310776
237.06,0.000624179024961431
237.07,0.000623535394506926
237.08,0.000622813334302811
237.09,0.000622014459442289
237.1,0.000621140383812644
237.11,0.000620192727038645
237.12,0.000619173107647789
237.13,0.000618083144943074
237.14,0.000616924454181996
237.15,0.000615698664573162
237.16,0.000614407382662496
237.17,0.000613052213557609
237.18,0.000611634766249123
237.19,0.000610156633505186
237.2,0.000608619399418113
237.21,0.00060702463786683
237.22,0.000605373910565895
237.23,0.000603668765660537
237.24,0.000601910741513455
237.25,0.000600101363415567
237.26,0.000598242135857157
237.27,0.000596334551616636
237.28,0.000594380091885713
237.29,0.000592380213941443
237.3,0.000590336360007121
237.31,0.000588249956307795
237.32,0.000586122407568707
237.33,0.000583955099834157
237.34,0.000581749403795341
237.35,0.000579506665531179
237.36,0.000577228211693432
237.37,0.000574915355754077
237.38,0.000572569385847026
237.39,0.000570191569603609
237.4,0.000567783155084618
237.41,0.000565345369256464
237.42,0.000562879417484806
237.43,0.000560386484119594
237.44,0.000557867732084756
237.45,0.000555324301852236
237.46,0.000552757313990209
237.47,0.000550167872242372
237.48,0.000547557052684853
237.49,0.000544925912129392
237.5,0.000542275491511661
237.51,0.000539606806764168
237.52,0.000536920853858183
237.53,0.000534218607634063
237.54,0.00053150102142267
237.55,0.000528769029177116
237.56,0.000526023543645591
237.57,0.000523265459926841
237.58,0.000520495649889845
237.59,0.000517714966136294
237.6,0.000514924244240365
237.61,0.0005121243006509
237.62,0.000509315930468831
237.63,0.00050649991094097
237.64,0.000503677000268112
237.65,0.000500847938617575
237.66,0.000498013447727098
237.67,0.000495174230767447
237.68,0.000492330973130723
237.69,0.000489484342516094
237.7,0.000486634989942212
237.71,0.000483783551243654
237.72,0.000480930642193571
237.73,0.000478076863106462
237.74,0.000475222798422715
237.75,0.000472369018441574
237.76,0.000469516075174133
237.77,0.000466664506146744
237.78,0.000463814833587502
237.79,0.000460967563877938
237.8,0.000458123189770733
237.81,0.000455282189126723
237.82,0.00045244502558676
237.83,0.000449612149327594
237.84,0.000446783996213905
237.85,0.000443960988867203
237.86,0.000441143536717999
237.87,0.000438332037921804
237.88,0.000435526876310433
237.89,0.000432728424050103
237.9,0.000429937041319061
237.91,0.000427153074786266
237.92,0.000424376861181403
237.93,0.000421608725503798
237.94,0.000418848981532623
237.95,0.000416097930739915
237.96,0.000413355864917439
237.97,0.000410623065296374
237.98,0.000407899802606745
237.99,0.000405186338923295
238,0.000402482925582033
238.01,0.000399789804137098
238.02,0.000397107207200519
238.03,0.000394435358358181
238.04,0.00039177447206888
238.05,0.000389124754698963
238.06,0.000386486404154145
238.07,0.000383859610280226
238.08,0.000381244552740476
238.09,0.000378641400790755
238.1,0.000376050321346828
238.11,0.0003734714714179
238.12,0.000370905000550062
238.13,0.000368351053280149
238.14,0.000365809765895274
238.15,0.000363281267345115
238.16,0.000360765680703534
238.17,0.00035826312268886
238.18,0.000355773700066066
238.19,0.000353297518281122
238.2,0.00035083467522863
238.21,0.000348385263103461
238.22,0.000345949367854419
238.23,0.000343527068994497
238.24,0.000341118442692543
238.25,0.000338723559176301
238.26,0.000336342483690812
238.27,0.000333975275639514
238.28,0.00033162199020892
238.29,0.000329282678413429
238.3,0.000326957386530728
238.31,0.000324646156525363
238.32,0.000322349023829568
238.33,0.000320066022826955
238.34,0.00031779718285746
238.35,0.000315542529458253
238.36,0.000313302084508207
238.37,0.000311075863985659
238.38,0.000308863882250967
238.39,0.000306666150627033
238.4,0.000304482676647499
238.41,0.000302313464704817
238.42,0.000300158515629968
238.43,0.000298017827225123
238.44,0.000295891395249428
238.45,0.000293779212396514
238.46,0.000291681268786711
238.47,0.000289597551157677
238.48,0.000287528040780337
238.49,0.00028547272143102
238.5,0.000283431572602111
238.51,0.000281404571535868
238.52,0.000279391693324591
238.53,0.000277392907292598
238.54,0.000275408185216417
238.55,0.000273437495263935
238.56,0.000271480803599472
238.57,0.000269538074507213
238.58,0.000267609271322287
238.59,0.000265694355114895
238.6,0.000263793285170697
238.61,0.000261906019515457
238.62,0.000260032514786967
238.63,0.000258172724493948
238.64,0.00025632660009131
238.65,0.000254494094716516
238.66,0.00025267515882676
238.67,0.000250869741658638
238.68,0.000249077791290885
238.69,0.00024729925469611
238.7,0.00024553407785856
238.71,0.000243782205798455
238.72,0.000242043582651349
238.73,0.000240318151735516
238.74,0.000238605850424705
238.75,0.000236906621301158
238.76,0.000235220404192497
238.77,0.000233547137891537
238.78,0.000231886760374501
238.79,0.000230239210538209
238.8,0.000228604425601732
238.81,0.000226982341598506
238.82,0.000225372894569115
238.83,0.000223776020111531
238.84,0.000222191652509977
238.85,0.000220619725081596
238.86,0.000219060172534733
238.87,0.000217512928415894
238.88,0.000215977925950785
238.89,0.000214455097588392
238.9,0.000212944372816559
238.91,0.000211445684716001
238.92,0.000209958964513983
238.93,0.000208484143116782
238.94,0.000207021151135664
238.95,0.000205569920498221
238.96,0.00020413038106236
238.97,0.0002027024630474
238.98,0.000201286096654102
238.99,0.000199881212001181
239,0.000198487739082048
239.01,0.000197105607465589
239.02,0.000195734747335952
239.03,0.00019437508865605
239.04,0.000193026561440323
239.05,0.000191689095784658
239.06,0.000190362620476594
239.07,0.000189047063547077
239.08,0.000187742355930741
239.09,0.000186448427276581
239.1,0.00018516520728254
239.11,0.000183892625712342
239.12,0.000182630612481337
239.13,0.000181379097562804
239.14,0.00018013801102265
239.15,0.000178907283087456
239.16,0.000177686844138996
239.17,0.000176476624731439
239.18,0.00017527655617009
239.19,0.00017408656930892
239.2,0.000172906595445073
239.21,0.000171736566172098
239.22,0.000170576413370835
239.23,0.000169426068768516
239.24,0.000168285462161864
239.25,0.00016715452708674
239.26,0.000166033195932351
239.27,0.000164921401326514
239.28,0.000163819076144284
239.29,0.000162726153316659
239.3,0.000161642565930482
239.31,0.000160568247707766
239.32,0.000159503132452226
239.33,0.000158447154233091
239.34,0.000157400247391939
239.35,0.000156362347914315
239.36,0.000155333391136239
239.37,0.000154313312287947
239.38,0.00015330204741272
239.39,0.000152299532946778
239.4,0.000151305705731964
239.41,0.000150320501308893
239.42,0.000149343856539503
239.43,0.000148375709612142
239.44,0.000147415998369304
239.45,0.000146464661003081
239.46,0.000145521636059738
239.47,0.000144586861888427
239.48,0.000143660277379541
239.49,0.00014274182222163
239.5,0.000141831436157227
239.51,0.00014092905926328
239.52,0.000140034631952827
239.53,0.000139148095638523
239.54,0.000138269392017283
239.55,0.000137398462408573
239.56,0.00013653524893818
239.57,0.000135679694132959
239.58,0.000134831740926397
239.59,0.000133991332378642
239.6,0.000133158411908986
239.61,0.000132332923778361
239.62,0.000131514812432279
239.63,0.000130704022723096
239.64,0.000129900499913693
239.65,0.000129104188715055
239.66,0.000128315033710391
239.67,0.000127532981776996
239.68,0.000126757979204239
239.69,0.000125989972604307
239.7,0.00012522890890859
239.71,0.000124474736587747
239.72,0.000123727405632048
239.73,0.00012298686316529
239.74,0.000122253058159448
239.75,0.000121525939987807
239.76,0.000120805458424973
239.77,0.000120091561635523
239.78,0.000119384200724536
239.79,0.00011868332638227
239.8,0.000117988889570175
239.81,0.000117300841611522
239.82,0.000116619134865394
239.83,0.000115943722047867
239.84,0.000115274555359861
239.85,0.000114611587856153
239.86,0.000113954772981307
239.87,0.000113304064440773
239.88,0.00011265941435247
239.89,0.000112020778063329
239.9,0.000111388110176707
239.91,0.00011076136564459
239.92,0.000110140499767582
239.93,0.000109525469330812
239.94,0.000108916230813666
239.95,0.000108312740443061
239.96,0.000107714955282209
239.97,0.000107122832778715
239.98,0.000106536330663021
239.99,0.000105955406500068
240,0.000105380018809773
240.01,0.000104810126239184
